[{"stream_name":"stderr","time":6.561065953,"data":"0.00s - Debugger warning: It seems that frozen modules are being used, which may\n"}
,{"stream_name":"stderr","time":6.561777523,"data":"0.00s - make the debugger miss breakpoints. Please pass -Xfrozen_modules=off\n"}
,{"stream_name":"stderr","time":6.561782132,"data":"0.00s - to python to disable frozen modules.\n"}
,{"stream_name":"stderr","time":6.56178498,"data":"0.00s - Note: Debugging will proceed. Set PYDEVD_DISABLE_FILE_VALIDATION=1 to disable this validation.\n"}
,{"stream_name":"stderr","time":7.138402577,"data":"0.00s - Debugger warning: It seems that frozen modules are being used, which may\n"}
,{"stream_name":"stderr","time":7.138429826,"data":"0.00s - make the debugger miss breakpoints. Please pass -Xfrozen_modules=off\n"}
,{"stream_name":"stderr","time":7.138434825,"data":"0.00s - to python to disable frozen modules.\n"}
,{"stream_name":"stderr","time":7.138438324,"data":"0.00s - Note: Debugging will proceed. Set PYDEVD_DISABLE_FILE_VALIDATION=1 to disable this validation.\n"}
,{"stream_name":"stdout","time":8.868818831,"data":"BIOHUB_PRESET: harmonic_v3_division_wide\n"}
,{"stream_name":"stdout","time":8.868852071,"data":"BIOHUB_SCORE_AXIS: 0.933 baseline -\u003e 0.934 harmonic fusion -\u003e 0.939 wider divisions/calmer fusion -\u003e 0.941 repair adaptation -\u003e 0.946 primary edge-feature TTA -\u003e 0.947 secondary feature TTA + DeepCenter TTA\n"}
,{"stream_name":"stdout","time":8.868857248,"data":"Configuration guard: PASS\n"}
,{"stream_name":"stdout","time":8.868859804,"data":"Verified score progression: 0.933 -\u003e 0.934 -\u003e 0.939 -\u003e 0.941 -\u003e 0.946 -\u003e 0.947\n"}
,{"stream_name":"stdout","time":8.868862431,"data":"Previous verified configuration: public LB 0.946\n"}
,{"stream_name":"stdout","time":8.86886472,"data":"Current verified configuration: public LB 0.947\n"}
,{"stream_name":"stdout","time":8.868867018,"data":"0.946 primary edge-feature TTA retained with eight aligned D4 views\n"}
,{"stream_name":"stdout","time":8.868869603,"data":"0.947 change: secondary feature TTA blend 0.75 + DeepCenter TTA + safe-div threshold 0.20\n"}
,{"stream_name":"stdout","time":8.86887199,"data":"Reverse-time association weight retained at 0.150\n"}
,{"stream_name":"stdout","time":9.667144702,"data":"Biohub learned UNet + node-transformer + ILP submission\n"}
,{"stream_name":"stdout","time":9.667180596,"data":"COMP_DIR: /kaggle/input/competitions/biohub-cell-tracking-during-development exists: True\n"}
,{"stream_name":"stdout","time":9.66718616,"data":"TEST_DIR: /kaggle/input/competitions/biohub-cell-tracking-during-development/test exists: True\n"}
,{"stream_name":"stdout","time":9.667191142,"data":"{\n"}
,{"stream_name":"stdout","time":9.667195336,"data":"  \"adaptive_short_track_rescue\": true,\n"}
,{"stream_name":"stdout","time":9.667199734,"data":"  \"allow_artifact_fallback\": true,\n"}
,{"stream_name":"stdout","time":9.667203982,"data":"  \"allow_pip_install\": false,\n"}
,{"stream_name":"stdout","time":9.667207977,"data":"  \"deepcenter_checkpoint_default\": \"/kaggle/input/biohub-deepcenter-unet3d-center-prior-v1/weights/full_frame_center/best.pt\",\n"}
,{"stream_name":"stdout","time":9.667212587,"data":"  \"deepcenter_expected_epoch\": 2,\n"}
,{"stream_name":"stdout","time":9.667217023,"data":"  \"deepcenter_gap_add_gate\": true,\n"}
,{"stream_name":"stdout","time":9.667221277,"data":"  \"deepcenter_gap_confirm_min_span_um\": 8.5,\n"}
,{"stream_name":"stdout","time":9.66722556,"data":"  \"deepcenter_gap_threshold\": 0.25,\n"}
,{"stream_name":"stdout","time":9.667229933,"data":"  \"deepcenter_safe_div_add_gate\": true,\n"}
,{"stream_name":"stdout","time":9.667246824,"data":"  \"deepcenter_safe_div_threshold\": 0.2,\n"}
,{"stream_name":"stdout","time":9.667251465,"data":"  \"deepcenter_tta\": true,\n"}
,{"stream_name":"stdout","time":9.667255674,"data":"  \"det_threshold\": 0.965,\n"}
,{"stream_name":"stdout","time":9.667259828,"data":"  \"div_drop_to_single_if_bad\": true,\n"}
,{"stream_name":"stdout","time":9.667264128,"data":"  \"div_parent_max_um\": 10.5,\n"}
,{"stream_name":"stdout","time":9.667268463,"data":"  \"div_sister_max_um\": 8.0,\n"}
,{"stream_name":"stdout","time":9.667272632,"data":"  \"experiment_tag\": \"secondary_deepcenter_tta_0947\",\n"}
,{"stream_name":"stdout","time":9.667277209,"data":"  \"gap2_frame_frac_cap\": 0.006,\n"}
,{"stream_name":"stdout","time":9.66728156,"data":"  \"gap2_max_links_abs\": 180,\n"}
,{"stream_name":"stdout","time":9.667285817,"data":"  \"gap2_max_links_frac\": 0.0045,\n"}
,{"stream_name":"stdout","time":9.667290083,"data":"  \"gap2_max_step_um\": 4.4,\n"}
,{"stream_name":"stdout","time":9.667301527,"data":"  \"gap2_max_total_um\": 10.2,\n"}
,{"stream_name":"stdout","time":9.667305754000001,"data":"  \"gap2_require_context\": true,\n"}
,{"stream_name":"stdout","time":9.667310066,"data":"  \"gap_close_effective_max_gap\": 1,\n"}
,{"stream_name":"stdout","time":9.66733593,"data":"  \"gap_close_max_added_abs\": 2000,\n"}
,{"stream_name":"stdout","time":9.667344578,"data":"  \"gap_close_max_added_frac\": 0.05,\n"}
,{"stream_name":"stdout","time":9.667349375,"data":"  \"gap_close_max_gap\": 2,\n"}
,{"stream_name":"stdout","time":9.667353766,"data":"  \"gap_close_reuse_existing\": true,\n"}
,{"stream_name":"stdout","time":9.667357884,"data":"  \"gap_close_reuse_um\": 3.2,\n"}
,{"stream_name":"stdout","time":9.667362155,"data":"  \"gap_close_um\": 5.0,\n"}
,{"stream_name":"stdout","time":9.667366308,"data":"  \"gap_density_adaptive\": true,\n"}
,{"stream_name":"stdout","time":9.667370479,"data":"  \"gap_density_gain\": 0.04,\n"}
,{"stream_name":"stdout","time":9.667374623,"data":"  \"gap_density_max_step_delta_um\": 0.125,\n"}
,{"stream_name":"stdout","time":9.667378754,"data":"  \"gap_density_neighbors\": 3,\n"}
,{"stream_name":"stdout","time":9.667383086,"data":"  \"gap_density_reference_um\": 6.5,\n"}
,{"stream_name":"stdout","time":9.667387286,"data":"  \"gap_refine_max_shift_um\": 3.2,\n"}
,{"stream_name":"stdout","time":9.667391617,"data":"  \"gap_refine_synthetic\": true,\n"}
,{"stream_name":"stdout","time":9.667395864,"data":"  \"gap_refine_win_yx\": 3,\n"}
,{"stream_name":"stdout","time":9.667400112,"data":"  \"gap_refine_win_z\": 1,\n"}
,{"stream_name":"stdout","time":9.667404324,"data":"  \"ilp_appearance_weight\": 0.0,\n"}
,{"stream_name":"stdout","time":9.667408485,"data":"  \"ilp_disappearance_weight\": 2.0,\n"}
,{"stream_name":"stdout","time":9.667412726,"data":"  \"ilp_division_weight\": 1.2,\n"}
,{"stream_name":"stdout","time":9.667416954,"data":"  \"ilp_edge_weight\": -1.0,\n"}
,{"stream_name":"stdout","time":9.667421129,"data":"  \"method\": \"unet_transformer\",\n"}
,{"stream_name":"stdout","time":9.667425557,"data":"  \"motion_relink_learned_bonus\": 1.0,\n"}
,{"stream_name":"stdout","time":9.667429972,"data":"  \"motion_relink_max_frame_nodes\": 2600,\n"}
,{"stream_name":"stdout","time":9.667434289,"data":"  \"motion_relink_relaxed_um\": 10.0,\n"}
,{"stream_name":"stdout","time":9.667441915,"data":"  \"motion_relink_tight_um\": 6.0,\n"}
,{"stream_name":"stdout","time":9.667446172,"data":"  \"motion_relink_velocity_weight\": 0.5,\n"}
,{"stream_name":"stdout","time":9.667450429,"data":"  \"output_division_geometry_filter\": false,\n"}
,{"stream_name":"stdout","time":9.66746005,"data":"  \"output_edge_max_um\": 14.0,\n"}
,{"stream_name":"stdout","time":9.667464469,"data":"  \"output_enforce_next_frame\": true,\n"}
,{"stream_name":"stdout","time":9.667470328,"data":"  \"output_filter_short_tracks\": true,\n"}
,{"stream_name":"stdout","time":9.667474609,"data":"  \"output_gap2_recovery\": true,\n"}
,{"stream_name":"stdout","time":9.667478776,"data":"  \"output_gap_close\": true,\n"}
,{"stream_name":"stdout","time":9.667482982,"data":"  \"output_keep_division_components\": true,\n"}
,{"stream_name":"stdout","time":9.667487236,"data":"  \"output_linefit_smooth\": true,\n"}
,{"stream_name":"stdout","time":9.667491573,"data":"  \"output_linefit_weight\": 0.6,\n"}
,{"stream_name":"stdout","time":9.667495866,"data":"  \"output_linefit_window\": 2,\n"}
,{"stream_name":"stdout","time":9.667500046,"data":"  \"output_min_track_len\": 6,\n"}
,{"stream_name":"stdout","time":9.667504116,"data":"  \"output_motion_relink\": false,\n"}
,{"stream_name":"stdout","time":9.667508401,"data":"  \"output_prune_isolated\": true,\n"}
,{"stream_name":"stdout","time":9.667512658,"data":"  \"output_safe_divisions\": true,\n"}
,{"stream_name":"stdout","time":9.667516844,"data":"  \"output_single_child_repair\": false,\n"}
,{"stream_name":"stdout","time":9.66752108,"data":"  \"output_single_parent_repair\": true,\n"}
,{"stream_name":"stdout","time":9.667525549,"data":"  \"primary_artifact_manifest\": \"/kaggle/input/datasets/pilkwang/biohub-tracking-support-pack-50ep-v1/ARTIFACT_MANIFEST.json\",\n"}
,{"stream_name":"stdout","time":9.667530437,"data":"  \"safe_div_existing_child_max_um\": 10.0,\n"}
,{"stream_name":"stdout","time":9.667534898,"data":"  \"safe_div_frame_frac_cap\": 0.0076,\n"}
,{"stream_name":"stdout","time":9.667539266,"data":"  \"safe_div_global_frac_cap\": 0.00375,\n"}
,{"stream_name":"stdout","time":9.667543568,"data":"  \"safe_div_max_um\": 9.0,\n"}
,{"stream_name":"stdout","time":9.667547515999999,"data":"  \"safe_div_sister_max_um\": 14.0,\n"}
,{"stream_name":"stdout","time":9.667551742,"data":"  \"secondary_edge_feature_tta\": true,\n"}
,{"stream_name":"stdout","time":9.667556011,"data":"  \"secondary_edge_feature_tta_weight\": 0.75,\n"}
,{"stream_name":"stdout","time":9.667560247,"data":"  \"short_track_rescue_max_mean_edge_dist_um\": 3.0,\n"}
,{"stream_name":"stdout","time":9.667564629,"data":"  \"short_track_rescue_max_nodes_abs\": 120,\n"}
,{"stream_name":"stdout","time":9.66756894,"data":"  \"short_track_rescue_max_nodes_frac\": 0.012,\n"}
,{"stream_name":"stdout","time":9.667573309,"data":"  \"short_track_rescue_min_len\": 4,\n"}
,{"stream_name":"stdout","time":9.667577547,"data":"  \"short_track_rescue_min_mean_edge_prob\": 0.88,\n"}
,{"stream_name":"stdout","time":9.66758193,"data":"  \"short_track_rescue_trigger_removed_frac\": 0.1,\n"}
,{"stream_name":"stdout","time":9.667586273,"data":"  \"slice\": \"\",\n"}
,{"stream_name":"stdout","time":9.667590586,"data":"  \"target_artifact_slug\": \"biohub-tracking-support-pack\",\n"}
,{"stream_name":"stdout","time":9.667595036,"data":"  \"unet_batch_size\": 4,\n"}
,{"stream_name":"stdout","time":9.667599321,"data":"  \"use_deepcenter_add_only_gate\": true,\n"}
,{"stream_name":"stdout","time":9.667603511,"data":"  \"use_ilp\": true,\n"}
,{"stream_name":"stdout","time":9.667607654,"data":"  \"weights\": \"weights/unet_transformer/split_0/edge_predictor_best.pth\"\n"}
,{"stream_name":"stdout","time":9.667612264,"data":"}\n"}
,{"stream_name":"stdout","time":9.66761642,"data":"ARTIFACTS: /kaggle/input/datasets/pilkwang/biohub-tracking-support-pack-50ep-v1\n"}
,{"stream_name":"stdout","time":9.667623756,"data":"Has offline wheels: True\n"}
,{"stream_name":"stdout","time":9.667628062,"data":"Artifact name: biohub-tracking-support-pack-400ep-snapshot-v1\n"}
,{"stream_name":"stdout","time":9.667632537,"data":"Weight sha256: 12f6881ee3620a831697ca098ff8f48e687a24225f4e048b538deec3562fe771\n"}
,{"stream_name":"stdout","time":9.667637322000001,"data":"Weight path: weights/unet_transformer/split_0/edge_predictor_best.pth\n"}
,{"stream_name":"stdout","time":10.259127505,"data":"Installing missing packages from offline package dirs: ['polars']\n"}
,{"stream_name":"stdout","time":10.259155569,"data":"Dependency resolver is disabled with --no-deps to avoid replacing Kaggle numpy/scipy in a live kernel.\n"}
,{"stream_name":"stdout","time":10.259160729,"data":"Offline package dirs: ['/kaggle/input/datasets/pilkwang/biohub-tracking-support-pack-50ep-v1/wheels']\n"}
,{"stream_name":"stdout","time":15.932718429,"data":"Offline dependency install succeeded.\n"}
,{"stream_name":"stdout","time":15.932776777,"data":"Installing missing packages from offline package dirs: ['tracksdata', 'zarr', 'pyscipopt', 'geff', 'geff_spec', 'ilpy', 'imagecodecs', 'rustworkx', 'numcodecs', 'donfig', 'bidict']\n"}
,{"stream_name":"stdout","time":15.932785141,"data":"Dependency resolver is disabled with --no-deps to avoid replacing Kaggle numpy/scipy in a live kernel.\n"}
,{"stream_name":"stdout","time":15.932791175,"data":"Offline package dirs: ['/kaggle/input/datasets/pilkwang/biohub-tracking-support-pack-50ep-v1/wheels']\n"}
,{"stream_name":"stdout","time":37.152822189,"data":"Offline dependency install succeeded.\n"}
,{"stream_name":"stderr","time":44.179345614,"data":"/usr/local/lib/python3.12/dist-packages/dask/array/image.py:7: FutureWarning: `find_available_plugins` is deprecated since version 0.25 and will be removed in version 0.27. The plugin infrastructure of `skimage.io` is deprecated. Instead, use `imageio` or other I/O packages directly.\n"}
,{"stream_name":"stderr","time":44.179380602,"data":"  from skimage.io import imread as sk_imread\n"}
,{"stream_name":"stderr","time":44.179384912,"data":"/usr/lib/python3.12/importlib/__init__.py:90: FutureWarning: `reset_plugins` is deprecated since version 0.25 and will be removed in version 0.27. The plugin infrastructure of `skimage.io` is deprecated. Instead, use `imageio` or other I/O packages directly.\n"}
,{"stream_name":"stderr","time":44.179388622,"data":"  return _bootstrap._gcd_import(name[level:], package, level)\n"}
,{"stream_name":"stderr","time":44.179391669,"data":"\n"}
,{"stream_name":"stderr","time":44.179394589,"data":"/usr/local/lib/python3.12/dist-packages/dask/array/image.py:7: FutureWarning: `find_available_plugins` is deprecated since version 0.25 and will be removed in version 0.27. The plugin infrastructure of `skimage.io` is deprecated. Instead, use `imageio` or other I/O packages directly.\n"}
,{"stream_name":"stderr","time":44.179398133,"data":"  from skimage.io import imread as sk_imread\n"}
,{"stream_name":"stderr","time":44.17940111,"data":"/usr/lib/python3.12/importlib/__init__.py:90: FutureWarning: `reset_plugins` is deprecated since version 0.25 and will be removed in version 0.27. The plugin infrastructure of `skimage.io` is deprecated. Instead, use `imageio` or other I/O packages directly.\n"}
,{"stream_name":"stderr","time":44.179404427,"data":"  return _bootstrap._gcd_import(name[level:], package, level)\n"}
,{"stream_name":"stdout","time":44.374010326,"data":"Required graph/Zarr/ILP packages import successfully.\n"}
,{"stream_name":"stdout","time":44.374057629,"data":"Inference repo: /kaggle/working/tracking_repo\n"}
,{"stream_name":"stdout","time":44.374076772,"data":"Weights: /kaggle/working/tracking_repo/weights/unet_transformer/split_0/edge_predictor_best.pth\n"}
,{"stream_name":"stdout","time":45.195125972,"data":"Support repo Python manifest SHA256: 978b626d1fd1e7397435a437dfe68691defe1572fc3c20e61012d7c9b52ed029\n"}
,{"stream_name":"stdout","time":45.195159066,"data":"Primary materialized SHA256: 12f6881ee3620a831697ca098ff8f48e687a24225f4e048b538deec3562fe771\n"}
,{"stream_name":"stdout","time":45.195166007,"data":"DeepCenter materialized SHA256: 8040999a92f6b7bbd98fa8cf458141e045c0f9ad7c936bdb3b18e1f7edafe2a0\n"}
,{"stream_name":"stdout","time":343.69020449,"data":"Secondary artifact: /kaggle/input/datasets/pilkwang/biohub-temporal-unet3d-seed314159-v1\n"}
,{"stream_name":"stdout","time":343.690252521,"data":"Secondary weight: /kaggle/working/secondary_seed_weights/unet_transformer/split_0/edge_predictor_best.pth\n"}
,{"stream_name":"stdout","time":343.690259868,"data":"Secondary SHA256: 9bac2fa0dadc4a6fc1899e0caf187f4b553e0a7cd90ba1261a68b35ffe9e305f\n"}
,{"stream_name":"stdout","time":343.690265175,"data":"Secondary edge-logit weight: 0.15\n"}
,{"stream_name":"stdout","time":343.690270129,"data":"Secondary edge-feature TTA blend: 0.75\n"}
,{"stream_name":"stdout","time":343.690274497,"data":"Runtime integrity receipt: /kaggle/working/bidirectional_production_runtime_integrity.json\n"}
,{"stream_name":"stdout","time":347.033478583,"data":"CUDA device: Tesla T4\n"}
,{"stream_name":"stdout","time":347.033507622,"data":"Eight-view D4 detection TTA patch applied\n"}
,{"stream_name":"stdout","time":347.033513466,"data":"Calibrated dual-seed runtime patch applied\n"}
,{"stream_name":"stdout","time":347.033518951,"data":"Frozen frame retention guard applied at 0.90\n"}
,{"stream_name":"stdout","time":347.033524625,"data":"Bidirectional harmonic-probability association fusion applied | weight: 0.15\n"}
,{"stream_name":"stdout","time":347.033530446,"data":"Pre-ILP detector-coordinate manifest hook applied\n"}
,{"stream_name":"stdout","time":347.033535876,"data":"Edge-feature TTA patch installed and enabled\n"}
,{"stream_name":"stdout","time":347.033541124,"data":"Found 4 test videos\n"}
,{"stream_name":"stdout","time":347.033546463,"data":"['44b6_0113de3b', '44b6_0b24845f', '6bba_05b6850b', '6bba_05db0fb1']\n"}
,{"stream_name":"stdout","time":347.033551405,"data":"Launching 2 independent video shards on CUDA devices ['0', '1']\n"}
,{"stream_name":"stdout","time":347.033557414,"data":"GPU shard 0: CUDA_VISIBLE_DEVICES = 0 | /usr/bin/python3 scripts/predict_unet_transformer.py --data-dir /kaggle/input/competitions/biohub-cell-tracking-during-development/test --splits kaggle_test_splits_50ep.json --split 0 --weights weights/unet_transformer/split_0/edge_predictor_best.pth --unet-batch-size 4 --det-threshold 0.965 --ilp-edge-weight -1.0 --ilp-appearance-weight 0.0 --ilp-disappearance-weight 2.0 --ilp-division-weight 1.2 --use-ilp --method unet_transformer_gpu0 --slice 0::2\n"}
,{"stream_name":"stdout","time":347.034688892,"data":"GPU shard 1: CUDA_VISIBLE_DEVICES = 1 | /usr/bin/python3 scripts/predict_unet_transformer.py --data-dir /kaggle/input/competitions/biohub-cell-tracking-during-development/test --splits kaggle_test_splits_50ep.json --split 0 --weights weights/unet_transformer/split_0/edge_predictor_best.pth --unet-batch-size 4 --det-threshold 0.965 --ilp-edge-weight -1.0 --ilp-appearance-weight 0.0 --ilp-disappearance-weight 2.0 --ilp-division-weight 1.2 --use-ilp --method unet_transformer_gpu1 --slice 1::2\n"}
,{"stream_name":"stdout","time":352.159774381,"data":"/usr/local/lib/python3.12/dist-packages/dask/array/image.py:7: FutureWarning: `find_available_plugins` is deprecated since version 0.25 and will be removed in version 0.27. The plugin infrastructure of `skimage.io` is deprecated. Instead, use `imageio` or other I/O packages directly.\n"}
,{"stream_name":"stdout","time":352.160835243,"data":"  from skimage.io import imread as sk_imread\n"}
,{"stream_name":"stdout","time":352.164627991,"data":"/usr/lib/python3.12/importlib/__init__.py:90: FutureWarning: `reset_plugins` is deprecated since version 0.25 and will be removed in version 0.27. The plugin infrastructure of `skimage.io` is deprecated. Instead, use `imageio` or other I/O packages directly.\n"}
,{"stream_name":"stdout","time":352.165658568,"data":"  return _bootstrap._gcd_import(name[level:], package, level)\n"}
,{"stream_name":"stdout","time":352.166688826,"data":"/usr/local/lib/python3.12/dist-packages/dask/array/image.py:7: FutureWarning: `find_available_plugins` is deprecated since version 0.25 and will be removed in version 0.27. The plugin infrastructure of `skimage.io` is deprecated. Instead, use `imageio` or other I/O packages directly.\n"}
,{"stream_name":"stdout","time":352.167838599,"data":"  from skimage.io import imread as sk_imread\n"}
,{"stream_name":"stdout","time":352.171513074,"data":"/usr/lib/python3.12/importlib/__init__.py:90: FutureWarning: `reset_plugins` is deprecated since version 0.25 and will be removed in version 0.27. The plugin infrastructure of `skimage.io` is deprecated. Instead, use `imageio` or other I/O packages directly.\n"}
,{"stream_name":"stdout","time":352.172793342,"data":"  return _bootstrap._gcd_import(name[level:], package, level)\n"}
,{"stream_name":"stdout","time":352.923712875,"data":"Secondary model: /kaggle/working/secondary_seed_weights/unet_transformer/split_0/edge_predictor_best.pth | edge weight = 0.150 | detection weight = 0.800 | link mode = low_margin_consensus | temperature = 1.000 | low-margin max = 0.350 | edge threshold = 0.480\n"}
,{"stream_name":"stdout","time":352.924808638,"data":"Fold 0: 2 datasets | weights=weights/unet_transformer/split_0/edge_predictor_best.pth | device=cuda | window_size=2 | pool_kernel_um=3.0\n"}
,{"stream_name":"stdout","time":352.927683944,"data":"Secondary model: /kaggle/working/secondary_seed_weights/unet_transformer/split_0/edge_predictor_best.pth | edge weight = 0.150 | detection weight = 0.800 | link mode = low_margin_consensus | temperature = 1.000 | low-margin max = 0.350 | edge threshold = 0.480\n"}
,{"stream_name":"stdout","time":352.929856275,"data":"Fold 0: 2 datasets | weights=weights/unet_transformer/split_0/edge_predictor_best.pth | device=cuda | window_size=2 | pool_kernel_um=3.0\n"}
,{"stream_name":"stdout","time":354.759738622,"data":"EDGE_TTA_ACTIVE views = 8 mean_abs_feat_delta = 0.323238\n"}
,{"stream_name":"stdout","time":354.761216782,"data":"EDGE_TTA_ACTIVE views = 8 mean_abs_feat_delta = 0.360585\n"}
,{"stream_name":"stdout","time":355.619580525,"data":"SECONDARY_EDGE_TTA_ACTIVE views = 8 weight = 0.75 mean_abs_feat_delta = 0.28166\n"}
,{"stream_name":"stdout","time":355.620569504,"data":"SECONDARY_EDGE_TTA_ACTIVE views = 8 weight = 0.75 mean_abs_feat_delta = 0.230737\n"}
,{"stream_name":"stdout","time":355.724604097,"data":"BIOHUB_RETENTION_GUARD {\"blended_candidates\": 387, \"dataset\": \"44b6_0b24845f\", \"frame\": 0, \"minimum_retention\": 0.9, \"primary_candidates\": 465, \"retention\": 0.832258064516129, \"use_primary\": true}\n"}
,{"stream_name":"stdout","time":355.726011818,"data":"BIOHUB_RETENTION_GUARD {\"blended_candidates\": 391, \"dataset\": \"44b6_0b24845f\", \"frame\": 1, \"minimum_retention\": 0.9, \"primary_candidates\": 444, \"retention\": 0.8806306306306306, \"use_primary\": true}\n"}
,{"stream_name":"stdout","time":359.48605033,"data":"EDGE_TTA_ACTIVE views = 8 mean_abs_feat_delta = 0.328294\n"}
,{"stream_name":"stdout","time":359.611787533,"data":"EDGE_TTA_ACTIVE views = 8 mean_abs_feat_delta = 0.361891\n"}
,{"stream_name":"stdout","time":360.341550435,"data":"SECONDARY_EDGE_TTA_ACTIVE views = 8 weight = 0.75 mean_abs_feat_delta = 0.23209\n"}
,{"stream_name":"stdout","time":360.470452173,"data":"SECONDARY_EDGE_TTA_ACTIVE views = 8 weight = 0.75 mean_abs_feat_delta = 0.288809\n"}
,{"stream_name":"stdout","time":360.474199472,"data":"BIOHUB_RETENTION_GUARD {\"blended_candidates\": 333, \"dataset\": \"44b6_0b24845f\", \"frame\": 2, \"minimum_retention\": 0.9, \"primary_candidates\": 390, \"retention\": 0.8538461538461538, \"use_primary\": true}\n"}
,{"stream_name":"stdout","time":361.298289723,"data":"EDGE_TTA_ACTIVE views = 8 mean_abs_feat_delta = 0.326314\n"}
,{"stream_name":"stdout","time":361.650395459,"data":"EDGE_TTA_ACTIVE views = 8 mean_abs_feat_delta = 0.354206\n"}
,{"stream_name":"stdout","time":362.156407324,"data":"SECONDARY_EDGE_TTA_ACTIVE views = 8 weight = 0.75 mean_abs_feat_delta = 0.232786\n"}
,{"stream_name":"stdout","time":362.51316371,"data":"SECONDARY_EDGE_TTA_ACTIVE views = 8 weight = 0.75 mean_abs_feat_delta = 0.287127\n"}
,{"stream_name":"stdout","time":362.516873077,"data":"BIOHUB_RETENTION_GUARD {\"blended_candidates\": 362, \"dataset\": \"44b6_0b24845f\", \"frame\": 3, \"minimum_retention\": 0.9, \"primary_candidates\": 421, \"retention\": 0.8598574821852731, \"use_primary\": true}\n"}
,{"stream_name":"stdout","time":363.137177714,"data":"EDGE_TTA_ACTIVE views = 8 mean_abs_feat_delta = 0.32686\n"}
,{"stream_name":"stdout","time":363.551847413,"data":"EDGE_TTA_ACTIVE views = 8 mean_abs_feat_delta = 0.358867\n"}
,{"stream_name":"stdout","time":364.016218989,"data":"SECONDARY_EDGE_TTA_ACTIVE views = 8 weight = 0.75 mean_abs_feat_delta = 0.232764\n"}
,{"stream_name":"stdout","time":364.419805886,"data":"SECONDARY_EDGE_TTA_ACTIVE views = 8 weight = 0.75 mean_abs_feat_delta = 0.283303\n"}
,{"stream_name":"stdout","time":364.423432101,"data":"BIOHUB_RETENTION_GUARD {\"blended_candidates\": 341, \"dataset\": \"44b6_0b24845f\", \"frame\": 4, \"minimum_retention\": 0.9, \"primary_candidates\": 404, \"retention\": 0.844059405940594, \"use_primary\": true}\n"}
,{"stream_name":"stdout","time":365.040976946,"data":"EDGE_TTA_ACTIVE views = 8 mean_abs_feat_delta = 0.327781\n"}
,{"stream_name":"stdout","time":365.496525484,"data":"EDGE_TTA_ACTIVE views = 8 mean_abs_feat_delta = 0.362463\n"}
,{"stream_name":"stdout","time":365.903198196,"data":"SECONDARY_EDGE_TTA_ACTIVE views = 8 weight = 0.75 mean_abs_feat_delta = 0.236445\n"}
,{"stream_name":"stdout","time":366.36464148,"data":"SECONDARY_EDGE_TTA_ACTIVE views = 8 weight = 0.75 mean_abs_feat_delta = 0.289665\n"}
,{"stream_name":"stdout","time":366.368718456,"data":"BIOHUB_RETENTION_GUARD {\"blended_candidates\": 326, \"dataset\": \"44b6_0b24845f\", \"frame\": 5, \"minimum_retention\": 0.9, \"primary_candidates\": 383, \"retention\": 0.8511749347258486, \"use_primary\": true}\n"}
,{"stream_name":"stdout","time":366.891078722,"data":"EDGE_TTA_ACTIVE views = 8 mean_abs_feat_delta = 0.332086\n"}
,{"stream_name":"stdout","time":367.431889086,"data":"EDGE_TTA_ACTIVE views = 8 mean_abs_feat_delta = 0.363112\n"}
,{"stream_name":"stdout","time":367.759377443,"data":"SECONDARY_EDGE_TTA_ACTIVE views = 8 weight = 0.75 mean_abs_feat_delta = 0.236059\n"}
,{"stream_name":"stdout","time":368.302283685,"data":"SECONDARY_EDGE_TTA_ACTIVE views = 8 weight = 0.75 mean_abs_feat_delta = 0.296162\n"}
,{"stream_name":"stdout","time":368.306080128,"data":"BIOHUB_RETENTION_GUARD {\"blended_candidates\": 333, \"dataset\": \"44b6_0b24845f\", \"frame\": 6, \"minimum_retention\": 0.9, \"primary_candidates\": 403, \"retention\": 0.826302729528536, \"use_primary\": true}\n"}
,{"stream_name":"stdout","time":368.795467632,"data":"EDGE_TTA_ACTIVE views = 8 mean_abs_feat_delta = 0.337311\n"}
,{"stream_name":"stdout","time":369.362143998,"data":"EDGE_TTA_ACTIVE views = 8 mean_abs_feat_delta = 0.363947\n"}
,{"stream_name":"stdout","time":369.661036608,"data":"SECONDARY_EDGE_TTA_ACTIVE views = 8 weight = 0.75 mean_abs_feat_delta = 0.242392\n"}
,{"stream_name":"stdout","time":370.245428008,"data":"SECONDARY_EDGE_TTA_ACTIVE views = 8 weight = 0.75 mean_abs_feat_delta = 0.297976\n"}
,{"stream_name":"stdout","time":370.249404097,"data":"BIOHUB_RETENTION_GUARD {\"blended_candidates\": 309, \"dataset\": \"44b6_0b24845f\", \"frame\": 7, \"minimum_retention\": 0.9, \"primary_candidates\": 390, \"retention\": 0.7923076923076923, \"use_primary\": true}\n"}
,{"stream_name":"stdout","time":370.678275279,"data":"EDGE_TTA_ACTIVE views = 8 mean_abs_feat_delta = 0.336476\n"}
,{"stream_name":"stdout","time":371.254748075,"data":"EDGE_TTA_ACTIVE views = 8 mean_abs_feat_delta = 0.368841\n"}
,{"stream_name":"stdout","time":371.543097722,"data":"SECONDARY_EDGE_TTA_ACTIVE views = 8 weight = 0.75 mean_abs_feat_delta = 0.241164\n"}
,{"stream_name":"stdout","time":372.129185229,"data":"SECONDARY_EDGE_TTA_ACTIVE views = 8 weight = 0.75 mean_abs_feat_delta = 0.292587\n"}
,{"stream_name":"stdout","time":372.133054793,"data":"BIOHUB_RETENTION_GUARD {\"blended_candidates\": 378, \"dataset\": \"44b6_0b24845f\", \"frame\": 8, \"minimum_retention\": 0.9, \"primary_candidates\": 443, \"retention\": 0.8532731376975169, \"use_primary\": true}\n"}
,{"stream_name":"stdout","time":372.54001638,"data":"EDGE_TTA_ACTIVE views = 8 mean_abs_feat_delta = 0.33307\n"}
,{"stream_name":"stdout","time":373.177227212,"data":"EDGE_TTA_ACTIVE views = 8 mean_abs_feat_delta = 0.372442\n"}
,{"stream_name":"stdout","time":373.413127233,"data":"SECONDARY_EDGE_TTA_ACTIVE views = 8 weight = 0.75 mean_abs_feat_delta = 0.240446\n"}
,{"stream_name":"stdout","time":374.068006699,"data":"SECONDARY_EDGE_TTA_ACTIVE views = 8 weight = 0.75 mean_abs_feat_delta = 0.291168\n"}
,{"stream_name":"stdout","time":374.068970396,"data":"BIOHUB_RETENTION_GUARD {\"blended_candidates\": 362, \"dataset\": \"44b6_0b24845f\", \"frame\": 9, \"minimum_retention\": 0.9, \"primary_candidates\": 429, \"retention\": 0.8438228438228438, \"use_primary\": true}\n"}
,{"stream_name":"stdout","time":374.43514697,"data":"EDGE_TTA_ACTIVE views = 8 mean_abs_feat_delta = 0.333216\n"}
,{"stream_name":"stdout","time":375.122326021,"data":"EDGE_TTA_ACTIVE views = 8 mean_abs_feat_delta = 0.36599\n"}
,{"stream_name":"stdout","time":375.310063231,"data":"SECONDARY_EDGE_TTA_ACTIVE views = 8 weight = 0.75 mean_abs_feat_delta = 0.24216\n"}
,{"stream_name":"stdout","time":376.01163458,"data":"SECONDARY_EDGE_TTA_ACTIVE views = 8 weight = 0.75 mean_abs_feat_delta = 0.301242\n"}
,{"stream_name":"stdout","time":376.015763416,"data":"BIOHUB_RETENTION_GUARD {\"blended_candidates\": 331, \"dataset\": \"44b6_0b24845f\", \"frame\": 10, \"minimum_retention\": 0.9, \"primary_candidates\": 419, \"retention\": 0.7899761336515513, \"use_primary\": true}\n"}
,{"stream_name":"stdout","time":376.312593172,"data":"EDGE_TTA_ACTIVE views = 8 mean_abs_feat_delta = 0.341654\n"}
,{"stream_name":"stdout","time":377.063712618,"data":"EDGE_TTA_ACTIVE views = 8 mean_abs_feat_delta = 0.358411\n"}
,{"stream_name":"stdout","time":377.188421248,"data":"SECONDARY_EDGE_TTA_ACTIVE views = 8 weight = 0.75 mean_abs_feat_delta = 0.243727\n"}
,{"stream_name":"stdout","time":377.943663567,"data":"SECONDARY_EDGE_TTA_ACTIVE views = 8 weight = 0.75 mean_abs_feat_delta = 0.289865\n"}
,{"stream_name":"stdout","time":377.94785348,"data":"BIOHUB_RETENTION_GUARD {\"blended_candidates\": 376, \"dataset\": \"44b6_0b24845f\", \"frame\": 11, \"minimum_retention\": 0.9, \"primary_candidates\": 441, \"retention\": 0.8526077097505669, \"use_primary\": true}\n"}
,{"stream_name":"stdout","time":378.15620546,"data":"EDGE_TTA_ACTIVE views = 8 mean_abs_feat_delta = 0.334228\n"}
,{"stream_name":"stdout","time":378.982240194,"data":"EDGE_TTA_ACTIVE views = 8 mean_abs_feat_delta = 0.361758\n"}
,{"stream_name":"stdout","time":379.036864012,"data":"SECONDARY_EDGE_TTA_ACTIVE views = 8 weight = 0.75 mean_abs_feat_delta = 0.241899\n"}
,{"stream_name":"stdout","time":379.86186979,"data":"SECONDARY_EDGE_TTA_ACTIVE views = 8 weight = 0.75 mean_abs_feat_delta = 0.298743\n"}
,{"stream_name":"stdout","time":379.865886229,"data":"BIOHUB_RETENTION_GUARD {\"blended_candidates\": 304, \"dataset\": \"44b6_0b24845f\", \"frame\": 12, \"minimum_retention\": 0.9, \"primary_candidates\": 361, \"retention\": 0.8421052631578947, \"use_primary\": true}\n"}
,{"stream_name":"stdout","time":380.036522313,"data":"EDGE_TTA_ACTIVE views = 8 mean_abs_feat_delta = 0.335161\n"}
,{"stream_name":"stdout","time":380.918284666,"data":"SECONDARY_EDGE_TTA_ACTIVE views = 8 weight = 0.75 mean_abs_feat_delta = 0.237416\n"}
,{"stream_name":"stdout","time":380.956557448,"data":"EDGE_TTA_ACTIVE views = 8 mean_abs_feat_delta = 0.368237\n"}
,{"stream_name":"stdout","time":381.844810862,"data":"SECONDARY_EDGE_TTA_ACTIVE views = 8 weight = 0.75 mean_abs_feat_delta = 0.295579\n"}
,{"stream_name":"stdout","time":381.848539636,"data":"BIOHUB_RETENTION_GUARD {\"blended_candidates\": 314, \"dataset\": \"44b6_0b24845f\", \"frame\": 13, \"minimum_retention\": 0.9, \"primary_candidates\": 382, \"retention\": 0.8219895287958116, \"use_primary\": true}\n"}
,{"stream_name":"stdout","time":381.918818784,"data":"EDGE_TTA_ACTIVE views = 8 mean_abs_feat_delta = 0.330752\n"}
,{"stream_name":"stdout","time":382.806404339,"data":"SECONDARY_EDGE_TTA_ACTIVE views = 8 weight = 0.75 mean_abs_feat_delta = 0.238386\n"}
,{"stream_name":"stdout","time":382.902206752,"data":"EDGE_TTA_ACTIVE views = 8 mean_abs_feat_delta = 0.366311\n"}
,{"stream_name":"stdout","time":383.800428061,"data":"SECONDARY_EDGE_TTA_ACTIVE views = 8 weight = 0.75 mean_abs_feat_delta = 0.29037\n"}
,{"stream_name":"stdout","time":383.804440218,"data":"BIOHUB_RETENTION_GUARD {\"blended_candidates\": 330, \"dataset\": \"44b6_0b24845f\", \"frame\": 14, \"minimum_retention\": 0.9, \"primary_candidates\": 378, \"retention\": 0.873015873015873, \"use_primary\": true}\n"}
,{"stream_name":"stdout","time":383.839468308,"data":"EDGE_TTA_ACTIVE views = 8 mean_abs_feat_delta = 0.32964\n"}
,{"stream_name":"stdout","time":384.727104196,"data":"SECONDARY_EDGE_TTA_ACTIVE views = 8 weight = 0.75 mean_abs_feat_delta = 0.238478\n"}
,{"stream_name":"stdout","time":384.853687555,"data":"EDGE_TTA_ACTIVE views = 8 mean_abs_feat_delta = 0.362666\n"}
,{"stream_name":"stdout","time":385.74181465,"data":"EDGE_TTA_ACTIVE views = 8 mean_abs_feat_delta = 0.32447\n"}
,{"stream_name":"stdout","time":385.744176547,"data":"SECONDARY_EDGE_TTA_ACTIVE views = 8 weight = 0.75 mean_abs_feat_delta = 0.286822\n"}
,{"stream_name":"stdout","time":386.635286738,"data":"SECONDARY_EDGE_TTA_ACTIVE views = 8 weight = 0.75 mean_abs_feat_delta = 0.234529\n"}
,{"stream_name":"stdout","time":386.784832103,"data":"EDGE_TTA_ACTIVE views = 8 mean_abs_feat_delta = 0.368515\n"}
,{"stream_name":"stdout","time":387.632680638,"data":"EDGE_TTA_ACTIVE views = 8 mean_abs_feat_delta = 0.325522\n"}
,{"stream_name":"stdout","time":387.676386617,"data":"SECONDARY_EDGE_TTA_ACTIVE views = 8 weight = 0.75 mean_abs_feat_delta = 0.282972\n"}
,{"stream_name":"stdout","time":388.526892162,"data":"SECONDARY_EDGE_TTA_ACTIVE views = 8 weight = 0.75 mean_abs_feat_delta = 0.238533\n"}
,{"stream_name":"stdout","time":388.730109617,"data":"EDGE_TTA_ACTIVE views = 8 mean_abs_feat_delta = 0.37163\n"}
,{"stream_name":"stdout","time":389.574424558,"data":"EDGE_TTA_ACTIVE views = 8 mean_abs_feat_delta = 0.319866\n"}
,{"stream_name":"stdout","time":389.623030737,"data":"SECONDARY_EDGE_TTA_ACTIVE views = 8 weight = 0.75 mean_abs_feat_delta = 0.284899\n"}
,{"stream_name":"stdout","time":390.468947635,"data":"SECONDARY_EDGE_TTA_ACTIVE views = 8 weight = 0.75 mean_abs_feat_delta = 0.239819\n"}
,{"stream_name":"stdout","time":390.65699253,"data":"EDGE_TTA_ACTIVE views = 8 mean_abs_feat_delta = 0.367306\n"}
,{"stream_name":"stdout","time":391.520634255,"data":"EDGE_TTA_ACTIVE views = 8 mean_abs_feat_delta = 0.323582\n"}
,{"stream_name":"stdout","time":391.562201635,"data":"SECONDARY_EDGE_TTA_ACTIVE views = 8 weight = 0.75 mean_abs_feat_delta = 0.276632\n"}
,{"stream_name":"stdout","time":392.42202211,"data":"SECONDARY_EDGE_TTA_ACTIVE views = 8 weight = 0.75 mean_abs_feat_delta = 0.242037\n"}
,{"stream_name":"stdout","time":392.599098715,"data":"EDGE_TTA_ACTIVE views = 8 mean_abs_feat_delta = 0.356982\n"}
,{"stream_name":"stdout","time":393.458794654,"data":"EDGE_TTA_ACTIVE views = 8 mean_abs_feat_delta = 0.326415\n"}
,{"stream_name":"stdout","time":393.50121935,"data":"SECONDARY_EDGE_TTA_ACTIVE views = 8 weight = 0.75 mean_abs_feat_delta = 0.278285\n"}
,{"stream_name":"stdout","time":394.360967266,"data":"SECONDARY_EDGE_TTA_ACTIVE views = 8 weight = 0.75 mean_abs_feat_delta = 0.241724\n"}
,{"stream_name":"stdout","time":394.578263383,"data":"EDGE_TTA_ACTIVE views = 8 mean_abs_feat_delta = 0.354988\n"}
,{"stream_name":"stdout","time":395.405957207,"data":"EDGE_TTA_ACTIVE views = 8 mean_abs_feat_delta = 0.32326\n"}
,{"stream_name":"stdout","time":395.477880348,"data":"SECONDARY_EDGE_TTA_ACTIVE views = 8 weight = 0.75 mean_abs_feat_delta = 0.280197\n"}
,{"stream_name":"stdout","time":395.482382258,"data":"BIOHUB_RETENTION_GUARD {\"blended_candidates\": 285, \"dataset\": \"44b6_0b24845f\", \"frame\": 20, \"minimum_retention\": 0.9, \"primary_candidates\": 317, \"retention\": 0.8990536277602523, \"use_primary\": true}\n"}
,{"stream_name":"stdout","time":396.302168177,"data":"SECONDARY_EDGE_TTA_ACTIVE views = 8 weight = 0.75 mean_abs_feat_delta = 0.234753\n"}
,{"stream_name":"stdout","time":396.539906668,"data":"EDGE_TTA_ACTIVE views = 8 mean_abs_feat_delta = 0.355885\n"}
,{"stream_name":"stdout","time":397.333206505,"data":"EDGE_TTA_ACTIVE views = 8 mean_abs_feat_delta = 0.324888\n"}
,{"stream_name":"stdout","time":397.445048942,"data":"SECONDARY_EDGE_TTA_ACTIVE views = 8 weight = 0.75 mean_abs_feat_delta = 0.281334\n"}
,{"stream_name":"stdout","time":397.449299325,"data":"BIOHUB_RETENTION_GUARD {\"blended_candidates\": 265, \"dataset\": \"44b6_0b24845f\", \"frame\": 21, \"minimum_retention\": 0.9, \"primary_candidates\": 325, \"retention\": 0.8153846153846154, \"use_primary\": true}\n"}
,{"stream_name":"stdout","time":398.239933942,"data":"SECONDARY_EDGE_TTA_ACTIVE views = 8 weight = 0.75 mean_abs_feat_delta = 0.238746\n"}
,{"stream_name":"stdout","time":398.508860896,"data":"EDGE_TTA_ACTIVE views = 8 mean_abs_feat_delta = 0.357492\n"}
,{"stream_name":"stdout","time":399.243934737,"data":"EDGE_TTA_ACTIVE views = 8 mean_abs_feat_delta = 0.325752\n"}
,{"stream_name":"stdout","time":399.416996939,"data":"SECONDARY_EDGE_TTA_ACTIVE views = 8 weight = 0.75 mean_abs_feat_delta = 0.280031\n"}
,{"stream_name":"stdout","time":399.421134414,"data":"BIOHUB_RETENTION_GUARD {\"blended_candidates\": 286, \"dataset\": \"44b6_0b24845f\", \"frame\": 22, \"minimum_retention\": 0.9, \"primary_candidates\": 326, \"retention\": 0.8773006134969326, \"use_primary\": true}\n"}
,{"stream_name":"stdout","time":400.153977183,"data":"SECONDARY_EDGE_TTA_ACTIVE views = 8 weight = 0.75 mean_abs_feat_delta = 0.238954\n"}
,{"stream_name":"stdout","time":400.464764185,"data":"EDGE_TTA_ACTIVE views = 8 mean_abs_feat_delta = 0.361386\n"}
,{"stream_name":"stdout","time":401.213945121,"data":"EDGE_TTA_ACTIVE views = 8 mean_abs_feat_delta = 0.330364\n"}
,{"stream_name":"stdout","time":401.393112366,"data":"SECONDARY_EDGE_TTA_ACTIVE views = 8 weight = 0.75 mean_abs_feat_delta = 0.277655\n"}
,{"stream_name":"stdout","time":402.124687634,"data":"SECONDARY_EDGE_TTA_ACTIVE views = 8 weight = 0.75 mean_abs_feat_delta = 0.235145\n"}
,{"stream_name":"stdout","time":402.469439727,"data":"EDGE_TTA_ACTIVE views = 8 mean_abs_feat_delta = 0.361052\n"}
,{"stream_name":"stdout","time":403.178930466,"data":"EDGE_TTA_ACTIVE views = 8 mean_abs_feat_delta = 0.329773\n"}
,{"stream_name":"stdout","time":403.383701078,"data":"SECONDARY_EDGE_TTA_ACTIVE views = 8 weight = 0.75 mean_abs_feat_delta = 0.282322\n"}
,{"stream_name":"stdout","time":403.388004889,"data":"BIOHUB_RETENTION_GUARD {\"blended_candidates\": 261, \"dataset\": \"44b6_0b24845f\", \"frame\": 24, \"minimum_retention\": 0.9, \"primary_candidates\": 306, \"retention\": 0.8529411764705882, \"use_primary\": true}\n"}
,{"stream_name":"stdout","time":404.109407775,"data":"SECONDARY_EDGE_TTA_ACTIVE views = 8 weight = 0.75 mean_abs_feat_delta = 0.236219\n"}
,{"stream_name":"stdout","time":404.487895001,"data":"EDGE_TTA_ACTIVE views = 8 mean_abs_feat_delta = 0.36198\n"}
,{"stream_name":"stdout","time":405.111961523,"data":"EDGE_TTA_ACTIVE views = 8 mean_abs_feat_delta = 0.325156\n"}
,{"stream_name":"stdout","time":405.406538218,"data":"SECONDARY_EDGE_TTA_ACTIVE views = 8 weight = 0.75 mean_abs_feat_delta = 0.280181\n"}
,{"stream_name":"stdout","time":406.028517158,"data":"SECONDARY_EDGE_TTA_ACTIVE views = 8 weight = 0.75 mean_abs_feat_delta = 0.234985\n"}
,{"stream_name":"stdout","time":406.496219339,"data":"EDGE_TTA_ACTIVE views = 8 mean_abs_feat_delta = 0.365963\n"}
,{"stream_name":"stdout","time":407.030748862,"data":"EDGE_TTA_ACTIVE views = 8 mean_abs_feat_delta = 0.328005\n"}
,{"stream_name":"stdout","time":407.418349751,"data":"SECONDARY_EDGE_TTA_ACTIVE views = 8 weight = 0.75 mean_abs_feat_delta = 0.284381\n"}
,{"stream_name":"stdout","time":407.422379875,"data":"BIOHUB_RETENTION_GUARD {\"blended_candidates\": 273, \"dataset\": \"44b6_0b24845f\", \"frame\": 26, \"minimum_retention\": 0.9, \"primary_candidates\": 309, \"retention\": 0.883495145631068, \"use_primary\": true}\n"}
,{"stream_name":"stdout","time":407.950899824,"data":"SECONDARY_EDGE_TTA_ACTIVE views = 8 weight = 0.75 mean_abs_feat_delta = 0.230623\n"}
,{"stream_name":"stdout","time":408.464489843,"data":"EDGE_TTA_ACTIVE views = 8 mean_abs_feat_delta = 0.369614\n"}
,{"stream_name":"stdout","time":408.971461453,"data":"EDGE_TTA_ACTIVE views = 8 mean_abs_feat_delta = 0.332057\n"}
,{"stream_name":"stdout","time":409.386141169,"data":"SECONDARY_EDGE_TTA_ACTIVE views = 8 weight = 0.75 mean_abs_feat_delta = 0.289602\n"}
,{"stream_name":"stdout","time":409.390175942,"data":"BIOHUB_RETENTION_GUARD {\"blended_candidates\": 258, \"dataset\": \"44b6_0b24845f\", \"frame\": 27, \"minimum_retention\": 0.9, \"primary_candidates\": 302, \"retention\": 0.8543046357615894, \"use_primary\": true}\n"}
,{"stream_name":"stdout","time":409.895519996,"data":"SECONDARY_EDGE_TTA_ACTIVE views = 8 weight = 0.75 mean_abs_feat_delta = 0.233514\n"}
,{"stream_name":"stdout","time":410.424966272,"data":"EDGE_TTA_ACTIVE views = 8 mean_abs_feat_delta = 0.365619\n"}
,{"stream_name":"stdout","time":410.947693261,"data":"EDGE_TTA_ACTIVE views = 8 mean_abs_feat_delta = 0.327244\n"}
,{"stream_name":"stdout","time":411.348673687,"data":"SECONDARY_EDGE_TTA_ACTIVE views = 8 weight = 0.75 mean_abs_feat_delta = 0.291319\n"}
,{"stream_name":"stdout","time":411.870469319,"data":"SECONDARY_EDGE_TTA_ACTIVE views = 8 weight = 0.75 mean_abs_feat_delta = 0.236419\n"}
,{"stream_name":"stdout","time":412.436213324,"data":"EDGE_TTA_ACTIVE views = 8 mean_abs_feat_delta = 0.366332\n"}
,{"stream_name":"stdout","time":412.920934917,"data":"EDGE_TTA_ACTIVE views = 8 mean_abs_feat_delta = 0.331491\n"}
,{"stream_name":"stdout","time":413.364430708,"data":"SECONDARY_EDGE_TTA_ACTIVE views = 8 weight = 0.75 mean_abs_feat_delta = 0.283865\n"}
,{"stream_name":"stdout","time":413.848672987,"data":"SECONDARY_EDGE_TTA_ACTIVE views = 8 weight = 0.75 mean_abs_feat_delta = 0.240106\n"}
,{"stream_name":"stdout","time":414.467338914,"data":"EDGE_TTA_ACTIVE views = 8 mean_abs_feat_delta = 0.364134\n"}
,{"stream_name":"stdout","time":414.888111859,"data":"EDGE_TTA_ACTIVE views = 8 mean_abs_feat_delta = 0.332767\n"}
,{"stream_name":"stdout","time":415.397356966,"data":"SECONDARY_EDGE_TTA_ACTIVE views = 8 weight = 0.75 mean_abs_feat_delta = 0.282155\n"}
,{"stream_name":"stdout","time":415.822535901,"data":"SECONDARY_EDGE_TTA_ACTIVE views = 8 weight = 0.75 mean_abs_feat_delta = 0.251196\n"}
,{"stream_name":"stdout","time":416.493233583,"data":"EDGE_TTA_ACTIVE views = 8 mean_abs_feat_delta = 0.359711\n"}
,{"stream_name":"stdout","time":416.909651584,"data":"EDGE_TTA_ACTIVE views = 8 mean_abs_feat_delta = 0.333532\n"}
,{"stream_name":"stdout","time":417.426106425,"data":"SECONDARY_EDGE_TTA_ACTIVE views = 8 weight = 0.75 mean_abs_feat_delta = 0.283753\n"}
,{"stream_name":"stdout","time":417.845539014,"data":"SECONDARY_EDGE_TTA_ACTIVE views = 8 weight = 0.75 mean_abs_feat_delta = 0.251416\n"}
,{"stream_name":"stdout","time":418.478390659,"data":"EDGE_TTA_ACTIVE views = 8 mean_abs_feat_delta = 0.362505\n"}
,{"stream_name":"stdout","time":418.872776107,"data":"EDGE_TTA_ACTIVE views = 8 mean_abs_feat_delta = 0.339086\n"}
,{"stream_name":"stdout","time":419.412664009,"data":"SECONDARY_EDGE_TTA_ACTIVE views = 8 weight = 0.75 mean_abs_feat_delta = 0.282429\n"}
,{"stream_name":"stdout","time":419.416434998,"data":"BIOHUB_RETENTION_GUARD {\"blended_candidates\": 249, \"dataset\": \"44b6_0b24845f\", \"frame\": 32, \"minimum_retention\": 0.9, \"primary_candidates\": 293, \"retention\": 0.8498293515358362, \"use_primary\": true}\n"}
,{"stream_name":"stdout","time":419.809593167,"data":"SECONDARY_EDGE_TTA_ACTIVE views = 8 weight = 0.75 mean_abs_feat_delta = 0.251129\n"}
,{"stream_name":"stdout","time":420.486989954,"data":"EDGE_TTA_ACTIVE views = 8 mean_abs_feat_delta = 0.364903\n"}
,{"stream_name":"stdout","time":420.849497862,"data":"EDGE_TTA_ACTIVE views = 8 mean_abs_feat_delta = 0.336421\n"}
,{"stream_name":"stdout","time":421.439420851,"data":"SECONDARY_EDGE_TTA_ACTIVE views = 8 weight = 0.75 mean_abs_feat_delta = 0.280468\n"}
,{"stream_name":"stdout","time":421.443248824,"data":"BIOHUB_RETENTION_GUARD {\"blended_candidates\": 234, \"dataset\": \"44b6_0b24845f\", \"frame\": 33, \"minimum_retention\": 0.9, \"primary_candidates\": 276, \"retention\": 0.8478260869565217, \"use_primary\": true}\n"}
,{"stream_name":"stdout","time":421.791533343,"data":"SECONDARY_EDGE_TTA_ACTIVE views = 8 weight = 0.75 mean_abs_feat_delta = 0.248917\n"}
,{"stream_name":"stdout","time":422.484421364,"data":"EDGE_TTA_ACTIVE views = 8 mean_abs_feat_delta = 0.364198\n"}
,{"stream_name":"stdout","time":422.825343317,"data":"EDGE_TTA_ACTIVE views = 8 mean_abs_feat_delta = 0.329875\n"}
,{"stream_name":"stdout","time":423.424301685,"data":"SECONDARY_EDGE_TTA_ACTIVE views = 8 weight = 0.75 mean_abs_feat_delta = 0.273313\n"}
,{"stream_name":"stdout","time":423.769368821,"data":"SECONDARY_EDGE_TTA_ACTIVE views = 8 weight = 0.75 mean_abs_feat_delta = 0.248317\n"}
,{"stream_name":"stdout","time":424.497396459,"data":"EDGE_TTA_ACTIVE views = 8 mean_abs_feat_delta = 0.362852\n"}
,{"stream_name":"stdout","time":424.826847098,"data":"EDGE_TTA_ACTIVE views = 8 mean_abs_feat_delta = 0.328572\n"}
,{"stream_name":"stdout","time":425.442859902,"data":"SECONDARY_EDGE_TTA_ACTIVE views = 8 weight = 0.75 mean_abs_feat_delta = 0.27435\n"}
,{"stream_name":"stdout","time":425.774767333,"data":"SECONDARY_EDGE_TTA_ACTIVE views = 8 weight = 0.75 mean_abs_feat_delta = 0.247468\n"}
,{"stream_name":"stdout","time":426.561094154,"data":"EDGE_TTA_ACTIVE views = 8 mean_abs_feat_delta = 0.373852\n"}
,{"stream_name":"stdout","time":426.82046189,"data":"EDGE_TTA_ACTIVE views = 8 mean_abs_feat_delta = 0.326071\n"}
,{"stream_name":"stdout","time":427.509157608,"data":"SECONDARY_EDGE_TTA_ACTIVE views = 8 weight = 0.75 mean_abs_feat_delta = 0.28122\n"}
,{"stream_name":"stdout","time":427.791774256,"data":"SECONDARY_EDGE_TTA_ACTIVE views = 8 weight = 0.75 mean_abs_feat_delta = 0.246968\n"}
,{"stream_name":"stdout","time":428.58519034,"data":"EDGE_TTA_ACTIVE views = 8 mean_abs_feat_delta = 0.368966\n"}
,{"stream_name":"stdout","time":428.953283017,"data":"EDGE_TTA_ACTIVE views = 8 mean_abs_feat_delta = 0.328178\n"}
,{"stream_name":"stdout","time":429.539129503,"data":"SECONDARY_EDGE_TTA_ACTIVE views = 8 weight = 0.75 mean_abs_feat_delta = 0.277064\n"}
,{"stream_name":"stdout","time":429.914731035,"data":"SECONDARY_EDGE_TTA_ACTIVE views = 8 weight = 0.75 mean_abs_feat_delta = 0.250361\n"}
,{"stream_name":"stdout","time":430.669880977,"data":"EDGE_TTA_ACTIVE views = 8 mean_abs_feat_delta = 0.366559\n"}
,{"stream_name":"stdout","time":431.004691495,"data":"EDGE_TTA_ACTIVE views = 8 mean_abs_feat_delta = 0.331242\n"}
,{"stream_name":"stdout","time":431.620993404,"data":"SECONDARY_EDGE_TTA_ACTIVE views = 8 weight = 0.75 mean_abs_feat_delta = 0.274933\n"}
,{"stream_name":"stdout","time":431.964964584,"data":"SECONDARY_EDGE_TTA_ACTIVE views = 8 weight = 0.75 mean_abs_feat_delta = 0.24375\n"}
,{"stream_name":"stdout","time":432.724180923,"data":"EDGE_TTA_ACTIVE views = 8 mean_abs_feat_delta = 0.370597\n"}
,{"stream_name":"stdout","time":433.031617958,"data":"EDGE_TTA_ACTIVE views = 8 mean_abs_feat_delta = 0.332742\n"}
,{"stream_name":"stdout","time":433.676375467,"data":"SECONDARY_EDGE_TTA_ACTIVE views = 8 weight = 0.75 mean_abs_feat_delta = 0.278308\n"}
,{"stream_name":"stdout","time":433.992941727,"data":"SECONDARY_EDGE_TTA_ACTIVE views = 8 weight = 0.75 mean_abs_feat_delta = 0.239566\n"}
,{"stream_name":"stdout","time":434.792031995,"data":"EDGE_TTA_ACTIVE views = 8 mean_abs_feat_delta = 0.372674\n"}
,{"stream_name":"stdout","time":435.063754467,"data":"EDGE_TTA_ACTIVE views = 8 mean_abs_feat_delta = 0.325998\n"}
,{"stream_name":"stdout","time":435.728975347,"data":"SECONDARY_EDGE_TTA_ACTIVE views = 8 weight = 0.75 mean_abs_feat_delta = 0.285352\n"}
,{"stream_name":"stdout","time":436.034015734,"data":"SECONDARY_EDGE_TTA_ACTIVE views = 8 weight = 0.75 mean_abs_feat_delta = 0.242074\n"}
,{"stream_name":"stdout","time":436.806809511,"data":"EDGE_TTA_ACTIVE views = 8 mean_abs_feat_delta = 0.367938\n"}
,{"stream_name":"stdout","time":437.11957161,"data":"EDGE_TTA_ACTIVE views = 8 mean_abs_feat_delta = 0.326187\n"}
,{"stream_name":"stdout","time":437.768979981,"data":"SECONDARY_EDGE_TTA_ACTIVE views = 8 weight = 0.75 mean_abs_feat_delta = 0.280788\n"}
,{"stream_name":"stdout","time":438.087108636,"data":"SECONDARY_EDGE_TTA_ACTIVE views = 8 weight = 0.75 mean_abs_feat_delta = 0.24388\n"}
,{"stream_name":"stdout","time":438.854914514,"data":"EDGE_TTA_ACTIVE views = 8 mean_abs_feat_delta = 0.364834\n"}
,{"stream_name":"stdout","time":439.154214109,"data":"EDGE_TTA_ACTIVE views = 8 mean_abs_feat_delta = 0.329641\n"}
,{"stream_name":"stdout","time":439.816470659,"data":"SECONDARY_EDGE_TTA_ACTIVE views = 8 weight = 0.75 mean_abs_feat_delta = 0.282166\n"}
,{"stream_name":"stdout","time":440.118052402,"data":"SECONDARY_EDGE_TTA_ACTIVE views = 8 weight = 0.75 mean_abs_feat_delta = 0.242396\n"}
,{"stream_name":"stdout","time":440.908887484,"data":"EDGE_TTA_ACTIVE views = 8 mean_abs_feat_delta = 0.36801\n"}
,{"stream_name":"stdout","time":441.191304686,"data":"EDGE_TTA_ACTIVE views = 8 mean_abs_feat_delta = 0.331184\n"}
,{"stream_name":"stdout","time":441.883008272,"data":"SECONDARY_EDGE_TTA_ACTIVE views = 8 weight = 0.75 mean_abs_feat_delta = 0.283823\n"}
,{"stream_name":"stdout","time":442.163898882,"data":"SECONDARY_EDGE_TTA_ACTIVE views = 8 weight = 0.75 mean_abs_feat_delta = 0.24245\n"}
,{"stream_name":"stdout","time":442.956719962,"data":"EDGE_TTA_ACTIVE views = 8 mean_abs_feat_delta = 0.367877\n"}
,{"stream_name":"stdout","time":443.237306508,"data":"EDGE_TTA_ACTIVE views = 8 mean_abs_feat_delta = 0.330506\n"}
,{"stream_name":"stdout","time":443.9297276,"data":"SECONDARY_EDGE_TTA_ACTIVE views = 8 weight = 0.75 mean_abs_feat_delta = 0.281373\n"}
,{"stream_name":"stdout","time":444.209783532,"data":"SECONDARY_EDGE_TTA_ACTIVE views = 8 weight = 0.75 mean_abs_feat_delta = 0.246663\n"}
,{"stream_name":"stdout","time":445.083807531,"data":"EDGE_TTA_ACTIVE views = 8 mean_abs_feat_delta = 0.368248\n"}
,{"stream_name":"stdout","time":445.28307876,"data":"EDGE_TTA_ACTIVE views = 8 mean_abs_feat_delta = 0.326851\n"}
,{"stream_name":"stdout","time":446.056185416,"data":"SECONDARY_EDGE_TTA_ACTIVE views = 8 weight = 0.75 mean_abs_feat_delta = 0.281151\n"}
,{"stream_name":"stdout","time":446.257446963,"data":"SECONDARY_EDGE_TTA_ACTIVE views = 8 weight = 0.75 mean_abs_feat_delta = 0.248161\n"}
,{"stream_name":"stdout","time":447.149928779,"data":"EDGE_TTA_ACTIVE views = 8 mean_abs_feat_delta = 0.366473\n"}
,{"stream_name":"stdout","time":447.351820183,"data":"EDGE_TTA_ACTIVE views = 8 mean_abs_feat_delta = 0.32759\n"}
,{"stream_name":"stdout","time":448.123397565,"data":"SECONDARY_EDGE_TTA_ACTIVE views = 8 weight = 0.75 mean_abs_feat_delta = 0.288338\n"}
,{"stream_name":"stdout","time":448.330902593,"data":"SECONDARY_EDGE_TTA_ACTIVE views = 8 weight = 0.75 mean_abs_feat_delta = 0.244572\n"}
,{"stream_name":"stdout","time":449.238287288,"data":"EDGE_TTA_ACTIVE views = 8 mean_abs_feat_delta = 0.369227\n"}
,{"stream_name":"stdout","time":449.478397805,"data":"EDGE_TTA_ACTIVE views = 8 mean_abs_feat_delta = 0.323605\n"}
,{"stream_name":"stdout","time":450.212191952,"data":"SECONDARY_EDGE_TTA_ACTIVE views = 8 weight = 0.75 mean_abs_feat_delta = 0.292434\n"}
,{"stream_name":"stdout","time":450.216278438,"data":"BIOHUB_RETENTION_GUARD {\"blended_candidates\": 264, \"dataset\": \"44b6_0b24845f\", \"frame\": 47, \"minimum_retention\": 0.9, \"primary_candidates\": 307, \"retention\": 0.8599348534201955, \"use_primary\": true}\n"}
,{"stream_name":"stdout","time":450.460729994,"data":"SECONDARY_EDGE_TTA_ACTIVE views = 8 weight = 0.75 mean_abs_feat_delta = 0.244253\n"}
,{"stream_name":"stdout","time":451.305462092,"data":"EDGE_TTA_ACTIVE views = 8 mean_abs_feat_delta = 0.376915\n"}
,{"stream_name":"stdout","time":451.546367605,"data":"EDGE_TTA_ACTIVE views = 8 mean_abs_feat_delta = 0.332571\n"}
,{"stream_name":"stdout","time":452.28109475,"data":"SECONDARY_EDGE_TTA_ACTIVE views = 8 weight = 0.75 mean_abs_feat_delta = 0.288129\n"}
,{"stream_name":"stdout","time":452.540356732,"data":"SECONDARY_EDGE_TTA_ACTIVE views = 8 weight = 0.75 mean_abs_feat_delta = 0.251298\n"}
,{"stream_name":"stdout","time":453.433975719,"data":"EDGE_TTA_ACTIVE views = 8 mean_abs_feat_delta = 0.373149\n"}
,{"stream_name":"stdout","time":453.619556197,"data":"EDGE_TTA_ACTIVE views = 8 mean_abs_feat_delta = 0.328319\n"}
,{"stream_name":"stdout","time":454.417606001,"data":"SECONDARY_EDGE_TTA_ACTIVE views = 8 weight = 0.75 mean_abs_feat_delta = 0.299885\n"}
,{"stream_name":"stdout","time":454.613431374,"data":"SECONDARY_EDGE_TTA_ACTIVE views = 8 weight = 0.75 mean_abs_feat_delta = 0.241945\n"}
,{"stream_name":"stdout","time":455.549787556,"data":"EDGE_TTA_ACTIVE views = 8 mean_abs_feat_delta = 0.373289\n"}
,{"stream_name":"stdout","time":455.745300552,"data":"EDGE_TTA_ACTIVE views = 8 mean_abs_feat_delta = 0.327289\n"}
,{"stream_name":"stdout","time":456.54338456,"data":"SECONDARY_EDGE_TTA_ACTIVE views = 8 weight = 0.75 mean_abs_feat_delta = 0.305548\n"}
,{"stream_name":"stdout","time":456.547204108,"data":"BIOHUB_RETENTION_GUARD {\"blended_candidates\": 253, \"dataset\": \"44b6_0b24845f\", \"frame\": 50, \"minimum_retention\": 0.9, \"primary_candidates\": 285, \"retention\": 0.887719298245614, \"use_primary\": true}\n"}
,{"stream_name":"stdout","time":456.745364427,"data":"SECONDARY_EDGE_TTA_ACTIVE views = 8 weight = 0.75 mean_abs_feat_delta = 0.241039\n"}
,{"stream_name":"stdout","time":457.678710239,"data":"EDGE_TTA_ACTIVE views = 8 mean_abs_feat_delta = 0.372374\n"}
,{"stream_name":"stdout","time":457.876846761,"data":"EDGE_TTA_ACTIVE views = 8 mean_abs_feat_delta = 0.337614\n"}
,{"stream_name":"stdout","time":458.679564784,"data":"SECONDARY_EDGE_TTA_ACTIVE views = 8 weight = 0.75 mean_abs_feat_delta = 0.296505\n"}
,{"stream_name":"stdout","time":458.683883602,"data":"BIOHUB_RETENTION_GUARD {\"blended_candidates\": 321, \"dataset\": \"44b6_0b24845f\", \"frame\": 51, \"minimum_retention\": 0.9, \"primary_candidates\": 361, \"retention\": 0.889196675900277, \"use_primary\": true}\n"}
,{"stream_name":"stdout","time":458.883102574,"data":"SECONDARY_EDGE_TTA_ACTIVE views = 8 weight = 0.75 mean_abs_feat_delta = 0.250851\n"}
,{"stream_name":"stdout","time":459.791905845,"data":"EDGE_TTA_ACTIVE views = 8 mean_abs_feat_delta = 0.36791\n"}
,{"stream_name":"stdout","time":459.988576165,"data":"EDGE_TTA_ACTIVE views = 8 mean_abs_feat_delta = 0.338693\n"}
,{"stream_name":"stdout","time":460.796087587,"data":"SECONDARY_EDGE_TTA_ACTIVE views = 8 weight = 0.75 mean_abs_feat_delta = 0.295986\n"}
,{"stream_name":"stdout","time":460.990978263,"data":"SECONDARY_EDGE_TTA_ACTIVE views = 8 weight = 0.75 mean_abs_feat_delta = 0.253217\n"}
,{"stream_name":"stdout","time":461.954097977,"data":"EDGE_TTA_ACTIVE views = 8 mean_abs_feat_delta = 0.370709\n"}
,{"stream_name":"stdout","time":462.134782563,"data":"EDGE_TTA_ACTIVE views = 8 mean_abs_feat_delta = 0.338257\n"}
,{"stream_name":"stdout","time":462.963413188,"data":"SECONDARY_EDGE_TTA_ACTIVE views = 8 weight = 0.75 mean_abs_feat_delta = 0.30285\n"}
,{"stream_name":"stdout","time":462.967289744,"data":"BIOHUB_RETENTION_GUARD {\"blended_candidates\": 305, \"dataset\": \"44b6_0b24845f\", \"frame\": 53, \"minimum_retention\": 0.9, \"primary_candidates\": 342, \"retention\": 0.8918128654970761, \"use_primary\": true}\n"}
,{"stream_name":"stdout","time":463.153845603,"data":"SECONDARY_EDGE_TTA_ACTIVE views = 8 weight = 0.75 mean_abs_feat_delta = 0.261342\n"}
,{"stream_name":"stdout","time":464.086381429,"data":"EDGE_TTA_ACTIVE views = 8 mean_abs_feat_delta = 0.369503\n"}
,{"stream_name":"stdout","time":464.280754167,"data":"EDGE_TTA_ACTIVE views = 8 mean_abs_feat_delta = 0.33887\n"}
,{"stream_name":"stdout","time":465.124473336,"data":"SECONDARY_EDGE_TTA_ACTIVE views = 8 weight = 0.75 mean_abs_feat_delta = 0.30254\n"}
,{"stream_name":"stdout","time":465.124990217,"data":"BIOHUB_RETENTION_GUARD {\"blended_candidates\": 321, \"dataset\": \"44b6_0b24845f\", \"frame\": 54, \"minimum_retention\": 0.9, \"primary_candidates\": 362, \"retention\": 0.8867403314917127, \"use_primary\": true}\n"}
,{"stream_name":"stdout","time":465.300641492,"data":"SECONDARY_EDGE_TTA_ACTIVE views = 8 weight = 0.75 mean_abs_feat_delta = 0.263655\n"}
,{"stream_name":"stdout","time":466.237818061,"data":"EDGE_TTA_ACTIVE views = 8 mean_abs_feat_delta = 0.3697\n"}
,{"stream_name":"stdout","time":466.444950727,"data":"EDGE_TTA_ACTIVE views = 8 mean_abs_feat_delta = 0.339106\n"}
,{"stream_name":"stdout","time":467.252271782,"data":"SECONDARY_EDGE_TTA_ACTIVE views = 8 weight = 0.75 mean_abs_feat_delta = 0.304896\n"}
,{"stream_name":"stdout","time":467.472068205,"data":"SECONDARY_EDGE_TTA_ACTIVE views = 8 weight = 0.75 mean_abs_feat_delta = 0.264049\n"}
,{"stream_name":"stdout","time":468.393628319,"data":"EDGE_TTA_ACTIVE views = 8 mean_abs_feat_delta = 0.37301\n"}
,{"stream_name":"stdout","time":468.681609228,"data":"EDGE_TTA_ACTIVE views = 8 mean_abs_feat_delta = 0.341611\n"}
,{"stream_name":"stdout","time":469.415363464,"data":"SECONDARY_EDGE_TTA_ACTIVE views = 8 weight = 0.75 mean_abs_feat_delta = 0.308335\n"}
,{"stream_name":"stdout","time":469.715504089,"data":"SECONDARY_EDGE_TTA_ACTIVE views = 8 weight = 0.75 mean_abs_feat_delta = 0.262185\n"}
,{"stream_name":"stdout","time":470.558597388,"data":"EDGE_TTA_ACTIVE views = 8 mean_abs_feat_delta = 0.367347\n"}
,{"stream_name":"stdout","time":470.873210271,"data":"EDGE_TTA_ACTIVE views = 8 mean_abs_feat_delta = 0.346143\n"}
,{"stream_name":"stdout","time":471.585861699,"data":"SECONDARY_EDGE_TTA_ACTIVE views = 8 weight = 0.75 mean_abs_feat_delta = 0.3079\n"}
,{"stream_name":"stdout","time":471.915782499,"data":"SECONDARY_EDGE_TTA_ACTIVE views = 8 weight = 0.75 mean_abs_feat_delta = 0.257653\n"}
,{"stream_name":"stdout","time":472.734288145,"data":"EDGE_TTA_ACTIVE views = 8 mean_abs_feat_delta = 0.36398\n"}
,{"stream_name":"stdout","time":473.130380664,"data":"EDGE_TTA_ACTIVE views = 8 mean_abs_feat_delta = 0.340083\n"}
,{"stream_name":"stdout","time":473.762849002,"data":"SECONDARY_EDGE_TTA_ACTIVE views = 8 weight = 0.75 mean_abs_feat_delta = 0.304751\n"}
,{"stream_name":"stdout","time":473.766635029,"data":"BIOHUB_RETENTION_GUARD {\"blended_candidates\": 263, \"dataset\": \"44b6_0b24845f\", \"frame\": 58, \"minimum_retention\": 0.9, \"primary_candidates\": 312, \"retention\": 0.842948717948718, \"use_primary\": true}\n"}
,{"stream_name":"stdout","time":474.183082992,"data":"SECONDARY_EDGE_TTA_ACTIVE views = 8 weight = 0.75 mean_abs_feat_delta = 0.252778\n"}
,{"stream_name":"stdout","time":474.990458624,"data":"EDGE_TTA_ACTIVE views = 8 mean_abs_feat_delta = 0.366206\n"}
,{"stream_name":"stdout","time":475.425111055,"data":"EDGE_TTA_ACTIVE views = 8 mean_abs_feat_delta = 0.339203\n"}
,{"stream_name":"stdout","time":476.019384162,"data":"SECONDARY_EDGE_TTA_ACTIVE views = 8 weight = 0.75 mean_abs_feat_delta = 0.300835\n"}
,{"stream_name":"stdout","time":476.023749515,"data":"BIOHUB_RETENTION_GUARD {\"blended_candidates\": 303, \"dataset\": \"44b6_0b24845f\", \"frame\": 59, \"minimum_retention\": 0.9, \"primary_candidates\": 346, \"retention\": 0.8757225433526011, \"use_primary\": true}\n"}
,{"stream_name":"stdout","time":476.485383246,"data":"SECONDARY_EDGE_TTA_ACTIVE views = 8 weight = 0.75 mean_abs_feat_delta = 0.255196\n"}
,{"stream_name":"stdout","time":477.270215809,"data":"EDGE_TTA_ACTIVE views = 8 mean_abs_feat_delta = 0.36887\n"}
,{"stream_name":"stdout","time":477.775035593,"data":"EDGE_TTA_ACTIVE views = 8 mean_abs_feat_delta = 0.336994\n"}
,{"stream_name":"stdout","time":478.304017541,"data":"SECONDARY_EDGE_TTA_ACTIVE views = 8 weight = 0.75 mean_abs_feat_delta = 0.300158\n"}
,{"stream_name":"stdout","time":478.307804288,"data":"BIOHUB_RETENTION_GUARD {\"blended_candidates\": 335, \"dataset\": \"44b6_0b24845f\", \"frame\": 60, \"minimum_retention\": 0.9, \"primary_candidates\": 393, \"retention\": 0.8524173027989822, \"use_primary\": true}\n"}
,{"stream_name":"stdout","time":478.833882376,"data":"SECONDARY_EDGE_TTA_ACTIVE views = 8 weight = 0.75 mean_abs_feat_delta = 0.255652\n"}
,{"stream_name":"stdout","time":479.462378621,"data":"EDGE_TTA_ACTIVE views = 8 mean_abs_feat_delta = 0.365386\n"}
,{"stream_name":"stdout","time":479.990326957,"data":"EDGE_TTA_ACTIVE views = 8 mean_abs_feat_delta = 0.342499\n"}
,{"stream_name":"stdout","time":480.490536977,"data":"SECONDARY_EDGE_TTA_ACTIVE views = 8 weight = 0.75 mean_abs_feat_delta = 0.300168\n"}
,{"stream_name":"stdout","time":480.494698763,"data":"BIOHUB_RETENTION_GUARD {\"blended_candidates\": 275, \"dataset\": \"44b6_0b24845f\", \"frame\": 61, \"minimum_retention\": 0.9, \"primary_candidates\": 333, \"retention\": 0.8258258258258259, \"use_primary\": true}\n"}
,{"stream_name":"stdout","time":481.05286844,"data":"SECONDARY_EDGE_TTA_ACTIVE views = 8 weight = 0.75 mean_abs_feat_delta = 0.256616\n"}
,{"stream_name":"stdout","time":481.640005311,"data":"EDGE_TTA_ACTIVE views = 8 mean_abs_feat_delta = 0.366621\n"}
,{"stream_name":"stdout","time":482.243877044,"data":"EDGE_TTA_ACTIVE views = 8 mean_abs_feat_delta = 0.346059\n"}
,{"stream_name":"stdout","time":482.663928003,"data":"SECONDARY_EDGE_TTA_ACTIVE views = 8 weight = 0.75 mean_abs_feat_delta = 0.300845\n"}
,{"stream_name":"stdout","time":482.66774761,"data":"BIOHUB_RETENTION_GUARD {\"blended_candidates\": 298, \"dataset\": \"44b6_0b24845f\", \"frame\": 62, \"minimum_retention\": 0.9, \"primary_candidates\": 345, \"retention\": 0.863768115942029, \"use_primary\": true}\n"}
,{"stream_name":"stdout","time":483.302249918,"data":"SECONDARY_EDGE_TTA_ACTIVE views = 8 weight = 0.75 mean_abs_feat_delta = 0.257121\n"}
,{"stream_name":"stdout","time":483.805133512,"data":"EDGE_TTA_ACTIVE views = 8 mean_abs_feat_delta = 0.373908\n"}
,{"stream_name":"stdout","time":484.503914472,"data":"EDGE_TTA_ACTIVE views = 8 mean_abs_feat_delta = 0.346159\n"}
,{"stream_name":"stdout","time":484.824246502,"data":"SECONDARY_EDGE_TTA_ACTIVE views = 8 weight = 0.75 mean_abs_feat_delta = 0.303221\n"}
,{"stream_name":"stdout","time":485.548778569,"data":"SECONDARY_EDGE_TTA_ACTIVE views = 8 weight = 0.75 mean_abs_feat_delta = 0.257896\n"}
,{"stream_name":"stdout","time":485.98886125,"data":"EDGE_TTA_ACTIVE views = 8 mean_abs_feat_delta = 0.368494\n"}
,{"stream_name":"stdout","time":486.765566185,"data":"EDGE_TTA_ACTIVE views = 8 mean_abs_feat_delta = 0.345426\n"}
,{"stream_name":"stdout","time":486.996726632,"data":"SECONDARY_EDGE_TTA_ACTIVE views = 8 weight = 0.75 mean_abs_feat_delta = 0.299317\n"}
,{"stream_name":"stdout","time":487.000764924,"data":"BIOHUB_RETENTION_GUARD {\"blended_candidates\": 295, \"dataset\": \"44b6_0b24845f\", \"frame\": 64, \"minimum_retention\": 0.9, \"primary_candidates\": 344, \"retention\": 0.8575581395348837, \"use_primary\": true}\n"}
,{"stream_name":"stdout","time":487.801960955,"data":"SECONDARY_EDGE_TTA_ACTIVE views = 8 weight = 0.75 mean_abs_feat_delta = 0.259858\n"}
,{"stream_name":"stdout","time":488.180536543,"data":"EDGE_TTA_ACTIVE views = 8 mean_abs_feat_delta = 0.370026\n"}
,{"stream_name":"stdout","time":488.959600907,"data":"EDGE_TTA_ACTIVE views = 8 mean_abs_feat_delta = 0.344989\n"}
,{"stream_name":"stdout","time":489.181418764,"data":"SECONDARY_EDGE_TTA_ACTIVE views = 8 weight = 0.75 mean_abs_feat_delta = 0.299955\n"}
,{"stream_name":"stdout","time":489.185583911,"data":"BIOHUB_RETENTION_GUARD {\"blended_candidates\": 335, \"dataset\": \"44b6_0b24845f\", \"frame\": 65, \"minimum_retention\": 0.9, \"primary_candidates\": 378, \"retention\": 0.8862433862433863, \"use_primary\": true}\n"}
,{"stream_name":"stdout","time":489.984850269,"data":"SECONDARY_EDGE_TTA_ACTIVE views = 8 weight = 0.75 mean_abs_feat_delta = 0.25507\n"}
,{"stream_name":"stdout","time":490.297801505,"data":"EDGE_TTA_ACTIVE views = 8 mean_abs_feat_delta = 0.369253\n"}
,{"stream_name":"stdout","time":491.102627852,"data":"EDGE_TTA_ACTIVE views = 8 mean_abs_feat_delta = 0.343404\n"}
,{"stream_name":"stdout","time":491.293490496,"data":"SECONDARY_EDGE_TTA_ACTIVE views = 8 weight = 0.75 mean_abs_feat_delta = 0.296912\n"}
,{"stream_name":"stdout","time":491.298027434,"data":"BIOHUB_RETENTION_GUARD {\"blended_candidates\": 324, \"dataset\": \"44b6_0b24845f\", \"frame\": 66, \"minimum_retention\": 0.9, \"primary_candidates\": 375, \"retention\": 0.864, \"use_primary\": true}\n"}
,{"stream_name":"stdout","time":492.118512919,"data":"SECONDARY_EDGE_TTA_ACTIVE views = 8 weight = 0.75 mean_abs_feat_delta = 0.262098\n"}
,{"stream_name":"stdout","time":492.443677511,"data":"EDGE_TTA_ACTIVE views = 8 mean_abs_feat_delta = 0.365768\n"}
,{"stream_name":"stdout","time":493.258435554,"data":"EDGE_TTA_ACTIVE views = 8 mean_abs_feat_delta = 0.341221\n"}
,{"stream_name":"stdout","time":493.435994964,"data":"SECONDARY_EDGE_TTA_ACTIVE views = 8 weight = 0.75 mean_abs_feat_delta = 0.291366\n"}
,{"stream_name":"stdout","time":494.261427776,"data":"SECONDARY_EDGE_TTA_ACTIVE views = 8 weight = 0.75 mean_abs_feat_delta = 0.262847\n"}
,{"stream_name":"stdout","time":494.573231423,"data":"EDGE_TTA_ACTIVE views = 8 mean_abs_feat_delta = 0.365075\n"}
,{"stream_name":"stdout","time":495.394659592,"data":"EDGE_TTA_ACTIVE views = 8 mean_abs_feat_delta = 0.343003\n"}
,{"stream_name":"stdout","time":495.561486295,"data":"SECONDARY_EDGE_TTA_ACTIVE views = 8 weight = 0.75 mean_abs_feat_delta = 0.293296\n"}
,{"stream_name":"stdout","time":496.371972233,"data":"SECONDARY_EDGE_TTA_ACTIVE views = 8 weight = 0.75 mean_abs_feat_delta = 0.261047\n"}
,{"stream_name":"stdout","time":496.680275016,"data":"EDGE_TTA_ACTIVE views = 8 mean_abs_feat_delta = 0.366016\n"}
,{"stream_name":"stdout","time":497.466459501,"data":"EDGE_TTA_ACTIVE views = 8 mean_abs_feat_delta = 0.343125\n"}
,{"stream_name":"stdout","time":497.655217986,"data":"SECONDARY_EDGE_TTA_ACTIVE views = 8 weight = 0.75 mean_abs_feat_delta = 0.301719\n"}
,{"stream_name":"stdout","time":498.459986097,"data":"SECONDARY_EDGE_TTA_ACTIVE views = 8 weight = 0.75 mean_abs_feat_delta = 0.257455\n"}
,{"stream_name":"stdout","time":498.785165836,"data":"EDGE_TTA_ACTIVE views = 8 mean_abs_feat_delta = 0.365231\n"}
,{"stream_name":"stdout","time":499.617084212,"data":"EDGE_TTA_ACTIVE views = 8 mean_abs_feat_delta = 0.337095\n"}
,{"stream_name":"stdout","time":499.759918758,"data":"SECONDARY_EDGE_TTA_ACTIVE views = 8 weight = 0.75 mean_abs_feat_delta = 0.301488\n"}
,{"stream_name":"stdout","time":499.763851551,"data":"BIOHUB_RETENTION_GUARD {\"blended_candidates\": 260, \"dataset\": \"44b6_0b24845f\", \"frame\": 70, \"minimum_retention\": 0.9, \"primary_candidates\": 305, \"retention\": 0.8524590163934426, \"use_primary\": true}\n"}
,{"stream_name":"stdout","time":500.608116608,"data":"SECONDARY_EDGE_TTA_ACTIVE views = 8 weight = 0.75 mean_abs_feat_delta = 0.254838\n"}
,{"stream_name":"stdout","time":500.890292194,"data":"EDGE_TTA_ACTIVE views = 8 mean_abs_feat_delta = 0.36009\n"}
,{"stream_name":"stdout","time":501.744386419,"data":"EDGE_TTA_ACTIVE views = 8 mean_abs_feat_delta = 0.337123\n"}
,{"stream_name":"stdout","time":501.863724638,"data":"SECONDARY_EDGE_TTA_ACTIVE views = 8 weight = 0.75 mean_abs_feat_delta = 0.299423\n"}
,{"stream_name":"stdout","time":502.732718373,"data":"SECONDARY_EDGE_TTA_ACTIVE views = 8 weight = 0.75 mean_abs_feat_delta = 0.260524\n"}
,{"stream_name":"stdout","time":503.037615792,"data":"EDGE_TTA_ACTIVE views = 8 mean_abs_feat_delta = 0.360462\n"}
,{"stream_name":"stdout","time":503.83143655,"data":"EDGE_TTA_ACTIVE views = 8 mean_abs_feat_delta = 0.338112\n"}
,{"stream_name":"stdout","time":504.009969316,"data":"SECONDARY_EDGE_TTA_ACTIVE views = 8 weight = 0.75 mean_abs_feat_delta = 0.301712\n"}
,{"stream_name":"stdout","time":504.803987788,"data":"SECONDARY_EDGE_TTA_ACTIVE views = 8 weight = 0.75 mean_abs_feat_delta = 0.262847\n"}
,{"stream_name":"stdout","time":505.122428161,"data":"EDGE_TTA_ACTIVE views = 8 mean_abs_feat_delta = 0.359757\n"}
,{"stream_name":"stdout","time":505.935748212,"data":"EDGE_TTA_ACTIVE views = 8 mean_abs_feat_delta = 0.338704\n"}
,{"stream_name":"stdout","time":506.094482135,"data":"SECONDARY_EDGE_TTA_ACTIVE views = 8 weight = 0.75 mean_abs_feat_delta = 0.305584\n"}
,{"stream_name":"stdout","time":506.098557637,"data":"BIOHUB_RETENTION_GUARD {\"blended_candidates\": 197, \"dataset\": \"44b6_0b24845f\", \"frame\": 73, \"minimum_retention\": 0.9, \"primary_candidates\": 262, \"retention\": 0.7519083969465649, \"use_primary\": true}\n"}
,{"stream_name":"stdout","time":506.910350994,"data":"SECONDARY_EDGE_TTA_ACTIVE views = 8 weight = 0.75 mean_abs_feat_delta = 0.260131\n"}
,{"stream_name":"stdout","time":507.173904548,"data":"EDGE_TTA_ACTIVE views = 8 mean_abs_feat_delta = 0.368022\n"}
,{"stream_name":"stdout","time":508.000414022,"data":"EDGE_TTA_ACTIVE views = 8 mean_abs_feat_delta = 0.340176\n"}
,{"stream_name":"stdout","time":508.14291878,"data":"SECONDARY_EDGE_TTA_ACTIVE views = 8 weight = 0.75 mean_abs_feat_delta = 0.304789\n"}
,{"stream_name":"stdout","time":508.147028408,"data":"BIOHUB_RETENTION_GUARD {\"blended_candidates\": 224, \"dataset\": \"44b6_0b24845f\", \"frame\": 74, \"minimum_retention\": 0.9, \"primary_candidates\": 291, \"retention\": 0.7697594501718213, \"use_primary\": true}\n"}
,{"stream_name":"stdout","time":508.977163321,"data":"SECONDARY_EDGE_TTA_ACTIVE views = 8 weight = 0.75 mean_abs_feat_delta = 0.256523\n"}
,{"stream_name":"stdout","time":509.215908946,"data":"EDGE_TTA_ACTIVE views = 8 mean_abs_feat_delta = 0.358754\n"}
,{"stream_name":"stdout","time":510.109122549,"data":"EDGE_TTA_ACTIVE views = 8 mean_abs_feat_delta = 0.346094\n"}
,{"stream_name":"stdout","time":510.188012256,"data":"SECONDARY_EDGE_TTA_ACTIVE views = 8 weight = 0.75 mean_abs_feat_delta = 0.299735\n"}
,{"stream_name":"stdout","time":510.192125262,"data":"BIOHUB_RETENTION_GUARD {\"blended_candidates\": 325, \"dataset\": \"44b6_0b24845f\", \"frame\": 75, \"minimum_retention\": 0.9, \"primary_candidates\": 374, \"retention\": 0.8689839572192514, \"use_primary\": true}\n"}
,{"stream_name":"stdout","time":511.082433018,"data":"SECONDARY_EDGE_TTA_ACTIVE views = 8 weight = 0.75 mean_abs_feat_delta = 0.265074\n"}
,{"stream_name":"stdout","time":511.312011737,"data":"EDGE_TTA_ACTIVE views = 8 mean_abs_feat_delta = 0.358919\n"}
,{"stream_name":"stdout","time":512.277945626,"data":"SECONDARY_EDGE_TTA_ACTIVE views = 8 weight = 0.75 mean_abs_feat_delta = 0.295727\n"}
,{"stream_name":"stdout","time":512.284313075,"data":"EDGE_TTA_ACTIVE views = 8 mean_abs_feat_delta = 0.348292\n"}
,{"stream_name":"stdout","time":512.285372614,"data":"BIOHUB_RETENTION_GUARD {\"blended_candidates\": 321, \"dataset\": \"44b6_0b24845f\", \"frame\": 76, \"minimum_retention\": 0.9, \"primary_candidates\": 379, \"retention\": 0.8469656992084432, \"use_primary\": true}\n"}
,{"stream_name":"stdout","time":513.266375325,"data":"SECONDARY_EDGE_TTA_ACTIVE views = 8 weight = 0.75 mean_abs_feat_delta = 0.26712\n"}
,{"stream_name":"stdout","time":513.389134677,"data":"EDGE_TTA_ACTIVE views = 8 mean_abs_feat_delta = 0.361097\n"}
,{"stream_name":"stdout","time":514.361875512,"data":"SECONDARY_EDGE_TTA_ACTIVE views = 8 weight = 0.75 mean_abs_feat_delta = 0.301815\n"}
,{"stream_name":"stdout","time":514.365994171,"data":"BIOHUB_RETENTION_GUARD {\"blended_candidates\": 243, \"dataset\": \"44b6_0b24845f\", \"frame\": 77, \"minimum_retention\": 0.9, \"primary_candidates\": 331, \"retention\": 0.7341389728096677, \"use_primary\": true}\n"}
,{"stream_name":"stdout","time":514.382099774,"data":"EDGE_TTA_ACTIVE views = 8 mean_abs_feat_delta = 0.344312\n"}
,{"stream_name":"stdout","time":515.358460859,"data":"SECONDARY_EDGE_TTA_ACTIVE views = 8 weight = 0.75 mean_abs_feat_delta = 0.263739\n"}
,{"stream_name":"stdout","time":515.514019623,"data":"EDGE_TTA_ACTIVE views = 8 mean_abs_feat_delta = 0.36529\n"}
,{"stream_name":"stdout","time":516.486341088,"data":"SECONDARY_EDGE_TTA_ACTIVE views = 8 weight = 0.75 mean_abs_feat_delta = 0.305391\n"}
,{"stream_name":"stdout","time":516.489372048,"data":"EDGE_TTA_ACTIVE views = 8 mean_abs_feat_delta = 0.341477\n"}
,{"stream_name":"stdout","time":516.490658865,"data":"BIOHUB_RETENTION_GUARD {\"blended_candidates\": 284, \"dataset\": \"44b6_0b24845f\", \"frame\": 78, \"minimum_retention\": 0.9, \"primary_candidates\": 392, \"retention\": 0.7244897959183674, \"use_primary\": true}\n"}
,{"stream_name":"stdout","time":517.463571604,"data":"SECONDARY_EDGE_TTA_ACTIVE views = 8 weight = 0.75 mean_abs_feat_delta = 0.262727\n"}
,{"stream_name":"stdout","time":517.581023754,"data":"EDGE_TTA_ACTIVE views = 8 mean_abs_feat_delta = 0.365892\n"}
,{"stream_name":"stdout","time":518.556467975,"data":"SECONDARY_EDGE_TTA_ACTIVE views = 8 weight = 0.75 mean_abs_feat_delta = 0.302826\n"}
,{"stream_name":"stdout","time":518.560540821,"data":"BIOHUB_RETENTION_GUARD {\"blended_candidates\": 298, \"dataset\": \"44b6_0b24845f\", \"frame\": 79, \"minimum_retention\": 0.9, \"primary_candidates\": 424, \"retention\": 0.7028301886792453, \"use_primary\": true}\n"}
,{"stream_name":"stdout","time":518.635459169,"data":"EDGE_TTA_ACTIVE views = 8 mean_abs_feat_delta = 0.34091\n"}
,{"stream_name":"stdout","time":519.612365953,"data":"SECONDARY_EDGE_TTA_ACTIVE views = 8 weight = 0.75 mean_abs_feat_delta = 0.256411\n"}
,{"stream_name":"stdout","time":519.727464843,"data":"EDGE_TTA_ACTIVE views = 8 mean_abs_feat_delta = 0.365633\n"}
,{"stream_name":"stdout","time":520.703051403,"data":"SECONDARY_EDGE_TTA_ACTIVE views = 8 weight = 0.75 mean_abs_feat_delta = 0.303473\n"}
,{"stream_name":"stdout","time":520.706647757,"data":"BIOHUB_RETENTION_GUARD {\"blended_candidates\": 291, \"dataset\": \"44b6_0b24845f\", \"frame\": 80, \"minimum_retention\": 0.9, \"primary_candidates\": 388, \"retention\": 0.75, \"use_primary\": true}\n"}
,{"stream_name":"stdout","time":520.784459639,"data":"EDGE_TTA_ACTIVE views = 8 mean_abs_feat_delta = 0.337156\n"}
,{"stream_name":"stdout","time":521.763875669,"data":"SECONDARY_EDGE_TTA_ACTIVE views = 8 weight = 0.75 mean_abs_feat_delta = 0.260031\n"}
,{"stream_name":"stdout","time":521.816075466,"data":"EDGE_TTA_ACTIVE views = 8 mean_abs_feat_delta = 0.369442\n"}
,{"stream_name":"stdout","time":522.791360204,"data":"SECONDARY_EDGE_TTA_ACTIVE views = 8 weight = 0.75 mean_abs_feat_delta = 0.308215\n"}
,{"stream_name":"stdout","time":522.795890638,"data":"BIOHUB_RETENTION_GUARD {\"blended_candidates\": 294, \"dataset\": \"44b6_0b24845f\", \"frame\": 81, \"minimum_retention\": 0.9, \"primary_candidates\": 382, \"retention\": 0.7696335078534031, \"use_primary\": true}\n"}
,{"stream_name":"stdout","time":522.909794131,"data":"EDGE_TTA_ACTIVE views = 8 mean_abs_feat_delta = 0.339841\n"}
,{"stream_name":"stdout","time":523.894401764,"data":"SECONDARY_EDGE_TTA_ACTIVE views = 8 weight = 0.75 mean_abs_feat_delta = 0.262153\n"}
,{"stream_name":"stdout","time":523.904658116,"data":"EDGE_TTA_ACTIVE views = 8 mean_abs_feat_delta = 0.373979\n"}
,{"stream_name":"stdout","time":524.881627781,"data":"SECONDARY_EDGE_TTA_ACTIVE views = 8 weight = 0.75 mean_abs_feat_delta = 0.312577\n"}
,{"stream_name":"stdout","time":524.885494912,"data":"BIOHUB_RETENTION_GUARD {\"blended_candidates\": 277, \"dataset\": \"44b6_0b24845f\", \"frame\": 82, \"minimum_retention\": 0.9, \"primary_candidates\": 385, \"retention\": 0.7194805194805195, \"use_primary\": true}\n"}
,{"stream_name":"stdout","time":525.04054106,"data":"EDGE_TTA_ACTIVE views = 8 mean_abs_feat_delta = 0.34054\n"}
,{"stream_name":"stdout","time":526.055978724,"data":"SECONDARY_EDGE_TTA_ACTIVE views = 8 weight = 0.75 mean_abs_feat_delta = 0.258925\n"}
,{"stream_name":"stdout","time":526.075526069,"data":"EDGE_TTA_ACTIVE views = 8 mean_abs_feat_delta = 0.365009\n"}
,{"stream_name":"stdout","time":527.052789834,"data":"SECONDARY_EDGE_TTA_ACTIVE views = 8 weight = 0.75 mean_abs_feat_delta = 0.311063\n"}
,{"stream_name":"stdout","time":527.056592636,"data":"BIOHUB_RETENTION_GUARD {\"blended_candidates\": 268, \"dataset\": \"44b6_0b24845f\", \"frame\": 83, \"minimum_retention\": 0.9, \"primary_candidates\": 379, \"retention\": 0.7071240105540897, \"use_primary\": true}\n"}
,{"stream_name":"stdout","time":527.168838441,"data":"EDGE_TTA_ACTIVE views = 8 mean_abs_feat_delta = 0.345761\n"}
,{"stream_name":"stdout","time":528.166265361,"data":"SECONDARY_EDGE_TTA_ACTIVE views = 8 weight = 0.75 mean_abs_feat_delta = 0.260799\n"}
,{"stream_name":"stdout","time":528.168414215,"data":"EDGE_TTA_ACTIVE views = 8 mean_abs_feat_delta = 0.36654\n"}
,{"stream_name":"stdout","time":529.145261738,"data":"SECONDARY_EDGE_TTA_ACTIVE views = 8 weight = 0.75 mean_abs_feat_delta = 0.311139\n"}
,{"stream_name":"stdout","time":529.14926601,"data":"BIOHUB_RETENTION_GUARD {\"blended_candidates\": 287, \"dataset\": \"44b6_0b24845f\", \"frame\": 84, \"minimum_retention\": 0.9, \"primary_candidates\": 361, \"retention\": 0.7950138504155124, \"use_primary\": true}\n"}
,{"stream_name":"stdout","time":529.284636446,"data":"EDGE_TTA_ACTIVE views = 8 mean_abs_feat_delta = 0.34535\n"}
,{"stream_name":"stdout","time":530.276312252,"data":"SECONDARY_EDGE_TTA_ACTIVE views = 8 weight = 0.75 mean_abs_feat_delta = 0.261693\n"}
,{"stream_name":"stdout","time":530.338829945,"data":"EDGE_TTA_ACTIVE views = 8 mean_abs_feat_delta = 0.364996\n"}
,{"stream_name":"stdout","time":531.3320597,"data":"SECONDARY_EDGE_TTA_ACTIVE views = 8 weight = 0.75 mean_abs_feat_delta = 0.312248\n"}
,{"stream_name":"stdout","time":531.336156846,"data":"BIOHUB_RETENTION_GUARD {\"blended_candidates\": 198, \"dataset\": \"44b6_0b24845f\", \"frame\": 85, \"minimum_retention\": 0.9, \"primary_candidates\": 294, \"retention\": 0.673469387755102, \"use_primary\": true}\n"}
,{"stream_name":"stdout","time":531.371592334,"data":"EDGE_TTA_ACTIVE views = 8 mean_abs_feat_delta = 0.345018\n"}
,{"stream_name":"stdout","time":532.369174179,"data":"SECONDARY_EDGE_TTA_ACTIVE views = 8 weight = 0.75 mean_abs_feat_delta = 0.264586\n"}
,{"stream_name":"stdout","time":532.435428534,"data":"EDGE_TTA_ACTIVE views = 8 mean_abs_feat_delta = 0.364819\n"}
,{"stream_name":"stdout","time":533.43111311,"data":"SECONDARY_EDGE_TTA_ACTIVE views = 8 weight = 0.75 mean_abs_feat_delta = 0.317294\n"}
,{"stream_name":"stdout","time":533.435248873,"data":"BIOHUB_RETENTION_GUARD {\"blended_candidates\": 169, \"dataset\": \"44b6_0b24845f\", \"frame\": 86, \"minimum_retention\": 0.9, \"primary_candidates\": 282, \"retention\": 0.599290780141844, \"use_primary\": true}\n"}
,{"stream_name":"stdout","time":533.525350363,"data":"EDGE_TTA_ACTIVE views = 8 mean_abs_feat_delta = 0.339492\n"}
,{"stream_name":"stdout","time":534.536257845,"data":"SECONDARY_EDGE_TTA_ACTIVE views = 8 weight = 0.75 mean_abs_feat_delta = 0.262994\n"}
,{"stream_name":"stdout","time":534.569290346,"data":"EDGE_TTA_ACTIVE views = 8 mean_abs_feat_delta = 0.360555\n"}
,{"stream_name":"stdout","time":535.571184182,"data":"SECONDARY_EDGE_TTA_ACTIVE views = 8 weight = 0.75 mean_abs_feat_delta = 0.318325\n"}
,{"stream_name":"stdout","time":535.575085655,"data":"BIOHUB_RETENTION_GUARD {\"blended_candidates\": 232, \"dataset\": \"44b6_0b24845f\", \"frame\": 87, \"minimum_retention\": 0.9, \"primary_candidates\": 323, \"retention\": 0.718266253869969, \"use_primary\": true}\n"}
,{"stream_name":"stdout","time":535.677560576,"data":"EDGE_TTA_ACTIVE views = 8 mean_abs_feat_delta = 0.333718\n"}
,{"stream_name":"stdout","time":536.69325966,"data":"SECONDARY_EDGE_TTA_ACTIVE views = 8 weight = 0.75 mean_abs_feat_delta = 0.257147\n"}
,{"stream_name":"stdout","time":536.694265325,"data":"EDGE_TTA_ACTIVE views = 8 mean_abs_feat_delta = 0.367991\n"}
,{"stream_name":"stdout","time":537.696574716,"data":"SECONDARY_EDGE_TTA_ACTIVE views = 8 weight = 0.75 mean_abs_feat_delta = 0.319785\n"}
,{"stream_name":"stdout","time":537.700450501,"data":"BIOHUB_RETENTION_GUARD {\"blended_candidates\": 287, \"dataset\": \"44b6_0b24845f\", \"frame\": 88, \"minimum_retention\": 0.9, \"primary_candidates\": 363, \"retention\": 0.790633608815427, \"use_primary\": true}\n"}
,{"stream_name":"stdout","time":537.831850926,"data":"EDGE_TTA_ACTIVE views = 8 mean_abs_feat_delta = 0.334199\n"}
,{"stream_name":"stdout","time":538.855747424,"data":"SECONDARY_EDGE_TTA_ACTIVE views = 8 weight = 0.75 mean_abs_feat_delta = 0.259374\n"}
,{"stream_name":"stdout","time":538.882542884,"data":"EDGE_TTA_ACTIVE views = 8 mean_abs_feat_delta = 0.374613\n"}
,{"stream_name":"stdout","time":539.89678774,"data":"SECONDARY_EDGE_TTA_ACTIVE views = 8 weight = 0.75 mean_abs_feat_delta = 0.325312\n"}
,{"stream_name":"stdout","time":539.900750552,"data":"BIOHUB_RETENTION_GUARD {\"blended_candidates\": 219, \"dataset\": \"44b6_0b24845f\", \"frame\": 89, \"minimum_retention\": 0.9, \"primary_candidates\": 322, \"retention\": 0.6801242236024845, \"use_primary\": true}\n"}
,{"stream_name":"stdout","time":539.980613822,"data":"EDGE_TTA_ACTIVE views = 8 mean_abs_feat_delta = 0.338008\n"}
,{"stream_name":"stdout","time":541.017098618,"data":"SECONDARY_EDGE_TTA_ACTIVE views = 8 weight = 0.75 mean_abs_feat_delta = 0.257413\n"}
,{"stream_name":"stdout","time":541.083035024,"data":"EDGE_TTA_ACTIVE views = 8 mean_abs_feat_delta = 0.362102\n"}
,{"stream_name":"stdout","time":542.099970858,"data":"SECONDARY_EDGE_TTA_ACTIVE views = 8 weight = 0.75 mean_abs_feat_delta = 0.321967\n"}
,{"stream_name":"stdout","time":542.103879272,"data":"BIOHUB_RETENTION_GUARD {\"blended_candidates\": 175, \"dataset\": \"44b6_0b24845f\", \"frame\": 90, \"minimum_retention\": 0.9, \"primary_candidates\": 269, \"retention\": 0.6505576208178439, \"use_primary\": true}\n"}
,{"stream_name":"stdout","time":542.189817909,"data":"EDGE_TTA_ACTIVE views = 8 mean_abs_feat_delta = 0.338144\n"}
,{"stream_name":"stdout","time":543.239167412,"data":"SECONDARY_EDGE_TTA_ACTIVE views = 8 weight = 0.75 mean_abs_feat_delta = 0.257555\n"}
,{"stream_name":"stdout","time":543.28052586,"data":"EDGE_TTA_ACTIVE views = 8 mean_abs_feat_delta = 0.362535\n"}
,{"stream_name":"stdout","time":544.30519144,"data":"SECONDARY_EDGE_TTA_ACTIVE views = 8 weight = 0.75 mean_abs_feat_delta = 0.320952\n"}
,{"stream_name":"stdout","time":544.309774696,"data":"BIOHUB_RETENTION_GUARD {\"blended_candidates\": 136, \"dataset\": \"44b6_0b24845f\", \"frame\": 91, \"minimum_retention\": 0.9, \"primary_candidates\": 237, \"retention\": 0.5738396624472574, \"use_primary\": true}\n"}
,{"stream_name":"stdout","time":544.444953184,"data":"EDGE_TTA_ACTIVE views = 8 mean_abs_feat_delta = 0.336404\n"}
,{"stream_name":"stdout","time":545.465283605,"data":"EDGE_TTA_ACTIVE views = 8 mean_abs_feat_delta = 0.36442\n"}
,{"stream_name":"stdout","time":545.493399451,"data":"SECONDARY_EDGE_TTA_ACTIVE views = 8 weight = 0.75 mean_abs_feat_delta = 0.253368\n"}
,{"stream_name":"stdout","time":546.490652404,"data":"SECONDARY_EDGE_TTA_ACTIVE views = 8 weight = 0.75 mean_abs_feat_delta = 0.322162\n"}
,{"stream_name":"stdout","time":546.49457912,"data":"BIOHUB_RETENTION_GUARD {\"blended_candidates\": 151, \"dataset\": \"44b6_0b24845f\", \"frame\": 92, \"minimum_retention\": 0.9, \"primary_candidates\": 286, \"retention\": 0.527972027972028, \"use_primary\": true}\n"}
,{"stream_name":"stdout","time":546.635515295,"data":"EDGE_TTA_ACTIVE views = 8 mean_abs_feat_delta = 0.336923\n"}
,{"stream_name":"stdout","time":547.676840689,"data":"EDGE_TTA_ACTIVE views = 8 mean_abs_feat_delta = 0.357811\n"}
,{"stream_name":"stdout","time":547.691257842,"data":"SECONDARY_EDGE_TTA_ACTIVE views = 8 weight = 0.75 mean_abs_feat_delta = 0.253968\n"}
,{"stream_name":"stdout","time":548.700157565,"data":"SECONDARY_EDGE_TTA_ACTIVE views = 8 weight = 0.75 mean_abs_feat_delta = 0.314236\n"}
,{"stream_name":"stdout","time":548.703731125,"data":"BIOHUB_RETENTION_GUARD {\"blended_candidates\": 133, \"dataset\": \"44b6_0b24845f\", \"frame\": 93, \"minimum_retention\": 0.9, \"primary_candidates\": 253, \"retention\": 0.525691699604743, \"use_primary\": true}\n"}
,{"stream_name":"stdout","time":548.847400375,"data":"EDGE_TTA_ACTIVE views = 8 mean_abs_feat_delta = 0.340204\n"}
,{"stream_name":"stdout","time":549.897440951,"data":"SECONDARY_EDGE_TTA_ACTIVE views = 8 weight = 0.75 mean_abs_feat_delta = 0.25869\n"}
,{"stream_name":"stdout","time":549.913622885,"data":"EDGE_TTA_ACTIVE views = 8 mean_abs_feat_delta = 0.3551\n"}
,{"stream_name":"stdout","time":550.934423963,"data":"SECONDARY_EDGE_TTA_ACTIVE views = 8 weight = 0.75 mean_abs_feat_delta = 0.314665\n"}
,{"stream_name":"stdout","time":550.938285288,"data":"BIOHUB_RETENTION_GUARD {\"blended_candidates\": 168, \"dataset\": \"44b6_0b24845f\", \"frame\": 94, \"minimum_retention\": 0.9, \"primary_candidates\": 290, \"retention\": 0.5793103448275863, \"use_primary\": true}\n"}
,{"stream_name":"stdout","time":551.042410457,"data":"EDGE_TTA_ACTIVE views = 8 mean_abs_feat_delta = 0.343273\n"}
,{"stream_name":"stdout","time":552.081775298,"data":"EDGE_TTA_ACTIVE views = 8 mean_abs_feat_delta = 0.362482\n"}
,{"stream_name":"stdout","time":552.086817863,"data":"SECONDARY_EDGE_TTA_ACTIVE views = 8 weight = 0.75 mean_abs_feat_delta = 0.249107\n"}
,{"stream_name":"stdout","time":553.091129927,"data":"SECONDARY_EDGE_TTA_ACTIVE views = 8 weight = 0.75 mean_abs_feat_delta = 0.321701\n"}
,{"stream_name":"stdout","time":553.09508119,"data":"BIOHUB_RETENTION_GUARD {\"blended_candidates\": 140, \"dataset\": \"44b6_0b24845f\", \"frame\": 95, \"minimum_retention\": 0.9, \"primary_candidates\": 309, \"retention\": 0.45307443365695793, \"use_primary\": true}\n"}
,{"stream_name":"stdout","time":553.251970357,"data":"EDGE_TTA_ACTIVE views = 8 mean_abs_feat_delta = 0.340039\n"}
,{"stream_name":"stdout","time":554.214493612,"data":"EDGE_TTA_ACTIVE views = 8 mean_abs_feat_delta = 0.358614\n"}
,{"stream_name":"stdout","time":554.288835083,"data":"SECONDARY_EDGE_TTA_ACTIVE views = 8 weight = 0.75 mean_abs_feat_delta = 0.250998\n"}
,{"stream_name":"stdout","time":555.217394698,"data":"SECONDARY_EDGE_TTA_ACTIVE views = 8 weight = 0.75 mean_abs_feat_delta = 0.325788\n"}
,{"stream_name":"stdout","time":555.221825078,"data":"BIOHUB_RETENTION_GUARD {\"blended_candidates\": 124, \"dataset\": \"44b6_0b24845f\", \"frame\": 96, \"minimum_retention\": 0.9, \"primary_candidates\": 273, \"retention\": 0.4542124542124542, \"use_primary\": true}\n"}
,{"stream_name":"stdout","time":555.420435186,"data":"EDGE_TTA_ACTIVE views = 8 mean_abs_feat_delta = 0.338922\n"}
,{"stream_name":"stdout","time":556.366263628,"data":"EDGE_TTA_ACTIVE views = 8 mean_abs_feat_delta = 0.354717\n"}
,{"stream_name":"stdout","time":556.445971661,"data":"SECONDARY_EDGE_TTA_ACTIVE views = 8 weight = 0.75 mean_abs_feat_delta = 0.249091\n"}
,{"stream_name":"stdout","time":557.327804431,"data":"SECONDARY_EDGE_TTA_ACTIVE views = 8 weight = 0.75 mean_abs_feat_delta = 0.328691\n"}
,{"stream_name":"stdout","time":557.331474112,"data":"BIOHUB_RETENTION_GUARD {\"blended_candidates\": 181, \"dataset\": \"44b6_0b24845f\", \"frame\": 97, \"minimum_retention\": 0.9, \"primary_candidates\": 328, \"retention\": 0.551829268292683, \"use_primary\": true}\n"}
,{"stream_name":"stdout","time":557.590638336,"data":"EDGE_TTA_ACTIVE views = 8 mean_abs_feat_delta = 0.342488\n"}
,{"stream_name":"stdout","time":558.439057756,"data":"EDGE_TTA_ACTIVE views = 8 mean_abs_feat_delta = 0.362901\n"}
,{"stream_name":"stdout","time":558.609180779,"data":"SECONDARY_EDGE_TTA_ACTIVE views = 8 weight = 0.75 mean_abs_feat_delta = 0.25058\n"}
,{"stream_name":"stdout","time":559.432338464,"data":"SECONDARY_EDGE_TTA_ACTIVE views = 8 weight = 0.75 mean_abs_feat_delta = 0.327921\n"}
,{"stream_name":"stdout","time":559.436367223,"data":"BIOHUB_RETENTION_GUARD {\"blended_candidates\": 153, \"dataset\": \"44b6_0b24845f\", \"frame\": 98, \"minimum_retention\": 0.9, \"primary_candidates\": 295, \"retention\": 0.5186440677966102, \"use_primary\": true}\n"}
,{"stream_name":"stdout","time":559.754865699,"data":"EDGE_TTA_ACTIVE views = 8 mean_abs_feat_delta = 0.341683\n"}
,{"stream_name":"stdout","time":560.647170953,"data":"EDGE_TTA_ACTIVE views = 8 mean_abs_feat_delta = 0.362405\n"}
,{"stream_name":"stdout","time":560.764614575,"data":"SECONDARY_EDGE_TTA_ACTIVE views = 8 weight = 0.75 mean_abs_feat_delta = 0.25428\n"}
,{"stream_name":"stdout","time":561.633887119,"data":"SECONDARY_EDGE_TTA_ACTIVE views = 8 weight = 0.75 mean_abs_feat_delta = 0.328126\n"}
,{"stream_name":"stdout","time":561.637591086,"data":"BIOHUB_RETENTION_GUARD {\"blended_candidates\": 111, \"dataset\": \"44b6_0b24845f\", \"frame\": 99, \"minimum_retention\": 0.9, \"primary_candidates\": 224, \"retention\": 0.4955357142857143, \"use_primary\": true}\n"}
,{"stream_name":"stdout","time":582.96799294,"data":"EDGE_TTA_ACTIVE views = 8 mean_abs_feat_delta = 0.336457\n"}
,{"stream_name":"stdout","time":583.921611703,"data":"SECONDARY_EDGE_TTA_ACTIVE views = 8 weight = 0.75 mean_abs_feat_delta = 0.229228\n"}
,{"stream_name":"stdout","time":585.262740632,"data":"EDGE_TTA_ACTIVE views = 8 mean_abs_feat_delta = 0.33652\n"}
,{"stream_name":"stdout","time":586.232340549,"data":"SECONDARY_EDGE_TTA_ACTIVE views = 8 weight = 0.75 mean_abs_feat_delta = 0.231364\n"}
,{"stream_name":"stdout","time":587.70720448,"data":"EDGE_TTA_ACTIVE views = 8 mean_abs_feat_delta = 0.334504\n"}
,{"stream_name":"stdout","time":587.776718581,"data":"EDGE_TTA_ACTIVE views = 8 mean_abs_feat_delta = 0.353265\n"}
,{"stream_name":"stdout","time":588.640400684,"data":"SECONDARY_EDGE_TTA_ACTIVE views = 8 weight = 0.75 mean_abs_feat_delta = 0.231505\n"}
,{"stream_name":"stdout","time":588.739301755,"data":"SECONDARY_EDGE_TTA_ACTIVE views = 8 weight = 0.75 mean_abs_feat_delta = 0.229197\n"}
,{"stream_name":"stdout","time":589.806490277,"data":"EDGE_TTA_ACTIVE views = 8 mean_abs_feat_delta = 0.356556\n"}
,{"stream_name":"stdout","time":589.995963752,"data":"EDGE_TTA_ACTIVE views = 8 mean_abs_feat_delta = 0.331503\n"}
,{"stream_name":"stdout","time":590.776636039,"data":"SECONDARY_EDGE_TTA_ACTIVE views = 8 weight = 0.75 mean_abs_feat_delta = 0.228531\n"}
,{"stream_name":"stdout","time":590.969239937,"data":"SECONDARY_EDGE_TTA_ACTIVE views = 8 weight = 0.75 mean_abs_feat_delta = 0.233103\n"}
,{"stream_name":"stdout","time":591.870443368,"data":"EDGE_TTA_ACTIVE views = 8 mean_abs_feat_delta = 0.359353\n"}
,{"stream_name":"stdout","time":592.34579427,"data":"EDGE_TTA_ACTIVE views = 8 mean_abs_feat_delta = 0.334571\n"}
,{"stream_name":"stdout","time":592.844678526,"data":"SECONDARY_EDGE_TTA_ACTIVE views = 8 weight = 0.75 mean_abs_feat_delta = 0.232233\n"}
,{"stream_name":"stdout","time":593.320851811,"data":"SECONDARY_EDGE_TTA_ACTIVE views = 8 weight = 0.75 mean_abs_feat_delta = 0.230713\n"}
,{"stream_name":"stdout","time":593.879705511,"data":"EDGE_TTA_ACTIVE views = 8 mean_abs_feat_delta = 0.361838\n"}
,{"stream_name":"stdout","time":594.678120875,"data":"EDGE_TTA_ACTIVE views = 8 mean_abs_feat_delta = 0.333844\n"}
,{"stream_name":"stdout","time":594.853799513,"data":"SECONDARY_EDGE_TTA_ACTIVE views = 8 weight = 0.75 mean_abs_feat_delta = 0.231136\n"}
,{"stream_name":"stdout","time":595.655166986,"data":"SECONDARY_EDGE_TTA_ACTIVE views = 8 weight = 0.75 mean_abs_feat_delta = 0.228063\n"}
,{"stream_name":"stdout","time":595.92749349,"data":"EDGE_TTA_ACTIVE views = 8 mean_abs_feat_delta = 0.349332\n"}
,{"stream_name":"stdout","time":596.900602497,"data":"SECONDARY_EDGE_TTA_ACTIVE views = 8 weight = 0.75 mean_abs_feat_delta = 0.237962\n"}
,{"stream_name":"stdout","time":596.995085815,"data":"EDGE_TTA_ACTIVE views = 8 mean_abs_feat_delta = 0.333957\n"}
,{"stream_name":"stdout","time":597.978189936,"data":"EDGE_TTA_ACTIVE views = 8 mean_abs_feat_delta = 0.36765\n"}
,{"stream_name":"stdout","time":597.988865903,"data":"SECONDARY_EDGE_TTA_ACTIVE views = 8 weight = 0.75 mean_abs_feat_delta = 0.23148\n"}
,{"stream_name":"stdout","time":598.953426391,"data":"SECONDARY_EDGE_TTA_ACTIVE views = 8 weight = 0.75 mean_abs_feat_delta = 0.23324\n"}
,{"stream_name":"stdout","time":599.350633674,"data":"EDGE_TTA_ACTIVE views = 8 mean_abs_feat_delta = 0.333005\n"}
,{"stream_name":"stdout","time":600.007917204,"data":"EDGE_TTA_ACTIVE views = 8 mean_abs_feat_delta = 0.37095\n"}
,{"stream_name":"stdout","time":600.344942657,"data":"SECONDARY_EDGE_TTA_ACTIVE views = 8 weight = 0.75 mean_abs_feat_delta = 0.226861\n"}
,{"stream_name":"stdout","time":600.995414171,"data":"SECONDARY_EDGE_TTA_ACTIVE views = 8 weight = 0.75 mean_abs_feat_delta = 0.233703\n"}
,{"stream_name":"stdout","time":601.71983673,"data":"EDGE_TTA_ACTIVE views = 8 mean_abs_feat_delta = 0.335609\n"}
,{"stream_name":"stdout","time":602.089381974,"data":"EDGE_TTA_ACTIVE views = 8 mean_abs_feat_delta = 0.362298\n"}
,{"stream_name":"stdout","time":602.719560562,"data":"SECONDARY_EDGE_TTA_ACTIVE views = 8 weight = 0.75 mean_abs_feat_delta = 0.226753\n"}
,{"stream_name":"stdout","time":603.085819379,"data":"SECONDARY_EDGE_TTA_ACTIVE views = 8 weight = 0.75 mean_abs_feat_delta = 0.23047\n"}
,{"stream_name":"stdout","time":604.054223812,"data":"EDGE_TTA_ACTIVE views = 8 mean_abs_feat_delta = 0.338411\n"}
,{"stream_name":"stdout","time":604.223937255,"data":"EDGE_TTA_ACTIVE views = 8 mean_abs_feat_delta = 0.357762\n"}
,{"stream_name":"stdout","time":605.064745309,"data":"SECONDARY_EDGE_TTA_ACTIVE views = 8 weight = 0.75 mean_abs_feat_delta = 0.229067\n"}
,{"stream_name":"stdout","time":605.22748649,"data":"SECONDARY_EDGE_TTA_ACTIVE views = 8 weight = 0.75 mean_abs_feat_delta = 0.222866\n"}
,{"stream_name":"stdout","time":606.329959832,"data":"EDGE_TTA_ACTIVE views = 8 mean_abs_feat_delta = 0.360193\n"}
,{"stream_name":"stdout","time":606.474162547,"data":"EDGE_TTA_ACTIVE views = 8 mean_abs_feat_delta = 0.33357\n"}
,{"stream_name":"stdout","time":607.357573494,"data":"SECONDARY_EDGE_TTA_ACTIVE views = 8 weight = 0.75 mean_abs_feat_delta = 0.223297\n"}
,{"stream_name":"stdout","time":607.489949058,"data":"SECONDARY_EDGE_TTA_ACTIVE views = 8 weight = 0.75 mean_abs_feat_delta = 0.224805\n"}
,{"stream_name":"stdout","time":608.470660168,"data":"EDGE_TTA_ACTIVE views = 8 mean_abs_feat_delta = 0.35856\n"}
,{"stream_name":"stdout","time":608.898760319,"data":"EDGE_TTA_ACTIVE views = 8 mean_abs_feat_delta = 0.328392\n"}
,{"stream_name":"stdout","time":609.486813352,"data":"SECONDARY_EDGE_TTA_ACTIVE views = 8 weight = 0.75 mean_abs_feat_delta = 0.226482\n"}
,{"stream_name":"stdout","time":609.926590832,"data":"SECONDARY_EDGE_TTA_ACTIVE views = 8 weight = 0.75 mean_abs_feat_delta = 0.22475\n"}
,{"stream_name":"stdout","time":610.607300654,"data":"EDGE_TTA_ACTIVE views = 8 mean_abs_feat_delta = 0.365065\n"}
,{"stream_name":"stdout","time":611.29577142,"data":"EDGE_TTA_ACTIVE views = 8 mean_abs_feat_delta = 0.329088\n"}
,{"stream_name":"stdout","time":611.639270736,"data":"SECONDARY_EDGE_TTA_ACTIVE views = 8 weight = 0.75 mean_abs_feat_delta = 0.229453\n"}
,{"stream_name":"stdout","time":612.328726693,"data":"SECONDARY_EDGE_TTA_ACTIVE views = 8 weight = 0.75 mean_abs_feat_delta = 0.223629\n"}
,{"stream_name":"stdout","time":612.772446068,"data":"EDGE_TTA_ACTIVE views = 8 mean_abs_feat_delta = 0.353373\n"}
,{"stream_name":"stdout","time":613.729658932,"data":"EDGE_TTA_ACTIVE views = 8 mean_abs_feat_delta = 0.331454\n"}
,{"stream_name":"stdout","time":613.81821985,"data":"SECONDARY_EDGE_TTA_ACTIVE views = 8 weight = 0.75 mean_abs_feat_delta = 0.233899\n"}
,{"stream_name":"stdout","time":614.769927363,"data":"SECONDARY_EDGE_TTA_ACTIVE views = 8 weight = 0.75 mean_abs_feat_delta = 0.221381\n"}
,{"stream_name":"stdout","time":614.967740418,"data":"EDGE_TTA_ACTIVE views = 8 mean_abs_feat_delta = 0.366767\n"}
,{"stream_name":"stdout","time":616.015156103,"data":"SECONDARY_EDGE_TTA_ACTIVE views = 8 weight = 0.75 mean_abs_feat_delta = 0.228562\n"}
,{"stream_name":"stdout","time":616.195371979,"data":"EDGE_TTA_ACTIVE views = 8 mean_abs_feat_delta = 0.332081\n"}
,{"stream_name":"stdout","time":617.145567619,"data":"EDGE_TTA_ACTIVE views = 8 mean_abs_feat_delta = 0.360859\n"}
,{"stream_name":"stdout","time":617.238050731,"data":"SECONDARY_EDGE_TTA_ACTIVE views = 8 weight = 0.75 mean_abs_feat_delta = 0.220825\n"}
,{"stream_name":"stdout","time":618.250725157,"data":"SECONDARY_EDGE_TTA_ACTIVE views = 8 weight = 0.75 mean_abs_feat_delta = 0.229373\n"}
,{"stream_name":"stdout","time":618.675814983,"data":"EDGE_TTA_ACTIVE views = 8 mean_abs_feat_delta = 0.331331\n"}
,{"stream_name":"stdout","time":619.405158036,"data":"EDGE_TTA_ACTIVE views = 8 mean_abs_feat_delta = 0.358711\n"}
,{"stream_name":"stdout","time":619.726175264,"data":"SECONDARY_EDGE_TTA_ACTIVE views = 8 weight = 0.75 mean_abs_feat_delta = 0.220942\n"}
,{"stream_name":"stdout","time":620.476816596,"data":"SECONDARY_EDGE_TTA_ACTIVE views = 8 weight = 0.75 mean_abs_feat_delta = 0.228983\n"}
,{"stream_name":"stdout","time":621.212604368,"data":"EDGE_TTA_ACTIVE views = 8 mean_abs_feat_delta = 0.331316\n"}
,{"stream_name":"stdout","time":621.638392851,"data":"EDGE_TTA_ACTIVE views = 8 mean_abs_feat_delta = 0.357908\n"}
,{"stream_name":"stdout","time":622.268733008,"data":"SECONDARY_EDGE_TTA_ACTIVE views = 8 weight = 0.75 mean_abs_feat_delta = 0.220064\n"}
,{"stream_name":"stdout","time":622.711291507,"data":"SECONDARY_EDGE_TTA_ACTIVE views = 8 weight = 0.75 mean_abs_feat_delta = 0.22723\n"}
,{"stream_name":"stdout","time":623.720623699,"data":"EDGE_TTA_ACTIVE views = 8 mean_abs_feat_delta = 0.331281\n"}
,{"stream_name":"stdout","time":623.87602604,"data":"EDGE_TTA_ACTIVE views = 8 mean_abs_feat_delta = 0.36076\n"}
,{"stream_name":"stdout","time":624.789676034,"data":"SECONDARY_EDGE_TTA_ACTIVE views = 8 weight = 0.75 mean_abs_feat_delta = 0.219385\n"}
,{"stream_name":"stdout","time":624.951528716,"data":"SECONDARY_EDGE_TTA_ACTIVE views = 8 weight = 0.75 mean_abs_feat_delta = 0.227184\n"}
,{"stream_name":"stdout","time":626.138705974,"data":"EDGE_TTA_ACTIVE views = 8 mean_abs_feat_delta = 0.363026\n"}
,{"stream_name":"stdout","time":626.244174903,"data":"EDGE_TTA_ACTIVE views = 8 mean_abs_feat_delta = 0.332495\n"}
,{"stream_name":"stdout","time":627.203364765,"data":"SECONDARY_EDGE_TTA_ACTIVE views = 8 weight = 0.75 mean_abs_feat_delta = 0.228674\n"}
,{"stream_name":"stdout","time":627.305470005,"data":"SECONDARY_EDGE_TTA_ACTIVE views = 8 weight = 0.75 mean_abs_feat_delta = 0.221891\n"}
,{"stream_name":"stdout","time":628.355815941,"data":"EDGE_TTA_ACTIVE views = 8 mean_abs_feat_delta = 0.36528\n"}
,{"stream_name":"stdout","time":628.792005397,"data":"EDGE_TTA_ACTIVE views = 8 mean_abs_feat_delta = 0.326164\n"}
,{"stream_name":"stdout","time":629.409940372,"data":"SECONDARY_EDGE_TTA_ACTIVE views = 8 weight = 0.75 mean_abs_feat_delta = 0.22969\n"}
,{"stream_name":"stdout","time":629.837658468,"data":"SECONDARY_EDGE_TTA_ACTIVE views = 8 weight = 0.75 mean_abs_feat_delta = 0.22287\n"}
,{"stream_name":"stdout","time":630.528209145,"data":"EDGE_TTA_ACTIVE views = 8 mean_abs_feat_delta = 0.365255\n"}
,{"stream_name":"stdout","time":631.268824453,"data":"EDGE_TTA_ACTIVE views = 8 mean_abs_feat_delta = 0.3318\n"}
,{"stream_name":"stdout","time":631.570253162,"data":"SECONDARY_EDGE_TTA_ACTIVE views = 8 weight = 0.75 mean_abs_feat_delta = 0.227887\n"}
,{"stream_name":"stdout","time":632.303805263,"data":"SECONDARY_EDGE_TTA_ACTIVE views = 8 weight = 0.75 mean_abs_feat_delta = 0.226905\n"}
,{"stream_name":"stdout","time":632.709276113,"data":"EDGE_TTA_ACTIVE views = 8 mean_abs_feat_delta = 0.364292\n"}
,{"stream_name":"stdout","time":633.72044919,"data":"EDGE_TTA_ACTIVE views = 8 mean_abs_feat_delta = 0.332454\n"}
,{"stream_name":"stdout","time":633.736546813,"data":"SECONDARY_EDGE_TTA_ACTIVE views = 8 weight = 0.75 mean_abs_feat_delta = 0.229597\n"}
,{"stream_name":"stdout","time":634.738267525,"data":"SECONDARY_EDGE_TTA_ACTIVE views = 8 weight = 0.75 mean_abs_feat_delta = 0.227329\n"}
,{"stream_name":"stdout","time":634.858002797,"data":"EDGE_TTA_ACTIVE views = 8 mean_abs_feat_delta = 0.369457\n"}
,{"stream_name":"stdout","time":635.876225753,"data":"SECONDARY_EDGE_TTA_ACTIVE views = 8 weight = 0.75 mean_abs_feat_delta = 0.229355\n"}
,{"stream_name":"stdout","time":636.134187044,"data":"EDGE_TTA_ACTIVE views = 8 mean_abs_feat_delta = 0.329795\n"}
,{"stream_name":"stdout","time":636.998426297,"data":"EDGE_TTA_ACTIVE views = 8 mean_abs_feat_delta = 0.366989\n"}
,{"stream_name":"stdout","time":637.142700471,"data":"SECONDARY_EDGE_TTA_ACTIVE views = 8 weight = 0.75 mean_abs_feat_delta = 0.227094\n"}
,{"stream_name":"stdout","time":638.008626593,"data":"SECONDARY_EDGE_TTA_ACTIVE views = 8 weight = 0.75 mean_abs_feat_delta = 0.228164\n"}
,{"stream_name":"stdout","time":638.572985312,"data":"EDGE_TTA_ACTIVE views = 8 mean_abs_feat_delta = 0.330008\n"}
,{"stream_name":"stdout","time":639.110250681,"data":"EDGE_TTA_ACTIVE views = 8 mean_abs_feat_delta = 0.364738\n"}
,{"stream_name":"stdout","time":639.574174405,"data":"SECONDARY_EDGE_TTA_ACTIVE views = 8 weight = 0.75 mean_abs_feat_delta = 0.228038\n"}
,{"stream_name":"stdout","time":640.10915035,"data":"SECONDARY_EDGE_TTA_ACTIVE views = 8 weight = 0.75 mean_abs_feat_delta = 0.230204\n"}
,{"stream_name":"stdout","time":640.912895969,"data":"EDGE_TTA_ACTIVE views = 8 mean_abs_feat_delta = 0.327924\n"}
,{"stream_name":"stdout","time":641.181555576,"data":"EDGE_TTA_ACTIVE views = 8 mean_abs_feat_delta = 0.368159\n"}
,{"stream_name":"stdout","time":641.906290056,"data":"SECONDARY_EDGE_TTA_ACTIVE views = 8 weight = 0.75 mean_abs_feat_delta = 0.226869\n"}
,{"stream_name":"stdout","time":642.176640676,"data":"SECONDARY_EDGE_TTA_ACTIVE views = 8 weight = 0.75 mean_abs_feat_delta = 0.229792\n"}
,{"stream_name":"stdout","time":643.24356831,"data":"EDGE_TTA_ACTIVE views = 8 mean_abs_feat_delta = 0.370711\n"}
,{"stream_name":"stdout","time":643.264134356,"data":"EDGE_TTA_ACTIVE views = 8 mean_abs_feat_delta = 0.324294\n"}
,{"stream_name":"stdout","time":644.235910338,"data":"SECONDARY_EDGE_TTA_ACTIVE views = 8 weight = 0.75 mean_abs_feat_delta = 0.231598\n"}
,{"stream_name":"stdout","time":644.252909557,"data":"SECONDARY_EDGE_TTA_ACTIVE views = 8 weight = 0.75 mean_abs_feat_delta = 0.219975\n"}
,{"stream_name":"stdout","time":645.343803869,"data":"EDGE_TTA_ACTIVE views = 8 mean_abs_feat_delta = 0.360618\n"}
,{"stream_name":"stdout","time":645.649259901,"data":"EDGE_TTA_ACTIVE views = 8 mean_abs_feat_delta = 0.329966\n"}
,{"stream_name":"stdout","time":646.329842664,"data":"SECONDARY_EDGE_TTA_ACTIVE views = 8 weight = 0.75 mean_abs_feat_delta = 0.237748\n"}
,{"stream_name":"stdout","time":646.624058496,"data":"SECONDARY_EDGE_TTA_ACTIVE views = 8 weight = 0.75 mean_abs_feat_delta = 0.22725\n"}
,{"stream_name":"stdout","time":647.403432517,"data":"EDGE_TTA_ACTIVE views = 8 mean_abs_feat_delta = 0.372812\n"}
,{"stream_name":"stdout","time":647.957491328,"data":"EDGE_TTA_ACTIVE views = 8 mean_abs_feat_delta = 0.322964\n"}
,{"stream_name":"stdout","time":648.433227529,"data":"SECONDARY_EDGE_TTA_ACTIVE views = 8 weight = 0.75 mean_abs_feat_delta = 0.229174\n"}
,{"stream_name":"stdout","time":648.93272902,"data":"SECONDARY_EDGE_TTA_ACTIVE views = 8 weight = 0.75 mean_abs_feat_delta = 0.225732\n"}
,{"stream_name":"stdout","time":649.487862562,"data":"EDGE_TTA_ACTIVE views = 8 mean_abs_feat_delta = 0.374406\n"}
,{"stream_name":"stdout","time":650.26617344,"data":"EDGE_TTA_ACTIVE views = 8 mean_abs_feat_delta = 0.329623\n"}
,{"stream_name":"stdout","time":650.462145446,"data":"SECONDARY_EDGE_TTA_ACTIVE views = 8 weight = 0.75 mean_abs_feat_delta = 0.23239\n"}
,{"stream_name":"stdout","time":651.240971821,"data":"SECONDARY_EDGE_TTA_ACTIVE views = 8 weight = 0.75 mean_abs_feat_delta = 0.229625\n"}
,{"stream_name":"stdout","time":651.576554278,"data":"EDGE_TTA_ACTIVE views = 8 mean_abs_feat_delta = 0.3777\n"}
,{"stream_name":"stdout","time":652.548721858,"data":"SECONDARY_EDGE_TTA_ACTIVE views = 8 weight = 0.75 mean_abs_feat_delta = 0.233543\n"}
,{"stream_name":"stdout","time":652.554119193,"data":"EDGE_TTA_ACTIVE views = 8 mean_abs_feat_delta = 0.33189\n"}
,{"stream_name":"stdout","time":653.527692219,"data":"SECONDARY_EDGE_TTA_ACTIVE views = 8 weight = 0.75 mean_abs_feat_delta = 0.229021\n"}
,{"stream_name":"stdout","time":653.657472014,"data":"EDGE_TTA_ACTIVE views = 8 mean_abs_feat_delta = 0.376339\n"}
,{"stream_name":"stdout","time":654.634899321,"data":"SECONDARY_EDGE_TTA_ACTIVE views = 8 weight = 0.75 mean_abs_feat_delta = 0.230711\n"}
,{"stream_name":"stdout","time":654.90187178,"data":"EDGE_TTA_ACTIVE views = 8 mean_abs_feat_delta = 0.328077\n"}
,{"stream_name":"stdout","time":655.729516236,"data":"EDGE_TTA_ACTIVE views = 8 mean_abs_feat_delta = 0.369146\n"}
,{"stream_name":"stdout","time":655.875932873,"data":"SECONDARY_EDGE_TTA_ACTIVE views = 8 weight = 0.75 mean_abs_feat_delta = 0.229917\n"}
,{"stream_name":"stdout","time":656.701514369,"data":"SECONDARY_EDGE_TTA_ACTIVE views = 8 weight = 0.75 mean_abs_feat_delta = 0.230076\n"}
,{"stream_name":"stdout","time":657.251420641,"data":"EDGE_TTA_ACTIVE views = 8 mean_abs_feat_delta = 0.330658\n"}
,{"stream_name":"stdout","time":657.792339128,"data":"EDGE_TTA_ACTIVE views = 8 mean_abs_feat_delta = 0.367025\n"}
,{"stream_name":"stdout","time":658.224036057,"data":"SECONDARY_EDGE_TTA_ACTIVE views = 8 weight = 0.75 mean_abs_feat_delta = 0.232737\n"}
,{"stream_name":"stdout","time":658.770164002,"data":"SECONDARY_EDGE_TTA_ACTIVE views = 8 weight = 0.75 mean_abs_feat_delta = 0.23\n"}
,{"stream_name":"stdout","time":659.580415018,"data":"EDGE_TTA_ACTIVE views = 8 mean_abs_feat_delta = 0.330195\n"}
,{"stream_name":"stdout","time":659.822859534,"data":"EDGE_TTA_ACTIVE views = 8 mean_abs_feat_delta = 0.371094\n"}
,{"stream_name":"stdout","time":660.554020856,"data":"SECONDARY_EDGE_TTA_ACTIVE views = 8 weight = 0.75 mean_abs_feat_delta = 0.227525\n"}
,{"stream_name":"stdout","time":660.79623782,"data":"SECONDARY_EDGE_TTA_ACTIVE views = 8 weight = 0.75 mean_abs_feat_delta = 0.231427\n"}
,{"stream_name":"stdout","time":661.890604154,"data":"EDGE_TTA_ACTIVE views = 8 mean_abs_feat_delta = 0.332086\n"}
,{"stream_name":"stdout","time":661.930936656,"data":"EDGE_TTA_ACTIVE views = 8 mean_abs_feat_delta = 0.375255\n"}
,{"stream_name":"stdout","time":662.865124617,"data":"SECONDARY_EDGE_TTA_ACTIVE views = 8 weight = 0.75 mean_abs_feat_delta = 0.228923\n"}
,{"stream_name":"stdout","time":662.905508978,"data":"SECONDARY_EDGE_TTA_ACTIVE views = 8 weight = 0.75 mean_abs_feat_delta = 0.229981\n"}
,{"stream_name":"stdout","time":663.950380667,"data":"EDGE_TTA_ACTIVE views = 8 mean_abs_feat_delta = 0.373994\n"}
,{"stream_name":"stdout","time":664.182646193,"data":"EDGE_TTA_ACTIVE views = 8 mean_abs_feat_delta = 0.334902\n"}
,{"stream_name":"stdout","time":664.932533904,"data":"SECONDARY_EDGE_TTA_ACTIVE views = 8 weight = 0.75 mean_abs_feat_delta = 0.229437\n"}
,{"stream_name":"stdout","time":665.156501477,"data":"SECONDARY_EDGE_TTA_ACTIVE views = 8 weight = 0.75 mean_abs_feat_delta = 0.234703\n"}
,{"stream_name":"stdout","time":666.030965024,"data":"EDGE_TTA_ACTIVE views = 8 mean_abs_feat_delta = 0.366011\n"}
,{"stream_name":"stdout","time":666.494312679,"data":"EDGE_TTA_ACTIVE views = 8 mean_abs_feat_delta = 0.331026\n"}
,{"stream_name":"stdout","time":667.007913385,"data":"SECONDARY_EDGE_TTA_ACTIVE views = 8 weight = 0.75 mean_abs_feat_delta = 0.229485\n"}
,{"stream_name":"stdout","time":667.469415553,"data":"SECONDARY_EDGE_TTA_ACTIVE views = 8 weight = 0.75 mean_abs_feat_delta = 0.228868\n"}
,{"stream_name":"stdout","time":668.103724808,"data":"EDGE_TTA_ACTIVE views = 8 mean_abs_feat_delta = 0.364698\n"}
,{"stream_name":"stdout","time":668.806443261,"data":"EDGE_TTA_ACTIVE views = 8 mean_abs_feat_delta = 0.33352\n"}
,{"stream_name":"stdout","time":669.077176378,"data":"SECONDARY_EDGE_TTA_ACTIVE views = 8 weight = 0.75 mean_abs_feat_delta = 0.234306\n"}
,{"stream_name":"stdout","time":669.781252881,"data":"SECONDARY_EDGE_TTA_ACTIVE views = 8 weight = 0.75 mean_abs_feat_delta = 0.229406\n"}
,{"stream_name":"stdout","time":670.113606042,"data":"EDGE_TTA_ACTIVE views = 8 mean_abs_feat_delta = 0.366732\n"}
,{"stream_name":"stdout","time":671.099107062,"data":"SECONDARY_EDGE_TTA_ACTIVE views = 8 weight = 0.75 mean_abs_feat_delta = 0.235733\n"}
,{"stream_name":"stdout","time":671.100450042,"data":"EDGE_TTA_ACTIVE views = 8 mean_abs_feat_delta = 0.333668\n"}
,{"stream_name":"stdout","time":672.075630101,"data":"SECONDARY_EDGE_TTA_ACTIVE views = 8 weight = 0.75 mean_abs_feat_delta = 0.228734\n"}
,{"stream_name":"stdout","time":672.182449047,"data":"EDGE_TTA_ACTIVE views = 8 mean_abs_feat_delta = 0.370041\n"}
,{"stream_name":"stdout","time":673.175125228,"data":"SECONDARY_EDGE_TTA_ACTIVE views = 8 weight = 0.75 mean_abs_feat_delta = 0.231775\n"}
,{"stream_name":"stdout","time":673.489856428,"data":"EDGE_TTA_ACTIVE views = 8 mean_abs_feat_delta = 0.326117\n"}
,{"stream_name":"stdout","time":674.294231343,"data":"EDGE_TTA_ACTIVE views = 8 mean_abs_feat_delta = 0.367914\n"}
,{"stream_name":"stdout","time":674.471784704,"data":"SECONDARY_EDGE_TTA_ACTIVE views = 8 weight = 0.75 mean_abs_feat_delta = 0.227258\n"}
,{"stream_name":"stdout","time":675.287848432,"data":"SECONDARY_EDGE_TTA_ACTIVE views = 8 weight = 0.75 mean_abs_feat_delta = 0.227854\n"}
,{"stream_name":"stdout","time":675.85701657,"data":"EDGE_TTA_ACTIVE views = 8 mean_abs_feat_delta = 0.327201\n"}
,{"stream_name":"stdout","time":676.408511701,"data":"EDGE_TTA_ACTIVE views = 8 mean_abs_feat_delta = 0.352519\n"}
,{"stream_name":"stdout","time":676.843699734,"data":"SECONDARY_EDGE_TTA_ACTIVE views = 8 weight = 0.75 mean_abs_feat_delta = 0.232919\n"}
,{"stream_name":"stdout","time":677.406687294,"data":"SECONDARY_EDGE_TTA_ACTIVE views = 8 weight = 0.75 mean_abs_feat_delta = 0.232249\n"}
,{"stream_name":"stdout","time":677.410717127,"data":"BIOHUB_RETENTION_GUARD {\"blended_candidates\": 66, \"dataset\": \"6bba_05b6850b\", \"frame\": 43, \"minimum_retention\": 0.9, \"primary_candidates\": 74, \"retention\": 0.8918918918918919, \"use_primary\": true}\n"}
,{"stream_name":"stdout","time":678.265830843,"data":"EDGE_TTA_ACTIVE views = 8 mean_abs_feat_delta = 0.330095\n"}
,{"stream_name":"stdout","time":678.522578626,"data":"EDGE_TTA_ACTIVE views = 8 mean_abs_feat_delta = 0.36891\n"}
,{"stream_name":"stdout","time":679.264073107,"data":"SECONDARY_EDGE_TTA_ACTIVE views = 8 weight = 0.75 mean_abs_feat_delta = 0.237762\n"}
,{"stream_name":"stdout","time":679.476420149,"data":"SECONDARY_EDGE_TTA_ACTIVE views = 8 weight = 0.75 mean_abs_feat_delta = 0.226463\n"}
,{"stream_name":"stdout","time":680.610876946,"data":"EDGE_TTA_ACTIVE views = 8 mean_abs_feat_delta = 0.372785\n"}
,{"stream_name":"stdout","time":680.630783769,"data":"EDGE_TTA_ACTIVE views = 8 mean_abs_feat_delta = 0.333419\n"}
,{"stream_name":"stdout","time":681.624817146,"data":"SECONDARY_EDGE_TTA_ACTIVE views = 8 weight = 0.75 mean_abs_feat_delta = 0.232529\n"}
,{"stream_name":"stdout","time":681.636228079,"data":"SECONDARY_EDGE_TTA_ACTIVE views = 8 weight = 0.75 mean_abs_feat_delta = 0.238631\n"}
,{"stream_name":"stdout","time":682.692167075,"data":"EDGE_TTA_ACTIVE views = 8 mean_abs_feat_delta = 0.372432\n"}
,{"stream_name":"stdout","time":682.960436718,"data":"EDGE_TTA_ACTIVE views = 8 mean_abs_feat_delta = 0.338616\n"}
,{"stream_name":"stdout","time":683.716415407,"data":"SECONDARY_EDGE_TTA_ACTIVE views = 8 weight = 0.75 mean_abs_feat_delta = 0.234792\n"}
,{"stream_name":"stdout","time":683.96908799,"data":"SECONDARY_EDGE_TTA_ACTIVE views = 8 weight = 0.75 mean_abs_feat_delta = 0.236776\n"}
,{"stream_name":"stdout","time":684.837688074,"data":"EDGE_TTA_ACTIVE views = 8 mean_abs_feat_delta = 0.371331\n"}
,{"stream_name":"stdout","time":685.361475433,"data":"EDGE_TTA_ACTIVE views = 8 mean_abs_feat_delta = 0.335349\n"}
,{"stream_name":"stdout","time":685.873937817,"data":"SECONDARY_EDGE_TTA_ACTIVE views = 8 weight = 0.75 mean_abs_feat_delta = 0.233309\n"}
,{"stream_name":"stdout","time":686.372804275,"data":"SECONDARY_EDGE_TTA_ACTIVE views = 8 weight = 0.75 mean_abs_feat_delta = 0.233805\n"}
,{"stream_name":"stdout","time":687.015872942,"data":"EDGE_TTA_ACTIVE views = 8 mean_abs_feat_delta = 0.369641\n"}
,{"stream_name":"stdout","time":687.771186568,"data":"EDGE_TTA_ACTIVE views = 8 mean_abs_feat_delta = 0.337635\n"}
,{"stream_name":"stdout","time":688.058469696,"data":"SECONDARY_EDGE_TTA_ACTIVE views = 8 weight = 0.75 mean_abs_feat_delta = 0.231091\n"}
,{"stream_name":"stdout","time":688.791947767,"data":"SECONDARY_EDGE_TTA_ACTIVE views = 8 weight = 0.75 mean_abs_feat_delta = 0.2393\n"}
,{"stream_name":"stdout","time":689.206770171,"data":"EDGE_TTA_ACTIVE views = 8 mean_abs_feat_delta = 0.371647\n"}
,{"stream_name":"stdout","time":690.225089972,"data":"EDGE_TTA_ACTIVE views = 8 mean_abs_feat_delta = 0.336677\n"}
,{"stream_name":"stdout","time":690.256634275,"data":"SECONDARY_EDGE_TTA_ACTIVE views = 8 weight = 0.75 mean_abs_feat_delta = 0.231415\n"}
,{"stream_name":"stdout","time":691.247517391,"data":"SECONDARY_EDGE_TTA_ACTIVE views = 8 weight = 0.75 mean_abs_feat_delta = 0.241418\n"}
,{"stream_name":"stdout","time":691.362511358,"data":"EDGE_TTA_ACTIVE views = 8 mean_abs_feat_delta = 0.368025\n"}
,{"stream_name":"stdout","time":692.41645981,"data":"SECONDARY_EDGE_TTA_ACTIVE views = 8 weight = 0.75 mean_abs_feat_delta = 0.232042\n"}
,{"stream_name":"stdout","time":692.620687384,"data":"EDGE_TTA_ACTIVE views = 8 mean_abs_feat_delta = 0.334169\n"}
,{"stream_name":"stdout","time":693.583099785,"data":"EDGE_TTA_ACTIVE views = 8 mean_abs_feat_delta = 0.362922\n"}
,{"stream_name":"stdout","time":693.648772449,"data":"SECONDARY_EDGE_TTA_ACTIVE views = 8 weight = 0.75 mean_abs_feat_delta = 0.240548\n"}
,{"stream_name":"stdout","time":694.638378982,"data":"SECONDARY_EDGE_TTA_ACTIVE views = 8 weight = 0.75 mean_abs_feat_delta = 0.232766\n"}
,{"stream_name":"stdout","time":695.033164969,"data":"EDGE_TTA_ACTIVE views = 8 mean_abs_feat_delta = 0.334586\n"}
,{"stream_name":"stdout","time":695.763158597,"data":"EDGE_TTA_ACTIVE views = 8 mean_abs_feat_delta = 0.352705\n"}
,{"stream_name":"stdout","time":696.057928197,"data":"SECONDARY_EDGE_TTA_ACTIVE views = 8 weight = 0.75 mean_abs_feat_delta = 0.239217\n"}
,{"stream_name":"stdout","time":696.814221329,"data":"SECONDARY_EDGE_TTA_ACTIVE views = 8 weight = 0.75 mean_abs_feat_delta = 0.235979\n"}
,{"stream_name":"stdout","time":697.393666048,"data":"EDGE_TTA_ACTIVE views = 8 mean_abs_feat_delta = 0.333591\n"}
,{"stream_name":"stdout","time":697.946419532,"data":"EDGE_TTA_ACTIVE views = 8 mean_abs_feat_delta = 0.336896\n"}
,{"stream_name":"stdout","time":698.409777537,"data":"SECONDARY_EDGE_TTA_ACTIVE views = 8 weight = 0.75 mean_abs_feat_delta = 0.238117\n"}
,{"stream_name":"stdout","time":698.989254587,"data":"SECONDARY_EDGE_TTA_ACTIVE views = 8 weight = 0.75 mean_abs_feat_delta = 0.241376\n"}
,{"stream_name":"stdout","time":699.770688381,"data":"EDGE_TTA_ACTIVE views = 8 mean_abs_feat_delta = 0.333424\n"}
,{"stream_name":"stdout","time":700.088391109,"data":"EDGE_TTA_ACTIVE views = 8 mean_abs_feat_delta = 0.34476\n"}
,{"stream_name":"stdout","time":700.778747985,"data":"SECONDARY_EDGE_TTA_ACTIVE views = 8 weight = 0.75 mean_abs_feat_delta = 0.241111\n"}
,{"stream_name":"stdout","time":701.122825415,"data":"SECONDARY_EDGE_TTA_ACTIVE views = 8 weight = 0.75 mean_abs_feat_delta = 0.233304\n"}
,{"stream_name":"stdout","time":702.116435155,"data":"EDGE_TTA_ACTIVE views = 8 mean_abs_feat_delta = 0.329672\n"}
,{"stream_name":"stdout","time":702.240018167,"data":"EDGE_TTA_ACTIVE views = 8 mean_abs_feat_delta = 0.351291\n"}
,{"stream_name":"stdout","time":703.121648396,"data":"SECONDARY_EDGE_TTA_ACTIVE views = 8 weight = 0.75 mean_abs_feat_delta = 0.233408\n"}
,{"stream_name":"stdout","time":703.264764862,"data":"SECONDARY_EDGE_TTA_ACTIVE views = 8 weight = 0.75 mean_abs_feat_delta = 0.237349\n"}
,{"stream_name":"stdout","time":704.346713536,"data":"EDGE_TTA_ACTIVE views = 8 mean_abs_feat_delta = 0.350787\n"}
,{"stream_name":"stdout","time":704.469178729,"data":"EDGE_TTA_ACTIVE views = 8 mean_abs_feat_delta = 0.330847\n"}
,{"stream_name":"stdout","time":705.362991051,"data":"SECONDARY_EDGE_TTA_ACTIVE views = 8 weight = 0.75 mean_abs_feat_delta = 0.237192\n"}
,{"stream_name":"stdout","time":705.46703376,"data":"SECONDARY_EDGE_TTA_ACTIVE views = 8 weight = 0.75 mean_abs_feat_delta = 0.236893\n"}
,{"stream_name":"stdout","time":706.443531986,"data":"EDGE_TTA_ACTIVE views = 8 mean_abs_feat_delta = 0.352459\n"}
,{"stream_name":"stdout","time":706.793220543,"data":"EDGE_TTA_ACTIVE views = 8 mean_abs_feat_delta = 0.332545\n"}
,{"stream_name":"stdout","time":707.458134858,"data":"SECONDARY_EDGE_TTA_ACTIVE views = 8 weight = 0.75 mean_abs_feat_delta = 0.23579\n"}
,{"stream_name":"stdout","time":707.788491826,"data":"SECONDARY_EDGE_TTA_ACTIVE views = 8 weight = 0.75 mean_abs_feat_delta = 0.244446\n"}
,{"stream_name":"stdout","time":708.585330352,"data":"EDGE_TTA_ACTIVE views = 8 mean_abs_feat_delta = 0.343926\n"}
,{"stream_name":"stdout","time":709.075914178,"data":"EDGE_TTA_ACTIVE views = 8 mean_abs_feat_delta = 0.333406\n"}
,{"stream_name":"stdout","time":709.543895202,"data":"SECONDARY_EDGE_TTA_ACTIVE views = 8 weight = 0.75 mean_abs_feat_delta = 0.245733\n"}
,{"stream_name":"stdout","time":710.067041507,"data":"SECONDARY_EDGE_TTA_ACTIVE views = 8 weight = 0.75 mean_abs_feat_delta = 0.249633\n"}
,{"stream_name":"stdout","time":710.647822603,"data":"EDGE_TTA_ACTIVE views = 8 mean_abs_feat_delta = 0.361961\n"}
,{"stream_name":"stdout","time":711.334139425,"data":"EDGE_TTA_ACTIVE views = 8 mean_abs_feat_delta = 0.33416\n"}
,{"stream_name":"stdout","time":711.649010574,"data":"SECONDARY_EDGE_TTA_ACTIVE views = 8 weight = 0.75 mean_abs_feat_delta = 0.237609\n"}
,{"stream_name":"stdout","time":712.323132492,"data":"SECONDARY_EDGE_TTA_ACTIVE views = 8 weight = 0.75 mean_abs_feat_delta = 0.246702\n"}
,{"stream_name":"stdout","time":712.786269997,"data":"EDGE_TTA_ACTIVE views = 8 mean_abs_feat_delta = 0.359198\n"}
,{"stream_name":"stdout","time":713.606003229,"data":"EDGE_TTA_ACTIVE views = 8 mean_abs_feat_delta = 0.335015\n"}
,{"stream_name":"stdout","time":713.784456424,"data":"SECONDARY_EDGE_TTA_ACTIVE views = 8 weight = 0.75 mean_abs_feat_delta = 0.24975\n"}
,{"stream_name":"stdout","time":714.591879214,"data":"SECONDARY_EDGE_TTA_ACTIVE views = 8 weight = 0.75 mean_abs_feat_delta = 0.239557\n"}
,{"stream_name":"stdout","time":714.889412566,"data":"EDGE_TTA_ACTIVE views = 8 mean_abs_feat_delta = 0.364122\n"}
,{"stream_name":"stdout","time":715.871756839,"data":"EDGE_TTA_ACTIVE views = 8 mean_abs_feat_delta = 0.342511\n"}
,{"stream_name":"stdout","time":715.883823413,"data":"SECONDARY_EDGE_TTA_ACTIVE views = 8 weight = 0.75 mean_abs_feat_delta = 0.23735\n"}
,{"stream_name":"stdout","time":716.84722807,"data":"SECONDARY_EDGE_TTA_ACTIVE views = 8 weight = 0.75 mean_abs_feat_delta = 0.238104\n"}
,{"stream_name":"stdout","time":716.943782484,"data":"EDGE_TTA_ACTIVE views = 8 mean_abs_feat_delta = 0.357428\n"}
,{"stream_name":"stdout","time":717.931717004,"data":"SECONDARY_EDGE_TTA_ACTIVE views = 8 weight = 0.75 mean_abs_feat_delta = 0.239857\n"}
,{"stream_name":"stdout","time":718.159147859,"data":"EDGE_TTA_ACTIVE views = 8 mean_abs_feat_delta = 0.342159\n"}
,{"stream_name":"stdout","time":719.021725582,"data":"EDGE_TTA_ACTIVE views = 8 mean_abs_feat_delta = 0.343652\n"}
,{"stream_name":"stdout","time":719.134088982,"data":"SECONDARY_EDGE_TTA_ACTIVE views = 8 weight = 0.75 mean_abs_feat_delta = 0.239919\n"}
,{"stream_name":"stdout","time":720.014724768,"data":"SECONDARY_EDGE_TTA_ACTIVE views = 8 weight = 0.75 mean_abs_feat_delta = 0.246472\n"}
,{"stream_name":"stdout","time":720.388255323,"data":"EDGE_TTA_ACTIVE views = 8 mean_abs_feat_delta = 0.340811\n"}
,{"stream_name":"stdout","time":721.109510611,"data":"EDGE_TTA_ACTIVE views = 8 mean_abs_feat_delta = 0.355033\n"}
,{"stream_name":"stdout","time":721.362299613,"data":"SECONDARY_EDGE_TTA_ACTIVE views = 8 weight = 0.75 mean_abs_feat_delta = 0.238456\n"}
,{"stream_name":"stdout","time":722.095640739,"data":"SECONDARY_EDGE_TTA_ACTIVE views = 8 weight = 0.75 mean_abs_feat_delta = 0.23837\n"}
,{"stream_name":"stdout","time":722.637952012,"data":"EDGE_TTA_ACTIVE views = 8 mean_abs_feat_delta = 0.349582\n"}
,{"stream_name":"stdout","time":723.156779377,"data":"EDGE_TTA_ACTIVE views = 8 mean_abs_feat_delta = 0.351347\n"}
,{"stream_name":"stdout","time":723.611517364,"data":"SECONDARY_EDGE_TTA_ACTIVE views = 8 weight = 0.75 mean_abs_feat_delta = 0.237938\n"}
,{"stream_name":"stdout","time":724.145769828,"data":"SECONDARY_EDGE_TTA_ACTIVE views = 8 weight = 0.75 mean_abs_feat_delta = 0.23794\n"}
,{"stream_name":"stdout","time":724.90344373,"data":"EDGE_TTA_ACTIVE views = 8 mean_abs_feat_delta = 0.350508\n"}
,{"stream_name":"stdout","time":725.223007316,"data":"EDGE_TTA_ACTIVE views = 8 mean_abs_feat_delta = 0.353252\n"}
,{"stream_name":"stdout","time":725.881345683,"data":"SECONDARY_EDGE_TTA_ACTIVE views = 8 weight = 0.75 mean_abs_feat_delta = 0.242027\n"}
,{"stream_name":"stdout","time":726.209983829,"data":"SECONDARY_EDGE_TTA_ACTIVE views = 8 weight = 0.75 mean_abs_feat_delta = 0.237401\n"}
,{"stream_name":"stdout","time":727.155988932,"data":"EDGE_TTA_ACTIVE views = 8 mean_abs_feat_delta = 0.347721\n"}
,{"stream_name":"stdout","time":727.308976119,"data":"EDGE_TTA_ACTIVE views = 8 mean_abs_feat_delta = 0.33905\n"}
,{"stream_name":"stdout","time":728.130926729,"data":"SECONDARY_EDGE_TTA_ACTIVE views = 8 weight = 0.75 mean_abs_feat_delta = 0.244117\n"}
,{"stream_name":"stdout","time":728.293960086,"data":"SECONDARY_EDGE_TTA_ACTIVE views = 8 weight = 0.75 mean_abs_feat_delta = 0.245673\n"}
,{"stream_name":"stdout","time":729.376891843,"data":"EDGE_TTA_ACTIVE views = 8 mean_abs_feat_delta = 0.354422\n"}
,{"stream_name":"stdout","time":729.405826046,"data":"EDGE_TTA_ACTIVE views = 8 mean_abs_feat_delta = 0.347752\n"}
,{"stream_name":"stdout","time":730.357613995,"data":"SECONDARY_EDGE_TTA_ACTIVE views = 8 weight = 0.75 mean_abs_feat_delta = 0.235875\n"}
,{"stream_name":"stdout","time":730.380811428,"data":"SECONDARY_EDGE_TTA_ACTIVE views = 8 weight = 0.75 mean_abs_feat_delta = 0.243325\n"}
,{"stream_name":"stdout","time":731.414275944,"data":"EDGE_TTA_ACTIVE views = 8 mean_abs_feat_delta = 0.359708\n"}
,{"stream_name":"stdout","time":731.657458317,"data":"EDGE_TTA_ACTIVE views = 8 mean_abs_feat_delta = 0.347648\n"}
,{"stream_name":"stdout","time":732.404567322,"data":"SECONDARY_EDGE_TTA_ACTIVE views = 8 weight = 0.75 mean_abs_feat_delta = 0.241531\n"}
,{"stream_name":"stdout","time":732.634455975,"data":"SECONDARY_EDGE_TTA_ACTIVE views = 8 weight = 0.75 mean_abs_feat_delta = 0.244042\n"}
,{"stream_name":"stdout","time":733.481008377,"data":"EDGE_TTA_ACTIVE views = 8 mean_abs_feat_delta = 0.359515\n"}
,{"stream_name":"stdout","time":733.928914866,"data":"EDGE_TTA_ACTIVE views = 8 mean_abs_feat_delta = 0.350568\n"}
,{"stream_name":"stdout","time":734.467868863,"data":"SECONDARY_EDGE_TTA_ACTIVE views = 8 weight = 0.75 mean_abs_feat_delta = 0.238654\n"}
,{"stream_name":"stdout","time":734.906599876,"data":"SECONDARY_EDGE_TTA_ACTIVE views = 8 weight = 0.75 mean_abs_feat_delta = 0.24973\n"}
,{"stream_name":"stdout","time":735.529260411,"data":"EDGE_TTA_ACTIVE views = 8 mean_abs_feat_delta = 0.356987\n"}
,{"stream_name":"stdout","time":736.182561484,"data":"EDGE_TTA_ACTIVE views = 8 mean_abs_feat_delta = 0.339277\n"}
,{"stream_name":"stdout","time":736.521388071,"data":"SECONDARY_EDGE_TTA_ACTIVE views = 8 weight = 0.75 mean_abs_feat_delta = 0.235897\n"}
,{"stream_name":"stdout","time":737.157862402,"data":"SECONDARY_EDGE_TTA_ACTIVE views = 8 weight = 0.75 mean_abs_feat_delta = 0.239339\n"}
,{"stream_name":"stdout","time":737.580175455,"data":"EDGE_TTA_ACTIVE views = 8 mean_abs_feat_delta = 0.358806\n"}
,{"stream_name":"stdout","time":738.433386138,"data":"EDGE_TTA_ACTIVE views = 8 mean_abs_feat_delta = 0.341866\n"}
,{"stream_name":"stdout","time":738.574541536,"data":"SECONDARY_EDGE_TTA_ACTIVE views = 8 weight = 0.75 mean_abs_feat_delta = 0.232787\n"}
,{"stream_name":"stdout","time":739.471576905,"data":"SECONDARY_EDGE_TTA_ACTIVE views = 8 weight = 0.75 mean_abs_feat_delta = 0.244666\n"}
,{"stream_name":"stdout","time":739.63622783,"data":"EDGE_TTA_ACTIVE views = 8 mean_abs_feat_delta = 0.360605\n"}
,{"stream_name":"stdout","time":740.63467312,"data":"SECONDARY_EDGE_TTA_ACTIVE views = 8 weight = 0.75 mean_abs_feat_delta = 0.235419\n"}
,{"stream_name":"stdout","time":740.745305804,"data":"EDGE_TTA_ACTIVE views = 8 mean_abs_feat_delta = 0.344401\n"}
,{"stream_name":"stdout","time":741.724706218,"data":"SECONDARY_EDGE_TTA_ACTIVE views = 8 weight = 0.75 mean_abs_feat_delta = 0.244039\n"}
,{"stream_name":"stdout","time":741.756196304,"data":"EDGE_TTA_ACTIVE views = 8 mean_abs_feat_delta = 0.35888\n"}
,{"stream_name":"stdout","time":742.754286843,"data":"SECONDARY_EDGE_TTA_ACTIVE views = 8 weight = 0.75 mean_abs_feat_delta = 0.232021\n"}
,{"stream_name":"stdout","time":743.018154708,"data":"EDGE_TTA_ACTIVE views = 8 mean_abs_feat_delta = 0.341738\n"}
,{"stream_name":"stdout","time":743.818927503,"data":"EDGE_TTA_ACTIVE views = 8 mean_abs_feat_delta = 0.364525\n"}
,{"stream_name":"stdout","time":744.007927805,"data":"SECONDARY_EDGE_TTA_ACTIVE views = 8 weight = 0.75 mean_abs_feat_delta = 0.245322\n"}
,{"stream_name":"stdout","time":744.818578427,"data":"SECONDARY_EDGE_TTA_ACTIVE views = 8 weight = 0.75 mean_abs_feat_delta = 0.235438\n"}
,{"stream_name":"stdout","time":745.275916376,"data":"EDGE_TTA_ACTIVE views = 8 mean_abs_feat_delta = 0.339738\n"}
,{"stream_name":"stdout","time":745.878811383,"data":"EDGE_TTA_ACTIVE views = 8 mean_abs_feat_delta = 0.367055\n"}
,{"stream_name":"stdout","time":746.268891224,"data":"SECONDARY_EDGE_TTA_ACTIVE views = 8 weight = 0.75 mean_abs_feat_delta = 0.2464\n"}
,{"stream_name":"stdout","time":746.881619508,"data":"SECONDARY_EDGE_TTA_ACTIVE views = 8 weight = 0.75 mean_abs_feat_delta = 0.238512\n"}
,{"stream_name":"stdout","time":747.535390337,"data":"EDGE_TTA_ACTIVE views = 8 mean_abs_feat_delta = 0.336334\n"}
,{"stream_name":"stdout","time":747.948822581,"data":"EDGE_TTA_ACTIVE views = 8 mean_abs_feat_delta = 0.351417\n"}
,{"stream_name":"stdout","time":748.528520916,"data":"SECONDARY_EDGE_TTA_ACTIVE views = 8 weight = 0.75 mean_abs_feat_delta = 0.244837\n"}
,{"stream_name":"stdout","time":748.95487227,"data":"SECONDARY_EDGE_TTA_ACTIVE views = 8 weight = 0.75 mean_abs_feat_delta = 0.246384\n"}
,{"stream_name":"stdout","time":749.807844652,"data":"EDGE_TTA_ACTIVE views = 8 mean_abs_feat_delta = 0.336552\n"}
,{"stream_name":"stdout","time":750.027709434,"data":"EDGE_TTA_ACTIVE views = 8 mean_abs_feat_delta = 0.363487\n"}
,{"stream_name":"stdout","time":750.805038705,"data":"SECONDARY_EDGE_TTA_ACTIVE views = 8 weight = 0.75 mean_abs_feat_delta = 0.249715\n"}
,{"stream_name":"stdout","time":751.036704193,"data":"SECONDARY_EDGE_TTA_ACTIVE views = 8 weight = 0.75 mean_abs_feat_delta = 0.234938\n"}
,{"stream_name":"stdout","time":752.074393802,"data":"EDGE_TTA_ACTIVE views = 8 mean_abs_feat_delta = 0.336751\n"}
,{"stream_name":"stdout","time":752.123362392,"data":"EDGE_TTA_ACTIVE views = 8 mean_abs_feat_delta = 0.361591\n"}
,{"stream_name":"stdout","time":753.072441135,"data":"SECONDARY_EDGE_TTA_ACTIVE views = 8 weight = 0.75 mean_abs_feat_delta = 0.246366\n"}
,{"stream_name":"stdout","time":753.131763616,"data":"SECONDARY_EDGE_TTA_ACTIVE views = 8 weight = 0.75 mean_abs_feat_delta = 0.237752\n"}
,{"stream_name":"stdout","time":754.22170552,"data":"EDGE_TTA_ACTIVE views = 8 mean_abs_feat_delta = 0.35878\n"}
,{"stream_name":"stdout","time":754.364560327,"data":"EDGE_TTA_ACTIVE views = 8 mean_abs_feat_delta = 0.342229\n"}
,{"stream_name":"stdout","time":755.235626177,"data":"SECONDARY_EDGE_TTA_ACTIVE views = 8 weight = 0.75 mean_abs_feat_delta = 0.23573\n"}
,{"stream_name":"stdout","time":755.362267231,"data":"SECONDARY_EDGE_TTA_ACTIVE views = 8 weight = 0.75 mean_abs_feat_delta = 0.250553\n"}
,{"stream_name":"stdout","time":756.362449974,"data":"EDGE_TTA_ACTIVE views = 8 mean_abs_feat_delta = 0.361252\n"}
,{"stream_name":"stdout","time":756.632121671,"data":"EDGE_TTA_ACTIVE views = 8 mean_abs_feat_delta = 0.34433\n"}
,{"stream_name":"stdout","time":757.37998583,"data":"SECONDARY_EDGE_TTA_ACTIVE views = 8 weight = 0.75 mean_abs_feat_delta = 0.235636\n"}
,{"stream_name":"stdout","time":757.63382067,"data":"SECONDARY_EDGE_TTA_ACTIVE views = 8 weight = 0.75 mean_abs_feat_delta = 0.253052\n"}
,{"stream_name":"stdout","time":758.458941998,"data":"EDGE_TTA_ACTIVE views = 8 mean_abs_feat_delta = 0.357825\n"}
,{"stream_name":"stdout","time":758.896154902,"data":"EDGE_TTA_ACTIVE views = 8 mean_abs_feat_delta = 0.338919\n"}
,{"stream_name":"stdout","time":759.479429306,"data":"SECONDARY_EDGE_TTA_ACTIVE views = 8 weight = 0.75 mean_abs_feat_delta = 0.23299\n"}
,{"stream_name":"stdout","time":759.898926622,"data":"SECONDARY_EDGE_TTA_ACTIVE views = 8 weight = 0.75 mean_abs_feat_delta = 0.249056\n"}
,{"stream_name":"stdout","time":760.606844013,"data":"EDGE_TTA_ACTIVE views = 8 mean_abs_feat_delta = 0.356818\n"}
,{"stream_name":"stdout","time":761.197527809,"data":"EDGE_TTA_ACTIVE views = 8 mean_abs_feat_delta = 0.334467\n"}
,{"stream_name":"stdout","time":761.6308193,"data":"SECONDARY_EDGE_TTA_ACTIVE views = 8 weight = 0.75 mean_abs_feat_delta = 0.232458\n"}
,{"stream_name":"stdout","time":762.199473499,"data":"SECONDARY_EDGE_TTA_ACTIVE views = 8 weight = 0.75 mean_abs_feat_delta = 0.249429\n"}
,{"stream_name":"stdout","time":762.753085369,"data":"EDGE_TTA_ACTIVE views = 8 mean_abs_feat_delta = 0.358323\n"}
,{"stream_name":"stdout","time":763.5085752,"data":"EDGE_TTA_ACTIVE views = 8 mean_abs_feat_delta = 0.334048\n"}
,{"stream_name":"stdout","time":763.777760568,"data":"SECONDARY_EDGE_TTA_ACTIVE views = 8 weight = 0.75 mean_abs_feat_delta = 0.232166\n"}
,{"stream_name":"stdout","time":764.516241353,"data":"SECONDARY_EDGE_TTA_ACTIVE views = 8 weight = 0.75 mean_abs_feat_delta = 0.246018\n"}
,{"stream_name":"stdout","time":764.914460306,"data":"EDGE_TTA_ACTIVE views = 8 mean_abs_feat_delta = 0.352135\n"}
,{"stream_name":"stdout","time":765.796403129,"data":"EDGE_TTA_ACTIVE views = 8 mean_abs_feat_delta = 0.334845\n"}
,{"stream_name":"stdout","time":765.938742842,"data":"SECONDARY_EDGE_TTA_ACTIVE views = 8 weight = 0.75 mean_abs_feat_delta = 0.232609\n"}
,{"stream_name":"stdout","time":766.800162923,"data":"SECONDARY_EDGE_TTA_ACTIVE views = 8 weight = 0.75 mean_abs_feat_delta = 0.244333\n"}
,{"stream_name":"stdout","time":767.092716543,"data":"EDGE_TTA_ACTIVE views = 8 mean_abs_feat_delta = 0.351911\n"}
,{"stream_name":"stdout","time":768.106221126,"data":"EDGE_TTA_ACTIVE views = 8 mean_abs_feat_delta = 0.334767\n"}
,{"stream_name":"stdout","time":768.115799498,"data":"SECONDARY_EDGE_TTA_ACTIVE views = 8 weight = 0.75 mean_abs_feat_delta = 0.232939\n"}
,{"stream_name":"stdout","time":769.107463623,"data":"SECONDARY_EDGE_TTA_ACTIVE views = 8 weight = 0.75 mean_abs_feat_delta = 0.248241\n"}
,{"stream_name":"stdout","time":769.212842752,"data":"EDGE_TTA_ACTIVE views = 8 mean_abs_feat_delta = 0.356519\n"}
,{"stream_name":"stdout","time":770.291962012,"data":"SECONDARY_EDGE_TTA_ACTIVE views = 8 weight = 0.75 mean_abs_feat_delta = 0.231872\n"}
,{"stream_name":"stdout","time":770.406245511,"data":"EDGE_TTA_ACTIVE views = 8 mean_abs_feat_delta = 0.330452\n"}
,{"stream_name":"stdout","time":771.366123462,"data":"EDGE_TTA_ACTIVE views = 8 mean_abs_feat_delta = 0.353385\n"}
,{"stream_name":"stdout","time":771.406854907,"data":"SECONDARY_EDGE_TTA_ACTIVE views = 8 weight = 0.75 mean_abs_feat_delta = 0.239474\n"}
,{"stream_name":"stdout","time":772.38444688,"data":"SECONDARY_EDGE_TTA_ACTIVE views = 8 weight = 0.75 mean_abs_feat_delta = 0.232685\n"}
,{"stream_name":"stdout","time":772.718642043,"data":"EDGE_TTA_ACTIVE views = 8 mean_abs_feat_delta = 0.33197\n"}
,{"stream_name":"stdout","time":773.469795743,"data":"EDGE_TTA_ACTIVE views = 8 mean_abs_feat_delta = 0.351229\n"}
,{"stream_name":"stdout","time":773.717301658,"data":"SECONDARY_EDGE_TTA_ACTIVE views = 8 weight = 0.75 mean_abs_feat_delta = 0.247447\n"}
,{"stream_name":"stdout","time":774.483770412,"data":"SECONDARY_EDGE_TTA_ACTIVE views = 8 weight = 0.75 mean_abs_feat_delta = 0.233018\n"}
,{"stream_name":"stdout","time":774.971869309,"data":"EDGE_TTA_ACTIVE views = 8 mean_abs_feat_delta = 0.33369\n"}
,{"stream_name":"stdout","time":775.559932301,"data":"EDGE_TTA_ACTIVE views = 8 mean_abs_feat_delta = 0.350705\n"}
,{"stream_name":"stdout","time":775.966531237,"data":"SECONDARY_EDGE_TTA_ACTIVE views = 8 weight = 0.75 mean_abs_feat_delta = 0.242876\n"}
,{"stream_name":"stdout","time":776.57432764,"data":"SECONDARY_EDGE_TTA_ACTIVE views = 8 weight = 0.75 mean_abs_feat_delta = 0.234885\n"}
,{"stream_name":"stdout","time":777.233114062,"data":"EDGE_TTA_ACTIVE views = 8 mean_abs_feat_delta = 0.335249\n"}
,{"stream_name":"stdout","time":777.683589887,"data":"EDGE_TTA_ACTIVE views = 8 mean_abs_feat_delta = 0.353278\n"}
,{"stream_name":"stdout","time":778.229553107,"data":"SECONDARY_EDGE_TTA_ACTIVE views = 8 weight = 0.75 mean_abs_feat_delta = 0.249719\n"}
,{"stream_name":"stdout","time":778.695908324,"data":"SECONDARY_EDGE_TTA_ACTIVE views = 8 weight = 0.75 mean_abs_feat_delta = 0.232744\n"}
,{"stream_name":"stdout","time":779.482861252,"data":"EDGE_TTA_ACTIVE views = 8 mean_abs_feat_delta = 0.33665\n"}
,{"stream_name":"stdout","time":779.768630924,"data":"EDGE_TTA_ACTIVE views = 8 mean_abs_feat_delta = 0.358064\n"}
,{"stream_name":"stdout","time":780.479291517,"data":"SECONDARY_EDGE_TTA_ACTIVE views = 8 weight = 0.75 mean_abs_feat_delta = 0.250474\n"}
,{"stream_name":"stdout","time":780.780405204,"data":"SECONDARY_EDGE_TTA_ACTIVE views = 8 weight = 0.75 mean_abs_feat_delta = 0.229484\n"}
,{"stream_name":"stdout","time":781.757390498,"data":"EDGE_TTA_ACTIVE views = 8 mean_abs_feat_delta = 0.338336\n"}
,{"stream_name":"stdout","time":781.883042382,"data":"EDGE_TTA_ACTIVE views = 8 mean_abs_feat_delta = 0.35946\n"}
,{"stream_name":"stdout","time":782.748787451,"data":"SECONDARY_EDGE_TTA_ACTIVE views = 8 weight = 0.75 mean_abs_feat_delta = 0.243806\n"}
,{"stream_name":"stdout","time":782.887835679,"data":"SECONDARY_EDGE_TTA_ACTIVE views = 8 weight = 0.75 mean_abs_feat_delta = 0.231302\n"}
,{"stream_name":"stdout","time":783.961515261,"data":"EDGE_TTA_ACTIVE views = 8 mean_abs_feat_delta = 0.357537\n"}
,{"stream_name":"stdout","time":784.041481899,"data":"EDGE_TTA_ACTIVE views = 8 mean_abs_feat_delta = 0.337788\n"}
,{"stream_name":"stdout","time":784.971044125,"data":"SECONDARY_EDGE_TTA_ACTIVE views = 8 weight = 0.75 mean_abs_feat_delta = 0.233885\n"}
,{"stream_name":"stdout","time":785.024963408,"data":"SECONDARY_EDGE_TTA_ACTIVE views = 8 weight = 0.75 mean_abs_feat_delta = 0.245508\n"}
,{"stream_name":"stdout","time":786.047105307,"data":"EDGE_TTA_ACTIVE views = 8 mean_abs_feat_delta = 0.357561\n"}
,{"stream_name":"stdout","time":786.29577624,"data":"EDGE_TTA_ACTIVE views = 8 mean_abs_feat_delta = 0.325091\n"}
,{"stream_name":"stdout","time":787.051952648,"data":"SECONDARY_EDGE_TTA_ACTIVE views = 8 weight = 0.75 mean_abs_feat_delta = 0.235923\n"}
,{"stream_name":"stdout","time":787.285499834,"data":"SECONDARY_EDGE_TTA_ACTIVE views = 8 weight = 0.75 mean_abs_feat_delta = 0.241957\n"}
,{"stream_name":"stdout","time":788.113342692,"data":"EDGE_TTA_ACTIVE views = 8 mean_abs_feat_delta = 0.356691\n"}
,{"stream_name":"stdout","time":788.54598649,"data":"EDGE_TTA_ACTIVE views = 8 mean_abs_feat_delta = 0.32712\n"}
,{"stream_name":"stdout","time":789.109016225,"data":"SECONDARY_EDGE_TTA_ACTIVE views = 8 weight = 0.75 mean_abs_feat_delta = 0.236514\n"}
,{"stream_name":"stdout","time":789.531453432,"data":"SECONDARY_EDGE_TTA_ACTIVE views = 8 weight = 0.75 mean_abs_feat_delta = 0.252361\n"}
,{"stream_name":"stdout","time":790.167725236,"data":"EDGE_TTA_ACTIVE views = 8 mean_abs_feat_delta = 0.360713\n"}
,{"stream_name":"stdout","time":790.792829006,"data":"EDGE_TTA_ACTIVE views = 8 mean_abs_feat_delta = 0.323213\n"}
,{"stream_name":"stdout","time":791.164955043,"data":"SECONDARY_EDGE_TTA_ACTIVE views = 8 weight = 0.75 mean_abs_feat_delta = 0.236886\n"}
,{"stream_name":"stdout","time":791.779398911,"data":"SECONDARY_EDGE_TTA_ACTIVE views = 8 weight = 0.75 mean_abs_feat_delta = 0.245152\n"}
,{"stream_name":"stdout","time":792.271655313,"data":"EDGE_TTA_ACTIVE views = 8 mean_abs_feat_delta = 0.361191\n"}
,{"stream_name":"stdout","time":793.04473075,"data":"EDGE_TTA_ACTIVE views = 8 mean_abs_feat_delta = 0.321976\n"}
,{"stream_name":"stdout","time":793.26625696,"data":"SECONDARY_EDGE_TTA_ACTIVE views = 8 weight = 0.75 mean_abs_feat_delta = 0.236659\n"}
,{"stream_name":"stdout","time":794.020568591,"data":"SECONDARY_EDGE_TTA_ACTIVE views = 8 weight = 0.75 mean_abs_feat_delta = 0.249767\n"}
,{"stream_name":"stdout","time":794.325797809,"data":"EDGE_TTA_ACTIVE views = 8 mean_abs_feat_delta = 0.363957\n"}
,{"stream_name":"stdout","time":795.271444235,"data":"EDGE_TTA_ACTIVE views = 8 mean_abs_feat_delta = 0.323768\n"}
,{"stream_name":"stdout","time":795.318961531,"data":"SECONDARY_EDGE_TTA_ACTIVE views = 8 weight = 0.75 mean_abs_feat_delta = 0.238038\n"}
,{"stream_name":"stdout","time":796.251561745,"data":"SECONDARY_EDGE_TTA_ACTIVE views = 8 weight = 0.75 mean_abs_feat_delta = 0.251085\n"}
,{"stream_name":"stdout","time":797.706015449,"data":"EDGE_TTA_ACTIVE views = 8 mean_abs_feat_delta = 0.324838\n"}
,{"stream_name":"stdout","time":798.681131168,"data":"SECONDARY_EDGE_TTA_ACTIVE views = 8 weight = 0.75 mean_abs_feat_delta = 0.239244\n"}
,{"stream_name":"stdout","time":799.918775364,"data":"EDGE_TTA_ACTIVE views = 8 mean_abs_feat_delta = 0.323094\n"}
,{"stream_name":"stdout","time":799.996806148,"data":"Saved 2 predictions to /kaggle/working/tracking_repo/predictions/unknown/unet_transformer_gpu0/split_0\n"}
,{"stream_name":"stdout","time":800.935167247,"data":"SECONDARY_EDGE_TTA_ACTIVE views = 8 weight = 0.75 mean_abs_feat_delta = 0.247015\n"}
,{"stream_name":"stdout","time":802.173877093,"data":"EDGE_TTA_ACTIVE views = 8 mean_abs_feat_delta = 0.322603\n"}
,{"stream_name":"stdout","time":803.147684155,"data":"SECONDARY_EDGE_TTA_ACTIVE views = 8 weight = 0.75 mean_abs_feat_delta = 0.251849\n"}
,{"stream_name":"stdout","time":804.40391232,"data":"EDGE_TTA_ACTIVE views = 8 mean_abs_feat_delta = 0.325152\n"}
,{"stream_name":"stdout","time":805.381064959,"data":"SECONDARY_EDGE_TTA_ACTIVE views = 8 weight = 0.75 mean_abs_feat_delta = 0.251093\n"}
,{"stream_name":"stdout","time":806.648182148,"data":"EDGE_TTA_ACTIVE views = 8 mean_abs_feat_delta = 0.328347\n"}
,{"stream_name":"stdout","time":807.636023915,"data":"SECONDARY_EDGE_TTA_ACTIVE views = 8 weight = 0.75 mean_abs_feat_delta = 0.244661\n"}
,{"stream_name":"stdout","time":808.931191384,"data":"EDGE_TTA_ACTIVE views = 8 mean_abs_feat_delta = 0.328262\n"}
,{"stream_name":"stdout","time":809.92091468,"data":"SECONDARY_EDGE_TTA_ACTIVE views = 8 weight = 0.75 mean_abs_feat_delta = 0.243635\n"}
,{"stream_name":"stdout","time":811.168700871,"data":"EDGE_TTA_ACTIVE views = 8 mean_abs_feat_delta = 0.327618\n"}
,{"stream_name":"stdout","time":812.161562137,"data":"SECONDARY_EDGE_TTA_ACTIVE views = 8 weight = 0.75 mean_abs_feat_delta = 0.248058\n"}
,{"stream_name":"stdout","time":893.7402703,"data":"Saved 2 predictions to /kaggle/working/tracking_repo/predictions/unknown/unet_transformer_gpu1/split_0\n"}
,{"stream_name":"stdout","time":896.312666948,"data":"Merged 4 prediction graphs into /kaggle/working/tracking_repo/predictions/unknown/unet_transformer/split_0\n"}
,{"stream_name":"stdout","time":896.312703046,"data":"Prediction completed in 9.15 minutes\n"}
,{"stream_name":"stdout","time":1291.324748875,"data":"Trying DeepCenter add-only gate checkpoint: /kaggle/input/datasets/pilkwang/biohub-deepcenter-unet3d-center-prior-v1/weights/full_frame_center/best.pt\n"}
,{"stream_name":"stdout","time":1291.602973661,"data":"Loaded DeepCenter add-only gate checkpoint: /kaggle/input/datasets/pilkwang/biohub-deepcenter-unet3d-center-prior-v1/weights/full_frame_center/best.pt\n"}
,{"stream_name":"stdout","time":1291.603033135,"data":"DeepCenter checkpoint epoch: 2 best_score: -0.04500306242456039\n"}
,{"stream_name":"stdout","time":1291.603040775,"data":"Found 4 prediction graphs\n"}
,{"stream_name":"stdout","time":1292.008845457,"data":"[44b6_0113de3b] after edge-filter+motion-relink: 25822 nodes, 24996 edges\n"}
,{"stream_name":"stdout","time":1293.13440174,"data":"DEEPCENTER_TTA_ACTIVE views = 8 mean_abs_logit_delta = 0.128065\n"}
,{"stream_name":"stdout","time":1295.267056517,"data":"[44b6_0113de3b] after gap-closing (single-frame + gap2): 25885 nodes, 25113 edges\n"}
,{"stream_name":"stdout","time":1319.829038485,"data":"[44b6_0113de3b] after safe-division repair: 25885 nodes, 25162 edges (geometric_candidates = 171, deepcenter_rejected = 117, post_veto_candidates = 54, added = 49, cap_skipped = 0, mutual_nn_rejected = 63, divergence_rejected = 476)\n"}
,{"stream_name":"stdout","time":1319.829189897,"data":"[44b6_0113de3b] after division-geometry-filter+prune-isolated: 25883 nodes, 25162 edges\n"}
,{"stream_name":"stdout","time":1319.829199342,"data":"[44b6_0113de3b] after short-track filtering: 25648 nodes, 24979 edges (components_removed = 52)\n"}
,{"stream_name":"stdout","time":1324.847042714,"data":"[44b6_0113de3b] FINAL: 25648 nodes, 24979 edges\n"}
,{"stream_name":"stdout","time":1325.350694996,"data":"[44b6_0b24845f] after edge-filter+motion-relink: 22491 nodes, 20143 edges\n"}
,{"stream_name":"stdout","time":1343.329112231,"data":"[44b6_0b24845f] after gap-closing (single-frame + gap2): 22922 nodes, 20929 edges\n"}
,{"stream_name":"stdout","time":1369.507077483,"data":"[44b6_0b24845f] after safe-division repair: 22922 nodes, 20958 edges (geometric_candidates = 260, deepcenter_rejected = 227, post_veto_candidates = 33, added = 29, cap_skipped = 0, mutual_nn_rejected = 68, divergence_rejected = 1037)\n"}
,{"stream_name":"stdout","time":1369.50711587,"data":"[44b6_0b24845f] after division-geometry-filter+prune-isolated: 22922 nodes, 20958 edges\n"}
,{"stream_name":"stdout","time":1369.507120099,"data":"[44b6_0b24845f] after short-track filtering: 20501 nodes, 19080 edges (components_removed = 543)\n"}
,{"stream_name":"stdout","time":1373.506765964,"data":"[44b6_0b24845f] FINAL: 20501 nodes, 19080 edges\n"}
,{"stream_name":"stdout","time":1373.89416994,"data":"[6bba_05b6850b] after edge-filter+motion-relink: 6305 nodes, 6012 edges\n"}
,{"stream_name":"stdout","time":1375.322040542,"data":"[6bba_05b6850b] after gap-closing (single-frame + gap2): 6338 nodes, 6072 edges\n"}
,{"stream_name":"stdout","time":1381.338967978,"data":"[6bba_05b6850b] after safe-division repair: 6338 nodes, 6082 edges (geometric_candidates = 22, deepcenter_rejected = 12, post_veto_candidates = 10, added = 10, cap_skipped = 0, mutual_nn_rejected = 5, divergence_rejected = 91)\n"}
,{"stream_name":"stdout","time":1381.339036023,"data":"[6bba_05b6850b] after division-geometry-filter+prune-isolated: 6337 nodes, 6082 edges\n"}
,{"stream_name":"stdout","time":1381.339042437,"data":"[6bba_05b6850b] after short-track filtering: 6106 nodes, 5902 edges (components_removed = 51)\n"}
,{"stream_name":"stdout","time":1382.551148083,"data":"[6bba_05b6850b] FINAL: 6106 nodes, 5902 edges\n"}
,{"stream_name":"stdout","time":1383.454001452,"data":"[6bba_05db0fb1] after edge-filter+motion-relink: 70687 nodes, 67238 edges\n"}
,{"stream_name":"stdout","time":1402.017416674,"data":"[6bba_05db0fb1] after gap-closing (single-frame + gap2): 71224 nodes, 68252 edges\n"}
,{"stream_name":"stdout","time":1430.82456493,"data":"[6bba_05db0fb1] after safe-division repair: 71224 nodes, 68298 edges (geometric_candidates = 401, deepcenter_rejected = 354, post_veto_candidates = 47, added = 46, cap_skipped = 0, mutual_nn_rejected = 628, divergence_rejected = 3152)\n"}
,{"stream_name":"stdout","time":1430.824612393,"data":"[6bba_05db0fb1] after division-geometry-filter+prune-isolated: 71223 nodes, 68298 edges\n"}
,{"stream_name":"stdout","time":1431.082927513,"data":"[6bba_05db0fb1] after short-track filtering: 69753 nodes, 67147 edges (components_removed = 319)\n"}
,{"stream_name":"stdout","time":1444.731792331,"data":"[6bba_05db0fb1] FINAL: 69753 nodes, 67147 edges\n"}
,{"stream_name":"stdout","time":1445.196947857,"data":"Wrote /kaggle/working/submission.csv with 239,116 rows\n"}
,{"stream_name":"stdout","time":1445.196977741,"data":"Node rows: 122,008 | edge rows: 117,108\n"}
,{"stream_name":"stdout","time":1445.196985815,"data":"Wrote /kaggle/working/run_stats.csv\n"}
,{"stream_name":"stdout","time":1494.053056209,"data":"/usr/local/lib/python3.12/dist-packages/dask/array/image.py:7: FutureWarning: `find_available_plugins` is deprecated since version 0.25 and will be removed in version 0.27. The plugin infrastructure of `skimage.io` is deprecated. Instead, use `imageio` or other I/O packages directly.\n"}
,{"stream_name":"stdout","time":1494.054145908,"data":"  from skimage.io import imread as sk_imread\n"}
,{"stream_name":"stdout","time":1494.054984242,"data":"/usr/lib/python3.12/importlib/__init__.py:90: FutureWarning: `reset_plugins` is deprecated since version 0.25 and will be removed in version 0.27. The plugin infrastructure of `skimage.io` is deprecated. Instead, use `imageio` or other I/O packages directly.\n"}
,{"stream_name":"stdout","time":1494.055882708,"data":"/usr/local/lib/python3.12/dist-packages/dask/array/image.py:7: FutureWarning: `find_available_plugins` is deprecated since version 0.25 and will be removed in version 0.27. The plugin infrastructure of `skimage.io` is deprecated. Instead, use `imageio` or other I/O packages directly.\n"}
,{"stream_name":"stdout","time":1494.056864357,"data":"  from skimage.io import imread as sk_imread\n"}
,{"stream_name":"stdout","time":1494.057812725,"data":"  return _bootstrap._gcd_import(name[level:], package, level)\n"}
,{"stream_name":"stdout","time":1494.058578733,"data":"/usr/lib/python3.12/importlib/__init__.py:90: FutureWarning: `reset_plugins` is deprecated since version 0.25 and will be removed in version 0.27. The plugin infrastructure of `skimage.io` is deprecated. Instead, use `imageio` or other I/O packages directly.\n"}
,{"stream_name":"stdout","time":1494.059282838,"data":"  return _bootstrap._gcd_import(name[level:], package, level)\n"}
,{"stream_name":"stdout","time":1494.591100849,"data":"Secondary model: /kaggle/working/secondary_seed_weights/unet_transformer/split_0/edge_predictor_best.pth | edge weight = 0.150 | detection weight = 0.800 | link mode = low_margin_consensus | temperature = 1.000 | low-margin max = 0.350 | edge threshold = 0.480\n"}
,{"stream_name":"stdout","time":1494.592122908,"data":"Fold 0: 4 datasets | weights=weights/unet_transformer/split_0/edge_predictor_best.pth | device=cuda | window_size=2 | pool_kernel_um=3.0\n"}
,{"stream_name":"stdout","time":1494.621201688,"data":"Secondary model: /kaggle/working/secondary_seed_weights/unet_transformer/split_0/edge_predictor_best.pth | edge weight = 0.150 | detection weight = 0.800 | link mode = low_margin_consensus | temperature = 1.000 | low-margin max = 0.350 | edge threshold = 0.480\n"}
,{"stream_name":"stdout","time":1494.621981547,"data":"Fold 0: 4 datasets | weights=weights/unet_transformer/split_0/edge_predictor_best.pth | device=cuda | window_size=2 | pool_kernel_um=3.0\n"}
,{"stream_name":"stdout","time":1496.014622659,"data":"EDGE_TTA_ACTIVE views = 8 mean_abs_feat_delta = 0.392767\n"}
,{"stream_name":"stdout","time":1496.123407793,"data":"EDGE_TTA_ACTIVE views = 8 mean_abs_feat_delta = 0.34981\n"}
,{"stream_name":"stdout","time":1496.879383527,"data":"SECONDARY_EDGE_TTA_ACTIVE views = 8 weight = 0.75 mean_abs_feat_delta = 0.25325\n"}
,{"stream_name":"stdout","time":1497.092159266,"data":"SECONDARY_EDGE_TTA_ACTIVE views = 8 weight = 0.75 mean_abs_feat_delta = 0.248181\n"}
,{"stream_name":"stdout","time":1498.422938982,"data":"EDGE_TTA_ACTIVE views = 8 mean_abs_feat_delta = 0.399438\n"}
,{"stream_name":"stdout","time":1498.790609328,"data":"EDGE_TTA_ACTIVE views = 8 mean_abs_feat_delta = 0.348323\n"}
,{"stream_name":"stdout","time":1499.279460785,"data":"SECONDARY_EDGE_TTA_ACTIVE views = 8 weight = 0.75 mean_abs_feat_delta = 0.251396\n"}
,{"stream_name":"stdout","time":1499.756372556,"data":"SECONDARY_EDGE_TTA_ACTIVE views = 8 weight = 0.75 mean_abs_feat_delta = 0.247023\n"}
,{"stream_name":"stdout","time":1500.257289919,"data":"EDGE_TTA_ACTIVE views = 8 mean_abs_feat_delta = 0.403568\n"}
,{"stream_name":"stdout","time":1500.90973089,"data":"EDGE_TTA_ACTIVE views = 8 mean_abs_feat_delta = 0.347872\n"}
,{"stream_name":"stdout","time":1501.115748569,"data":"SECONDARY_EDGE_TTA_ACTIVE views = 8 weight = 0.75 mean_abs_feat_delta = 0.261829\n"}
,{"stream_name":"stdout","time":1501.882752074,"data":"SECONDARY_EDGE_TTA_ACTIVE views = 8 weight = 0.75 mean_abs_feat_delta = 0.246602\n"}
,{"stream_name":"stdout","time":1502.098671962,"data":"EDGE_TTA_ACTIVE views = 8 mean_abs_feat_delta = 0.396848\n"}
,{"stream_name":"stdout","time":1502.957470129,"data":"SECONDARY_EDGE_TTA_ACTIVE views = 8 weight = 0.75 mean_abs_feat_delta = 0.263394\n"}
,{"stream_name":"stdout","time":1503.036352469,"data":"EDGE_TTA_ACTIVE views = 8 mean_abs_feat_delta = 0.351487\n"}
,{"stream_name":"stdout","time":1503.912971756,"data":"EDGE_TTA_ACTIVE views = 8 mean_abs_feat_delta = 0.405804\n"}
,{"stream_name":"stdout","time":1504.011640049,"data":"SECONDARY_EDGE_TTA_ACTIVE views = 8 weight = 0.75 mean_abs_feat_delta = 0.246793\n"}
,{"stream_name":"stdout","time":1504.77390573,"data":"SECONDARY_EDGE_TTA_ACTIVE views = 8 weight = 0.75 mean_abs_feat_delta = 0.265155\n"}
,{"stream_name":"stdout","time":1505.186529334,"data":"EDGE_TTA_ACTIVE views = 8 mean_abs_feat_delta = 0.349843\n"}
,{"stream_name":"stdout","time":1505.729683521,"data":"EDGE_TTA_ACTIVE views = 8 mean_abs_feat_delta = 0.406637\n"}
,{"stream_name":"stdout","time":1506.17694521,"data":"SECONDARY_EDGE_TTA_ACTIVE views = 8 weight = 0.75 mean_abs_feat_delta = 0.248773\n"}
,{"stream_name":"stdout","time":1506.598832513,"data":"SECONDARY_EDGE_TTA_ACTIVE views = 8 weight = 0.75 mean_abs_feat_delta = 0.26828\n"}
,{"stream_name":"stdout","time":1507.338913232,"data":"EDGE_TTA_ACTIVE views = 8 mean_abs_feat_delta = 0.348101\n"}
,{"stream_name":"stdout","time":1507.55366256,"data":"EDGE_TTA_ACTIVE views = 8 mean_abs_feat_delta = 0.406976\n"}
,{"stream_name":"stdout","time":1508.3382996,"data":"SECONDARY_EDGE_TTA_ACTIVE views = 8 weight = 0.75 mean_abs_feat_delta = 0.251248\n"}
,{"stream_name":"stdout","time":1508.421421277,"data":"SECONDARY_EDGE_TTA_ACTIVE views = 8 weight = 0.75 mean_abs_feat_delta = 0.266278\n"}
,{"stream_name":"stdout","time":1509.415805818,"data":"EDGE_TTA_ACTIVE views = 8 mean_abs_feat_delta = 0.402713\n"}
,{"stream_name":"stdout","time":1509.51913128,"data":"EDGE_TTA_ACTIVE views = 8 mean_abs_feat_delta = 0.351882\n"}
,{"stream_name":"stdout","time":1510.286604958,"data":"SECONDARY_EDGE_TTA_ACTIVE views = 8 weight = 0.75 mean_abs_feat_delta = 0.265313\n"}
,{"stream_name":"stdout","time":1510.518245337,"data":"SECONDARY_EDGE_TTA_ACTIVE views = 8 weight = 0.75 mean_abs_feat_delta = 0.248045\n"}
,{"stream_name":"stdout","time":1511.258901597,"data":"EDGE_TTA_ACTIVE views = 8 mean_abs_feat_delta = 0.409078\n"}
,{"stream_name":"stdout","time":1511.72129787,"data":"EDGE_TTA_ACTIVE views = 8 mean_abs_feat_delta = 0.352461\n"}
,{"stream_name":"stdout","time":1512.130928654,"data":"SECONDARY_EDGE_TTA_ACTIVE views = 8 weight = 0.75 mean_abs_feat_delta = 0.269693\n"}
,{"stream_name":"stdout","time":1512.730842266,"data":"SECONDARY_EDGE_TTA_ACTIVE views = 8 weight = 0.75 mean_abs_feat_delta = 0.24889\n"}
,{"stream_name":"stdout","time":1513.094679726,"data":"EDGE_TTA_ACTIVE views = 8 mean_abs_feat_delta = 0.408625\n"}
,{"stream_name":"stdout","time":1513.956123837,"data":"EDGE_TTA_ACTIVE views = 8 mean_abs_feat_delta = 0.352873\n"}
,{"stream_name":"stdout","time":1513.967293843,"data":"SECONDARY_EDGE_TTA_ACTIVE views = 8 weight = 0.75 mean_abs_feat_delta = 0.268201\n"}
,{"stream_name":"stdout","time":1514.994830947,"data":"EDGE_TTA_ACTIVE views = 8 mean_abs_feat_delta = 0.39904\n"}
,{"stream_name":"stdout","time":1514.996491628,"data":"SECONDARY_EDGE_TTA_ACTIVE views = 8 weight = 0.75 mean_abs_feat_delta = 0.252126\n"}
,{"stream_name":"stdout","time":1515.870071459,"data":"SECONDARY_EDGE_TTA_ACTIVE views = 8 weight = 0.75 mean_abs_feat_delta = 0.270173\n"}
,{"stream_name":"stdout","time":1516.168109004,"data":"EDGE_TTA_ACTIVE views = 8 mean_abs_feat_delta = 0.354101\n"}
,{"stream_name":"stdout","time":1516.86829095,"data":"EDGE_TTA_ACTIVE views = 8 mean_abs_feat_delta = 0.400016\n"}
,{"stream_name":"stdout","time":1517.205553278,"data":"SECONDARY_EDGE_TTA_ACTIVE views = 8 weight = 0.75 mean_abs_feat_delta = 0.254643\n"}
,{"stream_name":"stdout","time":1517.754232077,"data":"SECONDARY_EDGE_TTA_ACTIVE views = 8 weight = 0.75 mean_abs_feat_delta = 0.274836\n"}
,{"stream_name":"stdout","time":1518.423815366,"data":"EDGE_TTA_ACTIVE views = 8 mean_abs_feat_delta = 0.353493\n"}
,{"stream_name":"stdout","time":1518.724979473,"data":"EDGE_TTA_ACTIVE views = 8 mean_abs_feat_delta = 0.392897\n"}
,{"stream_name":"stdout","time":1519.472138164,"data":"SECONDARY_EDGE_TTA_ACTIVE views = 8 weight = 0.75 mean_abs_feat_delta = 0.252923\n"}
,{"stream_name":"stdout","time":1519.604379685,"data":"SECONDARY_EDGE_TTA_ACTIVE views = 8 weight = 0.75 mean_abs_feat_delta = 0.275465\n"}
,{"stream_name":"stdout","time":1520.650217156,"data":"EDGE_TTA_ACTIVE views = 8 mean_abs_feat_delta = 0.386155\n"}
,{"stream_name":"stdout","time":1520.710369842,"data":"EDGE_TTA_ACTIVE views = 8 mean_abs_feat_delta = 0.351325\n"}
,{"stream_name":"stdout","time":1521.532923957,"data":"SECONDARY_EDGE_TTA_ACTIVE views = 8 weight = 0.75 mean_abs_feat_delta = 0.276966\n"}
,{"stream_name":"stdout","time":1521.769814443,"data":"SECONDARY_EDGE_TTA_ACTIVE views = 8 weight = 0.75 mean_abs_feat_delta = 0.254734\n"}
,{"stream_name":"stdout","time":1522.541231937,"data":"EDGE_TTA_ACTIVE views = 8 mean_abs_feat_delta = 0.384551\n"}
,{"stream_name":"stdout","time":1523.083360298,"data":"EDGE_TTA_ACTIVE views = 8 mean_abs_feat_delta = 0.348177\n"}
,{"stream_name":"stdout","time":1523.42485893,"data":"SECONDARY_EDGE_TTA_ACTIVE views = 8 weight = 0.75 mean_abs_feat_delta = 0.281272\n"}
,{"stream_name":"stdout","time":1524.221230449,"data":"SECONDARY_EDGE_TTA_ACTIVE views = 8 weight = 0.75 mean_abs_feat_delta = 0.253579\n"}
,{"stream_name":"stdout","time":1524.472282466,"data":"EDGE_TTA_ACTIVE views = 8 mean_abs_feat_delta = 0.380346\n"}
,{"stream_name":"stdout","time":1525.36029202,"data":"SECONDARY_EDGE_TTA_ACTIVE views = 8 weight = 0.75 mean_abs_feat_delta = 0.285887\n"}
,{"stream_name":"stdout","time":1525.395481489,"data":"EDGE_TTA_ACTIVE views = 8 mean_abs_feat_delta = 0.350577\n"}
,{"stream_name":"stdout","time":1526.355596372,"data":"EDGE_TTA_ACTIVE views = 8 mean_abs_feat_delta = 0.37911\n"}
,{"stream_name":"stdout","time":1526.471002909,"data":"SECONDARY_EDGE_TTA_ACTIVE views = 8 weight = 0.75 mean_abs_feat_delta = 0.25103\n"}
,{"stream_name":"stdout","time":1527.246924188,"data":"SECONDARY_EDGE_TTA_ACTIVE views = 8 weight = 0.75 mean_abs_feat_delta = 0.286323\n"}
,{"stream_name":"stdout","time":1527.717619785,"data":"EDGE_TTA_ACTIVE views = 8 mean_abs_feat_delta = 0.351302\n"}
,{"stream_name":"stdout","time":1528.26710536,"data":"EDGE_TTA_ACTIVE views = 8 mean_abs_feat_delta = 0.388444\n"}
,{"stream_name":"stdout","time":1528.799657954,"data":"SECONDARY_EDGE_TTA_ACTIVE views = 8 weight = 0.75 mean_abs_feat_delta = 0.25233\n"}
,{"stream_name":"stdout","time":1529.158669452,"data":"SECONDARY_EDGE_TTA_ACTIVE views = 8 weight = 0.75 mean_abs_feat_delta = 0.289269\n"}
,{"stream_name":"stdout","time":1530.104801283,"data":"EDGE_TTA_ACTIVE views = 8 mean_abs_feat_delta = 0.349328\n"}
,{"stream_name":"stdout","time":1530.237963381,"data":"EDGE_TTA_ACTIVE views = 8 mean_abs_feat_delta = 0.38137\n"}
,{"stream_name":"stdout","time":1531.130963057,"data":"SECONDARY_EDGE_TTA_ACTIVE views = 8 weight = 0.75 mean_abs_feat_delta = 0.293139\n"}
,{"stream_name":"stdout","time":1531.181458727,"data":"SECONDARY_EDGE_TTA_ACTIVE views = 8 weight = 0.75 mean_abs_feat_delta = 0.251184\n"}
,{"stream_name":"stdout","time":1532.150646471,"data":"EDGE_TTA_ACTIVE views = 8 mean_abs_feat_delta = 0.380845\n"}
,{"stream_name":"stdout","time":1532.432076692,"data":"EDGE_TTA_ACTIVE views = 8 mean_abs_feat_delta = 0.347529\n"}
,{"stream_name":"stdout","time":1533.045472429,"data":"SECONDARY_EDGE_TTA_ACTIVE views = 8 weight = 0.75 mean_abs_feat_delta = 0.293928\n"}
,{"stream_name":"stdout","time":1533.497255821,"data":"SECONDARY_EDGE_TTA_ACTIVE views = 8 weight = 0.75 mean_abs_feat_delta = 0.24962\n"}
,{"stream_name":"stdout","time":1534.108392865,"data":"EDGE_TTA_ACTIVE views = 8 mean_abs_feat_delta = 0.378817\n"}
,{"stream_name":"stdout","time":1534.697927193,"data":"EDGE_TTA_ACTIVE views = 8 mean_abs_feat_delta = 0.34733\n"}
,{"stream_name":"stdout","time":1535.003109993,"data":"SECONDARY_EDGE_TTA_ACTIVE views = 8 weight = 0.75 mean_abs_feat_delta = 0.297484\n"}
,{"stream_name":"stdout","time":1535.750382415,"data":"SECONDARY_EDGE_TTA_ACTIVE views = 8 weight = 0.75 mean_abs_feat_delta = 0.253407\n"}
,{"stream_name":"stdout","time":1536.037163879,"data":"EDGE_TTA_ACTIVE views = 8 mean_abs_feat_delta = 0.370246\n"}
,{"stream_name":"stdout","time":1536.931853239,"data":"SECONDARY_EDGE_TTA_ACTIVE views = 8 weight = 0.75 mean_abs_feat_delta = 0.295002\n"}
,{"stream_name":"stdout","time":1536.970058993,"data":"EDGE_TTA_ACTIVE views = 8 mean_abs_feat_delta = 0.346983\n"}
,{"stream_name":"stdout","time":1537.958511572,"data":"EDGE_TTA_ACTIVE views = 8 mean_abs_feat_delta = 0.364454\n"}
,{"stream_name":"stdout","time":1538.011062355,"data":"SECONDARY_EDGE_TTA_ACTIVE views = 8 weight = 0.75 mean_abs_feat_delta = 0.2512\n"}
,{"stream_name":"stdout","time":1538.85220723,"data":"SECONDARY_EDGE_TTA_ACTIVE views = 8 weight = 0.75 mean_abs_feat_delta = 0.297522\n"}
,{"stream_name":"stdout","time":1539.246863966,"data":"EDGE_TTA_ACTIVE views = 8 mean_abs_feat_delta = 0.343153\n"}
,{"stream_name":"stdout","time":1539.877620182,"data":"EDGE_TTA_ACTIVE views = 8 mean_abs_feat_delta = 0.372022\n"}
,{"stream_name":"stdout","time":1540.274059206,"data":"SECONDARY_EDGE_TTA_ACTIVE views = 8 weight = 0.75 mean_abs_feat_delta = 0.24607\n"}
,{"stream_name":"stdout","time":1540.772127443,"data":"SECONDARY_EDGE_TTA_ACTIVE views = 8 weight = 0.75 mean_abs_feat_delta = 0.294151\n"}
,{"stream_name":"stdout","time":1541.437072897,"data":"EDGE_TTA_ACTIVE views = 8 mean_abs_feat_delta = 0.343379\n"}
,{"stream_name":"stdout","time":1541.851011585,"data":"EDGE_TTA_ACTIVE views = 8 mean_abs_feat_delta = 0.367153\n"}
,{"stream_name":"stdout","time":1542.454721068,"data":"SECONDARY_EDGE_TTA_ACTIVE views = 8 weight = 0.75 mean_abs_feat_delta = 0.246416\n"}
,{"stream_name":"stdout","time":1542.742969813,"data":"SECONDARY_EDGE_TTA_ACTIVE views = 8 weight = 0.75 mean_abs_feat_delta = 0.291229\n"}
,{"stream_name":"stdout","time":1543.640574719,"data":"EDGE_TTA_ACTIVE views = 8 mean_abs_feat_delta = 0.345181\n"}
,{"stream_name":"stdout","time":1543.76579484,"data":"EDGE_TTA_ACTIVE views = 8 mean_abs_feat_delta = 0.366124\n"}
,{"stream_name":"stdout","time":1544.64753263,"data":"SECONDARY_EDGE_TTA_ACTIVE views = 8 weight = 0.75 mean_abs_feat_delta = 0.248144\n"}
,{"stream_name":"stdout","time":1544.651878038,"data":"BIOHUB_RETENTION_GUARD {\"blended_candidates\": 431, \"dataset\": \"44b6_12dfb391\", \"frame\": 22, \"minimum_retention\": 0.9, \"primary_candidates\": 484, \"retention\": 0.890495867768595, \"use_primary\": true}\n"}
,{"stream_name":"stdout","time":1544.65745877,"data":"SECONDARY_EDGE_TTA_ACTIVE views = 8 weight = 0.75 mean_abs_feat_delta = 0.288452\n"}
,{"stream_name":"stdout","time":1545.687791014,"data":"EDGE_TTA_ACTIVE views = 8 mean_abs_feat_delta = 0.36912\n"}
,{"stream_name":"stdout","time":1545.863213963,"data":"EDGE_TTA_ACTIVE views = 8 mean_abs_feat_delta = 0.343644\n"}
,{"stream_name":"stdout","time":1546.580990154,"data":"SECONDARY_EDGE_TTA_ACTIVE views = 8 weight = 0.75 mean_abs_feat_delta = 0.291278\n"}
,{"stream_name":"stdout","time":1546.868830425,"data":"SECONDARY_EDGE_TTA_ACTIVE views = 8 weight = 0.75 mean_abs_feat_delta = 0.251758\n"}
,{"stream_name":"stdout","time":1546.872741476,"data":"BIOHUB_RETENTION_GUARD {\"blended_candidates\": 433, \"dataset\": \"44b6_12dfb391\", \"frame\": 23, \"minimum_retention\": 0.9, \"primary_candidates\": 484, \"retention\": 0.8946280991735537, \"use_primary\": true}\n"}
,{"stream_name":"stdout","time":1547.674960319,"data":"EDGE_TTA_ACTIVE views = 8 mean_abs_feat_delta = 0.364666\n"}
,{"stream_name":"stdout","time":1548.056571105,"data":"EDGE_TTA_ACTIVE views = 8 mean_abs_feat_delta = 0.346576\n"}
,{"stream_name":"stdout","time":1548.56852407,"data":"SECONDARY_EDGE_TTA_ACTIVE views = 8 weight = 0.75 mean_abs_feat_delta = 0.28858\n"}
,{"stream_name":"stdout","time":1549.050777093,"data":"SECONDARY_EDGE_TTA_ACTIVE views = 8 weight = 0.75 mean_abs_feat_delta = 0.255124\n"}
,{"stream_name":"stdout","time":1549.631490478,"data":"EDGE_TTA_ACTIVE views = 8 mean_abs_feat_delta = 0.35307\n"}
,{"stream_name":"stdout","time":1550.224917454,"data":"EDGE_TTA_ACTIVE views = 8 mean_abs_feat_delta = 0.351385\n"}
,{"stream_name":"stdout","time":1550.526740724,"data":"SECONDARY_EDGE_TTA_ACTIVE views = 8 weight = 0.75 mean_abs_feat_delta = 0.279262\n"}
,{"stream_name":"stdout","time":1551.215549671,"data":"SECONDARY_EDGE_TTA_ACTIVE views = 8 weight = 0.75 mean_abs_feat_delta = 0.253738\n"}
,{"stream_name":"stdout","time":1551.559447097,"data":"EDGE_TTA_ACTIVE views = 8 mean_abs_feat_delta = 0.342104\n"}
,{"stream_name":"stdout","time":1552.412002394,"data":"EDGE_TTA_ACTIVE views = 8 mean_abs_feat_delta = 0.352556\n"}
,{"stream_name":"stdout","time":1552.455896178,"data":"SECONDARY_EDGE_TTA_ACTIVE views = 8 weight = 0.75 mean_abs_feat_delta = 0.277317\n"}
,{"stream_name":"stdout","time":1553.389004928,"data":"SECONDARY_EDGE_TTA_ACTIVE views = 8 weight = 0.75 mean_abs_feat_delta = 0.254963\n"}
,{"stream_name":"stdout","time":1553.470418637,"data":"EDGE_TTA_ACTIVE views = 8 mean_abs_feat_delta = 0.340484\n"}
,{"stream_name":"stdout","time":1554.440606544,"data":"SECONDARY_EDGE_TTA_ACTIVE views = 8 weight = 0.75 mean_abs_feat_delta = 0.289551\n"}
,{"stream_name":"stdout","time":1554.562790355,"data":"EDGE_TTA_ACTIVE views = 8 mean_abs_feat_delta = 0.350435\n"}
,{"stream_name":"stdout","time":1555.430454301,"data":"EDGE_TTA_ACTIVE views = 8 mean_abs_feat_delta = 0.356776\n"}
,{"stream_name":"stdout","time":1555.535693744,"data":"SECONDARY_EDGE_TTA_ACTIVE views = 8 weight = 0.75 mean_abs_feat_delta = 0.253821\n"}
,{"stream_name":"stdout","time":1555.539699927,"data":"BIOHUB_RETENTION_GUARD {\"blended_candidates\": 451, \"dataset\": \"44b6_12dfb391\", \"frame\": 27, \"minimum_retention\": 0.9, \"primary_candidates\": 504, \"retention\": 0.8948412698412699, \"use_primary\": true}\n"}
,{"stream_name":"stdout","time":1556.32623797,"data":"SECONDARY_EDGE_TTA_ACTIVE views = 8 weight = 0.75 mean_abs_feat_delta = 0.298782\n"}
,{"stream_name":"stdout","time":1556.707668712,"data":"EDGE_TTA_ACTIVE views = 8 mean_abs_feat_delta = 0.351638\n"}
,{"stream_name":"stdout","time":1557.366510309,"data":"EDGE_TTA_ACTIVE views = 8 mean_abs_feat_delta = 0.355165\n"}
,{"stream_name":"stdout","time":1557.681070893,"data":"SECONDARY_EDGE_TTA_ACTIVE views = 8 weight = 0.75 mean_abs_feat_delta = 0.252121\n"}
,{"stream_name":"stdout","time":1558.261324472,"data":"SECONDARY_EDGE_TTA_ACTIVE views = 8 weight = 0.75 mean_abs_feat_delta = 0.295177\n"}
,{"stream_name":"stdout","time":1558.874647922,"data":"EDGE_TTA_ACTIVE views = 8 mean_abs_feat_delta = 0.3532\n"}
,{"stream_name":"stdout","time":1559.293381239,"data":"EDGE_TTA_ACTIVE views = 8 mean_abs_feat_delta = 0.355677\n"}
,{"stream_name":"stdout","time":1559.846830403,"data":"SECONDARY_EDGE_TTA_ACTIVE views = 8 weight = 0.75 mean_abs_feat_delta = 0.254307\n"}
,{"stream_name":"stdout","time":1560.191910921,"data":"SECONDARY_EDGE_TTA_ACTIVE views = 8 weight = 0.75 mean_abs_feat_delta = 0.303441\n"}
,{"stream_name":"stdout","time":1561.064667963,"data":"EDGE_TTA_ACTIVE views = 8 mean_abs_feat_delta = 0.350487\n"}
,{"stream_name":"stdout","time":1561.219873327,"data":"EDGE_TTA_ACTIVE views = 8 mean_abs_feat_delta = 0.358773\n"}
,{"stream_name":"stdout","time":1562.034804181,"data":"SECONDARY_EDGE_TTA_ACTIVE views = 8 weight = 0.75 mean_abs_feat_delta = 0.254731\n"}
,{"stream_name":"stdout","time":1562.118268149,"data":"SECONDARY_EDGE_TTA_ACTIVE views = 8 weight = 0.75 mean_abs_feat_delta = 0.292043\n"}
,{"stream_name":"stdout","time":1563.159061704,"data":"EDGE_TTA_ACTIVE views = 8 mean_abs_feat_delta = 0.357316\n"}
,{"stream_name":"stdout","time":1563.168606709,"data":"EDGE_TTA_ACTIVE views = 8 mean_abs_feat_delta = 0.348036\n"}
,{"stream_name":"stdout","time":1564.058037703,"data":"SECONDARY_EDGE_TTA_ACTIVE views = 8 weight = 0.75 mean_abs_feat_delta = 0.28185\n"}
,{"stream_name":"stdout","time":1564.141374526,"data":"SECONDARY_EDGE_TTA_ACTIVE views = 8 weight = 0.75 mean_abs_feat_delta = 0.251975\n"}
,{"stream_name":"stdout","time":1565.122007551,"data":"EDGE_TTA_ACTIVE views = 8 mean_abs_feat_delta = 0.358984\n"}
,{"stream_name":"stdout","time":1565.313005152,"data":"EDGE_TTA_ACTIVE views = 8 mean_abs_feat_delta = 0.346153\n"}
,{"stream_name":"stdout","time":1566.020202576,"data":"SECONDARY_EDGE_TTA_ACTIVE views = 8 weight = 0.75 mean_abs_feat_delta = 0.283606\n"}
,{"stream_name":"stdout","time":1566.286193843,"data":"SECONDARY_EDGE_TTA_ACTIVE views = 8 weight = 0.75 mean_abs_feat_delta = 0.2518\n"}
,{"stream_name":"stdout","time":1567.092760862,"data":"EDGE_TTA_ACTIVE views = 8 mean_abs_feat_delta = 0.372369\n"}
,{"stream_name":"stdout","time":1567.441618147,"data":"EDGE_TTA_ACTIVE views = 8 mean_abs_feat_delta = 0.343208\n"}
,{"stream_name":"stdout","time":1567.994933504,"data":"SECONDARY_EDGE_TTA_ACTIVE views = 8 weight = 0.75 mean_abs_feat_delta = 0.287079\n"}
,{"stream_name":"stdout","time":1568.41294652,"data":"SECONDARY_EDGE_TTA_ACTIVE views = 8 weight = 0.75 mean_abs_feat_delta = 0.253283\n"}
,{"stream_name":"stdout","time":1569.104390835,"data":"EDGE_TTA_ACTIVE views = 8 mean_abs_feat_delta = 0.382121\n"}
,{"stream_name":"stdout","time":1569.547177179,"data":"EDGE_TTA_ACTIVE views = 8 mean_abs_feat_delta = 0.345655\n"}
,{"stream_name":"stdout","time":1570.008562863,"data":"SECONDARY_EDGE_TTA_ACTIVE views = 8 weight = 0.75 mean_abs_feat_delta = 0.288642\n"}
,{"stream_name":"stdout","time":1570.519388877,"data":"SECONDARY_EDGE_TTA_ACTIVE views = 8 weight = 0.75 mean_abs_feat_delta = 0.249597\n"}
,{"stream_name":"stdout","time":1571.033477388,"data":"EDGE_TTA_ACTIVE views = 8 mean_abs_feat_delta = 0.389142\n"}
,{"stream_name":"stdout","time":1571.651435908,"data":"EDGE_TTA_ACTIVE views = 8 mean_abs_feat_delta = 0.348487\n"}
,{"stream_name":"stdout","time":1571.937803733,"data":"SECONDARY_EDGE_TTA_ACTIVE views = 8 weight = 0.75 mean_abs_feat_delta = 0.300535\n"}
,{"stream_name":"stdout","time":1572.624606737,"data":"SECONDARY_EDGE_TTA_ACTIVE views = 8 weight = 0.75 mean_abs_feat_delta = 0.249809\n"}
,{"stream_name":"stdout","time":1572.629111119,"data":"BIOHUB_RETENTION_GUARD {\"blended_candidates\": 449, \"dataset\": \"44b6_12dfb391\", \"frame\": 35, \"minimum_retention\": 0.9, \"primary_candidates\": 506, \"retention\": 0.8873517786561265, \"use_primary\": true}\n"}
,{"stream_name":"stdout","time":1573.011102547,"data":"EDGE_TTA_ACTIVE views = 8 mean_abs_feat_delta = 0.415695\n"}
,{"stream_name":"stdout","time":1573.860088322,"data":"EDGE_TTA_ACTIVE views = 8 mean_abs_feat_delta = 0.348239\n"}
,{"stream_name":"stdout","time":1573.91751695,"data":"SECONDARY_EDGE_TTA_ACTIVE views = 8 weight = 0.75 mean_abs_feat_delta = 0.294357\n"}
,{"stream_name":"stdout","time":1574.834130401,"data":"SECONDARY_EDGE_TTA_ACTIVE views = 8 weight = 0.75 mean_abs_feat_delta = 0.253116\n"}
,{"stream_name":"stdout","time":1574.837945055,"data":"BIOHUB_RETENTION_GUARD {\"blended_candidates\": 452, \"dataset\": \"44b6_12dfb391\", \"frame\": 36, \"minimum_retention\": 0.9, \"primary_candidates\": 510, \"retention\": 0.8862745098039215, \"use_primary\": true}\n"}
,{"stream_name":"stdout","time":1574.929736818,"data":"EDGE_TTA_ACTIVE views = 8 mean_abs_feat_delta = 0.401917\n"}
,{"stream_name":"stdout","time":1575.838840084,"data":"SECONDARY_EDGE_TTA_ACTIVE views = 8 weight = 0.75 mean_abs_feat_delta = 0.293557\n"}
,{"stream_name":"stdout","time":1576.049402932,"data":"EDGE_TTA_ACTIVE views = 8 mean_abs_feat_delta = 0.347637\n"}
,{"stream_name":"stdout","time":1576.886426698,"data":"EDGE_TTA_ACTIVE views = 8 mean_abs_feat_delta = 0.408829\n"}
,{"stream_name":"stdout","time":1577.029530137,"data":"SECONDARY_EDGE_TTA_ACTIVE views = 8 weight = 0.75 mean_abs_feat_delta = 0.255726\n"}
,{"stream_name":"stdout","time":1577.033772298,"data":"BIOHUB_RETENTION_GUARD {\"blended_candidates\": 459, \"dataset\": \"44b6_12dfb391\", \"frame\": 37, \"minimum_retention\": 0.9, \"primary_candidates\": 517, \"retention\": 0.8878143133462283, \"use_primary\": true}\n"}
,{"stream_name":"stdout","time":1577.798436334,"data":"SECONDARY_EDGE_TTA_ACTIVE views = 8 weight = 0.75 mean_abs_feat_delta = 0.30141\n"}
,{"stream_name":"stdout","time":1578.217578952,"data":"EDGE_TTA_ACTIVE views = 8 mean_abs_feat_delta = 0.347183\n"}
,{"stream_name":"stdout","time":1578.869779408,"data":"EDGE_TTA_ACTIVE views = 8 mean_abs_feat_delta = 0.405254\n"}
,{"stream_name":"stdout","time":1579.198537821,"data":"SECONDARY_EDGE_TTA_ACTIVE views = 8 weight = 0.75 mean_abs_feat_delta = 0.255591\n"}
,{"stream_name":"stdout","time":1579.792785389,"data":"SECONDARY_EDGE_TTA_ACTIVE views = 8 weight = 0.75 mean_abs_feat_delta = 0.297647\n"}
,{"stream_name":"stdout","time":1580.365040669,"data":"EDGE_TTA_ACTIVE views = 8 mean_abs_feat_delta = 0.347762\n"}
,{"stream_name":"stdout","time":1580.870863733,"data":"EDGE_TTA_ACTIVE views = 8 mean_abs_feat_delta = 0.414187\n"}
,{"stream_name":"stdout","time":1581.360347657,"data":"SECONDARY_EDGE_TTA_ACTIVE views = 8 weight = 0.75 mean_abs_feat_delta = 0.252775\n"}
,{"stream_name":"stdout","time":1581.786771257,"data":"SECONDARY_EDGE_TTA_ACTIVE views = 8 weight = 0.75 mean_abs_feat_delta = 0.296096\n"}
,{"stream_name":"stdout","time":1582.619736011,"data":"EDGE_TTA_ACTIVE views = 8 mean_abs_feat_delta = 0.349684\n"}
,{"stream_name":"stdout","time":1582.801653512,"data":"EDGE_TTA_ACTIVE views = 8 mean_abs_feat_delta = 0.407156\n"}
,{"stream_name":"stdout","time":1583.621580713,"data":"SECONDARY_EDGE_TTA_ACTIVE views = 8 weight = 0.75 mean_abs_feat_delta = 0.252485\n"}
,{"stream_name":"stdout","time":1583.720976344,"data":"SECONDARY_EDGE_TTA_ACTIVE views = 8 weight = 0.75 mean_abs_feat_delta = 0.296439\n"}
,{"stream_name":"stdout","time":1584.896447588,"data":"EDGE_TTA_ACTIVE views = 8 mean_abs_feat_delta = 0.352443\n"}
,{"stream_name":"stdout","time":1584.897380962,"data":"EDGE_TTA_ACTIVE views = 8 mean_abs_feat_delta = 0.390532\n"}
,{"stream_name":"stdout","time":1585.756049863,"data":"SECONDARY_EDGE_TTA_ACTIVE views = 8 weight = 0.75 mean_abs_feat_delta = 0.27503\n"}
,{"stream_name":"stdout","time":1585.836886641,"data":"SECONDARY_EDGE_TTA_ACTIVE views = 8 weight = 0.75 mean_abs_feat_delta = 0.248666\n"}
,{"stream_name":"stdout","time":1586.774177565,"data":"EDGE_TTA_ACTIVE views = 8 mean_abs_feat_delta = 0.375064\n"}
,{"stream_name":"stdout","time":1587.051499286,"data":"EDGE_TTA_ACTIVE views = 8 mean_abs_feat_delta = 0.352904\n"}
,{"stream_name":"stdout","time":1587.697856523,"data":"SECONDARY_EDGE_TTA_ACTIVE views = 8 weight = 0.75 mean_abs_feat_delta = 0.274185\n"}
,{"stream_name":"stdout","time":1588.067743184,"data":"SECONDARY_EDGE_TTA_ACTIVE views = 8 weight = 0.75 mean_abs_feat_delta = 0.248396\n"}
,{"stream_name":"stdout","time":1588.724446664,"data":"EDGE_TTA_ACTIVE views = 8 mean_abs_feat_delta = 0.357722\n"}
,{"stream_name":"stdout","time":1589.269473867,"data":"EDGE_TTA_ACTIVE views = 8 mean_abs_feat_delta = 0.355994\n"}
,{"stream_name":"stdout","time":1589.650477264,"data":"SECONDARY_EDGE_TTA_ACTIVE views = 8 weight = 0.75 mean_abs_feat_delta = 0.285894\n"}
,{"stream_name":"stdout","time":1590.290280608,"data":"SECONDARY_EDGE_TTA_ACTIVE views = 8 weight = 0.75 mean_abs_feat_delta = 0.252977\n"}
,{"stream_name":"stdout","time":1590.807713217,"data":"EDGE_TTA_ACTIVE views = 8 mean_abs_feat_delta = 0.377175\n"}
,{"stream_name":"stdout","time":1591.556072184,"data":"EDGE_TTA_ACTIVE views = 8 mean_abs_feat_delta = 0.362223\n"}
,{"stream_name":"stdout","time":1591.738915571,"data":"SECONDARY_EDGE_TTA_ACTIVE views = 8 weight = 0.75 mean_abs_feat_delta = 0.29469\n"}
,{"stream_name":"stdout","time":1592.594169118,"data":"SECONDARY_EDGE_TTA_ACTIVE views = 8 weight = 0.75 mean_abs_feat_delta = 0.253495\n"}
,{"stream_name":"stdout","time":1592.788035172,"data":"EDGE_TTA_ACTIVE views = 8 mean_abs_feat_delta = 0.370458\n"}
,{"stream_name":"stdout","time":1593.721982301,"data":"SECONDARY_EDGE_TTA_ACTIVE views = 8 weight = 0.75 mean_abs_feat_delta = 0.297902\n"}
,{"stream_name":"stdout","time":1593.849970443,"data":"EDGE_TTA_ACTIVE views = 8 mean_abs_feat_delta = 0.364163\n"}
,{"stream_name":"stdout","time":1594.768889879,"data":"EDGE_TTA_ACTIVE views = 8 mean_abs_feat_delta = 0.358848\n"}
,{"stream_name":"stdout","time":1594.896959468,"data":"SECONDARY_EDGE_TTA_ACTIVE views = 8 weight = 0.75 mean_abs_feat_delta = 0.253609\n"}
,{"stream_name":"stdout","time":1595.701440068,"data":"SECONDARY_EDGE_TTA_ACTIVE views = 8 weight = 0.75 mean_abs_feat_delta = 0.292079\n"}
,{"stream_name":"stdout","time":1596.210729745,"data":"EDGE_TTA_ACTIVE views = 8 mean_abs_feat_delta = 0.360264\n"}
,{"stream_name":"stdout","time":1596.810015213,"data":"EDGE_TTA_ACTIVE views = 8 mean_abs_feat_delta = 0.382742\n"}
,{"stream_name":"stdout","time":1597.266035458,"data":"SECONDARY_EDGE_TTA_ACTIVE views = 8 weight = 0.75 mean_abs_feat_delta = 0.251736\n"}
,{"stream_name":"stdout","time":1597.750429851,"data":"SECONDARY_EDGE_TTA_ACTIVE views = 8 weight = 0.75 mean_abs_feat_delta = 0.305102\n"}
,{"stream_name":"stdout","time":1598.525433838,"data":"EDGE_TTA_ACTIVE views = 8 mean_abs_feat_delta = 0.356608\n"}
,{"stream_name":"stdout","time":1598.856864408,"data":"EDGE_TTA_ACTIVE views = 8 mean_abs_feat_delta = 0.415987\n"}
,{"stream_name":"stdout","time":1599.584160917,"data":"SECONDARY_EDGE_TTA_ACTIVE views = 8 weight = 0.75 mean_abs_feat_delta = 0.252387\n"}
,{"stream_name":"stdout","time":1599.798701134,"data":"SECONDARY_EDGE_TTA_ACTIVE views = 8 weight = 0.75 mean_abs_feat_delta = 0.311069\n"}
,{"stream_name":"stdout","time":1600.847670944,"data":"EDGE_TTA_ACTIVE views = 8 mean_abs_feat_delta = 0.354367\n"}
,{"stream_name":"stdout","time":1600.90473046,"data":"EDGE_TTA_ACTIVE views = 8 mean_abs_feat_delta = 0.378636\n"}
,{"stream_name":"stdout","time":1601.849807262,"data":"SECONDARY_EDGE_TTA_ACTIVE views = 8 weight = 0.75 mean_abs_feat_delta = 0.306551\n"}
,{"stream_name":"stdout","time":1601.905585307,"data":"SECONDARY_EDGE_TTA_ACTIVE views = 8 weight = 0.75 mean_abs_feat_delta = 0.254964\n"}
,{"stream_name":"stdout","time":1602.988566588,"data":"EDGE_TTA_ACTIVE views = 8 mean_abs_feat_delta = 0.374978\n"}
,{"stream_name":"stdout","time":1603.211455589,"data":"EDGE_TTA_ACTIVE views = 8 mean_abs_feat_delta = 0.354144\n"}
,{"stream_name":"stdout","time":1603.927570027,"data":"SECONDARY_EDGE_TTA_ACTIVE views = 8 weight = 0.75 mean_abs_feat_delta = 0.306449\n"}
,{"stream_name":"stdout","time":1604.261940443,"data":"SECONDARY_EDGE_TTA_ACTIVE views = 8 weight = 0.75 mean_abs_feat_delta = 0.255942\n"}
,{"stream_name":"stdout","time":1605.000801597,"data":"EDGE_TTA_ACTIVE views = 8 mean_abs_feat_delta = 0.383634\n"}
,{"stream_name":"stdout","time":1605.526389266,"data":"EDGE_TTA_ACTIVE views = 8 mean_abs_feat_delta = 0.352179\n"}
,{"stream_name":"stdout","time":1605.936601242,"data":"SECONDARY_EDGE_TTA_ACTIVE views = 8 weight = 0.75 mean_abs_feat_delta = 0.308174\n"}
,{"stream_name":"stdout","time":1606.565836698,"data":"SECONDARY_EDGE_TTA_ACTIVE views = 8 weight = 0.75 mean_abs_feat_delta = 0.258443\n"}
,{"stream_name":"stdout","time":1607.039807721,"data":"EDGE_TTA_ACTIVE views = 8 mean_abs_feat_delta = 0.382868\n"}
,{"stream_name":"stdout","time":1607.804483791,"data":"EDGE_TTA_ACTIVE views = 8 mean_abs_feat_delta = 0.354896\n"}
,{"stream_name":"stdout","time":1607.9752090920001,"data":"SECONDARY_EDGE_TTA_ACTIVE views = 8 weight = 0.75 mean_abs_feat_delta = 0.31087\n"}
,{"stream_name":"stdout","time":1608.831063366,"data":"SECONDARY_EDGE_TTA_ACTIVE views = 8 weight = 0.75 mean_abs_feat_delta = 0.262635\n"}
,{"stream_name":"stdout","time":1609.072534093,"data":"EDGE_TTA_ACTIVE views = 8 mean_abs_feat_delta = 0.371306\n"}
,{"stream_name":"stdout","time":1610.004981901,"data":"SECONDARY_EDGE_TTA_ACTIVE views = 8 weight = 0.75 mean_abs_feat_delta = 0.30185\n"}
,{"stream_name":"stdout","time":1610.111838308,"data":"EDGE_TTA_ACTIVE views = 8 mean_abs_feat_delta = 0.350365\n"}
,{"stream_name":"stdout","time":1611.0448831,"data":"EDGE_TTA_ACTIVE views = 8 mean_abs_feat_delta = 0.370302\n"}
,{"stream_name":"stdout","time":1611.13140998,"data":"SECONDARY_EDGE_TTA_ACTIVE views = 8 weight = 0.75 mean_abs_feat_delta = 0.258198\n"}
,{"stream_name":"stdout","time":1611.978508304,"data":"SECONDARY_EDGE_TTA_ACTIVE views = 8 weight = 0.75 mean_abs_feat_delta = 0.299542\n"}
,{"stream_name":"stdout","time":1612.359208237,"data":"EDGE_TTA_ACTIVE views = 8 mean_abs_feat_delta = 0.347874\n"}
,{"stream_name":"stdout","time":1613.01461097,"data":"EDGE_TTA_ACTIVE views = 8 mean_abs_feat_delta = 0.37583\n"}
,{"stream_name":"stdout","time":1613.374164709,"data":"SECONDARY_EDGE_TTA_ACTIVE views = 8 weight = 0.75 mean_abs_feat_delta = 0.253125\n"}
,{"stream_name":"stdout","time":1613.948365247,"data":"SECONDARY_EDGE_TTA_ACTIVE views = 8 weight = 0.75 mean_abs_feat_delta = 0.303905\n"}
,{"stream_name":"stdout","time":1614.591819023,"data":"EDGE_TTA_ACTIVE views = 8 mean_abs_feat_delta = 0.349339\n"}
,{"stream_name":"stdout","time":1615.068773617,"data":"EDGE_TTA_ACTIVE views = 8 mean_abs_feat_delta = 0.368756\n"}
,{"stream_name":"stdout","time":1615.602257748,"data":"SECONDARY_EDGE_TTA_ACTIVE views = 8 weight = 0.75 mean_abs_feat_delta = 0.252199\n"}
,{"stream_name":"stdout","time":1615.917873893,"data":"SECONDARY_EDGE_TTA_ACTIVE views = 8 weight = 0.75 mean_abs_feat_delta = 0.306369\n"}
,{"stream_name":"stdout","time":1616.814186436,"data":"EDGE_TTA_ACTIVE views = 8 mean_abs_feat_delta = 0.350442\n"}
,{"stream_name":"stdout","time":1616.953739752,"data":"EDGE_TTA_ACTIVE views = 8 mean_abs_feat_delta = 0.352766\n"}
,{"stream_name":"stdout","time":1617.815680628,"data":"SECONDARY_EDGE_TTA_ACTIVE views = 8 weight = 0.75 mean_abs_feat_delta = 0.255465\n"}
,{"stream_name":"stdout","time":1617.819939742,"data":"BIOHUB_RETENTION_GUARD {\"blended_candidates\": 471, \"dataset\": \"44b6_12dfb391\", \"frame\": 55, \"minimum_retention\": 0.9, \"primary_candidates\": 525, \"retention\": 0.8971428571428571, \"use_primary\": true}\n"}
,{"stream_name":"stdout","time":1617.885511178,"data":"SECONDARY_EDGE_TTA_ACTIVE views = 8 weight = 0.75 mean_abs_feat_delta = 0.308458\n"}
,{"stream_name":"stdout","time":1618.983677848,"data":"EDGE_TTA_ACTIVE views = 8 mean_abs_feat_delta = 0.366005\n"}
,{"stream_name":"stdout","time":1619.049988503,"data":"EDGE_TTA_ACTIVE views = 8 mean_abs_feat_delta = 0.350606\n"}
,{"stream_name":"stdout","time":1619.914850188,"data":"SECONDARY_EDGE_TTA_ACTIVE views = 8 weight = 0.75 mean_abs_feat_delta = 0.30506\n"}
,{"stream_name":"stdout","time":1620.044378223,"data":"SECONDARY_EDGE_TTA_ACTIVE views = 8 weight = 0.75 mean_abs_feat_delta = 0.258276\n"}
,{"stream_name":"stdout","time":1620.048460596,"data":"BIOHUB_RETENTION_GUARD {\"blended_candidates\": 466, \"dataset\": \"44b6_12dfb391\", \"frame\": 56, \"minimum_retention\": 0.9, \"primary_candidates\": 529, \"retention\": 0.8809073724007561, \"use_primary\": true}\n"}
,{"stream_name":"stdout","time":1621.009423962,"data":"EDGE_TTA_ACTIVE views = 8 mean_abs_feat_delta = 0.365954\n"}
,{"stream_name":"stdout","time":1621.222160118,"data":"EDGE_TTA_ACTIVE views = 8 mean_abs_feat_delta = 0.351002\n"}
,{"stream_name":"stdout","time":1621.940254361,"data":"SECONDARY_EDGE_TTA_ACTIVE views = 8 weight = 0.75 mean_abs_feat_delta = 0.301287\n"}
,{"stream_name":"stdout","time":1622.211444233,"data":"SECONDARY_EDGE_TTA_ACTIVE views = 8 weight = 0.75 mean_abs_feat_delta = 0.259739\n"}
,{"stream_name":"stdout","time":1622.215039573,"data":"BIOHUB_RETENTION_GUARD {\"blended_candidates\": 463, \"dataset\": \"44b6_12dfb391\", \"frame\": 57, \"minimum_retention\": 0.9, \"primary_candidates\": 525, \"retention\": 0.8819047619047619, \"use_primary\": true}\n"}
,{"stream_name":"stdout","time":1622.97023608,"data":"EDGE_TTA_ACTIVE views = 8 mean_abs_feat_delta = 0.362198\n"}
,{"stream_name":"stdout","time":1623.404647794,"data":"EDGE_TTA_ACTIVE views = 8 mean_abs_feat_delta = 0.351435\n"}
,{"stream_name":"stdout","time":1623.900670865,"data":"SECONDARY_EDGE_TTA_ACTIVE views = 8 weight = 0.75 mean_abs_feat_delta = 0.294341\n"}
,{"stream_name":"stdout","time":1624.392977585,"data":"SECONDARY_EDGE_TTA_ACTIVE views = 8 weight = 0.75 mean_abs_feat_delta = 0.258261\n"}
,{"stream_name":"stdout","time":1624.3968204,"data":"BIOHUB_RETENTION_GUARD {\"blended_candidates\": 462, \"dataset\": \"44b6_12dfb391\", \"frame\": 58, \"minimum_retention\": 0.9, \"primary_candidates\": 524, \"retention\": 0.8816793893129771, \"use_primary\": true}\n"}
,{"stream_name":"stdout","time":1624.930445394,"data":"EDGE_TTA_ACTIVE views = 8 mean_abs_feat_delta = 0.35614\n"}
,{"stream_name":"stdout","time":1625.591384903,"data":"EDGE_TTA_ACTIVE views = 8 mean_abs_feat_delta = 0.350102\n"}
,{"stream_name":"stdout","time":1625.857428993,"data":"SECONDARY_EDGE_TTA_ACTIVE views = 8 weight = 0.75 mean_abs_feat_delta = 0.294633\n"}
,{"stream_name":"stdout","time":1626.571171243,"data":"SECONDARY_EDGE_TTA_ACTIVE views = 8 weight = 0.75 mean_abs_feat_delta = 0.257837\n"}
,{"stream_name":"stdout","time":1626.57564096,"data":"BIOHUB_RETENTION_GUARD {\"blended_candidates\": 458, \"dataset\": \"44b6_12dfb391\", \"frame\": 59, \"minimum_retention\": 0.9, \"primary_candidates\": 532, \"retention\": 0.8609022556390977, \"use_primary\": true}\n"}
,{"stream_name":"stdout","time":1626.886006699,"data":"EDGE_TTA_ACTIVE views = 8 mean_abs_feat_delta = 0.360441\n"}
,{"stream_name":"stdout","time":1627.817970169,"data":"SECONDARY_EDGE_TTA_ACTIVE views = 8 weight = 0.75 mean_abs_feat_delta = 0.298228\n"}
,{"stream_name":"stdout","time":1627.819248635,"data":"EDGE_TTA_ACTIVE views = 8 mean_abs_feat_delta = 0.347603\n"}
,{"stream_name":"stdout","time":1628.797899112,"data":"SECONDARY_EDGE_TTA_ACTIVE views = 8 weight = 0.75 mean_abs_feat_delta = 0.256754\n"}
,{"stream_name":"stdout","time":1628.934729957,"data":"EDGE_TTA_ACTIVE views = 8 mean_abs_feat_delta = 0.346937\n"}
,{"stream_name":"stdout","time":1629.868211212,"data":"SECONDARY_EDGE_TTA_ACTIVE views = 8 weight = 0.75 mean_abs_feat_delta = 0.293231\n"}
,{"stream_name":"stdout","time":1629.987807957,"data":"EDGE_TTA_ACTIVE views = 8 mean_abs_feat_delta = 0.347903\n"}
,{"stream_name":"stdout","time":1630.921593733,"data":"EDGE_TTA_ACTIVE views = 8 mean_abs_feat_delta = 0.351835\n"}
,{"stream_name":"stdout","time":1630.962356682,"data":"SECONDARY_EDGE_TTA_ACTIVE views = 8 weight = 0.75 mean_abs_feat_delta = 0.257976\n"}
,{"stream_name":"stdout","time":1630.966519242,"data":"BIOHUB_RETENTION_GUARD {\"blended_candidates\": 462, \"dataset\": \"44b6_12dfb391\", \"frame\": 61, \"minimum_retention\": 0.9, \"primary_candidates\": 543, \"retention\": 0.850828729281768, \"use_primary\": true}\n"}
,{"stream_name":"stdout","time":1631.853413529,"data":"SECONDARY_EDGE_TTA_ACTIVE views = 8 weight = 0.75 mean_abs_feat_delta = 0.292217\n"}
,{"stream_name":"stdout","time":1632.131460009,"data":"EDGE_TTA_ACTIVE views = 8 mean_abs_feat_delta = 0.346794\n"}
,{"stream_name":"stdout","time":1632.874611748,"data":"EDGE_TTA_ACTIVE views = 8 mean_abs_feat_delta = 0.354093\n"}
,{"stream_name":"stdout","time":1633.110285053,"data":"SECONDARY_EDGE_TTA_ACTIVE views = 8 weight = 0.75 mean_abs_feat_delta = 0.26024\n"}
,{"stream_name":"stdout","time":1633.807026172,"data":"SECONDARY_EDGE_TTA_ACTIVE views = 8 weight = 0.75 mean_abs_feat_delta = 0.278595\n"}
,{"stream_name":"stdout","time":1634.300471608,"data":"EDGE_TTA_ACTIVE views = 8 mean_abs_feat_delta = 0.347265\n"}
,{"stream_name":"stdout","time":1634.860882419,"data":"EDGE_TTA_ACTIVE views = 8 mean_abs_feat_delta = 0.359817\n"}
,{"stream_name":"stdout","time":1635.274494208,"data":"SECONDARY_EDGE_TTA_ACTIVE views = 8 weight = 0.75 mean_abs_feat_delta = 0.260445\n"}
,{"stream_name":"stdout","time":1635.278732739,"data":"BIOHUB_RETENTION_GUARD {\"blended_candidates\": 491, \"dataset\": \"44b6_12dfb391\", \"frame\": 63, \"minimum_retention\": 0.9, \"primary_candidates\": 548, \"retention\": 0.8959854014598541, \"use_primary\": true}\n"}
,{"stream_name":"stdout","time":1635.79200117,"data":"SECONDARY_EDGE_TTA_ACTIVE views = 8 weight = 0.75 mean_abs_feat_delta = 0.264409\n"}
,{"stream_name":"stdout","time":1636.527202323,"data":"EDGE_TTA_ACTIVE views = 8 mean_abs_feat_delta = 0.354895\n"}
,{"stream_name":"stdout","time":1636.869946829,"data":"EDGE_TTA_ACTIVE views = 8 mean_abs_feat_delta = 0.357588\n"}
,{"stream_name":"stdout","time":1637.50644797,"data":"SECONDARY_EDGE_TTA_ACTIVE views = 8 weight = 0.75 mean_abs_feat_delta = 0.262205\n"}
,{"stream_name":"stdout","time":1637.804415216,"data":"SECONDARY_EDGE_TTA_ACTIVE views = 8 weight = 0.75 mean_abs_feat_delta = 0.267459\n"}
,{"stream_name":"stdout","time":1638.734633653,"data":"EDGE_TTA_ACTIVE views = 8 mean_abs_feat_delta = 0.354989\n"}
,{"stream_name":"stdout","time":1638.851398334,"data":"EDGE_TTA_ACTIVE views = 8 mean_abs_feat_delta = 0.349183\n"}
,{"stream_name":"stdout","time":1639.723147832,"data":"SECONDARY_EDGE_TTA_ACTIVE views = 8 weight = 0.75 mean_abs_feat_delta = 0.266095\n"}
,{"stream_name":"stdout","time":1639.786938413,"data":"SECONDARY_EDGE_TTA_ACTIVE views = 8 weight = 0.75 mean_abs_feat_delta = 0.266307\n"}
,{"stream_name":"stdout","time":1640.815036614,"data":"EDGE_TTA_ACTIVE views = 8 mean_abs_feat_delta = 0.36472\n"}
,{"stream_name":"stdout","time":1640.903720123,"data":"EDGE_TTA_ACTIVE views = 8 mean_abs_feat_delta = 0.351351\n"}
,{"stream_name":"stdout","time":1641.749700834,"data":"SECONDARY_EDGE_TTA_ACTIVE views = 8 weight = 0.75 mean_abs_feat_delta = 0.277175\n"}
,{"stream_name":"stdout","time":1641.893355318,"data":"SECONDARY_EDGE_TTA_ACTIVE views = 8 weight = 0.75 mean_abs_feat_delta = 0.263703\n"}
,{"stream_name":"stdout","time":1642.834020695,"data":"EDGE_TTA_ACTIVE views = 8 mean_abs_feat_delta = 0.367291\n"}
,{"stream_name":"stdout","time":1643.150195022,"data":"EDGE_TTA_ACTIVE views = 8 mean_abs_feat_delta = 0.35502\n"}
,{"stream_name":"stdout","time":1643.773645272,"data":"SECONDARY_EDGE_TTA_ACTIVE views = 8 weight = 0.75 mean_abs_feat_delta = 0.279843\n"}
,{"stream_name":"stdout","time":1644.13311072,"data":"SECONDARY_EDGE_TTA_ACTIVE views = 8 weight = 0.75 mean_abs_feat_delta = 0.26367\n"}
,{"stream_name":"stdout","time":1644.830631634,"data":"EDGE_TTA_ACTIVE views = 8 mean_abs_feat_delta = 0.353095\n"}
,{"stream_name":"stdout","time":1645.420418058,"data":"EDGE_TTA_ACTIVE views = 8 mean_abs_feat_delta = 0.359205\n"}
,{"stream_name":"stdout","time":1645.769570174,"data":"SECONDARY_EDGE_TTA_ACTIVE views = 8 weight = 0.75 mean_abs_feat_delta = 0.274385\n"}
,{"stream_name":"stdout","time":1646.329005846,"data":"SECONDARY_EDGE_TTA_ACTIVE views = 8 weight = 0.75 mean_abs_feat_delta = 0.258506\n"}
,{"stream_name":"stdout","time":1646.333285176,"data":"BIOHUB_RETENTION_GUARD {\"blended_candidates\": 500, \"dataset\": \"44b6_12dfb391\", \"frame\": 68, \"minimum_retention\": 0.9, \"primary_candidates\": 560, \"retention\": 0.8928571428571429, \"use_primary\": true}\n"}
,{"stream_name":"stdout","time":1646.825893536,"data":"EDGE_TTA_ACTIVE views = 8 mean_abs_feat_delta = 0.338254\n"}
,{"stream_name":"stdout","time":1647.498953438,"data":"EDGE_TTA_ACTIVE views = 8 mean_abs_feat_delta = 0.360613\n"}
,{"stream_name":"stdout","time":1647.772240177,"data":"SECONDARY_EDGE_TTA_ACTIVE views = 8 weight = 0.75 mean_abs_feat_delta = 0.269188\n"}
,{"stream_name":"stdout","time":1648.489437391,"data":"SECONDARY_EDGE_TTA_ACTIVE views = 8 weight = 0.75 mean_abs_feat_delta = 0.259032\n"}
,{"stream_name":"stdout","time":1648.493088957,"data":"BIOHUB_RETENTION_GUARD {\"blended_candidates\": 482, \"dataset\": \"44b6_12dfb391\", \"frame\": 69, \"minimum_retention\": 0.9, \"primary_candidates\": 570, \"retention\": 0.8456140350877193, \"use_primary\": true}\n"}
,{"stream_name":"stdout","time":1648.831719713,"data":"EDGE_TTA_ACTIVE views = 8 mean_abs_feat_delta = 0.335377\n"}
,{"stream_name":"stdout","time":1649.719175241,"data":"EDGE_TTA_ACTIVE views = 8 mean_abs_feat_delta = 0.361421\n"}
,{"stream_name":"stdout","time":1649.777846642,"data":"SECONDARY_EDGE_TTA_ACTIVE views = 8 weight = 0.75 mean_abs_feat_delta = 0.281449\n"}
,{"stream_name":"stdout","time":1650.718759269,"data":"SECONDARY_EDGE_TTA_ACTIVE views = 8 weight = 0.75 mean_abs_feat_delta = 0.262899\n"}
,{"stream_name":"stdout","time":1650.722393793,"data":"BIOHUB_RETENTION_GUARD {\"blended_candidates\": 471, \"dataset\": \"44b6_12dfb391\", \"frame\": 70, \"minimum_retention\": 0.9, \"primary_candidates\": 545, \"retention\": 0.8642201834862385, \"use_primary\": true}\n"}
,{"stream_name":"stdout","time":1650.903034839,"data":"EDGE_TTA_ACTIVE views = 8 mean_abs_feat_delta = 0.332103\n"}
,{"stream_name":"stdout","time":1651.867434623,"data":"SECONDARY_EDGE_TTA_ACTIVE views = 8 weight = 0.75 mean_abs_feat_delta = 0.283078\n"}
,{"stream_name":"stdout","time":1651.950359867,"data":"EDGE_TTA_ACTIVE views = 8 mean_abs_feat_delta = 0.357184\n"}
,{"stream_name":"stdout","time":1652.953034339,"data":"SECONDARY_EDGE_TTA_ACTIVE views = 8 weight = 0.75 mean_abs_feat_delta = 0.262505\n"}
,{"stream_name":"stdout","time":1652.956955929,"data":"BIOHUB_RETENTION_GUARD {\"blended_candidates\": 488, \"dataset\": \"44b6_12dfb391\", \"frame\": 71, \"minimum_retention\": 0.9, \"primary_candidates\": 555, \"retention\": 0.8792792792792793, \"use_primary\": true}\n"}
,{"stream_name":"stdout","time":1652.961947876,"data":"EDGE_TTA_ACTIVE views = 8 mean_abs_feat_delta = 0.336056\n"}
,{"stream_name":"stdout","time":1653.914393934,"data":"SECONDARY_EDGE_TTA_ACTIVE views = 8 weight = 0.75 mean_abs_feat_delta = 0.269824\n"}
,{"stream_name":"stdout","time":1654.175042098,"data":"EDGE_TTA_ACTIVE views = 8 mean_abs_feat_delta = 0.360613\n"}
,{"stream_name":"stdout","time":1655.006042352,"data":"EDGE_TTA_ACTIVE views = 8 mean_abs_feat_delta = 0.338817\n"}
,{"stream_name":"stdout","time":1655.179579152,"data":"SECONDARY_EDGE_TTA_ACTIVE views = 8 weight = 0.75 mean_abs_feat_delta = 0.260539\n"}
,{"stream_name":"stdout","time":1655.1838138,"data":"BIOHUB_RETENTION_GUARD {\"blended_candidates\": 487, \"dataset\": \"44b6_12dfb391\", \"frame\": 72, \"minimum_retention\": 0.9, \"primary_candidates\": 555, \"retention\": 0.8774774774774775, \"use_primary\": true}\n"}
,{"stream_name":"stdout","time":1655.956959734,"data":"SECONDARY_EDGE_TTA_ACTIVE views = 8 weight = 0.75 mean_abs_feat_delta = 0.276964\n"}
,{"stream_name":"stdout","time":1656.370141363,"data":"EDGE_TTA_ACTIVE views = 8 mean_abs_feat_delta = 0.361988\n"}
,{"stream_name":"stdout","time":1657.047014478,"data":"EDGE_TTA_ACTIVE views = 8 mean_abs_feat_delta = 0.334961\n"}
,{"stream_name":"stdout","time":1657.377047618,"data":"SECONDARY_EDGE_TTA_ACTIVE views = 8 weight = 0.75 mean_abs_feat_delta = 0.259945\n"}
,{"stream_name":"stdout","time":1658.003136467,"data":"SECONDARY_EDGE_TTA_ACTIVE views = 8 weight = 0.75 mean_abs_feat_delta = 0.266526\n"}
,{"stream_name":"stdout","time":1658.626188697,"data":"EDGE_TTA_ACTIVE views = 8 mean_abs_feat_delta = 0.361343\n"}
,{"stream_name":"stdout","time":1659.027459837,"data":"EDGE_TTA_ACTIVE views = 8 mean_abs_feat_delta = 0.344979\n"}
,{"stream_name":"stdout","time":1659.63621373,"data":"SECONDARY_EDGE_TTA_ACTIVE views = 8 weight = 0.75 mean_abs_feat_delta = 0.259606\n"}
,{"stream_name":"stdout","time":1659.640094317,"data":"BIOHUB_RETENTION_GUARD {\"blended_candidates\": 504, \"dataset\": \"44b6_12dfb391\", \"frame\": 74, \"minimum_retention\": 0.9, \"primary_candidates\": 564, \"retention\": 0.8936170212765957, \"use_primary\": true}\n"}
,{"stream_name":"stdout","time":1659.979364688,"data":"SECONDARY_EDGE_TTA_ACTIVE views = 8 weight = 0.75 mean_abs_feat_delta = 0.270012\n"}
,{"stream_name":"stdout","time":1660.970176539,"data":"EDGE_TTA_ACTIVE views = 8 mean_abs_feat_delta = 0.364735\n"}
,{"stream_name":"stdout","time":1661.068408676,"data":"EDGE_TTA_ACTIVE views = 8 mean_abs_feat_delta = 0.347989\n"}
,{"stream_name":"stdout","time":1661.988004122,"data":"SECONDARY_EDGE_TTA_ACTIVE views = 8 weight = 0.75 mean_abs_feat_delta = 0.262319\n"}
,{"stream_name":"stdout","time":1661.991889857,"data":"BIOHUB_RETENTION_GUARD {\"blended_candidates\": 468, \"dataset\": \"44b6_12dfb391\", \"frame\": 75, \"minimum_retention\": 0.9, \"primary_candidates\": 565, \"retention\": 0.8283185840707965, \"use_primary\": true}\n"}
,{"stream_name":"stdout","time":1662.025151484,"data":"SECONDARY_EDGE_TTA_ACTIVE views = 8 weight = 0.75 mean_abs_feat_delta = 0.271069\n"}
,{"stream_name":"stdout","time":1663.065098389,"data":"EDGE_TTA_ACTIVE views = 8 mean_abs_feat_delta = 0.350829\n"}
,{"stream_name":"stdout","time":1663.213064317,"data":"EDGE_TTA_ACTIVE views = 8 mean_abs_feat_delta = 0.359082\n"}
,{"stream_name":"stdout","time":1664.023399437,"data":"SECONDARY_EDGE_TTA_ACTIVE views = 8 weight = 0.75 mean_abs_feat_delta = 0.275012\n"}
,{"stream_name":"stdout","time":1664.232524633,"data":"SECONDARY_EDGE_TTA_ACTIVE views = 8 weight = 0.75 mean_abs_feat_delta = 0.263571\n"}
,{"stream_name":"stdout","time":1664.236337982,"data":"BIOHUB_RETENTION_GUARD {\"blended_candidates\": 507, \"dataset\": \"44b6_12dfb391\", \"frame\": 76, \"minimum_retention\": 0.9, \"primary_candidates\": 579, \"retention\": 0.8756476683937824, \"use_primary\": true}\n"}
,{"stream_name":"stdout","time":1665.090665648,"data":"EDGE_TTA_ACTIVE views = 8 mean_abs_feat_delta = 0.344987\n"}
,{"stream_name":"stdout","time":1665.441035294,"data":"EDGE_TTA_ACTIVE views = 8 mean_abs_feat_delta = 0.356314\n"}
,{"stream_name":"stdout","time":1666.04651884,"data":"SECONDARY_EDGE_TTA_ACTIVE views = 8 weight = 0.75 mean_abs_feat_delta = 0.273804\n"}
,{"stream_name":"stdout","time":1666.464572244,"data":"SECONDARY_EDGE_TTA_ACTIVE views = 8 weight = 0.75 mean_abs_feat_delta = 0.264168\n"}
,{"stream_name":"stdout","time":1666.468408065,"data":"BIOHUB_RETENTION_GUARD {\"blended_candidates\": 503, \"dataset\": \"44b6_12dfb391\", \"frame\": 77, \"minimum_retention\": 0.9, \"primary_candidates\": 582, \"retention\": 0.8642611683848798, \"use_primary\": true}\n"}
,{"stream_name":"stdout","time":1667.151788472,"data":"EDGE_TTA_ACTIVE views = 8 mean_abs_feat_delta = 0.329788\n"}
,{"stream_name":"stdout","time":1667.695202748,"data":"EDGE_TTA_ACTIVE views = 8 mean_abs_feat_delta = 0.35617\n"}
,{"stream_name":"stdout","time":1668.112940145,"data":"SECONDARY_EDGE_TTA_ACTIVE views = 8 weight = 0.75 mean_abs_feat_delta = 0.278785\n"}
,{"stream_name":"stdout","time":1668.723353886,"data":"SECONDARY_EDGE_TTA_ACTIVE views = 8 weight = 0.75 mean_abs_feat_delta = 0.26695\n"}
,{"stream_name":"stdout","time":1668.727356311,"data":"BIOHUB_RETENTION_GUARD {\"blended_candidates\": 519, \"dataset\": \"44b6_12dfb391\", \"frame\": 78, \"minimum_retention\": 0.9, \"primary_candidates\": 585, \"retention\": 0.8871794871794871, \"use_primary\": true}\n"}
,{"stream_name":"stdout","time":1669.200612457,"data":"EDGE_TTA_ACTIVE views = 8 mean_abs_feat_delta = 0.329665\n"}
,{"stream_name":"stdout","time":1670.046171387,"data":"EDGE_TTA_ACTIVE views = 8 mean_abs_feat_delta = 0.351982\n"}
,{"stream_name":"stdout","time":1670.165149759,"data":"SECONDARY_EDGE_TTA_ACTIVE views = 8 weight = 0.75 mean_abs_feat_delta = 0.270084\n"}
,{"stream_name":"stdout","time":1671.077137811,"data":"SECONDARY_EDGE_TTA_ACTIVE views = 8 weight = 0.75 mean_abs_feat_delta = 0.263744\n"}
,{"stream_name":"stdout","time":1671.274522373,"data":"EDGE_TTA_ACTIVE views = 8 mean_abs_feat_delta = 0.325406\n"}
,{"stream_name":"stdout","time":1672.233101625,"data":"SECONDARY_EDGE_TTA_ACTIVE views = 8 weight = 0.75 mean_abs_feat_delta = 0.271662\n"}
,{"stream_name":"stdout","time":1672.445576854,"data":"EDGE_TTA_ACTIVE views = 8 mean_abs_feat_delta = 0.35395\n"}
,{"stream_name":"stdout","time":1673.288036127,"data":"EDGE_TTA_ACTIVE views = 8 mean_abs_feat_delta = 0.337377\n"}
,{"stream_name":"stdout","time":1673.473720449,"data":"SECONDARY_EDGE_TTA_ACTIVE views = 8 weight = 0.75 mean_abs_feat_delta = 0.262774\n"}
,{"stream_name":"stdout","time":1674.257203298,"data":"SECONDARY_EDGE_TTA_ACTIVE views = 8 weight = 0.75 mean_abs_feat_delta = 0.269101\n"}
,{"stream_name":"stdout","time":1674.733026237,"data":"EDGE_TTA_ACTIVE views = 8 mean_abs_feat_delta = 0.35797\n"}
,{"stream_name":"stdout","time":1675.326894434,"data":"EDGE_TTA_ACTIVE views = 8 mean_abs_feat_delta = 0.336612\n"}
,{"stream_name":"stdout","time":1675.85013632,"data":"SECONDARY_EDGE_TTA_ACTIVE views = 8 weight = 0.75 mean_abs_feat_delta = 0.263553\n"}
,{"stream_name":"stdout","time":1676.290144037,"data":"SECONDARY_EDGE_TTA_ACTIVE views = 8 weight = 0.75 mean_abs_feat_delta = 0.273421\n"}
,{"stream_name":"stdout","time":1677.043945291,"data":"EDGE_TTA_ACTIVE views = 8 mean_abs_feat_delta = 0.358939\n"}
,{"stream_name":"stdout","time":1677.359710147,"data":"EDGE_TTA_ACTIVE views = 8 mean_abs_feat_delta = 0.340573\n"}
,{"stream_name":"stdout","time":1678.067125968,"data":"SECONDARY_EDGE_TTA_ACTIVE views = 8 weight = 0.75 mean_abs_feat_delta = 0.264177\n"}
,{"stream_name":"stdout","time":1678.318295641,"data":"SECONDARY_EDGE_TTA_ACTIVE views = 8 weight = 0.75 mean_abs_feat_delta = 0.271772\n"}
,{"stream_name":"stdout","time":1679.363339024,"data":"EDGE_TTA_ACTIVE views = 8 mean_abs_feat_delta = 0.34851\n"}
,{"stream_name":"stdout","time":1679.392148184,"data":"EDGE_TTA_ACTIVE views = 8 mean_abs_feat_delta = 0.362662\n"}
,{"stream_name":"stdout","time":1680.326879967,"data":"SECONDARY_EDGE_TTA_ACTIVE views = 8 weight = 0.75 mean_abs_feat_delta = 0.268085\n"}
,{"stream_name":"stdout","time":1680.411804996,"data":"SECONDARY_EDGE_TTA_ACTIVE views = 8 weight = 0.75 mean_abs_feat_delta = 0.267502\n"}
,{"stream_name":"stdout","time":1680.415690409,"data":"BIOHUB_RETENTION_GUARD {\"blended_candidates\": 478, \"dataset\": \"44b6_12dfb391\", \"frame\": 83, \"minimum_retention\": 0.9, \"primary_candidates\": 555, \"retention\": 0.8612612612612612, \"use_primary\": true}\n"}
,{"stream_name":"stdout","time":1681.425046339,"data":"EDGE_TTA_ACTIVE views = 8 mean_abs_feat_delta = 0.344922\n"}
,{"stream_name":"stdout","time":1681.622415799,"data":"EDGE_TTA_ACTIVE views = 8 mean_abs_feat_delta = 0.363086\n"}
,{"stream_name":"stdout","time":1682.383373813,"data":"SECONDARY_EDGE_TTA_ACTIVE views = 8 weight = 0.75 mean_abs_feat_delta = 0.263722\n"}
,{"stream_name":"stdout","time":1682.64091981,"data":"SECONDARY_EDGE_TTA_ACTIVE views = 8 weight = 0.75 mean_abs_feat_delta = 0.268865\n"}
,{"stream_name":"stdout","time":1682.644648032,"data":"BIOHUB_RETENTION_GUARD {\"blended_candidates\": 501, \"dataset\": \"44b6_12dfb391\", \"frame\": 84, \"minimum_retention\": 0.9, \"primary_candidates\": 566, \"retention\": 0.8851590106007067, \"use_primary\": true}\n"}
,{"stream_name":"stdout","time":1683.487857649,"data":"EDGE_TTA_ACTIVE views = 8 mean_abs_feat_delta = 0.345806\n"}
,{"stream_name":"stdout","time":1683.906310081,"data":"EDGE_TTA_ACTIVE views = 8 mean_abs_feat_delta = 0.364785\n"}
,{"stream_name":"stdout","time":1684.447520987,"data":"SECONDARY_EDGE_TTA_ACTIVE views = 8 weight = 0.75 mean_abs_feat_delta = 0.263509\n"}
,{"stream_name":"stdout","time":1684.922839656,"data":"SECONDARY_EDGE_TTA_ACTIVE views = 8 weight = 0.75 mean_abs_feat_delta = 0.27301\n"}
,{"stream_name":"stdout","time":1685.490980601,"data":"EDGE_TTA_ACTIVE views = 8 mean_abs_feat_delta = 0.333012\n"}
,{"stream_name":"stdout","time":1686.175693372,"data":"EDGE_TTA_ACTIVE views = 8 mean_abs_feat_delta = 0.363892\n"}
,{"stream_name":"stdout","time":1686.453007481,"data":"SECONDARY_EDGE_TTA_ACTIVE views = 8 weight = 0.75 mean_abs_feat_delta = 0.270685\n"}
,{"stream_name":"stdout","time":1687.182701762,"data":"SECONDARY_EDGE_TTA_ACTIVE views = 8 weight = 0.75 mean_abs_feat_delta = 0.2723\n"}
,{"stream_name":"stdout","time":1687.512559255,"data":"EDGE_TTA_ACTIVE views = 8 mean_abs_feat_delta = 0.332183\n"}
,{"stream_name":"stdout","time":1688.39912583,"data":"EDGE_TTA_ACTIVE views = 8 mean_abs_feat_delta = 0.362041\n"}
,{"stream_name":"stdout","time":1688.466708119,"data":"SECONDARY_EDGE_TTA_ACTIVE views = 8 weight = 0.75 mean_abs_feat_delta = 0.253224\n"}
,{"stream_name":"stdout","time":1689.407752712,"data":"SECONDARY_EDGE_TTA_ACTIVE views = 8 weight = 0.75 mean_abs_feat_delta = 0.26849\n"}
,{"stream_name":"stdout","time":1689.557255674,"data":"EDGE_TTA_ACTIVE views = 8 mean_abs_feat_delta = 0.322487\n"}
,{"stream_name":"stdout","time":1690.514464576,"data":"SECONDARY_EDGE_TTA_ACTIVE views = 8 weight = 0.75 mean_abs_feat_delta = 0.262155\n"}
,{"stream_name":"stdout","time":1690.626715531,"data":"EDGE_TTA_ACTIVE views = 8 mean_abs_feat_delta = 0.364393\n"}
,{"stream_name":"stdout","time":1691.634345955,"data":"SECONDARY_EDGE_TTA_ACTIVE views = 8 weight = 0.75 mean_abs_feat_delta = 0.26742\n"}
,{"stream_name":"stdout","time":1693.020758976,"data":"EDGE_TTA_ACTIVE views = 8 mean_abs_feat_delta = 0.36832\n"}
,{"stream_name":"stdout","time":1694.016809735,"data":"SECONDARY_EDGE_TTA_ACTIVE views = 8 weight = 0.75 mean_abs_feat_delta = 0.266839\n"}
,{"stream_name":"stdout","time":1694.020959758,"data":"BIOHUB_RETENTION_GUARD {\"blended_candidates\": 539, \"dataset\": \"44b6_12dfb391\", \"frame\": 89, \"minimum_retention\": 0.9, \"primary_candidates\": 618, \"retention\": 0.872168284789644, \"use_primary\": true}\n"}
,{"stream_name":"stdout","time":1695.392205213,"data":"EDGE_TTA_ACTIVE views = 8 mean_abs_feat_delta = 0.372337\n"}
,{"stream_name":"stdout","time":1696.381830224,"data":"SECONDARY_EDGE_TTA_ACTIVE views = 8 weight = 0.75 mean_abs_feat_delta = 0.26897\n"}
,{"stream_name":"stdout","time":1696.385567042,"data":"BIOHUB_RETENTION_GUARD {\"blended_candidates\": 532, \"dataset\": \"44b6_12dfb391\", \"frame\": 90, \"minimum_retention\": 0.9, \"primary_candidates\": 595, \"retention\": 0.8941176470588236, \"use_primary\": true}\n"}
,{"stream_name":"stdout","time":1697.796845967,"data":"EDGE_TTA_ACTIVE views = 8 mean_abs_feat_delta = 0.372351\n"}
,{"stream_name":"stdout","time":1698.788773508,"data":"SECONDARY_EDGE_TTA_ACTIVE views = 8 weight = 0.75 mean_abs_feat_delta = 0.269254\n"}
,{"stream_name":"stdout","time":1700.106464786,"data":"EDGE_TTA_ACTIVE views = 8 mean_abs_feat_delta = 0.376977\n"}
,{"stream_name":"stdout","time":1701.100818904,"data":"SECONDARY_EDGE_TTA_ACTIVE views = 8 weight = 0.75 mean_abs_feat_delta = 0.273908\n"}
,{"stream_name":"stdout","time":1702.355079742,"data":"EDGE_TTA_ACTIVE views = 8 mean_abs_feat_delta = 0.379308\n"}
,{"stream_name":"stdout","time":1703.349556664,"data":"SECONDARY_EDGE_TTA_ACTIVE views = 8 weight = 0.75 mean_abs_feat_delta = 0.28036\n"}
,{"stream_name":"stdout","time":1704.584667002,"data":"EDGE_TTA_ACTIVE views = 8 mean_abs_feat_delta = 0.375447\n"}
,{"stream_name":"stdout","time":1705.577185197,"data":"SECONDARY_EDGE_TTA_ACTIVE views = 8 weight = 0.75 mean_abs_feat_delta = 0.279645\n"}
,{"stream_name":"stdout","time":1705.5812748,"data":"BIOHUB_RETENTION_GUARD {\"blended_candidates\": 520, \"dataset\": \"44b6_12dfb391\", \"frame\": 94, \"minimum_retention\": 0.9, \"primary_candidates\": 583, \"retention\": 0.8919382504288165, \"use_primary\": true}\n"}
,{"stream_name":"stdout","time":1706.969956026,"data":"EDGE_TTA_ACTIVE views = 8 mean_abs_feat_delta = 0.369974\n"}
,{"stream_name":"stdout","time":1707.871557017,"data":"SECONDARY_EDGE_TTA_ACTIVE views = 8 weight = 0.75 mean_abs_feat_delta = 0.279886\n"}
,{"stream_name":"stdout","time":1709.199998131,"data":"EDGE_TTA_ACTIVE views = 8 mean_abs_feat_delta = 0.373122\n"}
,{"stream_name":"stdout","time":1709.332208298,"data":"EDGE_TTA_ACTIVE views = 8 mean_abs_feat_delta = 0.311164\n"}
,{"stream_name":"stdout","time":1710.191262998,"data":"SECONDARY_EDGE_TTA_ACTIVE views = 8 weight = 0.75 mean_abs_feat_delta = 0.279253\n"}
,{"stream_name":"stdout","time":1710.264651352,"data":"SECONDARY_EDGE_TTA_ACTIVE views = 8 weight = 0.75 mean_abs_feat_delta = 0.261033\n"}
,{"stream_name":"stdout","time":1711.336746132,"data":"EDGE_TTA_ACTIVE views = 8 mean_abs_feat_delta = 0.314772\n"}
,{"stream_name":"stdout","time":1711.395858925,"data":"EDGE_TTA_ACTIVE views = 8 mean_abs_feat_delta = 0.371747\n"}
,{"stream_name":"stdout","time":1712.269358657,"data":"SECONDARY_EDGE_TTA_ACTIVE views = 8 weight = 0.75 mean_abs_feat_delta = 0.260558\n"}
,{"stream_name":"stdout","time":1712.390890298,"data":"SECONDARY_EDGE_TTA_ACTIVE views = 8 weight = 0.75 mean_abs_feat_delta = 0.27536\n"}
,{"stream_name":"stdout","time":1713.378765472,"data":"EDGE_TTA_ACTIVE views = 8 mean_abs_feat_delta = 0.32\n"}
,{"stream_name":"stdout","time":1713.561365455,"data":"EDGE_TTA_ACTIVE views = 8 mean_abs_feat_delta = 0.369424\n"}
,{"stream_name":"stdout","time":1714.317854755,"data":"SECONDARY_EDGE_TTA_ACTIVE views = 8 weight = 0.75 mean_abs_feat_delta = 0.261329\n"}
,{"stream_name":"stdout","time":1714.558382356,"data":"SECONDARY_EDGE_TTA_ACTIVE views = 8 weight = 0.75 mean_abs_feat_delta = 0.271751\n"}
,{"stream_name":"stdout","time":1715.338589024,"data":"EDGE_TTA_ACTIVE views = 8 mean_abs_feat_delta = 0.316482\n"}
,{"stream_name":"stdout","time":1715.759885552,"data":"EDGE_TTA_ACTIVE views = 8 mean_abs_feat_delta = 0.372871\n"}
,{"stream_name":"stdout","time":1716.282847017,"data":"SECONDARY_EDGE_TTA_ACTIVE views = 8 weight = 0.75 mean_abs_feat_delta = 0.267255\n"}
,{"stream_name":"stdout","time":1716.758076639,"data":"SECONDARY_EDGE_TTA_ACTIVE views = 8 weight = 0.75 mean_abs_feat_delta = 0.271724\n"}
,{"stream_name":"stdout","time":1717.302261203,"data":"EDGE_TTA_ACTIVE views = 8 mean_abs_feat_delta = 0.312516\n"}
,{"stream_name":"stdout","time":1718.250187883,"data":"SECONDARY_EDGE_TTA_ACTIVE views = 8 weight = 0.75 mean_abs_feat_delta = 0.269103\n"}
,{"stream_name":"stdout","time":1719.333808061,"data":"EDGE_TTA_ACTIVE views = 8 mean_abs_feat_delta = 0.310284\n"}
,{"stream_name":"stdout","time":1720.283466471,"data":"SECONDARY_EDGE_TTA_ACTIVE views = 8 weight = 0.75 mean_abs_feat_delta = 0.270231\n"}
,{"stream_name":"stdout","time":1721.347947321,"data":"EDGE_TTA_ACTIVE views = 8 mean_abs_feat_delta = 0.315039\n"}
,{"stream_name":"stdout","time":1722.296089529,"data":"SECONDARY_EDGE_TTA_ACTIVE views = 8 weight = 0.75 mean_abs_feat_delta = 0.27087\n"}
,{"stream_name":"stdout","time":1723.419754702,"data":"EDGE_TTA_ACTIVE views = 8 mean_abs_feat_delta = 0.322123\n"}
,{"stream_name":"stdout","time":1724.370643502,"data":"SECONDARY_EDGE_TTA_ACTIVE views = 8 weight = 0.75 mean_abs_feat_delta = 0.268311\n"}
,{"stream_name":"stdout","time":1725.467713368,"data":"EDGE_TTA_ACTIVE views = 8 mean_abs_feat_delta = 0.315226\n"}
,{"stream_name":"stdout","time":1726.421428303,"data":"SECONDARY_EDGE_TTA_ACTIVE views = 8 weight = 0.75 mean_abs_feat_delta = 0.262145\n"}
,{"stream_name":"stdout","time":1727.587753414,"data":"EDGE_TTA_ACTIVE views = 8 mean_abs_feat_delta = 0.313017\n"}
,{"stream_name":"stdout","time":1728.544807017,"data":"SECONDARY_EDGE_TTA_ACTIVE views = 8 weight = 0.75 mean_abs_feat_delta = 0.258401\n"}
,{"stream_name":"stdout","time":1729.625114498,"data":"EDGE_TTA_ACTIVE views = 8 mean_abs_feat_delta = 0.312427\n"}
,{"stream_name":"stdout","time":1730.585626908,"data":"SECONDARY_EDGE_TTA_ACTIVE views = 8 weight = 0.75 mean_abs_feat_delta = 0.259952\n"}
,{"stream_name":"stdout","time":1731.730151029,"data":"EDGE_TTA_ACTIVE views = 8 mean_abs_feat_delta = 0.312244\n"}
,{"stream_name":"stdout","time":1732.690558106,"data":"SECONDARY_EDGE_TTA_ACTIVE views = 8 weight = 0.75 mean_abs_feat_delta = 0.251585\n"}
,{"stream_name":"stdout","time":1733.738467953,"data":"EDGE_TTA_ACTIVE views = 8 mean_abs_feat_delta = 0.312161\n"}
,{"stream_name":"stdout","time":1734.712622004,"data":"SECONDARY_EDGE_TTA_ACTIVE views = 8 weight = 0.75 mean_abs_feat_delta = 0.254847\n"}
,{"stream_name":"stdout","time":1735.768046189,"data":"EDGE_TTA_ACTIVE views = 8 mean_abs_feat_delta = 0.311033\n"}
,{"stream_name":"stdout","time":1736.744361864,"data":"SECONDARY_EDGE_TTA_ACTIVE views = 8 weight = 0.75 mean_abs_feat_delta = 0.254101\n"}
,{"stream_name":"stdout","time":1737.88644618,"data":"EDGE_TTA_ACTIVE views = 8 mean_abs_feat_delta = 0.322725\n"}
,{"stream_name":"stdout","time":1738.773267069,"data":"SECONDARY_EDGE_TTA_ACTIVE views = 8 weight = 0.75 mean_abs_feat_delta = 0.254681\n"}
,{"stream_name":"stdout","time":1739.884358205,"data":"EDGE_TTA_ACTIVE views = 8 mean_abs_feat_delta = 0.325293\n"}
,{"stream_name":"stdout","time":1740.862466196,"data":"SECONDARY_EDGE_TTA_ACTIVE views = 8 weight = 0.75 mean_abs_feat_delta = 0.264267\n"}
,{"stream_name":"stdout","time":1741.959909245,"data":"EDGE_TTA_ACTIVE views = 8 mean_abs_feat_delta = 0.323346\n"}
,{"stream_name":"stdout","time":1742.937182028,"data":"SECONDARY_EDGE_TTA_ACTIVE views = 8 weight = 0.75 mean_abs_feat_delta = 0.263395\n"}
,{"stream_name":"stdout","time":1743.993236027,"data":"EDGE_TTA_ACTIVE views = 8 mean_abs_feat_delta = 0.325491\n"}
,{"stream_name":"stdout","time":1744.983861337,"data":"SECONDARY_EDGE_TTA_ACTIVE views = 8 weight = 0.75 mean_abs_feat_delta = 0.261321\n"}
,{"stream_name":"stdout","time":1746.047135102,"data":"EDGE_TTA_ACTIVE views = 8 mean_abs_feat_delta = 0.330746\n"}
,{"stream_name":"stdout","time":1747.039207354,"data":"SECONDARY_EDGE_TTA_ACTIVE views = 8 weight = 0.75 mean_abs_feat_delta = 0.265991\n"}
,{"stream_name":"stdout","time":1748.135585218,"data":"EDGE_TTA_ACTIVE views = 8 mean_abs_feat_delta = 0.322777\n"}
,{"stream_name":"stdout","time":1749.13006599,"data":"SECONDARY_EDGE_TTA_ACTIVE views = 8 weight = 0.75 mean_abs_feat_delta = 0.269935\n"}
,{"stream_name":"stdout","time":1750.20549317,"data":"EDGE_TTA_ACTIVE views = 8 mean_abs_feat_delta = 0.325178\n"}
,{"stream_name":"stdout","time":1751.210583017,"data":"SECONDARY_EDGE_TTA_ACTIVE views = 8 weight = 0.75 mean_abs_feat_delta = 0.267969\n"}
,{"stream_name":"stdout","time":1752.350024633,"data":"EDGE_TTA_ACTIVE views = 8 mean_abs_feat_delta = 0.329767\n"}
,{"stream_name":"stdout","time":1753.360253025,"data":"SECONDARY_EDGE_TTA_ACTIVE views = 8 weight = 0.75 mean_abs_feat_delta = 0.266969\n"}
,{"stream_name":"stdout","time":1754.469623812,"data":"EDGE_TTA_ACTIVE views = 8 mean_abs_feat_delta = 0.326202\n"}
,{"stream_name":"stdout","time":1755.483519115,"data":"SECONDARY_EDGE_TTA_ACTIVE views = 8 weight = 0.75 mean_abs_feat_delta = 0.26568\n"}
,{"stream_name":"stdout","time":1756.583220069,"data":"EDGE_TTA_ACTIVE views = 8 mean_abs_feat_delta = 0.317502\n"}
,{"stream_name":"stdout","time":1757.603968732,"data":"SECONDARY_EDGE_TTA_ACTIVE views = 8 weight = 0.75 mean_abs_feat_delta = 0.259521\n"}
,{"stream_name":"stdout","time":1758.721381331,"data":"EDGE_TTA_ACTIVE views = 8 mean_abs_feat_delta = 0.323159\n"}
,{"stream_name":"stdout","time":1759.749645502,"data":"SECONDARY_EDGE_TTA_ACTIVE views = 8 weight = 0.75 mean_abs_feat_delta = 0.261188\n"}
,{"stream_name":"stdout","time":1760.909927567,"data":"EDGE_TTA_ACTIVE views = 8 mean_abs_feat_delta = 0.330965\n"}
,{"stream_name":"stdout","time":1761.939987245,"data":"SECONDARY_EDGE_TTA_ACTIVE views = 8 weight = 0.75 mean_abs_feat_delta = 0.263495\n"}
,{"stream_name":"stdout","time":1763.063167185,"data":"EDGE_TTA_ACTIVE views = 8 mean_abs_feat_delta = 0.354264\n"}
,{"stream_name":"stdout","time":1763.114672421,"data":"EDGE_TTA_ACTIVE views = 8 mean_abs_feat_delta = 0.32822\n"}
,{"stream_name":"stdout","time":1764.039217948,"data":"SECONDARY_EDGE_TTA_ACTIVE views = 8 weight = 0.75 mean_abs_feat_delta = 0.316074\n"}
,{"stream_name":"stdout","time":1764.042241488,"data":"BIOHUB_RETENTION_GUARD {\"blended_candidates\": 460, \"dataset\": \"44b6_2a2eff9f\", \"frame\": 0, \"minimum_retention\": 0.9, \"primary_candidates\": 559, \"retention\": 0.8228980322003577, \"use_primary\": true}\n"}
,{"stream_name":"stdout","time":1764.043308863,"data":"BIOHUB_RETENTION_GUARD {\"blended_candidates\": 460, \"dataset\": \"44b6_2a2eff9f\", \"frame\": 1, \"minimum_retention\": 0.9, \"primary_candidates\": 536, \"retention\": 0.8582089552238806, \"use_primary\": true}\n"}
,{"stream_name":"stdout","time":1764.152093018,"data":"SECONDARY_EDGE_TTA_ACTIVE views = 8 weight = 0.75 mean_abs_feat_delta = 0.261978\n"}
,{"stream_name":"stdout","time":1764.156539057,"data":"BIOHUB_RETENTION_GUARD {\"blended_candidates\": 93, \"dataset\": \"44b6_341df25f\", \"frame\": 27, \"minimum_retention\": 0.9, \"primary_candidates\": 104, \"retention\": 0.8942307692307693, \"use_primary\": true}\n"}
,{"stream_name":"stdout","time":1765.263888307,"data":"EDGE_TTA_ACTIVE views = 8 mean_abs_feat_delta = 0.333586\n"}
,{"stream_name":"stdout","time":1765.27907605,"data":"EDGE_TTA_ACTIVE views = 8 mean_abs_feat_delta = 0.353629\n"}
,{"stream_name":"stdout","time":1766.255852715,"data":"SECONDARY_EDGE_TTA_ACTIVE views = 8 weight = 0.75 mean_abs_feat_delta = 0.31712\n"}
,{"stream_name":"stdout","time":1766.259550766,"data":"BIOHUB_RETENTION_GUARD {\"blended_candidates\": 448, \"dataset\": \"44b6_2a2eff9f\", \"frame\": 2, \"minimum_retention\": 0.9, \"primary_candidates\": 529, \"retention\": 0.8468809073724007, \"use_primary\": true}\n"}
,{"stream_name":"stdout","time":1766.306106538,"data":"SECONDARY_EDGE_TTA_ACTIVE views = 8 weight = 0.75 mean_abs_feat_delta = 0.264674\n"}
,{"stream_name":"stdout","time":1767.480158477,"data":"EDGE_TTA_ACTIVE views = 8 mean_abs_feat_delta = 0.354199\n"}
,{"stream_name":"stdout","time":1767.487976056,"data":"EDGE_TTA_ACTIVE views = 8 mean_abs_feat_delta = 0.335857\n"}
,{"stream_name":"stdout","time":1768.560471367,"data":"SECONDARY_EDGE_TTA_ACTIVE views = 8 weight = 0.75 mean_abs_feat_delta = 0.31716\n"}
,{"stream_name":"stdout","time":1768.561217794,"data":"BIOHUB_RETENTION_GUARD {\"blended_candidates\": 428, \"dataset\": \"44b6_2a2eff9f\", \"frame\": 3, \"minimum_retention\": 0.9, \"primary_candidates\": 515, \"retention\": 0.8310679611650486, \"use_primary\": true}\n"}
,{"stream_name":"stdout","time":1768.562218928,"data":"SECONDARY_EDGE_TTA_ACTIVE views = 8 weight = 0.75 mean_abs_feat_delta = 0.266123\n"}
,{"stream_name":"stdout","time":1769.680749748,"data":"EDGE_TTA_ACTIVE views = 8 mean_abs_feat_delta = 0.351342\n"}
,{"stream_name":"stdout","time":1769.731645317,"data":"EDGE_TTA_ACTIVE views = 8 mean_abs_feat_delta = 0.332258\n"}
,{"stream_name":"stdout","time":1770.674435238,"data":"SECONDARY_EDGE_TTA_ACTIVE views = 8 weight = 0.75 mean_abs_feat_delta = 0.31653\n"}
,{"stream_name":"stdout","time":1770.678251781,"data":"BIOHUB_RETENTION_GUARD {\"blended_candidates\": 456, \"dataset\": \"44b6_2a2eff9f\", \"frame\": 4, \"minimum_retention\": 0.9, \"primary_candidates\": 542, \"retention\": 0.8413284132841329, \"use_primary\": true}\n"}
,{"stream_name":"stdout","time":1770.780159947,"data":"SECONDARY_EDGE_TTA_ACTIVE views = 8 weight = 0.75 mean_abs_feat_delta = 0.26614\n"}
,{"stream_name":"stdout","time":1771.85679221,"data":"EDGE_TTA_ACTIVE views = 8 mean_abs_feat_delta = 0.353535\n"}
,{"stream_name":"stdout","time":1771.967563857,"data":"EDGE_TTA_ACTIVE views = 8 mean_abs_feat_delta = 0.331192\n"}
,{"stream_name":"stdout","time":1772.850428741,"data":"SECONDARY_EDGE_TTA_ACTIVE views = 8 weight = 0.75 mean_abs_feat_delta = 0.316364\n"}
,{"stream_name":"stdout","time":1772.85420238,"data":"BIOHUB_RETENTION_GUARD {\"blended_candidates\": 451, \"dataset\": \"44b6_2a2eff9f\", \"frame\": 5, \"minimum_retention\": 0.9, \"primary_candidates\": 542, \"retention\": 0.8321033210332104, \"use_primary\": true}\n"}
,{"stream_name":"stdout","time":1773.027129331,"data":"SECONDARY_EDGE_TTA_ACTIVE views = 8 weight = 0.75 mean_abs_feat_delta = 0.263399\n"}
,{"stream_name":"stdout","time":1774.156292272,"data":"EDGE_TTA_ACTIVE views = 8 mean_abs_feat_delta = 0.355109\n"}
,{"stream_name":"stdout","time":1774.18782505,"data":"EDGE_TTA_ACTIVE views = 8 mean_abs_feat_delta = 0.331813\n"}
,{"stream_name":"stdout","time":1775.161871307,"data":"SECONDARY_EDGE_TTA_ACTIVE views = 8 weight = 0.75 mean_abs_feat_delta = 0.317147\n"}
,{"stream_name":"stdout","time":1775.165730987,"data":"BIOHUB_RETENTION_GUARD {\"blended_candidates\": 449, \"dataset\": \"44b6_2a2eff9f\", \"frame\": 6, \"minimum_retention\": 0.9, \"primary_candidates\": 544, \"retention\": 0.8253676470588235, \"use_primary\": true}\n"}
,{"stream_name":"stdout","time":1775.264790581,"data":"SECONDARY_EDGE_TTA_ACTIVE views = 8 weight = 0.75 mean_abs_feat_delta = 0.258884\n"}
,{"stream_name":"stdout","time":1776.366264499,"data":"EDGE_TTA_ACTIVE views = 8 mean_abs_feat_delta = 0.359732\n"}
,{"stream_name":"stdout","time":1776.470085831,"data":"EDGE_TTA_ACTIVE views = 8 mean_abs_feat_delta = 0.327911\n"}
,{"stream_name":"stdout","time":1777.372814621,"data":"SECONDARY_EDGE_TTA_ACTIVE views = 8 weight = 0.75 mean_abs_feat_delta = 0.314941\n"}
,{"stream_name":"stdout","time":1777.377134255,"data":"BIOHUB_RETENTION_GUARD {\"blended_candidates\": 419, \"dataset\": \"44b6_2a2eff9f\", \"frame\": 7, \"minimum_retention\": 0.9, \"primary_candidates\": 531, \"retention\": 0.7890772128060264, \"use_primary\": true}\n"}
,{"stream_name":"stdout","time":1777.552314426,"data":"SECONDARY_EDGE_TTA_ACTIVE views = 8 weight = 0.75 mean_abs_feat_delta = 0.259992\n"}
,{"stream_name":"stdout","time":1778.623483579,"data":"EDGE_TTA_ACTIVE views = 8 mean_abs_feat_delta = 0.367188\n"}
,{"stream_name":"stdout","time":1778.763882922,"data":"EDGE_TTA_ACTIVE views = 8 mean_abs_feat_delta = 0.330714\n"}
,{"stream_name":"stdout","time":1779.633465607,"data":"SECONDARY_EDGE_TTA_ACTIVE views = 8 weight = 0.75 mean_abs_feat_delta = 0.315928\n"}
,{"stream_name":"stdout","time":1779.63758477,"data":"BIOHUB_RETENTION_GUARD {\"blended_candidates\": 426, \"dataset\": \"44b6_2a2eff9f\", \"frame\": 8, \"minimum_retention\": 0.9, \"primary_candidates\": 524, \"retention\": 0.8129770992366412, \"use_primary\": true}\n"}
,{"stream_name":"stdout","time":1779.850333328,"data":"SECONDARY_EDGE_TTA_ACTIVE views = 8 weight = 0.75 mean_abs_feat_delta = 0.261061\n"}
,{"stream_name":"stdout","time":1780.858398002,"data":"EDGE_TTA_ACTIVE views = 8 mean_abs_feat_delta = 0.367144\n"}
,{"stream_name":"stdout","time":1780.997512183,"data":"EDGE_TTA_ACTIVE views = 8 mean_abs_feat_delta = 0.32934\n"}
,{"stream_name":"stdout","time":1781.869085764,"data":"SECONDARY_EDGE_TTA_ACTIVE views = 8 weight = 0.75 mean_abs_feat_delta = 0.318801\n"}
,{"stream_name":"stdout","time":1781.872929998,"data":"BIOHUB_RETENTION_GUARD {\"blended_candidates\": 432, \"dataset\": \"44b6_2a2eff9f\", \"frame\": 9, \"minimum_retention\": 0.9, \"primary_candidates\": 530, \"retention\": 0.8150943396226416, \"use_primary\": true}\n"}
,{"stream_name":"stdout","time":1782.078908491,"data":"SECONDARY_EDGE_TTA_ACTIVE views = 8 weight = 0.75 mean_abs_feat_delta = 0.260977\n"}
,{"stream_name":"stdout","time":1783.077008568,"data":"EDGE_TTA_ACTIVE views = 8 mean_abs_feat_delta = 0.36704\n"}
,{"stream_name":"stdout","time":1783.309620989,"data":"EDGE_TTA_ACTIVE views = 8 mean_abs_feat_delta = 0.333566\n"}
,{"stream_name":"stdout","time":1784.084180261,"data":"SECONDARY_EDGE_TTA_ACTIVE views = 8 weight = 0.75 mean_abs_feat_delta = 0.315955\n"}
,{"stream_name":"stdout","time":1784.08865897,"data":"BIOHUB_RETENTION_GUARD {\"blended_candidates\": 412, \"dataset\": \"44b6_2a2eff9f\", \"frame\": 10, \"minimum_retention\": 0.9, \"primary_candidates\": 516, \"retention\": 0.7984496124031008, \"use_primary\": true}\n"}
,{"stream_name":"stdout","time":1784.380215835,"data":"SECONDARY_EDGE_TTA_ACTIVE views = 8 weight = 0.75 mean_abs_feat_delta = 0.25823\n"}
,{"stream_name":"stdout","time":1785.323084853,"data":"EDGE_TTA_ACTIVE views = 8 mean_abs_feat_delta = 0.361712\n"}
,{"stream_name":"stdout","time":1785.512994441,"data":"EDGE_TTA_ACTIVE views = 8 mean_abs_feat_delta = 0.336507\n"}
,{"stream_name":"stdout","time":1786.322521364,"data":"SECONDARY_EDGE_TTA_ACTIVE views = 8 weight = 0.75 mean_abs_feat_delta = 0.314358\n"}
,{"stream_name":"stdout","time":1786.326455883,"data":"BIOHUB_RETENTION_GUARD {\"blended_candidates\": 456, \"dataset\": \"44b6_2a2eff9f\", \"frame\": 11, \"minimum_retention\": 0.9, \"primary_candidates\": 534, \"retention\": 0.8539325842696629, \"use_primary\": true}\n"}
,{"stream_name":"stdout","time":1786.56905163,"data":"SECONDARY_EDGE_TTA_ACTIVE views = 8 weight = 0.75 mean_abs_feat_delta = 0.25435\n"}
,{"stream_name":"stdout","time":1787.55418872,"data":"EDGE_TTA_ACTIVE views = 8 mean_abs_feat_delta = 0.36232\n"}
,{"stream_name":"stdout","time":1787.731529913,"data":"EDGE_TTA_ACTIVE views = 8 mean_abs_feat_delta = 0.3358\n"}
,{"stream_name":"stdout","time":1788.54484803,"data":"SECONDARY_EDGE_TTA_ACTIVE views = 8 weight = 0.75 mean_abs_feat_delta = 0.319932\n"}
,{"stream_name":"stdout","time":1788.548750555,"data":"BIOHUB_RETENTION_GUARD {\"blended_candidates\": 425, \"dataset\": \"44b6_2a2eff9f\", \"frame\": 12, \"minimum_retention\": 0.9, \"primary_candidates\": 508, \"retention\": 0.8366141732283464, \"use_primary\": true}\n"}
,{"stream_name":"stdout","time":1788.776648735,"data":"SECONDARY_EDGE_TTA_ACTIVE views = 8 weight = 0.75 mean_abs_feat_delta = 0.256804\n"}
,{"stream_name":"stdout","time":1789.778390918,"data":"EDGE_TTA_ACTIVE views = 8 mean_abs_feat_delta = 0.361858\n"}
,{"stream_name":"stdout","time":1789.92325711,"data":"EDGE_TTA_ACTIVE views = 8 mean_abs_feat_delta = 0.32024\n"}
,{"stream_name":"stdout","time":1790.756557881,"data":"SECONDARY_EDGE_TTA_ACTIVE views = 8 weight = 0.75 mean_abs_feat_delta = 0.31824\n"}
,{"stream_name":"stdout","time":1790.760758467,"data":"BIOHUB_RETENTION_GUARD {\"blended_candidates\": 407, \"dataset\": \"44b6_2a2eff9f\", \"frame\": 13, \"minimum_retention\": 0.9, \"primary_candidates\": 504, \"retention\": 0.8075396825396826, \"use_primary\": true}\n"}
,{"stream_name":"stdout","time":1790.957097205,"data":"SECONDARY_EDGE_TTA_ACTIVE views = 8 weight = 0.75 mean_abs_feat_delta = 0.264014\n"}
,{"stream_name":"stdout","time":1791.928007378,"data":"EDGE_TTA_ACTIVE views = 8 mean_abs_feat_delta = 0.358521\n"}
,{"stream_name":"stdout","time":1792.056207466,"data":"EDGE_TTA_ACTIVE views = 8 mean_abs_feat_delta = 0.325944\n"}
,{"stream_name":"stdout","time":1792.902659447,"data":"SECONDARY_EDGE_TTA_ACTIVE views = 8 weight = 0.75 mean_abs_feat_delta = 0.320361\n"}
,{"stream_name":"stdout","time":1792.906448792,"data":"BIOHUB_RETENTION_GUARD {\"blended_candidates\": 403, \"dataset\": \"44b6_2a2eff9f\", \"frame\": 14, \"minimum_retention\": 0.9, \"primary_candidates\": 499, \"retention\": 0.8076152304609219, \"use_primary\": true}\n"}
,{"stream_name":"stdout","time":1793.083145756,"data":"SECONDARY_EDGE_TTA_ACTIVE views = 8 weight = 0.75 mean_abs_feat_delta = 0.261728\n"}
,{"stream_name":"stdout","time":1794.093022489,"data":"EDGE_TTA_ACTIVE views = 8 mean_abs_feat_delta = 0.360482\n"}
,{"stream_name":"stdout","time":1794.23865216,"data":"EDGE_TTA_ACTIVE views = 8 mean_abs_feat_delta = 0.328686\n"}
,{"stream_name":"stdout","time":1795.068476453,"data":"SECONDARY_EDGE_TTA_ACTIVE views = 8 weight = 0.75 mean_abs_feat_delta = 0.322986\n"}
,{"stream_name":"stdout","time":1795.072091957,"data":"BIOHUB_RETENTION_GUARD {\"blended_candidates\": 388, \"dataset\": \"44b6_2a2eff9f\", \"frame\": 15, \"minimum_retention\": 0.9, \"primary_candidates\": 479, \"retention\": 0.8100208768267223, \"use_primary\": true}\n"}
,{"stream_name":"stdout","time":1795.256544359,"data":"SECONDARY_EDGE_TTA_ACTIVE views = 8 weight = 0.75 mean_abs_feat_delta = 0.257823\n"}
,{"stream_name":"stdout","time":1796.300018667,"data":"EDGE_TTA_ACTIVE views = 8 mean_abs_feat_delta = 0.362679\n"}
,{"stream_name":"stdout","time":1796.366489069,"data":"EDGE_TTA_ACTIVE views = 8 mean_abs_feat_delta = 0.327204\n"}
,{"stream_name":"stdout","time":1797.273780121,"data":"SECONDARY_EDGE_TTA_ACTIVE views = 8 weight = 0.75 mean_abs_feat_delta = 0.323504\n"}
,{"stream_name":"stdout","time":1797.278008079,"data":"BIOHUB_RETENTION_GUARD {\"blended_candidates\": 357, \"dataset\": \"44b6_2a2eff9f\", \"frame\": 16, \"minimum_retention\": 0.9, \"primary_candidates\": 478, \"retention\": 0.7468619246861925, \"use_primary\": true}\n"}
,{"stream_name":"stdout","time":1797.377445073,"data":"SECONDARY_EDGE_TTA_ACTIVE views = 8 weight = 0.75 mean_abs_feat_delta = 0.260305\n"}
,{"stream_name":"stdout","time":1798.470772184,"data":"EDGE_TTA_ACTIVE views = 8 mean_abs_feat_delta = 0.361583\n"}
,{"stream_name":"stdout","time":1798.517398659,"data":"EDGE_TTA_ACTIVE views = 8 mean_abs_feat_delta = 0.333242\n"}
,{"stream_name":"stdout","time":1799.543503164,"data":"SECONDARY_EDGE_TTA_ACTIVE views = 8 weight = 0.75 mean_abs_feat_delta = 0.321225\n"}
,{"stream_name":"stdout","time":1799.543531264,"data":"BIOHUB_RETENTION_GUARD {\"blended_candidates\": 328, \"dataset\": \"44b6_2a2eff9f\", \"frame\": 17, \"minimum_retention\": 0.9, \"primary_candidates\": 458, \"retention\": 0.7161572052401747, \"use_primary\": true}\n"}
,{"stream_name":"stdout","time":1799.543890647,"data":"SECONDARY_EDGE_TTA_ACTIVE views = 8 weight = 0.75 mean_abs_feat_delta = 0.258707\n"}
,{"stream_name":"stdout","time":1800.598512116,"data":"EDGE_TTA_ACTIVE views = 8 mean_abs_feat_delta = 0.359303\n"}
,{"stream_name":"stdout","time":1800.622717649,"data":"EDGE_TTA_ACTIVE views = 8 mean_abs_feat_delta = 0.335356\n"}
,{"stream_name":"stdout","time":1801.569856246,"data":"SECONDARY_EDGE_TTA_ACTIVE views = 8 weight = 0.75 mean_abs_feat_delta = 0.322611\n"}
,{"stream_name":"stdout","time":1801.574193236,"data":"BIOHUB_RETENTION_GUARD {\"blended_candidates\": 408, \"dataset\": \"44b6_2a2eff9f\", \"frame\": 18, \"minimum_retention\": 0.9, \"primary_candidates\": 486, \"retention\": 0.8395061728395061, \"use_primary\": true}\n"}
,{"stream_name":"stdout","time":1801.618959842,"data":"SECONDARY_EDGE_TTA_ACTIVE views = 8 weight = 0.75 mean_abs_feat_delta = 0.258868\n"}
,{"stream_name":"stdout","time":1802.691193459,"data":"EDGE_TTA_ACTIVE views = 8 mean_abs_feat_delta = 0.333142\n"}
,{"stream_name":"stdout","time":1802.784693882,"data":"EDGE_TTA_ACTIVE views = 8 mean_abs_feat_delta = 0.357931\n"}
,{"stream_name":"stdout","time":1803.686857091,"data":"SECONDARY_EDGE_TTA_ACTIVE views = 8 weight = 0.75 mean_abs_feat_delta = 0.257552\n"}
,{"stream_name":"stdout","time":1803.759854197,"data":"SECONDARY_EDGE_TTA_ACTIVE views = 8 weight = 0.75 mean_abs_feat_delta = 0.327667\n"}
,{"stream_name":"stdout","time":1803.763957744,"data":"BIOHUB_RETENTION_GUARD {\"blended_candidates\": 382, \"dataset\": \"44b6_2a2eff9f\", \"frame\": 19, \"minimum_retention\": 0.9, \"primary_candidates\": 474, \"retention\": 0.8059071729957806, \"use_primary\": true}\n"}
,{"stream_name":"stdout","time":1804.814838895,"data":"EDGE_TTA_ACTIVE views = 8 mean_abs_feat_delta = 0.328461\n"}
,{"stream_name":"stdout","time":1804.931617208,"data":"EDGE_TTA_ACTIVE views = 8 mean_abs_feat_delta = 0.35399\n"}
,{"stream_name":"stdout","time":1805.803760791,"data":"SECONDARY_EDGE_TTA_ACTIVE views = 8 weight = 0.75 mean_abs_feat_delta = 0.260048\n"}
,{"stream_name":"stdout","time":1805.9064491,"data":"SECONDARY_EDGE_TTA_ACTIVE views = 8 weight = 0.75 mean_abs_feat_delta = 0.323004\n"}
,{"stream_name":"stdout","time":1805.909920383,"data":"BIOHUB_RETENTION_GUARD {\"blended_candidates\": 404, \"dataset\": \"44b6_2a2eff9f\", \"frame\": 20, \"minimum_retention\": 0.9, \"primary_candidates\": 504, \"retention\": 0.8015873015873016, \"use_primary\": true}\n"}
,{"stream_name":"stdout","time":1806.860190748,"data":"EDGE_TTA_ACTIVE views = 8 mean_abs_feat_delta = 0.328834\n"}
,{"stream_name":"stdout","time":1807.038778851,"data":"EDGE_TTA_ACTIVE views = 8 mean_abs_feat_delta = 0.354644\n"}
,{"stream_name":"stdout","time":1807.851424203,"data":"SECONDARY_EDGE_TTA_ACTIVE views = 8 weight = 0.75 mean_abs_feat_delta = 0.25594\n"}
,{"stream_name":"stdout","time":1808.013469996,"data":"SECONDARY_EDGE_TTA_ACTIVE views = 8 weight = 0.75 mean_abs_feat_delta = 0.323896\n"}
,{"stream_name":"stdout","time":1808.017272434,"data":"BIOHUB_RETENTION_GUARD {\"blended_candidates\": 413, \"dataset\": \"44b6_2a2eff9f\", \"frame\": 21, \"minimum_retention\": 0.9, \"primary_candidates\": 491, \"retention\": 0.8411405295315683, \"use_primary\": true}\n"}
,{"stream_name":"stdout","time":1808.907401325,"data":"EDGE_TTA_ACTIVE views = 8 mean_abs_feat_delta = 0.33524\n"}
,{"stream_name":"stdout","time":1809.267905365,"data":"EDGE_TTA_ACTIVE views = 8 mean_abs_feat_delta = 0.354923\n"}
,{"stream_name":"stdout","time":1809.898720411,"data":"SECONDARY_EDGE_TTA_ACTIVE views = 8 weight = 0.75 mean_abs_feat_delta = 0.255182\n"}
,{"stream_name":"stdout","time":1810.243920666,"data":"SECONDARY_EDGE_TTA_ACTIVE views = 8 weight = 0.75 mean_abs_feat_delta = 0.316583\n"}
,{"stream_name":"stdout","time":1810.248032198,"data":"BIOHUB_RETENTION_GUARD {\"blended_candidates\": 362, \"dataset\": \"44b6_2a2eff9f\", \"frame\": 22, \"minimum_retention\": 0.9, \"primary_candidates\": 470, \"retention\": 0.7702127659574468, \"use_primary\": true}\n"}
,{"stream_name":"stdout","time":1810.975737698,"data":"EDGE_TTA_ACTIVE views = 8 mean_abs_feat_delta = 0.330644\n"}
,{"stream_name":"stdout","time":1811.377677804,"data":"EDGE_TTA_ACTIVE views = 8 mean_abs_feat_delta = 0.354804\n"}
,{"stream_name":"stdout","time":1811.968445627,"data":"SECONDARY_EDGE_TTA_ACTIVE views = 8 weight = 0.75 mean_abs_feat_delta = 0.255678\n"}
,{"stream_name":"stdout","time":1812.349815175,"data":"SECONDARY_EDGE_TTA_ACTIVE views = 8 weight = 0.75 mean_abs_feat_delta = 0.316862\n"}
,{"stream_name":"stdout","time":1812.353631443,"data":"BIOHUB_RETENTION_GUARD {\"blended_candidates\": 377, \"dataset\": \"44b6_2a2eff9f\", \"frame\": 23, \"minimum_retention\": 0.9, \"primary_candidates\": 467, \"retention\": 0.8072805139186295, \"use_primary\": true}\n"}
,{"stream_name":"stdout","time":1813.072795859,"data":"EDGE_TTA_ACTIVE views = 8 mean_abs_feat_delta = 0.329724\n"}
,{"stream_name":"stdout","time":1813.511522513,"data":"EDGE_TTA_ACTIVE views = 8 mean_abs_feat_delta = 0.354254\n"}
,{"stream_name":"stdout","time":1814.060500132,"data":"SECONDARY_EDGE_TTA_ACTIVE views = 8 weight = 0.75 mean_abs_feat_delta = 0.25659\n"}
,{"stream_name":"stdout","time":1814.482359508,"data":"SECONDARY_EDGE_TTA_ACTIVE views = 8 weight = 0.75 mean_abs_feat_delta = 0.326296\n"}
,{"stream_name":"stdout","time":1814.486095837,"data":"BIOHUB_RETENTION_GUARD {\"blended_candidates\": 378, \"dataset\": \"44b6_2a2eff9f\", \"frame\": 24, \"minimum_retention\": 0.9, \"primary_candidates\": 467, \"retention\": 0.8094218415417559, \"use_primary\": true}\n"}
,{"stream_name":"stdout","time":1815.114679679,"data":"EDGE_TTA_ACTIVE views = 8 mean_abs_feat_delta = 0.328509\n"}
,{"stream_name":"stdout","time":1815.615430588,"data":"EDGE_TTA_ACTIVE views = 8 mean_abs_feat_delta = 0.361493\n"}
,{"stream_name":"stdout","time":1816.106035714,"data":"SECONDARY_EDGE_TTA_ACTIVE views = 8 weight = 0.75 mean_abs_feat_delta = 0.261519\n"}
,{"stream_name":"stdout","time":1816.588765339,"data":"SECONDARY_EDGE_TTA_ACTIVE views = 8 weight = 0.75 mean_abs_feat_delta = 0.325891\n"}
,{"stream_name":"stdout","time":1816.593098776,"data":"BIOHUB_RETENTION_GUARD {\"blended_candidates\": 363, \"dataset\": \"44b6_2a2eff9f\", \"frame\": 25, \"minimum_retention\": 0.9, \"primary_candidates\": 449, \"retention\": 0.8084632516703786, \"use_primary\": true}\n"}
,{"stream_name":"stdout","time":1817.287240611,"data":"EDGE_TTA_ACTIVE views = 8 mean_abs_feat_delta = 0.328824\n"}
,{"stream_name":"stdout","time":1817.703256188,"data":"EDGE_TTA_ACTIVE views = 8 mean_abs_feat_delta = 0.367501\n"}
,{"stream_name":"stdout","time":1818.277798323,"data":"SECONDARY_EDGE_TTA_ACTIVE views = 8 weight = 0.75 mean_abs_feat_delta = 0.261581\n"}
,{"stream_name":"stdout","time":1818.676973666,"data":"SECONDARY_EDGE_TTA_ACTIVE views = 8 weight = 0.75 mean_abs_feat_delta = 0.322369\n"}
,{"stream_name":"stdout","time":1818.680655658,"data":"BIOHUB_RETENTION_GUARD {\"blended_candidates\": 348, \"dataset\": \"44b6_2a2eff9f\", \"frame\": 26, \"minimum_retention\": 0.9, \"primary_candidates\": 438, \"retention\": 0.7945205479452054, \"use_primary\": true}\n"}
,{"stream_name":"stdout","time":1819.373402725,"data":"EDGE_TTA_ACTIVE views = 8 mean_abs_feat_delta = 0.333453\n"}
,{"stream_name":"stdout","time":1819.851451454,"data":"EDGE_TTA_ACTIVE views = 8 mean_abs_feat_delta = 0.364694\n"}
,{"stream_name":"stdout","time":1820.367761043,"data":"SECONDARY_EDGE_TTA_ACTIVE views = 8 weight = 0.75 mean_abs_feat_delta = 0.257374\n"}
,{"stream_name":"stdout","time":1820.823208006,"data":"SECONDARY_EDGE_TTA_ACTIVE views = 8 weight = 0.75 mean_abs_feat_delta = 0.322571\n"}
,{"stream_name":"stdout","time":1820.827150461,"data":"BIOHUB_RETENTION_GUARD {\"blended_candidates\": 357, \"dataset\": \"44b6_2a2eff9f\", \"frame\": 27, \"minimum_retention\": 0.9, \"primary_candidates\": 475, \"retention\": 0.751578947368421, \"use_primary\": true}\n"}
,{"stream_name":"stdout","time":1821.435604369,"data":"EDGE_TTA_ACTIVE views = 8 mean_abs_feat_delta = 0.33049\n"}
,{"stream_name":"stdout","time":1821.960448811,"data":"EDGE_TTA_ACTIVE views = 8 mean_abs_feat_delta = 0.36466\n"}
,{"stream_name":"stdout","time":1822.431780447,"data":"SECONDARY_EDGE_TTA_ACTIVE views = 8 weight = 0.75 mean_abs_feat_delta = 0.256553\n"}
,{"stream_name":"stdout","time":1822.93363923,"data":"SECONDARY_EDGE_TTA_ACTIVE views = 8 weight = 0.75 mean_abs_feat_delta = 0.321971\n"}
,{"stream_name":"stdout","time":1822.9381836,"data":"BIOHUB_RETENTION_GUARD {\"blended_candidates\": 349, \"dataset\": \"44b6_2a2eff9f\", \"frame\": 28, \"minimum_retention\": 0.9, \"primary_candidates\": 461, \"retention\": 0.7570498915401301, \"use_primary\": true}\n"}
,{"stream_name":"stdout","time":1823.55008651,"data":"EDGE_TTA_ACTIVE views = 8 mean_abs_feat_delta = 0.330532\n"}
,{"stream_name":"stdout","time":1824.086384279,"data":"EDGE_TTA_ACTIVE views = 8 mean_abs_feat_delta = 0.364232\n"}
,{"stream_name":"stdout","time":1824.548213877,"data":"SECONDARY_EDGE_TTA_ACTIVE views = 8 weight = 0.75 mean_abs_feat_delta = 0.254743\n"}
,{"stream_name":"stdout","time":1825.060785836,"data":"SECONDARY_EDGE_TTA_ACTIVE views = 8 weight = 0.75 mean_abs_feat_delta = 0.323261\n"}
,{"stream_name":"stdout","time":1825.064874018,"data":"BIOHUB_RETENTION_GUARD {\"blended_candidates\": 352, \"dataset\": \"44b6_2a2eff9f\", \"frame\": 29, \"minimum_retention\": 0.9, \"primary_candidates\": 467, \"retention\": 0.7537473233404711, \"use_primary\": true}\n"}
,{"stream_name":"stdout","time":1825.620775424,"data":"EDGE_TTA_ACTIVE views = 8 mean_abs_feat_delta = 0.336898\n"}
,{"stream_name":"stdout","time":1826.235144015,"data":"EDGE_TTA_ACTIVE views = 8 mean_abs_feat_delta = 0.369005\n"}
,{"stream_name":"stdout","time":1826.624802832,"data":"SECONDARY_EDGE_TTA_ACTIVE views = 8 weight = 0.75 mean_abs_feat_delta = 0.25812\n"}
,{"stream_name":"stdout","time":1827.213540531,"data":"SECONDARY_EDGE_TTA_ACTIVE views = 8 weight = 0.75 mean_abs_feat_delta = 0.325997\n"}
,{"stream_name":"stdout","time":1827.217448391,"data":"BIOHUB_RETENTION_GUARD {\"blended_candidates\": 342, \"dataset\": \"44b6_2a2eff9f\", \"frame\": 30, \"minimum_retention\": 0.9, \"primary_candidates\": 460, \"retention\": 0.7434782608695653, \"use_primary\": true}\n"}
,{"stream_name":"stdout","time":1827.72691288,"data":"EDGE_TTA_ACTIVE views = 8 mean_abs_feat_delta = 0.339093\n"}
,{"stream_name":"stdout","time":1828.441909109,"data":"EDGE_TTA_ACTIVE views = 8 mean_abs_feat_delta = 0.371568\n"}
,{"stream_name":"stdout","time":1828.736526906,"data":"SECONDARY_EDGE_TTA_ACTIVE views = 8 weight = 0.75 mean_abs_feat_delta = 0.258084\n"}
,{"stream_name":"stdout","time":1829.431753349,"data":"SECONDARY_EDGE_TTA_ACTIVE views = 8 weight = 0.75 mean_abs_feat_delta = 0.322858\n"}
,{"stream_name":"stdout","time":1829.435944482,"data":"BIOHUB_RETENTION_GUARD {\"blended_candidates\": 360, \"dataset\": \"44b6_2a2eff9f\", \"frame\": 31, \"minimum_retention\": 0.9, \"primary_candidates\": 457, \"retention\": 0.787746170678337, \"use_primary\": true}\n"}
,{"stream_name":"stdout","time":1829.925906818,"data":"EDGE_TTA_ACTIVE views = 8 mean_abs_feat_delta = 0.334928\n"}
,{"stream_name":"stdout","time":1830.637486358,"data":"EDGE_TTA_ACTIVE views = 8 mean_abs_feat_delta = 0.373964\n"}
,{"stream_name":"stdout","time":1830.831271248,"data":"SECONDARY_EDGE_TTA_ACTIVE views = 8 weight = 0.75 mean_abs_feat_delta = 0.253733\n"}
,{"stream_name":"stdout","time":1831.631590073,"data":"SECONDARY_EDGE_TTA_ACTIVE views = 8 weight = 0.75 mean_abs_feat_delta = 0.322245\n"}
,{"stream_name":"stdout","time":1831.635421465,"data":"BIOHUB_RETENTION_GUARD {\"blended_candidates\": 361, \"dataset\": \"44b6_2a2eff9f\", \"frame\": 32, \"minimum_retention\": 0.9, \"primary_candidates\": 461, \"retention\": 0.7830802603036876, \"use_primary\": true}\n"}
,{"stream_name":"stdout","time":1831.981374675,"data":"EDGE_TTA_ACTIVE views = 8 mean_abs_feat_delta = 0.334762\n"}
,{"stream_name":"stdout","time":1832.830803106,"data":"EDGE_TTA_ACTIVE views = 8 mean_abs_feat_delta = 0.375985\n"}
,{"stream_name":"stdout","time":1832.998079534,"data":"SECONDARY_EDGE_TTA_ACTIVE views = 8 weight = 0.75 mean_abs_feat_delta = 0.257496\n"}
,{"stream_name":"stdout","time":1833.832451073,"data":"SECONDARY_EDGE_TTA_ACTIVE views = 8 weight = 0.75 mean_abs_feat_delta = 0.323643\n"}
,{"stream_name":"stdout","time":1833.83671747,"data":"BIOHUB_RETENTION_GUARD {\"blended_candidates\": 336, \"dataset\": \"44b6_2a2eff9f\", \"frame\": 33, \"minimum_retention\": 0.9, \"primary_candidates\": 455, \"retention\": 0.7384615384615385, \"use_primary\": true}\n"}
,{"stream_name":"stdout","time":1834.116854003,"data":"EDGE_TTA_ACTIVE views = 8 mean_abs_feat_delta = 0.343229\n"}
,{"stream_name":"stdout","time":1834.982239738,"data":"EDGE_TTA_ACTIVE views = 8 mean_abs_feat_delta = 0.370885\n"}
,{"stream_name":"stdout","time":1835.139339479,"data":"SECONDARY_EDGE_TTA_ACTIVE views = 8 weight = 0.75 mean_abs_feat_delta = 0.258866\n"}
,{"stream_name":"stdout","time":1835.976953129,"data":"SECONDARY_EDGE_TTA_ACTIVE views = 8 weight = 0.75 mean_abs_feat_delta = 0.325514\n"}
,{"stream_name":"stdout","time":1835.980925597,"data":"BIOHUB_RETENTION_GUARD {\"blended_candidates\": 344, \"dataset\": \"44b6_2a2eff9f\", \"frame\": 34, \"minimum_retention\": 0.9, \"primary_candidates\": 470, \"retention\": 0.7319148936170212, \"use_primary\": true}\n"}
,{"stream_name":"stdout","time":1836.288265229,"data":"EDGE_TTA_ACTIVE views = 8 mean_abs_feat_delta = 0.34071\n"}
,{"stream_name":"stdout","time":1837.134391195,"data":"EDGE_TTA_ACTIVE views = 8 mean_abs_feat_delta = 0.36672\n"}
,{"stream_name":"stdout","time":1837.319010428,"data":"SECONDARY_EDGE_TTA_ACTIVE views = 8 weight = 0.75 mean_abs_feat_delta = 0.256585\n"}
,{"stream_name":"stdout","time":1838.149453348,"data":"SECONDARY_EDGE_TTA_ACTIVE views = 8 weight = 0.75 mean_abs_feat_delta = 0.32951\n"}
,{"stream_name":"stdout","time":1838.153270012,"data":"BIOHUB_RETENTION_GUARD {\"blended_candidates\": 339, \"dataset\": \"44b6_2a2eff9f\", \"frame\": 35, \"minimum_retention\": 0.9, \"primary_candidates\": 461, \"retention\": 0.735357917570499, \"use_primary\": true}\n"}
,{"stream_name":"stdout","time":1838.456422806,"data":"EDGE_TTA_ACTIVE views = 8 mean_abs_feat_delta = 0.337284\n"}
,{"stream_name":"stdout","time":1839.322599664,"data":"EDGE_TTA_ACTIVE views = 8 mean_abs_feat_delta = 0.364845\n"}
,{"stream_name":"stdout","time":1839.492858466,"data":"SECONDARY_EDGE_TTA_ACTIVE views = 8 weight = 0.75 mean_abs_feat_delta = 0.255835\n"}
,{"stream_name":"stdout","time":1840.342669886,"data":"SECONDARY_EDGE_TTA_ACTIVE views = 8 weight = 0.75 mean_abs_feat_delta = 0.33226\n"}
,{"stream_name":"stdout","time":1840.346798408,"data":"BIOHUB_RETENTION_GUARD {\"blended_candidates\": 344, \"dataset\": \"44b6_2a2eff9f\", \"frame\": 36, \"minimum_retention\": 0.9, \"primary_candidates\": 451, \"retention\": 0.7627494456762749, \"use_primary\": true}\n"}
,{"stream_name":"stdout","time":1840.669449459,"data":"EDGE_TTA_ACTIVE views = 8 mean_abs_feat_delta = 0.340637\n"}
,{"stream_name":"stdout","time":1841.529981518,"data":"EDGE_TTA_ACTIVE views = 8 mean_abs_feat_delta = 0.365471\n"}
,{"stream_name":"stdout","time":1841.718081218,"data":"SECONDARY_EDGE_TTA_ACTIVE views = 8 weight = 0.75 mean_abs_feat_delta = 0.251669\n"}
,{"stream_name":"stdout","time":1842.564547786,"data":"SECONDARY_EDGE_TTA_ACTIVE views = 8 weight = 0.75 mean_abs_feat_delta = 0.334845\n"}
,{"stream_name":"stdout","time":1842.568415773,"data":"BIOHUB_RETENTION_GUARD {\"blended_candidates\": 329, \"dataset\": \"44b6_2a2eff9f\", \"frame\": 37, \"minimum_retention\": 0.9, \"primary_candidates\": 430, \"retention\": 0.7651162790697674, \"use_primary\": true}\n"}
,{"stream_name":"stdout","time":1842.869089771,"data":"EDGE_TTA_ACTIVE views = 8 mean_abs_feat_delta = 0.338061\n"}
,{"stream_name":"stdout","time":1843.78449929,"data":"EDGE_TTA_ACTIVE views = 8 mean_abs_feat_delta = 0.367895\n"}
,{"stream_name":"stdout","time":1843.922126945,"data":"SECONDARY_EDGE_TTA_ACTIVE views = 8 weight = 0.75 mean_abs_feat_delta = 0.249524\n"}
,{"stream_name":"stdout","time":1844.823286236,"data":"SECONDARY_EDGE_TTA_ACTIVE views = 8 weight = 0.75 mean_abs_feat_delta = 0.338455\n"}
,{"stream_name":"stdout","time":1844.827923872,"data":"BIOHUB_RETENTION_GUARD {\"blended_candidates\": 321, \"dataset\": \"44b6_2a2eff9f\", \"frame\": 38, \"minimum_retention\": 0.9, \"primary_candidates\": 432, \"retention\": 0.7430555555555556, \"use_primary\": true}\n"}
,{"stream_name":"stdout","time":1845.105339276,"data":"EDGE_TTA_ACTIVE views = 8 mean_abs_feat_delta = 0.345326\n"}
,{"stream_name":"stdout","time":1846.011975637,"data":"EDGE_TTA_ACTIVE views = 8 mean_abs_feat_delta = 0.369509\n"}
,{"stream_name":"stdout","time":1846.164537504,"data":"SECONDARY_EDGE_TTA_ACTIVE views = 8 weight = 0.75 mean_abs_feat_delta = 0.249871\n"}
,{"stream_name":"stdout","time":1847.053405126,"data":"SECONDARY_EDGE_TTA_ACTIVE views = 8 weight = 0.75 mean_abs_feat_delta = 0.343458\n"}
,{"stream_name":"stdout","time":1847.057264672,"data":"BIOHUB_RETENTION_GUARD {\"blended_candidates\": 347, \"dataset\": \"44b6_2a2eff9f\", \"frame\": 39, \"minimum_retention\": 0.9, \"primary_candidates\": 430, \"retention\": 0.8069767441860465, \"use_primary\": true}\n"}
,{"stream_name":"stdout","time":1847.294977934,"data":"EDGE_TTA_ACTIVE views = 8 mean_abs_feat_delta = 0.349698\n"}
,{"stream_name":"stdout","time":1848.296886916,"data":"EDGE_TTA_ACTIVE views = 8 mean_abs_feat_delta = 0.369407\n"}
,{"stream_name":"stdout","time":1848.352847417,"data":"SECONDARY_EDGE_TTA_ACTIVE views = 8 weight = 0.75 mean_abs_feat_delta = 0.257627\n"}
,{"stream_name":"stdout","time":1849.334755397,"data":"SECONDARY_EDGE_TTA_ACTIVE views = 8 weight = 0.75 mean_abs_feat_delta = 0.339895\n"}
,{"stream_name":"stdout","time":1849.33869606,"data":"BIOHUB_RETENTION_GUARD {\"blended_candidates\": 338, \"dataset\": \"44b6_2a2eff9f\", \"frame\": 40, \"minimum_retention\": 0.9, \"primary_candidates\": 423, \"retention\": 0.7990543735224587, \"use_primary\": true}\n"}
,{"stream_name":"stdout","time":1849.539848309,"data":"EDGE_TTA_ACTIVE views = 8 mean_abs_feat_delta = 0.349809\n"}
,{"stream_name":"stdout","time":1850.574338077,"data":"EDGE_TTA_ACTIVE views = 8 mean_abs_feat_delta = 0.366559\n"}
,{"stream_name":"stdout","time":1850.600234486,"data":"SECONDARY_EDGE_TTA_ACTIVE views = 8 weight = 0.75 mean_abs_feat_delta = 0.255032\n"}
,{"stream_name":"stdout","time":1851.611568068,"data":"SECONDARY_EDGE_TTA_ACTIVE views = 8 weight = 0.75 mean_abs_feat_delta = 0.336794\n"}
,{"stream_name":"stdout","time":1851.61539136,"data":"BIOHUB_RETENTION_GUARD {\"blended_candidates\": 356, \"dataset\": \"44b6_2a2eff9f\", \"frame\": 41, \"minimum_retention\": 0.9, \"primary_candidates\": 439, \"retention\": 0.8109339407744874, \"use_primary\": true}\n"}
,{"stream_name":"stdout","time":1851.770773086,"data":"EDGE_TTA_ACTIVE views = 8 mean_abs_feat_delta = 0.338556\n"}
,{"stream_name":"stdout","time":1852.817461908,"data":"EDGE_TTA_ACTIVE views = 8 mean_abs_feat_delta = 0.365076\n"}
,{"stream_name":"stdout","time":1852.82008786,"data":"SECONDARY_EDGE_TTA_ACTIVE views = 8 weight = 0.75 mean_abs_feat_delta = 0.253313\n"}
,{"stream_name":"stdout","time":1853.844462069,"data":"SECONDARY_EDGE_TTA_ACTIVE views = 8 weight = 0.75 mean_abs_feat_delta = 0.337964\n"}
,{"stream_name":"stdout","time":1853.848376498,"data":"BIOHUB_RETENTION_GUARD {\"blended_candidates\": 348, \"dataset\": \"44b6_2a2eff9f\", \"frame\": 42, \"minimum_retention\": 0.9, \"primary_candidates\": 424, \"retention\": 0.8207547169811321, \"use_primary\": true}\n"}
,{"stream_name":"stdout","time":1853.940985007,"data":"EDGE_TTA_ACTIVE views = 8 mean_abs_feat_delta = 0.340267\n"}
,{"stream_name":"stdout","time":1854.983086531,"data":"SECONDARY_EDGE_TTA_ACTIVE views = 8 weight = 0.75 mean_abs_feat_delta = 0.253223\n"}
,{"stream_name":"stdout","time":1855.044267236,"data":"EDGE_TTA_ACTIVE views = 8 mean_abs_feat_delta = 0.363489\n"}
,{"stream_name":"stdout","time":1856.068104727,"data":"SECONDARY_EDGE_TTA_ACTIVE views = 8 weight = 0.75 mean_abs_feat_delta = 0.335927\n"}
,{"stream_name":"stdout","time":1856.072246502,"data":"BIOHUB_RETENTION_GUARD {\"blended_candidates\": 325, \"dataset\": \"44b6_2a2eff9f\", \"frame\": 43, \"minimum_retention\": 0.9, \"primary_candidates\": 418, \"retention\": 0.777511961722488, \"use_primary\": true}\n"}
,{"stream_name":"stdout","time":1856.1475185,"data":"EDGE_TTA_ACTIVE views = 8 mean_abs_feat_delta = 0.344133\n"}
,{"stream_name":"stdout","time":1857.182947093,"data":"SECONDARY_EDGE_TTA_ACTIVE views = 8 weight = 0.75 mean_abs_feat_delta = 0.251983\n"}
,{"stream_name":"stdout","time":1857.267342256,"data":"EDGE_TTA_ACTIVE views = 8 mean_abs_feat_delta = 0.365601\n"}
,{"stream_name":"stdout","time":1858.283563971,"data":"SECONDARY_EDGE_TTA_ACTIVE views = 8 weight = 0.75 mean_abs_feat_delta = 0.333679\n"}
,{"stream_name":"stdout","time":1858.287603541,"data":"BIOHUB_RETENTION_GUARD {\"blended_candidates\": 329, \"dataset\": \"44b6_2a2eff9f\", \"frame\": 44, \"minimum_retention\": 0.9, \"primary_candidates\": 441, \"retention\": 0.746031746031746, \"use_primary\": true}\n"}
,{"stream_name":"stdout","time":1858.310715406,"data":"EDGE_TTA_ACTIVE views = 8 mean_abs_feat_delta = 0.337296\n"}
,{"stream_name":"stdout","time":1859.337927049,"data":"SECONDARY_EDGE_TTA_ACTIVE views = 8 weight = 0.75 mean_abs_feat_delta = 0.251603\n"}
,{"stream_name":"stdout","time":1859.438728231,"data":"EDGE_TTA_ACTIVE views = 8 mean_abs_feat_delta = 0.366265\n"}
,{"stream_name":"stdout","time":1860.655513613,"data":"SECONDARY_EDGE_TTA_ACTIVE views = 8 weight = 0.75 mean_abs_feat_delta = 0.336494\n"}
,{"stream_name":"stdout","time":1860.656761597,"data":"BIOHUB_RETENTION_GUARD {\"blended_candidates\": 318, \"dataset\": \"44b6_2a2eff9f\", \"frame\": 45, \"minimum_retention\": 0.9, \"primary_candidates\": 424, \"retention\": 0.75, \"use_primary\": true}\n"}
,{"stream_name":"stdout","time":1860.657653871,"data":"EDGE_TTA_ACTIVE views = 8 mean_abs_feat_delta = 0.340359\n"}
,{"stream_name":"stdout","time":1861.510213744,"data":"SECONDARY_EDGE_TTA_ACTIVE views = 8 weight = 0.75 mean_abs_feat_delta = 0.252902\n"}
,{"stream_name":"stdout","time":1861.653591039,"data":"EDGE_TTA_ACTIVE views = 8 mean_abs_feat_delta = 0.362606\n"}
,{"stream_name":"stdout","time":1862.631910945,"data":"EDGE_TTA_ACTIVE views = 8 mean_abs_feat_delta = 0.328718\n"}
,{"stream_name":"stdout","time":1862.661822355,"data":"SECONDARY_EDGE_TTA_ACTIVE views = 8 weight = 0.75 mean_abs_feat_delta = 0.332437\n"}
,{"stream_name":"stdout","time":1862.665940775,"data":"BIOHUB_RETENTION_GUARD {\"blended_candidates\": 329, \"dataset\": \"44b6_2a2eff9f\", \"frame\": 46, \"minimum_retention\": 0.9, \"primary_candidates\": 435, \"retention\": 0.7563218390804598, \"use_primary\": true}\n"}
,{"stream_name":"stdout","time":1863.647552178,"data":"SECONDARY_EDGE_TTA_ACTIVE views = 8 weight = 0.75 mean_abs_feat_delta = 0.251763\n"}
,{"stream_name":"stdout","time":1863.836792138,"data":"EDGE_TTA_ACTIVE views = 8 mean_abs_feat_delta = 0.353238\n"}
,{"stream_name":"stdout","time":1864.794838513,"data":"EDGE_TTA_ACTIVE views = 8 mean_abs_feat_delta = 0.332662\n"}
,{"stream_name":"stdout","time":1864.840757886,"data":"SECONDARY_EDGE_TTA_ACTIVE views = 8 weight = 0.75 mean_abs_feat_delta = 0.319389\n"}
,{"stream_name":"stdout","time":1864.844900294,"data":"BIOHUB_RETENTION_GUARD {\"blended_candidates\": 410, \"dataset\": \"44b6_2a2eff9f\", \"frame\": 47, \"minimum_retention\": 0.9, \"primary_candidates\": 487, \"retention\": 0.8418891170431212, \"use_primary\": true}\n"}
,{"stream_name":"stdout","time":1865.807234531,"data":"SECONDARY_EDGE_TTA_ACTIVE views = 8 weight = 0.75 mean_abs_feat_delta = 0.252662\n"}
,{"stream_name":"stdout","time":1866.041678116,"data":"EDGE_TTA_ACTIVE views = 8 mean_abs_feat_delta = 0.360268\n"}
,{"stream_name":"stdout","time":1866.885705184,"data":"EDGE_TTA_ACTIVE views = 8 mean_abs_feat_delta = 0.336965\n"}
,{"stream_name":"stdout","time":1867.038043304,"data":"SECONDARY_EDGE_TTA_ACTIVE views = 8 weight = 0.75 mean_abs_feat_delta = 0.328147\n"}
,{"stream_name":"stdout","time":1867.042195222,"data":"BIOHUB_RETENTION_GUARD {\"blended_candidates\": 294, \"dataset\": \"44b6_2a2eff9f\", \"frame\": 48, \"minimum_retention\": 0.9, \"primary_candidates\": 419, \"retention\": 0.7016706443914081, \"use_primary\": true}\n"}
,{"stream_name":"stdout","time":1867.898161277,"data":"SECONDARY_EDGE_TTA_ACTIVE views = 8 weight = 0.75 mean_abs_feat_delta = 0.25307\n"}
,{"stream_name":"stdout","time":1868.215008843,"data":"EDGE_TTA_ACTIVE views = 8 mean_abs_feat_delta = 0.366748\n"}
,{"stream_name":"stdout","time":1868.989288513,"data":"EDGE_TTA_ACTIVE views = 8 mean_abs_feat_delta = 0.33779\n"}
,{"stream_name":"stdout","time":1869.20729559,"data":"SECONDARY_EDGE_TTA_ACTIVE views = 8 weight = 0.75 mean_abs_feat_delta = 0.329076\n"}
,{"stream_name":"stdout","time":1869.211407989,"data":"BIOHUB_RETENTION_GUARD {\"blended_candidates\": 266, \"dataset\": \"44b6_2a2eff9f\", \"frame\": 49, \"minimum_retention\": 0.9, \"primary_candidates\": 410, \"retention\": 0.6487804878048781, \"use_primary\": true}\n"}
,{"stream_name":"stdout","time":1869.995335522,"data":"SECONDARY_EDGE_TTA_ACTIVE views = 8 weight = 0.75 mean_abs_feat_delta = 0.253586\n"}
,{"stream_name":"stdout","time":1870.386879976,"data":"EDGE_TTA_ACTIVE views = 8 mean_abs_feat_delta = 0.370945\n"}
,{"stream_name":"stdout","time":1871.066212004,"data":"EDGE_TTA_ACTIVE views = 8 mean_abs_feat_delta = 0.342767\n"}
,{"stream_name":"stdout","time":1871.377747778,"data":"SECONDARY_EDGE_TTA_ACTIVE views = 8 weight = 0.75 mean_abs_feat_delta = 0.334363\n"}
,{"stream_name":"stdout","time":1871.381826604,"data":"BIOHUB_RETENTION_GUARD {\"blended_candidates\": 264, \"dataset\": \"44b6_2a2eff9f\", \"frame\": 50, \"minimum_retention\": 0.9, \"primary_candidates\": 409, \"retention\": 0.6454767726161369, \"use_primary\": true}\n"}
,{"stream_name":"stdout","time":1872.070908699,"data":"SECONDARY_EDGE_TTA_ACTIVE views = 8 weight = 0.75 mean_abs_feat_delta = 0.254472\n"}
,{"stream_name":"stdout","time":1872.557190526,"data":"EDGE_TTA_ACTIVE views = 8 mean_abs_feat_delta = 0.366217\n"}
,{"stream_name":"stdout","time":1873.170251442,"data":"EDGE_TTA_ACTIVE views = 8 mean_abs_feat_delta = 0.341057\n"}
,{"stream_name":"stdout","time":1873.544702611,"data":"SECONDARY_EDGE_TTA_ACTIVE views = 8 weight = 0.75 mean_abs_feat_delta = 0.33668\n"}
,{"stream_name":"stdout","time":1873.548858687,"data":"BIOHUB_RETENTION_GUARD {\"blended_candidates\": 284, \"dataset\": \"44b6_2a2eff9f\", \"frame\": 51, \"minimum_retention\": 0.9, \"primary_candidates\": 407, \"retention\": 0.6977886977886978, \"use_primary\": true}\n"}
,{"stream_name":"stdout","time":1874.171262949,"data":"SECONDARY_EDGE_TTA_ACTIVE views = 8 weight = 0.75 mean_abs_feat_delta = 0.251768\n"}
,{"stream_name":"stdout","time":1874.748033793,"data":"EDGE_TTA_ACTIVE views = 8 mean_abs_feat_delta = 0.362563\n"}
,{"stream_name":"stdout","time":1875.237064555,"data":"EDGE_TTA_ACTIVE views = 8 mean_abs_feat_delta = 0.336331\n"}
,{"stream_name":"stdout","time":1875.737364571,"data":"SECONDARY_EDGE_TTA_ACTIVE views = 8 weight = 0.75 mean_abs_feat_delta = 0.331129\n"}
,{"stream_name":"stdout","time":1875.741187074,"data":"BIOHUB_RETENTION_GUARD {\"blended_candidates\": 269, \"dataset\": \"44b6_2a2eff9f\", \"frame\": 52, \"minimum_retention\": 0.9, \"primary_candidates\": 406, \"retention\": 0.6625615763546798, \"use_primary\": true}\n"}
,{"stream_name":"stdout","time":1876.236991862,"data":"SECONDARY_EDGE_TTA_ACTIVE views = 8 weight = 0.75 mean_abs_feat_delta = 0.249247\n"}
,{"stream_name":"stdout","time":1876.91835919,"data":"EDGE_TTA_ACTIVE views = 8 mean_abs_feat_delta = 0.366037\n"}
,{"stream_name":"stdout","time":1877.360372804,"data":"EDGE_TTA_ACTIVE views = 8 mean_abs_feat_delta = 0.334957\n"}
,{"stream_name":"stdout","time":1877.894600993,"data":"SECONDARY_EDGE_TTA_ACTIVE views = 8 weight = 0.75 mean_abs_feat_delta = 0.333002\n"}
,{"stream_name":"stdout","time":1877.898664751,"data":"BIOHUB_RETENTION_GUARD {\"blended_candidates\": 288, \"dataset\": \"44b6_2a2eff9f\", \"frame\": 53, \"minimum_retention\": 0.9, \"primary_candidates\": 418, \"retention\": 0.6889952153110048, \"use_primary\": true}\n"}
,{"stream_name":"stdout","time":1878.357272191,"data":"SECONDARY_EDGE_TTA_ACTIVE views = 8 weight = 0.75 mean_abs_feat_delta = 0.249987\n"}
,{"stream_name":"stdout","time":1879.068513876,"data":"EDGE_TTA_ACTIVE views = 8 mean_abs_feat_delta = 0.364649\n"}
,{"stream_name":"stdout","time":1879.451011037,"data":"EDGE_TTA_ACTIVE views = 8 mean_abs_feat_delta = 0.341619\n"}
,{"stream_name":"stdout","time":1880.059922819,"data":"SECONDARY_EDGE_TTA_ACTIVE views = 8 weight = 0.75 mean_abs_feat_delta = 0.335485\n"}
,{"stream_name":"stdout","time":1880.063878841,"data":"BIOHUB_RETENTION_GUARD {\"blended_candidates\": 243, \"dataset\": \"44b6_2a2eff9f\", \"frame\": 54, \"minimum_retention\": 0.9, \"primary_candidates\": 392, \"retention\": 0.6198979591836735, \"use_primary\": true}\n"}
,{"stream_name":"stdout","time":1880.449893678,"data":"SECONDARY_EDGE_TTA_ACTIVE views = 8 weight = 0.75 mean_abs_feat_delta = 0.250903\n"}
,{"stream_name":"stdout","time":1881.219647262,"data":"EDGE_TTA_ACTIVE views = 8 mean_abs_feat_delta = 0.361135\n"}
,{"stream_name":"stdout","time":1881.608297322,"data":"EDGE_TTA_ACTIVE views = 8 mean_abs_feat_delta = 0.337701\n"}
,{"stream_name":"stdout","time":1882.204925315,"data":"SECONDARY_EDGE_TTA_ACTIVE views = 8 weight = 0.75 mean_abs_feat_delta = 0.330638\n"}
,{"stream_name":"stdout","time":1882.209109297,"data":"BIOHUB_RETENTION_GUARD {\"blended_candidates\": 255, \"dataset\": \"44b6_2a2eff9f\", \"frame\": 55, \"minimum_retention\": 0.9, \"primary_candidates\": 409, \"retention\": 0.6234718826405868, \"use_primary\": true}\n"}
,{"stream_name":"stdout","time":1882.604842002,"data":"SECONDARY_EDGE_TTA_ACTIVE views = 8 weight = 0.75 mean_abs_feat_delta = 0.251856\n"}
,{"stream_name":"stdout","time":1883.35151679,"data":"EDGE_TTA_ACTIVE views = 8 mean_abs_feat_delta = 0.359041\n"}
,{"stream_name":"stdout","time":1883.673273677,"data":"EDGE_TTA_ACTIVE views = 8 mean_abs_feat_delta = 0.333193\n"}
,{"stream_name":"stdout","time":1884.340895839,"data":"SECONDARY_EDGE_TTA_ACTIVE views = 8 weight = 0.75 mean_abs_feat_delta = 0.327924\n"}
,{"stream_name":"stdout","time":1884.344844153,"data":"BIOHUB_RETENTION_GUARD {\"blended_candidates\": 271, \"dataset\": \"44b6_2a2eff9f\", \"frame\": 56, \"minimum_retention\": 0.9, \"primary_candidates\": 424, \"retention\": 0.6391509433962265, \"use_primary\": true}\n"}
,{"stream_name":"stdout","time":1884.67341601,"data":"SECONDARY_EDGE_TTA_ACTIVE views = 8 weight = 0.75 mean_abs_feat_delta = 0.252863\n"}
,{"stream_name":"stdout","time":1885.499584097,"data":"EDGE_TTA_ACTIVE views = 8 mean_abs_feat_delta = 0.360113\n"}
,{"stream_name":"stdout","time":1885.766561711,"data":"EDGE_TTA_ACTIVE views = 8 mean_abs_feat_delta = 0.336337\n"}
,{"stream_name":"stdout","time":1886.484946829,"data":"SECONDARY_EDGE_TTA_ACTIVE views = 8 weight = 0.75 mean_abs_feat_delta = 0.327605\n"}
,{"stream_name":"stdout","time":1886.489001313,"data":"BIOHUB_RETENTION_GUARD {\"blended_candidates\": 282, \"dataset\": \"44b6_2a2eff9f\", \"frame\": 57, \"minimum_retention\": 0.9, \"primary_candidates\": 451, \"retention\": 0.6252771618625277, \"use_primary\": true}\n"}
,{"stream_name":"stdout","time":1886.766060404,"data":"SECONDARY_EDGE_TTA_ACTIVE views = 8 weight = 0.75 mean_abs_feat_delta = 0.248811\n"}
,{"stream_name":"stdout","time":1887.693674345,"data":"EDGE_TTA_ACTIVE views = 8 mean_abs_feat_delta = 0.365191\n"}
,{"stream_name":"stdout","time":1887.895750401,"data":"EDGE_TTA_ACTIVE views = 8 mean_abs_feat_delta = 0.340775\n"}
,{"stream_name":"stdout","time":1888.686662504,"data":"SECONDARY_EDGE_TTA_ACTIVE views = 8 weight = 0.75 mean_abs_feat_delta = 0.329719\n"}
,{"stream_name":"stdout","time":1888.690429765,"data":"BIOHUB_RETENTION_GUARD {\"blended_candidates\": 270, \"dataset\": \"44b6_2a2eff9f\", \"frame\": 58, \"minimum_retention\": 0.9, \"primary_candidates\": 429, \"retention\": 0.6293706293706294, \"use_primary\": true}\n"}
,{"stream_name":"stdout","time":1888.897077924,"data":"SECONDARY_EDGE_TTA_ACTIVE views = 8 weight = 0.75 mean_abs_feat_delta = 0.245586\n"}
,{"stream_name":"stdout","time":1889.827936371,"data":"EDGE_TTA_ACTIVE views = 8 mean_abs_feat_delta = 0.369054\n"}
,{"stream_name":"stdout","time":1889.99070308,"data":"EDGE_TTA_ACTIVE views = 8 mean_abs_feat_delta = 0.340687\n"}
,{"stream_name":"stdout","time":1890.932990394,"data":"SECONDARY_EDGE_TTA_ACTIVE views = 8 weight = 0.75 mean_abs_feat_delta = 0.330811\n"}
,{"stream_name":"stdout","time":1890.933839064,"data":"BIOHUB_RETENTION_GUARD {\"blended_candidates\": 335, \"dataset\": \"44b6_2a2eff9f\", \"frame\": 59, \"minimum_retention\": 0.9, \"primary_candidates\": 469, \"retention\": 0.7142857142857143, \"use_primary\": true}\n"}
,{"stream_name":"stdout","time":1890.996285544,"data":"SECONDARY_EDGE_TTA_ACTIVE views = 8 weight = 0.75 mean_abs_feat_delta = 0.249088\n"}
,{"stream_name":"stdout","time":1892.036132603,"data":"EDGE_TTA_ACTIVE views = 8 mean_abs_feat_delta = 0.371614\n"}
,{"stream_name":"stdout","time":1892.100523349,"data":"EDGE_TTA_ACTIVE views = 8 mean_abs_feat_delta = 0.335059\n"}
,{"stream_name":"stdout","time":1893.029802233,"data":"SECONDARY_EDGE_TTA_ACTIVE views = 8 weight = 0.75 mean_abs_feat_delta = 0.331977\n"}
,{"stream_name":"stdout","time":1893.034441439,"data":"BIOHUB_RETENTION_GUARD {\"blended_candidates\": 284, \"dataset\": \"44b6_2a2eff9f\", \"frame\": 60, \"minimum_retention\": 0.9, \"primary_candidates\": 436, \"retention\": 0.6513761467889908, \"use_primary\": true}\n"}
,{"stream_name":"stdout","time":1893.108453662,"data":"SECONDARY_EDGE_TTA_ACTIVE views = 8 weight = 0.75 mean_abs_feat_delta = 0.248363\n"}
,{"stream_name":"stdout","time":1894.23945157,"data":"EDGE_TTA_ACTIVE views = 8 mean_abs_feat_delta = 0.368199\n"}
,{"stream_name":"stdout","time":1894.28160722,"data":"EDGE_TTA_ACTIVE views = 8 mean_abs_feat_delta = 0.332462\n"}
,{"stream_name":"stdout","time":1895.234599588,"data":"SECONDARY_EDGE_TTA_ACTIVE views = 8 weight = 0.75 mean_abs_feat_delta = 0.326439\n"}
,{"stream_name":"stdout","time":1895.238283849,"data":"BIOHUB_RETENTION_GUARD {\"blended_candidates\": 321, \"dataset\": \"44b6_2a2eff9f\", \"frame\": 61, \"minimum_retention\": 0.9, \"primary_candidates\": 451, \"retention\": 0.7117516629711752, \"use_primary\": true}\n"}
,{"stream_name":"stdout","time":1895.282412786,"data":"SECONDARY_EDGE_TTA_ACTIVE views = 8 weight = 0.75 mean_abs_feat_delta = 0.249044\n"}
,{"stream_name":"stdout","time":1896.36178068,"data":"EDGE_TTA_ACTIVE views = 8 mean_abs_feat_delta = 0.330292\n"}
,{"stream_name":"stdout","time":1896.496185024,"data":"EDGE_TTA_ACTIVE views = 8 mean_abs_feat_delta = 0.36467\n"}
,{"stream_name":"stdout","time":1897.368615812,"data":"SECONDARY_EDGE_TTA_ACTIVE views = 8 weight = 0.75 mean_abs_feat_delta = 0.247402\n"}
,{"stream_name":"stdout","time":1897.495927409,"data":"SECONDARY_EDGE_TTA_ACTIVE views = 8 weight = 0.75 mean_abs_feat_delta = 0.326516\n"}
,{"stream_name":"stdout","time":1897.500754188,"data":"BIOHUB_RETENTION_GUARD {\"blended_candidates\": 420, \"dataset\": \"44b6_2a2eff9f\", \"frame\": 62, \"minimum_retention\": 0.9, \"primary_candidates\": 490, \"retention\": 0.8571428571428571, \"use_primary\": true}\n"}
,{"stream_name":"stdout","time":1898.490177014,"data":"EDGE_TTA_ACTIVE views = 8 mean_abs_feat_delta = 0.330247\n"}
,{"stream_name":"stdout","time":1898.803396233,"data":"EDGE_TTA_ACTIVE views = 8 mean_abs_feat_delta = 0.365175\n"}
,{"stream_name":"stdout","time":1899.498764786,"data":"SECONDARY_EDGE_TTA_ACTIVE views = 8 weight = 0.75 mean_abs_feat_delta = 0.246196\n"}
,{"stream_name":"stdout","time":1899.804616422,"data":"SECONDARY_EDGE_TTA_ACTIVE views = 8 weight = 0.75 mean_abs_feat_delta = 0.335461\n"}
,{"stream_name":"stdout","time":1899.808231369,"data":"BIOHUB_RETENTION_GUARD {\"blended_candidates\": 337, \"dataset\": \"44b6_2a2eff9f\", \"frame\": 63, \"minimum_retention\": 0.9, \"primary_candidates\": 473, \"retention\": 0.7124735729386892, \"use_primary\": true}\n"}
,{"stream_name":"stdout","time":1900.608559557,"data":"EDGE_TTA_ACTIVE views = 8 mean_abs_feat_delta = 0.330898\n"}
,{"stream_name":"stdout","time":1901.019939174,"data":"EDGE_TTA_ACTIVE views = 8 mean_abs_feat_delta = 0.363902\n"}
,{"stream_name":"stdout","time":1901.620789608,"data":"SECONDARY_EDGE_TTA_ACTIVE views = 8 weight = 0.75 mean_abs_feat_delta = 0.246797\n"}
,{"stream_name":"stdout","time":1902.029624296,"data":"SECONDARY_EDGE_TTA_ACTIVE views = 8 weight = 0.75 mean_abs_feat_delta = 0.330483\n"}
,{"stream_name":"stdout","time":1902.033467579,"data":"BIOHUB_RETENTION_GUARD {\"blended_candidates\": 333, \"dataset\": \"44b6_2a2eff9f\", \"frame\": 64, \"minimum_retention\": 0.9, \"primary_candidates\": 464, \"retention\": 0.7176724137931034, \"use_primary\": true}\n"}
,{"stream_name":"stdout","time":1902.705061878,"data":"EDGE_TTA_ACTIVE views = 8 mean_abs_feat_delta = 0.328729\n"}
,{"stream_name":"stdout","time":1903.281904004,"data":"EDGE_TTA_ACTIVE views = 8 mean_abs_feat_delta = 0.365061\n"}
,{"stream_name":"stdout","time":1903.724450315,"data":"SECONDARY_EDGE_TTA_ACTIVE views = 8 weight = 0.75 mean_abs_feat_delta = 0.247817\n"}
,{"stream_name":"stdout","time":1904.287088174,"data":"SECONDARY_EDGE_TTA_ACTIVE views = 8 weight = 0.75 mean_abs_feat_delta = 0.325601\n"}
,{"stream_name":"stdout","time":1904.290893066,"data":"BIOHUB_RETENTION_GUARD {\"blended_candidates\": 363, \"dataset\": \"44b6_2a2eff9f\", \"frame\": 65, \"minimum_retention\": 0.9, \"primary_candidates\": 495, \"retention\": 0.7333333333333333, \"use_primary\": true}\n"}
,{"stream_name":"stdout","time":1904.839636842,"data":"EDGE_TTA_ACTIVE views = 8 mean_abs_feat_delta = 0.332801\n"}
,{"stream_name":"stdout","time":1905.480542949,"data":"EDGE_TTA_ACTIVE views = 8 mean_abs_feat_delta = 0.365762\n"}
,{"stream_name":"stdout","time":1905.861088975,"data":"SECONDARY_EDGE_TTA_ACTIVE views = 8 weight = 0.75 mean_abs_feat_delta = 0.246115\n"}
,{"stream_name":"stdout","time":1906.493156824,"data":"SECONDARY_EDGE_TTA_ACTIVE views = 8 weight = 0.75 mean_abs_feat_delta = 0.323744\n"}
,{"stream_name":"stdout","time":1906.496939372,"data":"BIOHUB_RETENTION_GUARD {\"blended_candidates\": 341, \"dataset\": \"44b6_2a2eff9f\", \"frame\": 66, \"minimum_retention\": 0.9, \"primary_candidates\": 457, \"retention\": 0.7461706783369803, \"use_primary\": true}\n"}
,{"stream_name":"stdout","time":1906.965083554,"data":"EDGE_TTA_ACTIVE views = 8 mean_abs_feat_delta = 0.336225\n"}
,{"stream_name":"stdout","time":1907.688801749,"data":"EDGE_TTA_ACTIVE views = 8 mean_abs_feat_delta = 0.367265\n"}
,{"stream_name":"stdout","time":1907.985689641,"data":"SECONDARY_EDGE_TTA_ACTIVE views = 8 weight = 0.75 mean_abs_feat_delta = 0.246368\n"}
,{"stream_name":"stdout","time":1908.702962902,"data":"SECONDARY_EDGE_TTA_ACTIVE views = 8 weight = 0.75 mean_abs_feat_delta = 0.323117\n"}
,{"stream_name":"stdout","time":1908.706627491,"data":"BIOHUB_RETENTION_GUARD {\"blended_candidates\": 360, \"dataset\": \"44b6_2a2eff9f\", \"frame\": 67, \"minimum_retention\": 0.9, \"primary_candidates\": 460, \"retention\": 0.782608695652174, \"use_primary\": true}\n"}
,{"stream_name":"stdout","time":1909.117068936,"data":"EDGE_TTA_ACTIVE views = 8 mean_abs_feat_delta = 0.333529\n"}
,{"stream_name":"stdout","time":1909.925733688,"data":"EDGE_TTA_ACTIVE views = 8 mean_abs_feat_delta = 0.368968\n"}
,{"stream_name":"stdout","time":1910.141799348,"data":"SECONDARY_EDGE_TTA_ACTIVE views = 8 weight = 0.75 mean_abs_feat_delta = 0.248276\n"}
,{"stream_name":"stdout","time":1910.942697914,"data":"SECONDARY_EDGE_TTA_ACTIVE views = 8 weight = 0.75 mean_abs_feat_delta = 0.325646\n"}
,{"stream_name":"stdout","time":1910.947075723,"data":"BIOHUB_RETENTION_GUARD {\"blended_candidates\": 333, \"dataset\": \"44b6_2a2eff9f\", \"frame\": 68, \"minimum_retention\": 0.9, \"primary_candidates\": 457, \"retention\": 0.7286652078774617, \"use_primary\": true}\n"}
,{"stream_name":"stdout","time":1911.29607208,"data":"EDGE_TTA_ACTIVE views = 8 mean_abs_feat_delta = 0.334563\n"}
,{"stream_name":"stdout","time":1912.155849975,"data":"EDGE_TTA_ACTIVE views = 8 mean_abs_feat_delta = 0.371411\n"}
,{"stream_name":"stdout","time":1912.3206549,"data":"SECONDARY_EDGE_TTA_ACTIVE views = 8 weight = 0.75 mean_abs_feat_delta = 0.246163\n"}
,{"stream_name":"stdout","time":1913.17585722,"data":"SECONDARY_EDGE_TTA_ACTIVE views = 8 weight = 0.75 mean_abs_feat_delta = 0.321799\n"}
,{"stream_name":"stdout","time":1913.179762869,"data":"BIOHUB_RETENTION_GUARD {\"blended_candidates\": 343, \"dataset\": \"44b6_2a2eff9f\", \"frame\": 69, \"minimum_retention\": 0.9, \"primary_candidates\": 458, \"retention\": 0.7489082969432315, \"use_primary\": true}\n"}
,{"stream_name":"stdout","time":1913.458126953,"data":"EDGE_TTA_ACTIVE views = 8 mean_abs_feat_delta = 0.333359\n"}
,{"stream_name":"stdout","time":1914.410214527,"data":"EDGE_TTA_ACTIVE views = 8 mean_abs_feat_delta = 0.367712\n"}
,{"stream_name":"stdout","time":1914.48439746,"data":"SECONDARY_EDGE_TTA_ACTIVE views = 8 weight = 0.75 mean_abs_feat_delta = 0.245654\n"}
,{"stream_name":"stdout","time":1915.43545323,"data":"SECONDARY_EDGE_TTA_ACTIVE views = 8 weight = 0.75 mean_abs_feat_delta = 0.319894\n"}
,{"stream_name":"stdout","time":1915.439508924,"data":"BIOHUB_RETENTION_GUARD {\"blended_candidates\": 392, \"dataset\": \"44b6_2a2eff9f\", \"frame\": 70, \"minimum_retention\": 0.9, \"primary_candidates\": 501, \"retention\": 0.782435129740519, \"use_primary\": true}\n"}
,{"stream_name":"stdout","time":1915.637552931,"data":"EDGE_TTA_ACTIVE views = 8 mean_abs_feat_delta = 0.329517\n"}
,{"stream_name":"stdout","time":1916.655005212,"data":"EDGE_TTA_ACTIVE views = 8 mean_abs_feat_delta = 0.369529\n"}
,{"stream_name":"stdout","time":1916.659410362,"data":"SECONDARY_EDGE_TTA_ACTIVE views = 8 weight = 0.75 mean_abs_feat_delta = 0.249452\n"}
,{"stream_name":"stdout","time":1917.67954872,"data":"SECONDARY_EDGE_TTA_ACTIVE views = 8 weight = 0.75 mean_abs_feat_delta = 0.326641\n"}
,{"stream_name":"stdout","time":1917.683421279,"data":"BIOHUB_RETENTION_GUARD {\"blended_candidates\": 325, \"dataset\": \"44b6_2a2eff9f\", \"frame\": 71, \"minimum_retention\": 0.9, \"primary_candidates\": 454, \"retention\": 0.7158590308370044, \"use_primary\": true}\n"}
,{"stream_name":"stdout","time":1917.785388773,"data":"EDGE_TTA_ACTIVE views = 8 mean_abs_feat_delta = 0.327674\n"}
,{"stream_name":"stdout","time":1918.813493997,"data":"SECONDARY_EDGE_TTA_ACTIVE views = 8 weight = 0.75 mean_abs_feat_delta = 0.247601\n"}
,{"stream_name":"stdout","time":1918.968811053,"data":"EDGE_TTA_ACTIVE views = 8 mean_abs_feat_delta = 0.372852\n"}
,{"stream_name":"stdout","time":1919.995105133,"data":"SECONDARY_EDGE_TTA_ACTIVE views = 8 weight = 0.75 mean_abs_feat_delta = 0.331958\n"}
,{"stream_name":"stdout","time":1919.99880109,"data":"BIOHUB_RETENTION_GUARD {\"blended_candidates\": 319, \"dataset\": \"44b6_2a2eff9f\", \"frame\": 72, \"minimum_retention\": 0.9, \"primary_candidates\": 479, \"retention\": 0.6659707724425887, \"use_primary\": true}\n"}
,{"stream_name":"stdout","time":1921.462368121,"data":"EDGE_TTA_ACTIVE views = 8 mean_abs_feat_delta = 0.372623\n"}
,{"stream_name":"stdout","time":1922.349397513,"data":"SECONDARY_EDGE_TTA_ACTIVE views = 8 weight = 0.75 mean_abs_feat_delta = 0.336114\n"}
,{"stream_name":"stdout","time":1922.3532749,"data":"BIOHUB_RETENTION_GUARD {\"blended_candidates\": 267, \"dataset\": \"44b6_2a2eff9f\", \"frame\": 73, \"minimum_retention\": 0.9, \"primary_candidates\": 429, \"retention\": 0.6223776223776224, \"use_primary\": true}\n"}
,{"stream_name":"stdout","time":1923.581849324,"data":"EDGE_TTA_ACTIVE views = 8 mean_abs_feat_delta = 0.372378\n"}
,{"stream_name":"stdout","time":1924.599808447,"data":"SECONDARY_EDGE_TTA_ACTIVE views = 8 weight = 0.75 mean_abs_feat_delta = 0.336279\n"}
,{"stream_name":"stdout","time":1924.603761852,"data":"BIOHUB_RETENTION_GUARD {\"blended_candidates\": 299, \"dataset\": \"44b6_2a2eff9f\", \"frame\": 74, \"minimum_retention\": 0.9, \"primary_candidates\": 451, \"retention\": 0.6629711751662971, \"use_primary\": true}\n"}
,{"stream_name":"stdout","time":1925.835236019,"data":"EDGE_TTA_ACTIVE views = 8 mean_abs_feat_delta = 0.373635\n"}
,{"stream_name":"stdout","time":1926.37411717,"data":"EDGE_TTA_ACTIVE views = 8 mean_abs_feat_delta = 0.354392\n"}
,{"stream_name":"stdout","time":1926.850624089,"data":"SECONDARY_EDGE_TTA_ACTIVE views = 8 weight = 0.75 mean_abs_feat_delta = 0.342354\n"}
,{"stream_name":"stdout","time":1926.854444898,"data":"BIOHUB_RETENTION_GUARD {\"blended_candidates\": 272, \"dataset\": \"44b6_2a2eff9f\", \"frame\": 75, \"minimum_retention\": 0.9, \"primary_candidates\": 452, \"retention\": 0.6017699115044248, \"use_primary\": true}\n"}
,{"stream_name":"stdout","time":1927.367790317,"data":"SECONDARY_EDGE_TTA_ACTIVE views = 8 weight = 0.75 mean_abs_feat_delta = 0.268187\n"}
,{"stream_name":"stdout","time":1928.070754753,"data":"EDGE_TTA_ACTIVE views = 8 mean_abs_feat_delta = 0.373002\n"}
,{"stream_name":"stdout","time":1928.501498032,"data":"EDGE_TTA_ACTIVE views = 8 mean_abs_feat_delta = 0.354989\n"}
,{"stream_name":"stdout","time":1929.085673046,"data":"SECONDARY_EDGE_TTA_ACTIVE views = 8 weight = 0.75 mean_abs_feat_delta = 0.344323\n"}
,{"stream_name":"stdout","time":1929.089613937,"data":"BIOHUB_RETENTION_GUARD {\"blended_candidates\": 249, \"dataset\": \"44b6_2a2eff9f\", \"frame\": 76, \"minimum_retention\": 0.9, \"primary_candidates\": 455, \"retention\": 0.5472527472527473, \"use_primary\": true}\n"}
,{"stream_name":"stdout","time":1929.499133732,"data":"SECONDARY_EDGE_TTA_ACTIVE views = 8 weight = 0.75 mean_abs_feat_delta = 0.270508\n"}
,{"stream_name":"stdout","time":1930.309270168,"data":"EDGE_TTA_ACTIVE views = 8 mean_abs_feat_delta = 0.37058\n"}
,{"stream_name":"stdout","time":1930.654307254,"data":"EDGE_TTA_ACTIVE views = 8 mean_abs_feat_delta = 0.348797\n"}
,{"stream_name":"stdout","time":1931.323109951,"data":"SECONDARY_EDGE_TTA_ACTIVE views = 8 weight = 0.75 mean_abs_feat_delta = 0.341175\n"}
,{"stream_name":"stdout","time":1931.326995755,"data":"BIOHUB_RETENTION_GUARD {\"blended_candidates\": 268, \"dataset\": \"44b6_2a2eff9f\", \"frame\": 77, \"minimum_retention\": 0.9, \"primary_candidates\": 447, \"retention\": 0.5995525727069351, \"use_primary\": true}\n"}
,{"stream_name":"stdout","time":1931.647416048,"data":"SECONDARY_EDGE_TTA_ACTIVE views = 8 weight = 0.75 mean_abs_feat_delta = 0.266832\n"}
,{"stream_name":"stdout","time":1932.54291085,"data":"EDGE_TTA_ACTIVE views = 8 mean_abs_feat_delta = 0.364196\n"}
,{"stream_name":"stdout","time":1932.807175265,"data":"EDGE_TTA_ACTIVE views = 8 mean_abs_feat_delta = 0.344096\n"}
,{"stream_name":"stdout","time":1933.554465595,"data":"SECONDARY_EDGE_TTA_ACTIVE views = 8 weight = 0.75 mean_abs_feat_delta = 0.343476\n"}
,{"stream_name":"stdout","time":1933.558418685,"data":"BIOHUB_RETENTION_GUARD {\"blended_candidates\": 363, \"dataset\": \"44b6_2a2eff9f\", \"frame\": 78, \"minimum_retention\": 0.9, \"primary_candidates\": 496, \"retention\": 0.7318548387096774, \"use_primary\": true}\n"}
,{"stream_name":"stdout","time":1933.797422516,"data":"SECONDARY_EDGE_TTA_ACTIVE views = 8 weight = 0.75 mean_abs_feat_delta = 0.264193\n"}
,{"stream_name":"stdout","time":1934.712337564,"data":"EDGE_TTA_ACTIVE views = 8 mean_abs_feat_delta = 0.362629\n"}
,{"stream_name":"stdout","time":1934.954000735,"data":"EDGE_TTA_ACTIVE views = 8 mean_abs_feat_delta = 0.343236\n"}
,{"stream_name":"stdout","time":1935.718448887,"data":"SECONDARY_EDGE_TTA_ACTIVE views = 8 weight = 0.75 mean_abs_feat_delta = 0.34125\n"}
,{"stream_name":"stdout","time":1935.722969324,"data":"BIOHUB_RETENTION_GUARD {\"blended_candidates\": 380, \"dataset\": \"44b6_2a2eff9f\", \"frame\": 79, \"minimum_retention\": 0.9, \"primary_candidates\": 504, \"retention\": 0.753968253968254, \"use_primary\": true}\n"}
,{"stream_name":"stdout","time":1935.94083238,"data":"SECONDARY_EDGE_TTA_ACTIVE views = 8 weight = 0.75 mean_abs_feat_delta = 0.2659\n"}
,{"stream_name":"stdout","time":1936.953086193,"data":"EDGE_TTA_ACTIVE views = 8 mean_abs_feat_delta = 0.368271\n"}
,{"stream_name":"stdout","time":1937.136473768,"data":"EDGE_TTA_ACTIVE views = 8 mean_abs_feat_delta = 0.346139\n"}
,{"stream_name":"stdout","time":1937.955870884,"data":"SECONDARY_EDGE_TTA_ACTIVE views = 8 weight = 0.75 mean_abs_feat_delta = 0.342222\n"}
,{"stream_name":"stdout","time":1937.959663958,"data":"BIOHUB_RETENTION_GUARD {\"blended_candidates\": 305, \"dataset\": \"44b6_2a2eff9f\", \"frame\": 80, \"minimum_retention\": 0.9, \"primary_candidates\": 469, \"retention\": 0.650319829424307, \"use_primary\": true}\n"}
,{"stream_name":"stdout","time":1938.130917038,"data":"SECONDARY_EDGE_TTA_ACTIVE views = 8 weight = 0.75 mean_abs_feat_delta = 0.268655\n"}
,{"stream_name":"stdout","time":1939.198518817,"data":"EDGE_TTA_ACTIVE views = 8 mean_abs_feat_delta = 0.364769\n"}
,{"stream_name":"stdout","time":1939.313194528,"data":"EDGE_TTA_ACTIVE views = 8 mean_abs_feat_delta = 0.345393\n"}
,{"stream_name":"stdout","time":1940.194358721,"data":"SECONDARY_EDGE_TTA_ACTIVE views = 8 weight = 0.75 mean_abs_feat_delta = 0.336419\n"}
,{"stream_name":"stdout","time":1940.198116206,"data":"BIOHUB_RETENTION_GUARD {\"blended_candidates\": 316, \"dataset\": \"44b6_2a2eff9f\", \"frame\": 81, \"minimum_retention\": 0.9, \"primary_candidates\": 463, \"retention\": 0.6825053995680346, \"use_primary\": true}\n"}
,{"stream_name":"stdout","time":1940.301884763,"data":"SECONDARY_EDGE_TTA_ACTIVE views = 8 weight = 0.75 mean_abs_feat_delta = 0.274098\n"}
,{"stream_name":"stdout","time":1941.347428714,"data":"EDGE_TTA_ACTIVE views = 8 mean_abs_feat_delta = 0.365921\n"}
,{"stream_name":"stdout","time":1941.497687415,"data":"EDGE_TTA_ACTIVE views = 8 mean_abs_feat_delta = 0.343626\n"}
,{"stream_name":"stdout","time":1942.344795214,"data":"SECONDARY_EDGE_TTA_ACTIVE views = 8 weight = 0.75 mean_abs_feat_delta = 0.332057\n"}
,{"stream_name":"stdout","time":1942.348764217,"data":"BIOHUB_RETENTION_GUARD {\"blended_candidates\": 303, \"dataset\": \"44b6_2a2eff9f\", \"frame\": 82, \"minimum_retention\": 0.9, \"primary_candidates\": 462, \"retention\": 0.6558441558441559, \"use_primary\": true}\n"}
,{"stream_name":"stdout","time":1942.490427135,"data":"SECONDARY_EDGE_TTA_ACTIVE views = 8 weight = 0.75 mean_abs_feat_delta = 0.270171\n"}
,{"stream_name":"stdout","time":1943.518132196,"data":"EDGE_TTA_ACTIVE views = 8 mean_abs_feat_delta = 0.368883\n"}
,{"stream_name":"stdout","time":1943.68838859,"data":"EDGE_TTA_ACTIVE views = 8 mean_abs_feat_delta = 0.347614\n"}
,{"stream_name":"stdout","time":1944.513111603,"data":"SECONDARY_EDGE_TTA_ACTIVE views = 8 weight = 0.75 mean_abs_feat_delta = 0.32949\n"}
,{"stream_name":"stdout","time":1944.517287762,"data":"BIOHUB_RETENTION_GUARD {\"blended_candidates\": 264, \"dataset\": \"44b6_2a2eff9f\", \"frame\": 83, \"minimum_retention\": 0.9, \"primary_candidates\": 434, \"retention\": 0.6082949308755761, \"use_primary\": true}\n"}
,{"stream_name":"stdout","time":1944.67844945,"data":"SECONDARY_EDGE_TTA_ACTIVE views = 8 weight = 0.75 mean_abs_feat_delta = 0.269192\n"}
,{"stream_name":"stdout","time":1945.688002336,"data":"EDGE_TTA_ACTIVE views = 8 mean_abs_feat_delta = 0.368343\n"}
,{"stream_name":"stdout","time":1945.857890581,"data":"EDGE_TTA_ACTIVE views = 8 mean_abs_feat_delta = 0.350892\n"}
,{"stream_name":"stdout","time":1946.681691912,"data":"SECONDARY_EDGE_TTA_ACTIVE views = 8 weight = 0.75 mean_abs_feat_delta = 0.326369\n"}
,{"stream_name":"stdout","time":1946.685610753,"data":"BIOHUB_RETENTION_GUARD {\"blended_candidates\": 290, \"dataset\": \"44b6_2a2eff9f\", \"frame\": 84, \"minimum_retention\": 0.9, \"primary_candidates\": 458, \"retention\": 0.6331877729257642, \"use_primary\": true}\n"}
,{"stream_name":"stdout","time":1946.848613767,"data":"SECONDARY_EDGE_TTA_ACTIVE views = 8 weight = 0.75 mean_abs_feat_delta = 0.272914\n"}
,{"stream_name":"stdout","time":1947.878075587,"data":"EDGE_TTA_ACTIVE views = 8 mean_abs_feat_delta = 0.365564\n"}
,{"stream_name":"stdout","time":1948.008651258,"data":"EDGE_TTA_ACTIVE views = 8 mean_abs_feat_delta = 0.351945\n"}
,{"stream_name":"stdout","time":1948.871007991,"data":"SECONDARY_EDGE_TTA_ACTIVE views = 8 weight = 0.75 mean_abs_feat_delta = 0.325046\n"}
,{"stream_name":"stdout","time":1948.875066865,"data":"BIOHUB_RETENTION_GUARD {\"blended_candidates\": 328, \"dataset\": \"44b6_2a2eff9f\", \"frame\": 85, \"minimum_retention\": 0.9, \"primary_candidates\": 478, \"retention\": 0.6861924686192469, \"use_primary\": true}\n"}
,{"stream_name":"stdout","time":1948.999602415,"data":"SECONDARY_EDGE_TTA_ACTIVE views = 8 weight = 0.75 mean_abs_feat_delta = 0.273035\n"}
,{"stream_name":"stdout","time":1950.072362144,"data":"EDGE_TTA_ACTIVE views = 8 mean_abs_feat_delta = 0.362074\n"}
,{"stream_name":"stdout","time":1950.216854862,"data":"EDGE_TTA_ACTIVE views = 8 mean_abs_feat_delta = 0.349374\n"}
,{"stream_name":"stdout","time":1951.065290822,"data":"SECONDARY_EDGE_TTA_ACTIVE views = 8 weight = 0.75 mean_abs_feat_delta = 0.327764\n"}
,{"stream_name":"stdout","time":1951.069171595,"data":"BIOHUB_RETENTION_GUARD {\"blended_candidates\": 362, \"dataset\": \"44b6_2a2eff9f\", \"frame\": 86, \"minimum_retention\": 0.9, \"primary_candidates\": 489, \"retention\": 0.7402862985685071, \"use_primary\": true}\n"}
,{"stream_name":"stdout","time":1951.206062293,"data":"SECONDARY_EDGE_TTA_ACTIVE views = 8 weight = 0.75 mean_abs_feat_delta = 0.271935\n"}
,{"stream_name":"stdout","time":1952.438893505,"data":"EDGE_TTA_ACTIVE views = 8 mean_abs_feat_delta = 0.362517\n"}
,{"stream_name":"stdout","time":1952.440216557,"data":"EDGE_TTA_ACTIVE views = 8 mean_abs_feat_delta = 0.351376\n"}
,{"stream_name":"stdout","time":1953.309234523,"data":"SECONDARY_EDGE_TTA_ACTIVE views = 8 weight = 0.75 mean_abs_feat_delta = 0.33329\n"}
,{"stream_name":"stdout","time":1953.313129048,"data":"BIOHUB_RETENTION_GUARD {\"blended_candidates\": 343, \"dataset\": \"44b6_2a2eff9f\", \"frame\": 87, \"minimum_retention\": 0.9, \"primary_candidates\": 480, \"retention\": 0.7145833333333333, \"use_primary\": true}\n"}
,{"stream_name":"stdout","time":1953.349633462,"data":"SECONDARY_EDGE_TTA_ACTIVE views = 8 weight = 0.75 mean_abs_feat_delta = 0.26942\n"}
,{"stream_name":"stdout","time":1954.515822119,"data":"EDGE_TTA_ACTIVE views = 8 mean_abs_feat_delta = 0.35564\n"}
,{"stream_name":"stdout","time":1954.546714893,"data":"EDGE_TTA_ACTIVE views = 8 mean_abs_feat_delta = 0.359453\n"}
,{"stream_name":"stdout","time":1955.503616702,"data":"SECONDARY_EDGE_TTA_ACTIVE views = 8 weight = 0.75 mean_abs_feat_delta = 0.267667\n"}
,{"stream_name":"stdout","time":1955.54332857,"data":"SECONDARY_EDGE_TTA_ACTIVE views = 8 weight = 0.75 mean_abs_feat_delta = 0.336504\n"}
,{"stream_name":"stdout","time":1955.547414991,"data":"BIOHUB_RETENTION_GUARD {\"blended_candidates\": 254, \"dataset\": \"44b6_2a2eff9f\", \"frame\": 88, \"minimum_retention\": 0.9, \"primary_candidates\": 444, \"retention\": 0.5720720720720721, \"use_primary\": true}\n"}
,{"stream_name":"stdout","time":1956.640847255,"data":"EDGE_TTA_ACTIVE views = 8 mean_abs_feat_delta = 0.352377\n"}
,{"stream_name":"stdout","time":1956.78555493,"data":"EDGE_TTA_ACTIVE views = 8 mean_abs_feat_delta = 0.360125\n"}
,{"stream_name":"stdout","time":1957.630781555,"data":"SECONDARY_EDGE_TTA_ACTIVE views = 8 weight = 0.75 mean_abs_feat_delta = 0.272442\n"}
,{"stream_name":"stdout","time":1957.78340556,"data":"SECONDARY_EDGE_TTA_ACTIVE views = 8 weight = 0.75 mean_abs_feat_delta = 0.333294\n"}
,{"stream_name":"stdout","time":1957.786776467,"data":"BIOHUB_RETENTION_GUARD {\"blended_candidates\": 285, \"dataset\": \"44b6_2a2eff9f\", \"frame\": 89, \"minimum_retention\": 0.9, \"primary_candidates\": 472, \"retention\": 0.6038135593220338, \"use_primary\": true}\n"}
,{"stream_name":"stdout","time":1958.753631083,"data":"EDGE_TTA_ACTIVE views = 8 mean_abs_feat_delta = 0.352809\n"}
,{"stream_name":"stdout","time":1958.989476209,"data":"EDGE_TTA_ACTIVE views = 8 mean_abs_feat_delta = 0.35614\n"}
,{"stream_name":"stdout","time":1959.745915397,"data":"SECONDARY_EDGE_TTA_ACTIVE views = 8 weight = 0.75 mean_abs_feat_delta = 0.274668\n"}
,{"stream_name":"stdout","time":1959.986920362,"data":"SECONDARY_EDGE_TTA_ACTIVE views = 8 weight = 0.75 mean_abs_feat_delta = 0.331259\n"}
,{"stream_name":"stdout","time":1959.990867515,"data":"BIOHUB_RETENTION_GUARD {\"blended_candidates\": 340, \"dataset\": \"44b6_2a2eff9f\", \"frame\": 90, \"minimum_retention\": 0.9, \"primary_candidates\": 473, \"retention\": 0.718816067653277, \"use_primary\": true}\n"}
,{"stream_name":"stdout","time":1960.895179129,"data":"EDGE_TTA_ACTIVE views = 8 mean_abs_feat_delta = 0.347118\n"}
,{"stream_name":"stdout","time":1961.228177134,"data":"EDGE_TTA_ACTIVE views = 8 mean_abs_feat_delta = 0.356719\n"}
,{"stream_name":"stdout","time":1961.887710837,"data":"SECONDARY_EDGE_TTA_ACTIVE views = 8 weight = 0.75 mean_abs_feat_delta = 0.278564\n"}
,{"stream_name":"stdout","time":1962.222577458,"data":"SECONDARY_EDGE_TTA_ACTIVE views = 8 weight = 0.75 mean_abs_feat_delta = 0.334726\n"}
,{"stream_name":"stdout","time":1962.226155038,"data":"BIOHUB_RETENTION_GUARD {\"blended_candidates\": 348, \"dataset\": \"44b6_2a2eff9f\", \"frame\": 91, \"minimum_retention\": 0.9, \"primary_candidates\": 476, \"retention\": 0.7310924369747899, \"use_primary\": true}\n"}
,{"stream_name":"stdout","time":1963.06337599,"data":"EDGE_TTA_ACTIVE views = 8 mean_abs_feat_delta = 0.353642\n"}
,{"stream_name":"stdout","time":1963.407953837,"data":"EDGE_TTA_ACTIVE views = 8 mean_abs_feat_delta = 0.359241\n"}
,{"stream_name":"stdout","time":1964.054409683,"data":"SECONDARY_EDGE_TTA_ACTIVE views = 8 weight = 0.75 mean_abs_feat_delta = 0.276498\n"}
,{"stream_name":"stdout","time":1964.41204752,"data":"SECONDARY_EDGE_TTA_ACTIVE views = 8 weight = 0.75 mean_abs_feat_delta = 0.334156\n"}
,{"stream_name":"stdout","time":1964.415880038,"data":"BIOHUB_RETENTION_GUARD {\"blended_candidates\": 340, \"dataset\": \"44b6_2a2eff9f\", \"frame\": 92, \"minimum_retention\": 0.9, \"primary_candidates\": 467, \"retention\": 0.728051391862955, \"use_primary\": true}\n"}
,{"stream_name":"stdout","time":1965.172579398,"data":"EDGE_TTA_ACTIVE views = 8 mean_abs_feat_delta = 0.351185\n"}
,{"stream_name":"stdout","time":1965.587297884,"data":"EDGE_TTA_ACTIVE views = 8 mean_abs_feat_delta = 0.357767\n"}
,{"stream_name":"stdout","time":1966.169513547,"data":"SECONDARY_EDGE_TTA_ACTIVE views = 8 weight = 0.75 mean_abs_feat_delta = 0.279183\n"}
,{"stream_name":"stdout","time":1966.583921891,"data":"SECONDARY_EDGE_TTA_ACTIVE views = 8 weight = 0.75 mean_abs_feat_delta = 0.328842\n"}
,{"stream_name":"stdout","time":1966.58859372,"data":"BIOHUB_RETENTION_GUARD {\"blended_candidates\": 344, \"dataset\": \"44b6_2a2eff9f\", \"frame\": 93, \"minimum_retention\": 0.9, \"primary_candidates\": 489, \"retention\": 0.7034764826175869, \"use_primary\": true}\n"}
,{"stream_name":"stdout","time":1967.390021027,"data":"EDGE_TTA_ACTIVE views = 8 mean_abs_feat_delta = 0.348389\n"}
,{"stream_name":"stdout","time":1967.839273608,"data":"EDGE_TTA_ACTIVE views = 8 mean_abs_feat_delta = 0.358418\n"}
,{"stream_name":"stdout","time":1968.386684716,"data":"SECONDARY_EDGE_TTA_ACTIVE views = 8 weight = 0.75 mean_abs_feat_delta = 0.278205\n"}
,{"stream_name":"stdout","time":1968.840452435,"data":"SECONDARY_EDGE_TTA_ACTIVE views = 8 weight = 0.75 mean_abs_feat_delta = 0.327008\n"}
,{"stream_name":"stdout","time":1968.844786087,"data":"BIOHUB_RETENTION_GUARD {\"blended_candidates\": 360, \"dataset\": \"44b6_2a2eff9f\", \"frame\": 94, \"minimum_retention\": 0.9, \"primary_candidates\": 495, \"retention\": 0.7272727272727273, \"use_primary\": true}\n"}
,{"stream_name":"stdout","time":1969.542732643,"data":"EDGE_TTA_ACTIVE views = 8 mean_abs_feat_delta = 0.351443\n"}
,{"stream_name":"stdout","time":1970.129201333,"data":"EDGE_TTA_ACTIVE views = 8 mean_abs_feat_delta = 0.359717\n"}
,{"stream_name":"stdout","time":1970.544805869,"data":"SECONDARY_EDGE_TTA_ACTIVE views = 8 weight = 0.75 mean_abs_feat_delta = 0.274986\n"}
,{"stream_name":"stdout","time":1971.135156953,"data":"SECONDARY_EDGE_TTA_ACTIVE views = 8 weight = 0.75 mean_abs_feat_delta = 0.330388\n"}
,{"stream_name":"stdout","time":1971.14218184,"data":"BIOHUB_RETENTION_GUARD {\"blended_candidates\": 351, \"dataset\": \"44b6_2a2eff9f\", \"frame\": 95, \"minimum_retention\": 0.9, \"primary_candidates\": 480, \"retention\": 0.73125, \"use_primary\": true}\n"}
,{"stream_name":"stdout","time":1971.724370603,"data":"EDGE_TTA_ACTIVE views = 8 mean_abs_feat_delta = 0.355512\n"}
,{"stream_name":"stdout","time":1972.319311256,"data":"EDGE_TTA_ACTIVE views = 8 mean_abs_feat_delta = 0.362555\n"}
,{"stream_name":"stdout","time":1972.730551906,"data":"SECONDARY_EDGE_TTA_ACTIVE views = 8 weight = 0.75 mean_abs_feat_delta = 0.274203\n"}
,{"stream_name":"stdout","time":1973.330052965,"data":"SECONDARY_EDGE_TTA_ACTIVE views = 8 weight = 0.75 mean_abs_feat_delta = 0.336283\n"}
,{"stream_name":"stdout","time":1973.33391268,"data":"BIOHUB_RETENTION_GUARD {\"blended_candidates\": 323, \"dataset\": \"44b6_2a2eff9f\", \"frame\": 96, \"minimum_retention\": 0.9, \"primary_candidates\": 467, \"retention\": 0.6916488222698073, \"use_primary\": true}\n"}
,{"stream_name":"stdout","time":1973.873805516,"data":"EDGE_TTA_ACTIVE views = 8 mean_abs_feat_delta = 0.348668\n"}
,{"stream_name":"stdout","time":1974.575209852,"data":"EDGE_TTA_ACTIVE views = 8 mean_abs_feat_delta = 0.361436\n"}
,{"stream_name":"stdout","time":1974.877239464,"data":"SECONDARY_EDGE_TTA_ACTIVE views = 8 weight = 0.75 mean_abs_feat_delta = 0.273582\n"}
,{"stream_name":"stdout","time":1975.584412829,"data":"SECONDARY_EDGE_TTA_ACTIVE views = 8 weight = 0.75 mean_abs_feat_delta = 0.336744\n"}
,{"stream_name":"stdout","time":1975.5888307,"data":"BIOHUB_RETENTION_GUARD {\"blended_candidates\": 285, \"dataset\": \"44b6_2a2eff9f\", \"frame\": 97, \"minimum_retention\": 0.9, \"primary_candidates\": 446, \"retention\": 0.6390134529147982, \"use_primary\": true}\n"}
,{"stream_name":"stdout","time":1976.060267275,"data":"EDGE_TTA_ACTIVE views = 8 mean_abs_feat_delta = 0.346939\n"}
,{"stream_name":"stdout","time":1976.757151559,"data":"EDGE_TTA_ACTIVE views = 8 mean_abs_feat_delta = 0.35858\n"}
,{"stream_name":"stdout","time":1977.064417901,"data":"SECONDARY_EDGE_TTA_ACTIVE views = 8 weight = 0.75 mean_abs_feat_delta = 0.274097\n"}
,{"stream_name":"stdout","time":1977.770260728,"data":"SECONDARY_EDGE_TTA_ACTIVE views = 8 weight = 0.75 mean_abs_feat_delta = 0.328176\n"}
,{"stream_name":"stdout","time":1977.775816521,"data":"BIOHUB_RETENTION_GUARD {\"blended_candidates\": 333, \"dataset\": \"44b6_2a2eff9f\", \"frame\": 98, \"minimum_retention\": 0.9, \"primary_candidates\": 495, \"retention\": 0.6727272727272727, \"use_primary\": true}\n"}
,{"stream_name":"stdout","time":1978.257687091,"data":"EDGE_TTA_ACTIVE views = 8 mean_abs_feat_delta = 0.342592\n"}
,{"stream_name":"stdout","time":1978.948946632,"data":"EDGE_TTA_ACTIVE views = 8 mean_abs_feat_delta = 0.354435\n"}
,{"stream_name":"stdout","time":1979.264693273,"data":"SECONDARY_EDGE_TTA_ACTIVE views = 8 weight = 0.75 mean_abs_feat_delta = 0.277442\n"}
,{"stream_name":"stdout","time":1979.960789098,"data":"SECONDARY_EDGE_TTA_ACTIVE views = 8 weight = 0.75 mean_abs_feat_delta = 0.329228\n"}
,{"stream_name":"stdout","time":1979.964503226,"data":"BIOHUB_RETENTION_GUARD {\"blended_candidates\": 268, \"dataset\": \"44b6_2a2eff9f\", \"frame\": 99, \"minimum_retention\": 0.9, \"primary_candidates\": 455, \"retention\": 0.589010989010989, \"use_primary\": true}\n"}
,{"stream_name":"stdout","time":1980.418283563,"data":"EDGE_TTA_ACTIVE views = 8 mean_abs_feat_delta = 0.347841\n"}
,{"stream_name":"stdout","time":1981.429169182,"data":"SECONDARY_EDGE_TTA_ACTIVE views = 8 weight = 0.75 mean_abs_feat_delta = 0.271551\n"}
,{"stream_name":"stdout","time":1982.833517945,"data":"EDGE_TTA_ACTIVE views = 8 mean_abs_feat_delta = 0.345072\n"}
,{"stream_name":"stdout","time":1983.698421253,"data":"SECONDARY_EDGE_TTA_ACTIVE views = 8 weight = 0.75 mean_abs_feat_delta = 0.268445\n"}
,{"stream_name":"stdout","time":1985.001169975,"data":"EDGE_TTA_ACTIVE views = 8 mean_abs_feat_delta = 0.344896\n"}
,{"stream_name":"stdout","time":1986.007917337,"data":"SECONDARY_EDGE_TTA_ACTIVE views = 8 weight = 0.75 mean_abs_feat_delta = 0.270607\n"}
,{"stream_name":"stdout","time":1987.244032545,"data":"EDGE_TTA_ACTIVE views = 8 mean_abs_feat_delta = 0.348324\n"}
,{"stream_name":"stdout","time":1988.252747554,"data":"SECONDARY_EDGE_TTA_ACTIVE views = 8 weight = 0.75 mean_abs_feat_delta = 0.275814\n"}
,{"stream_name":"stdout","time":1989.51333843,"data":"EDGE_TTA_ACTIVE views = 8 mean_abs_feat_delta = 0.346953\n"}
,{"stream_name":"stdout","time":1990.525195942,"data":"SECONDARY_EDGE_TTA_ACTIVE views = 8 weight = 0.75 mean_abs_feat_delta = 0.273692\n"}
,{"stream_name":"stdout","time":1991.77375071,"data":"EDGE_TTA_ACTIVE views = 8 mean_abs_feat_delta = 0.344214\n"}
,{"stream_name":"stdout","time":1992.791649736,"data":"SECONDARY_EDGE_TTA_ACTIVE views = 8 weight = 0.75 mean_abs_feat_delta = 0.270608\n"}
,{"stream_name":"stdout","time":1994.025945248,"data":"EDGE_TTA_ACTIVE views = 8 mean_abs_feat_delta = 0.345782\n"}
,{"stream_name":"stdout","time":1995.043987578,"data":"SECONDARY_EDGE_TTA_ACTIVE views = 8 weight = 0.75 mean_abs_feat_delta = 0.27426\n"}
,{"stream_name":"stdout","time":1995.048793081,"data":"BIOHUB_RETENTION_GUARD {\"blended_candidates\": 342, \"dataset\": \"6bba_07e24132\", \"frame\": 32, \"minimum_retention\": 0.9, \"primary_candidates\": 392, \"retention\": 0.8724489795918368, \"use_primary\": true}\n"}
,{"stream_name":"stdout","time":1996.228127099,"data":"EDGE_TTA_ACTIVE views = 8 mean_abs_feat_delta = 0.345884\n"}
,{"stream_name":"stdout","time":1997.24838117,"data":"SECONDARY_EDGE_TTA_ACTIVE views = 8 weight = 0.75 mean_abs_feat_delta = 0.271994\n"}
,{"stream_name":"stdout","time":1998.478293829,"data":"EDGE_TTA_ACTIVE views = 8 mean_abs_feat_delta = 0.349488\n"}
,{"stream_name":"stdout","time":1999.497872975,"data":"SECONDARY_EDGE_TTA_ACTIVE views = 8 weight = 0.75 mean_abs_feat_delta = 0.27163\n"}
,{"stream_name":"stdout","time":2000.649777217,"data":"EDGE_TTA_ACTIVE views = 8 mean_abs_feat_delta = 0.344998\n"}
,{"stream_name":"stdout","time":2001.674231529,"data":"SECONDARY_EDGE_TTA_ACTIVE views = 8 weight = 0.75 mean_abs_feat_delta = 0.273802\n"}
,{"stream_name":"stdout","time":2002.878061712,"data":"EDGE_TTA_ACTIVE views = 8 mean_abs_feat_delta = 0.344112\n"}
,{"stream_name":"stdout","time":2003.905869983,"data":"SECONDARY_EDGE_TTA_ACTIVE views = 8 weight = 0.75 mean_abs_feat_delta = 0.271976\n"}
,{"stream_name":"stdout","time":2005.050468823,"data":"EDGE_TTA_ACTIVE views = 8 mean_abs_feat_delta = 0.344058\n"}
,{"stream_name":"stdout","time":2006.07952101,"data":"SECONDARY_EDGE_TTA_ACTIVE views = 8 weight = 0.75 mean_abs_feat_delta = 0.27149\n"}
,{"stream_name":"stdout","time":2007.237210089,"data":"EDGE_TTA_ACTIVE views = 8 mean_abs_feat_delta = 0.342413\n"}
,{"stream_name":"stdout","time":2008.267824051,"data":"SECONDARY_EDGE_TTA_ACTIVE views = 8 weight = 0.75 mean_abs_feat_delta = 0.268044\n"}
,{"stream_name":"stdout","time":2009.474887226,"data":"EDGE_TTA_ACTIVE views = 8 mean_abs_feat_delta = 0.339014\n"}
,{"stream_name":"stdout","time":2010.505423542,"data":"SECONDARY_EDGE_TTA_ACTIVE views = 8 weight = 0.75 mean_abs_feat_delta = 0.262923\n"}
,{"stream_name":"stdout","time":2011.712921066,"data":"EDGE_TTA_ACTIVE views = 8 mean_abs_feat_delta = 0.331895\n"}
,{"stream_name":"stdout","time":2012.736470316,"data":"SECONDARY_EDGE_TTA_ACTIVE views = 8 weight = 0.75 mean_abs_feat_delta = 0.264978\n"}
,{"stream_name":"stdout","time":2014.038844989,"data":"EDGE_TTA_ACTIVE views = 8 mean_abs_feat_delta = 0.34071\n"}
,{"stream_name":"stdout","time":2014.624125972,"data":"EDGE_TTA_ACTIVE views = 8 mean_abs_feat_delta = 0.288475\n"}
,{"stream_name":"stdout","time":2014.940927026,"data":"SECONDARY_EDGE_TTA_ACTIVE views = 8 weight = 0.75 mean_abs_feat_delta = 0.260415\n"}
,{"stream_name":"stdout","time":2015.576967942,"data":"SECONDARY_EDGE_TTA_ACTIVE views = 8 weight = 0.75 mean_abs_feat_delta = 0.217553\n"}
,{"stream_name":"stdout","time":2016.178146993,"data":"EDGE_TTA_ACTIVE views = 8 mean_abs_feat_delta = 0.344597\n"}
,{"stream_name":"stdout","time":2016.671359077,"data":"EDGE_TTA_ACTIVE views = 8 mean_abs_feat_delta = 0.287561\n"}
,{"stream_name":"stdout","time":2017.201956421,"data":"SECONDARY_EDGE_TTA_ACTIVE views = 8 weight = 0.75 mean_abs_feat_delta = 0.26243\n"}
,{"stream_name":"stdout","time":2017.628107317,"data":"SECONDARY_EDGE_TTA_ACTIVE views = 8 weight = 0.75 mean_abs_feat_delta = 0.216934\n"}
,{"stream_name":"stdout","time":2018.359244294,"data":"EDGE_TTA_ACTIVE views = 8 mean_abs_feat_delta = 0.347949\n"}
,{"stream_name":"stdout","time":2018.661661878,"data":"EDGE_TTA_ACTIVE views = 8 mean_abs_feat_delta = 0.288963\n"}
,{"stream_name":"stdout","time":2019.386532819,"data":"SECONDARY_EDGE_TTA_ACTIVE views = 8 weight = 0.75 mean_abs_feat_delta = 0.263794\n"}
,{"stream_name":"stdout","time":2019.620518239,"data":"SECONDARY_EDGE_TTA_ACTIVE views = 8 weight = 0.75 mean_abs_feat_delta = 0.213178\n"}
,{"stream_name":"stdout","time":2020.527643808,"data":"EDGE_TTA_ACTIVE views = 8 mean_abs_feat_delta = 0.343395\n"}
,{"stream_name":"stdout","time":2020.645623057,"data":"EDGE_TTA_ACTIVE views = 8 mean_abs_feat_delta = 0.284378\n"}
,{"stream_name":"stdout","time":2021.554620306,"data":"SECONDARY_EDGE_TTA_ACTIVE views = 8 weight = 0.75 mean_abs_feat_delta = 0.261742\n"}
,{"stream_name":"stdout","time":2021.606637785,"data":"SECONDARY_EDGE_TTA_ACTIVE views = 8 weight = 0.75 mean_abs_feat_delta = 0.21734\n"}
,{"stream_name":"stdout","time":2022.674610977,"data":"EDGE_TTA_ACTIVE views = 8 mean_abs_feat_delta = 0.287813\n"}
,{"stream_name":"stdout","time":2022.696127203,"data":"EDGE_TTA_ACTIVE views = 8 mean_abs_feat_delta = 0.342938\n"}
,{"stream_name":"stdout","time":2023.637708349,"data":"SECONDARY_EDGE_TTA_ACTIVE views = 8 weight = 0.75 mean_abs_feat_delta = 0.213892\n"}
,{"stream_name":"stdout","time":2023.725119368,"data":"SECONDARY_EDGE_TTA_ACTIVE views = 8 weight = 0.75 mean_abs_feat_delta = 0.262384\n"}
,{"stream_name":"stdout","time":2024.698749271,"data":"EDGE_TTA_ACTIVE views = 8 mean_abs_feat_delta = 0.287261\n"}
,{"stream_name":"stdout","time":2024.889045813,"data":"EDGE_TTA_ACTIVE views = 8 mean_abs_feat_delta = 0.34073\n"}
,{"stream_name":"stdout","time":2025.658800015,"data":"SECONDARY_EDGE_TTA_ACTIVE views = 8 weight = 0.75 mean_abs_feat_delta = 0.21242\n"}
,{"stream_name":"stdout","time":2025.914980303,"data":"SECONDARY_EDGE_TTA_ACTIVE views = 8 weight = 0.75 mean_abs_feat_delta = 0.263048\n"}
,{"stream_name":"stdout","time":2026.703774049,"data":"EDGE_TTA_ACTIVE views = 8 mean_abs_feat_delta = 0.28741\n"}
,{"stream_name":"stdout","time":2027.08067674,"data":"EDGE_TTA_ACTIVE views = 8 mean_abs_feat_delta = 0.337223\n"}
,{"stream_name":"stdout","time":2027.671261174,"data":"SECONDARY_EDGE_TTA_ACTIVE views = 8 weight = 0.75 mean_abs_feat_delta = 0.213947\n"}
,{"stream_name":"stdout","time":2028.102873282,"data":"SECONDARY_EDGE_TTA_ACTIVE views = 8 weight = 0.75 mean_abs_feat_delta = 0.265915\n"}
,{"stream_name":"stdout","time":2028.735828585,"data":"EDGE_TTA_ACTIVE views = 8 mean_abs_feat_delta = 0.291909\n"}
,{"stream_name":"stdout","time":2029.296841577,"data":"EDGE_TTA_ACTIVE views = 8 mean_abs_feat_delta = 0.338214\n"}
,{"stream_name":"stdout","time":2029.708706455,"data":"SECONDARY_EDGE_TTA_ACTIVE views = 8 weight = 0.75 mean_abs_feat_delta = 0.227253\n"}
,{"stream_name":"stdout","time":2030.319135377,"data":"SECONDARY_EDGE_TTA_ACTIVE views = 8 weight = 0.75 mean_abs_feat_delta = 0.26675\n"}
,{"stream_name":"stdout","time":2030.779278727,"data":"EDGE_TTA_ACTIVE views = 8 mean_abs_feat_delta = 0.291947\n"}
,{"stream_name":"stdout","time":2031.465878653,"data":"EDGE_TTA_ACTIVE views = 8 mean_abs_feat_delta = 0.343058\n"}
,{"stream_name":"stdout","time":2031.749599735,"data":"SECONDARY_EDGE_TTA_ACTIVE views = 8 weight = 0.75 mean_abs_feat_delta = 0.212589\n"}
,{"stream_name":"stdout","time":2032.483191593,"data":"SECONDARY_EDGE_TTA_ACTIVE views = 8 weight = 0.75 mean_abs_feat_delta = 0.26723\n"}
,{"stream_name":"stdout","time":2032.819367884,"data":"EDGE_TTA_ACTIVE views = 8 mean_abs_feat_delta = 0.291055\n"}
,{"stream_name":"stdout","time":2033.664301627,"data":"EDGE_TTA_ACTIVE views = 8 mean_abs_feat_delta = 0.343211\n"}
,{"stream_name":"stdout","time":2033.789749245,"data":"SECONDARY_EDGE_TTA_ACTIVE views = 8 weight = 0.75 mean_abs_feat_delta = 0.218146\n"}
,{"stream_name":"stdout","time":2034.684834214,"data":"SECONDARY_EDGE_TTA_ACTIVE views = 8 weight = 0.75 mean_abs_feat_delta = 0.262509\n"}
,{"stream_name":"stdout","time":2034.887607568,"data":"EDGE_TTA_ACTIVE views = 8 mean_abs_feat_delta = 0.28982\n"}
,{"stream_name":"stdout","time":2035.84827208,"data":"EDGE_TTA_ACTIVE views = 8 mean_abs_feat_delta = 0.340682\n"}
,{"stream_name":"stdout","time":2035.859358069,"data":"SECONDARY_EDGE_TTA_ACTIVE views = 8 weight = 0.75 mean_abs_feat_delta = 0.214342\n"}
,{"stream_name":"stdout","time":2036.867845313,"data":"SECONDARY_EDGE_TTA_ACTIVE views = 8 weight = 0.75 mean_abs_feat_delta = 0.258469\n"}
,{"stream_name":"stdout","time":2036.951343581,"data":"EDGE_TTA_ACTIVE views = 8 mean_abs_feat_delta = 0.288198\n"}
,{"stream_name":"stdout","time":2037.940008917,"data":"SECONDARY_EDGE_TTA_ACTIVE views = 8 weight = 0.75 mean_abs_feat_delta = 0.215677\n"}
,{"stream_name":"stdout","time":2038.088893374,"data":"EDGE_TTA_ACTIVE views = 8 mean_abs_feat_delta = 0.338135\n"}
,{"stream_name":"stdout","time":2039.009132918,"data":"EDGE_TTA_ACTIVE views = 8 mean_abs_feat_delta = 0.280635\n"}
,{"stream_name":"stdout","time":2039.10225523,"data":"SECONDARY_EDGE_TTA_ACTIVE views = 8 weight = 0.75 mean_abs_feat_delta = 0.261611\n"}
,{"stream_name":"stdout","time":2039.974294597,"data":"SECONDARY_EDGE_TTA_ACTIVE views = 8 weight = 0.75 mean_abs_feat_delta = 0.231796\n"}
,{"stream_name":"stdout","time":2040.297151804,"data":"EDGE_TTA_ACTIVE views = 8 mean_abs_feat_delta = 0.333565\n"}
,{"stream_name":"stdout","time":2041.068631165,"data":"EDGE_TTA_ACTIVE views = 8 mean_abs_feat_delta = 0.283807\n"}
,{"stream_name":"stdout","time":2041.309157298,"data":"SECONDARY_EDGE_TTA_ACTIVE views = 8 weight = 0.75 mean_abs_feat_delta = 0.260486\n"}
,{"stream_name":"stdout","time":2042.038147132,"data":"SECONDARY_EDGE_TTA_ACTIVE views = 8 weight = 0.75 mean_abs_feat_delta = 0.220564\n"}
,{"stream_name":"stdout","time":2042.493397244,"data":"EDGE_TTA_ACTIVE views = 8 mean_abs_feat_delta = 0.337448\n"}
,{"stream_name":"stdout","time":2043.069738196,"data":"EDGE_TTA_ACTIVE views = 8 mean_abs_feat_delta = 0.288234\n"}
,{"stream_name":"stdout","time":2043.501993726,"data":"SECONDARY_EDGE_TTA_ACTIVE views = 8 weight = 0.75 mean_abs_feat_delta = 0.260845\n"}
,{"stream_name":"stdout","time":2044.150076324,"data":"SECONDARY_EDGE_TTA_ACTIVE views = 8 weight = 0.75 mean_abs_feat_delta = 0.221951\n"}
,{"stream_name":"stdout","time":2044.637903188,"data":"EDGE_TTA_ACTIVE views = 8 mean_abs_feat_delta = 0.337377\n"}
,{"stream_name":"stdout","time":2045.154351764,"data":"EDGE_TTA_ACTIVE views = 8 mean_abs_feat_delta = 0.286344\n"}
,{"stream_name":"stdout","time":2045.645163363,"data":"SECONDARY_EDGE_TTA_ACTIVE views = 8 weight = 0.75 mean_abs_feat_delta = 0.265026\n"}
,{"stream_name":"stdout","time":2046.126015393,"data":"SECONDARY_EDGE_TTA_ACTIVE views = 8 weight = 0.75 mean_abs_feat_delta = 0.217021\n"}
,{"stream_name":"stdout","time":2046.798482378,"data":"EDGE_TTA_ACTIVE views = 8 mean_abs_feat_delta = 0.334616\n"}
,{"stream_name":"stdout","time":2047.219567685,"data":"EDGE_TTA_ACTIVE views = 8 mean_abs_feat_delta = 0.281856\n"}
,{"stream_name":"stdout","time":2047.808767055,"data":"SECONDARY_EDGE_TTA_ACTIVE views = 8 weight = 0.75 mean_abs_feat_delta = 0.261566\n"}
,{"stream_name":"stdout","time":2048.191502409,"data":"SECONDARY_EDGE_TTA_ACTIVE views = 8 weight = 0.75 mean_abs_feat_delta = 0.219424\n"}
,{"stream_name":"stdout","time":2048.963226091,"data":"EDGE_TTA_ACTIVE views = 8 mean_abs_feat_delta = 0.333661\n"}
,{"stream_name":"stdout","time":2049.262245441,"data":"EDGE_TTA_ACTIVE views = 8 mean_abs_feat_delta = 0.277556\n"}
,{"stream_name":"stdout","time":2049.970606238,"data":"SECONDARY_EDGE_TTA_ACTIVE views = 8 weight = 0.75 mean_abs_feat_delta = 0.260007\n"}
,{"stream_name":"stdout","time":2050.234076549,"data":"SECONDARY_EDGE_TTA_ACTIVE views = 8 weight = 0.75 mean_abs_feat_delta = 0.225892\n"}
,{"stream_name":"stdout","time":2051.124240235,"data":"EDGE_TTA_ACTIVE views = 8 mean_abs_feat_delta = 0.339485\n"}
,{"stream_name":"stdout","time":2051.326673963,"data":"EDGE_TTA_ACTIVE views = 8 mean_abs_feat_delta = 0.277451\n"}
,{"stream_name":"stdout","time":2052.130227958,"data":"SECONDARY_EDGE_TTA_ACTIVE views = 8 weight = 0.75 mean_abs_feat_delta = 0.259371\n"}
,{"stream_name":"stdout","time":2052.298061104,"data":"SECONDARY_EDGE_TTA_ACTIVE views = 8 weight = 0.75 mean_abs_feat_delta = 0.227464\n"}
,{"stream_name":"stdout","time":2053.37994498,"data":"EDGE_TTA_ACTIVE views = 8 mean_abs_feat_delta = 0.337706\n"}
,{"stream_name":"stdout","time":2053.390688811,"data":"EDGE_TTA_ACTIVE views = 8 mean_abs_feat_delta = 0.278448\n"}
,{"stream_name":"stdout","time":2054.364777959,"data":"SECONDARY_EDGE_TTA_ACTIVE views = 8 weight = 0.75 mean_abs_feat_delta = 0.224003\n"}
,{"stream_name":"stdout","time":2054.390425878,"data":"SECONDARY_EDGE_TTA_ACTIVE views = 8 weight = 0.75 mean_abs_feat_delta = 0.258997\n"}
,{"stream_name":"stdout","time":2055.415066912,"data":"EDGE_TTA_ACTIVE views = 8 mean_abs_feat_delta = 0.279406\n"}
,{"stream_name":"stdout","time":2055.550735922,"data":"EDGE_TTA_ACTIVE views = 8 mean_abs_feat_delta = 0.337246\n"}
,{"stream_name":"stdout","time":2056.387484998,"data":"SECONDARY_EDGE_TTA_ACTIVE views = 8 weight = 0.75 mean_abs_feat_delta = 0.22521\n"}
,{"stream_name":"stdout","time":2056.559377239,"data":"SECONDARY_EDGE_TTA_ACTIVE views = 8 weight = 0.75 mean_abs_feat_delta = 0.258125\n"}
,{"stream_name":"stdout","time":2057.456546901,"data":"EDGE_TTA_ACTIVE views = 8 mean_abs_feat_delta = 0.28314\n"}
,{"stream_name":"stdout","time":2057.712686062,"data":"EDGE_TTA_ACTIVE views = 8 mean_abs_feat_delta = 0.339272\n"}
,{"stream_name":"stdout","time":2058.432453253,"data":"SECONDARY_EDGE_TTA_ACTIVE views = 8 weight = 0.75 mean_abs_feat_delta = 0.223172\n"}
,{"stream_name":"stdout","time":2058.721277513,"data":"SECONDARY_EDGE_TTA_ACTIVE views = 8 weight = 0.75 mean_abs_feat_delta = 0.26158\n"}
,{"stream_name":"stdout","time":2059.465882593,"data":"EDGE_TTA_ACTIVE views = 8 mean_abs_feat_delta = 0.290562\n"}
,{"stream_name":"stdout","time":2059.870593716,"data":"EDGE_TTA_ACTIVE views = 8 mean_abs_feat_delta = 0.342159\n"}
,{"stream_name":"stdout","time":2060.438635973,"data":"SECONDARY_EDGE_TTA_ACTIVE views = 8 weight = 0.75 mean_abs_feat_delta = 0.22398\n"}
,{"stream_name":"stdout","time":2060.881252409,"data":"SECONDARY_EDGE_TTA_ACTIVE views = 8 weight = 0.75 mean_abs_feat_delta = 0.265431\n"}
,{"stream_name":"stdout","time":2061.50971676,"data":"EDGE_TTA_ACTIVE views = 8 mean_abs_feat_delta = 0.288456\n"}
,{"stream_name":"stdout","time":2062.065779604,"data":"EDGE_TTA_ACTIVE views = 8 mean_abs_feat_delta = 0.343625\n"}
,{"stream_name":"stdout","time":2062.482121053,"data":"SECONDARY_EDGE_TTA_ACTIVE views = 8 weight = 0.75 mean_abs_feat_delta = 0.222267\n"}
,{"stream_name":"stdout","time":2063.0758678,"data":"SECONDARY_EDGE_TTA_ACTIVE views = 8 weight = 0.75 mean_abs_feat_delta = 0.267836\n"}
,{"stream_name":"stdout","time":2063.576096521,"data":"EDGE_TTA_ACTIVE views = 8 mean_abs_feat_delta = 0.286395\n"}
,{"stream_name":"stdout","time":2064.192113213,"data":"EDGE_TTA_ACTIVE views = 8 mean_abs_feat_delta = 0.343102\n"}
,{"stream_name":"stdout","time":2064.548598253,"data":"SECONDARY_EDGE_TTA_ACTIVE views = 8 weight = 0.75 mean_abs_feat_delta = 0.216743\n"}
,{"stream_name":"stdout","time":2065.201710431,"data":"SECONDARY_EDGE_TTA_ACTIVE views = 8 weight = 0.75 mean_abs_feat_delta = 0.265852\n"}
,{"stream_name":"stdout","time":2065.601582588,"data":"EDGE_TTA_ACTIVE views = 8 mean_abs_feat_delta = 0.294338\n"}
,{"stream_name":"stdout","time":2066.323537127,"data":"EDGE_TTA_ACTIVE views = 8 mean_abs_feat_delta = 0.338878\n"}
,{"stream_name":"stdout","time":2066.573857848,"data":"SECONDARY_EDGE_TTA_ACTIVE views = 8 weight = 0.75 mean_abs_feat_delta = 0.215333\n"}
,{"stream_name":"stdout","time":2067.338303789,"data":"SECONDARY_EDGE_TTA_ACTIVE views = 8 weight = 0.75 mean_abs_feat_delta = 0.26636\n"}
,{"stream_name":"stdout","time":2067.646561305,"data":"EDGE_TTA_ACTIVE views = 8 mean_abs_feat_delta = 0.290596\n"}
,{"stream_name":"stdout","time":2068.449403857,"data":"EDGE_TTA_ACTIVE views = 8 mean_abs_feat_delta = 0.344788\n"}
,{"stream_name":"stdout","time":2068.622912013,"data":"SECONDARY_EDGE_TTA_ACTIVE views = 8 weight = 0.75 mean_abs_feat_delta = 0.212684\n"}
,{"stream_name":"stdout","time":2069.459618846,"data":"SECONDARY_EDGE_TTA_ACTIVE views = 8 weight = 0.75 mean_abs_feat_delta = 0.262382\n"}
,{"stream_name":"stdout","time":2069.674139947,"data":"EDGE_TTA_ACTIVE views = 8 mean_abs_feat_delta = 0.288951\n"}
,{"stream_name":"stdout","time":2070.639977881,"data":"EDGE_TTA_ACTIVE views = 8 mean_abs_feat_delta = 0.33784\n"}
,{"stream_name":"stdout","time":2070.664716476,"data":"SECONDARY_EDGE_TTA_ACTIVE views = 8 weight = 0.75 mean_abs_feat_delta = 0.219589\n"}
,{"stream_name":"stdout","time":2071.654783924,"data":"SECONDARY_EDGE_TTA_ACTIVE views = 8 weight = 0.75 mean_abs_feat_delta = 0.260303\n"}
,{"stream_name":"stdout","time":2071.704953685,"data":"EDGE_TTA_ACTIVE views = 8 mean_abs_feat_delta = 0.287622\n"}
,{"stream_name":"stdout","time":2072.679612093,"data":"SECONDARY_EDGE_TTA_ACTIVE views = 8 weight = 0.75 mean_abs_feat_delta = 0.221772\n"}
,{"stream_name":"stdout","time":2072.818203236,"data":"EDGE_TTA_ACTIVE views = 8 mean_abs_feat_delta = 0.339211\n"}
,{"stream_name":"stdout","time":2073.733443261,"data":"EDGE_TTA_ACTIVE views = 8 mean_abs_feat_delta = 0.288395\n"}
,{"stream_name":"stdout","time":2073.83500598,"data":"SECONDARY_EDGE_TTA_ACTIVE views = 8 weight = 0.75 mean_abs_feat_delta = 0.25763\n"}
,{"stream_name":"stdout","time":2074.847416278,"data":"SECONDARY_EDGE_TTA_ACTIVE views = 8 weight = 0.75 mean_abs_feat_delta = 0.228785\n"}
,{"stream_name":"stdout","time":2075.019428863,"data":"EDGE_TTA_ACTIVE views = 8 mean_abs_feat_delta = 0.339533\n"}
,{"stream_name":"stdout","time":2075.761640501,"data":"EDGE_TTA_ACTIVE views = 8 mean_abs_feat_delta = 0.286202\n"}
,{"stream_name":"stdout","time":2076.039127693,"data":"SECONDARY_EDGE_TTA_ACTIVE views = 8 weight = 0.75 mean_abs_feat_delta = 0.255911\n"}
,{"stream_name":"stdout","time":2076.737706016,"data":"SECONDARY_EDGE_TTA_ACTIVE views = 8 weight = 0.75 mean_abs_feat_delta = 0.227519\n"}
,{"stream_name":"stdout","time":2077.192940035,"data":"EDGE_TTA_ACTIVE views = 8 mean_abs_feat_delta = 0.333552\n"}
,{"stream_name":"stdout","time":2077.850827768,"data":"EDGE_TTA_ACTIVE views = 8 mean_abs_feat_delta = 0.287794\n"}
,{"stream_name":"stdout","time":2078.212264308,"data":"SECONDARY_EDGE_TTA_ACTIVE views = 8 weight = 0.75 mean_abs_feat_delta = 0.253381\n"}
,{"stream_name":"stdout","time":2078.829535059,"data":"SECONDARY_EDGE_TTA_ACTIVE views = 8 weight = 0.75 mean_abs_feat_delta = 0.226443\n"}
,{"stream_name":"stdout","time":2079.401985078,"data":"EDGE_TTA_ACTIVE views = 8 mean_abs_feat_delta = 0.342836\n"}
,{"stream_name":"stdout","time":2079.902819597,"data":"EDGE_TTA_ACTIVE views = 8 mean_abs_feat_delta = 0.288107\n"}
,{"stream_name":"stdout","time":2080.421922514,"data":"SECONDARY_EDGE_TTA_ACTIVE views = 8 weight = 0.75 mean_abs_feat_delta = 0.254871\n"}
,{"stream_name":"stdout","time":2080.876929445,"data":"SECONDARY_EDGE_TTA_ACTIVE views = 8 weight = 0.75 mean_abs_feat_delta = 0.223466\n"}
,{"stream_name":"stdout","time":2081.642510177,"data":"EDGE_TTA_ACTIVE views = 8 mean_abs_feat_delta = 0.340752\n"}
,{"stream_name":"stdout","time":2081.949874554,"data":"EDGE_TTA_ACTIVE views = 8 mean_abs_feat_delta = 0.292464\n"}
,{"stream_name":"stdout","time":2082.668108664,"data":"SECONDARY_EDGE_TTA_ACTIVE views = 8 weight = 0.75 mean_abs_feat_delta = 0.258877\n"}
,{"stream_name":"stdout","time":2082.938741067,"data":"SECONDARY_EDGE_TTA_ACTIVE views = 8 weight = 0.75 mean_abs_feat_delta = 0.228632\n"}
,{"stream_name":"stdout","time":2083.806035606,"data":"EDGE_TTA_ACTIVE views = 8 mean_abs_feat_delta = 0.33721\n"}
,{"stream_name":"stdout","time":2084.038809108,"data":"EDGE_TTA_ACTIVE views = 8 mean_abs_feat_delta = 0.292965\n"}
,{"stream_name":"stdout","time":2084.825638119,"data":"SECONDARY_EDGE_TTA_ACTIVE views = 8 weight = 0.75 mean_abs_feat_delta = 0.25536\n"}
,{"stream_name":"stdout","time":2085.030142036,"data":"SECONDARY_EDGE_TTA_ACTIVE views = 8 weight = 0.75 mean_abs_feat_delta = 0.234289\n"}
,{"stream_name":"stdout","time":2085.961693967,"data":"EDGE_TTA_ACTIVE views = 8 mean_abs_feat_delta = 0.331794\n"}
,{"stream_name":"stdout","time":2086.085375158,"data":"EDGE_TTA_ACTIVE views = 8 mean_abs_feat_delta = 0.287195\n"}
,{"stream_name":"stdout","time":2086.987426065,"data":"SECONDARY_EDGE_TTA_ACTIVE views = 8 weight = 0.75 mean_abs_feat_delta = 0.254742\n"}
,{"stream_name":"stdout","time":2087.066250685,"data":"SECONDARY_EDGE_TTA_ACTIVE views = 8 weight = 0.75 mean_abs_feat_delta = 0.231866\n"}
,{"stream_name":"stdout","time":2088.156112921,"data":"EDGE_TTA_ACTIVE views = 8 mean_abs_feat_delta = 0.328009\n"}
,{"stream_name":"stdout","time":2088.157116428,"data":"EDGE_TTA_ACTIVE views = 8 mean_abs_feat_delta = 0.283498\n"}
,{"stream_name":"stdout","time":2089.136456016,"data":"SECONDARY_EDGE_TTA_ACTIVE views = 8 weight = 0.75 mean_abs_feat_delta = 0.248174\n"}
,{"stream_name":"stdout","time":2089.176730183,"data":"SECONDARY_EDGE_TTA_ACTIVE views = 8 weight = 0.75 mean_abs_feat_delta = 0.254648\n"}
,{"stream_name":"stdout","time":2090.227773897,"data":"EDGE_TTA_ACTIVE views = 8 mean_abs_feat_delta = 0.283498\n"}
,{"stream_name":"stdout","time":2090.379377703,"data":"EDGE_TTA_ACTIVE views = 8 mean_abs_feat_delta = 0.334781\n"}
,{"stream_name":"stdout","time":2091.218622662,"data":"SECONDARY_EDGE_TTA_ACTIVE views = 8 weight = 0.75 mean_abs_feat_delta = 0.248174\n"}
,{"stream_name":"stdout","time":2091.406201258,"data":"SECONDARY_EDGE_TTA_ACTIVE views = 8 weight = 0.75 mean_abs_feat_delta = 0.254139\n"}
,{"stream_name":"stdout","time":2092.297544572,"data":"EDGE_TTA_ACTIVE views = 8 mean_abs_feat_delta = 0.283498\n"}
,{"stream_name":"stdout","time":2092.562096245,"data":"EDGE_TTA_ACTIVE views = 8 mean_abs_feat_delta = 0.331889\n"}
,{"stream_name":"stdout","time":2093.28880694,"data":"SECONDARY_EDGE_TTA_ACTIVE views = 8 weight = 0.75 mean_abs_feat_delta = 0.248174\n"}
,{"stream_name":"stdout","time":2093.585560809,"data":"SECONDARY_EDGE_TTA_ACTIVE views = 8 weight = 0.75 mean_abs_feat_delta = 0.253521\n"}
,{"stream_name":"stdout","time":2094.345136213,"data":"EDGE_TTA_ACTIVE views = 8 mean_abs_feat_delta = 0.315338\n"}
,{"stream_name":"stdout","time":2094.812230985,"data":"EDGE_TTA_ACTIVE views = 8 mean_abs_feat_delta = 0.324439\n"}
,{"stream_name":"stdout","time":2095.336225779,"data":"SECONDARY_EDGE_TTA_ACTIVE views = 8 weight = 0.75 mean_abs_feat_delta = 0.220212\n"}
,{"stream_name":"stdout","time":2095.835574295,"data":"SECONDARY_EDGE_TTA_ACTIVE views = 8 weight = 0.75 mean_abs_feat_delta = 0.251163\n"}
,{"stream_name":"stdout","time":2096.451746003,"data":"EDGE_TTA_ACTIVE views = 8 mean_abs_feat_delta = 0.316057\n"}
,{"stream_name":"stdout","time":2097.028505165,"data":"EDGE_TTA_ACTIVE views = 8 mean_abs_feat_delta = 0.320074\n"}
,{"stream_name":"stdout","time":2097.441850158,"data":"SECONDARY_EDGE_TTA_ACTIVE views = 8 weight = 0.75 mean_abs_feat_delta = 0.218752\n"}
,{"stream_name":"stdout","time":2098.053919554,"data":"SECONDARY_EDGE_TTA_ACTIVE views = 8 weight = 0.75 mean_abs_feat_delta = 0.252768\n"}
,{"stream_name":"stdout","time":2098.557525349,"data":"EDGE_TTA_ACTIVE views = 8 mean_abs_feat_delta = 0.289165\n"}
,{"stream_name":"stdout","time":2099.220827134,"data":"EDGE_TTA_ACTIVE views = 8 mean_abs_feat_delta = 0.322734\n"}
,{"stream_name":"stdout","time":2099.550142419,"data":"SECONDARY_EDGE_TTA_ACTIVE views = 8 weight = 0.75 mean_abs_feat_delta = 0.231963\n"}
,{"stream_name":"stdout","time":2100.248431928,"data":"SECONDARY_EDGE_TTA_ACTIVE views = 8 weight = 0.75 mean_abs_feat_delta = 0.25256\n"}
,{"stream_name":"stdout","time":2100.644887626,"data":"EDGE_TTA_ACTIVE views = 8 mean_abs_feat_delta = 0.28309\n"}
,{"stream_name":"stdout","time":2101.387463589,"data":"EDGE_TTA_ACTIVE views = 8 mean_abs_feat_delta = 0.326182\n"}
,{"stream_name":"stdout","time":2101.636935136,"data":"SECONDARY_EDGE_TTA_ACTIVE views = 8 weight = 0.75 mean_abs_feat_delta = 0.243456\n"}
,{"stream_name":"stdout","time":2102.409445986,"data":"SECONDARY_EDGE_TTA_ACTIVE views = 8 weight = 0.75 mean_abs_feat_delta = 0.257037\n"}
,{"stream_name":"stdout","time":2102.718230502,"data":"EDGE_TTA_ACTIVE views = 8 mean_abs_feat_delta = 0.28861\n"}
,{"stream_name":"stdout","time":2103.574540759,"data":"EDGE_TTA_ACTIVE views = 8 mean_abs_feat_delta = 0.327903\n"}
,{"stream_name":"stdout","time":2103.710514156,"data":"SECONDARY_EDGE_TTA_ACTIVE views = 8 weight = 0.75 mean_abs_feat_delta = 0.227548\n"}
,{"stream_name":"stdout","time":2104.598919135,"data":"SECONDARY_EDGE_TTA_ACTIVE views = 8 weight = 0.75 mean_abs_feat_delta = 0.259034\n"}
,{"stream_name":"stdout","time":2104.835060341,"data":"EDGE_TTA_ACTIVE views = 8 mean_abs_feat_delta = 0.287751\n"}
,{"stream_name":"stdout","time":2105.876067087,"data":"EDGE_TTA_ACTIVE views = 8 mean_abs_feat_delta = 0.336297\n"}
,{"stream_name":"stdout","time":2105.877070803,"data":"SECONDARY_EDGE_TTA_ACTIVE views = 8 weight = 0.75 mean_abs_feat_delta = 0.231141\n"}
,{"stream_name":"stdout","time":2106.766079984,"data":"SECONDARY_EDGE_TTA_ACTIVE views = 8 weight = 0.75 mean_abs_feat_delta = 0.262107\n"}
,{"stream_name":"stdout","time":2106.897235145,"data":"EDGE_TTA_ACTIVE views = 8 mean_abs_feat_delta = 0.285257\n"}
,{"stream_name":"stdout","time":2107.887022835,"data":"SECONDARY_EDGE_TTA_ACTIVE views = 8 weight = 0.75 mean_abs_feat_delta = 0.227609\n"}
,{"stream_name":"stdout","time":2108.029851545,"data":"EDGE_TTA_ACTIVE views = 8 mean_abs_feat_delta = 0.339382\n"}
,{"stream_name":"stdout","time":2108.936169223,"data":"EDGE_TTA_ACTIVE views = 8 mean_abs_feat_delta = 0.288217\n"}
,{"stream_name":"stdout","time":2109.050554954,"data":"SECONDARY_EDGE_TTA_ACTIVE views = 8 weight = 0.75 mean_abs_feat_delta = 0.258084\n"}
,{"stream_name":"stdout","time":2109.928523332,"data":"SECONDARY_EDGE_TTA_ACTIVE views = 8 weight = 0.75 mean_abs_feat_delta = 0.225185\n"}
,{"stream_name":"stdout","time":2110.255437838,"data":"EDGE_TTA_ACTIVE views = 8 mean_abs_feat_delta = 0.333216\n"}
,{"stream_name":"stdout","time":2111.018288335,"data":"EDGE_TTA_ACTIVE views = 8 mean_abs_feat_delta = 0.293359\n"}
,{"stream_name":"stdout","time":2111.272997112,"data":"SECONDARY_EDGE_TTA_ACTIVE views = 8 weight = 0.75 mean_abs_feat_delta = 0.256287\n"}
,{"stream_name":"stdout","time":2112.010268637,"data":"SECONDARY_EDGE_TTA_ACTIVE views = 8 weight = 0.75 mean_abs_feat_delta = 0.231144\n"}
,{"stream_name":"stdout","time":2112.458308311,"data":"EDGE_TTA_ACTIVE views = 8 mean_abs_feat_delta = 0.335556\n"}
,{"stream_name":"stdout","time":2113.066565192,"data":"EDGE_TTA_ACTIVE views = 8 mean_abs_feat_delta = 0.288773\n"}
,{"stream_name":"stdout","time":2113.482148565,"data":"SECONDARY_EDGE_TTA_ACTIVE views = 8 weight = 0.75 mean_abs_feat_delta = 0.254402\n"}
,{"stream_name":"stdout","time":2114.059139218,"data":"SECONDARY_EDGE_TTA_ACTIVE views = 8 weight = 0.75 mean_abs_feat_delta = 0.233017\n"}
,{"stream_name":"stdout","time":2114.62934986,"data":"EDGE_TTA_ACTIVE views = 8 mean_abs_feat_delta = 0.337468\n"}
,{"stream_name":"stdout","time":2115.11663764,"data":"EDGE_TTA_ACTIVE views = 8 mean_abs_feat_delta = 0.2831\n"}
,{"stream_name":"stdout","time":2115.647197444,"data":"SECONDARY_EDGE_TTA_ACTIVE views = 8 weight = 0.75 mean_abs_feat_delta = 0.255109\n"}
,{"stream_name":"stdout","time":2116.115742362,"data":"SECONDARY_EDGE_TTA_ACTIVE views = 8 weight = 0.75 mean_abs_feat_delta = 0.231237\n"}
,{"stream_name":"stdout","time":2116.785936797,"data":"EDGE_TTA_ACTIVE views = 8 mean_abs_feat_delta = 0.334122\n"}
,{"stream_name":"stdout","time":2117.179216371,"data":"EDGE_TTA_ACTIVE views = 8 mean_abs_feat_delta = 0.28566\n"}
,{"stream_name":"stdout","time":2117.806735145,"data":"SECONDARY_EDGE_TTA_ACTIVE views = 8 weight = 0.75 mean_abs_feat_delta = 0.25132\n"}
,{"stream_name":"stdout","time":2118.171439989,"data":"SECONDARY_EDGE_TTA_ACTIVE views = 8 weight = 0.75 mean_abs_feat_delta = 0.240429\n"}
,{"stream_name":"stdout","time":2118.942732862,"data":"EDGE_TTA_ACTIVE views = 8 mean_abs_feat_delta = 0.328651\n"}
,{"stream_name":"stdout","time":2119.290402226,"data":"EDGE_TTA_ACTIVE views = 8 mean_abs_feat_delta = 0.288947\n"}
,{"stream_name":"stdout","time":2119.961866516,"data":"SECONDARY_EDGE_TTA_ACTIVE views = 8 weight = 0.75 mean_abs_feat_delta = 0.250811\n"}
,{"stream_name":"stdout","time":2120.283404185,"data":"SECONDARY_EDGE_TTA_ACTIVE views = 8 weight = 0.75 mean_abs_feat_delta = 0.229597\n"}
,{"stream_name":"stdout","time":2121.158964746,"data":"EDGE_TTA_ACTIVE views = 8 mean_abs_feat_delta = 0.336868\n"}
,{"stream_name":"stdout","time":2121.427978334,"data":"EDGE_TTA_ACTIVE views = 8 mean_abs_feat_delta = 0.290047\n"}
,{"stream_name":"stdout","time":2122.174017514,"data":"SECONDARY_EDGE_TTA_ACTIVE views = 8 weight = 0.75 mean_abs_feat_delta = 0.252583\n"}
,{"stream_name":"stdout","time":2122.424730053,"data":"SECONDARY_EDGE_TTA_ACTIVE views = 8 weight = 0.75 mean_abs_feat_delta = 0.231285\n"}
,{"stream_name":"stdout","time":2123.303756125,"data":"EDGE_TTA_ACTIVE views = 8 mean_abs_feat_delta = 0.335702\n"}
,{"stream_name":"stdout","time":2123.504838164,"data":"EDGE_TTA_ACTIVE views = 8 mean_abs_feat_delta = 0.293125\n"}
,{"stream_name":"stdout","time":2124.326728678,"data":"SECONDARY_EDGE_TTA_ACTIVE views = 8 weight = 0.75 mean_abs_feat_delta = 0.250294\n"}
,{"stream_name":"stdout","time":2124.499671098,"data":"SECONDARY_EDGE_TTA_ACTIVE views = 8 weight = 0.75 mean_abs_feat_delta = 0.226972\n"}
,{"stream_name":"stdout","time":2125.491821668,"data":"EDGE_TTA_ACTIVE views = 8 mean_abs_feat_delta = 0.334886\n"}
,{"stream_name":"stdout","time":2125.59683728,"data":"EDGE_TTA_ACTIVE views = 8 mean_abs_feat_delta = 0.295461\n"}
,{"stream_name":"stdout","time":2126.514193657,"data":"SECONDARY_EDGE_TTA_ACTIVE views = 8 weight = 0.75 mean_abs_feat_delta = 0.247088\n"}
,{"stream_name":"stdout","time":2126.595235642,"data":"SECONDARY_EDGE_TTA_ACTIVE views = 8 weight = 0.75 mean_abs_feat_delta = 0.235491\n"}
,{"stream_name":"stdout","time":2127.66255767,"data":"EDGE_TTA_ACTIVE views = 8 mean_abs_feat_delta = 0.294354\n"}
,{"stream_name":"stdout","time":2127.674363894,"data":"EDGE_TTA_ACTIVE views = 8 mean_abs_feat_delta = 0.337301\n"}
,{"stream_name":"stdout","time":2128.665094964,"data":"SECONDARY_EDGE_TTA_ACTIVE views = 8 weight = 0.75 mean_abs_feat_delta = 0.22461\n"}
,{"stream_name":"stdout","time":2128.698119362,"data":"SECONDARY_EDGE_TTA_ACTIVE views = 8 weight = 0.75 mean_abs_feat_delta = 0.248444\n"}
,{"stream_name":"stdout","time":2129.758185111,"data":"EDGE_TTA_ACTIVE views = 8 mean_abs_feat_delta = 0.290361\n"}
,{"stream_name":"stdout","time":2129.907600595,"data":"EDGE_TTA_ACTIVE views = 8 mean_abs_feat_delta = 0.342168\n"}
,{"stream_name":"stdout","time":2130.759410648,"data":"SECONDARY_EDGE_TTA_ACTIVE views = 8 weight = 0.75 mean_abs_feat_delta = 0.225307\n"}
,{"stream_name":"stdout","time":2130.931412568,"data":"SECONDARY_EDGE_TTA_ACTIVE views = 8 weight = 0.75 mean_abs_feat_delta = 0.249705\n"}
,{"stream_name":"stdout","time":2131.862369037,"data":"EDGE_TTA_ACTIVE views = 8 mean_abs_feat_delta = 0.290141\n"}
,{"stream_name":"stdout","time":2132.09255171,"data":"EDGE_TTA_ACTIVE views = 8 mean_abs_feat_delta = 0.343137\n"}
,{"stream_name":"stdout","time":2132.858225683,"data":"SECONDARY_EDGE_TTA_ACTIVE views = 8 weight = 0.75 mean_abs_feat_delta = 0.222402\n"}
,{"stream_name":"stdout","time":2133.117199434,"data":"SECONDARY_EDGE_TTA_ACTIVE views = 8 weight = 0.75 mean_abs_feat_delta = 0.249871\n"}
,{"stream_name":"stdout","time":2133.924752085,"data":"EDGE_TTA_ACTIVE views = 8 mean_abs_feat_delta = 0.292561\n"}
,{"stream_name":"stdout","time":2134.252844114,"data":"EDGE_TTA_ACTIVE views = 8 mean_abs_feat_delta = 0.338761\n"}
,{"stream_name":"stdout","time":2134.926420578,"data":"SECONDARY_EDGE_TTA_ACTIVE views = 8 weight = 0.75 mean_abs_feat_delta = 0.223337\n"}
,{"stream_name":"stdout","time":2135.275169592,"data":"SECONDARY_EDGE_TTA_ACTIVE views = 8 weight = 0.75 mean_abs_feat_delta = 0.247264\n"}
,{"stream_name":"stdout","time":2136.173667435,"data":"EDGE_TTA_ACTIVE views = 8 mean_abs_feat_delta = 0.288988\n"}
,{"stream_name":"stdout","time":2136.431510928,"data":"EDGE_TTA_ACTIVE views = 8 mean_abs_feat_delta = 0.338145\n"}
,{"stream_name":"stdout","time":2137.037089939,"data":"SECONDARY_EDGE_TTA_ACTIVE views = 8 weight = 0.75 mean_abs_feat_delta = 0.234632\n"}
,{"stream_name":"stdout","time":2137.453132206,"data":"SECONDARY_EDGE_TTA_ACTIVE views = 8 weight = 0.75 mean_abs_feat_delta = 0.243393\n"}
,{"stream_name":"stdout","time":2138.159282283,"data":"EDGE_TTA_ACTIVE views = 8 mean_abs_feat_delta = 0.294653\n"}
,{"stream_name":"stdout","time":2138.614060322,"data":"EDGE_TTA_ACTIVE views = 8 mean_abs_feat_delta = 0.334551\n"}
,{"stream_name":"stdout","time":2139.160442161,"data":"SECONDARY_EDGE_TTA_ACTIVE views = 8 weight = 0.75 mean_abs_feat_delta = 0.225509\n"}
,{"stream_name":"stdout","time":2139.633258924,"data":"SECONDARY_EDGE_TTA_ACTIVE views = 8 weight = 0.75 mean_abs_feat_delta = 0.246103\n"}
,{"stream_name":"stdout","time":2140.224269041,"data":"EDGE_TTA_ACTIVE views = 8 mean_abs_feat_delta = 0.296121\n"}
,{"stream_name":"stdout","time":2140.783426982,"data":"EDGE_TTA_ACTIVE views = 8 mean_abs_feat_delta = 0.331854\n"}
,{"stream_name":"stdout","time":2141.228501826,"data":"SECONDARY_EDGE_TTA_ACTIVE views = 8 weight = 0.75 mean_abs_feat_delta = 0.233373\n"}
,{"stream_name":"stdout","time":2141.806779789,"data":"SECONDARY_EDGE_TTA_ACTIVE views = 8 weight = 0.75 mean_abs_feat_delta = 0.246736\n"}
,{"stream_name":"stdout","time":2142.29766632,"data":"EDGE_TTA_ACTIVE views = 8 mean_abs_feat_delta = 0.296872\n"}
,{"stream_name":"stdout","time":2143.295753916,"data":"SECONDARY_EDGE_TTA_ACTIVE views = 8 weight = 0.75 mean_abs_feat_delta = 0.237159\n"}
,{"stream_name":"stdout","time":2144.410618893,"data":"EDGE_TTA_ACTIVE views = 8 mean_abs_feat_delta = 0.294509\n"}
,{"stream_name":"stdout","time":2145.414058956,"data":"SECONDARY_EDGE_TTA_ACTIVE views = 8 weight = 0.75 mean_abs_feat_delta = 0.239483\n"}
,{"stream_name":"stdout","time":2146.550163739,"data":"EDGE_TTA_ACTIVE views = 8 mean_abs_feat_delta = 0.288279\n"}
,{"stream_name":"stdout","time":2147.556784669,"data":"SECONDARY_EDGE_TTA_ACTIVE views = 8 weight = 0.75 mean_abs_feat_delta = 0.237082\n"}
,{"stream_name":"stdout","time":2148.718530236,"data":"EDGE_TTA_ACTIVE views = 8 mean_abs_feat_delta = 0.289803\n"}
,{"stream_name":"stdout","time":2149.706379155,"data":"SECONDARY_EDGE_TTA_ACTIVE views = 8 weight = 0.75 mean_abs_feat_delta = 0.234585\n"}
,{"stream_name":"stdout","time":2150.848483592,"data":"EDGE_TTA_ACTIVE views = 8 mean_abs_feat_delta = 0.292365\n"}
,{"stream_name":"stdout","time":2151.847849037,"data":"SECONDARY_EDGE_TTA_ACTIVE views = 8 weight = 0.75 mean_abs_feat_delta = 0.240166\n"}
,{"stream_name":"stdout","time":2152.927555183,"data":"EDGE_TTA_ACTIVE views = 8 mean_abs_feat_delta = 0.29779\n"}
,{"stream_name":"stdout","time":2153.93241982,"data":"SECONDARY_EDGE_TTA_ACTIVE views = 8 weight = 0.75 mean_abs_feat_delta = 0.23071\n"}
,{"stream_name":"stdout","time":2155.032530245,"data":"EDGE_TTA_ACTIVE views = 8 mean_abs_feat_delta = 0.294017\n"}
,{"stream_name":"stdout","time":2156.040555554,"data":"SECONDARY_EDGE_TTA_ACTIVE views = 8 weight = 0.75 mean_abs_feat_delta = 0.228603\n"}
,{"stream_name":"stdout","time":2157.165788951,"data":"EDGE_TTA_ACTIVE views = 8 mean_abs_feat_delta = 0.297003\n"}
,{"stream_name":"stdout","time":2158.170893507,"data":"SECONDARY_EDGE_TTA_ACTIVE views = 8 weight = 0.75 mean_abs_feat_delta = 0.227822\n"}
,{"stream_name":"stdout","time":2159.269003943,"data":"EDGE_TTA_ACTIVE views = 8 mean_abs_feat_delta = 0.301009\n"}
,{"stream_name":"stdout","time":2160.276387177,"data":"SECONDARY_EDGE_TTA_ACTIVE views = 8 weight = 0.75 mean_abs_feat_delta = 0.230826\n"}
,{"stream_name":"stdout","time":2161.372735783,"data":"EDGE_TTA_ACTIVE views = 8 mean_abs_feat_delta = 0.301776\n"}
,{"stream_name":"stdout","time":2162.381133871,"data":"SECONDARY_EDGE_TTA_ACTIVE views = 8 weight = 0.75 mean_abs_feat_delta = 0.233825\n"}
,{"stream_name":"stdout","time":2163.513159497,"data":"EDGE_TTA_ACTIVE views = 8 mean_abs_feat_delta = 0.299256\n"}
,{"stream_name":"stdout","time":2164.519368514,"data":"SECONDARY_EDGE_TTA_ACTIVE views = 8 weight = 0.75 mean_abs_feat_delta = 0.231076\n"}
,{"stream_name":"stdout","time":2164.524449117,"data":"BIOHUB_RETENTION_GUARD {\"blended_candidates\": 59, \"dataset\": \"6bba_062c8d37\", \"frame\": 73, \"minimum_retention\": 0.9, \"primary_candidates\": 68, \"retention\": 0.8676470588235294, \"use_primary\": true}\n"}
,{"stream_name":"stdout","time":2165.635201062,"data":"EDGE_TTA_ACTIVE views = 8 mean_abs_feat_delta = 0.298114\n"}
,{"stream_name":"stdout","time":2166.750609129,"data":"SECONDARY_EDGE_TTA_ACTIVE views = 8 weight = 0.75 mean_abs_feat_delta = 0.231678\n"}
,{"stream_name":"stdout","time":2166.75159317,"data":"BIOHUB_RETENTION_GUARD {\"blended_candidates\": 62, \"dataset\": \"6bba_062c8d37\", \"frame\": 74, \"minimum_retention\": 0.9, \"primary_candidates\": 69, \"retention\": 0.8985507246376812, \"use_primary\": true}\n"}
,{"stream_name":"stdout","time":2167.809285957,"data":"EDGE_TTA_ACTIVE views = 8 mean_abs_feat_delta = 0.292995\n"}
,{"stream_name":"stdout","time":2167.890214721,"data":"EDGE_TTA_ACTIVE views = 8 mean_abs_feat_delta = 0.293417\n"}
,{"stream_name":"stdout","time":2168.817829463,"data":"SECONDARY_EDGE_TTA_ACTIVE views = 8 weight = 0.75 mean_abs_feat_delta = 0.232434\n"}
,{"stream_name":"stdout","time":2168.850042118,"data":"SECONDARY_EDGE_TTA_ACTIVE views = 8 weight = 0.75 mean_abs_feat_delta = 0.204909\n"}
,{"stream_name":"stdout","time":2169.889839516,"data":"EDGE_TTA_ACTIVE views = 8 mean_abs_feat_delta = 0.29277\n"}
,{"stream_name":"stdout","time":2169.932307225,"data":"EDGE_TTA_ACTIVE views = 8 mean_abs_feat_delta = 0.292063\n"}
,{"stream_name":"stdout","time":2170.893018338,"data":"SECONDARY_EDGE_TTA_ACTIVE views = 8 weight = 0.75 mean_abs_feat_delta = 0.201895\n"}
,{"stream_name":"stdout","time":2170.898550082,"data":"SECONDARY_EDGE_TTA_ACTIVE views = 8 weight = 0.75 mean_abs_feat_delta = 0.237438\n"}
,{"stream_name":"stdout","time":2171.986232863,"data":"EDGE_TTA_ACTIVE views = 8 mean_abs_feat_delta = 0.290893\n"}
,{"stream_name":"stdout","time":2172.001237487,"data":"EDGE_TTA_ACTIVE views = 8 mean_abs_feat_delta = 0.293275\n"}
,{"stream_name":"stdout","time":2172.957538547,"data":"SECONDARY_EDGE_TTA_ACTIVE views = 8 weight = 0.75 mean_abs_feat_delta = 0.204535\n"}
,{"stream_name":"stdout","time":2173.007806811,"data":"SECONDARY_EDGE_TTA_ACTIVE views = 8 weight = 0.75 mean_abs_feat_delta = 0.236157\n"}
,{"stream_name":"stdout","time":2174.051200045,"data":"EDGE_TTA_ACTIVE views = 8 mean_abs_feat_delta = 0.289035\n"}
,{"stream_name":"stdout","time":2174.091423625,"data":"EDGE_TTA_ACTIVE views = 8 mean_abs_feat_delta = 0.291368\n"}
,{"stream_name":"stdout","time":2175.023825954,"data":"SECONDARY_EDGE_TTA_ACTIVE views = 8 weight = 0.75 mean_abs_feat_delta = 0.203795\n"}
,{"stream_name":"stdout","time":2175.102010966,"data":"SECONDARY_EDGE_TTA_ACTIVE views = 8 weight = 0.75 mean_abs_feat_delta = 0.235416\n"}
,{"stream_name":"stdout","time":2176.177416862,"data":"EDGE_TTA_ACTIVE views = 8 mean_abs_feat_delta = 0.292802\n"}
,{"stream_name":"stdout","time":2176.246083864,"data":"EDGE_TTA_ACTIVE views = 8 mean_abs_feat_delta = 0.291014\n"}
,{"stream_name":"stdout","time":2177.149414595,"data":"SECONDARY_EDGE_TTA_ACTIVE views = 8 weight = 0.75 mean_abs_feat_delta = 0.202797\n"}
,{"stream_name":"stdout","time":2177.255089083,"data":"SECONDARY_EDGE_TTA_ACTIVE views = 8 weight = 0.75 mean_abs_feat_delta = 0.232783\n"}
,{"stream_name":"stdout","time":2178.303167203,"data":"EDGE_TTA_ACTIVE views = 8 mean_abs_feat_delta = 0.289692\n"}
,{"stream_name":"stdout","time":2178.323979791,"data":"EDGE_TTA_ACTIVE views = 8 mean_abs_feat_delta = 0.295994\n"}
,{"stream_name":"stdout","time":2179.274982363,"data":"SECONDARY_EDGE_TTA_ACTIVE views = 8 weight = 0.75 mean_abs_feat_delta = 0.205886\n"}
,{"stream_name":"stdout","time":2179.332691545,"data":"SECONDARY_EDGE_TTA_ACTIVE views = 8 weight = 0.75 mean_abs_feat_delta = 0.231063\n"}
,{"stream_name":"stdout","time":2180.389628561,"data":"EDGE_TTA_ACTIVE views = 8 mean_abs_feat_delta = 0.288981\n"}
,{"stream_name":"stdout","time":2180.40846196,"data":"EDGE_TTA_ACTIVE views = 8 mean_abs_feat_delta = 0.297096\n"}
,{"stream_name":"stdout","time":2181.361412364,"data":"SECONDARY_EDGE_TTA_ACTIVE views = 8 weight = 0.75 mean_abs_feat_delta = 0.205889\n"}
,{"stream_name":"stdout","time":2181.422155419,"data":"SECONDARY_EDGE_TTA_ACTIVE views = 8 weight = 0.75 mean_abs_feat_delta = 0.234197\n"}
,{"stream_name":"stdout","time":2182.496556682,"data":"EDGE_TTA_ACTIVE views = 8 mean_abs_feat_delta = 0.299033\n"}
,{"stream_name":"stdout","time":2182.535598554,"data":"EDGE_TTA_ACTIVE views = 8 mean_abs_feat_delta = 0.294024\n"}
,{"stream_name":"stdout","time":2183.506691637,"data":"SECONDARY_EDGE_TTA_ACTIVE views = 8 weight = 0.75 mean_abs_feat_delta = 0.233029\n"}
,{"stream_name":"stdout","time":2183.507899732,"data":"SECONDARY_EDGE_TTA_ACTIVE views = 8 weight = 0.75 mean_abs_feat_delta = 0.208457\n"}
,{"stream_name":"stdout","time":2184.580393766,"data":"EDGE_TTA_ACTIVE views = 8 mean_abs_feat_delta = 0.297557\n"}
,{"stream_name":"stdout","time":2184.641875383,"data":"EDGE_TTA_ACTIVE views = 8 mean_abs_feat_delta = 0.291402\n"}
,{"stream_name":"stdout","time":2185.59020681,"data":"SECONDARY_EDGE_TTA_ACTIVE views = 8 weight = 0.75 mean_abs_feat_delta = 0.236935\n"}
,{"stream_name":"stdout","time":2185.615261315,"data":"SECONDARY_EDGE_TTA_ACTIVE views = 8 weight = 0.75 mean_abs_feat_delta = 0.210367\n"}
,{"stream_name":"stdout","time":2186.700378241,"data":"EDGE_TTA_ACTIVE views = 8 mean_abs_feat_delta = 0.293406\n"}
,{"stream_name":"stdout","time":2186.730247187,"data":"EDGE_TTA_ACTIVE views = 8 mean_abs_feat_delta = 0.293367\n"}
,{"stream_name":"stdout","time":2187.702607882,"data":"SECONDARY_EDGE_TTA_ACTIVE views = 8 weight = 0.75 mean_abs_feat_delta = 0.208181\n"}
,{"stream_name":"stdout","time":2187.708212108,"data":"SECONDARY_EDGE_TTA_ACTIVE views = 8 weight = 0.75 mean_abs_feat_delta = 0.234086\n"}
,{"stream_name":"stdout","time":2187.712302804,"data":"BIOHUB_RETENTION_GUARD {\"blended_candidates\": 64, \"dataset\": \"6bba_062c8d37\", \"frame\": 84, \"minimum_retention\": 0.9, \"primary_candidates\": 73, \"retention\": 0.8767123287671232, \"use_primary\": true}\n"}
,{"stream_name":"stdout","time":2188.780005808,"data":"EDGE_TTA_ACTIVE views = 8 mean_abs_feat_delta = 0.295509\n"}
,{"stream_name":"stdout","time":2188.807241092,"data":"EDGE_TTA_ACTIVE views = 8 mean_abs_feat_delta = 0.286361\n"}
,{"stream_name":"stdout","time":2189.783944013,"data":"SECONDARY_EDGE_TTA_ACTIVE views = 8 weight = 0.75 mean_abs_feat_delta = 0.20495\n"}
,{"stream_name":"stdout","time":2189.792033332,"data":"SECONDARY_EDGE_TTA_ACTIVE views = 8 weight = 0.75 mean_abs_feat_delta = 0.227107\n"}
,{"stream_name":"stdout","time":2190.868470011,"data":"EDGE_TTA_ACTIVE views = 8 mean_abs_feat_delta = 0.29737\n"}
,{"stream_name":"stdout","time":2190.905244096,"data":"EDGE_TTA_ACTIVE views = 8 mean_abs_feat_delta = 0.284801\n"}
,{"stream_name":"stdout","time":2191.879625096,"data":"SECONDARY_EDGE_TTA_ACTIVE views = 8 weight = 0.75 mean_abs_feat_delta = 0.229753\n"}
,{"stream_name":"stdout","time":2191.880871583,"data":"SECONDARY_EDGE_TTA_ACTIVE views = 8 weight = 0.75 mean_abs_feat_delta = 0.212877\n"}
,{"stream_name":"stdout","time":2193.006999026,"data":"EDGE_TTA_ACTIVE views = 8 mean_abs_feat_delta = 0.297734\n"}
,{"stream_name":"stdout","time":2193.066306716,"data":"EDGE_TTA_ACTIVE views = 8 mean_abs_feat_delta = 0.287875\n"}
,{"stream_name":"stdout","time":2194.01329432,"data":"SECONDARY_EDGE_TTA_ACTIVE views = 8 weight = 0.75 mean_abs_feat_delta = 0.233349\n"}
,{"stream_name":"stdout","time":2194.045498879,"data":"SECONDARY_EDGE_TTA_ACTIVE views = 8 weight = 0.75 mean_abs_feat_delta = 0.207897\n"}
,{"stream_name":"stdout","time":2195.108171742,"data":"EDGE_TTA_ACTIVE views = 8 mean_abs_feat_delta = 0.297749\n"}
,{"stream_name":"stdout","time":2195.180454341,"data":"EDGE_TTA_ACTIVE views = 8 mean_abs_feat_delta = 0.285114\n"}
,{"stream_name":"stdout","time":2196.118107471,"data":"SECONDARY_EDGE_TTA_ACTIVE views = 8 weight = 0.75 mean_abs_feat_delta = 0.228601\n"}
,{"stream_name":"stdout","time":2196.1543476,"data":"SECONDARY_EDGE_TTA_ACTIVE views = 8 weight = 0.75 mean_abs_feat_delta = 0.205793\n"}
,{"stream_name":"stdout","time":2197.338031763,"data":"EDGE_TTA_ACTIVE views = 8 mean_abs_feat_delta = 0.299556\n"}
,{"stream_name":"stdout","time":2197.339006505,"data":"EDGE_TTA_ACTIVE views = 8 mean_abs_feat_delta = 0.284821\n"}
,{"stream_name":"stdout","time":2198.203097924,"data":"SECONDARY_EDGE_TTA_ACTIVE views = 8 weight = 0.75 mean_abs_feat_delta = 0.229547\n"}
,{"stream_name":"stdout","time":2198.260201075,"data":"SECONDARY_EDGE_TTA_ACTIVE views = 8 weight = 0.75 mean_abs_feat_delta = 0.210728\n"}
,{"stream_name":"stdout","time":2199.30014965,"data":"EDGE_TTA_ACTIVE views = 8 mean_abs_feat_delta = 0.298104\n"}
,{"stream_name":"stdout","time":2199.375527488,"data":"EDGE_TTA_ACTIVE views = 8 mean_abs_feat_delta = 0.287327\n"}
,{"stream_name":"stdout","time":2200.309631772,"data":"SECONDARY_EDGE_TTA_ACTIVE views = 8 weight = 0.75 mean_abs_feat_delta = 0.228595\n"}
,{"stream_name":"stdout","time":2200.349881763,"data":"SECONDARY_EDGE_TTA_ACTIVE views = 8 weight = 0.75 mean_abs_feat_delta = 0.208572\n"}
,{"stream_name":"stdout","time":2201.427472542,"data":"EDGE_TTA_ACTIVE views = 8 mean_abs_feat_delta = 0.296443\n"}
,{"stream_name":"stdout","time":2201.514918869,"data":"EDGE_TTA_ACTIVE views = 8 mean_abs_feat_delta = 0.285857\n"}
,{"stream_name":"stdout","time":2202.437306151,"data":"SECONDARY_EDGE_TTA_ACTIVE views = 8 weight = 0.75 mean_abs_feat_delta = 0.228195\n"}
,{"stream_name":"stdout","time":2202.494368284,"data":"SECONDARY_EDGE_TTA_ACTIVE views = 8 weight = 0.75 mean_abs_feat_delta = 0.20793\n"}
,{"stream_name":"stdout","time":2203.501794639,"data":"EDGE_TTA_ACTIVE views = 8 mean_abs_feat_delta = 0.293984\n"}
,{"stream_name":"stdout","time":2203.586674849,"data":"EDGE_TTA_ACTIVE views = 8 mean_abs_feat_delta = 0.283107\n"}
,{"stream_name":"stdout","time":2204.505030158,"data":"SECONDARY_EDGE_TTA_ACTIVE views = 8 weight = 0.75 mean_abs_feat_delta = 0.229762\n"}
,{"stream_name":"stdout","time":2204.561247434,"data":"SECONDARY_EDGE_TTA_ACTIVE views = 8 weight = 0.75 mean_abs_feat_delta = 0.21153\n"}
,{"stream_name":"stdout","time":2205.596928253,"data":"EDGE_TTA_ACTIVE views = 8 mean_abs_feat_delta = 0.293061\n"}
,{"stream_name":"stdout","time":2205.710386061,"data":"EDGE_TTA_ACTIVE views = 8 mean_abs_feat_delta = 0.285156\n"}
,{"stream_name":"stdout","time":2206.607304647,"data":"SECONDARY_EDGE_TTA_ACTIVE views = 8 weight = 0.75 mean_abs_feat_delta = 0.232584\n"}
,{"stream_name":"stdout","time":2206.689213961,"data":"SECONDARY_EDGE_TTA_ACTIVE views = 8 weight = 0.75 mean_abs_feat_delta = 0.215961\n"}
,{"stream_name":"stdout","time":2207.706981308,"data":"EDGE_TTA_ACTIVE views = 8 mean_abs_feat_delta = 0.297154\n"}
,{"stream_name":"stdout","time":2207.805705862,"data":"EDGE_TTA_ACTIVE views = 8 mean_abs_feat_delta = 0.281307\n"}
,{"stream_name":"stdout","time":2208.714101769,"data":"SECONDARY_EDGE_TTA_ACTIVE views = 8 weight = 0.75 mean_abs_feat_delta = 0.235095\n"}
,{"stream_name":"stdout","time":2208.779665901,"data":"SECONDARY_EDGE_TTA_ACTIVE views = 8 weight = 0.75 mean_abs_feat_delta = 0.210734\n"}
,{"stream_name":"stdout","time":2209.786046563,"data":"EDGE_TTA_ACTIVE views = 8 mean_abs_feat_delta = 0.301446\n"}
,{"stream_name":"stdout","time":2209.894259486,"data":"EDGE_TTA_ACTIVE views = 8 mean_abs_feat_delta = 0.283345\n"}
,{"stream_name":"stdout","time":2210.793219725,"data":"SECONDARY_EDGE_TTA_ACTIVE views = 8 weight = 0.75 mean_abs_feat_delta = 0.235651\n"}
,{"stream_name":"stdout","time":2210.871915544,"data":"SECONDARY_EDGE_TTA_ACTIVE views = 8 weight = 0.75 mean_abs_feat_delta = 0.210047\n"}
,{"stream_name":"stdout","time":2211.885817977,"data":"EDGE_TTA_ACTIVE views = 8 mean_abs_feat_delta = 0.301117\n"}
,{"stream_name":"stdout","time":2211.988796202,"data":"EDGE_TTA_ACTIVE views = 8 mean_abs_feat_delta = 0.282739\n"}
,{"stream_name":"stdout","time":2212.886231194,"data":"SECONDARY_EDGE_TTA_ACTIVE views = 8 weight = 0.75 mean_abs_feat_delta = 0.235513\n"}
,{"stream_name":"stdout","time":2212.963246407,"data":"SECONDARY_EDGE_TTA_ACTIVE views = 8 weight = 0.75 mean_abs_feat_delta = 0.208912\n"}
,{"stream_name":"stdout","time":2213.998563533,"data":"EDGE_TTA_ACTIVE views = 8 mean_abs_feat_delta = 0.301563\n"}
,{"stream_name":"stdout","time":2214.095527282,"data":"EDGE_TTA_ACTIVE views = 8 mean_abs_feat_delta = 0.280872\n"}
,{"stream_name":"stdout","time":2215.004287071,"data":"SECONDARY_EDGE_TTA_ACTIVE views = 8 weight = 0.75 mean_abs_feat_delta = 0.22943\n"}
,{"stream_name":"stdout","time":2215.070904926,"data":"SECONDARY_EDGE_TTA_ACTIVE views = 8 weight = 0.75 mean_abs_feat_delta = 0.208993\n"}
,{"stream_name":"stdout","time":2216.07205752,"data":"EDGE_TTA_ACTIVE views = 8 mean_abs_feat_delta = 0.298981\n"}
,{"stream_name":"stdout","time":2216.225879119,"data":"EDGE_TTA_ACTIVE views = 8 mean_abs_feat_delta = 0.281118\n"}
,{"stream_name":"stdout","time":2217.081405372,"data":"SECONDARY_EDGE_TTA_ACTIVE views = 8 weight = 0.75 mean_abs_feat_delta = 0.231691\n"}
,{"stream_name":"stdout","time":2217.199998413,"data":"SECONDARY_EDGE_TTA_ACTIVE views = 8 weight = 0.75 mean_abs_feat_delta = 0.20797\n"}
,{"stream_name":"stdout","time":2218.188927921,"data":"EDGE_TTA_ACTIVE views = 8 mean_abs_feat_delta = 0.297101\n"}
,{"stream_name":"stdout","time":2218.335084881,"data":"EDGE_TTA_ACTIVE views = 8 mean_abs_feat_delta = 0.281355\n"}
,{"stream_name":"stdout","time":2219.191282802,"data":"SECONDARY_EDGE_TTA_ACTIVE views = 8 weight = 0.75 mean_abs_feat_delta = 0.23213\n"}
,{"stream_name":"stdout","time":2219.310834978,"data":"SECONDARY_EDGE_TTA_ACTIVE views = 8 weight = 0.75 mean_abs_feat_delta = 0.209647\n"}
,{"stream_name":"stdout","time":2220.447495266,"data":"EDGE_TTA_ACTIVE views = 8 mean_abs_feat_delta = 0.279058\n"}
,{"stream_name":"stdout","time":2221.422281605,"data":"SECONDARY_EDGE_TTA_ACTIVE views = 8 weight = 0.75 mean_abs_feat_delta = 0.209978\n"}
,{"stream_name":"stdout","time":2222.537456095,"data":"EDGE_TTA_ACTIVE views = 8 mean_abs_feat_delta = 0.271242\n"}
,{"stream_name":"stdout","time":2223.511078518,"data":"SECONDARY_EDGE_TTA_ACTIVE views = 8 weight = 0.75 mean_abs_feat_delta = 0.226724\n"}
,{"stream_name":"stdout","time":2223.938496313,"data":"EDGE_TTA_ACTIVE views = 8 mean_abs_feat_delta = 0.336571\n"}
,{"stream_name":"stdout","time":2224.624372636,"data":"EDGE_TTA_ACTIVE views = 8 mean_abs_feat_delta = 0.278583\n"}
,{"stream_name":"stdout","time":2224.929431853,"data":"SECONDARY_EDGE_TTA_ACTIVE views = 8 weight = 0.75 mean_abs_feat_delta = 0.261628\n"}
,{"stream_name":"stdout","time":2225.601119009,"data":"SECONDARY_EDGE_TTA_ACTIVE views = 8 weight = 0.75 mean_abs_feat_delta = 0.212438\n"}
,{"stream_name":"stdout","time":2225.988395086,"data":"EDGE_TTA_ACTIVE views = 8 mean_abs_feat_delta = 0.338746\n"}
,{"stream_name":"stdout","time":2226.754689073,"data":"EDGE_TTA_ACTIVE views = 8 mean_abs_feat_delta = 0.280712\n"}
,{"stream_name":"stdout","time":2226.98264313,"data":"SECONDARY_EDGE_TTA_ACTIVE views = 8 weight = 0.75 mean_abs_feat_delta = 0.259644\n"}
,{"stream_name":"stdout","time":2227.875544763,"data":"SECONDARY_EDGE_TTA_ACTIVE views = 8 weight = 0.75 mean_abs_feat_delta = 0.217052\n"}
,{"stream_name":"stdout","time":2228.058898478,"data":"EDGE_TTA_ACTIVE views = 8 mean_abs_feat_delta = 0.340952\n"}
,{"stream_name":"stdout","time":2228.926099009,"data":"EDGE_TTA_ACTIVE views = 8 mean_abs_feat_delta = 0.281412\n"}
,{"stream_name":"stdout","time":2229.057479072,"data":"SECONDARY_EDGE_TTA_ACTIVE views = 8 weight = 0.75 mean_abs_feat_delta = 0.260273\n"}
,{"stream_name":"stdout","time":2229.908750817,"data":"SECONDARY_EDGE_TTA_ACTIVE views = 8 weight = 0.75 mean_abs_feat_delta = 0.214047\n"}
,{"stream_name":"stdout","time":2230.217372459,"data":"EDGE_TTA_ACTIVE views = 8 mean_abs_feat_delta = 0.342027\n"}
,{"stream_name":"stdout","time":2231.031061597,"data":"EDGE_TTA_ACTIVE views = 8 mean_abs_feat_delta = 0.283284\n"}
,{"stream_name":"stdout","time":2231.217086366,"data":"SECONDARY_EDGE_TTA_ACTIVE views = 8 weight = 0.75 mean_abs_feat_delta = 0.259018\n"}
,{"stream_name":"stdout","time":2232.012969851,"data":"SECONDARY_EDGE_TTA_ACTIVE views = 8 weight = 0.75 mean_abs_feat_delta = 0.208668\n"}
,{"stream_name":"stdout","time":2232.320656183,"data":"EDGE_TTA_ACTIVE views = 8 mean_abs_feat_delta = 0.339705\n"}
,{"stream_name":"stdout","time":2233.120813539,"data":"EDGE_TTA_ACTIVE views = 8 mean_abs_feat_delta = 0.285807\n"}
,{"stream_name":"stdout","time":2233.321480916,"data":"SECONDARY_EDGE_TTA_ACTIVE views = 8 weight = 0.75 mean_abs_feat_delta = 0.260044\n"}
,{"stream_name":"stdout","time":2234.106657634,"data":"SECONDARY_EDGE_TTA_ACTIVE views = 8 weight = 0.75 mean_abs_feat_delta = 0.210105\n"}
,{"stream_name":"stdout","time":2234.397872425,"data":"EDGE_TTA_ACTIVE views = 8 mean_abs_feat_delta = 0.340104\n"}
,{"stream_name":"stdout","time":2235.254834969,"data":"EDGE_TTA_ACTIVE views = 8 mean_abs_feat_delta = 0.284166\n"}
,{"stream_name":"stdout","time":2235.402170259,"data":"SECONDARY_EDGE_TTA_ACTIVE views = 8 weight = 0.75 mean_abs_feat_delta = 0.260377\n"}
,{"stream_name":"stdout","time":2236.239486487,"data":"SECONDARY_EDGE_TTA_ACTIVE views = 8 weight = 0.75 mean_abs_feat_delta = 0.213564\n"}
,{"stream_name":"stdout","time":2236.485472752,"data":"EDGE_TTA_ACTIVE views = 8 mean_abs_feat_delta = 0.339763\n"}
,{"stream_name":"stdout","time":2237.374376253,"data":"EDGE_TTA_ACTIVE views = 8 mean_abs_feat_delta = 0.284946\n"}
,{"stream_name":"stdout","time":2237.498541013,"data":"SECONDARY_EDGE_TTA_ACTIVE views = 8 weight = 0.75 mean_abs_feat_delta = 0.258496\n"}
,{"stream_name":"stdout","time":2238.372043692,"data":"SECONDARY_EDGE_TTA_ACTIVE views = 8 weight = 0.75 mean_abs_feat_delta = 0.21043\n"}
,{"stream_name":"stdout","time":2238.61445565,"data":"EDGE_TTA_ACTIVE views = 8 mean_abs_feat_delta = 0.333526\n"}
,{"stream_name":"stdout","time":2239.485707756,"data":"EDGE_TTA_ACTIVE views = 8 mean_abs_feat_delta = 0.277939\n"}
,{"stream_name":"stdout","time":2239.62769862,"data":"SECONDARY_EDGE_TTA_ACTIVE views = 8 weight = 0.75 mean_abs_feat_delta = 0.255413\n"}
,{"stream_name":"stdout","time":2240.484282038,"data":"SECONDARY_EDGE_TTA_ACTIVE views = 8 weight = 0.75 mean_abs_feat_delta = 0.224605\n"}
,{"stream_name":"stdout","time":2240.732853014,"data":"EDGE_TTA_ACTIVE views = 8 mean_abs_feat_delta = 0.336952\n"}
,{"stream_name":"stdout","time":2241.620731151,"data":"EDGE_TTA_ACTIVE views = 8 mean_abs_feat_delta = 0.282273\n"}
,{"stream_name":"stdout","time":2241.750868218,"data":"SECONDARY_EDGE_TTA_ACTIVE views = 8 weight = 0.75 mean_abs_feat_delta = 0.252694\n"}
,{"stream_name":"stdout","time":2242.62687134,"data":"SECONDARY_EDGE_TTA_ACTIVE views = 8 weight = 0.75 mean_abs_feat_delta = 0.210253\n"}
,{"stream_name":"stdout","time":2242.851630305,"data":"EDGE_TTA_ACTIVE views = 8 mean_abs_feat_delta = 0.345093\n"}
,{"stream_name":"stdout","time":2243.742726032,"data":"EDGE_TTA_ACTIVE views = 8 mean_abs_feat_delta = 0.284153\n"}
,{"stream_name":"stdout","time":2243.883174385,"data":"SECONDARY_EDGE_TTA_ACTIVE views = 8 weight = 0.75 mean_abs_feat_delta = 0.256998\n"}
,{"stream_name":"stdout","time":2244.752019714,"data":"SECONDARY_EDGE_TTA_ACTIVE views = 8 weight = 0.75 mean_abs_feat_delta = 0.217533\n"}
,{"stream_name":"stdout","time":2244.987337207,"data":"EDGE_TTA_ACTIVE views = 8 mean_abs_feat_delta = 0.34152\n"}
,{"stream_name":"stdout","time":2245.917851035,"data":"EDGE_TTA_ACTIVE views = 8 mean_abs_feat_delta = 0.284297\n"}
,{"stream_name":"stdout","time":2246.021360986,"data":"SECONDARY_EDGE_TTA_ACTIVE views = 8 weight = 0.75 mean_abs_feat_delta = 0.260222\n"}
,{"stream_name":"stdout","time":2246.927099894,"data":"SECONDARY_EDGE_TTA_ACTIVE views = 8 weight = 0.75 mean_abs_feat_delta = 0.215734\n"}
,{"stream_name":"stdout","time":2247.155732941,"data":"EDGE_TTA_ACTIVE views = 8 mean_abs_feat_delta = 0.341151\n"}
,{"stream_name":"stdout","time":2248.091599997,"data":"EDGE_TTA_ACTIVE views = 8 mean_abs_feat_delta = 0.276563\n"}
,{"stream_name":"stdout","time":2248.190651971,"data":"SECONDARY_EDGE_TTA_ACTIVE views = 8 weight = 0.75 mean_abs_feat_delta = 0.264548\n"}
,{"stream_name":"stdout","time":2249.098590563,"data":"SECONDARY_EDGE_TTA_ACTIVE views = 8 weight = 0.75 mean_abs_feat_delta = 0.199979\n"}
,{"stream_name":"stdout","time":2249.310810471,"data":"EDGE_TTA_ACTIVE views = 8 mean_abs_feat_delta = 0.34019\n"}
,{"stream_name":"stdout","time":2250.210993111,"data":"EDGE_TTA_ACTIVE views = 8 mean_abs_feat_delta = 0.277027\n"}
,{"stream_name":"stdout","time":2250.344808323,"data":"SECONDARY_EDGE_TTA_ACTIVE views = 8 weight = 0.75 mean_abs_feat_delta = 0.26289\n"}
,{"stream_name":"stdout","time":2251.219084705,"data":"SECONDARY_EDGE_TTA_ACTIVE views = 8 weight = 0.75 mean_abs_feat_delta = 0.196398\n"}
,{"stream_name":"stdout","time":2251.483247421,"data":"EDGE_TTA_ACTIVE views = 8 mean_abs_feat_delta = 0.344388\n"}
,{"stream_name":"stdout","time":2252.388184911,"data":"EDGE_TTA_ACTIVE views = 8 mean_abs_feat_delta = 0.279545\n"}
,{"stream_name":"stdout","time":2252.514580718,"data":"SECONDARY_EDGE_TTA_ACTIVE views = 8 weight = 0.75 mean_abs_feat_delta = 0.257635\n"}
,{"stream_name":"stdout","time":2253.392259414,"data":"SECONDARY_EDGE_TTA_ACTIVE views = 8 weight = 0.75 mean_abs_feat_delta = 0.207084\n"}
,{"stream_name":"stdout","time":2253.614282454,"data":"EDGE_TTA_ACTIVE views = 8 mean_abs_feat_delta = 0.343422\n"}
,{"stream_name":"stdout","time":2254.500522823,"data":"EDGE_TTA_ACTIVE views = 8 mean_abs_feat_delta = 0.281065\n"}
,{"stream_name":"stdout","time":2254.639880464,"data":"SECONDARY_EDGE_TTA_ACTIVE views = 8 weight = 0.75 mean_abs_feat_delta = 0.25605\n"}
,{"stream_name":"stdout","time":2255.497530597,"data":"SECONDARY_EDGE_TTA_ACTIVE views = 8 weight = 0.75 mean_abs_feat_delta = 0.207082\n"}
,{"stream_name":"stdout","time":2255.765386878,"data":"EDGE_TTA_ACTIVE views = 8 mean_abs_feat_delta = 0.340401\n"}
,{"stream_name":"stdout","time":2256.655261563,"data":"EDGE_TTA_ACTIVE views = 8 mean_abs_feat_delta = 0.285064\n"}
,{"stream_name":"stdout","time":2256.787764099,"data":"SECONDARY_EDGE_TTA_ACTIVE views = 8 weight = 0.75 mean_abs_feat_delta = 0.261539\n"}
,{"stream_name":"stdout","time":2257.652543975,"data":"SECONDARY_EDGE_TTA_ACTIVE views = 8 weight = 0.75 mean_abs_feat_delta = 0.211819\n"}
,{"stream_name":"stdout","time":2258.031787376,"data":"EDGE_TTA_ACTIVE views = 8 mean_abs_feat_delta = 0.339951\n"}
,{"stream_name":"stdout","time":2258.775203801,"data":"EDGE_TTA_ACTIVE views = 8 mean_abs_feat_delta = 0.284192\n"}
,{"stream_name":"stdout","time":2258.894072442,"data":"SECONDARY_EDGE_TTA_ACTIVE views = 8 weight = 0.75 mean_abs_feat_delta = 0.262505\n"}
,{"stream_name":"stdout","time":2259.769028007,"data":"SECONDARY_EDGE_TTA_ACTIVE views = 8 weight = 0.75 mean_abs_feat_delta = 0.210743\n"}
,{"stream_name":"stdout","time":2259.993736741,"data":"EDGE_TTA_ACTIVE views = 8 mean_abs_feat_delta = 0.34749\n"}
,{"stream_name":"stdout","time":2260.891766368,"data":"EDGE_TTA_ACTIVE views = 8 mean_abs_feat_delta = 0.28167\n"}
,{"stream_name":"stdout","time":2261.002475469,"data":"SECONDARY_EDGE_TTA_ACTIVE views = 8 weight = 0.75 mean_abs_feat_delta = 0.261831\n"}
,{"stream_name":"stdout","time":2261.88515498,"data":"SECONDARY_EDGE_TTA_ACTIVE views = 8 weight = 0.75 mean_abs_feat_delta = 0.20555\n"}
,{"stream_name":"stdout","time":2262.088366151,"data":"EDGE_TTA_ACTIVE views = 8 mean_abs_feat_delta = 0.348728\n"}
,{"stream_name":"stdout","time":2263.063929388,"data":"EDGE_TTA_ACTIVE views = 8 mean_abs_feat_delta = 0.28237\n"}
,{"stream_name":"stdout","time":2263.097777169,"data":"SECONDARY_EDGE_TTA_ACTIVE views = 8 weight = 0.75 mean_abs_feat_delta = 0.264817\n"}
,{"stream_name":"stdout","time":2264.050157619,"data":"SECONDARY_EDGE_TTA_ACTIVE views = 8 weight = 0.75 mean_abs_feat_delta = 0.204003\n"}
,{"stream_name":"stdout","time":2264.243253353,"data":"EDGE_TTA_ACTIVE views = 8 mean_abs_feat_delta = 0.348915\n"}
,{"stream_name":"stdout","time":2265.198940291,"data":"EDGE_TTA_ACTIVE views = 8 mean_abs_feat_delta = 0.282802\n"}
,{"stream_name":"stdout","time":2265.250488056,"data":"SECONDARY_EDGE_TTA_ACTIVE views = 8 weight = 0.75 mean_abs_feat_delta = 0.26002\n"}
,{"stream_name":"stdout","time":2266.187986524,"data":"SECONDARY_EDGE_TTA_ACTIVE views = 8 weight = 0.75 mean_abs_feat_delta = 0.206577\n"}
,{"stream_name":"stdout","time":2266.327297455,"data":"EDGE_TTA_ACTIVE views = 8 mean_abs_feat_delta = 0.34756\n"}
,{"stream_name":"stdout","time":2267.305715806,"data":"EDGE_TTA_ACTIVE views = 8 mean_abs_feat_delta = 0.285432\n"}
,{"stream_name":"stdout","time":2267.328590129,"data":"SECONDARY_EDGE_TTA_ACTIVE views = 8 weight = 0.75 mean_abs_feat_delta = 0.259113\n"}
,{"stream_name":"stdout","time":2268.291237843,"data":"SECONDARY_EDGE_TTA_ACTIVE views = 8 weight = 0.75 mean_abs_feat_delta = 0.21238\n"}
,{"stream_name":"stdout","time":2268.412176533,"data":"EDGE_TTA_ACTIVE views = 8 mean_abs_feat_delta = 0.341564\n"}
,{"stream_name":"stdout","time":2269.408243919,"data":"SECONDARY_EDGE_TTA_ACTIVE views = 8 weight = 0.75 mean_abs_feat_delta = 0.257712\n"}
,{"stream_name":"stdout","time":2269.41245395,"data":"EDGE_TTA_ACTIVE views = 8 mean_abs_feat_delta = 0.281029\n"}
,{"stream_name":"stdout","time":2270.387374166,"data":"SECONDARY_EDGE_TTA_ACTIVE views = 8 weight = 0.75 mean_abs_feat_delta = 0.217798\n"}
,{"stream_name":"stdout","time":2270.51244081,"data":"EDGE_TTA_ACTIVE views = 8 mean_abs_feat_delta = 0.339453\n"}
,{"stream_name":"stdout","time":2271.461194728,"data":"EDGE_TTA_ACTIVE views = 8 mean_abs_feat_delta = 0.272919\n"}
,{"stream_name":"stdout","time":2271.502156028,"data":"SECONDARY_EDGE_TTA_ACTIVE views = 8 weight = 0.75 mean_abs_feat_delta = 0.252306\n"}
,{"stream_name":"stdout","time":2272.444394075,"data":"SECONDARY_EDGE_TTA_ACTIVE views = 8 weight = 0.75 mean_abs_feat_delta = 0.232881\n"}
,{"stream_name":"stdout","time":2272.633426164,"data":"EDGE_TTA_ACTIVE views = 8 mean_abs_feat_delta = 0.34454\n"}
,{"stream_name":"stdout","time":2273.568398006,"data":"EDGE_TTA_ACTIVE views = 8 mean_abs_feat_delta = 0.279365\n"}
,{"stream_name":"stdout","time":2273.626375759,"data":"SECONDARY_EDGE_TTA_ACTIVE views = 8 weight = 0.75 mean_abs_feat_delta = 0.251268\n"}
,{"stream_name":"stdout","time":2274.541214123,"data":"SECONDARY_EDGE_TTA_ACTIVE views = 8 weight = 0.75 mean_abs_feat_delta = 0.211001\n"}
,{"stream_name":"stdout","time":2274.738092092,"data":"EDGE_TTA_ACTIVE views = 8 mean_abs_feat_delta = 0.34235\n"}
,{"stream_name":"stdout","time":2275.703533497,"data":"EDGE_TTA_ACTIVE views = 8 mean_abs_feat_delta = 0.282084\n"}
,{"stream_name":"stdout","time":2275.726907985,"data":"SECONDARY_EDGE_TTA_ACTIVE views = 8 weight = 0.75 mean_abs_feat_delta = 0.248744\n"}
,{"stream_name":"stdout","time":2276.686397381,"data":"SECONDARY_EDGE_TTA_ACTIVE views = 8 weight = 0.75 mean_abs_feat_delta = 0.212616\n"}
,{"stream_name":"stdout","time":2276.835901371,"data":"EDGE_TTA_ACTIVE views = 8 mean_abs_feat_delta = 0.339835\n"}
,{"stream_name":"stdout","time":2277.802717269,"data":"EDGE_TTA_ACTIVE views = 8 mean_abs_feat_delta = 0.283885\n"}
,{"stream_name":"stdout","time":2277.823949776,"data":"SECONDARY_EDGE_TTA_ACTIVE views = 8 weight = 0.75 mean_abs_feat_delta = 0.250506\n"}
,{"stream_name":"stdout","time":2278.782139561,"data":"SECONDARY_EDGE_TTA_ACTIVE views = 8 weight = 0.75 mean_abs_feat_delta = 0.21261\n"}
,{"stream_name":"stdout","time":2278.920094524,"data":"EDGE_TTA_ACTIVE views = 8 mean_abs_feat_delta = 0.343666\n"}
,{"stream_name":"stdout","time":2279.896809597,"data":"EDGE_TTA_ACTIVE views = 8 mean_abs_feat_delta = 0.284012\n"}
,{"stream_name":"stdout","time":2279.911402832,"data":"SECONDARY_EDGE_TTA_ACTIVE views = 8 weight = 0.75 mean_abs_feat_delta = 0.249242\n"}
,{"stream_name":"stdout","time":2280.877111088,"data":"SECONDARY_EDGE_TTA_ACTIVE views = 8 weight = 0.75 mean_abs_feat_delta = 0.212811\n"}
,{"stream_name":"stdout","time":2280.971617341,"data":"EDGE_TTA_ACTIVE views = 8 mean_abs_feat_delta = 0.345266\n"}
,{"stream_name":"stdout","time":2281.961645749,"data":"SECONDARY_EDGE_TTA_ACTIVE views = 8 weight = 0.75 mean_abs_feat_delta = 0.252993\n"}
,{"stream_name":"stdout","time":2282.046581058,"data":"EDGE_TTA_ACTIVE views = 8 mean_abs_feat_delta = 0.28661\n"}
,{"stream_name":"stdout","time":2283.022220128,"data":"SECONDARY_EDGE_TTA_ACTIVE views = 8 weight = 0.75 mean_abs_feat_delta = 0.215936\n"}
,{"stream_name":"stdout","time":2283.061006734,"data":"EDGE_TTA_ACTIVE views = 8 mean_abs_feat_delta = 0.347232\n"}
,{"stream_name":"stdout","time":2284.05246053,"data":"SECONDARY_EDGE_TTA_ACTIVE views = 8 weight = 0.75 mean_abs_feat_delta = 0.255776\n"}
,{"stream_name":"stdout","time":2284.189943927,"data":"EDGE_TTA_ACTIVE views = 8 mean_abs_feat_delta = 0.287228\n"}
,{"stream_name":"stdout","time":2285.110613514,"data":"EDGE_TTA_ACTIVE views = 8 mean_abs_feat_delta = 0.344073\n"}
,{"stream_name":"stdout","time":2285.17120316,"data":"SECONDARY_EDGE_TTA_ACTIVE views = 8 weight = 0.75 mean_abs_feat_delta = 0.218047\n"}
,{"stream_name":"stdout","time":2286.10394392,"data":"SECONDARY_EDGE_TTA_ACTIVE views = 8 weight = 0.75 mean_abs_feat_delta = 0.255242\n"}
,{"stream_name":"stdout","time":2286.287038462,"data":"EDGE_TTA_ACTIVE views = 8 mean_abs_feat_delta = 0.285405\n"}
,{"stream_name":"stdout","time":2287.2190607,"data":"EDGE_TTA_ACTIVE views = 8 mean_abs_feat_delta = 0.342224\n"}
,{"stream_name":"stdout","time":2287.262527229,"data":"SECONDARY_EDGE_TTA_ACTIVE views = 8 weight = 0.75 mean_abs_feat_delta = 0.215395\n"}
,{"stream_name":"stdout","time":2288.3320017,"data":"SECONDARY_EDGE_TTA_ACTIVE views = 8 weight = 0.75 mean_abs_feat_delta = 0.2511\n"}
,{"stream_name":"stdout","time":2288.348192439,"data":"EDGE_TTA_ACTIVE views = 8 mean_abs_feat_delta = 0.28492\n"}
,{"stream_name":"stdout","time":2289.332295876,"data":"SECONDARY_EDGE_TTA_ACTIVE views = 8 weight = 0.75 mean_abs_feat_delta = 0.212795\n"}
,{"stream_name":"stdout","time":2289.354300019,"data":"EDGE_TTA_ACTIVE views = 8 mean_abs_feat_delta = 0.340766\n"}
,{"stream_name":"stdout","time":2290.349414228,"data":"SECONDARY_EDGE_TTA_ACTIVE views = 8 weight = 0.75 mean_abs_feat_delta = 0.249793\n"}
,{"stream_name":"stdout","time":2290.481269422,"data":"EDGE_TTA_ACTIVE views = 8 mean_abs_feat_delta = 0.283264\n"}
,{"stream_name":"stdout","time":2291.449967149,"data":"EDGE_TTA_ACTIVE views = 8 mean_abs_feat_delta = 0.342603\n"}
,{"stream_name":"stdout","time":2291.461730877,"data":"SECONDARY_EDGE_TTA_ACTIVE views = 8 weight = 0.75 mean_abs_feat_delta = 0.216027\n"}
,{"stream_name":"stdout","time":2292.438202169,"data":"SECONDARY_EDGE_TTA_ACTIVE views = 8 weight = 0.75 mean_abs_feat_delta = 0.252106\n"}
,{"stream_name":"stdout","time":2292.615135145,"data":"EDGE_TTA_ACTIVE views = 8 mean_abs_feat_delta = 0.283715\n"}
,{"stream_name":"stdout","time":2293.538710604,"data":"EDGE_TTA_ACTIVE views = 8 mean_abs_feat_delta = 0.341082\n"}
,{"stream_name":"stdout","time":2293.596937012,"data":"SECONDARY_EDGE_TTA_ACTIVE views = 8 weight = 0.75 mean_abs_feat_delta = 0.216681\n"}
,{"stream_name":"stdout","time":2294.537026711,"data":"SECONDARY_EDGE_TTA_ACTIVE views = 8 weight = 0.75 mean_abs_feat_delta = 0.256297\n"}
,{"stream_name":"stdout","time":2294.748298865,"data":"EDGE_TTA_ACTIVE views = 8 mean_abs_feat_delta = 0.283294\n"}
,{"stream_name":"stdout","time":2295.641351354,"data":"EDGE_TTA_ACTIVE views = 8 mean_abs_feat_delta = 0.342531\n"}
,{"stream_name":"stdout","time":2295.736569584,"data":"SECONDARY_EDGE_TTA_ACTIVE views = 8 weight = 0.75 mean_abs_feat_delta = 0.219376\n"}
,{"stream_name":"stdout","time":2296.643855636,"data":"SECONDARY_EDGE_TTA_ACTIVE views = 8 weight = 0.75 mean_abs_feat_delta = 0.259811\n"}
,{"stream_name":"stdout","time":2296.833435499,"data":"EDGE_TTA_ACTIVE views = 8 mean_abs_feat_delta = 0.286449\n"}
,{"stream_name":"stdout","time":2297.767886558,"data":"EDGE_TTA_ACTIVE views = 8 mean_abs_feat_delta = 0.338261\n"}
,{"stream_name":"stdout","time":2297.823018537,"data":"SECONDARY_EDGE_TTA_ACTIVE views = 8 weight = 0.75 mean_abs_feat_delta = 0.218097\n"}
,{"stream_name":"stdout","time":2298.771518022,"data":"SECONDARY_EDGE_TTA_ACTIVE views = 8 weight = 0.75 mean_abs_feat_delta = 0.255512\n"}
,{"stream_name":"stdout","time":2298.941425781,"data":"EDGE_TTA_ACTIVE views = 8 mean_abs_feat_delta = 0.290051\n"}
,{"stream_name":"stdout","time":2299.849536782,"data":"EDGE_TTA_ACTIVE views = 8 mean_abs_feat_delta = 0.331504\n"}
,{"stream_name":"stdout","time":2299.933240019,"data":"SECONDARY_EDGE_TTA_ACTIVE views = 8 weight = 0.75 mean_abs_feat_delta = 0.217645\n"}
,{"stream_name":"stdout","time":2300.857564298,"data":"SECONDARY_EDGE_TTA_ACTIVE views = 8 weight = 0.75 mean_abs_feat_delta = 0.249417\n"}
,{"stream_name":"stdout","time":2301.066992291,"data":"EDGE_TTA_ACTIVE views = 8 mean_abs_feat_delta = 0.289497\n"}
,{"stream_name":"stdout","time":2301.953573579,"data":"EDGE_TTA_ACTIVE views = 8 mean_abs_feat_delta = 0.331413\n"}
,{"stream_name":"stdout","time":2302.061586642,"data":"SECONDARY_EDGE_TTA_ACTIVE views = 8 weight = 0.75 mean_abs_feat_delta = 0.217868\n"}
,{"stream_name":"stdout","time":2302.960391535,"data":"SECONDARY_EDGE_TTA_ACTIVE views = 8 weight = 0.75 mean_abs_feat_delta = 0.247742\n"}
,{"stream_name":"stdout","time":2303.230498835,"data":"EDGE_TTA_ACTIVE views = 8 mean_abs_feat_delta = 0.282987\n"}
,{"stream_name":"stdout","time":2304.042795671,"data":"EDGE_TTA_ACTIVE views = 8 mean_abs_feat_delta = 0.329218\n"}
,{"stream_name":"stdout","time":2304.225637216,"data":"SECONDARY_EDGE_TTA_ACTIVE views = 8 weight = 0.75 mean_abs_feat_delta = 0.23668\n"}
,{"stream_name":"stdout","time":2305.053470279,"data":"SECONDARY_EDGE_TTA_ACTIVE views = 8 weight = 0.75 mean_abs_feat_delta = 0.242204\n"}
,{"stream_name":"stdout","time":2305.360234367,"data":"EDGE_TTA_ACTIVE views = 8 mean_abs_feat_delta = 0.285694\n"}
,{"stream_name":"stdout","time":2306.176527029,"data":"EDGE_TTA_ACTIVE views = 8 mean_abs_feat_delta = 0.328908\n"}
,{"stream_name":"stdout","time":2306.361817107,"data":"SECONDARY_EDGE_TTA_ACTIVE views = 8 weight = 0.75 mean_abs_feat_delta = 0.216736\n"}
,{"stream_name":"stdout","time":2307.186239611,"data":"SECONDARY_EDGE_TTA_ACTIVE views = 8 weight = 0.75 mean_abs_feat_delta = 0.245859\n"}
,{"stream_name":"stdout","time":2307.471271315,"data":"EDGE_TTA_ACTIVE views = 8 mean_abs_feat_delta = 0.282414\n"}
,{"stream_name":"stdout","time":2308.29599129,"data":"EDGE_TTA_ACTIVE views = 8 mean_abs_feat_delta = 0.327794\n"}
,{"stream_name":"stdout","time":2308.47720682,"data":"SECONDARY_EDGE_TTA_ACTIVE views = 8 weight = 0.75 mean_abs_feat_delta = 0.223107\n"}
,{"stream_name":"stdout","time":2309.311804287,"data":"SECONDARY_EDGE_TTA_ACTIVE views = 8 weight = 0.75 mean_abs_feat_delta = 0.252442\n"}
,{"stream_name":"stdout","time":2309.615730389,"data":"EDGE_TTA_ACTIVE views = 8 mean_abs_feat_delta = 0.285759\n"}
,{"stream_name":"stdout","time":2310.40998385,"data":"EDGE_TTA_ACTIVE views = 8 mean_abs_feat_delta = 0.325619\n"}
,{"stream_name":"stdout","time":2310.618117552,"data":"SECONDARY_EDGE_TTA_ACTIVE views = 8 weight = 0.75 mean_abs_feat_delta = 0.217137\n"}
,{"stream_name":"stdout","time":2311.43143588,"data":"SECONDARY_EDGE_TTA_ACTIVE views = 8 weight = 0.75 mean_abs_feat_delta = 0.24958\n"}
,{"stream_name":"stdout","time":2311.76138414,"data":"EDGE_TTA_ACTIVE views = 8 mean_abs_feat_delta = 0.283365\n"}
,{"stream_name":"stdout","time":2312.585774094,"data":"EDGE_TTA_ACTIVE views = 8 mean_abs_feat_delta = 0.326224\n"}
,{"stream_name":"stdout","time":2312.764679268,"data":"SECONDARY_EDGE_TTA_ACTIVE views = 8 weight = 0.75 mean_abs_feat_delta = 0.213965\n"}
,{"stream_name":"stdout","time":2313.611665302,"data":"SECONDARY_EDGE_TTA_ACTIVE views = 8 weight = 0.75 mean_abs_feat_delta = 0.247268\n"}
,{"stream_name":"stdout","time":2313.900528214,"data":"EDGE_TTA_ACTIVE views = 8 mean_abs_feat_delta = 0.283423\n"}
,{"stream_name":"stdout","time":2314.714807085,"data":"EDGE_TTA_ACTIVE views = 8 mean_abs_feat_delta = 0.321245\n"}
,{"stream_name":"stdout","time":2314.904607033,"data":"SECONDARY_EDGE_TTA_ACTIVE views = 8 weight = 0.75 mean_abs_feat_delta = 0.217877\n"}
,{"stream_name":"stdout","time":2315.733798365,"data":"SECONDARY_EDGE_TTA_ACTIVE views = 8 weight = 0.75 mean_abs_feat_delta = 0.245553\n"}
,{"stream_name":"stdout","time":2316.010730362,"data":"EDGE_TTA_ACTIVE views = 8 mean_abs_feat_delta = 0.280705\n"}
,{"stream_name":"stdout","time":2316.914657143,"data":"EDGE_TTA_ACTIVE views = 8 mean_abs_feat_delta = 0.319781\n"}
,{"stream_name":"stdout","time":2317.01699371,"data":"SECONDARY_EDGE_TTA_ACTIVE views = 8 weight = 0.75 mean_abs_feat_delta = 0.214735\n"}
,{"stream_name":"stdout","time":2317.940381935,"data":"SECONDARY_EDGE_TTA_ACTIVE views = 8 weight = 0.75 mean_abs_feat_delta = 0.244675\n"}
,{"stream_name":"stdout","time":2318.20787233,"data":"EDGE_TTA_ACTIVE views = 8 mean_abs_feat_delta = 0.284385\n"}
,{"stream_name":"stdout","time":2319.196772036,"data":"EDGE_TTA_ACTIVE views = 8 mean_abs_feat_delta = 0.322829\n"}
,{"stream_name":"stdout","time":2319.213844391,"data":"SECONDARY_EDGE_TTA_ACTIVE views = 8 weight = 0.75 mean_abs_feat_delta = 0.214595\n"}
,{"stream_name":"stdout","time":2320.063950292,"data":"SECONDARY_EDGE_TTA_ACTIVE views = 8 weight = 0.75 mean_abs_feat_delta = 0.246191\n"}
,{"stream_name":"stdout","time":2320.314429722,"data":"EDGE_TTA_ACTIVE views = 8 mean_abs_feat_delta = 0.285391\n"}
,{"stream_name":"stdout","time":2321.161477886,"data":"EDGE_TTA_ACTIVE views = 8 mean_abs_feat_delta = 0.326443\n"}
,{"stream_name":"stdout","time":2321.32036518,"data":"SECONDARY_EDGE_TTA_ACTIVE views = 8 weight = 0.75 mean_abs_feat_delta = 0.214519\n"}
,{"stream_name":"stdout","time":2322.191085182,"data":"SECONDARY_EDGE_TTA_ACTIVE views = 8 weight = 0.75 mean_abs_feat_delta = 0.240071\n"}
,{"stream_name":"stdout","time":2322.453990688,"data":"EDGE_TTA_ACTIVE views = 8 mean_abs_feat_delta = 0.282606\n"}
,{"stream_name":"stdout","time":2323.286699521,"data":"EDGE_TTA_ACTIVE views = 8 mean_abs_feat_delta = 0.326852\n"}
,{"stream_name":"stdout","time":2323.455922706,"data":"SECONDARY_EDGE_TTA_ACTIVE views = 8 weight = 0.75 mean_abs_feat_delta = 0.221862\n"}
,{"stream_name":"stdout","time":2324.314645767,"data":"SECONDARY_EDGE_TTA_ACTIVE views = 8 weight = 0.75 mean_abs_feat_delta = 0.239234\n"}
,{"stream_name":"stdout","time":2324.610116083,"data":"EDGE_TTA_ACTIVE views = 8 mean_abs_feat_delta = 0.275618\n"}
,{"stream_name":"stdout","time":2325.44043955,"data":"EDGE_TTA_ACTIVE views = 8 mean_abs_feat_delta = 0.329914\n"}
,{"stream_name":"stdout","time":2325.613157812,"data":"SECONDARY_EDGE_TTA_ACTIVE views = 8 weight = 0.75 mean_abs_feat_delta = 0.241752\n"}
,{"stream_name":"stdout","time":2326.464140579,"data":"SECONDARY_EDGE_TTA_ACTIVE views = 8 weight = 0.75 mean_abs_feat_delta = 0.23907\n"}
,{"stream_name":"stdout","time":2326.75664147,"data":"EDGE_TTA_ACTIVE views = 8 mean_abs_feat_delta = 0.28438\n"}
,{"stream_name":"stdout","time":2327.618235001,"data":"EDGE_TTA_ACTIVE views = 8 mean_abs_feat_delta = 0.3332\n"}
,{"stream_name":"stdout","time":2327.763182698,"data":"SECONDARY_EDGE_TTA_ACTIVE views = 8 weight = 0.75 mean_abs_feat_delta = 0.223141\n"}
,{"stream_name":"stdout","time":2328.638261018,"data":"SECONDARY_EDGE_TTA_ACTIVE views = 8 weight = 0.75 mean_abs_feat_delta = 0.240973\n"}
,{"stream_name":"stdout","time":2328.889441221,"data":"EDGE_TTA_ACTIVE views = 8 mean_abs_feat_delta = 0.289699\n"}
,{"stream_name":"stdout","time":2329.755971544,"data":"EDGE_TTA_ACTIVE views = 8 mean_abs_feat_delta = 0.326396\n"}
,{"stream_name":"stdout","time":2329.889777243,"data":"SECONDARY_EDGE_TTA_ACTIVE views = 8 weight = 0.75 mean_abs_feat_delta = 0.222445\n"}
,{"stream_name":"stdout","time":2330.775112507,"data":"SECONDARY_EDGE_TTA_ACTIVE views = 8 weight = 0.75 mean_abs_feat_delta = 0.241149\n"}
,{"stream_name":"stdout","time":2330.992440967,"data":"EDGE_TTA_ACTIVE views = 8 mean_abs_feat_delta = 0.289712\n"}
,{"stream_name":"stdout","time":2331.916209289,"data":"EDGE_TTA_ACTIVE views = 8 mean_abs_feat_delta = 0.327676\n"}
,{"stream_name":"stdout","time":2331.987433845,"data":"SECONDARY_EDGE_TTA_ACTIVE views = 8 weight = 0.75 mean_abs_feat_delta = 0.221178\n"}
,{"stream_name":"stdout","time":2332.93155588,"data":"SECONDARY_EDGE_TTA_ACTIVE views = 8 weight = 0.75 mean_abs_feat_delta = 0.239348\n"}
,{"stream_name":"stdout","time":2333.09740575,"data":"EDGE_TTA_ACTIVE views = 8 mean_abs_feat_delta = 0.28685\n"}
,{"stream_name":"stdout","time":2334.026619959,"data":"EDGE_TTA_ACTIVE views = 8 mean_abs_feat_delta = 0.330541\n"}
,{"stream_name":"stdout","time":2334.092763275,"data":"SECONDARY_EDGE_TTA_ACTIVE views = 8 weight = 0.75 mean_abs_feat_delta = 0.2276\n"}
,{"stream_name":"stdout","time":2335.038192321,"data":"SECONDARY_EDGE_TTA_ACTIVE views = 8 weight = 0.75 mean_abs_feat_delta = 0.242865\n"}
,{"stream_name":"stdout","time":2335.226035844,"data":"EDGE_TTA_ACTIVE views = 8 mean_abs_feat_delta = 0.276535\n"}
,{"stream_name":"stdout","time":2336.149636636,"data":"EDGE_TTA_ACTIVE views = 8 mean_abs_feat_delta = 0.335217\n"}
,{"stream_name":"stdout","time":2336.221203722,"data":"SECONDARY_EDGE_TTA_ACTIVE views = 8 weight = 0.75 mean_abs_feat_delta = 0.249655\n"}
,{"stream_name":"stdout","time":2337.159360392,"data":"SECONDARY_EDGE_TTA_ACTIVE views = 8 weight = 0.75 mean_abs_feat_delta = 0.240063\n"}
,{"stream_name":"stdout","time":2337.357732253,"data":"EDGE_TTA_ACTIVE views = 8 mean_abs_feat_delta = 0.287692\n"}
,{"stream_name":"stdout","time":2338.291989525,"data":"EDGE_TTA_ACTIVE views = 8 mean_abs_feat_delta = 0.33513\n"}
,{"stream_name":"stdout","time":2338.350084185,"data":"SECONDARY_EDGE_TTA_ACTIVE views = 8 weight = 0.75 mean_abs_feat_delta = 0.222273\n"}
,{"stream_name":"stdout","time":2339.294753075,"data":"SECONDARY_EDGE_TTA_ACTIVE views = 8 weight = 0.75 mean_abs_feat_delta = 0.240997\n"}
,{"stream_name":"stdout","time":2339.470732745,"data":"EDGE_TTA_ACTIVE views = 8 mean_abs_feat_delta = 0.280114\n"}
,{"stream_name":"stdout","time":2340.427731668,"data":"EDGE_TTA_ACTIVE views = 8 mean_abs_feat_delta = 0.328111\n"}
,{"stream_name":"stdout","time":2340.460832187,"data":"SECONDARY_EDGE_TTA_ACTIVE views = 8 weight = 0.75 mean_abs_feat_delta = 0.238191\n"}
,{"stream_name":"stdout","time":2341.424449061,"data":"SECONDARY_EDGE_TTA_ACTIVE views = 8 weight = 0.75 mean_abs_feat_delta = 0.238986\n"}
,{"stream_name":"stdout","time":2341.576236795,"data":"EDGE_TTA_ACTIVE views = 8 mean_abs_feat_delta = 0.287119\n"}
,{"stream_name":"stdout","time":2342.533236302,"data":"EDGE_TTA_ACTIVE views = 8 mean_abs_feat_delta = 0.326627\n"}
,{"stream_name":"stdout","time":2342.566285353,"data":"SECONDARY_EDGE_TTA_ACTIVE views = 8 weight = 0.75 mean_abs_feat_delta = 0.222817\n"}
,{"stream_name":"stdout","time":2343.530815238,"data":"SECONDARY_EDGE_TTA_ACTIVE views = 8 weight = 0.75 mean_abs_feat_delta = 0.235807\n"}
,{"stream_name":"stdout","time":2343.665100221,"data":"EDGE_TTA_ACTIVE views = 8 mean_abs_feat_delta = 0.282418\n"}
,{"stream_name":"stdout","time":2344.62498488,"data":"EDGE_TTA_ACTIVE views = 8 mean_abs_feat_delta = 0.329018\n"}
,{"stream_name":"stdout","time":2344.654811479,"data":"SECONDARY_EDGE_TTA_ACTIVE views = 8 weight = 0.75 mean_abs_feat_delta = 0.228649\n"}
,{"stream_name":"stdout","time":2345.617965693,"data":"SECONDARY_EDGE_TTA_ACTIVE views = 8 weight = 0.75 mean_abs_feat_delta = 0.235973\n"}
,{"stream_name":"stdout","time":2345.813748275,"data":"EDGE_TTA_ACTIVE views = 8 mean_abs_feat_delta = 0.275023\n"}
,{"stream_name":"stdout","time":2346.717848079,"data":"EDGE_TTA_ACTIVE views = 8 mean_abs_feat_delta = 0.333443\n"}
,{"stream_name":"stdout","time":2346.79972822,"data":"SECONDARY_EDGE_TTA_ACTIVE views = 8 weight = 0.75 mean_abs_feat_delta = 0.244711\n"}
,{"stream_name":"stdout","time":2347.711751203,"data":"SECONDARY_EDGE_TTA_ACTIVE views = 8 weight = 0.75 mean_abs_feat_delta = 0.23251\n"}
,{"stream_name":"stdout","time":2347.883714954,"data":"EDGE_TTA_ACTIVE views = 8 mean_abs_feat_delta = 0.279236\n"}
,{"stream_name":"stdout","time":2348.801409787,"data":"EDGE_TTA_ACTIVE views = 8 mean_abs_feat_delta = 0.336707\n"}
,{"stream_name":"stdout","time":2348.85883463,"data":"SECONDARY_EDGE_TTA_ACTIVE views = 8 weight = 0.75 mean_abs_feat_delta = 0.224498\n"}
,{"stream_name":"stdout","time":2349.928411671,"data":"SECONDARY_EDGE_TTA_ACTIVE views = 8 weight = 0.75 mean_abs_feat_delta = 0.23487\n"}
,{"stream_name":"stdout","time":2349.974486844,"data":"EDGE_TTA_ACTIVE views = 8 mean_abs_feat_delta = 0.280951\n"}
,{"stream_name":"stdout","time":2350.914434576,"data":"EDGE_TTA_ACTIVE views = 8 mean_abs_feat_delta = 0.335779\n"}
,{"stream_name":"stdout","time":2350.960810093,"data":"SECONDARY_EDGE_TTA_ACTIVE views = 8 weight = 0.75 mean_abs_feat_delta = 0.222975\n"}
,{"stream_name":"stdout","time":2351.907619148,"data":"SECONDARY_EDGE_TTA_ACTIVE views = 8 weight = 0.75 mean_abs_feat_delta = 0.236062\n"}
,{"stream_name":"stdout","time":2352.145840742,"data":"EDGE_TTA_ACTIVE views = 8 mean_abs_feat_delta = 0.282683\n"}
,{"stream_name":"stdout","time":2352.994054702,"data":"EDGE_TTA_ACTIVE views = 8 mean_abs_feat_delta = 0.328211\n"}
,{"stream_name":"stdout","time":2353.135801428,"data":"SECONDARY_EDGE_TTA_ACTIVE views = 8 weight = 0.75 mean_abs_feat_delta = 0.216934\n"}
,{"stream_name":"stdout","time":2353.992819178,"data":"SECONDARY_EDGE_TTA_ACTIVE views = 8 weight = 0.75 mean_abs_feat_delta = 0.236109\n"}
,{"stream_name":"stdout","time":2354.253383987,"data":"EDGE_TTA_ACTIVE views = 8 mean_abs_feat_delta = 0.279078\n"}
,{"stream_name":"stdout","time":2355.083847799,"data":"EDGE_TTA_ACTIVE views = 8 mean_abs_feat_delta = 0.323615\n"}
,{"stream_name":"stdout","time":2355.239549979,"data":"SECONDARY_EDGE_TTA_ACTIVE views = 8 weight = 0.75 mean_abs_feat_delta = 0.233215\n"}
,{"stream_name":"stdout","time":2356.076166257,"data":"SECONDARY_EDGE_TTA_ACTIVE views = 8 weight = 0.75 mean_abs_feat_delta = 0.237271\n"}
,{"stream_name":"stdout","time":2356.341619234,"data":"EDGE_TTA_ACTIVE views = 8 mean_abs_feat_delta = 0.283394\n"}
,{"stream_name":"stdout","time":2357.181021616,"data":"EDGE_TTA_ACTIVE views = 8 mean_abs_feat_delta = 0.324693\n"}
,{"stream_name":"stdout","time":2357.327142002,"data":"SECONDARY_EDGE_TTA_ACTIVE views = 8 weight = 0.75 mean_abs_feat_delta = 0.22335\n"}
,{"stream_name":"stdout","time":2358.170330522,"data":"SECONDARY_EDGE_TTA_ACTIVE views = 8 weight = 0.75 mean_abs_feat_delta = 0.238368\n"}
,{"stream_name":"stdout","time":2358.431134195,"data":"EDGE_TTA_ACTIVE views = 8 mean_abs_feat_delta = 0.281801\n"}
,{"stream_name":"stdout","time":2359.228578287,"data":"EDGE_TTA_ACTIVE views = 8 mean_abs_feat_delta = 0.32651\n"}
,{"stream_name":"stdout","time":2359.412169351,"data":"SECONDARY_EDGE_TTA_ACTIVE views = 8 weight = 0.75 mean_abs_feat_delta = 0.223991\n"}
,{"stream_name":"stdout","time":2360.226826438,"data":"SECONDARY_EDGE_TTA_ACTIVE views = 8 weight = 0.75 mean_abs_feat_delta = 0.238582\n"}
,{"stream_name":"stdout","time":2360.527769484,"data":"EDGE_TTA_ACTIVE views = 8 mean_abs_feat_delta = 0.283172\n"}
,{"stream_name":"stdout","time":2361.311690594,"data":"EDGE_TTA_ACTIVE views = 8 mean_abs_feat_delta = 0.328408\n"}
,{"stream_name":"stdout","time":2361.517745814,"data":"SECONDARY_EDGE_TTA_ACTIVE views = 8 weight = 0.75 mean_abs_feat_delta = 0.226702\n"}
,{"stream_name":"stdout","time":2362.312760022,"data":"SECONDARY_EDGE_TTA_ACTIVE views = 8 weight = 0.75 mean_abs_feat_delta = 0.239577\n"}
,{"stream_name":"stdout","time":2362.654770215,"data":"EDGE_TTA_ACTIVE views = 8 mean_abs_feat_delta = 0.281577\n"}
,{"stream_name":"stdout","time":2363.437452005,"data":"EDGE_TTA_ACTIVE views = 8 mean_abs_feat_delta = 0.328975\n"}
,{"stream_name":"stdout","time":2363.644841826,"data":"SECONDARY_EDGE_TTA_ACTIVE views = 8 weight = 0.75 mean_abs_feat_delta = 0.212977\n"}
,{"stream_name":"stdout","time":2364.435550638,"data":"SECONDARY_EDGE_TTA_ACTIVE views = 8 weight = 0.75 mean_abs_feat_delta = 0.236484\n"}
,{"stream_name":"stdout","time":2364.729403403,"data":"EDGE_TTA_ACTIVE views = 8 mean_abs_feat_delta = 0.286587\n"}
,{"stream_name":"stdout","time":2365.500723527,"data":"EDGE_TTA_ACTIVE views = 8 mean_abs_feat_delta = 0.329898\n"}
,{"stream_name":"stdout","time":2365.718467576,"data":"SECONDARY_EDGE_TTA_ACTIVE views = 8 weight = 0.75 mean_abs_feat_delta = 0.21183\n"}
,{"stream_name":"stdout","time":2366.497563644,"data":"SECONDARY_EDGE_TTA_ACTIVE views = 8 weight = 0.75 mean_abs_feat_delta = 0.237993\n"}
,{"stream_name":"stdout","time":2366.812773884,"data":"EDGE_TTA_ACTIVE views = 8 mean_abs_feat_delta = 0.290972\n"}
,{"stream_name":"stdout","time":2367.570083842,"data":"EDGE_TTA_ACTIVE views = 8 mean_abs_feat_delta = 0.327894\n"}
,{"stream_name":"stdout","time":2367.805834603,"data":"SECONDARY_EDGE_TTA_ACTIVE views = 8 weight = 0.75 mean_abs_feat_delta = 0.224569\n"}
,{"stream_name":"stdout","time":2368.573200992,"data":"SECONDARY_EDGE_TTA_ACTIVE views = 8 weight = 0.75 mean_abs_feat_delta = 0.237807\n"}
,{"stream_name":"stdout","time":2368.934213884,"data":"EDGE_TTA_ACTIVE views = 8 mean_abs_feat_delta = 0.288332\n"}
,{"stream_name":"stdout","time":2369.676258156,"data":"EDGE_TTA_ACTIVE views = 8 mean_abs_feat_delta = 0.327075\n"}
,{"stream_name":"stdout","time":2369.924011382,"data":"SECONDARY_EDGE_TTA_ACTIVE views = 8 weight = 0.75 mean_abs_feat_delta = 0.225751\n"}
,{"stream_name":"stdout","time":2370.677915736,"data":"SECONDARY_EDGE_TTA_ACTIVE views = 8 weight = 0.75 mean_abs_feat_delta = 0.23964\n"}
,{"stream_name":"stdout","time":2371.055125356,"data":"EDGE_TTA_ACTIVE views = 8 mean_abs_feat_delta = 0.29016\n"}
,{"stream_name":"stdout","time":2371.744048661,"data":"EDGE_TTA_ACTIVE views = 8 mean_abs_feat_delta = 0.325235\n"}
,{"stream_name":"stdout","time":2372.050588895,"data":"SECONDARY_EDGE_TTA_ACTIVE views = 8 weight = 0.75 mean_abs_feat_delta = 0.228961\n"}
,{"stream_name":"stdout","time":2372.746830355,"data":"SECONDARY_EDGE_TTA_ACTIVE views = 8 weight = 0.75 mean_abs_feat_delta = 0.238017\n"}
,{"stream_name":"stdout","time":2373.151288803,"data":"EDGE_TTA_ACTIVE views = 8 mean_abs_feat_delta = 0.292393\n"}
,{"stream_name":"stdout","time":2373.872770182,"data":"EDGE_TTA_ACTIVE views = 8 mean_abs_feat_delta = 0.322041\n"}
,{"stream_name":"stdout","time":2374.147038832,"data":"SECONDARY_EDGE_TTA_ACTIVE views = 8 weight = 0.75 mean_abs_feat_delta = 0.223144\n"}
,{"stream_name":"stdout","time":2374.878371219,"data":"SECONDARY_EDGE_TTA_ACTIVE views = 8 weight = 0.75 mean_abs_feat_delta = 0.238274\n"}
,{"stream_name":"stdout","time":2375.338135012,"data":"EDGE_TTA_ACTIVE views = 8 mean_abs_feat_delta = 0.284525\n"}
,{"stream_name":"stdout","time":2375.984053286,"data":"EDGE_TTA_ACTIVE views = 8 mean_abs_feat_delta = 0.322646\n"}
,{"stream_name":"stdout","time":2376.333282555,"data":"SECONDARY_EDGE_TTA_ACTIVE views = 8 weight = 0.75 mean_abs_feat_delta = 0.24042\n"}
,{"stream_name":"stdout","time":2376.994359079,"data":"SECONDARY_EDGE_TTA_ACTIVE views = 8 weight = 0.75 mean_abs_feat_delta = 0.237859\n"}
,{"stream_name":"stdout","time":2378.073963752,"data":"EDGE_TTA_ACTIVE views = 8 mean_abs_feat_delta = 0.321154\n"}
,{"stream_name":"stdout","time":2379.083361472,"data":"SECONDARY_EDGE_TTA_ACTIVE views = 8 weight = 0.75 mean_abs_feat_delta = 0.240778\n"}
,{"stream_name":"stdout","time":2380.505246204,"data":"EDGE_TTA_ACTIVE views = 8 mean_abs_feat_delta = 0.323674\n"}
,{"stream_name":"stdout","time":2381.307480921,"data":"SECONDARY_EDGE_TTA_ACTIVE views = 8 weight = 0.75 mean_abs_feat_delta = 0.237089\n"}
,{"stream_name":"stdout","time":2382.514173835,"data":"EDGE_TTA_ACTIVE views = 8 mean_abs_feat_delta = 0.323378\n"}
,{"stream_name":"stdout","time":2383.527262623,"data":"SECONDARY_EDGE_TTA_ACTIVE views = 8 weight = 0.75 mean_abs_feat_delta = 0.235941\n"}
,{"stream_name":"stdout","time":2384.681158429,"data":"EDGE_TTA_ACTIVE views = 8 mean_abs_feat_delta = 0.321629\n"}
,{"stream_name":"stdout","time":2385.695033909,"data":"SECONDARY_EDGE_TTA_ACTIVE views = 8 weight = 0.75 mean_abs_feat_delta = 0.235451\n"}
,{"stream_name":"stdout","time":2386.834079171,"data":"EDGE_TTA_ACTIVE views = 8 mean_abs_feat_delta = 0.318921\n"}
,{"stream_name":"stdout","time":2387.850148207,"data":"SECONDARY_EDGE_TTA_ACTIVE views = 8 weight = 0.75 mean_abs_feat_delta = 0.232827\n"}
,{"stream_name":"stdout","time":2388.963235774,"data":"EDGE_TTA_ACTIVE views = 8 mean_abs_feat_delta = 0.320734\n"}
,{"stream_name":"stdout","time":2389.978762165,"data":"SECONDARY_EDGE_TTA_ACTIVE views = 8 weight = 0.75 mean_abs_feat_delta = 0.235531\n"}
,{"stream_name":"stdout","time":2391.091538921,"data":"EDGE_TTA_ACTIVE views = 8 mean_abs_feat_delta = 0.323839\n"}
,{"stream_name":"stdout","time":2392.107981401,"data":"SECONDARY_EDGE_TTA_ACTIVE views = 8 weight = 0.75 mean_abs_feat_delta = 0.232285\n"}
,{"stream_name":"stdout","time":2393.220773566,"data":"EDGE_TTA_ACTIVE views = 8 mean_abs_feat_delta = 0.322788\n"}
,{"stream_name":"stdout","time":2394.240804586,"data":"SECONDARY_EDGE_TTA_ACTIVE views = 8 weight = 0.75 mean_abs_feat_delta = 0.230336\n"}
,{"stream_name":"stdout","time":2395.330233056,"data":"EDGE_TTA_ACTIVE views = 8 mean_abs_feat_delta = 0.32248\n"}
,{"stream_name":"stdout","time":2396.35241342,"data":"SECONDARY_EDGE_TTA_ACTIVE views = 8 weight = 0.75 mean_abs_feat_delta = 0.230028\n"}
,{"stream_name":"stdout","time":2397.474676335,"data":"EDGE_TTA_ACTIVE views = 8 mean_abs_feat_delta = 0.319289\n"}
,{"stream_name":"stdout","time":2398.494793917,"data":"SECONDARY_EDGE_TTA_ACTIVE views = 8 weight = 0.75 mean_abs_feat_delta = 0.22852\n"}
,{"stream_name":"stdout","time":2399.644723916,"data":"EDGE_TTA_ACTIVE views = 8 mean_abs_feat_delta = 0.321281\n"}
,{"stream_name":"stdout","time":2400.663885977,"data":"SECONDARY_EDGE_TTA_ACTIVE views = 8 weight = 0.75 mean_abs_feat_delta = 0.229654\n"}
,{"stream_name":"stdout","time":2401.750228341,"data":"EDGE_TTA_ACTIVE views = 8 mean_abs_feat_delta = 0.320096\n"}
,{"stream_name":"stdout","time":2402.768074272,"data":"SECONDARY_EDGE_TTA_ACTIVE views = 8 weight = 0.75 mean_abs_feat_delta = 0.233875\n"}
,{"stream_name":"stdout","time":2403.917366174,"data":"EDGE_TTA_ACTIVE views = 8 mean_abs_feat_delta = 0.322533\n"}
,{"stream_name":"stdout","time":2404.600261301,"data":"Saved 4 predictions to /kaggle/working/tracking_repo/predictions/unknown/unet_transformer_val_gpu1/split_0\n"}
,{"stream_name":"stdout","time":2404.937815866,"data":"SECONDARY_EDGE_TTA_ACTIVE views = 8 weight = 0.75 mean_abs_feat_delta = 0.236398\n"}
,{"stream_name":"stdout","time":2406.025183076,"data":"EDGE_TTA_ACTIVE views = 8 mean_abs_feat_delta = 0.324871\n"}
,{"stream_name":"stdout","time":2407.040978958,"data":"SECONDARY_EDGE_TTA_ACTIVE views = 8 weight = 0.75 mean_abs_feat_delta = 0.231312\n"}
,{"stream_name":"stdout","time":2408.154921201,"data":"EDGE_TTA_ACTIVE views = 8 mean_abs_feat_delta = 0.322556\n"}
,{"stream_name":"stdout","time":2409.171245065,"data":"SECONDARY_EDGE_TTA_ACTIVE views = 8 weight = 0.75 mean_abs_feat_delta = 0.231049\n"}
,{"stream_name":"stdout","time":2410.280034481,"data":"EDGE_TTA_ACTIVE views = 8 mean_abs_feat_delta = 0.320114\n"}
,{"stream_name":"stdout","time":2411.402422778,"data":"SECONDARY_EDGE_TTA_ACTIVE views = 8 weight = 0.75 mean_abs_feat_delta = 0.231387\n"}
,{"stream_name":"stdout","time":2412.404533772,"data":"EDGE_TTA_ACTIVE views = 8 mean_abs_feat_delta = 0.318514\n"}
,{"stream_name":"stdout","time":2413.415066562,"data":"SECONDARY_EDGE_TTA_ACTIVE views = 8 weight = 0.75 mean_abs_feat_delta = 0.228925\n"}
,{"stream_name":"stdout","time":2414.513410048,"data":"EDGE_TTA_ACTIVE views = 8 mean_abs_feat_delta = 0.322403\n"}
,{"stream_name":"stdout","time":2415.520936584,"data":"SECONDARY_EDGE_TTA_ACTIVE views = 8 weight = 0.75 mean_abs_feat_delta = 0.233001\n"}
,{"stream_name":"stdout","time":2416.649447384,"data":"EDGE_TTA_ACTIVE views = 8 mean_abs_feat_delta = 0.320312\n"}
,{"stream_name":"stdout","time":2417.651441861,"data":"SECONDARY_EDGE_TTA_ACTIVE views = 8 weight = 0.75 mean_abs_feat_delta = 0.231556\n"}
,{"stream_name":"stdout","time":2418.745018319,"data":"EDGE_TTA_ACTIVE views = 8 mean_abs_feat_delta = 0.324015\n"}
,{"stream_name":"stdout","time":2419.741822626,"data":"SECONDARY_EDGE_TTA_ACTIVE views = 8 weight = 0.75 mean_abs_feat_delta = 0.231264\n"}
,{"stream_name":"stdout","time":2420.837141524,"data":"EDGE_TTA_ACTIVE views = 8 mean_abs_feat_delta = 0.326506\n"}
,{"stream_name":"stdout","time":2421.836368788,"data":"SECONDARY_EDGE_TTA_ACTIVE views = 8 weight = 0.75 mean_abs_feat_delta = 0.229436\n"}
,{"stream_name":"stdout","time":2422.943430725,"data":"EDGE_TTA_ACTIVE views = 8 mean_abs_feat_delta = 0.326088\n"}
,{"stream_name":"stdout","time":2423.937029527,"data":"SECONDARY_EDGE_TTA_ACTIVE views = 8 weight = 0.75 mean_abs_feat_delta = 0.229138\n"}
,{"stream_name":"stdout","time":2425.054254122,"data":"EDGE_TTA_ACTIVE views = 8 mean_abs_feat_delta = 0.325667\n"}
,{"stream_name":"stdout","time":2426.050761631,"data":"SECONDARY_EDGE_TTA_ACTIVE views = 8 weight = 0.75 mean_abs_feat_delta = 0.22983\n"}
,{"stream_name":"stdout","time":2427.140039897,"data":"EDGE_TTA_ACTIVE views = 8 mean_abs_feat_delta = 0.328685\n"}
,{"stream_name":"stdout","time":2428.136418028,"data":"SECONDARY_EDGE_TTA_ACTIVE views = 8 weight = 0.75 mean_abs_feat_delta = 0.230204\n"}
,{"stream_name":"stdout","time":2429.278116292,"data":"EDGE_TTA_ACTIVE views = 8 mean_abs_feat_delta = 0.327838\n"}
,{"stream_name":"stdout","time":2430.273602154,"data":"SECONDARY_EDGE_TTA_ACTIVE views = 8 weight = 0.75 mean_abs_feat_delta = 0.230942\n"}
,{"stream_name":"stdout","time":2431.36017879,"data":"EDGE_TTA_ACTIVE views = 8 mean_abs_feat_delta = 0.330718\n"}
,{"stream_name":"stdout","time":2432.356135559,"data":"SECONDARY_EDGE_TTA_ACTIVE views = 8 weight = 0.75 mean_abs_feat_delta = 0.226047\n"}
,{"stream_name":"stdout","time":2438.440222443,"data":"Saved 4 predictions to /kaggle/working/tracking_repo/predictions/unknown/unet_transformer_val_gpu0/split_0\n"}
,{"stream_name":"stdout","time":2440.472924904,"data":"VALIDATOR prediction minutes: 15.85\n"}
,{"stream_name":"stdout","time":2445.530000367,"data":"[44b6_12dfb391] after edge-filter+motion-relink: 45351 nodes, 42870 edges\n"}
,{"stream_name":"stdout","time":2458.554358751,"data":"[44b6_12dfb391] after gap-closing (single-frame + gap2): 46068 nodes, 44229 edges\n"}
,{"stream_name":"stdout","time":2485.68990173,"data":"[44b6_12dfb391] after safe-division repair: 46068 nodes, 44261 edges (geometric_candidates = 175, deepcenter_rejected = 143, post_veto_candidates = 32, added = 32, cap_skipped = 0, mutual_nn_rejected = 67, divergence_rejected = 1699)\n"}
,{"stream_name":"stdout","time":2485.689945127,"data":"[44b6_12dfb391] after division-geometry-filter+prune-isolated: 46068 nodes, 44261 edges\n"}
,{"stream_name":"stdout","time":2485.689953016,"data":"[44b6_12dfb391] after short-track filtering: 44814 nodes, 43289 edges (components_removed = 282)\n"}
,{"stream_name":"stdout","time":2494.377284855,"data":"[44b6_12dfb391] FINAL: 44814 nodes, 43289 edges\n"}
,{"stream_name":"stdout","time":2494.724710578,"data":"[44b6_267148e4] after edge-filter+motion-relink: 22829 nodes, 21426 edges\n"}
,{"stream_name":"stdout","time":2508.566532002,"data":"[44b6_267148e4] after gap-closing (single-frame + gap2): 23106 nodes, 21927 edges\n"}
,{"stream_name":"stdout","time":2534.509350774,"data":"[44b6_267148e4] after safe-division repair: 23106 nodes, 21957 edges (geometric_candidates = 224, deepcenter_rejected = 185, post_veto_candidates = 39, added = 30, cap_skipped = 0, mutual_nn_rejected = 127, divergence_rejected = 1038)\n"}
,{"stream_name":"stdout","time":2534.509388337,"data":"[44b6_267148e4] after division-geometry-filter+prune-isolated: 23105 nodes, 21957 edges\n"}
,{"stream_name":"stdout","time":2534.509394659,"data":"[44b6_267148e4] after short-track filtering: 22305 nodes, 21335 edges (components_removed = 178)\n"}
,{"stream_name":"stdout","time":2538.645874742,"data":"[44b6_267148e4] FINAL: 22305 nodes, 21335 edges\n"}
,{"stream_name":"stdout","time":2538.998027119,"data":"[44b6_2a2eff9f] after edge-filter+motion-relink: 40928 nodes, 38160 edges\n"}
,{"stream_name":"stdout","time":2554.64248203,"data":"[44b6_2a2eff9f] after gap-closing (single-frame + gap2): 41547 nodes, 39318 edges\n"}
,{"stream_name":"stdout","time":2585.793198185,"data":"[44b6_2a2eff9f] after safe-division repair: 41547 nodes, 39362 edges (geometric_candidates = 345, deepcenter_rejected = 301, post_veto_candidates = 44, added = 44, cap_skipped = 0, mutual_nn_rejected = 84, divergence_rejected = 1869)\n"}
,{"stream_name":"stdout","time":2585.79323802,"data":"[44b6_2a2eff9f] after division-geometry-filter+prune-isolated: 41547 nodes, 39362 edges\n"}
,{"stream_name":"stdout","time":2585.793245553,"data":"[44b6_2a2eff9f] after short-track filtering: 39951 nodes, 38122 edges (components_removed = 356)\n"}
,{"stream_name":"stdout","time":2593.446783445,"data":"[44b6_2a2eff9f] FINAL: 39951 nodes, 38122 edges\n"}
,{"stream_name":"stdout","time":2593.647834376,"data":"[44b6_341df25f] after edge-filter+motion-relink: 8523 nodes, 8186 edges\n"}
,{"stream_name":"stdout","time":2595.758876488,"data":"[44b6_341df25f] after gap-closing (single-frame + gap2): 8576 nodes, 8277 edges\n"}
,{"stream_name":"stdout","time":2606.461764832,"data":"[44b6_341df25f] after safe-division repair: 8576 nodes, 8289 edges (geometric_candidates = 41, deepcenter_rejected = 27, post_veto_candidates = 14, added = 12, cap_skipped = 0, mutual_nn_rejected = 4, divergence_rejected = 155)\n"}
,{"stream_name":"stdout","time":2606.461824328,"data":"[44b6_341df25f] after division-geometry-filter+prune-isolated: 8576 nodes, 8289 edges\n"}
,{"stream_name":"stdout","time":2606.461832154,"data":"[44b6_341df25f] after short-track filtering: 8382 nodes, 8138 edges (components_removed = 43)\n"}
,{"stream_name":"stdout","time":2608.202015475,"data":"[44b6_341df25f] FINAL: 8382 nodes, 8138 edges\n"}
,{"stream_name":"stdout","time":2608.202056888,"data":"[6bba_062c8d37] after edge-filter+motion-relink: 5997 nodes, 5657 edges\n"}
,{"stream_name":"stdout","time":2609.383961647,"data":"[6bba_062c8d37] after gap-closing (single-frame + gap2): 6050 nodes, 5755 edges\n"}
,{"stream_name":"stdout","time":2614.073433905,"data":"[6bba_062c8d37] after safe-division repair: 6050 nodes, 5761 edges (geometric_candidates = 19, deepcenter_rejected = 12, post_veto_candidates = 7, added = 6, cap_skipped = 0, mutual_nn_rejected = 2, divergence_rejected = 53)\n"}
,{"stream_name":"stdout","time":2614.073490568,"data":"[6bba_062c8d37] after division-geometry-filter+prune-isolated: 6029 nodes, 5761 edges\n"}
,{"stream_name":"stdout","time":2614.073498444,"data":"[6bba_062c8d37] after short-track filtering: 5901 nodes, 5663 edges (components_removed = 30)\n"}
,{"stream_name":"stdout","time":2615.213470102,"data":"[6bba_062c8d37] FINAL: 5901 nodes, 5663 edges\n"}
,{"stream_name":"stdout","time":2615.439693631,"data":"[6bba_07e24132] after edge-filter+motion-relink: 29751 nodes, 27967 edges\n"}
,{"stream_name":"stdout","time":2630.756367737,"data":"[6bba_07e24132] after gap-closing (single-frame + gap2): 30150 nodes, 28702 edges\n"}
,{"stream_name":"stdout","time":2650.915220087,"data":"[6bba_07e24132] after safe-division repair: 30150 nodes, 28712 edges (geometric_candidates = 130, deepcenter_rejected = 120, post_veto_candidates = 10, added = 10, cap_skipped = 0, mutual_nn_rejected = 98, divergence_rejected = 1196)\n"}
,{"stream_name":"stdout","time":2650.9152731,"data":"[6bba_07e24132] after division-geometry-filter+prune-isolated: 30150 nodes, 28712 edges\n"}
,{"stream_name":"stdout","time":2650.91528044,"data":"[6bba_07e24132] after short-track filtering: 29061 nodes, 27866 edges (components_removed = 243)\n"}
,{"stream_name":"stdout","time":2656.604852116,"data":"[6bba_07e24132] FINAL: 29061 nodes, 27866 edges\n"}
,{"stream_name":"stdout","time":2656.893981576,"data":"[6bba_085bf656] after edge-filter+motion-relink: 8417 nodes, 8082 edges\n"}
,{"stream_name":"stdout","time":2657.896639137,"data":"[6bba_085bf656] after gap-closing (single-frame + gap2): 8437 nodes, 8119 edges\n"}
,{"stream_name":"stdout","time":2663.885105118,"data":"[6bba_085bf656] after safe-division repair: 8437 nodes, 8123 edges (geometric_candidates = 22, deepcenter_rejected = 18, post_veto_candidates = 4, added = 4, cap_skipped = 0, mutual_nn_rejected = 4, divergence_rejected = 106)\n"}
,{"stream_name":"stdout","time":2663.88513967,"data":"[6bba_085bf656] after division-geometry-filter+prune-isolated: 8434 nodes, 8123 edges\n"}
,{"stream_name":"stdout","time":2663.885146423,"data":"[6bba_085bf656] after short-track filtering: 8271 nodes, 7995 edges (components_removed = 35)\n"}
,{"stream_name":"stdout","time":2665.348991196,"data":"[6bba_085bf656] FINAL: 8271 nodes, 7995 edges\n"}
,{"stream_name":"stdout","time":2665.586766874,"data":"[6bba_09961292] after edge-filter+motion-relink: 29955 nodes, 28653 edges\n"}
,{"stream_name":"stdout","time":2675.756288323,"data":"[6bba_09961292] after gap-closing (single-frame + gap2): 30229 nodes, 29156 edges\n"}
,{"stream_name":"stdout","time":2691.655468904,"data":"[6bba_09961292] after safe-division repair: 30229 nodes, 29186 edges (geometric_candidates = 125, deepcenter_rejected = 89, post_veto_candidates = 36, added = 30, cap_skipped = 0, mutual_nn_rejected = 95, divergence_rejected = 1112)\n"}
,{"stream_name":"stdout","time":2691.655518535,"data":"[6bba_09961292] after division-geometry-filter+prune-isolated: 30229 nodes, 29186 edges\n"}
,{"stream_name":"stdout","time":2691.655524519,"data":"[6bba_09961292] after short-track filtering: 29659 nodes, 28746 edges (components_removed = 130)\n"}
,{"stream_name":"stdout","time":2697.53514784,"data":"[6bba_09961292] FINAL: 29659 nodes, 28746 edges\n"}
,{"stream_name":"stdout","time":2697.535184582,"data":"VALIDATOR base proxy: 0.973575\n"}
,{"stream_name":"stdout","time":2697.535190653,"data":"VALIDATOR base adjusted edge: 0.942806\n"}
,{"stream_name":"stdout","time":2697.896422205,"data":"[44b6_12dfb391] after edge-filter+motion-relink: 45351 nodes, 42870 edges\n"}
,{"stream_name":"stdout","time":2707.293207383,"data":"[44b6_12dfb391] after gap-closing (single-frame + gap2): 46059 nodes, 44211 edges\n"}
,{"stream_name":"stdout","time":2734.171278904,"data":"[44b6_12dfb391] after safe-division repair: 46059 nodes, 44243 edges (geometric_candidates = 176, deepcenter_rejected = 144, post_veto_candidates = 32, added = 32, cap_skipped = 0, mutual_nn_rejected = 68, divergence_rejected = 1712)\n"}
,{"stream_name":"stdout","time":2734.171341723,"data":"[44b6_12dfb391] after division-geometry-filter+prune-isolated: 46059 nodes, 44243 edges\n"}
,{"stream_name":"stdout","time":2734.171352365,"data":"[44b6_12dfb391] after short-track filtering: 44791 nodes, 43260 edges (components_removed = 285)\n"}
,{"stream_name":"stdout","time":2742.769135846,"data":"[44b6_12dfb391] FINAL: 44791 nodes, 43260 edges\n"}
,{"stream_name":"stdout","time":2743.097118938,"data":"[44b6_267148e4] after edge-filter+motion-relink: 22829 nodes, 21426 edges\n"}
,{"stream_name":"stdout","time":2750.531296525,"data":"[44b6_267148e4] after gap-closing (single-frame + gap2): 23097 nodes, 21909 edges\n"}
,{"stream_name":"stdout","time":2776.237798467,"data":"[44b6_267148e4] after safe-division repair: 23097 nodes, 21939 edges (geometric_candidates = 223, deepcenter_rejected = 185, post_veto_candidates = 38, added = 30, cap_skipped = 0, mutual_nn_rejected = 129, divergence_rejected = 1049)\n"}
,{"stream_name":"stdout","time":2776.23783493,"data":"[44b6_267148e4] after division-geometry-filter+prune-isolated: 23096 nodes, 21939 edges\n"}
,{"stream_name":"stdout","time":2776.23784194,"data":"[44b6_267148e4] after short-track filtering: 22283 nodes, 21307 edges (components_removed = 181)\n"}
,{"stream_name":"stdout","time":2780.366172886,"data":"[44b6_267148e4] FINAL: 22283 nodes, 21307 edges\n"}
,{"stream_name":"stdout","time":2780.752032956,"data":"[44b6_2a2eff9f] after edge-filter+motion-relink: 40928 nodes, 38160 edges\n"}
,{"stream_name":"stdout","time":2791.288554693,"data":"[44b6_2a2eff9f] after gap-closing (single-frame + gap2): 41534 nodes, 39292 edges\n"}
,{"stream_name":"stdout","time":2821.998690771,"data":"[44b6_2a2eff9f] after safe-division repair: 41534 nodes, 39337 edges (geometric_candidates = 348, deepcenter_rejected = 303, post_veto_candidates = 45, added = 45, cap_skipped = 0, mutual_nn_rejected = 84, divergence_rejected = 1887)\n"}
,{"stream_name":"stdout","time":2821.998727639,"data":"[44b6_2a2eff9f] after division-geometry-filter+prune-isolated: 41534 nodes, 39337 edges\n"}
,{"stream_name":"stdout","time":2821.998734388,"data":"[44b6_2a2eff9f] after short-track filtering: 39909 nodes, 38075 edges (components_removed = 363)\n"}
,{"stream_name":"stdout","time":2829.626308704,"data":"[44b6_2a2eff9f] FINAL: 39909 nodes, 38075 edges\n"}
,{"stream_name":"stdout","time":2829.921645315,"data":"[44b6_341df25f] after edge-filter+motion-relink: 8523 nodes, 8186 edges\n"}
,{"stream_name":"stdout","time":2830.987401472,"data":"[44b6_341df25f] after gap-closing (single-frame + gap2): 8575 nodes, 8275 edges\n"}
,{"stream_name":"stdout","time":2842.003386626,"data":"[44b6_341df25f] after safe-division repair: 8575 nodes, 8287 edges (geometric_candidates = 41, deepcenter_rejected = 27, post_veto_candidates = 14, added = 12, cap_skipped = 0, mutual_nn_rejected = 4, divergence_rejected = 156)\n"}
,{"stream_name":"stdout","time":2842.003437234,"data":"[44b6_341df25f] after division-geometry-filter+prune-isolated: 8575 nodes, 8287 edges\n"}
,{"stream_name":"stdout","time":2842.003443352,"data":"[44b6_341df25f] after short-track filtering: 8378 nodes, 8134 edges (components_removed = 44)\n"}
,{"stream_name":"stdout","time":2843.563129208,"data":"[44b6_341df25f] FINAL: 8378 nodes, 8134 edges\n"}
,{"stream_name":"stdout","time":2843.563172199,"data":"[6bba_062c8d37] after edge-filter+motion-relink: 5997 nodes, 5657 edges\n"}
,{"stream_name":"stdout","time":2844.79080719,"data":"[6bba_062c8d37] after gap-closing (single-frame + gap2): 6050 nodes, 5755 edges\n"}
,{"stream_name":"stdout","time":2849.472412881,"data":"[6bba_062c8d37] after safe-division repair: 6050 nodes, 5761 edges (geometric_candidates = 19, deepcenter_rejected = 12, post_veto_candidates = 7, added = 6, cap_skipped = 0, mutual_nn_rejected = 2, divergence_rejected = 53)\n"}
,{"stream_name":"stdout","time":2849.472457293,"data":"[6bba_062c8d37] after division-geometry-filter+prune-isolated: 6029 nodes, 5761 edges\n"}
,{"stream_name":"stdout","time":2849.472464408,"data":"[6bba_062c8d37] after short-track filtering: 5901 nodes, 5663 edges (components_removed = 30)\n"}
,{"stream_name":"stdout","time":2850.581086838,"data":"[6bba_062c8d37] FINAL: 5901 nodes, 5663 edges\n"}
,{"stream_name":"stdout","time":2850.810718245,"data":"[6bba_07e24132] after edge-filter+motion-relink: 29751 nodes, 27967 edges\n"}
,{"stream_name":"stdout","time":2860.1551359,"data":"[6bba_07e24132] after gap-closing (single-frame + gap2): 30151 nodes, 28704 edges\n"}
,{"stream_name":"stdout","time":2880.868116296,"data":"[6bba_07e24132] after safe-division repair: 30151 nodes, 28715 edges (geometric_candidates = 131, deepcenter_rejected = 119, post_veto_candidates = 12, added = 11, cap_skipped = 0, mutual_nn_rejected = 96, divergence_rejected = 1195)\n"}
,{"stream_name":"stdout","time":2880.868180942,"data":"[6bba_07e24132] after division-geometry-filter+prune-isolated: 30151 nodes, 28715 edges\n"}
,{"stream_name":"stdout","time":2880.868189156,"data":"[6bba_07e24132] after short-track filtering: 29062 nodes, 27869 edges (components_removed = 243)\n"}
,{"stream_name":"stdout","time":2886.505511738,"data":"[6bba_07e24132] FINAL: 29062 nodes, 27869 edges\n"}
,{"stream_name":"stdout","time":2886.505565317,"data":"[6bba_085bf656] after edge-filter+motion-relink: 8417 nodes, 8082 edges\n"}
,{"stream_name":"stdout","time":2887.268637341,"data":"[6bba_085bf656] after gap-closing (single-frame + gap2): 8437 nodes, 8119 edges\n"}
,{"stream_name":"stdout","time":2893.368613372,"data":"[6bba_085bf656] after safe-division repair: 8437 nodes, 8123 edges (geometric_candidates = 22, deepcenter_rejected = 18, post_veto_candidates = 4, added = 4, cap_skipped = 0, mutual_nn_rejected = 4, divergence_rejected = 106)\n"}
,{"stream_name":"stdout","time":2893.368645937,"data":"[6bba_085bf656] after division-geometry-filter+prune-isolated: 8434 nodes, 8123 edges\n"}
,{"stream_name":"stdout","time":2893.3686835,"data":"[6bba_085bf656] after short-track filtering: 8271 nodes, 7995 edges (components_removed = 35)\n"}
,{"stream_name":"stdout","time":2894.849924094,"data":"[6bba_085bf656] FINAL: 8271 nodes, 7995 edges\n"}
,{"stream_name":"stdout","time":2895.096151533,"data":"[6bba_09961292] after edge-filter+motion-relink: 29955 nodes, 28653 edges\n"}
,{"stream_name":"stdout","time":2899.833437102,"data":"[6bba_09961292] after gap-closing (single-frame + gap2): 30225 nodes, 29147 edges\n"}
,{"stream_name":"stdout","time":2915.188716919,"data":"[6bba_09961292] after safe-division repair: 30225 nodes, 29177 edges (geometric_candidates = 127, deepcenter_rejected = 90, post_veto_candidates = 37, added = 30, cap_skipped = 0, mutual_nn_rejected = 96, divergence_rejected = 1121)\n"}
,{"stream_name":"stdout","time":2915.188767178,"data":"[6bba_09961292] after division-geometry-filter+prune-isolated: 30225 nodes, 29177 edges\n"}
,{"stream_name":"stdout","time":2915.188774625,"data":"[6bba_09961292] after short-track filtering: 29655 nodes, 28737 edges (components_removed = 130)\n"}
,{"stream_name":"stdout","time":2920.785584607,"data":"[6bba_09961292] FINAL: 29655 nodes, 28737 edges\n"}
,{"stream_name":"stdout","time":2920.78562836,"data":"VALIDATOR candidate: gap45 proxy = 0.973586 adjusted edge = 0.942817\n"}
,{"stream_name":"stdout","time":2921.269460191,"data":"[44b6_12dfb391] after edge-filter+motion-relink: 45351 nodes, 42870 edges\n"}
,{"stream_name":"stdout","time":2934.968533222,"data":"[44b6_12dfb391] after gap-closing (single-frame + gap2): 46068 nodes, 44229 edges\n"}
,{"stream_name":"stdout","time":2961.771530065,"data":"[44b6_12dfb391] after safe-division repair: 46068 nodes, 44261 edges (geometric_candidates = 175, deepcenter_rejected = 143, post_veto_candidates = 32, added = 32, cap_skipped = 0, mutual_nn_rejected = 67, divergence_rejected = 1699)\n"}
,{"stream_name":"stdout","time":2961.771578068,"data":"[44b6_12dfb391] after division-geometry-filter+prune-isolated: 46068 nodes, 44261 edges\n"}
,{"stream_name":"stdout","time":2961.771584851,"data":"[44b6_12dfb391] after short-track filtering: 44814 nodes, 43289 edges (components_removed = 282)\n"}
,{"stream_name":"stdout","time":2970.73313582,"data":"[44b6_12dfb391] FINAL: 44814 nodes, 43289 edges\n"}
,{"stream_name":"stdout","time":2971.058494627,"data":"[44b6_267148e4] after edge-filter+motion-relink: 22829 nodes, 21426 edges\n"}
,{"stream_name":"stdout","time":2984.666407831,"data":"[44b6_267148e4] after gap-closing (single-frame + gap2): 23106 nodes, 21927 edges\n"}
,{"stream_name":"stdout","time":3010.152736455,"data":"[44b6_267148e4] after safe-division repair: 23106 nodes, 21957 edges (geometric_candidates = 224, deepcenter_rejected = 185, post_veto_candidates = 39, added = 30, cap_skipped = 0, mutual_nn_rejected = 127, divergence_rejected = 1038)\n"}
,{"stream_name":"stdout","time":3010.152771371,"data":"[44b6_267148e4] after division-geometry-filter+prune-isolated: 23105 nodes, 21957 edges\n"}
,{"stream_name":"stdout","time":3010.152777548,"data":"[44b6_267148e4] after short-track filtering: 22305 nodes, 21335 edges (components_removed = 178)\n"}
,{"stream_name":"stdout","time":3014.387923698,"data":"[44b6_267148e4] FINAL: 22305 nodes, 21335 edges\n"}
,{"stream_name":"stdout","time":3014.773723629,"data":"[44b6_2a2eff9f] after edge-filter+motion-relink: 40928 nodes, 38160 edges\n"}
,{"stream_name":"stdout","time":3030.986710071,"data":"[44b6_2a2eff9f] after gap-closing (single-frame + gap2): 41547 nodes, 39318 edges\n"}
,{"stream_name":"stdout","time":3061.732098681,"data":"[44b6_2a2eff9f] after safe-division repair: 41547 nodes, 39362 edges (geometric_candidates = 345, deepcenter_rejected = 301, post_veto_candidates = 44, added = 44, cap_skipped = 0, mutual_nn_rejected = 84, divergence_rejected = 1869)\n"}
,{"stream_name":"stdout","time":3061.732146432,"data":"[44b6_2a2eff9f] after division-geometry-filter+prune-isolated: 41547 nodes, 39362 edges\n"}
,{"stream_name":"stdout","time":3061.732164981,"data":"[44b6_2a2eff9f] after short-track filtering: 39951 nodes, 38122 edges (components_removed = 356)\n"}
,{"stream_name":"stdout","time":3069.456937034,"data":"[44b6_2a2eff9f] FINAL: 39951 nodes, 38122 edges\n"}
,{"stream_name":"stdout","time":3069.456982856,"data":"[44b6_341df25f] after edge-filter+motion-relink: 8523 nodes, 8186 edges\n"}
,{"stream_name":"stdout","time":3071.765506796,"data":"[44b6_341df25f] after gap-closing (single-frame + gap2): 8576 nodes, 8277 edges\n"}
,{"stream_name":"stdout","time":3082.522862176,"data":"[44b6_341df25f] after safe-division repair: 8576 nodes, 8289 edges (geometric_candidates = 41, deepcenter_rejected = 27, post_veto_candidates = 14, added = 12, cap_skipped = 0, mutual_nn_rejected = 4, divergence_rejected = 155)\n"}
,{"stream_name":"stdout","time":3082.522908929,"data":"[44b6_341df25f] after division-geometry-filter+prune-isolated: 8576 nodes, 8289 edges\n"}
,{"stream_name":"stdout","time":3082.522915857,"data":"[44b6_341df25f] after short-track filtering: 8382 nodes, 8138 edges (components_removed = 43)\n"}
,{"stream_name":"stdout","time":3084.084141467,"data":"[44b6_341df25f] FINAL: 8382 nodes, 8138 edges\n"}
,{"stream_name":"stdout","time":3084.084182658,"data":"[6bba_062c8d37] after edge-filter+motion-relink: 5997 nodes, 5657 edges\n"}
,{"stream_name":"stdout","time":3085.264731138,"data":"[6bba_062c8d37] after gap-closing (single-frame + gap2): 6050 nodes, 5755 edges\n"}
,{"stream_name":"stdout","time":3090.02895923,"data":"[6bba_062c8d37] after safe-division repair: 6050 nodes, 5761 edges (geometric_candidates = 19, deepcenter_rejected = 12, post_veto_candidates = 7, added = 6, cap_skipped = 0, mutual_nn_rejected = 2, divergence_rejected = 53)\n"}
,{"stream_name":"stdout","time":3090.029002933,"data":"[6bba_062c8d37] after division-geometry-filter+prune-isolated: 6029 nodes, 5761 edges\n"}
,{"stream_name":"stdout","time":3090.02901044,"data":"[6bba_062c8d37] after short-track filtering: 5901 nodes, 5663 edges (components_removed = 30)\n"}
,{"stream_name":"stdout","time":3091.141723706,"data":"[6bba_062c8d37] FINAL: 5901 nodes, 5663 edges\n"}
,{"stream_name":"stdout","time":3091.389473672,"data":"[6bba_07e24132] after edge-filter+motion-relink: 29751 nodes, 27967 edges\n"}
,{"stream_name":"stdout","time":3107.093339542,"data":"[6bba_07e24132] after gap-closing (single-frame + gap2): 30150 nodes, 28702 edges\n"}
,{"stream_name":"stdout","time":3127.091223233,"data":"[6bba_07e24132] after safe-division repair: 30150 nodes, 28712 edges (geometric_candidates = 130, deepcenter_rejected = 120, post_veto_candidates = 10, added = 10, cap_skipped = 0, mutual_nn_rejected = 98, divergence_rejected = 1196)\n"}
,{"stream_name":"stdout","time":3127.091270683,"data":"[6bba_07e24132] after division-geometry-filter+prune-isolated: 30150 nodes, 28712 edges\n"}
,{"stream_name":"stdout","time":3127.091277138,"data":"[6bba_07e24132] after short-track filtering: 29061 nodes, 27866 edges (components_removed = 243)\n"}
,{"stream_name":"stdout","time":3132.618461845,"data":"[6bba_07e24132] FINAL: 29061 nodes, 27866 edges\n"}
,{"stream_name":"stdout","time":3132.618511936,"data":"[6bba_085bf656] after edge-filter+motion-relink: 8417 nodes, 8082 edges\n"}
,{"stream_name":"stdout","time":3133.77672823,"data":"[6bba_085bf656] after gap-closing (single-frame + gap2): 8437 nodes, 8119 edges\n"}
,{"stream_name":"stdout","time":3139.711846782,"data":"[6bba_085bf656] after safe-division repair: 8437 nodes, 8123 edges (geometric_candidates = 22, deepcenter_rejected = 18, post_veto_candidates = 4, added = 4, cap_skipped = 0, mutual_nn_rejected = 4, divergence_rejected = 106)\n"}
,{"stream_name":"stdout","time":3139.711890406,"data":"[6bba_085bf656] after division-geometry-filter+prune-isolated: 8434 nodes, 8123 edges\n"}
,{"stream_name":"stdout","time":3139.71191186,"data":"[6bba_085bf656] after short-track filtering: 8271 nodes, 7995 edges (components_removed = 35)\n"}
,{"stream_name":"stdout","time":3141.18256862,"data":"[6bba_085bf656] FINAL: 8271 nodes, 7995 edges\n"}
,{"stream_name":"stdout","time":3141.488246059,"data":"[6bba_09961292] after edge-filter+motion-relink: 29955 nodes, 28653 edges\n"}
,{"stream_name":"stdout","time":3151.850791575,"data":"[6bba_09961292] after gap-closing (single-frame + gap2): 30229 nodes, 29156 edges\n"}
,{"stream_name":"stdout","time":3167.586637207,"data":"[6bba_09961292] after safe-division repair: 30229 nodes, 29186 edges (geometric_candidates = 125, deepcenter_rejected = 89, post_veto_candidates = 36, added = 30, cap_skipped = 0, mutual_nn_rejected = 95, divergence_rejected = 1112)\n"}
,{"stream_name":"stdout","time":3167.586695893,"data":"[6bba_09961292] after division-geometry-filter+prune-isolated: 30229 nodes, 29186 edges\n"}
,{"stream_name":"stdout","time":3167.586703293,"data":"[6bba_09961292] after short-track filtering: 29659 nodes, 28746 edges (components_removed = 130)\n"}
,{"stream_name":"stdout","time":3173.481968033,"data":"[6bba_09961292] FINAL: 29659 nodes, 28746 edges\n"}
,{"stream_name":"stdout","time":3173.48200048,"data":"VALIDATOR candidate: tight55 proxy = 0.973575 adjusted edge = 0.942806\n"}
,{"stream_name":"stdout","time":3173.844237628,"data":"[44b6_12dfb391] after edge-filter+motion-relink: 45351 nodes, 42870 edges\n"}
,{"stream_name":"stdout","time":3187.578431153,"data":"[44b6_12dfb391] after gap-closing (single-frame + gap2): 46068 nodes, 44229 edges\n"}
,{"stream_name":"stdout","time":3214.14461157,"data":"[44b6_12dfb391] after safe-division repair: 46068 nodes, 44261 edges (geometric_candidates = 175, deepcenter_rejected = 143, post_veto_candidates = 32, added = 32, cap_skipped = 0, mutual_nn_rejected = 67, divergence_rejected = 1699)\n"}
,{"stream_name":"stdout","time":3214.14464665,"data":"[44b6_12dfb391] after division-geometry-filter+prune-isolated: 46068 nodes, 44261 edges\n"}
,{"stream_name":"stdout","time":3214.144652393,"data":"[44b6_12dfb391] after short-track filtering: 44814 nodes, 43289 edges (components_removed = 282)\n"}
,{"stream_name":"stdout","time":3222.612181077,"data":"[44b6_12dfb391] FINAL: 44814 nodes, 43289 edges\n"}
,{"stream_name":"stdout","time":3222.918350375,"data":"[44b6_267148e4] after edge-filter+motion-relink: 22829 nodes, 21426 edges\n"}
,{"stream_name":"stdout","time":3236.60174147,"data":"[44b6_267148e4] after gap-closing (single-frame + gap2): 23106 nodes, 21927 edges\n"}
,{"stream_name":"stdout","time":3262.487542562,"data":"[44b6_267148e4] after safe-division repair: 23106 nodes, 21957 edges (geometric_candidates = 224, deepcenter_rejected = 185, post_veto_candidates = 39, added = 30, cap_skipped = 0, mutual_nn_rejected = 127, divergence_rejected = 1038)\n"}
,{"stream_name":"stdout","time":3262.487629186,"data":"[44b6_267148e4] after division-geometry-filter+prune-isolated: 23105 nodes, 21957 edges\n"}
,{"stream_name":"stdout","time":3262.487641329,"data":"[44b6_267148e4] after short-track filtering: 22305 nodes, 21335 edges (components_removed = 178)\n"}
,{"stream_name":"stdout","time":3266.76248033,"data":"[44b6_267148e4] FINAL: 22305 nodes, 21335 edges\n"}
,{"stream_name":"stdout","time":3267.292177388,"data":"[44b6_2a2eff9f] after edge-filter+motion-relink: 40928 nodes, 38160 edges\n"}
,{"stream_name":"stdout","time":3282.952811697,"data":"[44b6_2a2eff9f] after gap-closing (single-frame + gap2): 41547 nodes, 39318 edges\n"}
,{"stream_name":"stdout","time":3313.647398202,"data":"[44b6_2a2eff9f] after safe-division repair: 41547 nodes, 39362 edges (geometric_candidates = 345, deepcenter_rejected = 301, post_veto_candidates = 44, added = 44, cap_skipped = 0, mutual_nn_rejected = 84, divergence_rejected = 1869)\n"}
,{"stream_name":"stdout","time":3313.64745612,"data":"[44b6_2a2eff9f] after division-geometry-filter+prune-isolated: 41547 nodes, 39362 edges\n"}
,{"stream_name":"stdout","time":3313.647463584,"data":"[44b6_2a2eff9f] after short-track filtering: 39951 nodes, 38122 edges (components_removed = 356)\n"}
,{"stream_name":"stdout","time":3321.33038081,"data":"[44b6_2a2eff9f] FINAL: 39951 nodes, 38122 edges\n"}
,{"stream_name":"stdout","time":3321.543121466,"data":"[44b6_341df25f] after edge-filter+motion-relink: 8523 nodes, 8186 edges\n"}
,{"stream_name":"stdout","time":3323.653686082,"data":"[44b6_341df25f] after gap-closing (single-frame + gap2): 8576 nodes, 8277 edges\n"}
,{"stream_name":"stdout","time":3334.509460548,"data":"[44b6_341df25f] after safe-division repair: 8576 nodes, 8289 edges (geometric_candidates = 41, deepcenter_rejected = 27, post_veto_candidates = 14, added = 12, cap_skipped = 0, mutual_nn_rejected = 4, divergence_rejected = 155)\n"}
,{"stream_name":"stdout","time":3334.509502081,"data":"[44b6_341df25f] after division-geometry-filter+prune-isolated: 8576 nodes, 8289 edges\n"}
,{"stream_name":"stdout","time":3334.509508499,"data":"[44b6_341df25f] after short-track filtering: 8382 nodes, 8138 edges (components_removed = 43)\n"}
,{"stream_name":"stdout","time":3336.110405054,"data":"[44b6_341df25f] FINAL: 8382 nodes, 8138 edges\n"}
,{"stream_name":"stdout","time":3336.110443303,"data":"[6bba_062c8d37] after edge-filter+motion-relink: 5997 nodes, 5657 edges\n"}
,{"stream_name":"stdout","time":3337.294258016,"data":"[6bba_062c8d37] after gap-closing (single-frame + gap2): 6050 nodes, 5755 edges\n"}
,{"stream_name":"stdout","time":3342.11919206,"data":"[6bba_062c8d37] after safe-division repair: 6050 nodes, 5761 edges (geometric_candidates = 19, deepcenter_rejected = 12, post_veto_candidates = 7, added = 6, cap_skipped = 0, mutual_nn_rejected = 2, divergence_rejected = 53)\n"}
,{"stream_name":"stdout","time":3342.1192382,"data":"[6bba_062c8d37] after division-geometry-filter+prune-isolated: 6029 nodes, 5761 edges\n"}
,{"stream_name":"stdout","time":3342.119246257,"data":"[6bba_062c8d37] after short-track filtering: 5901 nodes, 5663 edges (components_removed = 30)\n"}
,{"stream_name":"stdout","time":3343.251356437,"data":"[6bba_062c8d37] FINAL: 5901 nodes, 5663 edges\n"}
,{"stream_name":"stdout","time":3343.476037191,"data":"[6bba_07e24132] after edge-filter+motion-relink: 29751 nodes, 27967 edges\n"}
,{"stream_name":"stdout","time":3359.281678131,"data":"[6bba_07e24132] after gap-closing (single-frame + gap2): 30150 nodes, 28702 edges\n"}
,{"stream_name":"stdout","time":3378.811914502,"data":"[6bba_07e24132] after safe-division repair: 30150 nodes, 28712 edges (geometric_candidates = 130, deepcenter_rejected = 120, post_veto_candidates = 10, added = 10, cap_skipped = 0, mutual_nn_rejected = 98, divergence_rejected = 1196)\n"}
,{"stream_name":"stdout","time":3378.811961418,"data":"[6bba_07e24132] after division-geometry-filter+prune-isolated: 30150 nodes, 28712 edges\n"}
,{"stream_name":"stdout","time":3378.811966393,"data":"[6bba_07e24132] after short-track filtering: 29061 nodes, 27866 edges (components_removed = 243)\n"}
,{"stream_name":"stdout","time":3384.472216939,"data":"[6bba_07e24132] FINAL: 29061 nodes, 27866 edges\n"}
,{"stream_name":"stdout","time":3384.473150516,"data":"[6bba_085bf656] after edge-filter+motion-relink: 8417 nodes, 8082 edges\n"}
,{"stream_name":"stdout","time":3386.090388492,"data":"[6bba_085bf656] after gap-closing (single-frame + gap2): 8437 nodes, 8119 edges\n"}
,{"stream_name":"stdout","time":3392.205409084,"data":"[6bba_085bf656] after safe-division repair: 8437 nodes, 8123 edges (geometric_candidates = 22, deepcenter_rejected = 18, post_veto_candidates = 4, added = 4, cap_skipped = 0, mutual_nn_rejected = 4, divergence_rejected = 106)\n"}
,{"stream_name":"stdout","time":3392.205444879,"data":"[6bba_085bf656] after division-geometry-filter+prune-isolated: 8434 nodes, 8123 edges\n"}
,{"stream_name":"stdout","time":3392.20546489,"data":"[6bba_085bf656] after short-track filtering: 8271 nodes, 7995 edges (components_removed = 35)\n"}
,{"stream_name":"stdout","time":3393.883288509,"data":"[6bba_085bf656] FINAL: 8271 nodes, 7995 edges\n"}
,{"stream_name":"stdout","time":3394.119288271,"data":"[6bba_09961292] after edge-filter+motion-relink: 29955 nodes, 28653 edges\n"}
,{"stream_name":"stdout","time":3404.472357455,"data":"[6bba_09961292] after gap-closing (single-frame + gap2): 30229 nodes, 29156 edges\n"}
,{"stream_name":"stdout","time":3420.467484829,"data":"[6bba_09961292] after safe-division repair: 30229 nodes, 29186 edges (geometric_candidates = 125, deepcenter_rejected = 89, post_veto_candidates = 36, added = 30, cap_skipped = 0, mutual_nn_rejected = 95, divergence_rejected = 1112)\n"}
,{"stream_name":"stdout","time":3420.467536767,"data":"[6bba_09961292] after division-geometry-filter+prune-isolated: 30229 nodes, 29186 edges\n"}
,{"stream_name":"stdout","time":3420.467541876,"data":"[6bba_09961292] after short-track filtering: 29659 nodes, 28746 edges (components_removed = 130)\n"}
,{"stream_name":"stdout","time":3426.515244289,"data":"[6bba_09961292] FINAL: 29659 nodes, 28746 edges\n"}
,{"stream_name":"stdout","time":3426.653169987,"data":"VALIDATOR candidate: relaxed9 proxy = 0.973575 adjusted edge = 0.942806\n"}
,{"stream_name":"stdout","time":3426.99593073,"data":"[44b6_12dfb391] after edge-filter+motion-relink: 45351 nodes, 42870 edges\n"}
,{"stream_name":"stdout","time":3440.580848219,"data":"[44b6_12dfb391] after gap-closing (single-frame + gap2): 46068 nodes, 44229 edges\n"}
,{"stream_name":"stdout","time":3466.938635505,"data":"[44b6_12dfb391] after safe-division repair: 46068 nodes, 44261 edges (geometric_candidates = 175, deepcenter_rejected = 143, post_veto_candidates = 32, added = 32, cap_skipped = 0, mutual_nn_rejected = 67, divergence_rejected = 1699)\n"}
,{"stream_name":"stdout","time":3466.938667757,"data":"[44b6_12dfb391] after division-geometry-filter+prune-isolated: 46068 nodes, 44261 edges\n"}
,{"stream_name":"stdout","time":3466.938673722,"data":"[44b6_12dfb391] after short-track filtering: 44814 nodes, 43289 edges (components_removed = 282)\n"}
,{"stream_name":"stdout","time":3475.53841104,"data":"[44b6_12dfb391] FINAL: 44814 nodes, 43289 edges\n"}
,{"stream_name":"stdout","time":3475.851737365,"data":"[44b6_267148e4] after edge-filter+motion-relink: 22829 nodes, 21426 edges\n"}
,{"stream_name":"stdout","time":3490.089191176,"data":"[44b6_267148e4] after gap-closing (single-frame + gap2): 23106 nodes, 21927 edges\n"}
,{"stream_name":"stdout","time":3516.329853974,"data":"[44b6_267148e4] after safe-division repair: 23106 nodes, 21957 edges (geometric_candidates = 224, deepcenter_rejected = 185, post_veto_candidates = 39, added = 30, cap_skipped = 0, mutual_nn_rejected = 127, divergence_rejected = 1038)\n"}
,{"stream_name":"stdout","time":3516.329893181,"data":"[44b6_267148e4] after division-geometry-filter+prune-isolated: 23105 nodes, 21957 edges\n"}
,{"stream_name":"stdout","time":3516.329900111,"data":"[44b6_267148e4] after short-track filtering: 22305 nodes, 21335 edges (components_removed = 178)\n"}
,{"stream_name":"stdout","time":3520.564831003,"data":"[44b6_267148e4] FINAL: 22305 nodes, 21335 edges\n"}
,{"stream_name":"stdout","time":3520.919972932,"data":"[44b6_2a2eff9f] after edge-filter+motion-relink: 40928 nodes, 38160 edges\n"}
,{"stream_name":"stdout","time":3536.779482185,"data":"[44b6_2a2eff9f] after gap-closing (single-frame + gap2): 41547 nodes, 39318 edges\n"}
,{"stream_name":"stdout","time":3567.686821987,"data":"[44b6_2a2eff9f] after safe-division repair: 41547 nodes, 39362 edges (geometric_candidates = 345, deepcenter_rejected = 301, post_veto_candidates = 44, added = 44, cap_skipped = 0, mutual_nn_rejected = 84, divergence_rejected = 1869)\n"}
,{"stream_name":"stdout","time":3567.686867029,"data":"[44b6_2a2eff9f] after division-geometry-filter+prune-isolated: 41547 nodes, 39362 edges\n"}
,{"stream_name":"stdout","time":3567.686872573,"data":"[44b6_2a2eff9f] after short-track filtering: 39951 nodes, 38122 edges (components_removed = 356)\n"}
,{"stream_name":"stdout","time":3575.604906935,"data":"[44b6_2a2eff9f] FINAL: 39951 nodes, 38122 edges\n"}
,{"stream_name":"stdout","time":3575.922149878,"data":"[44b6_341df25f] after edge-filter+motion-relink: 8523 nodes, 8186 edges\n"}
,{"stream_name":"stdout","time":3578.069660155,"data":"[44b6_341df25f] after gap-closing (single-frame + gap2): 8576 nodes, 8277 edges\n"}
,{"stream_name":"stdout","time":3588.713454313,"data":"[44b6_341df25f] after safe-division repair: 8576 nodes, 8289 edges (geometric_candidates = 41, deepcenter_rejected = 27, post_veto_candidates = 14, added = 12, cap_skipped = 0, mutual_nn_rejected = 4, divergence_rejected = 155)\n"}
,{"stream_name":"stdout","time":3588.713501493,"data":"[44b6_341df25f] after division-geometry-filter+prune-isolated: 8576 nodes, 8289 edges\n"}
,{"stream_name":"stdout","time":3588.713509255,"data":"[44b6_341df25f] after short-track filtering: 8382 nodes, 8138 edges (components_removed = 43)\n"}
,{"stream_name":"stdout","time":3590.321966549,"data":"[44b6_341df25f] FINAL: 8382 nodes, 8138 edges\n"}
,{"stream_name":"stdout","time":3590.322004207,"data":"[6bba_062c8d37] after edge-filter+motion-relink: 5997 nodes, 5657 edges\n"}
,{"stream_name":"stdout","time":3591.621972584,"data":"[6bba_062c8d37] after gap-closing (single-frame + gap2): 6050 nodes, 5755 edges\n"}
,{"stream_name":"stdout","time":3596.354026061,"data":"[6bba_062c8d37] after safe-division repair: 6050 nodes, 5761 edges (geometric_candidates = 19, deepcenter_rejected = 12, post_veto_candidates = 7, added = 6, cap_skipped = 0, mutual_nn_rejected = 2, divergence_rejected = 53)\n"}
,{"stream_name":"stdout","time":3596.354070001,"data":"[6bba_062c8d37] after division-geometry-filter+prune-isolated: 6029 nodes, 5761 edges\n"}
,{"stream_name":"stdout","time":3596.354077877,"data":"[6bba_062c8d37] after short-track filtering: 5901 nodes, 5663 edges (components_removed = 30)\n"}
,{"stream_name":"stdout","time":3597.497908122,"data":"[6bba_062c8d37] FINAL: 5901 nodes, 5663 edges\n"}
,{"stream_name":"stdout","time":3597.850238003,"data":"[6bba_07e24132] after edge-filter+motion-relink: 29751 nodes, 27967 edges\n"}
,{"stream_name":"stdout","time":3613.211872041,"data":"[6bba_07e24132] after gap-closing (single-frame + gap2): 30150 nodes, 28702 edges\n"}
,{"stream_name":"stdout","time":3633.467626454,"data":"[6bba_07e24132] after safe-division repair: 30150 nodes, 28712 edges (geometric_candidates = 130, deepcenter_rejected = 120, post_veto_candidates = 10, added = 10, cap_skipped = 0, mutual_nn_rejected = 98, divergence_rejected = 1196)\n"}
,{"stream_name":"stdout","time":3633.467660353,"data":"[6bba_07e24132] after division-geometry-filter+prune-isolated: 30150 nodes, 28712 edges\n"}
,{"stream_name":"stdout","time":3633.467665752,"data":"[6bba_07e24132] after short-track filtering: 29061 nodes, 27866 edges (components_removed = 243)\n"}
,{"stream_name":"stdout","time":3639.069046165,"data":"[6bba_07e24132] FINAL: 29061 nodes, 27866 edges\n"}
,{"stream_name":"stdout","time":3639.069110015,"data":"[6bba_085bf656] after edge-filter+motion-relink: 8417 nodes, 8082 edges\n"}
,{"stream_name":"stdout","time":3640.329629068,"data":"[6bba_085bf656] after gap-closing (single-frame + gap2): 8437 nodes, 8119 edges\n"}
,{"stream_name":"stdout","time":3646.307902685,"data":"[6bba_085bf656] after safe-division repair: 8437 nodes, 8123 edges (geometric_candidates = 22, deepcenter_rejected = 18, post_veto_candidates = 4, added = 4, cap_skipped = 0, mutual_nn_rejected = 4, divergence_rejected = 106)\n"}
,{"stream_name":"stdout","time":3646.307953088,"data":"[6bba_085bf656] after division-geometry-filter+prune-isolated: 8434 nodes, 8123 edges\n"}
,{"stream_name":"stdout","time":3646.307960525,"data":"[6bba_085bf656] after short-track filtering: 8271 nodes, 7995 edges (components_removed = 35)\n"}
,{"stream_name":"stdout","time":3647.905284085,"data":"[6bba_085bf656] FINAL: 8271 nodes, 7995 edges\n"}
,{"stream_name":"stdout","time":3648.141298789,"data":"[6bba_09961292] after edge-filter+motion-relink: 29955 nodes, 28653 edges\n"}
,{"stream_name":"stdout","time":3658.522824591,"data":"[6bba_09961292] after gap-closing (single-frame + gap2): 30229 nodes, 29156 edges\n"}
,{"stream_name":"stdout","time":3674.715210328,"data":"[6bba_09961292] after safe-division repair: 30229 nodes, 29186 edges (geometric_candidates = 125, deepcenter_rejected = 89, post_veto_candidates = 36, added = 30, cap_skipped = 0, mutual_nn_rejected = 95, divergence_rejected = 1112)\n"}
,{"stream_name":"stdout","time":3674.71527772,"data":"[6bba_09961292] after division-geometry-filter+prune-isolated: 30229 nodes, 29186 edges\n"}
,{"stream_name":"stdout","time":3674.715284589,"data":"[6bba_09961292] after short-track filtering: 29659 nodes, 28746 edges (components_removed = 130)\n"}
,{"stream_name":"stdout","time":3680.359119389,"data":"[6bba_09961292] FINAL: 29659 nodes, 28746 edges\n"}
,{"stream_name":"stdout","time":3680.359177634,"data":"VALIDATOR candidate: bonus125 proxy = 0.973575 adjusted edge = 0.942806\n"}
,{"stream_name":"stdout","time":3680.828042631,"data":"[44b6_12dfb391] after edge-filter+motion-relink: 45351 nodes, 42870 edges\n"}
,{"stream_name":"stdout","time":3694.609537346,"data":"[44b6_12dfb391] after gap-closing (single-frame + gap2): 46068 nodes, 44229 edges\n"}
,{"stream_name":"stdout","time":3721.192173267,"data":"[44b6_12dfb391] after safe-division repair: 46068 nodes, 44261 edges (geometric_candidates = 175, deepcenter_rejected = 143, post_veto_candidates = 32, added = 32, cap_skipped = 0, mutual_nn_rejected = 67, divergence_rejected = 1699)\n"}
,{"stream_name":"stdout","time":3721.19221808,"data":"[44b6_12dfb391] after division-geometry-filter+prune-isolated: 46068 nodes, 44261 edges\n"}
,{"stream_name":"stdout","time":3721.192225525,"data":"[44b6_12dfb391] after short-track filtering: 44814 nodes, 43289 edges (components_removed = 282)\n"}
,{"stream_name":"stdout","time":3729.828765978,"data":"[44b6_12dfb391] FINAL: 44814 nodes, 43289 edges\n"}
,{"stream_name":"stdout","time":3730.138541222,"data":"[44b6_267148e4] after edge-filter+motion-relink: 22829 nodes, 21426 edges\n"}
,{"stream_name":"stdout","time":3743.889262674,"data":"[44b6_267148e4] after gap-closing (single-frame + gap2): 23106 nodes, 21927 edges\n"}
,{"stream_name":"stdout","time":3769.879812332,"data":"[44b6_267148e4] after safe-division repair: 23106 nodes, 21957 edges (geometric_candidates = 224, deepcenter_rejected = 185, post_veto_candidates = 39, added = 30, cap_skipped = 0, mutual_nn_rejected = 127, divergence_rejected = 1038)\n"}
,{"stream_name":"stdout","time":3769.879846335,"data":"[44b6_267148e4] after division-geometry-filter+prune-isolated: 23105 nodes, 21957 edges\n"}
,{"stream_name":"stdout","time":3769.879852838,"data":"[44b6_267148e4] after short-track filtering: 22305 nodes, 21335 edges (components_removed = 178)\n"}
,{"stream_name":"stdout","time":3774.109149344,"data":"[44b6_267148e4] FINAL: 22305 nodes, 21335 edges\n"}
,{"stream_name":"stdout","time":3774.486488936,"data":"[44b6_2a2eff9f] after edge-filter+motion-relink: 40928 nodes, 38160 edges\n"}
,{"stream_name":"stdout","time":3790.373793022,"data":"[44b6_2a2eff9f] after gap-closing (single-frame + gap2): 41547 nodes, 39318 edges\n"}
,{"stream_name":"stdout","time":3821.064204007,"data":"[44b6_2a2eff9f] after safe-division repair: 41547 nodes, 39362 edges (geometric_candidates = 345, deepcenter_rejected = 301, post_veto_candidates = 44, added = 44, cap_skipped = 0, mutual_nn_rejected = 84, divergence_rejected = 1869)\n"}
,{"stream_name":"stdout","time":3821.064242382,"data":"[44b6_2a2eff9f] after division-geometry-filter+prune-isolated: 41547 nodes, 39362 edges\n"}
,{"stream_name":"stdout","time":3821.064290641,"data":"[44b6_2a2eff9f] after short-track filtering: 39951 nodes, 38122 edges (components_removed = 356)\n"}
,{"stream_name":"stdout","time":3828.684439361,"data":"[44b6_2a2eff9f] FINAL: 39951 nodes, 38122 edges\n"}
,{"stream_name":"stdout","time":3828.684484849,"data":"[44b6_341df25f] after edge-filter+motion-relink: 8523 nodes, 8186 edges\n"}
,{"stream_name":"stdout","time":3831.017426822,"data":"[44b6_341df25f] after gap-closing (single-frame + gap2): 8576 nodes, 8277 edges\n"}
,{"stream_name":"stdout","time":3841.875206348,"data":"[44b6_341df25f] after safe-division repair: 8576 nodes, 8289 edges (geometric_candidates = 41, deepcenter_rejected = 27, post_veto_candidates = 14, added = 12, cap_skipped = 0, mutual_nn_rejected = 4, divergence_rejected = 155)\n"}
,{"stream_name":"stdout","time":3841.875283187,"data":"[44b6_341df25f] after division-geometry-filter+prune-isolated: 8576 nodes, 8289 edges\n"}
,{"stream_name":"stdout","time":3841.875290134,"data":"[44b6_341df25f] after short-track filtering: 8382 nodes, 8138 edges (components_removed = 43)\n"}
,{"stream_name":"stdout","time":3843.435122207,"data":"[44b6_341df25f] FINAL: 8382 nodes, 8138 edges\n"}
,{"stream_name":"stdout","time":3843.435157567,"data":"[6bba_062c8d37] after edge-filter+motion-relink: 5997 nodes, 5657 edges\n"}
,{"stream_name":"stdout","time":3844.623008982,"data":"[6bba_062c8d37] after gap-closing (single-frame + gap2): 6050 nodes, 5755 edges\n"}
,{"stream_name":"stdout","time":3849.446353154,"data":"[6bba_062c8d37] after safe-division repair: 6050 nodes, 5761 edges (geometric_candidates = 19, deepcenter_rejected = 12, post_veto_candidates = 7, added = 6, cap_skipped = 0, mutual_nn_rejected = 2, divergence_rejected = 53)\n"}
,{"stream_name":"stdout","time":3849.446402964,"data":"[6bba_062c8d37] after division-geometry-filter+prune-isolated: 6029 nodes, 5761 edges\n"}
,{"stream_name":"stdout","time":3849.446408599,"data":"[6bba_062c8d37] after short-track filtering: 5901 nodes, 5663 edges (components_removed = 30)\n"}
,{"stream_name":"stdout","time":3850.550044009,"data":"[6bba_062c8d37] FINAL: 5901 nodes, 5663 edges\n"}
,{"stream_name":"stdout","time":3850.767103514,"data":"[6bba_07e24132] after edge-filter+motion-relink: 29751 nodes, 27967 edges\n"}
,{"stream_name":"stdout","time":3866.515908062,"data":"[6bba_07e24132] after gap-closing (single-frame + gap2): 30150 nodes, 28702 edges\n"}
,{"stream_name":"stdout","time":3885.97386255,"data":"[6bba_07e24132] after safe-division repair: 30150 nodes, 28712 edges (geometric_candidates = 130, deepcenter_rejected = 120, post_veto_candidates = 10, added = 10, cap_skipped = 0, mutual_nn_rejected = 98, divergence_rejected = 1196)\n"}
,{"stream_name":"stdout","time":3885.973907489,"data":"[6bba_07e24132] after division-geometry-filter+prune-isolated: 30150 nodes, 28712 edges\n"}
,{"stream_name":"stdout","time":3885.97391525,"data":"[6bba_07e24132] after short-track filtering: 29061 nodes, 27866 edges (components_removed = 243)\n"}
,{"stream_name":"stdout","time":3891.619367174,"data":"[6bba_07e24132] FINAL: 29061 nodes, 27866 edges\n"}
,{"stream_name":"stdout","time":3891.61942363,"data":"[6bba_085bf656] after edge-filter+motion-relink: 8417 nodes, 8082 edges\n"}
,{"stream_name":"stdout","time":3892.831862971,"data":"[6bba_085bf656] after gap-closing (single-frame + gap2): 8437 nodes, 8119 edges\n"}
,{"stream_name":"stdout","time":3898.923721806,"data":"[6bba_085bf656] after safe-division repair: 8437 nodes, 8123 edges (geometric_candidates = 22, deepcenter_rejected = 18, post_veto_candidates = 4, added = 4, cap_skipped = 0, mutual_nn_rejected = 4, divergence_rejected = 106)\n"}
,{"stream_name":"stdout","time":3898.923755771,"data":"[6bba_085bf656] after division-geometry-filter+prune-isolated: 8434 nodes, 8123 edges\n"}
,{"stream_name":"stdout","time":3898.923761958,"data":"[6bba_085bf656] after short-track filtering: 8271 nodes, 7995 edges (components_removed = 35)\n"}
,{"stream_name":"stdout","time":3900.640394313,"data":"[6bba_085bf656] FINAL: 8271 nodes, 7995 edges\n"}
,{"stream_name":"stdout","time":3900.875110633,"data":"[6bba_09961292] after edge-filter+motion-relink: 29955 nodes, 28653 edges\n"}
,{"stream_name":"stdout","time":3911.265174025,"data":"[6bba_09961292] after gap-closing (single-frame + gap2): 30229 nodes, 29156 edges\n"}
,{"stream_name":"stdout","time":3927.419534579,"data":"[6bba_09961292] after safe-division repair: 30229 nodes, 29186 edges (geometric_candidates = 125, deepcenter_rejected = 89, post_veto_candidates = 36, added = 30, cap_skipped = 0, mutual_nn_rejected = 95, divergence_rejected = 1112)\n"}
,{"stream_name":"stdout","time":3927.41958453,"data":"[6bba_09961292] after division-geometry-filter+prune-isolated: 30229 nodes, 29186 edges\n"}
,{"stream_name":"stdout","time":3927.419592577,"data":"[6bba_09961292] after short-track filtering: 29659 nodes, 28746 edges (components_removed = 130)\n"}
,{"stream_name":"stdout","time":3933.54496974,"data":"[6bba_09961292] FINAL: 29659 nodes, 28746 edges\n"}
,{"stream_name":"stdout","time":3933.710129445,"data":"VALIDATOR candidate: gap2step40 proxy = 0.973575 adjusted edge = 0.942806\n"}
,{"stream_name":"stdout","time":3934.021028915,"data":"[44b6_12dfb391] after edge-filter+motion-relink: 45351 nodes, 42870 edges\n"}
,{"stream_name":"stdout","time":3947.730755307,"data":"[44b6_12dfb391] after gap-closing (single-frame + gap2): 46068 nodes, 44229 edges\n"}
,{"stream_name":"stdout","time":3974.178626944,"data":"[44b6_12dfb391] after safe-division repair: 46068 nodes, 44261 edges (geometric_candidates = 175, deepcenter_rejected = 143, post_veto_candidates = 32, added = 32, cap_skipped = 0, mutual_nn_rejected = 67, divergence_rejected = 1699)\n"}
,{"stream_name":"stdout","time":3974.178667322,"data":"[44b6_12dfb391] after division-geometry-filter+prune-isolated: 46068 nodes, 44261 edges\n"}
,{"stream_name":"stdout","time":3974.178675478,"data":"[44b6_12dfb391] after short-track filtering: 44814 nodes, 43289 edges (components_removed = 282)\n"}
,{"stream_name":"stdout","time":3982.829859537,"data":"[44b6_12dfb391] FINAL: 44814 nodes, 43289 edges\n"}
,{"stream_name":"stdout","time":3983.132173044,"data":"[44b6_267148e4] after edge-filter+motion-relink: 22829 nodes, 21426 edges\n"}
,{"stream_name":"stdout","time":3997.177124482,"data":"[44b6_267148e4] after gap-closing (single-frame + gap2): 23106 nodes, 21927 edges\n"}
,{"stream_name":"stdout","time":4023.620942136,"data":"[44b6_267148e4] after safe-division repair: 23106 nodes, 21957 edges (geometric_candidates = 224, deepcenter_rejected = 185, post_veto_candidates = 39, added = 30, cap_skipped = 0, mutual_nn_rejected = 127, divergence_rejected = 1038)\n"}
,{"stream_name":"stdout","time":4023.620977521,"data":"[44b6_267148e4] after division-geometry-filter+prune-isolated: 23105 nodes, 21957 edges\n"}
,{"stream_name":"stdout","time":4023.62098459,"data":"[44b6_267148e4] after short-track filtering: 22305 nodes, 21335 edges (components_removed = 178)\n"}
,{"stream_name":"stdout","time":4027.850140188,"data":"[44b6_267148e4] FINAL: 22305 nodes, 21335 edges\n"}
,{"stream_name":"stdout","time":4028.232255876,"data":"[44b6_2a2eff9f] after edge-filter+motion-relink: 40928 nodes, 38160 edges\n"}
,{"stream_name":"stdout","time":4044.084477029,"data":"[44b6_2a2eff9f] after gap-closing (single-frame + gap2): 41547 nodes, 39318 edges\n"}
,{"stream_name":"stdout","time":4075.111091489,"data":"[44b6_2a2eff9f] after safe-division repair: 41547 nodes, 39362 edges (geometric_candidates = 345, deepcenter_rejected = 301, post_veto_candidates = 44, added = 44, cap_skipped = 0, mutual_nn_rejected = 84, divergence_rejected = 1869)\n"}
,{"stream_name":"stdout","time":4075.111130692,"data":"[44b6_2a2eff9f] after division-geometry-filter+prune-isolated: 41547 nodes, 39362 edges\n"}
,{"stream_name":"stdout","time":4075.111137709,"data":"[44b6_2a2eff9f] after short-track filtering: 39951 nodes, 38122 edges (components_removed = 356)\n"}
,{"stream_name":"stdout","time":4082.864662648,"data":"[44b6_2a2eff9f] FINAL: 39951 nodes, 38122 edges\n"}
,{"stream_name":"stdout","time":4083.065610791,"data":"[44b6_341df25f] after edge-filter+motion-relink: 8523 nodes, 8186 edges\n"}
,{"stream_name":"stdout","time":4085.421736287,"data":"[44b6_341df25f] after gap-closing (single-frame + gap2): 8576 nodes, 8277 edges\n"}
,{"stream_name":"stdout","time":4096.167035625,"data":"[44b6_341df25f] after safe-division repair: 8576 nodes, 8289 edges (geometric_candidates = 41, deepcenter_rejected = 27, post_veto_candidates = 14, added = 12, cap_skipped = 0, mutual_nn_rejected = 4, divergence_rejected = 155)\n"}
,{"stream_name":"stdout","time":4096.167084252,"data":"[44b6_341df25f] after division-geometry-filter+prune-isolated: 8576 nodes, 8289 edges\n"}
,{"stream_name":"stdout","time":4096.16710441,"data":"[44b6_341df25f] after short-track filtering: 8382 nodes, 8138 edges (components_removed = 43)\n"}
,{"stream_name":"stdout","time":4097.773511063,"data":"[44b6_341df25f] FINAL: 8382 nodes, 8138 edges\n"}
,{"stream_name":"stdout","time":4097.773553348,"data":"[6bba_062c8d37] after edge-filter+motion-relink: 5997 nodes, 5657 edges\n"}
,{"stream_name":"stdout","time":4099.002983347,"data":"[6bba_062c8d37] after gap-closing (single-frame + gap2): 6050 nodes, 5755 edges\n"}
,{"stream_name":"stdout","time":4103.749369332,"data":"[6bba_062c8d37] after safe-division repair: 6050 nodes, 5761 edges (geometric_candidates = 19, deepcenter_rejected = 12, post_veto_candidates = 7, added = 6, cap_skipped = 0, mutual_nn_rejected = 2, divergence_rejected = 53)\n"}
,{"stream_name":"stdout","time":4103.749414452,"data":"[6bba_062c8d37] after division-geometry-filter+prune-isolated: 6029 nodes, 5761 edges\n"}
,{"stream_name":"stdout","time":4103.749419612,"data":"[6bba_062c8d37] after short-track filtering: 5901 nodes, 5663 edges (components_removed = 30)\n"}
,{"stream_name":"stdout","time":4104.8664367,"data":"[6bba_062c8d37] FINAL: 5901 nodes, 5663 edges\n"}
,{"stream_name":"stdout","time":4105.101260061,"data":"[6bba_07e24132] after edge-filter+motion-relink: 29751 nodes, 27967 edges\n"}
,{"stream_name":"stdout","time":4120.497470804,"data":"[6bba_07e24132] after gap-closing (single-frame + gap2): 30150 nodes, 28702 edges\n"}
,{"stream_name":"stdout","time":4140.388357412,"data":"[6bba_07e24132] after safe-division repair: 30150 nodes, 28712 edges (geometric_candidates = 130, deepcenter_rejected = 120, post_veto_candidates = 10, added = 10, cap_skipped = 0, mutual_nn_rejected = 98, divergence_rejected = 1196)\n"}
,{"stream_name":"stdout","time":4140.388416533,"data":"[6bba_07e24132] after division-geometry-filter+prune-isolated: 30150 nodes, 28712 edges\n"}
,{"stream_name":"stdout","time":4140.38842162,"data":"[6bba_07e24132] after short-track filtering: 29061 nodes, 27866 edges (components_removed = 243)\n"}
,{"stream_name":"stdout","time":4146.132434694,"data":"[6bba_07e24132] FINAL: 29061 nodes, 27866 edges\n"}
,{"stream_name":"stdout","time":4146.132465951,"data":"[6bba_085bf656] after edge-filter+motion-relink: 8417 nodes, 8082 edges\n"}
,{"stream_name":"stdout","time":4147.27057503,"data":"[6bba_085bf656] after gap-closing (single-frame + gap2): 8437 nodes, 8119 edges\n"}
,{"stream_name":"stdout","time":4153.350547016,"data":"[6bba_085bf656] after safe-division repair: 8437 nodes, 8123 edges (geometric_candidates = 22, deepcenter_rejected = 18, post_veto_candidates = 4, added = 4, cap_skipped = 0, mutual_nn_rejected = 4, divergence_rejected = 106)\n"}
,{"stream_name":"stdout","time":4153.350577878,"data":"[6bba_085bf656] after division-geometry-filter+prune-isolated: 8434 nodes, 8123 edges\n"}
,{"stream_name":"stdout","time":4153.350581971,"data":"[6bba_085bf656] after short-track filtering: 8271 nodes, 7995 edges (components_removed = 35)\n"}
,{"stream_name":"stdout","time":4154.811936236,"data":"[6bba_085bf656] FINAL: 8271 nodes, 7995 edges\n"}
,{"stream_name":"stdout","time":4155.045730245,"data":"[6bba_09961292] after edge-filter+motion-relink: 29955 nodes, 28653 edges\n"}
,{"stream_name":"stdout","time":4165.364140051,"data":"[6bba_09961292] after gap-closing (single-frame + gap2): 30229 nodes, 29156 edges\n"}
,{"stream_name":"stdout","time":4181.719145375,"data":"[6bba_09961292] after safe-division repair: 30229 nodes, 29186 edges (geometric_candidates = 125, deepcenter_rejected = 89, post_veto_candidates = 36, added = 30, cap_skipped = 0, mutual_nn_rejected = 95, divergence_rejected = 1112)\n"}
,{"stream_name":"stdout","time":4181.719194772,"data":"[6bba_09961292] after division-geometry-filter+prune-isolated: 30229 nodes, 29186 edges\n"}
,{"stream_name":"stdout","time":4181.719202318,"data":"[6bba_09961292] after short-track filtering: 29659 nodes, 28746 edges (components_removed = 130)\n"}
,{"stream_name":"stdout","time":4187.529974565,"data":"[6bba_09961292] FINAL: 29659 nodes, 28746 edges\n"}
,{"stream_name":"stdout","time":4187.530003842,"data":"VALIDATOR candidate: reuse28 proxy = 0.973575 adjusted edge = 0.942806\n"}
,{"stream_name":"stdout","time":4187.892558383,"data":"[44b6_12dfb391] after edge-filter+motion-relink: 45351 nodes, 42870 edges\n"}
,{"stream_name":"stdout","time":4201.391135495,"data":"[44b6_12dfb391] after gap-closing (single-frame + gap2): 46054 nodes, 44201 edges\n"}
,{"stream_name":"stdout","time":4228.614774251,"data":"[44b6_12dfb391] after safe-division repair: 46054 nodes, 44234 edges (geometric_candidates = 177, deepcenter_rejected = 144, post_veto_candidates = 33, added = 33, cap_skipped = 0, mutual_nn_rejected = 68, divergence_rejected = 1712)\n"}
,{"stream_name":"stdout","time":4228.614848007,"data":"[44b6_12dfb391] after division-geometry-filter+prune-isolated: 46054 nodes, 44234 edges\n"}
,{"stream_name":"stdout","time":4228.614856523,"data":"[44b6_12dfb391] after short-track filtering: 44782 nodes, 43248 edges (components_removed = 286)\n"}
,{"stream_name":"stdout","time":4237.315346099,"data":"[44b6_12dfb391] FINAL: 44782 nodes, 43248 edges\n"}
,{"stream_name":"stdout","time":4237.631834491,"data":"[44b6_267148e4] after edge-filter+motion-relink: 22829 nodes, 21426 edges\n"}
,{"stream_name":"stdout","time":4251.475052305,"data":"[44b6_267148e4] after gap-closing (single-frame + gap2): 23094 nodes, 21903 edges\n"}
,{"stream_name":"stdout","time":4277.99491408,"data":"[44b6_267148e4] after safe-division repair: 23094 nodes, 21932 edges (geometric_candidates = 221, deepcenter_rejected = 186, post_veto_candidates = 35, added = 29, cap_skipped = 0, mutual_nn_rejected = 129, divergence_rejected = 1051)\n"}
,{"stream_name":"stdout","time":4277.994963049,"data":"[44b6_267148e4] after division-geometry-filter+prune-isolated: 23093 nodes, 21932 edges\n"}
,{"stream_name":"stdout","time":4277.994984171,"data":"[44b6_267148e4] after short-track filtering: 22285 nodes, 21304 edges (components_removed = 180)\n"}
,{"stream_name":"stdout","time":4282.310208731,"data":"[44b6_267148e4] FINAL: 22285 nodes, 21304 edges\n"}
,{"stream_name":"stdout","time":4282.711012803,"data":"[44b6_2a2eff9f] after edge-filter+motion-relink: 40928 nodes, 38160 edges\n"}
,{"stream_name":"stdout","time":4298.558902619,"data":"[44b6_2a2eff9f] after gap-closing (single-frame + gap2): 41529 nodes, 39282 edges\n"}
,{"stream_name":"stdout","time":4329.771430003,"data":"[44b6_2a2eff9f] after safe-division repair: 41529 nodes, 39327 edges (geometric_candidates = 349, deepcenter_rejected = 304, post_veto_candidates = 45, added = 45, cap_skipped = 0, mutual_nn_rejected = 84, divergence_rejected = 1892)\n"}
,{"stream_name":"stdout","time":4329.771469315,"data":"[44b6_2a2eff9f] after division-geometry-filter+prune-isolated: 41529 nodes, 39327 edges\n"}
,{"stream_name":"stdout","time":4329.771476142,"data":"[44b6_2a2eff9f] after short-track filtering: 39898 nodes, 38060 edges (components_removed = 364)\n"}
,{"stream_name":"stdout","time":4337.413729485,"data":"[44b6_2a2eff9f] FINAL: 39898 nodes, 38060 edges\n"}
,{"stream_name":"stdout","time":4337.413771963,"data":"[44b6_341df25f] after edge-filter+motion-relink: 8523 nodes, 8186 edges\n"}
,{"stream_name":"stdout","time":4339.944891036,"data":"[44b6_341df25f] after gap-closing (single-frame + gap2): 8576 nodes, 8277 edges\n"}
,{"stream_name":"stdout","time":4350.717474522,"data":"[44b6_341df25f] after safe-division repair: 8576 nodes, 8289 edges (geometric_candidates = 41, deepcenter_rejected = 27, post_veto_candidates = 14, added = 12, cap_skipped = 0, mutual_nn_rejected = 4, divergence_rejected = 155)\n"}
,{"stream_name":"stdout","time":4350.717522514,"data":"[44b6_341df25f] after division-geometry-filter+prune-isolated: 8576 nodes, 8289 edges\n"}
,{"stream_name":"stdout","time":4350.717530356,"data":"[44b6_341df25f] after short-track filtering: 8382 nodes, 8138 edges (components_removed = 43)\n"}
,{"stream_name":"stdout","time":4352.333893303,"data":"[44b6_341df25f] FINAL: 8382 nodes, 8138 edges\n"}
,{"stream_name":"stdout","time":4352.333924736,"data":"[6bba_062c8d37] after edge-filter+motion-relink: 5997 nodes, 5657 edges\n"}
,{"stream_name":"stdout","time":4353.683909211,"data":"[6bba_062c8d37] after gap-closing (single-frame + gap2): 6050 nodes, 5755 edges\n"}
,{"stream_name":"stdout","time":4358.43026814,"data":"[6bba_062c8d37] after safe-division repair: 6050 nodes, 5761 edges (geometric_candidates = 19, deepcenter_rejected = 12, post_veto_candidates = 7, added = 6, cap_skipped = 0, mutual_nn_rejected = 2, divergence_rejected = 53)\n"}
,{"stream_name":"stdout","time":4358.430311286,"data":"[6bba_062c8d37] after division-geometry-filter+prune-isolated: 6029 nodes, 5761 edges\n"}
,{"stream_name":"stdout","time":4358.430337878,"data":"[6bba_062c8d37] after short-track filtering: 5901 nodes, 5663 edges (components_removed = 30)\n"}
,{"stream_name":"stdout","time":4359.575589649,"data":"[6bba_062c8d37] FINAL: 5901 nodes, 5663 edges\n"}
,{"stream_name":"stdout","time":4359.887923019,"data":"[6bba_07e24132] after edge-filter+motion-relink: 29751 nodes, 27967 edges\n"}
,{"stream_name":"stdout","time":4375.749466288,"data":"[6bba_07e24132] after gap-closing (single-frame + gap2): 30148 nodes, 28698 edges\n"}
,{"stream_name":"stdout","time":4396.024419075,"data":"[6bba_07e24132] after safe-division repair: 30148 nodes, 28708 edges (geometric_candidates = 130, deepcenter_rejected = 120, post_veto_candidates = 10, added = 10, cap_skipped = 0, mutual_nn_rejected = 98, divergence_rejected = 1199)\n"}
,{"stream_name":"stdout","time":4396.024464242,"data":"[6bba_07e24132] after division-geometry-filter+prune-isolated: 30148 nodes, 28708 edges\n"}
,{"stream_name":"stdout","time":4396.024469988,"data":"[6bba_07e24132] after short-track filtering: 29049 nodes, 27854 edges (components_removed = 245)\n"}
,{"stream_name":"stdout","time":4401.472860928,"data":"[6bba_07e24132] FINAL: 29049 nodes, 27854 edges\n"}
,{"stream_name":"stdout","time":4401.472905461,"data":"[6bba_085bf656] after edge-filter+motion-relink: 8417 nodes, 8082 edges\n"}
,{"stream_name":"stdout","time":4402.754740758,"data":"[6bba_085bf656] after gap-closing (single-frame + gap2): 8437 nodes, 8119 edges\n"}
,{"stream_name":"stdout","time":4408.688724041,"data":"[6bba_085bf656] after safe-division repair: 8437 nodes, 8123 edges (geometric_candidates = 22, deepcenter_rejected = 18, post_veto_candidates = 4, added = 4, cap_skipped = 0, mutual_nn_rejected = 4, divergence_rejected = 106)\n"}
,{"stream_name":"stdout","time":4408.688771757,"data":"[6bba_085bf656] after division-geometry-filter+prune-isolated: 8434 nodes, 8123 edges\n"}
,{"stream_name":"stdout","time":4408.688776165,"data":"[6bba_085bf656] after short-track filtering: 8271 nodes, 7995 edges (components_removed = 35)\n"}
,{"stream_name":"stdout","time":4410.273950552,"data":"[6bba_085bf656] FINAL: 8271 nodes, 7995 edges\n"}
,{"stream_name":"stdout","time":4410.508089382,"data":"[6bba_09961292] after edge-filter+motion-relink: 29955 nodes, 28653 edges\n"}
,{"stream_name":"stdout","time":4421.415744061,"data":"[6bba_09961292] after gap-closing (single-frame + gap2): 30226 nodes, 29149 edges\n"}
,{"stream_name":"stdout","time":4437.396295,"data":"[6bba_09961292] after safe-division repair: 30226 nodes, 29178 edges (geometric_candidates = 123, deepcenter_rejected = 88, post_veto_candidates = 35, added = 29, cap_skipped = 0, mutual_nn_rejected = 96, divergence_rejected = 1121)\n"}
,{"stream_name":"stdout","time":4437.396354089,"data":"[6bba_09961292] after division-geometry-filter+prune-isolated: 30226 nodes, 29178 edges\n"}
,{"stream_name":"stdout","time":4437.396364883,"data":"[6bba_09961292] after short-track filtering: 29654 nodes, 28737 edges (components_removed = 131)\n"}
,{"stream_name":"stdout","time":4443.126805404,"data":"[6bba_09961292] FINAL: 29654 nodes, 28737 edges\n"}
,{"stream_name":"stdout","time":4443.362777004,"data":"VALIDATOR candidate: dcgap035 proxy = 0.973591 adjusted edge = 0.942822\n"}
,{"stream_name":"stdout","time":4443.362808693,"data":"VALIDATOR selected config: base {}\n"}
,{"stream_name":"stdout","time":4443.679966789,"data":"VALIDATOR final submission rows: 239116\n"}
,{"stream_name":"stdout","time":4443.680008189,"data":"VALIDATOR final config: base\n"}
,{"stream_name":"stdout","time":4444.2627141,"data":"{\n"}
,{"stream_name":"stdout","time":4444.262748558,"data":"  \"configuration\": {\n"}
,{"stream_name":"stdout","time":4444.262755937,"data":"    \"bidirectional_primary_weight\": 0.15,\n"}
,{"stream_name":"stdout","time":4444.262761767,"data":"    \"deepcenter_gap_confirm_min_span_um\": 8.5,\n"}
,{"stream_name":"stdout","time":4444.262768265,"data":"    \"deepcenter_gap_threshold\": 0.25,\n"}
,{"stream_name":"stdout","time":4444.262773584,"data":"    \"deepcenter_safe_div_threshold\": 0.2,\n"}
,{"stream_name":"stdout","time":4444.262778562,"data":"    \"deepcenter_tta\": true,\n"}
,{"stream_name":"stdout","time":4444.262783847,"data":"    \"detector_threshold\": 0.965,\n"}
,{"stream_name":"stdout","time":4444.262789152,"data":"    \"edge_candidate_threshold\": 0.48,\n"}
,{"stream_name":"stdout","time":4444.262795565,"data":"    \"fallback_scope\": \"individual_frame\",\n"}
,{"stream_name":"stdout","time":4444.262801534,"data":"    \"gap_close_um\": 5.0,\n"}
,{"stream_name":"stdout","time":4444.262821463,"data":"    \"ilp_appearance_weight\": 0.0,\n"}
,{"stream_name":"stdout","time":4444.262827302,"data":"    \"ilp_disappearance_weight\": 2.0,\n"}
,{"stream_name":"stdout","time":4444.26283124,"data":"    \"minimum_candidate_retention\": 0.9,\n"}
,{"stream_name":"stdout","time":4444.262835369,"data":"    \"safe_div_max_um\": 9.0,\n"}
,{"stream_name":"stdout","time":4444.262839415,"data":"    \"safe_div_sister_max_um\": 14.0,\n"}
,{"stream_name":"stdout","time":4444.262843677,"data":"    \"safe_div_sister_symmetry_tau\": 0.6,\n"}
,{"stream_name":"stdout","time":4444.262847966,"data":"    \"secondary_detection_weight\": 0.8,\n"}
,{"stream_name":"stdout","time":4444.262852161,"data":"    \"secondary_edge_feature_tta\": true,\n"}
,{"stream_name":"stdout","time":4444.262856292,"data":"    \"secondary_edge_feature_tta_weight\": 0.75,\n"}
,{"stream_name":"stdout","time":4444.262861295,"data":"    \"secondary_edge_weight\": 0.15,\n"}
,{"stream_name":"stdout","time":4444.262865741,"data":"    \"secondary_link_mode\": \"low_margin_consensus\",\n"}
,{"stream_name":"stdout","time":4444.262870029,"data":"    \"secondary_low_margin_max\": 0.35\n"}
,{"stream_name":"stdout","time":4444.262874104,"data":"  },\n"}
,{"stream_name":"stdout","time":4444.26287762,"data":"  \"diagnostics\": {\n"}
,{"stream_name":"stdout","time":4444.262881941,"data":"    \"by_movie\": {\n"}
,{"stream_name":"stdout","time":4444.262887024,"data":"      \"44b6_0113de3b\": {\n"}
,{"stream_name":"stdout","time":4444.262899351,"data":"        \"fallback_frames\": 0,\n"}
,{"stream_name":"stdout","time":4444.262903615,"data":"        \"frames\": 100,\n"}
,{"stream_name":"stdout","time":4444.262910858,"data":"        \"median_retention\": 1.0118578927634045,\n"}
,{"stream_name":"stdout","time":4444.262917743,"data":"        \"minimum_retention\": 0.9926739926739927\n"}
,{"stream_name":"stdout","time":4444.262925589,"data":"      },\n"}
,{"stream_name":"stdout","time":4444.262928555,"data":"      \"44b6_0b24845f\": {\n"}
,{"stream_name":"stdout","time":4444.262931316,"data":"        \"fallback_frames\": 64,\n"}
,{"stream_name":"stdout","time":4444.262934006,"data":"        \"frames\": 100,\n"}
,{"stream_name":"stdout","time":4444.26293667,"data":"        \"median_retention\": 0.8618514846811123,\n"}
,{"stream_name":"stdout","time":4444.262939452,"data":"        \"minimum_retention\": 0.45307443365695793\n"}
,{"stream_name":"stdout","time":4444.26294216,"data":"      },\n"}
,{"stream_name":"stdout","time":4444.262944739,"data":"      \"6bba_05b6850b\": {\n"}
,{"stream_name":"stdout","time":4444.262947372,"data":"        \"fallback_frames\": 1,\n"}
,{"stream_name":"stdout","time":4444.262950123,"data":"        \"frames\": 100,\n"}
,{"stream_name":"stdout","time":4444.262953412,"data":"        \"median_retention\": 1.0137012012012012,\n"}
,{"stream_name":"stdout","time":4444.262956235,"data":"        \"minimum_retention\": 0.8918918918918919\n"}
,{"stream_name":"stdout","time":4444.262958901,"data":"      },\n"}
,{"stream_name":"stdout","time":4444.262961519,"data":"      \"6bba_05db0fb1\": {\n"}
,{"stream_name":"stdout","time":4444.262964104,"data":"        \"fallback_frames\": 0,\n"}
,{"stream_name":"stdout","time":4444.262966732,"data":"        \"frames\": 100,\n"}
,{"stream_name":"stdout","time":4444.262969423,"data":"        \"median_retention\": 1.0110725229826354,\n"}
,{"stream_name":"stdout","time":4444.262972158,"data":"        \"minimum_retention\": 0.9715142428785607\n"}
,{"stream_name":"stdout","time":4444.262974859,"data":"      }\n"}
,{"stream_name":"stdout","time":4444.262977455,"data":"    },\n"}
,{"stream_name":"stdout","time":4444.262985718,"data":"    \"fallback_frames\": 65,\n"}
,{"stream_name":"stdout","time":4444.262988566,"data":"    \"rows\": 400\n"}
,{"stream_name":"stdout","time":4444.262991294,"data":"  },\n"}
,{"stream_name":"stdout","time":4444.262993889,"data":"  \"experiment\": \"secondary_deepcenter_tta_0947_v1\",\n"}
,{"stream_name":"stdout","time":4444.262996761,"data":"  \"hardware\": {\n"}
,{"stream_name":"stdout","time":4444.262999529,"data":"    \"visible_gpu_count\": 2\n"}
,{"stream_name":"stdout","time":4444.26300231,"data":"  },\n"}
,{"stream_name":"stdout","time":4444.263005029,"data":"  \"leaderboard_feedback_used_for_configuration\": true,\n"}
,{"stream_name":"stdout","time":4444.263010455,"data":"  \"method_attribution\": \"0.933 fixed-90 dual-seed baseline -\u003e 0.934 harmonic mutual-support fusion -\u003e 0.939 wider divisions and calmer fusion -\u003e 0.941 repair-threshold adaptation -\u003e 0.946 primary edge-feature TTA + held-out post-process selection -\u003e 0.947 secondary feature TTA + DeepCenter TTA\",\n"}
,{"stream_name":"stdout","time":4444.263014763,"data":"  \"metric_hack_used\": false,\n"}
,{"stream_name":"stdout","time":4444.263017518,"data":"  \"organizer_labels_used_for_configuration\": false,\n"}
,{"stream_name":"stdout","time":4444.2630203,"data":"  \"parent_experiment\": \"edge_feature_tta_0946_v1\",\n"}
,{"stream_name":"stdout","time":4444.263023086,"data":"  \"public_output_used\": false,\n"}
,{"stream_name":"stdout","time":4444.263025794,"data":"  \"quality_promotion\": {\n"}
,{"stream_name":"stdout","time":4444.26302849,"data":"    \"required_condition\": \"none\",\n"}
,{"stream_name":"stdout","time":4444.263031273,"data":"    \"status\": \"verified_public_lb_0947\",\n"}
,{"stream_name":"stdout","time":4444.263034033,"data":"    \"validated_receipt_sha256\": null\n"}
,{"stream_name":"stdout","time":4444.263036765,"data":"  },\n"}
,{"stream_name":"stdout","time":4444.263039346,"data":"  \"source_kernel\": \"raykkretzschmar/biohub-bidirectional-primary-union13-diagnostic-v1\",\n"}
,{"stream_name":"stdout","time":4444.263042297,"data":"  \"source_notebook_sha256\": \"3e65ca691941949196bf417030ea84fccafe16baaec174b2a63540451bb937e8\",\n"}
,{"stream_name":"stdout","time":4444.263045153,"data":"  \"status\": \"verified_public_lb_0947\",\n"}
,{"stream_name":"stdout","time":4444.263047908,"data":"  \"submission\": {\n"}
,{"stream_name":"stdout","time":4444.263050608,"data":"    \"datasets\": [\n"}
,{"stream_name":"stdout","time":4444.263053277,"data":"      \"44b6_0113de3b\",\n"}
,{"stream_name":"stdout","time":4444.263056006,"data":"      \"44b6_0b24845f\",\n"}
,{"stream_name":"stdout","time":4444.263058676,"data":"      \"6bba_05b6850b\",\n"}
,{"stream_name":"stdout","time":4444.263061303,"data":"      \"6bba_05db0fb1\"\n"}
,{"stream_name":"stdout","time":4444.263063968,"data":"    ],\n"}
,{"stream_name":"stdout","time":4444.26306659,"data":"    \"rows\": 239116,\n"}
,{"stream_name":"stdout","time":4444.263069291,"data":"    \"sha256\": \"283f7b17107294119debb3ddb02a0d79207f084cc375e70be79de589031a31f4\"\n"}
,{"stream_name":"stdout","time":4444.263072289,"data":"  },\n"}
,{"stream_name":"stdout","time":4444.263074838,"data":"  \"topology\": {\n"}
,{"stream_name":"stdout","time":4444.263077552,"data":"    \"44b6_0113de3b\": {\n"}
,{"stream_name":"stdout","time":4444.263080249,"data":"      \"division_parents\": 49,\n"}
,{"stream_name":"stdout","time":4444.263082952,"data":"      \"edges\": 24979,\n"}
,{"stream_name":"stdout","time":4444.263085614,"data":"      \"max_indegree\": 1,\n"}
,{"stream_name":"stdout","time":4444.263088372,"data":"      \"max_outdegree\": 2,\n"}
,{"stream_name":"stdout","time":4444.263093777,"data":"      \"nodes\": 25648\n"}
,{"stream_name":"stdout","time":4444.26309662,"data":"    },\n"}
,{"stream_name":"stdout","time":4444.263099161,"data":"    \"44b6_0b24845f\": {\n"}
,{"stream_name":"stdout","time":4444.263101992,"data":"      \"division_parents\": 29,\n"}
,{"stream_name":"stdout","time":4444.263104666,"data":"      \"edges\": 19080,\n"}
,{"stream_name":"stdout","time":4444.263107405,"data":"      \"max_indegree\": 1,\n"}
,{"stream_name":"stdout","time":4444.263110055,"data":"      \"max_outdegree\": 2,\n"}
,{"stream_name":"stdout","time":4444.263112734,"data":"      \"nodes\": 20501\n"}
,{"stream_name":"stdout","time":4444.263115392,"data":"    },\n"}
,{"stream_name":"stdout","time":4444.263118055,"data":"    \"6bba_05b6850b\": {\n"}
,{"stream_name":"stdout","time":4444.263120661,"data":"      \"division_parents\": 10,\n"}
,{"stream_name":"stdout","time":4444.263123332,"data":"      \"edges\": 5902,\n"}
,{"stream_name":"stdout","time":4444.263125961,"data":"      \"max_indegree\": 1,\n"}
,{"stream_name":"stdout","time":4444.26312861,"data":"      \"max_outdegree\": 2,\n"}
,{"stream_name":"stdout","time":4444.26313127,"data":"      \"nodes\": 6106\n"}
,{"stream_name":"stdout","time":4444.263133938,"data":"    },\n"}
,{"stream_name":"stdout","time":4444.263136555,"data":"    \"6bba_05db0fb1\": {\n"}
,{"stream_name":"stdout","time":4444.263139252,"data":"      \"division_parents\": 46,\n"}
,{"stream_name":"stdout","time":4444.263143048,"data":"      \"edges\": 67147,\n"}
,{"stream_name":"stdout","time":4444.263147009,"data":"      \"max_indegree\": 1,\n"}
,{"stream_name":"stdout","time":4444.263149821,"data":"      \"max_outdegree\": 2,\n"}
,{"stream_name":"stdout","time":4444.263152481,"data":"      \"nodes\": 69753\n"}
,{"stream_name":"stdout","time":4444.263155139,"data":"    }\n"}
,{"stream_name":"stdout","time":4444.263157721,"data":"  }\n"}
,{"stream_name":"stdout","time":4444.263160309,"data":"}\n"}
,{"stream_name":"stdout","time":4444.263162989,"data":"PRODUCTION SUBMISSION PIPELINE: COMPLETE\n"}
,{"stream_name":"stdout","time":4444.263165673,"data":"Submission path: /kaggle/working/submission.csv\n"}
,{"stream_name":"stdout","time":4444.263168477,"data":"Verified progression preserved: 0.933 -\u003e 0.934 -\u003e 0.939 -\u003e 0.941 -\u003e 0.946 -\u003e 0.947\n"}
,{"stream_name":"stderr","time":4449.661884419,"data":"/usr/local/lib/python3.12/dist-packages/mistune.py:435: SyntaxWarning: invalid escape sequence '\\|'\n"}
,{"stream_name":"stderr","time":4449.661916727,"data":"  cells[i][c] = re.sub('\\\\\\\\\\|', '|', cell)\n"}
,{"stream_name":"stderr","time":4449.787946785,"data":"/usr/local/lib/python3.12/dist-packages/nbconvert/filters/filter_links.py:36: SyntaxWarning: invalid escape sequence '\\_'\n"}
,{"stream_name":"stderr","time":4449.787971758,"data":"  text = re.sub(r'_', '\\_', text) # Escape underscores in display text\n"}
,{"stream_name":"stderr","time":4450.506010522,"data":"[NbConvertApp] Converting notebook __notebook__.ipynb to notebook\n"}
,{"stream_name":"stderr","time":4451.178119843,"data":"[NbConvertApp] Writing 580717 bytes to __notebook__.ipynb\n"}
,{"stream_name":"stderr","time":4453.65868893,"data":"[NbConvertApp] Converting notebook __notebook__.ipynb to html\n"}
,{"stream_name":"stderr","time":4455.228855384,"data":"[NbConvertApp] Writing 1514298 bytes to __results__.html\n"}
]