[{"stream_name":"stderr","time":7.376321889,"data":"0.00s - Debugger warning: It seems that frozen modules are being used, which may\n"}
,{"stream_name":"stderr","time":7.3763678089999996,"data":"0.00s - make the debugger miss breakpoints. Please pass -Xfrozen_modules=off\n"}
,{"stream_name":"stderr","time":7.376371466,"data":"0.00s - to python to disable frozen modules.\n"}
,{"stream_name":"stderr","time":7.376374103,"data":"0.00s - Note: Debugging will proceed. Set PYDEVD_DISABLE_FILE_VALIDATION=1 to disable this validation.\n"}
,{"stream_name":"stderr","time":8.000427532,"data":"0.00s - Debugger warning: It seems that frozen modules are being used, which may\n"}
,{"stream_name":"stderr","time":8.000458796,"data":"0.00s - make the debugger miss breakpoints. Please pass -Xfrozen_modules=off\n"}
,{"stream_name":"stderr","time":8.000465229,"data":"0.00s - to python to disable frozen modules.\n"}
,{"stream_name":"stderr","time":8.000472399,"data":"0.00s - Note: Debugging will proceed. Set PYDEVD_DISABLE_FILE_VALIDATION=1 to disable this validation.\n"}
,{"stream_name":"stdout","time":9.107483188,"data":"BIOHUB_PRESET: harmonic_v3_division_wide\n"}
,{"stream_name":"stdout","time":9.1075502,"data":"BIOHUB_SCORE_AXIS: public 0.939 base + holdout-selected post-process configuration\n"}
,{"stream_name":"stdout","time":9.129614028,"data":"Configuration guard: PASS\n"}
,{"stream_name":"stdout","time":9.129661544,"data":"Baseline: fixed-90 dual-seed clean pipeline (public LB 0.913)\n"}
,{"stream_name":"stdout","time":9.129668569,"data":"Single model-level change: harmonic mutual-support association fusion\n"}
,{"stream_name":"stdout","time":9.12969151,"data":"Reverse-time association weight: 0.200\n"}
,{"stream_name":"stdout","time":10.030305502,"data":"Biohub learned UNet + node-transformer + ILP submission\n"}
,{"stream_name":"stdout","time":10.030339537,"data":"COMP_DIR: /kaggle/input/competitions/biohub-cell-tracking-during-development exists: True\n"}
,{"stream_name":"stdout","time":10.030346522,"data":"TEST_DIR: /kaggle/input/competitions/biohub-cell-tracking-during-development/test exists: True\n"}
,{"stream_name":"stdout","time":10.030351901,"data":"{\n"}
,{"stream_name":"stdout","time":10.030356732,"data":"  \"adaptive_short_track_rescue\": true,\n"}
,{"stream_name":"stdout","time":10.03036266,"data":"  \"allow_artifact_fallback\": false,\n"}
,{"stream_name":"stdout","time":10.030368328,"data":"  \"allow_pip_install\": false,\n"}
,{"stream_name":"stdout","time":10.030373994,"data":"  \"deepcenter_checkpoint_default\": \"/kaggle/input/biohub-deepcenter-unet3d-center-prior-v1/weights/full_frame_center/best.pt\",\n"}
,{"stream_name":"stdout","time":10.030379207,"data":"  \"deepcenter_expected_epoch\": 2,\n"}
,{"stream_name":"stdout","time":10.030384878,"data":"  \"deepcenter_gap_add_gate\": true,\n"}
,{"stream_name":"stdout","time":10.030389935,"data":"  \"deepcenter_gap_confirm_min_span_um\": 8.5,\n"}
,{"stream_name":"stdout","time":10.030395218,"data":"  \"deepcenter_gap_threshold\": 0.25,\n"}
,{"stream_name":"stdout","time":10.030400849,"data":"  \"deepcenter_safe_div_add_gate\": true,\n"}
,{"stream_name":"stdout","time":10.030406833,"data":"  \"deepcenter_safe_div_threshold\": 0.25,\n"}
,{"stream_name":"stdout","time":10.030412835,"data":"  \"det_threshold\": 0.965,\n"}
,{"stream_name":"stdout","time":10.030418718,"data":"  \"div_drop_to_single_if_bad\": true,\n"}
,{"stream_name":"stdout","time":10.030424219,"data":"  \"div_parent_max_um\": 10.5,\n"}
,{"stream_name":"stdout","time":10.030430237,"data":"  \"div_sister_max_um\": 8.0,\n"}
,{"stream_name":"stdout","time":10.030435708,"data":"  \"experiment_tag\": \"selected_101_dual_seed_near_balanced_center_confirmed_synthetic_gap\",\n"}
,{"stream_name":"stdout","time":10.030466242,"data":"  \"gap2_frame_frac_cap\": 0.006,\n"}
,{"stream_name":"stdout","time":10.030470539,"data":"  \"gap2_max_links_abs\": 180,\n"}
,{"stream_name":"stdout","time":10.030474123,"data":"  \"gap2_max_links_frac\": 0.0045,\n"}
,{"stream_name":"stdout","time":10.030477784,"data":"  \"gap2_max_step_um\": 4.4,\n"}
,{"stream_name":"stdout","time":10.030481366,"data":"  \"gap2_max_total_um\": 10.2,\n"}
,{"stream_name":"stdout","time":10.030485206,"data":"  \"gap2_require_context\": true,\n"}
,{"stream_name":"stdout","time":10.03048889,"data":"  \"gap_close_effective_max_gap\": 1,\n"}
,{"stream_name":"stdout","time":10.030492571,"data":"  \"gap_close_max_added_abs\": 2000,\n"}
,{"stream_name":"stdout","time":10.030498177,"data":"  \"gap_close_max_added_frac\": 0.05,\n"}
,{"stream_name":"stdout","time":10.030508801,"data":"  \"gap_close_max_gap\": 2,\n"}
,{"stream_name":"stdout","time":10.030511293,"data":"  \"gap_close_reuse_existing\": true,\n"}
,{"stream_name":"stdout","time":10.030530204,"data":"  \"gap_close_reuse_um\": 3.2,\n"}
,{"stream_name":"stdout","time":10.030534503,"data":"  \"gap_close_um\": 5.0,\n"}
,{"stream_name":"stdout","time":10.03053871,"data":"  \"gap_density_adaptive\": true,\n"}
,{"stream_name":"stdout","time":10.030550275,"data":"  \"gap_density_gain\": 0.04,\n"}
,{"stream_name":"stdout","time":10.030554633,"data":"  \"gap_density_max_step_delta_um\": 0.125,\n"}
,{"stream_name":"stdout","time":10.030558857,"data":"  \"gap_density_neighbors\": 3,\n"}
,{"stream_name":"stdout","time":10.030563373,"data":"  \"gap_density_reference_um\": 6.5,\n"}
,{"stream_name":"stdout","time":10.030567511,"data":"  \"gap_refine_max_shift_um\": 3.2,\n"}
,{"stream_name":"stdout","time":10.030571683,"data":"  \"gap_refine_synthetic\": true,\n"}
,{"stream_name":"stdout","time":10.030575495,"data":"  \"gap_refine_win_yx\": 3,\n"}
,{"stream_name":"stdout","time":10.030578574,"data":"  \"gap_refine_win_z\": 1,\n"}
,{"stream_name":"stdout","time":10.030581871,"data":"  \"ilp_appearance_weight\": 0.0,\n"}
,{"stream_name":"stdout","time":10.03058542,"data":"  \"ilp_disappearance_weight\": 2.0,\n"}
,{"stream_name":"stdout","time":10.030588774,"data":"  \"ilp_division_weight\": 1.2,\n"}
,{"stream_name":"stdout","time":10.030592063,"data":"  \"ilp_edge_weight\": -1.0,\n"}
,{"stream_name":"stdout","time":10.030595341,"data":"  \"method\": \"unet_transformer\",\n"}
,{"stream_name":"stdout","time":10.030598908,"data":"  \"motion_relink_learned_bonus\": 1.0,\n"}
,{"stream_name":"stdout","time":10.030602336,"data":"  \"motion_relink_max_frame_nodes\": 2600,\n"}
,{"stream_name":"stdout","time":10.030605943,"data":"  \"motion_relink_relaxed_um\": 10.0,\n"}
,{"stream_name":"stdout","time":10.030609417,"data":"  \"motion_relink_tight_um\": 6.0,\n"}
,{"stream_name":"stdout","time":10.030612763,"data":"  \"motion_relink_velocity_weight\": 0.5,\n"}
,{"stream_name":"stdout","time":10.030617057,"data":"  \"output_division_geometry_filter\": false,\n"}
,{"stream_name":"stdout","time":10.030621102,"data":"  \"output_edge_max_um\": 14.0,\n"}
,{"stream_name":"stdout","time":10.030627665,"data":"  \"output_enforce_next_frame\": true,\n"}
,{"stream_name":"stdout","time":10.030632768,"data":"  \"output_filter_short_tracks\": true,\n"}
,{"stream_name":"stdout","time":10.030636785,"data":"  \"output_gap2_recovery\": true,\n"}
,{"stream_name":"stdout","time":10.030640921,"data":"  \"output_gap_close\": true,\n"}
,{"stream_name":"stdout","time":10.030644445,"data":"  \"output_keep_division_components\": true,\n"}
,{"stream_name":"stdout","time":10.030654359,"data":"  \"output_linefit_smooth\": true,\n"}
,{"stream_name":"stdout","time":10.030658335,"data":"  \"output_linefit_weight\": 0.8,\n"}
,{"stream_name":"stdout","time":10.030661706,"data":"  \"output_linefit_window\": 2,\n"}
,{"stream_name":"stdout","time":10.030665879,"data":"  \"output_min_track_len\": 6,\n"}
,{"stream_name":"stdout","time":10.030669479,"data":"  \"output_motion_relink\": true,\n"}
,{"stream_name":"stdout","time":10.030673,"data":"  \"output_prune_isolated\": true,\n"}
,{"stream_name":"stdout","time":10.030676883,"data":"  \"output_safe_divisions\": true,\n"}
,{"stream_name":"stdout","time":10.030680442,"data":"  \"output_single_child_repair\": false,\n"}
,{"stream_name":"stdout","time":10.030684057,"data":"  \"output_single_parent_repair\": true,\n"}
,{"stream_name":"stdout","time":10.030687599,"data":"  \"primary_artifact_manifest\": \"/kaggle/input/datasets/pilkwang/biohub-tracking-support-pack-50ep-v1/ARTIFACT_MANIFEST.json\",\n"}
,{"stream_name":"stdout","time":10.030691636,"data":"  \"safe_div_existing_child_max_um\": 10.0,\n"}
,{"stream_name":"stdout","time":10.030695102,"data":"  \"safe_div_frame_frac_cap\": 0.0076,\n"}
,{"stream_name":"stdout","time":10.030699391,"data":"  \"safe_div_global_frac_cap\": 0.00375,\n"}
,{"stream_name":"stdout","time":10.030702755,"data":"  \"safe_div_max_um\": 9.0,\n"}
,{"stream_name":"stdout","time":10.030706521,"data":"  \"safe_div_sister_max_um\": 14.0,\n"}
,{"stream_name":"stdout","time":10.030710196,"data":"  \"short_track_rescue_max_mean_edge_dist_um\": 3.0,\n"}
,{"stream_name":"stdout","time":10.030714019,"data":"  \"short_track_rescue_max_nodes_abs\": 120,\n"}
,{"stream_name":"stdout","time":10.030717764,"data":"  \"short_track_rescue_max_nodes_frac\": 0.012,\n"}
,{"stream_name":"stdout","time":10.030721622,"data":"  \"short_track_rescue_min_len\": 4,\n"}
,{"stream_name":"stdout","time":10.030725472,"data":"  \"short_track_rescue_min_mean_edge_prob\": 0.88,\n"}
,{"stream_name":"stdout","time":10.030729421,"data":"  \"short_track_rescue_trigger_removed_frac\": 0.1,\n"}
,{"stream_name":"stdout","time":10.030733265,"data":"  \"slice\": \"\",\n"}
,{"stream_name":"stdout","time":10.030737731,"data":"  \"target_artifact_slug\": \"biohub-tracking-support-pack-50ep-v1\",\n"}
,{"stream_name":"stdout","time":10.030742081,"data":"  \"unet_batch_size\": 4,\n"}
,{"stream_name":"stdout","time":10.030771187,"data":"  \"use_deepcenter_add_only_gate\": true,\n"}
,{"stream_name":"stdout","time":10.03078071,"data":"  \"use_ilp\": true,\n"}
,{"stream_name":"stdout","time":10.030784472,"data":"  \"weights\": \"weights/unet_transformer/split_0/edge_predictor_best.pth\"\n"}
,{"stream_name":"stdout","time":10.030788239,"data":"}\n"}
,{"stream_name":"stdout","time":10.235808394,"data":"ARTIFACTS: /kaggle/input/datasets/pilkwang/biohub-tracking-support-pack-50ep-v1\n"}
,{"stream_name":"stdout","time":10.235839114,"data":"Has offline wheels: True\n"}
,{"stream_name":"stdout","time":10.235848466,"data":"Artifact name: biohub-tracking-support-pack-400ep-snapshot-v1\n"}
,{"stream_name":"stdout","time":10.235851617,"data":"Weight sha256: 12f6881ee3620a831697ca098ff8f48e687a24225f4e048b538deec3562fe771\n"}
,{"stream_name":"stdout","time":10.235854562,"data":"Weight path: weights/unet_transformer/split_0/edge_predictor_best.pth\n"}
,{"stream_name":"stdout","time":11.038964815,"data":"Installing missing packages from offline package dirs: ['polars']\n"}
,{"stream_name":"stdout","time":11.039024974,"data":"Dependency resolver is disabled with --no-deps to avoid replacing Kaggle numpy/scipy in a live kernel.\n"}
,{"stream_name":"stdout","time":11.039043708,"data":"Offline package dirs: ['/kaggle/input/datasets/pilkwang/biohub-tracking-support-pack-50ep-v1/wheels']\n"}
,{"stream_name":"stdout","time":16.601898926,"data":"Offline dependency install succeeded.\n"}
,{"stream_name":"stdout","time":16.601938192,"data":"Installing missing packages from offline package dirs: ['tracksdata', 'zarr', 'pyscipopt', 'geff', 'geff_spec', 'ilpy', 'imagecodecs', 'rustworkx', 'numcodecs', 'donfig', 'bidict']\n"}
,{"stream_name":"stdout","time":16.601945258,"data":"Dependency resolver is disabled with --no-deps to avoid replacing Kaggle numpy/scipy in a live kernel.\n"}
,{"stream_name":"stdout","time":16.601950773,"data":"Offline package dirs: ['/kaggle/input/datasets/pilkwang/biohub-tracking-support-pack-50ep-v1/wheels']\n"}
,{"stream_name":"stdout","time":42.760928677,"data":"Offline dependency install succeeded.\n"}
,{"stream_name":"stderr","time":50.539156002,"data":"/usr/local/lib/python3.12/dist-packages/dask/array/image.py:7: FutureWarning: `find_available_plugins` is deprecated since version 0.25 and will be removed in version 0.27. The plugin infrastructure of `skimage.io` is deprecated. Instead, use `imageio` or other I/O packages directly.\n"}
,{"stream_name":"stderr","time":50.539195101,"data":"  from skimage.io import imread as sk_imread\n"}
,{"stream_name":"stderr","time":50.539201493,"data":"/usr/lib/python3.12/importlib/__init__.py:90: FutureWarning: `reset_plugins` is deprecated since version 0.25 and will be removed in version 0.27. The plugin infrastructure of `skimage.io` is deprecated. Instead, use `imageio` or other I/O packages directly.\n"}
,{"stream_name":"stderr","time":50.539207026,"data":"  return _bootstrap._gcd_import(name[level:], package, level)\n"}
,{"stream_name":"stderr","time":50.539211587,"data":"\n"}
,{"stream_name":"stderr","time":50.539221753,"data":"/usr/local/lib/python3.12/dist-packages/dask/array/image.py:7: FutureWarning: `find_available_plugins` is deprecated since version 0.25 and will be removed in version 0.27. The plugin infrastructure of `skimage.io` is deprecated. Instead, use `imageio` or other I/O packages directly.\n"}
,{"stream_name":"stderr","time":50.539225971,"data":"  from skimage.io import imread as sk_imread\n"}
,{"stream_name":"stderr","time":50.539228988,"data":"/usr/lib/python3.12/importlib/__init__.py:90: FutureWarning: `reset_plugins` is deprecated since version 0.25 and will be removed in version 0.27. The plugin infrastructure of `skimage.io` is deprecated. Instead, use `imageio` or other I/O packages directly.\n"}
,{"stream_name":"stderr","time":50.539232361,"data":"  return _bootstrap._gcd_import(name[level:], package, level)\n"}
,{"stream_name":"stdout","time":50.779939779,"data":"Required graph/Zarr/ILP packages import successfully.\n"}
,{"stream_name":"stdout","time":50.779984481,"data":"Inference repo: /kaggle/working/tracking_repo\n"}
,{"stream_name":"stdout","time":50.779989673,"data":"Weights: /kaggle/working/tracking_repo/weights/unet_transformer/split_0/edge_predictor_best.pth\n"}
,{"stream_name":"stdout","time":51.357979744,"data":"Support repo Python manifest SHA256: 978b626d1fd1e7397435a437dfe68691defe1572fc3c20e61012d7c9b52ed029\n"}
,{"stream_name":"stdout","time":51.358017855,"data":"Primary materialized SHA256: 12f6881ee3620a831697ca098ff8f48e687a24225f4e048b538deec3562fe771\n"}
,{"stream_name":"stdout","time":51.358023889,"data":"DeepCenter materialized SHA256: 8040999a92f6b7bbd98fa8cf458141e045c0f9ad7c936bdb3b18e1f7edafe2a0\n"}
,{"stream_name":"stdout","time":571.442609634,"data":"Secondary artifact: /kaggle/input/datasets/pilkwang/biohub-temporal-unet3d-seed314159-v1\n"}
,{"stream_name":"stdout","time":571.442655159,"data":"Secondary weight: /kaggle/working/secondary_seed_weights/unet_transformer/split_0/edge_predictor_best.pth\n"}
,{"stream_name":"stdout","time":571.442669791,"data":"Secondary SHA256: 9bac2fa0dadc4a6fc1899e0caf187f4b553e0a7cd90ba1261a68b35ffe9e305f\n"}
,{"stream_name":"stdout","time":571.442673766,"data":"Secondary edge-logit weight: 0.15\n"}
,{"stream_name":"stdout","time":571.442677301,"data":"Runtime integrity receipt: /kaggle/working/bidirectional_production_runtime_integrity.json\n"}
,{"stream_name":"stdout","time":576.269063074,"data":"CUDA device: Tesla T4\n"}
,{"stream_name":"stdout","time":576.269094561,"data":"TTA patch applied (400ep spatial D4-style)\n"}
,{"stream_name":"stdout","time":576.269098076,"data":"Calibrated dual-seed runtime patch applied\n"}
,{"stream_name":"stdout","time":576.269101006,"data":"Frozen frame retention guard applied at 0.90\n"}
,{"stream_name":"stdout","time":576.269103651,"data":"Bidirectional harmonic-probability association fusion applied | weight= 0.15\n"}
,{"stream_name":"stdout","time":576.269106413,"data":"Pre-ILP detector-coordinate manifest hook applied\n"}
,{"stream_name":"stdout","time":576.269108818,"data":"EDGE_TTA patch installed and enabled in /kaggle/working/tracking_repo/scripts/predict_unet_transformer.py\n"}
,{"stream_name":"stdout","time":576.269111404,"data":"secondary edge-feature TTA patch installed and enabled\n"}
,{"stream_name":"stdout","time":576.274016641,"data":"Found 4 test videos\n"}
,{"stream_name":"stdout","time":576.274044631,"data":"['44b6_0113de3b', '44b6_0b24845f', '6bba_05b6850b', '6bba_05db0fb1']\n"}
,{"stream_name":"stdout","time":576.274051039,"data":"Launching 2 independent video shards on CUDA devices ['0', '1']\n"}
,{"stream_name":"stdout","time":576.274056687,"data":"GPU shard 0: CUDA_VISIBLE_DEVICES=0 | /usr/bin/python3 scripts/predict_unet_transformer.py --data-dir /kaggle/input/competitions/biohub-cell-tracking-during-development/test --splits kaggle_test_splits_50ep.json --split 0 --weights weights/unet_transformer/split_0/edge_predictor_best.pth --unet-batch-size 4 --det-threshold 0.965 --ilp-edge-weight -1.0 --ilp-appearance-weight 0.0 --ilp-disappearance-weight 2.0 --ilp-division-weight 1.2 --use-ilp --method unet_transformer_gpu0 --slice 0::2\n"}
,{"stream_name":"stdout","time":576.276181692,"data":"GPU shard 1: CUDA_VISIBLE_DEVICES=1 | /usr/bin/python3 scripts/predict_unet_transformer.py --data-dir /kaggle/input/competitions/biohub-cell-tracking-during-development/test --splits kaggle_test_splits_50ep.json --split 0 --weights weights/unet_transformer/split_0/edge_predictor_best.pth --unet-batch-size 4 --det-threshold 0.965 --ilp-edge-weight -1.0 --ilp-appearance-weight 0.0 --ilp-disappearance-weight 2.0 --ilp-division-weight 1.2 --use-ilp --method unet_transformer_gpu1 --slice 1::2\n"}
,{"stream_name":"stderr","time":582.206579175,"data":"/usr/local/lib/python3.12/dist-packages/dask/array/image.py:7: FutureWarning: `find_available_plugins` is deprecated since version 0.25 and will be removed in version 0.27. The plugin infrastructure of `skimage.io` is deprecated. Instead, use `imageio` or other I/O packages directly.\n"}
,{"stream_name":"stderr","time":582.206704018,"data":"  from skimage.io import imread as sk_imread\n"}
,{"stream_name":"stderr","time":582.212098255,"data":"/usr/lib/python3.12/importlib/__init__.py:90: FutureWarning: `reset_plugins` is deprecated since version 0.25 and will be removed in version 0.27. The plugin infrastructure of `skimage.io` is deprecated. Instead, use `imageio` or other I/O packages directly.\n"}
,{"stream_name":"stderr","time":582.212132472,"data":"  return _bootstrap._gcd_import(name[level:], package, level)\n"}
,{"stream_name":"stderr","time":582.297214556,"data":"/usr/local/lib/python3.12/dist-packages/dask/array/image.py:7: FutureWarning: `find_available_plugins` is deprecated since version 0.25 and will be removed in version 0.27. The plugin infrastructure of `skimage.io` is deprecated. Instead, use `imageio` or other I/O packages directly.\n"}
,{"stream_name":"stderr","time":582.297284629,"data":"  from skimage.io import imread as sk_imread\n"}
,{"stream_name":"stderr","time":582.303352904,"data":"/usr/lib/python3.12/importlib/__init__.py:90: FutureWarning: `reset_plugins` is deprecated since version 0.25 and will be removed in version 0.27. The plugin infrastructure of `skimage.io` is deprecated. Instead, use `imageio` or other I/O packages directly.\n"}
,{"stream_name":"stderr","time":582.303389079,"data":"  return _bootstrap._gcd_import(name[level:], package, level)\n"}
,{"stream_name":"stderr","time":582.409280205,"data":"/usr/local/lib/python3.12/dist-packages/dask/array/image.py:7: FutureWarning: `find_available_plugins` is deprecated since version 0.25 and will be removed in version 0.27. The plugin infrastructure of `skimage.io` is deprecated. Instead, use `imageio` or other I/O packages directly.\n"}
,{"stream_name":"stderr","time":582.409307434,"data":"  from skimage.io import imread as sk_imread\n"}
,{"stream_name":"stderr","time":582.409312177,"data":"/usr/lib/python3.12/importlib/__init__.py:90: FutureWarning: `reset_plugins` is deprecated since version 0.25 and will be removed in version 0.27. The plugin infrastructure of `skimage.io` is deprecated. Instead, use `imageio` or other I/O packages directly.\n"}
,{"stream_name":"stderr","time":582.409331509,"data":"  return _bootstrap._gcd_import(name[level:], package, level)\n"}
,{"stream_name":"stderr","time":582.409335928,"data":"/usr/local/lib/python3.12/dist-packages/dask/array/image.py:7: FutureWarning: `find_available_plugins` is deprecated since version 0.25 and will be removed in version 0.27. The plugin infrastructure of `skimage.io` is deprecated. Instead, use `imageio` or other I/O packages directly.\n"}
,{"stream_name":"stderr","time":582.409340598,"data":"  from skimage.io import imread as sk_imread\n"}
,{"stream_name":"stderr","time":582.409344313,"data":"/usr/lib/python3.12/importlib/__init__.py:90: FutureWarning: `reset_plugins` is deprecated since version 0.25 and will be removed in version 0.27. The plugin infrastructure of `skimage.io` is deprecated. Instead, use `imageio` or other I/O packages directly.\n"}
,{"stream_name":"stderr","time":582.409348625,"data":"  return _bootstrap._gcd_import(name[level:], package, level)\n"}
,{"stream_name":"stderr","time":582.409352881,"data":"\n"}
,{"stream_name":"stderr","time":582.409356328,"data":"/usr/local/lib/python3.12/dist-packages/dask/array/image.py:7: FutureWarning: `find_available_plugins` is deprecated since version 0.25 and will be removed in version 0.27. The plugin infrastructure of `skimage.io` is deprecated. Instead, use `imageio` or other I/O packages directly.\n"}
,{"stream_name":"stderr","time":582.409360721,"data":"  from skimage.io import imread as sk_imread\n"}
,{"stream_name":"stderr","time":582.409374876,"data":"/usr/lib/python3.12/importlib/__init__.py:90: FutureWarning: `reset_plugins` is deprecated since version 0.25 and will be removed in version 0.27. The plugin infrastructure of `skimage.io` is deprecated. Instead, use `imageio` or other I/O packages directly.\n"}
,{"stream_name":"stderr","time":582.409380786,"data":"  return _bootstrap._gcd_import(name[level:], package, level)\n"}
,{"stream_name":"stderr","time":582.40938566,"data":"/usr/local/lib/python3.12/dist-packages/dask/array/image.py:7: FutureWarning: `find_available_plugins` is deprecated since version 0.25 and will be removed in version 0.27. The plugin infrastructure of `skimage.io` is deprecated. Instead, use `imageio` or other I/O packages directly.\n"}
,{"stream_name":"stderr","time":582.409390147,"data":"  from skimage.io import imread as sk_imread\n"}
,{"stream_name":"stderr","time":582.409404637,"data":"/usr/lib/python3.12/importlib/__init__.py:90: FutureWarning: `reset_plugins` is deprecated since version 0.25 and will be removed in version 0.27. The plugin infrastructure of `skimage.io` is deprecated. Instead, use `imageio` or other I/O packages directly.\n"}
,{"stream_name":"stderr","time":582.409409805,"data":"  return _bootstrap._gcd_import(name[level:], package, level)\n"}
,{"stream_name":"stdout","time":582.952425209,"data":"Secondary model: /kaggle/working/secondary_seed_weights/unet_transformer/split_0/edge_predictor_best.pth | edge weight=0.150 | detection weight=0.800 | link mode=low_margin_consensus | temperature=1.000 | low-margin max=0.350 | edge threshold=0.480\n"}
,{"stream_name":"stdout","time":582.952464701,"data":"Fold 0: 2 datasets | weights=weights/unet_transformer/split_0/edge_predictor_best.pth | device=cuda | window_size=2 | pool_kernel_um=3.0\n"}
,{"stream_name":"stdout","time":582.953455858,"data":"Secondary model: /kaggle/working/secondary_seed_weights/unet_transformer/split_0/edge_predictor_best.pth | edge weight=0.150 | detection weight=0.800 | link mode=low_margin_consensus | temperature=1.000 | low-margin max=0.350 | edge threshold=0.480\n"}
,{"stream_name":"stdout","time":582.953477404,"data":"Fold 0: 2 datasets | weights=weights/unet_transformer/split_0/edge_predictor_best.pth | device=cuda | window_size=2 | pool_kernel_um=3.0\n"}
,{"stream_name":"stdout","time":583.155056191,"data":"Secondary model: /kaggle/working/secondary_seed_weights/unet_transformer/split_0/edge_predictor_best.pth | edge weight=0.150 | detection weight=0.800 | link mode=low_margin_consensus | temperature=1.000 | low-margin max=0.350 | edge threshold=0.480\n"}
,{"stream_name":"stdout","time":583.155092773,"data":"Fold 0: 2 datasets | weights=weights/unet_transformer/split_0/edge_predictor_best.pth | device=cuda | window_size=2 | pool_kernel_um=3.0\n"}
,{"stream_name":"stdout","time":583.155098137,"data":"Secondary model: /kaggle/working/secondary_seed_weights/unet_transformer/split_0/edge_predictor_best.pth | edge weight=0.150 | detection weight=0.800 | link mode=low_margin_consensus | temperature=1.000 | low-margin max=0.350 | edge threshold=0.480\n"}
,{"stream_name":"stdout","time":583.155102777,"data":"Fold 0: 2 datasets | weights=weights/unet_transformer/split_0/edge_predictor_best.pth | device=cuda | window_size=2 | pool_kernel_um=3.0\n"}
,{"stream_name":"stdout","time":585.057854094,"data":"EDGE_TTA_ACTIVE views= 8 mean_abs_feat_delta= 0.360585\n"}
,{"stream_name":"stdout","time":585.064238274,"data":"EDGE_TTA_ACTIVE views= 8 mean_abs_feat_delta= 0.323238\n"}
,{"stream_name":"stdout","time":585.260837325,"data":"EDGE_TTA_ACTIVE views= 8 mean_abs_feat_delta= 0.360585\n"}
,{"stream_name":"stdout","time":585.260915849,"data":"EDGE_TTA_ACTIVE views= 8 mean_abs_feat_delta= 0.323238\n"}
,{"stream_name":"stdout","time":585.908961534,"data":"SECONDARY_EDGE_TTA_ACTIVE views= 8 weight= 0.75 mean_abs_feat_delta= 0.230737\n"}
,{"stream_name":"stdout","time":585.908998419,"data":"SECONDARY_EDGE_TTA_ACTIVE views= 8 weight= 0.75 mean_abs_feat_delta= 0.28166\n"}
,{"stream_name":"stdout","time":586.040817655,"data":"BIOHUB_RETENTION_GUARD {\"blended_candidates\": 387, \"dataset\": \"44b6_0b24845f\", \"frame\": 0, \"minimum_retention\": 0.9, \"primary_candidates\": 465, \"retention\": 0.832258064516129, \"use_primary\": true}\n"}
,{"stream_name":"stdout","time":586.042375522,"data":"BIOHUB_RETENTION_GUARD {\"blended_candidates\": 391, \"dataset\": \"44b6_0b24845f\", \"frame\": 1, \"minimum_retention\": 0.9, \"primary_candidates\": 444, \"retention\": 0.8806306306306306, \"use_primary\": true}\n"}
,{"stream_name":"stdout","time":586.111540819,"data":"SECONDARY_EDGE_TTA_ACTIVE views= 8 weight= 0.75 mean_abs_feat_delta= 0.230737\n"}
,{"stream_name":"stdout","time":586.111636234,"data":"SECONDARY_EDGE_TTA_ACTIVE views= 8 weight= 0.75 mean_abs_feat_delta= 0.28166\n"}
,{"stream_name":"stdout","time":586.111644004,"data":"BIOHUB_RETENTION_GUARD {\"blended_candidates\": 387, \"dataset\": \"44b6_0b24845f\", \"frame\": 0, \"minimum_retention\": 0.9, \"primary_candidates\": 465, \"retention\": 0.832258064516129, \"use_primary\": true}\n"}
,{"stream_name":"stdout","time":586.111649922,"data":"BIOHUB_RETENTION_GUARD {\"blended_candidates\": 391, \"dataset\": \"44b6_0b24845f\", \"frame\": 1, \"minimum_retention\": 0.9, \"primary_candidates\": 444, \"retention\": 0.8806306306306306, \"use_primary\": true}\n"}
,{"stream_name":"stdout","time":590.290790482,"data":"EDGE_TTA_ACTIVE views= 8 mean_abs_feat_delta= 0.328294\n"}
,{"stream_name":"stdout","time":590.362820457,"data":"EDGE_TTA_ACTIVE views= 8 mean_abs_feat_delta= 0.361891\n"}
,{"stream_name":"stdout","time":590.493557227,"data":"EDGE_TTA_ACTIVE views= 8 mean_abs_feat_delta= 0.328294\n"}
,{"stream_name":"stdout","time":590.493616108,"data":"EDGE_TTA_ACTIVE views= 8 mean_abs_feat_delta= 0.361891\n"}
,{"stream_name":"stdout","time":591.123070525,"data":"SECONDARY_EDGE_TTA_ACTIVE views= 8 weight= 0.75 mean_abs_feat_delta= 0.23209\n"}
,{"stream_name":"stdout","time":591.209669791,"data":"SECONDARY_EDGE_TTA_ACTIVE views= 8 weight= 0.75 mean_abs_feat_delta= 0.288809\n"}
,{"stream_name":"stdout","time":591.214100939,"data":"BIOHUB_RETENTION_GUARD {\"blended_candidates\": 333, \"dataset\": \"44b6_0b24845f\", \"frame\": 2, \"minimum_retention\": 0.9, \"primary_candidates\": 390, \"retention\": 0.8538461538461538, \"use_primary\": true}\n"}
,{"stream_name":"stdout","time":591.325934361,"data":"SECONDARY_EDGE_TTA_ACTIVE views= 8 weight= 0.75 mean_abs_feat_delta= 0.23209\n"}
,{"stream_name":"stdout","time":591.32601188,"data":"SECONDARY_EDGE_TTA_ACTIVE views= 8 weight= 0.75 mean_abs_feat_delta= 0.288809\n"}
,{"stream_name":"stdout","time":591.326019582,"data":"BIOHUB_RETENTION_GUARD {\"blended_candidates\": 333, \"dataset\": \"44b6_0b24845f\", \"frame\": 2, \"minimum_retention\": 0.9, \"primary_candidates\": 390, \"retention\": 0.8538461538461538, \"use_primary\": true}\n"}
,{"stream_name":"stdout","time":592.096518374,"data":"EDGE_TTA_ACTIVE views= 8 mean_abs_feat_delta= 0.326314\n"}
,{"stream_name":"stdout","time":592.265026573,"data":"EDGE_TTA_ACTIVE views= 8 mean_abs_feat_delta= 0.354206\n"}
,{"stream_name":"stdout","time":592.300022106,"data":"EDGE_TTA_ACTIVE views= 8 mean_abs_feat_delta= 0.326314\n"}
,{"stream_name":"stdout","time":592.300057187,"data":"EDGE_TTA_ACTIVE views= 8 mean_abs_feat_delta= 0.354206\n"}
,{"stream_name":"stdout","time":592.918664614,"data":"SECONDARY_EDGE_TTA_ACTIVE views= 8 weight= 0.75 mean_abs_feat_delta= 0.232786\n"}
,{"stream_name":"stdout","time":593.112225579,"data":"SECONDARY_EDGE_TTA_ACTIVE views= 8 weight= 0.75 mean_abs_feat_delta= 0.287127\n"}
,{"stream_name":"stdout","time":593.116654629,"data":"BIOHUB_RETENTION_GUARD {\"blended_candidates\": 362, \"dataset\": \"44b6_0b24845f\", \"frame\": 3, \"minimum_retention\": 0.9, \"primary_candidates\": 421, \"retention\": 0.8598574821852731, \"use_primary\": true}\n"}
,{"stream_name":"stdout","time":593.121558634,"data":"SECONDARY_EDGE_TTA_ACTIVE views= 8 weight= 0.75 mean_abs_feat_delta= 0.232786\n"}
,{"stream_name":"stdout","time":593.121616586,"data":"SECONDARY_EDGE_TTA_ACTIVE views= 8 weight= 0.75 mean_abs_feat_delta= 0.287127\n"}
,{"stream_name":"stdout","time":593.12162531,"data":"BIOHUB_RETENTION_GUARD {\"blended_candidates\": 362, \"dataset\": \"44b6_0b24845f\", \"frame\": 3, \"minimum_retention\": 0.9, \"primary_candidates\": 421, \"retention\": 0.8598574821852731, \"use_primary\": true}\n"}
,{"stream_name":"stdout","time":593.883763108,"data":"EDGE_TTA_ACTIVE views= 8 mean_abs_feat_delta= 0.32686\n"}
,{"stream_name":"stdout","time":594.086260704,"data":"EDGE_TTA_ACTIVE views= 8 mean_abs_feat_delta= 0.32686\n"}
,{"stream_name":"stdout","time":594.133255841,"data":"EDGE_TTA_ACTIVE views= 8 mean_abs_feat_delta= 0.358867\n"}
,{"stream_name":"stdout","time":594.335913687,"data":"EDGE_TTA_ACTIVE views= 8 mean_abs_feat_delta= 0.358867\n"}
,{"stream_name":"stdout","time":594.720793773,"data":"SECONDARY_EDGE_TTA_ACTIVE views= 8 weight= 0.75 mean_abs_feat_delta= 0.232764\n"}
,{"stream_name":"stdout","time":594.923695373,"data":"SECONDARY_EDGE_TTA_ACTIVE views= 8 weight= 0.75 mean_abs_feat_delta= 0.232764\n"}
,{"stream_name":"stdout","time":594.986934858,"data":"SECONDARY_EDGE_TTA_ACTIVE views= 8 weight= 0.75 mean_abs_feat_delta= 0.283303\n"}
,{"stream_name":"stdout","time":594.991304957,"data":"BIOHUB_RETENTION_GUARD {\"blended_candidates\": 341, \"dataset\": \"44b6_0b24845f\", \"frame\": 4, \"minimum_retention\": 0.9, \"primary_candidates\": 404, \"retention\": 0.844059405940594, \"use_primary\": true}\n"}
,{"stream_name":"stdout","time":595.189762923,"data":"SECONDARY_EDGE_TTA_ACTIVE views= 8 weight= 0.75 mean_abs_feat_delta= 0.283303\n"}
,{"stream_name":"stdout","time":595.189800574,"data":"BIOHUB_RETENTION_GUARD {\"blended_candidates\": 341, \"dataset\": \"44b6_0b24845f\", \"frame\": 4, \"minimum_retention\": 0.9, \"primary_candidates\": 404, \"retention\": 0.844059405940594, \"use_primary\": true}\n"}
,{"stream_name":"stdout","time":595.67246544,"data":"EDGE_TTA_ACTIVE views= 8 mean_abs_feat_delta= 0.327781\n"}
,{"stream_name":"stdout","time":595.875416845,"data":"EDGE_TTA_ACTIVE views= 8 mean_abs_feat_delta= 0.327781\n"}
,{"stream_name":"stdout","time":596.04000942,"data":"EDGE_TTA_ACTIVE views= 8 mean_abs_feat_delta= 0.362463\n"}
,{"stream_name":"stdout","time":596.24306867,"data":"EDGE_TTA_ACTIVE views= 8 mean_abs_feat_delta= 0.362463\n"}
,{"stream_name":"stdout","time":596.51205775,"data":"SECONDARY_EDGE_TTA_ACTIVE views= 8 weight= 0.75 mean_abs_feat_delta= 0.236445\n"}
,{"stream_name":"stdout","time":596.714634459,"data":"SECONDARY_EDGE_TTA_ACTIVE views= 8 weight= 0.75 mean_abs_feat_delta= 0.236445\n"}
,{"stream_name":"stdout","time":596.894577342,"data":"SECONDARY_EDGE_TTA_ACTIVE views= 8 weight= 0.75 mean_abs_feat_delta= 0.289665\n"}
,{"stream_name":"stdout","time":596.898674056,"data":"BIOHUB_RETENTION_GUARD {\"blended_candidates\": 326, \"dataset\": \"44b6_0b24845f\", \"frame\": 5, \"minimum_retention\": 0.9, \"primary_candidates\": 383, \"retention\": 0.8511749347258486, \"use_primary\": true}\n"}
,{"stream_name":"stdout","time":597.097926119,"data":"SECONDARY_EDGE_TTA_ACTIVE views= 8 weight= 0.75 mean_abs_feat_delta= 0.289665\n"}
,{"stream_name":"stdout","time":597.098008255,"data":"BIOHUB_RETENTION_GUARD {\"blended_candidates\": 326, \"dataset\": \"44b6_0b24845f\", \"frame\": 5, \"minimum_retention\": 0.9, \"primary_candidates\": 383, \"retention\": 0.8511749347258486, \"use_primary\": true}\n"}
,{"stream_name":"stdout","time":597.480803368,"data":"EDGE_TTA_ACTIVE views= 8 mean_abs_feat_delta= 0.332086\n"}
,{"stream_name":"stdout","time":597.683513739,"data":"EDGE_TTA_ACTIVE views= 8 mean_abs_feat_delta= 0.332086\n"}
,{"stream_name":"stdout","time":597.929950337,"data":"EDGE_TTA_ACTIVE views= 8 mean_abs_feat_delta= 0.363112\n"}
,{"stream_name":"stdout","time":598.132534733,"data":"EDGE_TTA_ACTIVE views= 8 mean_abs_feat_delta= 0.363112\n"}
,{"stream_name":"stdout","time":598.320051958,"data":"SECONDARY_EDGE_TTA_ACTIVE views= 8 weight= 0.75 mean_abs_feat_delta= 0.236059\n"}
,{"stream_name":"stdout","time":598.522532565,"data":"SECONDARY_EDGE_TTA_ACTIVE views= 8 weight= 0.75 mean_abs_feat_delta= 0.236059\n"}
,{"stream_name":"stdout","time":598.778580516,"data":"SECONDARY_EDGE_TTA_ACTIVE views= 8 weight= 0.75 mean_abs_feat_delta= 0.296162\n"}
,{"stream_name":"stdout","time":598.782812445,"data":"BIOHUB_RETENTION_GUARD {\"blended_candidates\": 333, \"dataset\": \"44b6_0b24845f\", \"frame\": 6, \"minimum_retention\": 0.9, \"primary_candidates\": 403, \"retention\": 0.826302729528536, \"use_primary\": true}\n"}
,{"stream_name":"stdout","time":598.981253851,"data":"SECONDARY_EDGE_TTA_ACTIVE views= 8 weight= 0.75 mean_abs_feat_delta= 0.296162\n"}
,{"stream_name":"stdout","time":598.981289929,"data":"BIOHUB_RETENTION_GUARD {\"blended_candidates\": 333, \"dataset\": \"44b6_0b24845f\", \"frame\": 6, \"minimum_retention\": 0.9, \"primary_candidates\": 403, \"retention\": 0.826302729528536, \"use_primary\": true}\n"}
,{"stream_name":"stdout","time":599.283508544,"data":"EDGE_TTA_ACTIVE views= 8 mean_abs_feat_delta= 0.337311\n"}
,{"stream_name":"stdout","time":599.486190398,"data":"EDGE_TTA_ACTIVE views= 8 mean_abs_feat_delta= 0.337311\n"}
,{"stream_name":"stdout","time":599.781162402,"data":"EDGE_TTA_ACTIVE views= 8 mean_abs_feat_delta= 0.363947\n"}
,{"stream_name":"stdout","time":599.983714494,"data":"EDGE_TTA_ACTIVE views= 8 mean_abs_feat_delta= 0.363947\n"}
,{"stream_name":"stdout","time":600.123241106,"data":"SECONDARY_EDGE_TTA_ACTIVE views= 8 weight= 0.75 mean_abs_feat_delta= 0.242392\n"}
,{"stream_name":"stdout","time":600.326072903,"data":"SECONDARY_EDGE_TTA_ACTIVE views= 8 weight= 0.75 mean_abs_feat_delta= 0.242392\n"}
,{"stream_name":"stdout","time":600.637599227,"data":"SECONDARY_EDGE_TTA_ACTIVE views= 8 weight= 0.75 mean_abs_feat_delta= 0.297976\n"}
,{"stream_name":"stdout","time":600.642083793,"data":"BIOHUB_RETENTION_GUARD {\"blended_candidates\": 309, \"dataset\": \"44b6_0b24845f\", \"frame\": 7, \"minimum_retention\": 0.9, \"primary_candidates\": 390, \"retention\": 0.7923076923076923, \"use_primary\": true}\n"}
,{"stream_name":"stdout","time":600.840236868,"data":"SECONDARY_EDGE_TTA_ACTIVE views= 8 weight= 0.75 mean_abs_feat_delta= 0.297976\n"}
,{"stream_name":"stdout","time":600.840280346,"data":"BIOHUB_RETENTION_GUARD {\"blended_candidates\": 309, \"dataset\": \"44b6_0b24845f\", \"frame\": 7, \"minimum_retention\": 0.9, \"primary_candidates\": 390, \"retention\": 0.7923076923076923, \"use_primary\": true}\n"}
,{"stream_name":"stdout","time":601.106700617,"data":"EDGE_TTA_ACTIVE views= 8 mean_abs_feat_delta= 0.336476\n"}
,{"stream_name":"stdout","time":601.3095372,"data":"EDGE_TTA_ACTIVE views= 8 mean_abs_feat_delta= 0.336476\n"}
,{"stream_name":"stdout","time":601.786399645,"data":"EDGE_TTA_ACTIVE views= 8 mean_abs_feat_delta= 0.368841\n"}
,{"stream_name":"stdout","time":601.946375446,"data":"SECONDARY_EDGE_TTA_ACTIVE views= 8 weight= 0.75 mean_abs_feat_delta= 0.241164\n"}
,{"stream_name":"stdout","time":602.002509329,"data":"EDGE_TTA_ACTIVE views= 8 mean_abs_feat_delta= 0.368841\n"}
,{"stream_name":"stdout","time":602.002541095,"data":"SECONDARY_EDGE_TTA_ACTIVE views= 8 weight= 0.75 mean_abs_feat_delta= 0.241164\n"}
,{"stream_name":"stdout","time":602.644544595,"data":"SECONDARY_EDGE_TTA_ACTIVE views= 8 weight= 0.75 mean_abs_feat_delta= 0.292587\n"}
,{"stream_name":"stdout","time":602.649010366,"data":"BIOHUB_RETENTION_GUARD {\"blended_candidates\": 378, \"dataset\": \"44b6_0b24845f\", \"frame\": 8, \"minimum_retention\": 0.9, \"primary_candidates\": 443, \"retention\": 0.8532731376975169, \"use_primary\": true}\n"}
,{"stream_name":"stdout","time":602.847257111,"data":"SECONDARY_EDGE_TTA_ACTIVE views= 8 weight= 0.75 mean_abs_feat_delta= 0.292587\n"}
,{"stream_name":"stdout","time":602.847839883,"data":"BIOHUB_RETENTION_GUARD {\"blended_candidates\": 378, \"dataset\": \"44b6_0b24845f\", \"frame\": 8, \"minimum_retention\": 0.9, \"primary_candidates\": 443, \"retention\": 0.8532731376975169, \"use_primary\": true}\n"}
,{"stream_name":"stdout","time":602.897277056,"data":"EDGE_TTA_ACTIVE views= 8 mean_abs_feat_delta= 0.33307\n"}
,{"stream_name":"stdout","time":603.099799186,"data":"EDGE_TTA_ACTIVE views= 8 mean_abs_feat_delta= 0.33307\n"}
,{"stream_name":"stdout","time":603.680149851,"data":"EDGE_TTA_ACTIVE views= 8 mean_abs_feat_delta= 0.372442\n"}
,{"stream_name":"stdout","time":603.749790134,"data":"SECONDARY_EDGE_TTA_ACTIVE views= 8 weight= 0.75 mean_abs_feat_delta= 0.240446\n"}
,{"stream_name":"stdout","time":603.88327794,"data":"EDGE_TTA_ACTIVE views= 8 mean_abs_feat_delta= 0.372442\n"}
,{"stream_name":"stdout","time":603.883318012,"data":"SECONDARY_EDGE_TTA_ACTIVE views= 8 weight= 0.75 mean_abs_feat_delta= 0.240446\n"}
,{"stream_name":"stdout","time":604.546237651,"data":"SECONDARY_EDGE_TTA_ACTIVE views= 8 weight= 0.75 mean_abs_feat_delta= 0.291168\n"}
,{"stream_name":"stdout","time":604.551829086,"data":"BIOHUB_RETENTION_GUARD {\"blended_candidates\": 362, \"dataset\": \"44b6_0b24845f\", \"frame\": 9, \"minimum_retention\": 0.9, \"primary_candidates\": 429, \"retention\": 0.8438228438228438, \"use_primary\": true}\n"}
,{"stream_name":"stdout","time":604.701407933,"data":"EDGE_TTA_ACTIVE views= 8 mean_abs_feat_delta= 0.333216\n"}
,{"stream_name":"stdout","time":604.749119299,"data":"SECONDARY_EDGE_TTA_ACTIVE views= 8 weight= 0.75 mean_abs_feat_delta= 0.291168\n"}
,{"stream_name":"stdout","time":604.749153861,"data":"BIOHUB_RETENTION_GUARD {\"blended_candidates\": 362, \"dataset\": \"44b6_0b24845f\", \"frame\": 9, \"minimum_retention\": 0.9, \"primary_candidates\": 429, \"retention\": 0.8438228438228438, \"use_primary\": true}\n"}
,{"stream_name":"stdout","time":604.749159996,"data":"EDGE_TTA_ACTIVE views= 8 mean_abs_feat_delta= 0.333216\n"}
,{"stream_name":"stdout","time":605.547551839,"data":"SECONDARY_EDGE_TTA_ACTIVE views= 8 weight= 0.75 mean_abs_feat_delta= 0.24216\n"}
,{"stream_name":"stdout","time":605.571544513,"data":"EDGE_TTA_ACTIVE views= 8 mean_abs_feat_delta= 0.36599\n"}
,{"stream_name":"stdout","time":605.750133499,"data":"SECONDARY_EDGE_TTA_ACTIVE views= 8 weight= 0.75 mean_abs_feat_delta= 0.24216\n"}
,{"stream_name":"stdout","time":605.750168782,"data":"EDGE_TTA_ACTIVE views= 8 mean_abs_feat_delta= 0.36599\n"}
,{"stream_name":"stdout","time":606.435058817,"data":"SECONDARY_EDGE_TTA_ACTIVE views= 8 weight= 0.75 mean_abs_feat_delta= 0.301242\n"}
,{"stream_name":"stdout","time":606.439006519,"data":"BIOHUB_RETENTION_GUARD {\"blended_candidates\": 331, \"dataset\": \"44b6_0b24845f\", \"frame\": 10, \"minimum_retention\": 0.9, \"primary_candidates\": 419, \"retention\": 0.7899761336515513, \"use_primary\": true}\n"}
,{"stream_name":"stdout","time":606.509987679,"data":"EDGE_TTA_ACTIVE views= 8 mean_abs_feat_delta= 0.341654\n"}
,{"stream_name":"stdout","time":606.637330452,"data":"SECONDARY_EDGE_TTA_ACTIVE views= 8 weight= 0.75 mean_abs_feat_delta= 0.301242\n"}
,{"stream_name":"stdout","time":606.637363845,"data":"BIOHUB_RETENTION_GUARD {\"blended_candidates\": 331, \"dataset\": \"44b6_0b24845f\", \"frame\": 10, \"minimum_retention\": 0.9, \"primary_candidates\": 419, \"retention\": 0.7899761336515513, \"use_primary\": true}\n"}
,{"stream_name":"stdout","time":606.637370123,"data":"EDGE_TTA_ACTIVE views= 8 mean_abs_feat_delta= 0.341654\n"}
,{"stream_name":"stdout","time":607.355976502,"data":"SECONDARY_EDGE_TTA_ACTIVE views= 8 weight= 0.75 mean_abs_feat_delta= 0.243727\n"}
,{"stream_name":"stdout","time":607.461191004,"data":"EDGE_TTA_ACTIVE views= 8 mean_abs_feat_delta= 0.358411\n"}
,{"stream_name":"stdout","time":607.559006696,"data":"SECONDARY_EDGE_TTA_ACTIVE views= 8 weight= 0.75 mean_abs_feat_delta= 0.243727\n"}
,{"stream_name":"stdout","time":607.559042189,"data":"EDGE_TTA_ACTIVE views= 8 mean_abs_feat_delta= 0.358411\n"}
,{"stream_name":"stdout","time":608.324322892,"data":"SECONDARY_EDGE_TTA_ACTIVE views= 8 weight= 0.75 mean_abs_feat_delta= 0.289865\n"}
,{"stream_name":"stdout","time":608.328919421,"data":"BIOHUB_RETENTION_GUARD {\"blended_candidates\": 376, \"dataset\": \"44b6_0b24845f\", \"frame\": 11, \"minimum_retention\": 0.9, \"primary_candidates\": 441, \"retention\": 0.8526077097505669, \"use_primary\": true}\n"}
,{"stream_name":"stdout","time":608.358629788,"data":"EDGE_TTA_ACTIVE views= 8 mean_abs_feat_delta= 0.334228\n"}
,{"stream_name":"stdout","time":608.527674786,"data":"SECONDARY_EDGE_TTA_ACTIVE views= 8 weight= 0.75 mean_abs_feat_delta= 0.289865\n"}
,{"stream_name":"stdout","time":608.527709518,"data":"BIOHUB_RETENTION_GUARD {\"blended_candidates\": 376, \"dataset\": \"44b6_0b24845f\", \"frame\": 11, \"minimum_retention\": 0.9, \"primary_candidates\": 441, \"retention\": 0.8526077097505669, \"use_primary\": true}\n"}
,{"stream_name":"stdout","time":608.527716464,"data":"EDGE_TTA_ACTIVE views= 8 mean_abs_feat_delta= 0.334228\n"}
,{"stream_name":"stdout","time":609.207391126,"data":"SECONDARY_EDGE_TTA_ACTIVE views= 8 weight= 0.75 mean_abs_feat_delta= 0.241899\n"}
,{"stream_name":"stdout","time":609.377871283,"data":"EDGE_TTA_ACTIVE views= 8 mean_abs_feat_delta= 0.361758\n"}
,{"stream_name":"stdout","time":609.410135637,"data":"SECONDARY_EDGE_TTA_ACTIVE views= 8 weight= 0.75 mean_abs_feat_delta= 0.241899\n"}
,{"stream_name":"stdout","time":609.410165868,"data":"EDGE_TTA_ACTIVE views= 8 mean_abs_feat_delta= 0.361758\n"}
,{"stream_name":"stdout","time":610.163147142,"data":"EDGE_TTA_ACTIVE views= 8 mean_abs_feat_delta= 0.335161\n"}
,{"stream_name":"stdout","time":610.245858166,"data":"SECONDARY_EDGE_TTA_ACTIVE views= 8 weight= 0.75 mean_abs_feat_delta= 0.298743\n"}
,{"stream_name":"stdout","time":610.250201846,"data":"BIOHUB_RETENTION_GUARD {\"blended_candidates\": 304, \"dataset\": \"44b6_0b24845f\", \"frame\": 12, \"minimum_retention\": 0.9, \"primary_candidates\": 361, \"retention\": 0.8421052631578947, \"use_primary\": true}\n"}
,{"stream_name":"stdout","time":610.366434741,"data":"EDGE_TTA_ACTIVE views= 8 mean_abs_feat_delta= 0.335161\n"}
,{"stream_name":"stdout","time":610.366468945,"data":"SECONDARY_EDGE_TTA_ACTIVE views= 8 weight= 0.75 mean_abs_feat_delta= 0.298743\n"}
,{"stream_name":"stdout","time":610.366473865,"data":"BIOHUB_RETENTION_GUARD {\"blended_candidates\": 304, \"dataset\": \"44b6_0b24845f\", \"frame\": 12, \"minimum_retention\": 0.9, \"primary_candidates\": 361, \"retention\": 0.8421052631578947, \"use_primary\": true}\n"}
,{"stream_name":"stdout","time":611.015591646,"data":"SECONDARY_EDGE_TTA_ACTIVE views= 8 weight= 0.75 mean_abs_feat_delta= 0.237416\n"}
,{"stream_name":"stdout","time":611.219779841,"data":"SECONDARY_EDGE_TTA_ACTIVE views= 8 weight= 0.75 mean_abs_feat_delta= 0.237416\n"}
,{"stream_name":"stdout","time":611.294890837,"data":"EDGE_TTA_ACTIVE views= 8 mean_abs_feat_delta= 0.368237\n"}
,{"stream_name":"stdout","time":611.497656258,"data":"EDGE_TTA_ACTIVE views= 8 mean_abs_feat_delta= 0.368237\n"}
,{"stream_name":"stdout","time":611.980728621,"data":"EDGE_TTA_ACTIVE views= 8 mean_abs_feat_delta= 0.330752\n"}
,{"stream_name":"stdout","time":612.174422909,"data":"SECONDARY_EDGE_TTA_ACTIVE views= 8 weight= 0.75 mean_abs_feat_delta= 0.295579\n"}
,{"stream_name":"stdout","time":612.179038388,"data":"BIOHUB_RETENTION_GUARD {\"blended_candidates\": 314, \"dataset\": \"44b6_0b24845f\", \"frame\": 13, \"minimum_retention\": 0.9, \"primary_candidates\": 382, \"retention\": 0.8219895287958116, \"use_primary\": true}\n"}
,{"stream_name":"stdout","time":612.183368038,"data":"EDGE_TTA_ACTIVE views= 8 mean_abs_feat_delta= 0.330752\n"}
,{"stream_name":"stdout","time":612.183414685,"data":"SECONDARY_EDGE_TTA_ACTIVE views= 8 weight= 0.75 mean_abs_feat_delta= 0.295579\n"}
,{"stream_name":"stdout","time":612.183440216,"data":"BIOHUB_RETENTION_GUARD {\"blended_candidates\": 314, \"dataset\": \"44b6_0b24845f\", \"frame\": 13, \"minimum_retention\": 0.9, \"primary_candidates\": 382, \"retention\": 0.8219895287958116, \"use_primary\": true}\n"}
,{"stream_name":"stdout","time":612.831099677,"data":"SECONDARY_EDGE_TTA_ACTIVE views= 8 weight= 0.75 mean_abs_feat_delta= 0.238386\n"}
,{"stream_name":"stdout","time":613.033616731,"data":"SECONDARY_EDGE_TTA_ACTIVE views= 8 weight= 0.75 mean_abs_feat_delta= 0.238386\n"}
,{"stream_name":"stdout","time":613.221399998,"data":"EDGE_TTA_ACTIVE views= 8 mean_abs_feat_delta= 0.366311\n"}
,{"stream_name":"stdout","time":613.423887569,"data":"EDGE_TTA_ACTIVE views= 8 mean_abs_feat_delta= 0.366311\n"}
,{"stream_name":"stdout","time":613.805861909,"data":"EDGE_TTA_ACTIVE views= 8 mean_abs_feat_delta= 0.32964\n"}
,{"stream_name":"stdout","time":614.008794784,"data":"EDGE_TTA_ACTIVE views= 8 mean_abs_feat_delta= 0.32964\n"}
,{"stream_name":"stdout","time":614.092179297,"data":"SECONDARY_EDGE_TTA_ACTIVE views= 8 weight= 0.75 mean_abs_feat_delta= 0.29037\n"}
,{"stream_name":"stdout","time":614.096542243,"data":"BIOHUB_RETENTION_GUARD {\"blended_candidates\": 330, \"dataset\": \"44b6_0b24845f\", \"frame\": 14, \"minimum_retention\": 0.9, \"primary_candidates\": 378, \"retention\": 0.873015873015873, \"use_primary\": true}\n"}
,{"stream_name":"stdout","time":614.294716656,"data":"SECONDARY_EDGE_TTA_ACTIVE views= 8 weight= 0.75 mean_abs_feat_delta= 0.29037\n"}
,{"stream_name":"stdout","time":614.294814585,"data":"BIOHUB_RETENTION_GUARD {\"blended_candidates\": 330, \"dataset\": \"44b6_0b24845f\", \"frame\": 14, \"minimum_retention\": 0.9, \"primary_candidates\": 378, \"retention\": 0.873015873015873, \"use_primary\": true}\n"}
,{"stream_name":"stdout","time":614.659017552,"data":"SECONDARY_EDGE_TTA_ACTIVE views= 8 weight= 0.75 mean_abs_feat_delta= 0.238478\n"}
,{"stream_name":"stdout","time":614.861487439,"data":"SECONDARY_EDGE_TTA_ACTIVE views= 8 weight= 0.75 mean_abs_feat_delta= 0.238478\n"}
,{"stream_name":"stdout","time":615.116735491,"data":"EDGE_TTA_ACTIVE views= 8 mean_abs_feat_delta= 0.362666\n"}
,{"stream_name":"stdout","time":615.319450656,"data":"EDGE_TTA_ACTIVE views= 8 mean_abs_feat_delta= 0.362666\n"}
,{"stream_name":"stdout","time":615.614813023,"data":"EDGE_TTA_ACTIVE views= 8 mean_abs_feat_delta= 0.32447\n"}
,{"stream_name":"stdout","time":615.817543443,"data":"EDGE_TTA_ACTIVE views= 8 mean_abs_feat_delta= 0.32447\n"}
,{"stream_name":"stdout","time":615.990607494,"data":"SECONDARY_EDGE_TTA_ACTIVE views= 8 weight= 0.75 mean_abs_feat_delta= 0.286822\n"}
,{"stream_name":"stdout","time":616.193207153,"data":"SECONDARY_EDGE_TTA_ACTIVE views= 8 weight= 0.75 mean_abs_feat_delta= 0.286822\n"}
,{"stream_name":"stdout","time":616.467615204,"data":"SECONDARY_EDGE_TTA_ACTIVE views= 8 weight= 0.75 mean_abs_feat_delta= 0.234529\n"}
,{"stream_name":"stdout","time":616.670234853,"data":"SECONDARY_EDGE_TTA_ACTIVE views= 8 weight= 0.75 mean_abs_feat_delta= 0.234529\n"}
,{"stream_name":"stdout","time":617.009764228,"data":"EDGE_TTA_ACTIVE views= 8 mean_abs_feat_delta= 0.368515\n"}
,{"stream_name":"stdout","time":617.212229462,"data":"EDGE_TTA_ACTIVE views= 8 mean_abs_feat_delta= 0.368515\n"}
,{"stream_name":"stdout","time":617.456490097,"data":"EDGE_TTA_ACTIVE views= 8 mean_abs_feat_delta= 0.325522\n"}
,{"stream_name":"stdout","time":617.658858314,"data":"EDGE_TTA_ACTIVE views= 8 mean_abs_feat_delta= 0.325522\n"}
,{"stream_name":"stdout","time":617.883263353,"data":"SECONDARY_EDGE_TTA_ACTIVE views= 8 weight= 0.75 mean_abs_feat_delta= 0.282972\n"}
,{"stream_name":"stdout","time":618.085680758,"data":"SECONDARY_EDGE_TTA_ACTIVE views= 8 weight= 0.75 mean_abs_feat_delta= 0.282972\n"}
,{"stream_name":"stdout","time":618.322619832,"data":"SECONDARY_EDGE_TTA_ACTIVE views= 8 weight= 0.75 mean_abs_feat_delta= 0.238533\n"}
,{"stream_name":"stdout","time":618.525328909,"data":"SECONDARY_EDGE_TTA_ACTIVE views= 8 weight= 0.75 mean_abs_feat_delta= 0.238533\n"}
,{"stream_name":"stdout","time":618.897858509,"data":"EDGE_TTA_ACTIVE views= 8 mean_abs_feat_delta= 0.37163\n"}
,{"stream_name":"stdout","time":619.100629497,"data":"EDGE_TTA_ACTIVE views= 8 mean_abs_feat_delta= 0.37163\n"}
,{"stream_name":"stdout","time":619.301018917,"data":"EDGE_TTA_ACTIVE views= 8 mean_abs_feat_delta= 0.319866\n"}
,{"stream_name":"stdout","time":619.503545341,"data":"EDGE_TTA_ACTIVE views= 8 mean_abs_feat_delta= 0.319866\n"}
,{"stream_name":"stdout","time":619.7743033,"data":"SECONDARY_EDGE_TTA_ACTIVE views= 8 weight= 0.75 mean_abs_feat_delta= 0.284899\n"}
,{"stream_name":"stdout","time":619.976967638,"data":"SECONDARY_EDGE_TTA_ACTIVE views= 8 weight= 0.75 mean_abs_feat_delta= 0.284899\n"}
,{"stream_name":"stdout","time":620.172932333,"data":"SECONDARY_EDGE_TTA_ACTIVE views= 8 weight= 0.75 mean_abs_feat_delta= 0.239819\n"}
,{"stream_name":"stdout","time":620.375896387,"data":"SECONDARY_EDGE_TTA_ACTIVE views= 8 weight= 0.75 mean_abs_feat_delta= 0.239819\n"}
,{"stream_name":"stdout","time":620.793473277,"data":"EDGE_TTA_ACTIVE views= 8 mean_abs_feat_delta= 0.367306\n"}
,{"stream_name":"stdout","time":620.997691441,"data":"EDGE_TTA_ACTIVE views= 8 mean_abs_feat_delta= 0.367306\n"}
,{"stream_name":"stdout","time":621.139830058,"data":"EDGE_TTA_ACTIVE views= 8 mean_abs_feat_delta= 0.323582\n"}
,{"stream_name":"stdout","time":621.342414802,"data":"EDGE_TTA_ACTIVE views= 8 mean_abs_feat_delta= 0.323582\n"}
,{"stream_name":"stdout","time":621.672512919,"data":"SECONDARY_EDGE_TTA_ACTIVE views= 8 weight= 0.75 mean_abs_feat_delta= 0.276632\n"}
,{"stream_name":"stdout","time":621.875775516,"data":"SECONDARY_EDGE_TTA_ACTIVE views= 8 weight= 0.75 mean_abs_feat_delta= 0.276632\n"}
,{"stream_name":"stdout","time":621.998864859,"data":"SECONDARY_EDGE_TTA_ACTIVE views= 8 weight= 0.75 mean_abs_feat_delta= 0.242037\n"}
,{"stream_name":"stdout","time":622.201576442,"data":"SECONDARY_EDGE_TTA_ACTIVE views= 8 weight= 0.75 mean_abs_feat_delta= 0.242037\n"}
,{"stream_name":"stdout","time":622.681793217,"data":"EDGE_TTA_ACTIVE views= 8 mean_abs_feat_delta= 0.356982\n"}
,{"stream_name":"stdout","time":622.884448041,"data":"EDGE_TTA_ACTIVE views= 8 mean_abs_feat_delta= 0.356982\n"}
,{"stream_name":"stdout","time":622.961507443,"data":"EDGE_TTA_ACTIVE views= 8 mean_abs_feat_delta= 0.326415\n"}
,{"stream_name":"stdout","time":623.164327453,"data":"EDGE_TTA_ACTIVE views= 8 mean_abs_feat_delta= 0.326415\n"}
,{"stream_name":"stdout","time":623.562483408,"data":"SECONDARY_EDGE_TTA_ACTIVE views= 8 weight= 0.75 mean_abs_feat_delta= 0.278285\n"}
,{"stream_name":"stdout","time":623.764957319,"data":"SECONDARY_EDGE_TTA_ACTIVE views= 8 weight= 0.75 mean_abs_feat_delta= 0.278285\n"}
,{"stream_name":"stdout","time":623.819226162,"data":"SECONDARY_EDGE_TTA_ACTIVE views= 8 weight= 0.75 mean_abs_feat_delta= 0.241724\n"}
,{"stream_name":"stdout","time":624.021998883,"data":"SECONDARY_EDGE_TTA_ACTIVE views= 8 weight= 0.75 mean_abs_feat_delta= 0.241724\n"}
,{"stream_name":"stdout","time":624.586665683,"data":"EDGE_TTA_ACTIVE views= 8 mean_abs_feat_delta= 0.354988\n"}
,{"stream_name":"stdout","time":624.77900239,"data":"EDGE_TTA_ACTIVE views= 8 mean_abs_feat_delta= 0.32326\n"}
,{"stream_name":"stdout","time":624.789260083,"data":"EDGE_TTA_ACTIVE views= 8 mean_abs_feat_delta= 0.354988\n"}
,{"stream_name":"stdout","time":624.789304706,"data":"EDGE_TTA_ACTIVE views= 8 mean_abs_feat_delta= 0.32326\n"}
,{"stream_name":"stdout","time":625.469528635,"data":"SECONDARY_EDGE_TTA_ACTIVE views= 8 weight= 0.75 mean_abs_feat_delta= 0.280197\n"}
,{"stream_name":"stdout","time":625.474029986,"data":"BIOHUB_RETENTION_GUARD {\"blended_candidates\": 285, \"dataset\": \"44b6_0b24845f\", \"frame\": 20, \"minimum_retention\": 0.9, \"primary_candidates\": 317, \"retention\": 0.8990536277602523, \"use_primary\": true}\n"}
,{"stream_name":"stdout","time":625.637966266,"data":"SECONDARY_EDGE_TTA_ACTIVE views= 8 weight= 0.75 mean_abs_feat_delta= 0.234753\n"}
,{"stream_name":"stdout","time":625.672263908,"data":"SECONDARY_EDGE_TTA_ACTIVE views= 8 weight= 0.75 mean_abs_feat_delta= 0.280197\n"}
,{"stream_name":"stdout","time":625.672291373,"data":"BIOHUB_RETENTION_GUARD {\"blended_candidates\": 285, \"dataset\": \"44b6_0b24845f\", \"frame\": 20, \"minimum_retention\": 0.9, \"primary_candidates\": 317, \"retention\": 0.8990536277602523, \"use_primary\": true}\n"}
,{"stream_name":"stdout","time":625.672313734,"data":"SECONDARY_EDGE_TTA_ACTIVE views= 8 weight= 0.75 mean_abs_feat_delta= 0.234753\n"}
,{"stream_name":"stdout","time":626.475440343,"data":"EDGE_TTA_ACTIVE views= 8 mean_abs_feat_delta= 0.355885\n"}
,{"stream_name":"stdout","time":626.598951846,"data":"EDGE_TTA_ACTIVE views= 8 mean_abs_feat_delta= 0.324888\n"}
,{"stream_name":"stdout","time":626.678085822,"data":"EDGE_TTA_ACTIVE views= 8 mean_abs_feat_delta= 0.355885\n"}
,{"stream_name":"stdout","time":626.67814533,"data":"EDGE_TTA_ACTIVE views= 8 mean_abs_feat_delta= 0.324888\n"}
,{"stream_name":"stdout","time":627.373098999,"data":"SECONDARY_EDGE_TTA_ACTIVE views= 8 weight= 0.75 mean_abs_feat_delta= 0.281334\n"}
,{"stream_name":"stdout","time":627.377289128,"data":"BIOHUB_RETENTION_GUARD {\"blended_candidates\": 265, \"dataset\": \"44b6_0b24845f\", \"frame\": 21, \"minimum_retention\": 0.9, \"primary_candidates\": 325, \"retention\": 0.8153846153846154, \"use_primary\": true}\n"}
,{"stream_name":"stdout","time":627.457352454,"data":"SECONDARY_EDGE_TTA_ACTIVE views= 8 weight= 0.75 mean_abs_feat_delta= 0.238746\n"}
,{"stream_name":"stdout","time":627.575626436,"data":"SECONDARY_EDGE_TTA_ACTIVE views= 8 weight= 0.75 mean_abs_feat_delta= 0.281334\n"}
,{"stream_name":"stdout","time":627.575661293,"data":"BIOHUB_RETENTION_GUARD {\"blended_candidates\": 265, \"dataset\": \"44b6_0b24845f\", \"frame\": 21, \"minimum_retention\": 0.9, \"primary_candidates\": 325, \"retention\": 0.8153846153846154, \"use_primary\": true}\n"}
,{"stream_name":"stdout","time":627.575667651,"data":"SECONDARY_EDGE_TTA_ACTIVE views= 8 weight= 0.75 mean_abs_feat_delta= 0.238746\n"}
,{"stream_name":"stdout","time":628.395302547,"data":"EDGE_TTA_ACTIVE views= 8 mean_abs_feat_delta= 0.357492\n"}
,{"stream_name":"stdout","time":628.426467608,"data":"EDGE_TTA_ACTIVE views= 8 mean_abs_feat_delta= 0.325752\n"}
,{"stream_name":"stdout","time":628.597992519,"data":"EDGE_TTA_ACTIVE views= 8 mean_abs_feat_delta= 0.357492\n"}
,{"stream_name":"stdout","time":628.598053281,"data":"EDGE_TTA_ACTIVE views= 8 mean_abs_feat_delta= 0.325752\n"}
,{"stream_name":"stdout","time":629.282061402,"data":"SECONDARY_EDGE_TTA_ACTIVE views= 8 weight= 0.75 mean_abs_feat_delta= 0.280031\n"}
,{"stream_name":"stdout","time":629.286031444,"data":"BIOHUB_RETENTION_GUARD {\"blended_candidates\": 286, \"dataset\": \"44b6_0b24845f\", \"frame\": 22, \"minimum_retention\": 0.9, \"primary_candidates\": 326, \"retention\": 0.8773006134969326, \"use_primary\": true}\n"}
,{"stream_name":"stdout","time":629.289580763,"data":"SECONDARY_EDGE_TTA_ACTIVE views= 8 weight= 0.75 mean_abs_feat_delta= 0.238954\n"}
,{"stream_name":"stdout","time":629.484302204,"data":"SECONDARY_EDGE_TTA_ACTIVE views= 8 weight= 0.75 mean_abs_feat_delta= 0.280031\n"}
,{"stream_name":"stdout","time":629.484351377,"data":"BIOHUB_RETENTION_GUARD {\"blended_candidates\": 286, \"dataset\": \"44b6_0b24845f\", \"frame\": 22, \"minimum_retention\": 0.9, \"primary_candidates\": 326, \"retention\": 0.8773006134969326, \"use_primary\": true}\n"}
,{"stream_name":"stdout","time":629.484357119,"data":"SECONDARY_EDGE_TTA_ACTIVE views= 8 weight= 0.75 mean_abs_feat_delta= 0.238954\n"}
,{"stream_name":"stdout","time":630.24900529,"data":"EDGE_TTA_ACTIVE views= 8 mean_abs_feat_delta= 0.330364\n"}
,{"stream_name":"stdout","time":630.321569969,"data":"EDGE_TTA_ACTIVE views= 8 mean_abs_feat_delta= 0.361386\n"}
,{"stream_name":"stdout","time":630.451915852,"data":"EDGE_TTA_ACTIVE views= 8 mean_abs_feat_delta= 0.330364\n"}
,{"stream_name":"stdout","time":630.451951037,"data":"EDGE_TTA_ACTIVE views= 8 mean_abs_feat_delta= 0.361386\n"}
,{"stream_name":"stdout","time":631.117107951,"data":"SECONDARY_EDGE_TTA_ACTIVE views= 8 weight= 0.75 mean_abs_feat_delta= 0.235145\n"}
,{"stream_name":"stdout","time":631.212426205,"data":"SECONDARY_EDGE_TTA_ACTIVE views= 8 weight= 0.75 mean_abs_feat_delta= 0.277655\n"}
,{"stream_name":"stdout","time":631.31913688,"data":"SECONDARY_EDGE_TTA_ACTIVE views= 8 weight= 0.75 mean_abs_feat_delta= 0.235145\n"}
,{"stream_name":"stdout","time":631.319169852,"data":"SECONDARY_EDGE_TTA_ACTIVE views= 8 weight= 0.75 mean_abs_feat_delta= 0.277655\n"}
,{"stream_name":"stdout","time":632.087887127,"data":"EDGE_TTA_ACTIVE views= 8 mean_abs_feat_delta= 0.329773\n"}
,{"stream_name":"stdout","time":632.238815372,"data":"EDGE_TTA_ACTIVE views= 8 mean_abs_feat_delta= 0.361052\n"}
,{"stream_name":"stdout","time":632.305251621,"data":"EDGE_TTA_ACTIVE views= 8 mean_abs_feat_delta= 0.329773\n"}
,{"stream_name":"stdout","time":632.305273938,"data":"EDGE_TTA_ACTIVE views= 8 mean_abs_feat_delta= 0.361052\n"}
,{"stream_name":"stdout","time":632.952587853,"data":"SECONDARY_EDGE_TTA_ACTIVE views= 8 weight= 0.75 mean_abs_feat_delta= 0.236219\n"}
,{"stream_name":"stdout","time":633.128088116,"data":"SECONDARY_EDGE_TTA_ACTIVE views= 8 weight= 0.75 mean_abs_feat_delta= 0.282322\n"}
,{"stream_name":"stdout","time":633.132452147,"data":"BIOHUB_RETENTION_GUARD {\"blended_candidates\": 261, \"dataset\": \"44b6_0b24845f\", \"frame\": 24, \"minimum_retention\": 0.9, \"primary_candidates\": 306, \"retention\": 0.8529411764705882, \"use_primary\": true}\n"}
,{"stream_name":"stdout","time":633.15520734,"data":"SECONDARY_EDGE_TTA_ACTIVE views= 8 weight= 0.75 mean_abs_feat_delta= 0.236219\n"}
,{"stream_name":"stdout","time":633.155241982,"data":"SECONDARY_EDGE_TTA_ACTIVE views= 8 weight= 0.75 mean_abs_feat_delta= 0.282322\n"}
,{"stream_name":"stdout","time":633.155246863,"data":"BIOHUB_RETENTION_GUARD {\"blended_candidates\": 261, \"dataset\": \"44b6_0b24845f\", \"frame\": 24, \"minimum_retention\": 0.9, \"primary_candidates\": 306, \"retention\": 0.8529411764705882, \"use_primary\": true}\n"}
,{"stream_name":"stdout","time":633.929774148,"data":"EDGE_TTA_ACTIVE views= 8 mean_abs_feat_delta= 0.325156\n"}
,{"stream_name":"stdout","time":634.132086197,"data":"EDGE_TTA_ACTIVE views= 8 mean_abs_feat_delta= 0.325156\n"}
,{"stream_name":"stdout","time":634.168210658,"data":"EDGE_TTA_ACTIVE views= 8 mean_abs_feat_delta= 0.36198\n"}
,{"stream_name":"stdout","time":634.371023336,"data":"EDGE_TTA_ACTIVE views= 8 mean_abs_feat_delta= 0.36198\n"}
,{"stream_name":"stdout","time":634.795314712,"data":"SECONDARY_EDGE_TTA_ACTIVE views= 8 weight= 0.75 mean_abs_feat_delta= 0.234985\n"}
,{"stream_name":"stdout","time":634.997630984,"data":"SECONDARY_EDGE_TTA_ACTIVE views= 8 weight= 0.75 mean_abs_feat_delta= 0.234985\n"}
,{"stream_name":"stdout","time":635.0610806,"data":"SECONDARY_EDGE_TTA_ACTIVE views= 8 weight= 0.75 mean_abs_feat_delta= 0.280181\n"}
,{"stream_name":"stdout","time":635.263840051,"data":"SECONDARY_EDGE_TTA_ACTIVE views= 8 weight= 0.75 mean_abs_feat_delta= 0.280181\n"}
,{"stream_name":"stdout","time":635.777363593,"data":"EDGE_TTA_ACTIVE views= 8 mean_abs_feat_delta= 0.328005\n"}
,{"stream_name":"stdout","time":635.980171015,"data":"EDGE_TTA_ACTIVE views= 8 mean_abs_feat_delta= 0.328005\n"}
,{"stream_name":"stdout","time":636.086117983,"data":"EDGE_TTA_ACTIVE views= 8 mean_abs_feat_delta= 0.365963\n"}
,{"stream_name":"stdout","time":636.289027446,"data":"EDGE_TTA_ACTIVE views= 8 mean_abs_feat_delta= 0.365963\n"}
,{"stream_name":"stdout","time":636.64571964,"data":"SECONDARY_EDGE_TTA_ACTIVE views= 8 weight= 0.75 mean_abs_feat_delta= 0.230623\n"}
,{"stream_name":"stdout","time":636.848420699,"data":"SECONDARY_EDGE_TTA_ACTIVE views= 8 weight= 0.75 mean_abs_feat_delta= 0.230623\n"}
,{"stream_name":"stdout","time":636.981582246,"data":"SECONDARY_EDGE_TTA_ACTIVE views= 8 weight= 0.75 mean_abs_feat_delta= 0.284381\n"}
,{"stream_name":"stdout","time":636.985515544,"data":"BIOHUB_RETENTION_GUARD {\"blended_candidates\": 273, \"dataset\": \"44b6_0b24845f\", \"frame\": 26, \"minimum_retention\": 0.9, \"primary_candidates\": 309, \"retention\": 0.883495145631068, \"use_primary\": true}\n"}
,{"stream_name":"stdout","time":637.184122925,"data":"SECONDARY_EDGE_TTA_ACTIVE views= 8 weight= 0.75 mean_abs_feat_delta= 0.284381\n"}
,{"stream_name":"stdout","time":637.184155691,"data":"BIOHUB_RETENTION_GUARD {\"blended_candidates\": 273, \"dataset\": \"44b6_0b24845f\", \"frame\": 26, \"minimum_retention\": 0.9, \"primary_candidates\": 309, \"retention\": 0.883495145631068, \"use_primary\": true}\n"}
,{"stream_name":"stdout","time":637.630069923,"data":"EDGE_TTA_ACTIVE views= 8 mean_abs_feat_delta= 0.332057\n"}
,{"stream_name":"stdout","time":637.832451547,"data":"EDGE_TTA_ACTIVE views= 8 mean_abs_feat_delta= 0.332057\n"}
,{"stream_name":"stdout","time":638.042358964,"data":"EDGE_TTA_ACTIVE views= 8 mean_abs_feat_delta= 0.369614\n"}
,{"stream_name":"stdout","time":638.244917119,"data":"EDGE_TTA_ACTIVE views= 8 mean_abs_feat_delta= 0.369614\n"}
,{"stream_name":"stdout","time":638.50649657,"data":"SECONDARY_EDGE_TTA_ACTIVE views= 8 weight= 0.75 mean_abs_feat_delta= 0.233514\n"}
,{"stream_name":"stdout","time":638.709004705,"data":"SECONDARY_EDGE_TTA_ACTIVE views= 8 weight= 0.75 mean_abs_feat_delta= 0.233514\n"}
,{"stream_name":"stdout","time":638.939486848,"data":"SECONDARY_EDGE_TTA_ACTIVE views= 8 weight= 0.75 mean_abs_feat_delta= 0.289602\n"}
,{"stream_name":"stdout","time":638.943813034,"data":"BIOHUB_RETENTION_GUARD {\"blended_candidates\": 258, \"dataset\": \"44b6_0b24845f\", \"frame\": 27, \"minimum_retention\": 0.9, \"primary_candidates\": 302, \"retention\": 0.8543046357615894, \"use_primary\": true}\n"}
,{"stream_name":"stdout","time":639.142302583,"data":"SECONDARY_EDGE_TTA_ACTIVE views= 8 weight= 0.75 mean_abs_feat_delta= 0.289602\n"}
,{"stream_name":"stdout","time":639.142340611,"data":"BIOHUB_RETENTION_GUARD {\"blended_candidates\": 258, \"dataset\": \"44b6_0b24845f\", \"frame\": 27, \"minimum_retention\": 0.9, \"primary_candidates\": 302, \"retention\": 0.8543046357615894, \"use_primary\": true}\n"}
,{"stream_name":"stdout","time":639.479232425,"data":"EDGE_TTA_ACTIVE views= 8 mean_abs_feat_delta= 0.327244\n"}
,{"stream_name":"stdout","time":639.681632812,"data":"EDGE_TTA_ACTIVE views= 8 mean_abs_feat_delta= 0.327244\n"}
,{"stream_name":"stdout","time":639.978380509,"data":"EDGE_TTA_ACTIVE views= 8 mean_abs_feat_delta= 0.365619\n"}
,{"stream_name":"stdout","time":640.180895838,"data":"EDGE_TTA_ACTIVE views= 8 mean_abs_feat_delta= 0.365619\n"}
,{"stream_name":"stdout","time":640.347235766,"data":"SECONDARY_EDGE_TTA_ACTIVE views= 8 weight= 0.75 mean_abs_feat_delta= 0.236419\n"}
,{"stream_name":"stdout","time":640.549832529,"data":"SECONDARY_EDGE_TTA_ACTIVE views= 8 weight= 0.75 mean_abs_feat_delta= 0.236419\n"}
,{"stream_name":"stdout","time":640.877141695,"data":"SECONDARY_EDGE_TTA_ACTIVE views= 8 weight= 0.75 mean_abs_feat_delta= 0.291319\n"}
,{"stream_name":"stdout","time":641.079907851,"data":"SECONDARY_EDGE_TTA_ACTIVE views= 8 weight= 0.75 mean_abs_feat_delta= 0.291319\n"}
,{"stream_name":"stdout","time":641.343268556,"data":"EDGE_TTA_ACTIVE views= 8 mean_abs_feat_delta= 0.331491\n"}
,{"stream_name":"stdout","time":641.545835742,"data":"EDGE_TTA_ACTIVE views= 8 mean_abs_feat_delta= 0.331491\n"}
,{"stream_name":"stdout","time":641.945363698,"data":"EDGE_TTA_ACTIVE views= 8 mean_abs_feat_delta= 0.366332\n"}
,{"stream_name":"stdout","time":642.147900772,"data":"EDGE_TTA_ACTIVE views= 8 mean_abs_feat_delta= 0.366332\n"}
,{"stream_name":"stdout","time":642.214586684,"data":"SECONDARY_EDGE_TTA_ACTIVE views= 8 weight= 0.75 mean_abs_feat_delta= 0.240106\n"}
,{"stream_name":"stdout","time":642.417239718,"data":"SECONDARY_EDGE_TTA_ACTIVE views= 8 weight= 0.75 mean_abs_feat_delta= 0.240106\n"}
,{"stream_name":"stdout","time":642.846766408,"data":"SECONDARY_EDGE_TTA_ACTIVE views= 8 weight= 0.75 mean_abs_feat_delta= 0.283865\n"}
,{"stream_name":"stdout","time":643.049134767,"data":"SECONDARY_EDGE_TTA_ACTIVE views= 8 weight= 0.75 mean_abs_feat_delta= 0.283865\n"}
,{"stream_name":"stdout","time":643.211560319,"data":"EDGE_TTA_ACTIVE views= 8 mean_abs_feat_delta= 0.332767\n"}
,{"stream_name":"stdout","time":643.413869805,"data":"EDGE_TTA_ACTIVE views= 8 mean_abs_feat_delta= 0.332767\n"}
,{"stream_name":"stdout","time":643.892600126,"data":"EDGE_TTA_ACTIVE views= 8 mean_abs_feat_delta= 0.364134\n"}
,{"stream_name":"stdout","time":644.083715026,"data":"SECONDARY_EDGE_TTA_ACTIVE views= 8 weight= 0.75 mean_abs_feat_delta= 0.251196\n"}
,{"stream_name":"stdout","time":644.095336958,"data":"EDGE_TTA_ACTIVE views= 8 mean_abs_feat_delta= 0.364134\n"}
,{"stream_name":"stdout","time":644.09537624,"data":"SECONDARY_EDGE_TTA_ACTIVE views= 8 weight= 0.75 mean_abs_feat_delta= 0.251196\n"}
,{"stream_name":"stdout","time":644.810667189,"data":"SECONDARY_EDGE_TTA_ACTIVE views= 8 weight= 0.75 mean_abs_feat_delta= 0.282155\n"}
,{"stream_name":"stdout","time":645.013253834,"data":"SECONDARY_EDGE_TTA_ACTIVE views= 8 weight= 0.75 mean_abs_feat_delta= 0.282155\n"}
,{"stream_name":"stdout","time":645.084870099,"data":"EDGE_TTA_ACTIVE views= 8 mean_abs_feat_delta= 0.333532\n"}
,{"stream_name":"stdout","time":645.287571859,"data":"EDGE_TTA_ACTIVE views= 8 mean_abs_feat_delta= 0.333532\n"}
,{"stream_name":"stdout","time":645.879117925,"data":"EDGE_TTA_ACTIVE views= 8 mean_abs_feat_delta= 0.359711\n"}
,{"stream_name":"stdout","time":645.961131376,"data":"SECONDARY_EDGE_TTA_ACTIVE views= 8 weight= 0.75 mean_abs_feat_delta= 0.251416\n"}
,{"stream_name":"stdout","time":646.081648587,"data":"EDGE_TTA_ACTIVE views= 8 mean_abs_feat_delta= 0.359711\n"}
,{"stream_name":"stdout","time":646.081709124,"data":"SECONDARY_EDGE_TTA_ACTIVE views= 8 weight= 0.75 mean_abs_feat_delta= 0.251416\n"}
,{"stream_name":"stdout","time":646.787837644,"data":"SECONDARY_EDGE_TTA_ACTIVE views= 8 weight= 0.75 mean_abs_feat_delta= 0.283753\n"}
,{"stream_name":"stdout","time":646.947460165,"data":"EDGE_TTA_ACTIVE views= 8 mean_abs_feat_delta= 0.339086\n"}
,{"stream_name":"stdout","time":646.990789515,"data":"SECONDARY_EDGE_TTA_ACTIVE views= 8 weight= 0.75 mean_abs_feat_delta= 0.283753\n"}
,{"stream_name":"stdout","time":646.990829396,"data":"EDGE_TTA_ACTIVE views= 8 mean_abs_feat_delta= 0.339086\n"}
,{"stream_name":"stdout","time":647.821182386,"data":"SECONDARY_EDGE_TTA_ACTIVE views= 8 weight= 0.75 mean_abs_feat_delta= 0.251129\n"}
,{"stream_name":"stdout","time":647.821971969,"data":"EDGE_TTA_ACTIVE views= 8 mean_abs_feat_delta= 0.362505\n"}
,{"stream_name":"stdout","time":648.023781132,"data":"SECONDARY_EDGE_TTA_ACTIVE views= 8 weight= 0.75 mean_abs_feat_delta= 0.251129\n"}
,{"stream_name":"stdout","time":648.02381546,"data":"EDGE_TTA_ACTIVE views= 8 mean_abs_feat_delta= 0.362505\n"}
,{"stream_name":"stdout","time":648.731236485,"data":"SECONDARY_EDGE_TTA_ACTIVE views= 8 weight= 0.75 mean_abs_feat_delta= 0.282429\n"}
,{"stream_name":"stdout","time":648.735963303,"data":"BIOHUB_RETENTION_GUARD {\"blended_candidates\": 249, \"dataset\": \"44b6_0b24845f\", \"frame\": 32, \"minimum_retention\": 0.9, \"primary_candidates\": 293, \"retention\": 0.8498293515358362, \"use_primary\": true}\n"}
,{"stream_name":"stdout","time":648.812002038,"data":"EDGE_TTA_ACTIVE views= 8 mean_abs_feat_delta= 0.336421\n"}
,{"stream_name":"stdout","time":648.934104822,"data":"SECONDARY_EDGE_TTA_ACTIVE views= 8 weight= 0.75 mean_abs_feat_delta= 0.282429\n"}
,{"stream_name":"stdout","time":648.934143795,"data":"BIOHUB_RETENTION_GUARD {\"blended_candidates\": 249, \"dataset\": \"44b6_0b24845f\", \"frame\": 32, \"minimum_retention\": 0.9, \"primary_candidates\": 293, \"retention\": 0.8498293515358362, \"use_primary\": true}\n"}
,{"stream_name":"stdout","time":648.934149812,"data":"EDGE_TTA_ACTIVE views= 8 mean_abs_feat_delta= 0.336421\n"}
,{"stream_name":"stdout","time":649.689561191,"data":"SECONDARY_EDGE_TTA_ACTIVE views= 8 weight= 0.75 mean_abs_feat_delta= 0.248917\n"}
,{"stream_name":"stdout","time":649.769221384,"data":"EDGE_TTA_ACTIVE views= 8 mean_abs_feat_delta= 0.364903\n"}
,{"stream_name":"stdout","time":649.89226429,"data":"SECONDARY_EDGE_TTA_ACTIVE views= 8 weight= 0.75 mean_abs_feat_delta= 0.248917\n"}
,{"stream_name":"stdout","time":649.892296705,"data":"EDGE_TTA_ACTIVE views= 8 mean_abs_feat_delta= 0.364903\n"}
,{"stream_name":"stdout","time":650.681047728,"data":"SECONDARY_EDGE_TTA_ACTIVE views= 8 weight= 0.75 mean_abs_feat_delta= 0.280468\n"}
,{"stream_name":"stdout","time":650.683888463,"data":"EDGE_TTA_ACTIVE views= 8 mean_abs_feat_delta= 0.329875\n"}
,{"stream_name":"stdout","time":650.685489469,"data":"BIOHUB_RETENTION_GUARD {\"blended_candidates\": 234, \"dataset\": \"44b6_0b24845f\", \"frame\": 33, \"minimum_retention\": 0.9, \"primary_candidates\": 276, \"retention\": 0.8478260869565217, \"use_primary\": true}\n"}
,{"stream_name":"stdout","time":650.883740059,"data":"SECONDARY_EDGE_TTA_ACTIVE views= 8 weight= 0.75 mean_abs_feat_delta= 0.280468\n"}
,{"stream_name":"stdout","time":650.883789797,"data":"EDGE_TTA_ACTIVE views= 8 mean_abs_feat_delta= 0.329875\n"}
,{"stream_name":"stdout","time":650.883794624,"data":"BIOHUB_RETENTION_GUARD {\"blended_candidates\": 234, \"dataset\": \"44b6_0b24845f\", \"frame\": 33, \"minimum_retention\": 0.9, \"primary_candidates\": 276, \"retention\": 0.8478260869565217, \"use_primary\": true}\n"}
,{"stream_name":"stdout","time":651.560327507,"data":"SECONDARY_EDGE_TTA_ACTIVE views= 8 weight= 0.75 mean_abs_feat_delta= 0.248317\n"}
,{"stream_name":"stdout","time":651.724144543,"data":"EDGE_TTA_ACTIVE views= 8 mean_abs_feat_delta= 0.364198\n"}
,{"stream_name":"stdout","time":651.763026417,"data":"SECONDARY_EDGE_TTA_ACTIVE views= 8 weight= 0.75 mean_abs_feat_delta= 0.248317\n"}
,{"stream_name":"stdout","time":651.763062775,"data":"EDGE_TTA_ACTIVE views= 8 mean_abs_feat_delta= 0.364198\n"}
,{"stream_name":"stdout","time":652.550886853,"data":"EDGE_TTA_ACTIVE views= 8 mean_abs_feat_delta= 0.328572\n"}
,{"stream_name":"stdout","time":652.639434346,"data":"SECONDARY_EDGE_TTA_ACTIVE views= 8 weight= 0.75 mean_abs_feat_delta= 0.273313\n"}
,{"stream_name":"stdout","time":652.753337788,"data":"EDGE_TTA_ACTIVE views= 8 mean_abs_feat_delta= 0.328572\n"}
,{"stream_name":"stdout","time":652.753366933,"data":"SECONDARY_EDGE_TTA_ACTIVE views= 8 weight= 0.75 mean_abs_feat_delta= 0.273313\n"}
,{"stream_name":"stdout","time":653.428559582,"data":"SECONDARY_EDGE_TTA_ACTIVE views= 8 weight= 0.75 mean_abs_feat_delta= 0.247468\n"}
,{"stream_name":"stdout","time":653.631413918,"data":"SECONDARY_EDGE_TTA_ACTIVE views= 8 weight= 0.75 mean_abs_feat_delta= 0.247468\n"}
,{"stream_name":"stdout","time":653.683165462,"data":"EDGE_TTA_ACTIVE views= 8 mean_abs_feat_delta= 0.362852\n"}
,{"stream_name":"stdout","time":653.885687542,"data":"EDGE_TTA_ACTIVE views= 8 mean_abs_feat_delta= 0.362852\n"}
,{"stream_name":"stdout","time":654.429744137,"data":"EDGE_TTA_ACTIVE views= 8 mean_abs_feat_delta= 0.326071\n"}
,{"stream_name":"stdout","time":654.598541177,"data":"SECONDARY_EDGE_TTA_ACTIVE views= 8 weight= 0.75 mean_abs_feat_delta= 0.27435\n"}
,{"stream_name":"stdout","time":654.632647359,"data":"EDGE_TTA_ACTIVE views= 8 mean_abs_feat_delta= 0.326071\n"}
,{"stream_name":"stdout","time":654.632719892,"data":"SECONDARY_EDGE_TTA_ACTIVE views= 8 weight= 0.75 mean_abs_feat_delta= 0.27435\n"}
,{"stream_name":"stdout","time":655.309993064,"data":"SECONDARY_EDGE_TTA_ACTIVE views= 8 weight= 0.75 mean_abs_feat_delta= 0.246968\n"}
,{"stream_name":"stdout","time":655.512797185,"data":"SECONDARY_EDGE_TTA_ACTIVE views= 8 weight= 0.75 mean_abs_feat_delta= 0.246968\n"}
,{"stream_name":"stdout","time":655.657226892,"data":"EDGE_TTA_ACTIVE views= 8 mean_abs_feat_delta= 0.373852\n"}
,{"stream_name":"stdout","time":655.859807028,"data":"EDGE_TTA_ACTIVE views= 8 mean_abs_feat_delta= 0.373852\n"}
,{"stream_name":"stdout","time":656.303773654,"data":"EDGE_TTA_ACTIVE views= 8 mean_abs_feat_delta= 0.328178\n"}
,{"stream_name":"stdout","time":656.506327993,"data":"EDGE_TTA_ACTIVE views= 8 mean_abs_feat_delta= 0.328178\n"}
,{"stream_name":"stdout","time":656.577027054,"data":"SECONDARY_EDGE_TTA_ACTIVE views= 8 weight= 0.75 mean_abs_feat_delta= 0.28122\n"}
,{"stream_name":"stdout","time":656.779652475,"data":"SECONDARY_EDGE_TTA_ACTIVE views= 8 weight= 0.75 mean_abs_feat_delta= 0.28122\n"}
,{"stream_name":"stdout","time":657.183958999,"data":"SECONDARY_EDGE_TTA_ACTIVE views= 8 weight= 0.75 mean_abs_feat_delta= 0.250361\n"}
,{"stream_name":"stdout","time":657.38665205,"data":"SECONDARY_EDGE_TTA_ACTIVE views= 8 weight= 0.75 mean_abs_feat_delta= 0.250361\n"}
,{"stream_name":"stdout","time":657.647091498,"data":"EDGE_TTA_ACTIVE views= 8 mean_abs_feat_delta= 0.368966\n"}
,{"stream_name":"stdout","time":657.849534818,"data":"EDGE_TTA_ACTIVE views= 8 mean_abs_feat_delta= 0.368966\n"}
,{"stream_name":"stdout","time":658.171741768,"data":"EDGE_TTA_ACTIVE views= 8 mean_abs_feat_delta= 0.331242\n"}
,{"stream_name":"stdout","time":658.374462074,"data":"EDGE_TTA_ACTIVE views= 8 mean_abs_feat_delta= 0.331242\n"}
,{"stream_name":"stdout","time":658.569947432,"data":"SECONDARY_EDGE_TTA_ACTIVE views= 8 weight= 0.75 mean_abs_feat_delta= 0.277064\n"}
,{"stream_name":"stdout","time":658.772451902,"data":"SECONDARY_EDGE_TTA_ACTIVE views= 8 weight= 0.75 mean_abs_feat_delta= 0.277064\n"}
,{"stream_name":"stdout","time":659.053149419,"data":"SECONDARY_EDGE_TTA_ACTIVE views= 8 weight= 0.75 mean_abs_feat_delta= 0.24375\n"}
,{"stream_name":"stdout","time":659.255313696,"data":"SECONDARY_EDGE_TTA_ACTIVE views= 8 weight= 0.75 mean_abs_feat_delta= 0.24375\n"}
,{"stream_name":"stdout","time":659.631453685,"data":"EDGE_TTA_ACTIVE views= 8 mean_abs_feat_delta= 0.366559\n"}
,{"stream_name":"stdout","time":659.83424758,"data":"EDGE_TTA_ACTIVE views= 8 mean_abs_feat_delta= 0.366559\n"}
,{"stream_name":"stdout","time":660.04183075,"data":"EDGE_TTA_ACTIVE views= 8 mean_abs_feat_delta= 0.332742\n"}
,{"stream_name":"stdout","time":660.244533223,"data":"EDGE_TTA_ACTIVE views= 8 mean_abs_feat_delta= 0.332742\n"}
,{"stream_name":"stdout","time":660.555167371,"data":"SECONDARY_EDGE_TTA_ACTIVE views= 8 weight= 0.75 mean_abs_feat_delta= 0.274933\n"}
,{"stream_name":"stdout","time":660.757424381,"data":"SECONDARY_EDGE_TTA_ACTIVE views= 8 weight= 0.75 mean_abs_feat_delta= 0.274933\n"}
,{"stream_name":"stdout","time":660.926304463,"data":"SECONDARY_EDGE_TTA_ACTIVE views= 8 weight= 0.75 mean_abs_feat_delta= 0.239566\n"}
,{"stream_name":"stdout","time":661.129096439,"data":"SECONDARY_EDGE_TTA_ACTIVE views= 8 weight= 0.75 mean_abs_feat_delta= 0.239566\n"}
,{"stream_name":"stdout","time":661.618161539,"data":"EDGE_TTA_ACTIVE views= 8 mean_abs_feat_delta= 0.370597\n"}
,{"stream_name":"stdout","time":661.820428043,"data":"EDGE_TTA_ACTIVE views= 8 mean_abs_feat_delta= 0.370597\n"}
,{"stream_name":"stdout","time":661.960308991,"data":"EDGE_TTA_ACTIVE views= 8 mean_abs_feat_delta= 0.325998\n"}
,{"stream_name":"stdout","time":662.162770974,"data":"EDGE_TTA_ACTIVE views= 8 mean_abs_feat_delta= 0.325998\n"}
,{"stream_name":"stdout","time":662.546741448,"data":"SECONDARY_EDGE_TTA_ACTIVE views= 8 weight= 0.75 mean_abs_feat_delta= 0.278308\n"}
,{"stream_name":"stdout","time":662.769505628,"data":"SECONDARY_EDGE_TTA_ACTIVE views= 8 weight= 0.75 mean_abs_feat_delta= 0.278308\n"}
,{"stream_name":"stdout","time":662.850576562,"data":"SECONDARY_EDGE_TTA_ACTIVE views= 8 weight= 0.75 mean_abs_feat_delta= 0.242074\n"}
,{"stream_name":"stdout","time":663.053229616,"data":"SECONDARY_EDGE_TTA_ACTIVE views= 8 weight= 0.75 mean_abs_feat_delta= 0.242074\n"}
,{"stream_name":"stdout","time":663.558873227,"data":"EDGE_TTA_ACTIVE views= 8 mean_abs_feat_delta= 0.372674\n"}
,{"stream_name":"stdout","time":663.761576195,"data":"EDGE_TTA_ACTIVE views= 8 mean_abs_feat_delta= 0.372674\n"}
,{"stream_name":"stdout","time":663.844696838,"data":"EDGE_TTA_ACTIVE views= 8 mean_abs_feat_delta= 0.326187\n"}
,{"stream_name":"stdout","time":664.047349044,"data":"EDGE_TTA_ACTIVE views= 8 mean_abs_feat_delta= 0.326187\n"}
,{"stream_name":"stdout","time":664.483064273,"data":"SECONDARY_EDGE_TTA_ACTIVE views= 8 weight= 0.75 mean_abs_feat_delta= 0.285352\n"}
,{"stream_name":"stdout","time":664.68591684,"data":"SECONDARY_EDGE_TTA_ACTIVE views= 8 weight= 0.75 mean_abs_feat_delta= 0.285352\n"}
,{"stream_name":"stdout","time":664.732613526,"data":"SECONDARY_EDGE_TTA_ACTIVE views= 8 weight= 0.75 mean_abs_feat_delta= 0.24388\n"}
,{"stream_name":"stdout","time":664.935043906,"data":"SECONDARY_EDGE_TTA_ACTIVE views= 8 weight= 0.75 mean_abs_feat_delta= 0.24388\n"}
,{"stream_name":"stdout","time":665.52952588,"data":"EDGE_TTA_ACTIVE views= 8 mean_abs_feat_delta= 0.367938\n"}
,{"stream_name":"stdout","time":665.724945125,"data":"EDGE_TTA_ACTIVE views= 8 mean_abs_feat_delta= 0.329641\n"}
,{"stream_name":"stdout","time":665.7324138,"data":"EDGE_TTA_ACTIVE views= 8 mean_abs_feat_delta= 0.367938\n"}
,{"stream_name":"stdout","time":665.732471707,"data":"EDGE_TTA_ACTIVE views= 8 mean_abs_feat_delta= 0.329641\n"}
,{"stream_name":"stdout","time":666.457333531,"data":"SECONDARY_EDGE_TTA_ACTIVE views= 8 weight= 0.75 mean_abs_feat_delta= 0.280788\n"}
,{"stream_name":"stdout","time":666.609884604,"data":"SECONDARY_EDGE_TTA_ACTIVE views= 8 weight= 0.75 mean_abs_feat_delta= 0.242396\n"}
,{"stream_name":"stdout","time":666.659815111,"data":"SECONDARY_EDGE_TTA_ACTIVE views= 8 weight= 0.75 mean_abs_feat_delta= 0.280788\n"}
,{"stream_name":"stdout","time":666.659865797,"data":"SECONDARY_EDGE_TTA_ACTIVE views= 8 weight= 0.75 mean_abs_feat_delta= 0.242396\n"}
,{"stream_name":"stdout","time":667.521412029,"data":"EDGE_TTA_ACTIVE views= 8 mean_abs_feat_delta= 0.364834\n"}
,{"stream_name":"stdout","time":667.626575771,"data":"EDGE_TTA_ACTIVE views= 8 mean_abs_feat_delta= 0.331184\n"}
,{"stream_name":"stdout","time":667.72422806,"data":"EDGE_TTA_ACTIVE views= 8 mean_abs_feat_delta= 0.364834\n"}
,{"stream_name":"stdout","time":667.724263314,"data":"EDGE_TTA_ACTIVE views= 8 mean_abs_feat_delta= 0.331184\n"}
,{"stream_name":"stdout","time":668.45095856,"data":"SECONDARY_EDGE_TTA_ACTIVE views= 8 weight= 0.75 mean_abs_feat_delta= 0.282166\n"}
,{"stream_name":"stdout","time":668.514603738,"data":"SECONDARY_EDGE_TTA_ACTIVE views= 8 weight= 0.75 mean_abs_feat_delta= 0.24245\n"}
,{"stream_name":"stdout","time":668.653155689,"data":"SECONDARY_EDGE_TTA_ACTIVE views= 8 weight= 0.75 mean_abs_feat_delta= 0.282166\n"}
,{"stream_name":"stdout","time":668.653188138,"data":"SECONDARY_EDGE_TTA_ACTIVE views= 8 weight= 0.75 mean_abs_feat_delta= 0.24245\n"}
,{"stream_name":"stdout","time":669.501776122,"data":"EDGE_TTA_ACTIVE views= 8 mean_abs_feat_delta= 0.36801\n"}
,{"stream_name":"stdout","time":669.516481695,"data":"EDGE_TTA_ACTIVE views= 8 mean_abs_feat_delta= 0.330506\n"}
,{"stream_name":"stdout","time":669.704656031,"data":"EDGE_TTA_ACTIVE views= 8 mean_abs_feat_delta= 0.36801\n"}
,{"stream_name":"stdout","time":669.704693965,"data":"EDGE_TTA_ACTIVE views= 8 mean_abs_feat_delta= 0.330506\n"}
,{"stream_name":"stdout","time":670.405194739,"data":"SECONDARY_EDGE_TTA_ACTIVE views= 8 weight= 0.75 mean_abs_feat_delta= 0.246663\n"}
,{"stream_name":"stdout","time":670.432567286,"data":"SECONDARY_EDGE_TTA_ACTIVE views= 8 weight= 0.75 mean_abs_feat_delta= 0.283823\n"}
,{"stream_name":"stdout","time":670.607674278,"data":"SECONDARY_EDGE_TTA_ACTIVE views= 8 weight= 0.75 mean_abs_feat_delta= 0.246663\n"}
,{"stream_name":"stdout","time":670.607709541,"data":"SECONDARY_EDGE_TTA_ACTIVE views= 8 weight= 0.75 mean_abs_feat_delta= 0.283823\n"}
,{"stream_name":"stdout","time":671.408349967,"data":"EDGE_TTA_ACTIVE views= 8 mean_abs_feat_delta= 0.326851\n"}
,{"stream_name":"stdout","time":671.476017597,"data":"EDGE_TTA_ACTIVE views= 8 mean_abs_feat_delta= 0.367877\n"}
,{"stream_name":"stdout","time":671.611108911,"data":"EDGE_TTA_ACTIVE views= 8 mean_abs_feat_delta= 0.326851\n"}
,{"stream_name":"stdout","time":671.611146871,"data":"EDGE_TTA_ACTIVE views= 8 mean_abs_feat_delta= 0.367877\n"}
,{"stream_name":"stdout","time":672.297008271,"data":"SECONDARY_EDGE_TTA_ACTIVE views= 8 weight= 0.75 mean_abs_feat_delta= 0.248161\n"}
,{"stream_name":"stdout","time":672.410184187,"data":"SECONDARY_EDGE_TTA_ACTIVE views= 8 weight= 0.75 mean_abs_feat_delta= 0.281373\n"}
,{"stream_name":"stdout","time":672.499484417,"data":"SECONDARY_EDGE_TTA_ACTIVE views= 8 weight= 0.75 mean_abs_feat_delta= 0.248161\n"}
,{"stream_name":"stdout","time":672.499524738,"data":"SECONDARY_EDGE_TTA_ACTIVE views= 8 weight= 0.75 mean_abs_feat_delta= 0.281373\n"}
,{"stream_name":"stdout","time":673.310367874,"data":"EDGE_TTA_ACTIVE views= 8 mean_abs_feat_delta= 0.32759\n"}
,{"stream_name":"stdout","time":673.46032283,"data":"EDGE_TTA_ACTIVE views= 8 mean_abs_feat_delta= 0.368248\n"}
,{"stream_name":"stdout","time":673.513078775,"data":"EDGE_TTA_ACTIVE views= 8 mean_abs_feat_delta= 0.32759\n"}
,{"stream_name":"stdout","time":673.513140915,"data":"EDGE_TTA_ACTIVE views= 8 mean_abs_feat_delta= 0.368248\n"}
,{"stream_name":"stdout","time":674.202742005,"data":"SECONDARY_EDGE_TTA_ACTIVE views= 8 weight= 0.75 mean_abs_feat_delta= 0.244572\n"}
,{"stream_name":"stdout","time":674.397168448,"data":"SECONDARY_EDGE_TTA_ACTIVE views= 8 weight= 0.75 mean_abs_feat_delta= 0.281151\n"}
,{"stream_name":"stdout","time":674.405411058,"data":"SECONDARY_EDGE_TTA_ACTIVE views= 8 weight= 0.75 mean_abs_feat_delta= 0.244572\n"}
,{"stream_name":"stdout","time":674.405440609,"data":"SECONDARY_EDGE_TTA_ACTIVE views= 8 weight= 0.75 mean_abs_feat_delta= 0.281151\n"}
,{"stream_name":"stdout","time":675.212330869,"data":"EDGE_TTA_ACTIVE views= 8 mean_abs_feat_delta= 0.323605\n"}
,{"stream_name":"stdout","time":675.41469021,"data":"EDGE_TTA_ACTIVE views= 8 mean_abs_feat_delta= 0.323605\n"}
,{"stream_name":"stdout","time":675.469889441,"data":"EDGE_TTA_ACTIVE views= 8 mean_abs_feat_delta= 0.366473\n"}
,{"stream_name":"stdout","time":675.672460699,"data":"EDGE_TTA_ACTIVE views= 8 mean_abs_feat_delta= 0.366473\n"}
,{"stream_name":"stdout","time":676.107431913,"data":"SECONDARY_EDGE_TTA_ACTIVE views= 8 weight= 0.75 mean_abs_feat_delta= 0.244253\n"}
,{"stream_name":"stdout","time":676.310253163,"data":"SECONDARY_EDGE_TTA_ACTIVE views= 8 weight= 0.75 mean_abs_feat_delta= 0.244253\n"}
,{"stream_name":"stdout","time":676.411501648,"data":"SECONDARY_EDGE_TTA_ACTIVE views= 8 weight= 0.75 mean_abs_feat_delta= 0.288338\n"}
,{"stream_name":"stdout","time":676.614320762,"data":"SECONDARY_EDGE_TTA_ACTIVE views= 8 weight= 0.75 mean_abs_feat_delta= 0.288338\n"}
,{"stream_name":"stdout","time":677.112834346,"data":"EDGE_TTA_ACTIVE views= 8 mean_abs_feat_delta= 0.332571\n"}
,{"stream_name":"stdout","time":677.31530693,"data":"EDGE_TTA_ACTIVE views= 8 mean_abs_feat_delta= 0.332571\n"}
,{"stream_name":"stdout","time":677.484994771,"data":"EDGE_TTA_ACTIVE views= 8 mean_abs_feat_delta= 0.369227\n"}
,{"stream_name":"stdout","time":677.687440877,"data":"EDGE_TTA_ACTIVE views= 8 mean_abs_feat_delta= 0.369227\n"}
,{"stream_name":"stdout","time":678.005686639,"data":"SECONDARY_EDGE_TTA_ACTIVE views= 8 weight= 0.75 mean_abs_feat_delta= 0.251298\n"}
,{"stream_name":"stdout","time":678.208241039,"data":"SECONDARY_EDGE_TTA_ACTIVE views= 8 weight= 0.75 mean_abs_feat_delta= 0.251298\n"}
,{"stream_name":"stdout","time":678.428564023,"data":"SECONDARY_EDGE_TTA_ACTIVE views= 8 weight= 0.75 mean_abs_feat_delta= 0.292434\n"}
,{"stream_name":"stdout","time":678.43260937,"data":"BIOHUB_RETENTION_GUARD {\"blended_candidates\": 264, \"dataset\": \"44b6_0b24845f\", \"frame\": 47, \"minimum_retention\": 0.9, \"primary_candidates\": 307, \"retention\": 0.8599348534201955, \"use_primary\": true}\n"}
,{"stream_name":"stdout","time":678.631395182,"data":"SECONDARY_EDGE_TTA_ACTIVE views= 8 weight= 0.75 mean_abs_feat_delta= 0.292434\n"}
,{"stream_name":"stdout","time":678.631534104,"data":"BIOHUB_RETENTION_GUARD {\"blended_candidates\": 264, \"dataset\": \"44b6_0b24845f\", \"frame\": 47, \"minimum_retention\": 0.9, \"primary_candidates\": 307, \"retention\": 0.8599348534201955, \"use_primary\": true}\n"}
,{"stream_name":"stdout","time":679.014674409,"data":"EDGE_TTA_ACTIVE views= 8 mean_abs_feat_delta= 0.328319\n"}
,{"stream_name":"stdout","time":679.217138134,"data":"EDGE_TTA_ACTIVE views= 8 mean_abs_feat_delta= 0.328319\n"}
,{"stream_name":"stdout","time":679.493232821,"data":"EDGE_TTA_ACTIVE views= 8 mean_abs_feat_delta= 0.376915\n"}
,{"stream_name":"stdout","time":679.695987144,"data":"EDGE_TTA_ACTIVE views= 8 mean_abs_feat_delta= 0.376915\n"}
,{"stream_name":"stdout","time":679.907673687,"data":"SECONDARY_EDGE_TTA_ACTIVE views= 8 weight= 0.75 mean_abs_feat_delta= 0.241945\n"}
,{"stream_name":"stdout","time":680.11030668,"data":"SECONDARY_EDGE_TTA_ACTIVE views= 8 weight= 0.75 mean_abs_feat_delta= 0.241945\n"}
,{"stream_name":"stdout","time":680.437407507,"data":"SECONDARY_EDGE_TTA_ACTIVE views= 8 weight= 0.75 mean_abs_feat_delta= 0.288129\n"}
,{"stream_name":"stdout","time":680.63986202,"data":"SECONDARY_EDGE_TTA_ACTIVE views= 8 weight= 0.75 mean_abs_feat_delta= 0.288129\n"}
,{"stream_name":"stdout","time":680.905526674,"data":"EDGE_TTA_ACTIVE views= 8 mean_abs_feat_delta= 0.327289\n"}
,{"stream_name":"stdout","time":681.108227707,"data":"EDGE_TTA_ACTIVE views= 8 mean_abs_feat_delta= 0.327289\n"}
,{"stream_name":"stdout","time":681.53811984,"data":"EDGE_TTA_ACTIVE views= 8 mean_abs_feat_delta= 0.373149\n"}
,{"stream_name":"stdout","time":681.740828029,"data":"EDGE_TTA_ACTIVE views= 8 mean_abs_feat_delta= 0.373149\n"}
,{"stream_name":"stdout","time":681.802557737,"data":"SECONDARY_EDGE_TTA_ACTIVE views= 8 weight= 0.75 mean_abs_feat_delta= 0.241039\n"}
,{"stream_name":"stdout","time":682.005015351,"data":"SECONDARY_EDGE_TTA_ACTIVE views= 8 weight= 0.75 mean_abs_feat_delta= 0.241039\n"}
,{"stream_name":"stdout","time":682.484846383,"data":"SECONDARY_EDGE_TTA_ACTIVE views= 8 weight= 0.75 mean_abs_feat_delta= 0.299885\n"}
,{"stream_name":"stdout","time":682.687876444,"data":"SECONDARY_EDGE_TTA_ACTIVE views= 8 weight= 0.75 mean_abs_feat_delta= 0.299885\n"}
,{"stream_name":"stdout","time":682.809050793,"data":"EDGE_TTA_ACTIVE views= 8 mean_abs_feat_delta= 0.337614\n"}
,{"stream_name":"stdout","time":683.011792581,"data":"EDGE_TTA_ACTIVE views= 8 mean_abs_feat_delta= 0.337614\n"}
,{"stream_name":"stdout","time":683.56203983,"data":"EDGE_TTA_ACTIVE views= 8 mean_abs_feat_delta= 0.373289\n"}
,{"stream_name":"stdout","time":683.705005479,"data":"SECONDARY_EDGE_TTA_ACTIVE views= 8 weight= 0.75 mean_abs_feat_delta= 0.250851\n"}
,{"stream_name":"stdout","time":683.764662909,"data":"EDGE_TTA_ACTIVE views= 8 mean_abs_feat_delta= 0.373289\n"}
,{"stream_name":"stdout","time":683.764716234,"data":"SECONDARY_EDGE_TTA_ACTIVE views= 8 weight= 0.75 mean_abs_feat_delta= 0.250851\n"}
,{"stream_name":"stdout","time":684.514638272,"data":"SECONDARY_EDGE_TTA_ACTIVE views= 8 weight= 0.75 mean_abs_feat_delta= 0.305548\n"}
,{"stream_name":"stdout","time":684.518918014,"data":"BIOHUB_RETENTION_GUARD {\"blended_candidates\": 253, \"dataset\": \"44b6_0b24845f\", \"frame\": 50, \"minimum_retention\": 0.9, \"primary_candidates\": 285, \"retention\": 0.887719298245614, \"use_primary\": true}\n"}
,{"stream_name":"stdout","time":684.714350539,"data":"EDGE_TTA_ACTIVE views= 8 mean_abs_feat_delta= 0.338693\n"}
,{"stream_name":"stdout","time":684.717335595,"data":"SECONDARY_EDGE_TTA_ACTIVE views= 8 weight= 0.75 mean_abs_feat_delta= 0.305548\n"}
,{"stream_name":"stdout","time":684.717377896,"data":"BIOHUB_RETENTION_GUARD {\"blended_candidates\": 253, \"dataset\": \"44b6_0b24845f\", \"frame\": 50, \"minimum_retention\": 0.9, \"primary_candidates\": 285, \"retention\": 0.887719298245614, \"use_primary\": true}\n"}
,{"stream_name":"stdout","time":684.717384397,"data":"EDGE_TTA_ACTIVE views= 8 mean_abs_feat_delta= 0.338693\n"}
,{"stream_name":"stdout","time":685.596451414,"data":"EDGE_TTA_ACTIVE views= 8 mean_abs_feat_delta= 0.372374\n"}
,{"stream_name":"stdout","time":685.61581503,"data":"SECONDARY_EDGE_TTA_ACTIVE views= 8 weight= 0.75 mean_abs_feat_delta= 0.253217\n"}
,{"stream_name":"stdout","time":685.799139615,"data":"EDGE_TTA_ACTIVE views= 8 mean_abs_feat_delta= 0.372374\n"}
,{"stream_name":"stdout","time":685.799178576,"data":"SECONDARY_EDGE_TTA_ACTIVE views= 8 weight= 0.75 mean_abs_feat_delta= 0.253217\n"}
,{"stream_name":"stdout","time":686.549902542,"data":"SECONDARY_EDGE_TTA_ACTIVE views= 8 weight= 0.75 mean_abs_feat_delta= 0.296505\n"}
,{"stream_name":"stdout","time":686.554010628,"data":"BIOHUB_RETENTION_GUARD {\"blended_candidates\": 321, \"dataset\": \"44b6_0b24845f\", \"frame\": 51, \"minimum_retention\": 0.9, \"primary_candidates\": 361, \"retention\": 0.889196675900277, \"use_primary\": true}\n"}
,{"stream_name":"stdout","time":686.634342781,"data":"EDGE_TTA_ACTIVE views= 8 mean_abs_feat_delta= 0.338257\n"}
,{"stream_name":"stdout","time":686.752454923,"data":"SECONDARY_EDGE_TTA_ACTIVE views= 8 weight= 0.75 mean_abs_feat_delta= 0.296505\n"}
,{"stream_name":"stdout","time":686.752485773,"data":"BIOHUB_RETENTION_GUARD {\"blended_candidates\": 321, \"dataset\": \"44b6_0b24845f\", \"frame\": 51, \"minimum_retention\": 0.9, \"primary_candidates\": 361, \"retention\": 0.889196675900277, \"use_primary\": true}\n"}
,{"stream_name":"stdout","time":686.75249159,"data":"EDGE_TTA_ACTIVE views= 8 mean_abs_feat_delta= 0.338257\n"}
,{"stream_name":"stdout","time":687.535192851,"data":"SECONDARY_EDGE_TTA_ACTIVE views= 8 weight= 0.75 mean_abs_feat_delta= 0.261342\n"}
,{"stream_name":"stdout","time":687.654557874,"data":"EDGE_TTA_ACTIVE views= 8 mean_abs_feat_delta= 0.36791\n"}
,{"stream_name":"stdout","time":687.737807081,"data":"SECONDARY_EDGE_TTA_ACTIVE views= 8 weight= 0.75 mean_abs_feat_delta= 0.261342\n"}
,{"stream_name":"stdout","time":687.737839507,"data":"EDGE_TTA_ACTIVE views= 8 mean_abs_feat_delta= 0.36791\n"}
,{"stream_name":"stdout","time":688.554077077,"data":"EDGE_TTA_ACTIVE views= 8 mean_abs_feat_delta= 0.33887\n"}
,{"stream_name":"stdout","time":688.610235317,"data":"SECONDARY_EDGE_TTA_ACTIVE views= 8 weight= 0.75 mean_abs_feat_delta= 0.295986\n"}
,{"stream_name":"stdout","time":688.756365044,"data":"EDGE_TTA_ACTIVE views= 8 mean_abs_feat_delta= 0.33887\n"}
,{"stream_name":"stdout","time":688.756398935,"data":"SECONDARY_EDGE_TTA_ACTIVE views= 8 weight= 0.75 mean_abs_feat_delta= 0.295986\n"}
,{"stream_name":"stdout","time":689.451707681,"data":"SECONDARY_EDGE_TTA_ACTIVE views= 8 weight= 0.75 mean_abs_feat_delta= 0.263655\n"}
,{"stream_name":"stdout","time":689.654452884,"data":"SECONDARY_EDGE_TTA_ACTIVE views= 8 weight= 0.75 mean_abs_feat_delta= 0.263655\n"}
,{"stream_name":"stdout","time":689.708867322,"data":"EDGE_TTA_ACTIVE views= 8 mean_abs_feat_delta= 0.370709\n"}
,{"stream_name":"stdout","time":689.911500587,"data":"EDGE_TTA_ACTIVE views= 8 mean_abs_feat_delta= 0.370709\n"}
,{"stream_name":"stdout","time":690.460745451,"data":"EDGE_TTA_ACTIVE views= 8 mean_abs_feat_delta= 0.339106\n"}
,{"stream_name":"stdout","time":690.663315016,"data":"EDGE_TTA_ACTIVE views= 8 mean_abs_feat_delta= 0.339106\n"}
,{"stream_name":"stdout","time":690.667243711,"data":"SECONDARY_EDGE_TTA_ACTIVE views= 8 weight= 0.75 mean_abs_feat_delta= 0.30285\n"}
,{"stream_name":"stdout","time":690.67157246,"data":"BIOHUB_RETENTION_GUARD {\"blended_candidates\": 305, \"dataset\": \"44b6_0b24845f\", \"frame\": 53, \"minimum_retention\": 0.9, \"primary_candidates\": 342, \"retention\": 0.8918128654970761, \"use_primary\": true}\n"}
,{"stream_name":"stdout","time":690.870179529,"data":"SECONDARY_EDGE_TTA_ACTIVE views= 8 weight= 0.75 mean_abs_feat_delta= 0.30285\n"}
,{"stream_name":"stdout","time":690.870216345,"data":"BIOHUB_RETENTION_GUARD {\"blended_candidates\": 305, \"dataset\": \"44b6_0b24845f\", \"frame\": 53, \"minimum_retention\": 0.9, \"primary_candidates\": 342, \"retention\": 0.8918128654970761, \"use_primary\": true}\n"}
,{"stream_name":"stdout","time":691.361569656,"data":"SECONDARY_EDGE_TTA_ACTIVE views= 8 weight= 0.75 mean_abs_feat_delta= 0.264049\n"}
,{"stream_name":"stdout","time":691.563965905,"data":"SECONDARY_EDGE_TTA_ACTIVE views= 8 weight= 0.75 mean_abs_feat_delta= 0.264049\n"}
,{"stream_name":"stdout","time":691.783591057,"data":"EDGE_TTA_ACTIVE views= 8 mean_abs_feat_delta= 0.369503\n"}
,{"stream_name":"stdout","time":691.986379514,"data":"EDGE_TTA_ACTIVE views= 8 mean_abs_feat_delta= 0.369503\n"}
,{"stream_name":"stdout","time":692.42160934,"data":"EDGE_TTA_ACTIVE views= 8 mean_abs_feat_delta= 0.341611\n"}
,{"stream_name":"stdout","time":692.623905391,"data":"EDGE_TTA_ACTIVE views= 8 mean_abs_feat_delta= 0.341611\n"}
,{"stream_name":"stdout","time":692.747389656,"data":"SECONDARY_EDGE_TTA_ACTIVE views= 8 weight= 0.75 mean_abs_feat_delta= 0.30254\n"}
,{"stream_name":"stdout","time":692.751629686,"data":"BIOHUB_RETENTION_GUARD {\"blended_candidates\": 321, \"dataset\": \"44b6_0b24845f\", \"frame\": 54, \"minimum_retention\": 0.9, \"primary_candidates\": 362, \"retention\": 0.8867403314917127, \"use_primary\": true}\n"}
,{"stream_name":"stdout","time":692.972316088,"data":"SECONDARY_EDGE_TTA_ACTIVE views= 8 weight= 0.75 mean_abs_feat_delta= 0.30254\n"}
,{"stream_name":"stdout","time":692.97234103,"data":"BIOHUB_RETENTION_GUARD {\"blended_candidates\": 321, \"dataset\": \"44b6_0b24845f\", \"frame\": 54, \"minimum_retention\": 0.9, \"primary_candidates\": 362, \"retention\": 0.8867403314917127, \"use_primary\": true}\n"}
,{"stream_name":"stdout","time":693.315578177,"data":"SECONDARY_EDGE_TTA_ACTIVE views= 8 weight= 0.75 mean_abs_feat_delta= 0.262185\n"}
,{"stream_name":"stdout","time":693.518425002,"data":"SECONDARY_EDGE_TTA_ACTIVE views= 8 weight= 0.75 mean_abs_feat_delta= 0.262185\n"}
,{"stream_name":"stdout","time":693.880341814,"data":"EDGE_TTA_ACTIVE views= 8 mean_abs_feat_delta= 0.3697\n"}
,{"stream_name":"stdout","time":694.082879606,"data":"EDGE_TTA_ACTIVE views= 8 mean_abs_feat_delta= 0.3697\n"}
,{"stream_name":"stdout","time":694.333135412,"data":"EDGE_TTA_ACTIVE views= 8 mean_abs_feat_delta= 0.346143\n"}
,{"stream_name":"stdout","time":694.535486776,"data":"EDGE_TTA_ACTIVE views= 8 mean_abs_feat_delta= 0.346143\n"}
,{"stream_name":"stdout","time":694.846345947,"data":"SECONDARY_EDGE_TTA_ACTIVE views= 8 weight= 0.75 mean_abs_feat_delta= 0.304896\n"}
,{"stream_name":"stdout","time":695.048801467,"data":"SECONDARY_EDGE_TTA_ACTIVE views= 8 weight= 0.75 mean_abs_feat_delta= 0.304896\n"}
,{"stream_name":"stdout","time":695.237426364,"data":"SECONDARY_EDGE_TTA_ACTIVE views= 8 weight= 0.75 mean_abs_feat_delta= 0.257653\n"}
,{"stream_name":"stdout","time":695.440231937,"data":"SECONDARY_EDGE_TTA_ACTIVE views= 8 weight= 0.75 mean_abs_feat_delta= 0.257653\n"}
,{"stream_name":"stdout","time":695.958252283,"data":"EDGE_TTA_ACTIVE views= 8 mean_abs_feat_delta= 0.37301\n"}
,{"stream_name":"stdout","time":696.160768439,"data":"EDGE_TTA_ACTIVE views= 8 mean_abs_feat_delta= 0.37301\n"}
,{"stream_name":"stdout","time":696.254991382,"data":"EDGE_TTA_ACTIVE views= 8 mean_abs_feat_delta= 0.340083\n"}
,{"stream_name":"stdout","time":696.457918323,"data":"EDGE_TTA_ACTIVE views= 8 mean_abs_feat_delta= 0.340083\n"}
,{"stream_name":"stdout","time":696.931696496,"data":"SECONDARY_EDGE_TTA_ACTIVE views= 8 weight= 0.75 mean_abs_feat_delta= 0.308335\n"}
,{"stream_name":"stdout","time":697.134182367,"data":"SECONDARY_EDGE_TTA_ACTIVE views= 8 weight= 0.75 mean_abs_feat_delta= 0.308335\n"}
,{"stream_name":"stdout","time":697.159699732,"data":"SECONDARY_EDGE_TTA_ACTIVE views= 8 weight= 0.75 mean_abs_feat_delta= 0.252778\n"}
,{"stream_name":"stdout","time":697.362294862,"data":"SECONDARY_EDGE_TTA_ACTIVE views= 8 weight= 0.75 mean_abs_feat_delta= 0.252778\n"}
,{"stream_name":"stdout","time":698.043348588,"data":"EDGE_TTA_ACTIVE views= 8 mean_abs_feat_delta= 0.367347\n"}
,{"stream_name":"stdout","time":698.182231799,"data":"EDGE_TTA_ACTIVE views= 8 mean_abs_feat_delta= 0.339203\n"}
,{"stream_name":"stdout","time":698.24595566,"data":"EDGE_TTA_ACTIVE views= 8 mean_abs_feat_delta= 0.367347\n"}
,{"stream_name":"stdout","time":698.246027953,"data":"EDGE_TTA_ACTIVE views= 8 mean_abs_feat_delta= 0.339203\n"}
,{"stream_name":"stdout","time":699.016916885,"data":"SECONDARY_EDGE_TTA_ACTIVE views= 8 weight= 0.75 mean_abs_feat_delta= 0.3079\n"}
,{"stream_name":"stdout","time":699.087150715,"data":"SECONDARY_EDGE_TTA_ACTIVE views= 8 weight= 0.75 mean_abs_feat_delta= 0.255196\n"}
,{"stream_name":"stdout","time":699.219719332,"data":"SECONDARY_EDGE_TTA_ACTIVE views= 8 weight= 0.75 mean_abs_feat_delta= 0.3079\n"}
,{"stream_name":"stdout","time":699.219777018,"data":"SECONDARY_EDGE_TTA_ACTIVE views= 8 weight= 0.75 mean_abs_feat_delta= 0.255196\n"}
,{"stream_name":"stdout","time":700.109535685,"data":"EDGE_TTA_ACTIVE views= 8 mean_abs_feat_delta= 0.336994\n"}
,{"stream_name":"stdout","time":700.148970355,"data":"EDGE_TTA_ACTIVE views= 8 mean_abs_feat_delta= 0.36398\n"}
,{"stream_name":"stdout","time":700.31239772,"data":"EDGE_TTA_ACTIVE views= 8 mean_abs_feat_delta= 0.336994\n"}
,{"stream_name":"stdout","time":700.312431569,"data":"EDGE_TTA_ACTIVE views= 8 mean_abs_feat_delta= 0.36398\n"}
,{"stream_name":"stdout","time":701.020025492,"data":"SECONDARY_EDGE_TTA_ACTIVE views= 8 weight= 0.75 mean_abs_feat_delta= 0.255652\n"}
,{"stream_name":"stdout","time":701.120839731,"data":"SECONDARY_EDGE_TTA_ACTIVE views= 8 weight= 0.75 mean_abs_feat_delta= 0.304751\n"}
,{"stream_name":"stdout","time":701.125378627,"data":"BIOHUB_RETENTION_GUARD {\"blended_candidates\": 263, \"dataset\": \"44b6_0b24845f\", \"frame\": 58, \"minimum_retention\": 0.9, \"primary_candidates\": 312, \"retention\": 0.842948717948718, \"use_primary\": true}\n"}
,{"stream_name":"stdout","time":701.22274818,"data":"SECONDARY_EDGE_TTA_ACTIVE views= 8 weight= 0.75 mean_abs_feat_delta= 0.255652\n"}
,{"stream_name":"stdout","time":701.222809633,"data":"SECONDARY_EDGE_TTA_ACTIVE views= 8 weight= 0.75 mean_abs_feat_delta= 0.304751\n"}
,{"stream_name":"stdout","time":701.222815398,"data":"BIOHUB_RETENTION_GUARD {\"blended_candidates\": 263, \"dataset\": \"44b6_0b24845f\", \"frame\": 58, \"minimum_retention\": 0.9, \"primary_candidates\": 312, \"retention\": 0.842948717948718, \"use_primary\": true}\n"}
,{"stream_name":"stdout","time":702.048604365,"data":"EDGE_TTA_ACTIVE views= 8 mean_abs_feat_delta= 0.342499\n"}
,{"stream_name":"stdout","time":702.233842405,"data":"EDGE_TTA_ACTIVE views= 8 mean_abs_feat_delta= 0.366206\n"}
,{"stream_name":"stdout","time":702.251352472,"data":"EDGE_TTA_ACTIVE views= 8 mean_abs_feat_delta= 0.342499\n"}
,{"stream_name":"stdout","time":702.251370434,"data":"EDGE_TTA_ACTIVE views= 8 mean_abs_feat_delta= 0.366206\n"}
,{"stream_name":"stdout","time":702.957012447,"data":"SECONDARY_EDGE_TTA_ACTIVE views= 8 weight= 0.75 mean_abs_feat_delta= 0.256616\n"}
,{"stream_name":"stdout","time":703.159765132,"data":"SECONDARY_EDGE_TTA_ACTIVE views= 8 weight= 0.75 mean_abs_feat_delta= 0.256616\n"}
,{"stream_name":"stdout","time":703.207110638,"data":"SECONDARY_EDGE_TTA_ACTIVE views= 8 weight= 0.75 mean_abs_feat_delta= 0.300835\n"}
,{"stream_name":"stdout","time":703.2114322,"data":"BIOHUB_RETENTION_GUARD {\"blended_candidates\": 303, \"dataset\": \"44b6_0b24845f\", \"frame\": 59, \"minimum_retention\": 0.9, \"primary_candidates\": 346, \"retention\": 0.8757225433526011, \"use_primary\": true}\n"}
,{"stream_name":"stdout","time":703.410207271,"data":"SECONDARY_EDGE_TTA_ACTIVE views= 8 weight= 0.75 mean_abs_feat_delta= 0.300835\n"}
,{"stream_name":"stdout","time":703.410248086,"data":"BIOHUB_RETENTION_GUARD {\"blended_candidates\": 303, \"dataset\": \"44b6_0b24845f\", \"frame\": 59, \"minimum_retention\": 0.9, \"primary_candidates\": 346, \"retention\": 0.8757225433526011, \"use_primary\": true}\n"}
,{"stream_name":"stdout","time":703.986797926,"data":"EDGE_TTA_ACTIVE views= 8 mean_abs_feat_delta= 0.346059\n"}
,{"stream_name":"stdout","time":704.189191625,"data":"EDGE_TTA_ACTIVE views= 8 mean_abs_feat_delta= 0.346059\n"}
,{"stream_name":"stdout","time":704.3604625,"data":"EDGE_TTA_ACTIVE views= 8 mean_abs_feat_delta= 0.36887\n"}
,{"stream_name":"stdout","time":704.562957027,"data":"EDGE_TTA_ACTIVE views= 8 mean_abs_feat_delta= 0.36887\n"}
,{"stream_name":"stdout","time":704.895262846,"data":"SECONDARY_EDGE_TTA_ACTIVE views= 8 weight= 0.75 mean_abs_feat_delta= 0.257121\n"}
,{"stream_name":"stdout","time":705.097703242,"data":"SECONDARY_EDGE_TTA_ACTIVE views= 8 weight= 0.75 mean_abs_feat_delta= 0.257121\n"}
,{"stream_name":"stdout","time":705.334007155,"data":"SECONDARY_EDGE_TTA_ACTIVE views= 8 weight= 0.75 mean_abs_feat_delta= 0.300158\n"}
,{"stream_name":"stdout","time":705.338441702,"data":"BIOHUB_RETENTION_GUARD {\"blended_candidates\": 335, \"dataset\": \"44b6_0b24845f\", \"frame\": 60, \"minimum_retention\": 0.9, \"primary_candidates\": 393, \"retention\": 0.8524173027989822, \"use_primary\": true}\n"}
,{"stream_name":"stdout","time":705.536472553,"data":"SECONDARY_EDGE_TTA_ACTIVE views= 8 weight= 0.75 mean_abs_feat_delta= 0.300158\n"}
,{"stream_name":"stdout","time":705.536503233,"data":"BIOHUB_RETENTION_GUARD {\"blended_candidates\": 335, \"dataset\": \"44b6_0b24845f\", \"frame\": 60, \"minimum_retention\": 0.9, \"primary_candidates\": 393, \"retention\": 0.8524173027989822, \"use_primary\": true}\n"}
,{"stream_name":"stdout","time":705.909984187,"data":"EDGE_TTA_ACTIVE views= 8 mean_abs_feat_delta= 0.346159\n"}
,{"stream_name":"stdout","time":706.112531514,"data":"EDGE_TTA_ACTIVE views= 8 mean_abs_feat_delta= 0.346159\n"}
,{"stream_name":"stdout","time":706.465211159,"data":"EDGE_TTA_ACTIVE views= 8 mean_abs_feat_delta= 0.365386\n"}
,{"stream_name":"stdout","time":706.667434576,"data":"EDGE_TTA_ACTIVE views= 8 mean_abs_feat_delta= 0.365386\n"}
,{"stream_name":"stdout","time":706.817505375,"data":"SECONDARY_EDGE_TTA_ACTIVE views= 8 weight= 0.75 mean_abs_feat_delta= 0.257896\n"}
,{"stream_name":"stdout","time":707.02114499,"data":"SECONDARY_EDGE_TTA_ACTIVE views= 8 weight= 0.75 mean_abs_feat_delta= 0.257896\n"}
,{"stream_name":"stdout","time":707.440051727,"data":"SECONDARY_EDGE_TTA_ACTIVE views= 8 weight= 0.75 mean_abs_feat_delta= 0.300168\n"}
,{"stream_name":"stdout","time":707.444383592,"data":"BIOHUB_RETENTION_GUARD {\"blended_candidates\": 275, \"dataset\": \"44b6_0b24845f\", \"frame\": 61, \"minimum_retention\": 0.9, \"primary_candidates\": 333, \"retention\": 0.8258258258258259, \"use_primary\": true}\n"}
,{"stream_name":"stdout","time":707.642618615,"data":"SECONDARY_EDGE_TTA_ACTIVE views= 8 weight= 0.75 mean_abs_feat_delta= 0.300168\n"}
,{"stream_name":"stdout","time":707.642661438,"data":"BIOHUB_RETENTION_GUARD {\"blended_candidates\": 275, \"dataset\": \"44b6_0b24845f\", \"frame\": 61, \"minimum_retention\": 0.9, \"primary_candidates\": 333, \"retention\": 0.8258258258258259, \"use_primary\": true}\n"}
,{"stream_name":"stdout","time":707.906020095,"data":"EDGE_TTA_ACTIVE views= 8 mean_abs_feat_delta= 0.345426\n"}
,{"stream_name":"stdout","time":708.10840131,"data":"EDGE_TTA_ACTIVE views= 8 mean_abs_feat_delta= 0.345426\n"}
,{"stream_name":"stdout","time":708.552274735,"data":"EDGE_TTA_ACTIVE views= 8 mean_abs_feat_delta= 0.366621\n"}
,{"stream_name":"stdout","time":708.754676017,"data":"EDGE_TTA_ACTIVE views= 8 mean_abs_feat_delta= 0.366621\n"}
,{"stream_name":"stdout","time":708.817925766,"data":"SECONDARY_EDGE_TTA_ACTIVE views= 8 weight= 0.75 mean_abs_feat_delta= 0.259858\n"}
,{"stream_name":"stdout","time":709.020123672,"data":"SECONDARY_EDGE_TTA_ACTIVE views= 8 weight= 0.75 mean_abs_feat_delta= 0.259858\n"}
,{"stream_name":"stdout","time":709.531551605,"data":"SECONDARY_EDGE_TTA_ACTIVE views= 8 weight= 0.75 mean_abs_feat_delta= 0.300845\n"}
,{"stream_name":"stdout","time":709.535714945,"data":"BIOHUB_RETENTION_GUARD {\"blended_candidates\": 298, \"dataset\": \"44b6_0b24845f\", \"frame\": 62, \"minimum_retention\": 0.9, \"primary_candidates\": 345, \"retention\": 0.863768115942029, \"use_primary\": true}\n"}
,{"stream_name":"stdout","time":709.734186891,"data":"SECONDARY_EDGE_TTA_ACTIVE views= 8 weight= 0.75 mean_abs_feat_delta= 0.300845\n"}
,{"stream_name":"stdout","time":709.734221509,"data":"BIOHUB_RETENTION_GUARD {\"blended_candidates\": 298, \"dataset\": \"44b6_0b24845f\", \"frame\": 62, \"minimum_retention\": 0.9, \"primary_candidates\": 345, \"retention\": 0.863768115942029, \"use_primary\": true}\n"}
,{"stream_name":"stdout","time":709.836491559,"data":"EDGE_TTA_ACTIVE views= 8 mean_abs_feat_delta= 0.344989\n"}
,{"stream_name":"stdout","time":710.038707113,"data":"EDGE_TTA_ACTIVE views= 8 mean_abs_feat_delta= 0.344989\n"}
,{"stream_name":"stdout","time":710.639306905,"data":"EDGE_TTA_ACTIVE views= 8 mean_abs_feat_delta= 0.373908\n"}
,{"stream_name":"stdout","time":710.748123882,"data":"SECONDARY_EDGE_TTA_ACTIVE views= 8 weight= 0.75 mean_abs_feat_delta= 0.25507\n"}
,{"stream_name":"stdout","time":710.841828359,"data":"EDGE_TTA_ACTIVE views= 8 mean_abs_feat_delta= 0.373908\n"}
,{"stream_name":"stdout","time":710.841855026,"data":"SECONDARY_EDGE_TTA_ACTIVE views= 8 weight= 0.75 mean_abs_feat_delta= 0.25507\n"}
,{"stream_name":"stdout","time":711.627789582,"data":"SECONDARY_EDGE_TTA_ACTIVE views= 8 weight= 0.75 mean_abs_feat_delta= 0.303221\n"}
,{"stream_name":"stdout","time":711.782416706,"data":"EDGE_TTA_ACTIVE views= 8 mean_abs_feat_delta= 0.343404\n"}
,{"stream_name":"stdout","time":711.830146959,"data":"SECONDARY_EDGE_TTA_ACTIVE views= 8 weight= 0.75 mean_abs_feat_delta= 0.303221\n"}
,{"stream_name":"stdout","time":711.830171984,"data":"EDGE_TTA_ACTIVE views= 8 mean_abs_feat_delta= 0.343404\n"}
,{"stream_name":"stdout","time":712.697605777,"data":"SECONDARY_EDGE_TTA_ACTIVE views= 8 weight= 0.75 mean_abs_feat_delta= 0.262098\n"}
,{"stream_name":"stdout","time":712.72890843,"data":"EDGE_TTA_ACTIVE views= 8 mean_abs_feat_delta= 0.368494\n"}
,{"stream_name":"stdout","time":712.900379636,"data":"SECONDARY_EDGE_TTA_ACTIVE views= 8 weight= 0.75 mean_abs_feat_delta= 0.262098\n"}
,{"stream_name":"stdout","time":712.900409144,"data":"EDGE_TTA_ACTIVE views= 8 mean_abs_feat_delta= 0.368494\n"}
,{"stream_name":"stdout","time":713.719122166,"data":"SECONDARY_EDGE_TTA_ACTIVE views= 8 weight= 0.75 mean_abs_feat_delta= 0.299317\n"}
,{"stream_name":"stdout","time":713.723125341,"data":"BIOHUB_RETENTION_GUARD {\"blended_candidates\": 295, \"dataset\": \"44b6_0b24845f\", \"frame\": 64, \"minimum_retention\": 0.9, \"primary_candidates\": 344, \"retention\": 0.8575581395348837, \"use_primary\": true}\n"}
,{"stream_name":"stdout","time":713.726247908,"data":"EDGE_TTA_ACTIVE views= 8 mean_abs_feat_delta= 0.341221\n"}
,{"stream_name":"stdout","time":713.921422091,"data":"SECONDARY_EDGE_TTA_ACTIVE views= 8 weight= 0.75 mean_abs_feat_delta= 0.299317\n"}
,{"stream_name":"stdout","time":713.921488888,"data":"BIOHUB_RETENTION_GUARD {\"blended_candidates\": 295, \"dataset\": \"44b6_0b24845f\", \"frame\": 64, \"minimum_retention\": 0.9, \"primary_candidates\": 344, \"retention\": 0.8575581395348837, \"use_primary\": true}\n"}
,{"stream_name":"stdout","time":713.921496538,"data":"EDGE_TTA_ACTIVE views= 8 mean_abs_feat_delta= 0.341221\n"}
,{"stream_name":"stdout","time":714.643040325,"data":"SECONDARY_EDGE_TTA_ACTIVE views= 8 weight= 0.75 mean_abs_feat_delta= 0.262847\n"}
,{"stream_name":"stdout","time":714.835441561,"data":"EDGE_TTA_ACTIVE views= 8 mean_abs_feat_delta= 0.370026\n"}
,{"stream_name":"stdout","time":714.845386654,"data":"SECONDARY_EDGE_TTA_ACTIVE views= 8 weight= 0.75 mean_abs_feat_delta= 0.262847\n"}
,{"stream_name":"stdout","time":714.845409714,"data":"EDGE_TTA_ACTIVE views= 8 mean_abs_feat_delta= 0.370026\n"}
,{"stream_name":"stdout","time":715.668590124,"data":"EDGE_TTA_ACTIVE views= 8 mean_abs_feat_delta= 0.343003\n"}
,{"stream_name":"stdout","time":715.827430966,"data":"SECONDARY_EDGE_TTA_ACTIVE views= 8 weight= 0.75 mean_abs_feat_delta= 0.299955\n"}
,{"stream_name":"stdout","time":715.832156886,"data":"BIOHUB_RETENTION_GUARD {\"blended_candidates\": 335, \"dataset\": \"44b6_0b24845f\", \"frame\": 65, \"minimum_retention\": 0.9, \"primary_candidates\": 378, \"retention\": 0.8862433862433863, \"use_primary\": true}\n"}
,{"stream_name":"stdout","time":715.871293137,"data":"EDGE_TTA_ACTIVE views= 8 mean_abs_feat_delta= 0.343003\n"}
,{"stream_name":"stdout","time":715.871312779,"data":"SECONDARY_EDGE_TTA_ACTIVE views= 8 weight= 0.75 mean_abs_feat_delta= 0.299955\n"}
,{"stream_name":"stdout","time":715.871317755,"data":"BIOHUB_RETENTION_GUARD {\"blended_candidates\": 335, \"dataset\": \"44b6_0b24845f\", \"frame\": 65, \"minimum_retention\": 0.9, \"primary_candidates\": 378, \"retention\": 0.8862433862433863, \"use_primary\": true}\n"}
,{"stream_name":"stdout","time":716.583889986,"data":"SECONDARY_EDGE_TTA_ACTIVE views= 8 weight= 0.75 mean_abs_feat_delta= 0.261047\n"}
,{"stream_name":"stdout","time":716.786346293,"data":"SECONDARY_EDGE_TTA_ACTIVE views= 8 weight= 0.75 mean_abs_feat_delta= 0.261047\n"}
,{"stream_name":"stdout","time":716.946445632,"data":"EDGE_TTA_ACTIVE views= 8 mean_abs_feat_delta= 0.369253\n"}
,{"stream_name":"stdout","time":717.148626885,"data":"EDGE_TTA_ACTIVE views= 8 mean_abs_feat_delta= 0.369253\n"}
,{"stream_name":"stdout","time":717.609244679,"data":"EDGE_TTA_ACTIVE views= 8 mean_abs_feat_delta= 0.343125\n"}
,{"stream_name":"stdout","time":717.811832974,"data":"EDGE_TTA_ACTIVE views= 8 mean_abs_feat_delta= 0.343125\n"}
,{"stream_name":"stdout","time":717.936535002,"data":"SECONDARY_EDGE_TTA_ACTIVE views= 8 weight= 0.75 mean_abs_feat_delta= 0.296912\n"}
,{"stream_name":"stdout","time":717.94061027,"data":"BIOHUB_RETENTION_GUARD {\"blended_candidates\": 324, \"dataset\": \"44b6_0b24845f\", \"frame\": 66, \"minimum_retention\": 0.9, \"primary_candidates\": 375, \"retention\": 0.864, \"use_primary\": true}\n"}
,{"stream_name":"stdout","time":718.138879149,"data":"SECONDARY_EDGE_TTA_ACTIVE views= 8 weight= 0.75 mean_abs_feat_delta= 0.296912\n"}
,{"stream_name":"stdout","time":718.138913415,"data":"BIOHUB_RETENTION_GUARD {\"blended_candidates\": 324, \"dataset\": \"44b6_0b24845f\", \"frame\": 66, \"minimum_retention\": 0.9, \"primary_candidates\": 375, \"retention\": 0.864, \"use_primary\": true}\n"}
,{"stream_name":"stdout","time":718.52683571,"data":"SECONDARY_EDGE_TTA_ACTIVE views= 8 weight= 0.75 mean_abs_feat_delta= 0.257455\n"}
,{"stream_name":"stdout","time":718.729168338,"data":"SECONDARY_EDGE_TTA_ACTIVE views= 8 weight= 0.75 mean_abs_feat_delta= 0.257455\n"}
,{"stream_name":"stdout","time":719.057975441,"data":"EDGE_TTA_ACTIVE views= 8 mean_abs_feat_delta= 0.365768\n"}
,{"stream_name":"stdout","time":719.260438318,"data":"EDGE_TTA_ACTIVE views= 8 mean_abs_feat_delta= 0.365768\n"}
,{"stream_name":"stdout","time":719.551368974,"data":"EDGE_TTA_ACTIVE views= 8 mean_abs_feat_delta= 0.337095\n"}
,{"stream_name":"stdout","time":719.753975194,"data":"EDGE_TTA_ACTIVE views= 8 mean_abs_feat_delta= 0.337095\n"}
,{"stream_name":"stdout","time":720.050707142,"data":"SECONDARY_EDGE_TTA_ACTIVE views= 8 weight= 0.75 mean_abs_feat_delta= 0.291366\n"}
,{"stream_name":"stdout","time":720.252836419,"data":"SECONDARY_EDGE_TTA_ACTIVE views= 8 weight= 0.75 mean_abs_feat_delta= 0.291366\n"}
,{"stream_name":"stdout","time":720.470465053,"data":"SECONDARY_EDGE_TTA_ACTIVE views= 8 weight= 0.75 mean_abs_feat_delta= 0.254838\n"}
,{"stream_name":"stdout","time":720.672967901,"data":"SECONDARY_EDGE_TTA_ACTIVE views= 8 weight= 0.75 mean_abs_feat_delta= 0.254838\n"}
,{"stream_name":"stdout","time":721.161033246,"data":"EDGE_TTA_ACTIVE views= 8 mean_abs_feat_delta= 0.365075\n"}
,{"stream_name":"stdout","time":721.363601278,"data":"EDGE_TTA_ACTIVE views= 8 mean_abs_feat_delta= 0.365075\n"}
,{"stream_name":"stdout","time":721.499419878,"data":"EDGE_TTA_ACTIVE views= 8 mean_abs_feat_delta= 0.337123\n"}
,{"stream_name":"stdout","time":721.701702045,"data":"EDGE_TTA_ACTIVE views= 8 mean_abs_feat_delta= 0.337123\n"}
,{"stream_name":"stdout","time":722.150967154,"data":"SECONDARY_EDGE_TTA_ACTIVE views= 8 weight= 0.75 mean_abs_feat_delta= 0.293296\n"}
,{"stream_name":"stdout","time":722.353077143,"data":"SECONDARY_EDGE_TTA_ACTIVE views= 8 weight= 0.75 mean_abs_feat_delta= 0.293296\n"}
,{"stream_name":"stdout","time":722.419378683,"data":"SECONDARY_EDGE_TTA_ACTIVE views= 8 weight= 0.75 mean_abs_feat_delta= 0.260524\n"}
,{"stream_name":"stdout","time":722.62188243,"data":"SECONDARY_EDGE_TTA_ACTIVE views= 8 weight= 0.75 mean_abs_feat_delta= 0.260524\n"}
,{"stream_name":"stdout","time":723.263539635,"data":"EDGE_TTA_ACTIVE views= 8 mean_abs_feat_delta= 0.366016\n"}
,{"stream_name":"stdout","time":723.451996927,"data":"EDGE_TTA_ACTIVE views= 8 mean_abs_feat_delta= 0.338112\n"}
,{"stream_name":"stdout","time":723.491168434,"data":"EDGE_TTA_ACTIVE views= 8 mean_abs_feat_delta= 0.366016\n"}
,{"stream_name":"stdout","time":723.491188893,"data":"EDGE_TTA_ACTIVE views= 8 mean_abs_feat_delta= 0.338112\n"}
,{"stream_name":"stdout","time":724.243420994,"data":"SECONDARY_EDGE_TTA_ACTIVE views= 8 weight= 0.75 mean_abs_feat_delta= 0.301719\n"}
,{"stream_name":"stdout","time":724.378465492,"data":"SECONDARY_EDGE_TTA_ACTIVE views= 8 weight= 0.75 mean_abs_feat_delta= 0.262847\n"}
,{"stream_name":"stdout","time":724.445663962,"data":"SECONDARY_EDGE_TTA_ACTIVE views= 8 weight= 0.75 mean_abs_feat_delta= 0.301719\n"}
,{"stream_name":"stdout","time":724.445698015,"data":"SECONDARY_EDGE_TTA_ACTIVE views= 8 weight= 0.75 mean_abs_feat_delta= 0.262847\n"}
,{"stream_name":"stdout","time":725.352724023,"data":"EDGE_TTA_ACTIVE views= 8 mean_abs_feat_delta= 0.365231\n"}
,{"stream_name":"stdout","time":725.413796451,"data":"EDGE_TTA_ACTIVE views= 8 mean_abs_feat_delta= 0.338704\n"}
,{"stream_name":"stdout","time":725.555344136,"data":"EDGE_TTA_ACTIVE views= 8 mean_abs_feat_delta= 0.365231\n"}
,{"stream_name":"stdout","time":725.555376276,"data":"EDGE_TTA_ACTIVE views= 8 mean_abs_feat_delta= 0.338704\n"}
,{"stream_name":"stdout","time":726.326740561,"data":"SECONDARY_EDGE_TTA_ACTIVE views= 8 weight= 0.75 mean_abs_feat_delta= 0.301488\n"}
,{"stream_name":"stdout","time":726.331317143,"data":"BIOHUB_RETENTION_GUARD {\"blended_candidates\": 260, \"dataset\": \"44b6_0b24845f\", \"frame\": 70, \"minimum_retention\": 0.9, \"primary_candidates\": 305, \"retention\": 0.8524590163934426, \"use_primary\": true}\n"}
,{"stream_name":"stdout","time":726.337744819,"data":"SECONDARY_EDGE_TTA_ACTIVE views= 8 weight= 0.75 mean_abs_feat_delta= 0.260131\n"}
,{"stream_name":"stdout","time":726.528947912,"data":"SECONDARY_EDGE_TTA_ACTIVE views= 8 weight= 0.75 mean_abs_feat_delta= 0.301488\n"}
,{"stream_name":"stdout","time":726.528979881,"data":"BIOHUB_RETENTION_GUARD {\"blended_candidates\": 260, \"dataset\": \"44b6_0b24845f\", \"frame\": 70, \"minimum_retention\": 0.9, \"primary_candidates\": 305, \"retention\": 0.8524590163934426, \"use_primary\": true}\n"}
,{"stream_name":"stdout","time":726.528986454,"data":"SECONDARY_EDGE_TTA_ACTIVE views= 8 weight= 0.75 mean_abs_feat_delta= 0.260131\n"}
,{"stream_name":"stdout","time":727.385648558,"data":"EDGE_TTA_ACTIVE views= 8 mean_abs_feat_delta= 0.340176\n"}
,{"stream_name":"stdout","time":727.435581708,"data":"EDGE_TTA_ACTIVE views= 8 mean_abs_feat_delta= 0.36009\n"}
,{"stream_name":"stdout","time":727.588408327,"data":"EDGE_TTA_ACTIVE views= 8 mean_abs_feat_delta= 0.340176\n"}
,{"stream_name":"stdout","time":727.588461622,"data":"EDGE_TTA_ACTIVE views= 8 mean_abs_feat_delta= 0.36009\n"}
,{"stream_name":"stdout","time":728.314883273,"data":"SECONDARY_EDGE_TTA_ACTIVE views= 8 weight= 0.75 mean_abs_feat_delta= 0.256523\n"}
,{"stream_name":"stdout","time":728.415614305,"data":"SECONDARY_EDGE_TTA_ACTIVE views= 8 weight= 0.75 mean_abs_feat_delta= 0.299423\n"}
,{"stream_name":"stdout","time":728.517437387,"data":"SECONDARY_EDGE_TTA_ACTIVE views= 8 weight= 0.75 mean_abs_feat_delta= 0.256523\n"}
,{"stream_name":"stdout","time":728.517468186,"data":"SECONDARY_EDGE_TTA_ACTIVE views= 8 weight= 0.75 mean_abs_feat_delta= 0.299423\n"}
,{"stream_name":"stdout","time":729.345536456,"data":"EDGE_TTA_ACTIVE views= 8 mean_abs_feat_delta= 0.346094\n"}
,{"stream_name":"stdout","time":729.508535952,"data":"EDGE_TTA_ACTIVE views= 8 mean_abs_feat_delta= 0.360462\n"}
,{"stream_name":"stdout","time":729.547736456,"data":"EDGE_TTA_ACTIVE views= 8 mean_abs_feat_delta= 0.346094\n"}
,{"stream_name":"stdout","time":729.547799905,"data":"EDGE_TTA_ACTIVE views= 8 mean_abs_feat_delta= 0.360462\n"}
,{"stream_name":"stdout","time":730.273292732,"data":"SECONDARY_EDGE_TTA_ACTIVE views= 8 weight= 0.75 mean_abs_feat_delta= 0.265074\n"}
,{"stream_name":"stdout","time":730.475760901,"data":"SECONDARY_EDGE_TTA_ACTIVE views= 8 weight= 0.75 mean_abs_feat_delta= 0.265074\n"}
,{"stream_name":"stdout","time":730.481912589,"data":"SECONDARY_EDGE_TTA_ACTIVE views= 8 weight= 0.75 mean_abs_feat_delta= 0.301712\n"}
,{"stream_name":"stdout","time":730.684125111,"data":"SECONDARY_EDGE_TTA_ACTIVE views= 8 weight= 0.75 mean_abs_feat_delta= 0.301712\n"}
,{"stream_name":"stdout","time":731.311279682,"data":"EDGE_TTA_ACTIVE views= 8 mean_abs_feat_delta= 0.348292\n"}
,{"stream_name":"stdout","time":731.513744157,"data":"EDGE_TTA_ACTIVE views= 8 mean_abs_feat_delta= 0.348292\n"}
,{"stream_name":"stdout","time":731.577267549,"data":"EDGE_TTA_ACTIVE views= 8 mean_abs_feat_delta= 0.359757\n"}
,{"stream_name":"stdout","time":731.779598315,"data":"EDGE_TTA_ACTIVE views= 8 mean_abs_feat_delta= 0.359757\n"}
,{"stream_name":"stdout","time":732.24056419,"data":"SECONDARY_EDGE_TTA_ACTIVE views= 8 weight= 0.75 mean_abs_feat_delta= 0.26712\n"}
,{"stream_name":"stdout","time":732.442697715,"data":"SECONDARY_EDGE_TTA_ACTIVE views= 8 weight= 0.75 mean_abs_feat_delta= 0.26712\n"}
,{"stream_name":"stdout","time":732.551866189,"data":"SECONDARY_EDGE_TTA_ACTIVE views= 8 weight= 0.75 mean_abs_feat_delta= 0.305584\n"}
,{"stream_name":"stdout","time":732.556226937,"data":"BIOHUB_RETENTION_GUARD {\"blended_candidates\": 197, \"dataset\": \"44b6_0b24845f\", \"frame\": 73, \"minimum_retention\": 0.9, \"primary_candidates\": 262, \"retention\": 0.7519083969465649, \"use_primary\": true}\n"}
,{"stream_name":"stdout","time":732.754210221,"data":"SECONDARY_EDGE_TTA_ACTIVE views= 8 weight= 0.75 mean_abs_feat_delta= 0.305584\n"}
,{"stream_name":"stdout","time":732.754244723,"data":"BIOHUB_RETENTION_GUARD {\"blended_candidates\": 197, \"dataset\": \"44b6_0b24845f\", \"frame\": 73, \"minimum_retention\": 0.9, \"primary_candidates\": 262, \"retention\": 0.7519083969465649, \"use_primary\": true}\n"}
,{"stream_name":"stdout","time":733.2800156,"data":"EDGE_TTA_ACTIVE views= 8 mean_abs_feat_delta= 0.344312\n"}
,{"stream_name":"stdout","time":733.482216529,"data":"EDGE_TTA_ACTIVE views= 8 mean_abs_feat_delta= 0.344312\n"}
,{"stream_name":"stdout","time":733.658919727,"data":"EDGE_TTA_ACTIVE views= 8 mean_abs_feat_delta= 0.368022\n"}
,{"stream_name":"stdout","time":733.861118287,"data":"EDGE_TTA_ACTIVE views= 8 mean_abs_feat_delta= 0.368022\n"}
,{"stream_name":"stdout","time":734.215209681,"data":"SECONDARY_EDGE_TTA_ACTIVE views= 8 weight= 0.75 mean_abs_feat_delta= 0.263739\n"}
,{"stream_name":"stdout","time":734.417733697,"data":"SECONDARY_EDGE_TTA_ACTIVE views= 8 weight= 0.75 mean_abs_feat_delta= 0.263739\n"}
,{"stream_name":"stdout","time":734.630438902,"data":"SECONDARY_EDGE_TTA_ACTIVE views= 8 weight= 0.75 mean_abs_feat_delta= 0.304789\n"}
,{"stream_name":"stdout","time":734.634639108,"data":"BIOHUB_RETENTION_GUARD {\"blended_candidates\": 224, \"dataset\": \"44b6_0b24845f\", \"frame\": 74, \"minimum_retention\": 0.9, \"primary_candidates\": 291, \"retention\": 0.7697594501718213, \"use_primary\": true}\n"}
,{"stream_name":"stdout","time":734.83310274,"data":"SECONDARY_EDGE_TTA_ACTIVE views= 8 weight= 0.75 mean_abs_feat_delta= 0.304789\n"}
,{"stream_name":"stdout","time":734.833208136,"data":"BIOHUB_RETENTION_GUARD {\"blended_candidates\": 224, \"dataset\": \"44b6_0b24845f\", \"frame\": 74, \"minimum_retention\": 0.9, \"primary_candidates\": 291, \"retention\": 0.7697594501718213, \"use_primary\": true}\n"}
,{"stream_name":"stdout","time":735.289377597,"data":"EDGE_TTA_ACTIVE views= 8 mean_abs_feat_delta= 0.341477\n"}
,{"stream_name":"stdout","time":735.491924682,"data":"EDGE_TTA_ACTIVE views= 8 mean_abs_feat_delta= 0.341477\n"}
,{"stream_name":"stdout","time":735.771600579,"data":"EDGE_TTA_ACTIVE views= 8 mean_abs_feat_delta= 0.358754\n"}
,{"stream_name":"stdout","time":735.973913073,"data":"EDGE_TTA_ACTIVE views= 8 mean_abs_feat_delta= 0.358754\n"}
,{"stream_name":"stdout","time":736.22419766,"data":"SECONDARY_EDGE_TTA_ACTIVE views= 8 weight= 0.75 mean_abs_feat_delta= 0.262727\n"}
,{"stream_name":"stdout","time":736.426832542,"data":"SECONDARY_EDGE_TTA_ACTIVE views= 8 weight= 0.75 mean_abs_feat_delta= 0.262727\n"}
,{"stream_name":"stdout","time":736.745101964,"data":"SECONDARY_EDGE_TTA_ACTIVE views= 8 weight= 0.75 mean_abs_feat_delta= 0.299735\n"}
,{"stream_name":"stdout","time":736.749835264,"data":"BIOHUB_RETENTION_GUARD {\"blended_candidates\": 325, \"dataset\": \"44b6_0b24845f\", \"frame\": 75, \"minimum_retention\": 0.9, \"primary_candidates\": 374, \"retention\": 0.8689839572192514, \"use_primary\": true}\n"}
,{"stream_name":"stdout","time":736.947644129,"data":"SECONDARY_EDGE_TTA_ACTIVE views= 8 weight= 0.75 mean_abs_feat_delta= 0.299735\n"}
,{"stream_name":"stdout","time":736.947691428,"data":"BIOHUB_RETENTION_GUARD {\"blended_candidates\": 325, \"dataset\": \"44b6_0b24845f\", \"frame\": 75, \"minimum_retention\": 0.9, \"primary_candidates\": 374, \"retention\": 0.8689839572192514, \"use_primary\": true}\n"}
,{"stream_name":"stdout","time":737.279582566,"data":"EDGE_TTA_ACTIVE views= 8 mean_abs_feat_delta= 0.34091\n"}
,{"stream_name":"stdout","time":737.482006818,"data":"EDGE_TTA_ACTIVE views= 8 mean_abs_feat_delta= 0.34091\n"}
,{"stream_name":"stdout","time":737.866426666,"data":"EDGE_TTA_ACTIVE views= 8 mean_abs_feat_delta= 0.358919\n"}
,{"stream_name":"stdout","time":738.068798183,"data":"EDGE_TTA_ACTIVE views= 8 mean_abs_feat_delta= 0.358919\n"}
,{"stream_name":"stdout","time":738.218094514,"data":"SECONDARY_EDGE_TTA_ACTIVE views= 8 weight= 0.75 mean_abs_feat_delta= 0.256411\n"}
,{"stream_name":"stdout","time":738.420562724,"data":"SECONDARY_EDGE_TTA_ACTIVE views= 8 weight= 0.75 mean_abs_feat_delta= 0.256411\n"}
,{"stream_name":"stdout","time":738.838060681,"data":"SECONDARY_EDGE_TTA_ACTIVE views= 8 weight= 0.75 mean_abs_feat_delta= 0.295727\n"}
,{"stream_name":"stdout","time":738.842347368,"data":"BIOHUB_RETENTION_GUARD {\"blended_candidates\": 321, \"dataset\": \"44b6_0b24845f\", \"frame\": 76, \"minimum_retention\": 0.9, \"primary_candidates\": 379, \"retention\": 0.8469656992084432, \"use_primary\": true}\n"}
,{"stream_name":"stdout","time":739.040539434,"data":"SECONDARY_EDGE_TTA_ACTIVE views= 8 weight= 0.75 mean_abs_feat_delta= 0.295727\n"}
,{"stream_name":"stdout","time":739.040596936,"data":"BIOHUB_RETENTION_GUARD {\"blended_candidates\": 321, \"dataset\": \"44b6_0b24845f\", \"frame\": 76, \"minimum_retention\": 0.9, \"primary_candidates\": 379, \"retention\": 0.8469656992084432, \"use_primary\": true}\n"}
,{"stream_name":"stdout","time":739.275816226,"data":"EDGE_TTA_ACTIVE views= 8 mean_abs_feat_delta= 0.337156\n"}
,{"stream_name":"stdout","time":739.477938985,"data":"EDGE_TTA_ACTIVE views= 8 mean_abs_feat_delta= 0.337156\n"}
,{"stream_name":"stdout","time":739.945391605,"data":"EDGE_TTA_ACTIVE views= 8 mean_abs_feat_delta= 0.361097\n"}
,{"stream_name":"stdout","time":740.147842231,"data":"EDGE_TTA_ACTIVE views= 8 mean_abs_feat_delta= 0.361097\n"}
,{"stream_name":"stdout","time":740.214302126,"data":"SECONDARY_EDGE_TTA_ACTIVE views= 8 weight= 0.75 mean_abs_feat_delta= 0.260031\n"}
,{"stream_name":"stdout","time":740.416825171,"data":"SECONDARY_EDGE_TTA_ACTIVE views= 8 weight= 0.75 mean_abs_feat_delta= 0.260031\n"}
,{"stream_name":"stdout","time":740.910089366,"data":"SECONDARY_EDGE_TTA_ACTIVE views= 8 weight= 0.75 mean_abs_feat_delta= 0.301815\n"}
,{"stream_name":"stdout","time":740.914154042,"data":"BIOHUB_RETENTION_GUARD {\"blended_candidates\": 243, \"dataset\": \"44b6_0b24845f\", \"frame\": 77, \"minimum_retention\": 0.9, \"primary_candidates\": 331, \"retention\": 0.7341389728096677, \"use_primary\": true}\n"}
,{"stream_name":"stdout","time":741.11294339,"data":"SECONDARY_EDGE_TTA_ACTIVE views= 8 weight= 0.75 mean_abs_feat_delta= 0.301815\n"}
,{"stream_name":"stdout","time":741.11297887,"data":"BIOHUB_RETENTION_GUARD {\"blended_candidates\": 243, \"dataset\": \"44b6_0b24845f\", \"frame\": 77, \"minimum_retention\": 0.9, \"primary_candidates\": 331, \"retention\": 0.7341389728096677, \"use_primary\": true}\n"}
,{"stream_name":"stdout","time":741.270275692,"data":"EDGE_TTA_ACTIVE views= 8 mean_abs_feat_delta= 0.339841\n"}
,{"stream_name":"stdout","time":741.472547131,"data":"EDGE_TTA_ACTIVE views= 8 mean_abs_feat_delta= 0.339841\n"}
,{"stream_name":"stdout","time":742.045155107,"data":"EDGE_TTA_ACTIVE views= 8 mean_abs_feat_delta= 0.36529\n"}
,{"stream_name":"stdout","time":742.213493029,"data":"SECONDARY_EDGE_TTA_ACTIVE views= 8 weight= 0.75 mean_abs_feat_delta= 0.262153\n"}
,{"stream_name":"stdout","time":742.247603976,"data":"EDGE_TTA_ACTIVE views= 8 mean_abs_feat_delta= 0.36529\n"}
,{"stream_name":"stdout","time":742.247624246,"data":"SECONDARY_EDGE_TTA_ACTIVE views= 8 weight= 0.75 mean_abs_feat_delta= 0.262153\n"}
,{"stream_name":"stdout","time":743.014623541,"data":"SECONDARY_EDGE_TTA_ACTIVE views= 8 weight= 0.75 mean_abs_feat_delta= 0.305391\n"}
,{"stream_name":"stdout","time":743.018549686,"data":"BIOHUB_RETENTION_GUARD {\"blended_candidates\": 284, \"dataset\": \"44b6_0b24845f\", \"frame\": 78, \"minimum_retention\": 0.9, \"primary_candidates\": 392, \"retention\": 0.7244897959183674, \"use_primary\": true}\n"}
,{"stream_name":"stdout","time":743.217040159,"data":"SECONDARY_EDGE_TTA_ACTIVE views= 8 weight= 0.75 mean_abs_feat_delta= 0.305391\n"}
,{"stream_name":"stdout","time":743.217096867,"data":"BIOHUB_RETENTION_GUARD {\"blended_candidates\": 284, \"dataset\": \"44b6_0b24845f\", \"frame\": 78, \"minimum_retention\": 0.9, \"primary_candidates\": 392, \"retention\": 0.7244897959183674, \"use_primary\": true}\n"}
,{"stream_name":"stdout","time":743.271439546,"data":"EDGE_TTA_ACTIVE views= 8 mean_abs_feat_delta= 0.34054\n"}
,{"stream_name":"stdout","time":743.473833909,"data":"EDGE_TTA_ACTIVE views= 8 mean_abs_feat_delta= 0.34054\n"}
,{"stream_name":"stdout","time":744.131730216,"data":"EDGE_TTA_ACTIVE views= 8 mean_abs_feat_delta= 0.365892\n"}
,{"stream_name":"stdout","time":744.218867284,"data":"SECONDARY_EDGE_TTA_ACTIVE views= 8 weight= 0.75 mean_abs_feat_delta= 0.258925\n"}
,{"stream_name":"stdout","time":744.334253579,"data":"EDGE_TTA_ACTIVE views= 8 mean_abs_feat_delta= 0.365892\n"}
,{"stream_name":"stdout","time":744.334282394,"data":"SECONDARY_EDGE_TTA_ACTIVE views= 8 weight= 0.75 mean_abs_feat_delta= 0.258925\n"}
,{"stream_name":"stdout","time":745.099165158,"data":"SECONDARY_EDGE_TTA_ACTIVE views= 8 weight= 0.75 mean_abs_feat_delta= 0.302826\n"}
,{"stream_name":"stdout","time":745.103473021,"data":"BIOHUB_RETENTION_GUARD {\"blended_candidates\": 298, \"dataset\": \"44b6_0b24845f\", \"frame\": 79, \"minimum_retention\": 0.9, \"primary_candidates\": 424, \"retention\": 0.7028301886792453, \"use_primary\": true}\n"}
,{"stream_name":"stdout","time":745.294703465,"data":"EDGE_TTA_ACTIVE views= 8 mean_abs_feat_delta= 0.345761\n"}
,{"stream_name":"stdout","time":745.30327757,"data":"SECONDARY_EDGE_TTA_ACTIVE views= 8 weight= 0.75 mean_abs_feat_delta= 0.302826\n"}
,{"stream_name":"stdout","time":745.303327106,"data":"BIOHUB_RETENTION_GUARD {\"blended_candidates\": 298, \"dataset\": \"44b6_0b24845f\", \"frame\": 79, \"minimum_retention\": 0.9, \"primary_candidates\": 424, \"retention\": 0.7028301886792453, \"use_primary\": true}\n"}
,{"stream_name":"stdout","time":745.303335656,"data":"EDGE_TTA_ACTIVE views= 8 mean_abs_feat_delta= 0.345761\n"}
,{"stream_name":"stdout","time":746.227377211,"data":"EDGE_TTA_ACTIVE views= 8 mean_abs_feat_delta= 0.365633\n"}
,{"stream_name":"stdout","time":746.239807349,"data":"SECONDARY_EDGE_TTA_ACTIVE views= 8 weight= 0.75 mean_abs_feat_delta= 0.260799\n"}
,{"stream_name":"stdout","time":746.429978396,"data":"EDGE_TTA_ACTIVE views= 8 mean_abs_feat_delta= 0.365633\n"}
,{"stream_name":"stdout","time":746.430013582,"data":"SECONDARY_EDGE_TTA_ACTIVE views= 8 weight= 0.75 mean_abs_feat_delta= 0.260799\n"}
,{"stream_name":"stdout","time":747.192490236,"data":"SECONDARY_EDGE_TTA_ACTIVE views= 8 weight= 0.75 mean_abs_feat_delta= 0.303473\n"}
,{"stream_name":"stdout","time":747.196703138,"data":"BIOHUB_RETENTION_GUARD {\"blended_candidates\": 291, \"dataset\": \"44b6_0b24845f\", \"frame\": 80, \"minimum_retention\": 0.9, \"primary_candidates\": 388, \"retention\": 0.75, \"use_primary\": true}\n"}
,{"stream_name":"stdout","time":747.295495781,"data":"EDGE_TTA_ACTIVE views= 8 mean_abs_feat_delta= 0.34535\n"}
,{"stream_name":"stdout","time":747.395691579,"data":"SECONDARY_EDGE_TTA_ACTIVE views= 8 weight= 0.75 mean_abs_feat_delta= 0.303473\n"}
,{"stream_name":"stdout","time":747.395764306,"data":"BIOHUB_RETENTION_GUARD {\"blended_candidates\": 291, \"dataset\": \"44b6_0b24845f\", \"frame\": 80, \"minimum_retention\": 0.9, \"primary_candidates\": 388, \"retention\": 0.75, \"use_primary\": true}\n"}
,{"stream_name":"stdout","time":747.395774938,"data":"EDGE_TTA_ACTIVE views= 8 mean_abs_feat_delta= 0.34535\n"}
,{"stream_name":"stdout","time":748.243934464,"data":"SECONDARY_EDGE_TTA_ACTIVE views= 8 weight= 0.75 mean_abs_feat_delta= 0.261693\n"}
,{"stream_name":"stdout","time":748.327392929,"data":"EDGE_TTA_ACTIVE views= 8 mean_abs_feat_delta= 0.369442\n"}
,{"stream_name":"stdout","time":748.446400191,"data":"SECONDARY_EDGE_TTA_ACTIVE views= 8 weight= 0.75 mean_abs_feat_delta= 0.261693\n"}
,{"stream_name":"stdout","time":748.446451363,"data":"EDGE_TTA_ACTIVE views= 8 mean_abs_feat_delta= 0.369442\n"}
,{"stream_name":"stdout","time":749.288310224,"data":"SECONDARY_EDGE_TTA_ACTIVE views= 8 weight= 0.75 mean_abs_feat_delta= 0.308215\n"}
,{"stream_name":"stdout","time":749.292475288,"data":"BIOHUB_RETENTION_GUARD {\"blended_candidates\": 294, \"dataset\": \"44b6_0b24845f\", \"frame\": 81, \"minimum_retention\": 0.9, \"primary_candidates\": 382, \"retention\": 0.7696335078534031, \"use_primary\": true}\n"}
,{"stream_name":"stdout","time":749.304875788,"data":"EDGE_TTA_ACTIVE views= 8 mean_abs_feat_delta= 0.345018\n"}
,{"stream_name":"stdout","time":749.490882481,"data":"SECONDARY_EDGE_TTA_ACTIVE views= 8 weight= 0.75 mean_abs_feat_delta= 0.308215\n"}
,{"stream_name":"stdout","time":749.490918482,"data":"BIOHUB_RETENTION_GUARD {\"blended_candidates\": 294, \"dataset\": \"44b6_0b24845f\", \"frame\": 81, \"minimum_retention\": 0.9, \"primary_candidates\": 382, \"retention\": 0.7696335078534031, \"use_primary\": true}\n"}
,{"stream_name":"stdout","time":749.490925625,"data":"EDGE_TTA_ACTIVE views= 8 mean_abs_feat_delta= 0.345018\n"}
,{"stream_name":"stdout","time":750.257807692,"data":"SECONDARY_EDGE_TTA_ACTIVE views= 8 weight= 0.75 mean_abs_feat_delta= 0.264586\n"}
,{"stream_name":"stdout","time":750.381089,"data":"EDGE_TTA_ACTIVE views= 8 mean_abs_feat_delta= 0.373979\n"}
,{"stream_name":"stdout","time":750.460166114,"data":"SECONDARY_EDGE_TTA_ACTIVE views= 8 weight= 0.75 mean_abs_feat_delta= 0.264586\n"}
,{"stream_name":"stdout","time":750.460197359,"data":"EDGE_TTA_ACTIVE views= 8 mean_abs_feat_delta= 0.373979\n"}
,{"stream_name":"stdout","time":751.324070471,"data":"EDGE_TTA_ACTIVE views= 8 mean_abs_feat_delta= 0.339492\n"}
,{"stream_name":"stdout","time":751.341512831,"data":"SECONDARY_EDGE_TTA_ACTIVE views= 8 weight= 0.75 mean_abs_feat_delta= 0.312577\n"}
,{"stream_name":"stdout","time":751.345776319,"data":"BIOHUB_RETENTION_GUARD {\"blended_candidates\": 277, \"dataset\": \"44b6_0b24845f\", \"frame\": 82, \"minimum_retention\": 0.9, \"primary_candidates\": 385, \"retention\": 0.7194805194805195, \"use_primary\": true}\n"}
,{"stream_name":"stdout","time":751.527028847,"data":"EDGE_TTA_ACTIVE views= 8 mean_abs_feat_delta= 0.339492\n"}
,{"stream_name":"stdout","time":751.527060493,"data":"SECONDARY_EDGE_TTA_ACTIVE views= 8 weight= 0.75 mean_abs_feat_delta= 0.312577\n"}
,{"stream_name":"stdout","time":751.527067143,"data":"BIOHUB_RETENTION_GUARD {\"blended_candidates\": 277, \"dataset\": \"44b6_0b24845f\", \"frame\": 82, \"minimum_retention\": 0.9, \"primary_candidates\": 385, \"retention\": 0.7194805194805195, \"use_primary\": true}\n"}
,{"stream_name":"stdout","time":752.279294744,"data":"SECONDARY_EDGE_TTA_ACTIVE views= 8 weight= 0.75 mean_abs_feat_delta= 0.262994\n"}
,{"stream_name":"stdout","time":752.441134727,"data":"EDGE_TTA_ACTIVE views= 8 mean_abs_feat_delta= 0.365009\n"}
,{"stream_name":"stdout","time":752.481737581,"data":"SECONDARY_EDGE_TTA_ACTIVE views= 8 weight= 0.75 mean_abs_feat_delta= 0.262994\n"}
,{"stream_name":"stdout","time":752.481774925,"data":"EDGE_TTA_ACTIVE views= 8 mean_abs_feat_delta= 0.365009\n"}
,{"stream_name":"stdout","time":753.346546742,"data":"EDGE_TTA_ACTIVE views= 8 mean_abs_feat_delta= 0.333718\n"}
,{"stream_name":"stdout","time":753.402915923,"data":"SECONDARY_EDGE_TTA_ACTIVE views= 8 weight= 0.75 mean_abs_feat_delta= 0.311063\n"}
,{"stream_name":"stdout","time":753.407112752,"data":"BIOHUB_RETENTION_GUARD {\"blended_candidates\": 268, \"dataset\": \"44b6_0b24845f\", \"frame\": 83, \"minimum_retention\": 0.9, \"primary_candidates\": 379, \"retention\": 0.7071240105540897, \"use_primary\": true}\n"}
,{"stream_name":"stdout","time":753.576895821,"data":"EDGE_TTA_ACTIVE views= 8 mean_abs_feat_delta= 0.333718\n"}
,{"stream_name":"stdout","time":753.576949274,"data":"SECONDARY_EDGE_TTA_ACTIVE views= 8 weight= 0.75 mean_abs_feat_delta= 0.311063\n"}
,{"stream_name":"stdout","time":753.57695622,"data":"BIOHUB_RETENTION_GUARD {\"blended_candidates\": 268, \"dataset\": \"44b6_0b24845f\", \"frame\": 83, \"minimum_retention\": 0.9, \"primary_candidates\": 379, \"retention\": 0.7071240105540897, \"use_primary\": true}\n"}
,{"stream_name":"stdout","time":754.306370923,"data":"SECONDARY_EDGE_TTA_ACTIVE views= 8 weight= 0.75 mean_abs_feat_delta= 0.257147\n"}
,{"stream_name":"stdout","time":754.508891328,"data":"SECONDARY_EDGE_TTA_ACTIVE views= 8 weight= 0.75 mean_abs_feat_delta= 0.257147\n"}
,{"stream_name":"stdout","time":754.513364156,"data":"EDGE_TTA_ACTIVE views= 8 mean_abs_feat_delta= 0.36654\n"}
,{"stream_name":"stdout","time":754.715969995,"data":"EDGE_TTA_ACTIVE views= 8 mean_abs_feat_delta= 0.36654\n"}
,{"stream_name":"stdout","time":755.355308305,"data":"EDGE_TTA_ACTIVE views= 8 mean_abs_feat_delta= 0.334199\n"}
,{"stream_name":"stdout","time":755.474520346,"data":"SECONDARY_EDGE_TTA_ACTIVE views= 8 weight= 0.75 mean_abs_feat_delta= 0.311139\n"}
,{"stream_name":"stdout","time":755.478776192,"data":"BIOHUB_RETENTION_GUARD {\"blended_candidates\": 287, \"dataset\": \"44b6_0b24845f\", \"frame\": 84, \"minimum_retention\": 0.9, \"primary_candidates\": 361, \"retention\": 0.7950138504155124, \"use_primary\": true}\n"}
,{"stream_name":"stdout","time":755.557953783,"data":"EDGE_TTA_ACTIVE views= 8 mean_abs_feat_delta= 0.334199\n"}
,{"stream_name":"stdout","time":755.557975656,"data":"SECONDARY_EDGE_TTA_ACTIVE views= 8 weight= 0.75 mean_abs_feat_delta= 0.311139\n"}
,{"stream_name":"stdout","time":755.557981377,"data":"BIOHUB_RETENTION_GUARD {\"blended_candidates\": 287, \"dataset\": \"44b6_0b24845f\", \"frame\": 84, \"minimum_retention\": 0.9, \"primary_candidates\": 361, \"retention\": 0.7950138504155124, \"use_primary\": true}\n"}
,{"stream_name":"stdout","time":756.32754702,"data":"SECONDARY_EDGE_TTA_ACTIVE views= 8 weight= 0.75 mean_abs_feat_delta= 0.259374\n"}
,{"stream_name":"stdout","time":756.530232186,"data":"SECONDARY_EDGE_TTA_ACTIVE views= 8 weight= 0.75 mean_abs_feat_delta= 0.259374\n"}
,{"stream_name":"stdout","time":756.580656298,"data":"EDGE_TTA_ACTIVE views= 8 mean_abs_feat_delta= 0.364996\n"}
,{"stream_name":"stdout","time":756.783068284,"data":"EDGE_TTA_ACTIVE views= 8 mean_abs_feat_delta= 0.364996\n"}
,{"stream_name":"stdout","time":757.403449772,"data":"EDGE_TTA_ACTIVE views= 8 mean_abs_feat_delta= 0.338008\n"}
,{"stream_name":"stdout","time":757.53858103,"data":"SECONDARY_EDGE_TTA_ACTIVE views= 8 weight= 0.75 mean_abs_feat_delta= 0.312248\n"}
,{"stream_name":"stdout","time":757.543213751,"data":"BIOHUB_RETENTION_GUARD {\"blended_candidates\": 198, \"dataset\": \"44b6_0b24845f\", \"frame\": 85, \"minimum_retention\": 0.9, \"primary_candidates\": 294, \"retention\": 0.673469387755102, \"use_primary\": true}\n"}
,{"stream_name":"stdout","time":757.605805753,"data":"EDGE_TTA_ACTIVE views= 8 mean_abs_feat_delta= 0.338008\n"}
,{"stream_name":"stdout","time":757.605843254,"data":"SECONDARY_EDGE_TTA_ACTIVE views= 8 weight= 0.75 mean_abs_feat_delta= 0.312248\n"}
,{"stream_name":"stdout","time":757.605850511,"data":"BIOHUB_RETENTION_GUARD {\"blended_candidates\": 198, \"dataset\": \"44b6_0b24845f\", \"frame\": 85, \"minimum_retention\": 0.9, \"primary_candidates\": 294, \"retention\": 0.673469387755102, \"use_primary\": true}\n"}
,{"stream_name":"stdout","time":758.362376814,"data":"SECONDARY_EDGE_TTA_ACTIVE views= 8 weight= 0.75 mean_abs_feat_delta= 0.257413\n"}
,{"stream_name":"stdout","time":758.564672021,"data":"SECONDARY_EDGE_TTA_ACTIVE views= 8 weight= 0.75 mean_abs_feat_delta= 0.257413\n"}
,{"stream_name":"stdout","time":758.627768755,"data":"EDGE_TTA_ACTIVE views= 8 mean_abs_feat_delta= 0.364819\n"}
,{"stream_name":"stdout","time":758.830043648,"data":"EDGE_TTA_ACTIVE views= 8 mean_abs_feat_delta= 0.364819\n"}
,{"stream_name":"stdout","time":759.453681426,"data":"EDGE_TTA_ACTIVE views= 8 mean_abs_feat_delta= 0.338144\n"}
,{"stream_name":"stdout","time":759.585415188,"data":"SECONDARY_EDGE_TTA_ACTIVE views= 8 weight= 0.75 mean_abs_feat_delta= 0.317294\n"}
,{"stream_name":"stdout","time":759.589608543,"data":"BIOHUB_RETENTION_GUARD {\"blended_candidates\": 169, \"dataset\": \"44b6_0b24845f\", \"frame\": 86, \"minimum_retention\": 0.9, \"primary_candidates\": 282, \"retention\": 0.599290780141844, \"use_primary\": true}\n"}
,{"stream_name":"stdout","time":759.655812841,"data":"EDGE_TTA_ACTIVE views= 8 mean_abs_feat_delta= 0.338144\n"}
,{"stream_name":"stdout","time":759.655833249,"data":"SECONDARY_EDGE_TTA_ACTIVE views= 8 weight= 0.75 mean_abs_feat_delta= 0.317294\n"}
,{"stream_name":"stdout","time":759.655837947,"data":"BIOHUB_RETENTION_GUARD {\"blended_candidates\": 169, \"dataset\": \"44b6_0b24845f\", \"frame\": 86, \"minimum_retention\": 0.9, \"primary_candidates\": 282, \"retention\": 0.599290780141844, \"use_primary\": true}\n"}
,{"stream_name":"stdout","time":760.42435118,"data":"SECONDARY_EDGE_TTA_ACTIVE views= 8 weight= 0.75 mean_abs_feat_delta= 0.257555\n"}
,{"stream_name":"stdout","time":760.626815302,"data":"SECONDARY_EDGE_TTA_ACTIVE views= 8 weight= 0.75 mean_abs_feat_delta= 0.257555\n"}
,{"stream_name":"stdout","time":760.666349604,"data":"EDGE_TTA_ACTIVE views= 8 mean_abs_feat_delta= 0.360555\n"}
,{"stream_name":"stdout","time":760.868794086,"data":"EDGE_TTA_ACTIVE views= 8 mean_abs_feat_delta= 0.360555\n"}
,{"stream_name":"stdout","time":761.498093626,"data":"EDGE_TTA_ACTIVE views= 8 mean_abs_feat_delta= 0.336404\n"}
,{"stream_name":"stdout","time":761.622891177,"data":"SECONDARY_EDGE_TTA_ACTIVE views= 8 weight= 0.75 mean_abs_feat_delta= 0.318325\n"}
,{"stream_name":"stdout","time":761.627404225,"data":"BIOHUB_RETENTION_GUARD {\"blended_candidates\": 232, \"dataset\": \"44b6_0b24845f\", \"frame\": 87, \"minimum_retention\": 0.9, \"primary_candidates\": 323, \"retention\": 0.718266253869969, \"use_primary\": true}\n"}
,{"stream_name":"stdout","time":761.70062614,"data":"EDGE_TTA_ACTIVE views= 8 mean_abs_feat_delta= 0.336404\n"}
,{"stream_name":"stdout","time":761.700677486,"data":"SECONDARY_EDGE_TTA_ACTIVE views= 8 weight= 0.75 mean_abs_feat_delta= 0.318325\n"}
,{"stream_name":"stdout","time":761.700683862,"data":"BIOHUB_RETENTION_GUARD {\"blended_candidates\": 232, \"dataset\": \"44b6_0b24845f\", \"frame\": 87, \"minimum_retention\": 0.9, \"primary_candidates\": 323, \"retention\": 0.718266253869969, \"use_primary\": true}\n"}
,{"stream_name":"stdout","time":762.469973669,"data":"SECONDARY_EDGE_TTA_ACTIVE views= 8 weight= 0.75 mean_abs_feat_delta= 0.253368\n"}
,{"stream_name":"stdout","time":762.672670675,"data":"SECONDARY_EDGE_TTA_ACTIVE views= 8 weight= 0.75 mean_abs_feat_delta= 0.253368\n"}
,{"stream_name":"stdout","time":762.702454432,"data":"EDGE_TTA_ACTIVE views= 8 mean_abs_feat_delta= 0.367991\n"}
,{"stream_name":"stdout","time":762.904777651,"data":"EDGE_TTA_ACTIVE views= 8 mean_abs_feat_delta= 0.367991\n"}
,{"stream_name":"stdout","time":763.542427836,"data":"EDGE_TTA_ACTIVE views= 8 mean_abs_feat_delta= 0.336923\n"}
,{"stream_name":"stdout","time":763.660150966,"data":"SECONDARY_EDGE_TTA_ACTIVE views= 8 weight= 0.75 mean_abs_feat_delta= 0.319785\n"}
,{"stream_name":"stdout","time":763.664423936,"data":"BIOHUB_RETENTION_GUARD {\"blended_candidates\": 287, \"dataset\": \"44b6_0b24845f\", \"frame\": 88, \"minimum_retention\": 0.9, \"primary_candidates\": 363, \"retention\": 0.790633608815427, \"use_primary\": true}\n"}
,{"stream_name":"stdout","time":763.74449827,"data":"EDGE_TTA_ACTIVE views= 8 mean_abs_feat_delta= 0.336923\n"}
,{"stream_name":"stdout","time":763.744520787,"data":"SECONDARY_EDGE_TTA_ACTIVE views= 8 weight= 0.75 mean_abs_feat_delta= 0.319785\n"}
,{"stream_name":"stdout","time":763.744527069,"data":"BIOHUB_RETENTION_GUARD {\"blended_candidates\": 287, \"dataset\": \"44b6_0b24845f\", \"frame\": 88, \"minimum_retention\": 0.9, \"primary_candidates\": 363, \"retention\": 0.790633608815427, \"use_primary\": true}\n"}
,{"stream_name":"stdout","time":764.514627749,"data":"SECONDARY_EDGE_TTA_ACTIVE views= 8 weight= 0.75 mean_abs_feat_delta= 0.253968\n"}
,{"stream_name":"stdout","time":764.717193856,"data":"SECONDARY_EDGE_TTA_ACTIVE views= 8 weight= 0.75 mean_abs_feat_delta= 0.253968\n"}
,{"stream_name":"stdout","time":764.764150009,"data":"EDGE_TTA_ACTIVE views= 8 mean_abs_feat_delta= 0.374613\n"}
,{"stream_name":"stdout","time":764.966321887,"data":"EDGE_TTA_ACTIVE views= 8 mean_abs_feat_delta= 0.374613\n"}
,{"stream_name":"stdout","time":765.606258198,"data":"EDGE_TTA_ACTIVE views= 8 mean_abs_feat_delta= 0.340204\n"}
,{"stream_name":"stdout","time":765.723669671,"data":"SECONDARY_EDGE_TTA_ACTIVE views= 8 weight= 0.75 mean_abs_feat_delta= 0.325312\n"}
,{"stream_name":"stdout","time":765.727866363,"data":"BIOHUB_RETENTION_GUARD {\"blended_candidates\": 219, \"dataset\": \"44b6_0b24845f\", \"frame\": 89, \"minimum_retention\": 0.9, \"primary_candidates\": 322, \"retention\": 0.6801242236024845, \"use_primary\": true}\n"}
,{"stream_name":"stdout","time":765.808784969,"data":"EDGE_TTA_ACTIVE views= 8 mean_abs_feat_delta= 0.340204\n"}
,{"stream_name":"stdout","time":765.808806026,"data":"SECONDARY_EDGE_TTA_ACTIVE views= 8 weight= 0.75 mean_abs_feat_delta= 0.325312\n"}
,{"stream_name":"stdout","time":765.808811731,"data":"BIOHUB_RETENTION_GUARD {\"blended_candidates\": 219, \"dataset\": \"44b6_0b24845f\", \"frame\": 89, \"minimum_retention\": 0.9, \"primary_candidates\": 322, \"retention\": 0.6801242236024845, \"use_primary\": true}\n"}
,{"stream_name":"stdout","time":766.581096662,"data":"SECONDARY_EDGE_TTA_ACTIVE views= 8 weight= 0.75 mean_abs_feat_delta= 0.25869\n"}
,{"stream_name":"stdout","time":766.78355292,"data":"SECONDARY_EDGE_TTA_ACTIVE views= 8 weight= 0.75 mean_abs_feat_delta= 0.25869\n"}
,{"stream_name":"stdout","time":766.827189237,"data":"EDGE_TTA_ACTIVE views= 8 mean_abs_feat_delta= 0.362102\n"}
,{"stream_name":"stdout","time":767.029543734,"data":"EDGE_TTA_ACTIVE views= 8 mean_abs_feat_delta= 0.362102\n"}
,{"stream_name":"stdout","time":767.691108097,"data":"EDGE_TTA_ACTIVE views= 8 mean_abs_feat_delta= 0.343273\n"}
,{"stream_name":"stdout","time":767.785060426,"data":"SECONDARY_EDGE_TTA_ACTIVE views= 8 weight= 0.75 mean_abs_feat_delta= 0.321967\n"}
,{"stream_name":"stdout","time":767.789838116,"data":"BIOHUB_RETENTION_GUARD {\"blended_candidates\": 175, \"dataset\": \"44b6_0b24845f\", \"frame\": 90, \"minimum_retention\": 0.9, \"primary_candidates\": 269, \"retention\": 0.6505576208178439, \"use_primary\": true}\n"}
,{"stream_name":"stdout","time":767.893537726,"data":"EDGE_TTA_ACTIVE views= 8 mean_abs_feat_delta= 0.343273\n"}
,{"stream_name":"stdout","time":767.89356651,"data":"SECONDARY_EDGE_TTA_ACTIVE views= 8 weight= 0.75 mean_abs_feat_delta= 0.321967\n"}
,{"stream_name":"stdout","time":767.893580133,"data":"BIOHUB_RETENTION_GUARD {\"blended_candidates\": 175, \"dataset\": \"44b6_0b24845f\", \"frame\": 90, \"minimum_retention\": 0.9, \"primary_candidates\": 269, \"retention\": 0.6505576208178439, \"use_primary\": true}\n"}
,{"stream_name":"stdout","time":768.666828504,"data":"SECONDARY_EDGE_TTA_ACTIVE views= 8 weight= 0.75 mean_abs_feat_delta= 0.249107\n"}
,{"stream_name":"stdout","time":768.869189856,"data":"SECONDARY_EDGE_TTA_ACTIVE views= 8 weight= 0.75 mean_abs_feat_delta= 0.249107\n"}
,{"stream_name":"stdout","time":768.872470978,"data":"EDGE_TTA_ACTIVE views= 8 mean_abs_feat_delta= 0.362535\n"}
,{"stream_name":"stdout","time":769.074846911,"data":"EDGE_TTA_ACTIVE views= 8 mean_abs_feat_delta= 0.362535\n"}
,{"stream_name":"stdout","time":769.760187164,"data":"EDGE_TTA_ACTIVE views= 8 mean_abs_feat_delta= 0.340039\n"}
,{"stream_name":"stdout","time":769.83537819,"data":"SECONDARY_EDGE_TTA_ACTIVE views= 8 weight= 0.75 mean_abs_feat_delta= 0.320952\n"}
,{"stream_name":"stdout","time":769.839521736,"data":"BIOHUB_RETENTION_GUARD {\"blended_candidates\": 136, \"dataset\": \"44b6_0b24845f\", \"frame\": 91, \"minimum_retention\": 0.9, \"primary_candidates\": 237, \"retention\": 0.5738396624472574, \"use_primary\": true}\n"}
,{"stream_name":"stdout","time":769.962641549,"data":"EDGE_TTA_ACTIVE views= 8 mean_abs_feat_delta= 0.340039\n"}
,{"stream_name":"stdout","time":769.962676965,"data":"SECONDARY_EDGE_TTA_ACTIVE views= 8 weight= 0.75 mean_abs_feat_delta= 0.320952\n"}
,{"stream_name":"stdout","time":769.962681362,"data":"BIOHUB_RETENTION_GUARD {\"blended_candidates\": 136, \"dataset\": \"44b6_0b24845f\", \"frame\": 91, \"minimum_retention\": 0.9, \"primary_candidates\": 237, \"retention\": 0.5738396624472574, \"use_primary\": true}\n"}
,{"stream_name":"stdout","time":770.734581111,"data":"SECONDARY_EDGE_TTA_ACTIVE views= 8 weight= 0.75 mean_abs_feat_delta= 0.250998\n"}
,{"stream_name":"stdout","time":770.917255286,"data":"EDGE_TTA_ACTIVE views= 8 mean_abs_feat_delta= 0.36442\n"}
,{"stream_name":"stdout","time":770.937428671,"data":"SECONDARY_EDGE_TTA_ACTIVE views= 8 weight= 0.75 mean_abs_feat_delta= 0.250998\n"}
,{"stream_name":"stdout","time":770.937453396,"data":"EDGE_TTA_ACTIVE views= 8 mean_abs_feat_delta= 0.36442\n"}
,{"stream_name":"stdout","time":771.827706255,"data":"EDGE_TTA_ACTIVE views= 8 mean_abs_feat_delta= 0.338922\n"}
,{"stream_name":"stdout","time":771.879907364,"data":"SECONDARY_EDGE_TTA_ACTIVE views= 8 weight= 0.75 mean_abs_feat_delta= 0.322162\n"}
,{"stream_name":"stdout","time":771.884059525,"data":"BIOHUB_RETENTION_GUARD {\"blended_candidates\": 151, \"dataset\": \"44b6_0b24845f\", \"frame\": 92, \"minimum_retention\": 0.9, \"primary_candidates\": 286, \"retention\": 0.527972027972028, \"use_primary\": true}\n"}
,{"stream_name":"stdout","time":772.030592653,"data":"EDGE_TTA_ACTIVE views= 8 mean_abs_feat_delta= 0.338922\n"}
,{"stream_name":"stdout","time":772.030631322,"data":"SECONDARY_EDGE_TTA_ACTIVE views= 8 weight= 0.75 mean_abs_feat_delta= 0.322162\n"}
,{"stream_name":"stdout","time":772.030647976,"data":"BIOHUB_RETENTION_GUARD {\"blended_candidates\": 151, \"dataset\": \"44b6_0b24845f\", \"frame\": 92, \"minimum_retention\": 0.9, \"primary_candidates\": 286, \"retention\": 0.527972027972028, \"use_primary\": true}\n"}
,{"stream_name":"stdout","time":772.803475033,"data":"SECONDARY_EDGE_TTA_ACTIVE views= 8 weight= 0.75 mean_abs_feat_delta= 0.249091\n"}
,{"stream_name":"stdout","time":772.953439988,"data":"EDGE_TTA_ACTIVE views= 8 mean_abs_feat_delta= 0.357811\n"}
,{"stream_name":"stdout","time":773.005924061,"data":"SECONDARY_EDGE_TTA_ACTIVE views= 8 weight= 0.75 mean_abs_feat_delta= 0.249091\n"}
,{"stream_name":"stdout","time":773.005958249,"data":"EDGE_TTA_ACTIVE views= 8 mean_abs_feat_delta= 0.357811\n"}
,{"stream_name":"stdout","time":773.896418132,"data":"EDGE_TTA_ACTIVE views= 8 mean_abs_feat_delta= 0.342488\n"}
,{"stream_name":"stdout","time":773.913512811,"data":"SECONDARY_EDGE_TTA_ACTIVE views= 8 weight= 0.75 mean_abs_feat_delta= 0.314236\n"}
,{"stream_name":"stdout","time":773.91764258,"data":"BIOHUB_RETENTION_GUARD {\"blended_candidates\": 133, \"dataset\": \"44b6_0b24845f\", \"frame\": 93, \"minimum_retention\": 0.9, \"primary_candidates\": 253, \"retention\": 0.525691699604743, \"use_primary\": true}\n"}
,{"stream_name":"stdout","time":774.099123548,"data":"EDGE_TTA_ACTIVE views= 8 mean_abs_feat_delta= 0.342488\n"}
,{"stream_name":"stdout","time":774.099155129,"data":"SECONDARY_EDGE_TTA_ACTIVE views= 8 weight= 0.75 mean_abs_feat_delta= 0.314236\n"}
,{"stream_name":"stdout","time":774.099160581,"data":"BIOHUB_RETENTION_GUARD {\"blended_candidates\": 133, \"dataset\": \"44b6_0b24845f\", \"frame\": 93, \"minimum_retention\": 0.9, \"primary_candidates\": 253, \"retention\": 0.525691699604743, \"use_primary\": true}\n"}
,{"stream_name":"stdout","time":774.869222372,"data":"SECONDARY_EDGE_TTA_ACTIVE views= 8 weight= 0.75 mean_abs_feat_delta= 0.25058\n"}
,{"stream_name":"stdout","time":775.013033201,"data":"EDGE_TTA_ACTIVE views= 8 mean_abs_feat_delta= 0.3551\n"}
,{"stream_name":"stdout","time":775.071991142,"data":"SECONDARY_EDGE_TTA_ACTIVE views= 8 weight= 0.75 mean_abs_feat_delta= 0.25058\n"}
,{"stream_name":"stdout","time":775.072023958,"data":"EDGE_TTA_ACTIVE views= 8 mean_abs_feat_delta= 0.3551\n"}
,{"stream_name":"stdout","time":775.962433288,"data":"EDGE_TTA_ACTIVE views= 8 mean_abs_feat_delta= 0.341683\n"}
,{"stream_name":"stdout","time":775.976712856,"data":"SECONDARY_EDGE_TTA_ACTIVE views= 8 weight= 0.75 mean_abs_feat_delta= 0.314665\n"}
,{"stream_name":"stdout","time":775.980969358,"data":"BIOHUB_RETENTION_GUARD {\"blended_candidates\": 168, \"dataset\": \"44b6_0b24845f\", \"frame\": 94, \"minimum_retention\": 0.9, \"primary_candidates\": 290, \"retention\": 0.5793103448275863, \"use_primary\": true}\n"}
,{"stream_name":"stdout","time":776.164968149,"data":"EDGE_TTA_ACTIVE views= 8 mean_abs_feat_delta= 0.341683\n"}
,{"stream_name":"stdout","time":776.165005674,"data":"SECONDARY_EDGE_TTA_ACTIVE views= 8 weight= 0.75 mean_abs_feat_delta= 0.314665\n"}
,{"stream_name":"stdout","time":776.165012145,"data":"BIOHUB_RETENTION_GUARD {\"blended_candidates\": 168, \"dataset\": \"44b6_0b24845f\", \"frame\": 94, \"minimum_retention\": 0.9, \"primary_candidates\": 290, \"retention\": 0.5793103448275863, \"use_primary\": true}\n"}
,{"stream_name":"stdout","time":776.937525691,"data":"SECONDARY_EDGE_TTA_ACTIVE views= 8 weight= 0.75 mean_abs_feat_delta= 0.25428\n"}
,{"stream_name":"stdout","time":777.081297271,"data":"EDGE_TTA_ACTIVE views= 8 mean_abs_feat_delta= 0.362482\n"}
,{"stream_name":"stdout","time":777.140312947,"data":"SECONDARY_EDGE_TTA_ACTIVE views= 8 weight= 0.75 mean_abs_feat_delta= 0.25428\n"}
,{"stream_name":"stdout","time":777.140346647,"data":"EDGE_TTA_ACTIVE views= 8 mean_abs_feat_delta= 0.362482\n"}
,{"stream_name":"stdout","time":778.045993356,"data":"SECONDARY_EDGE_TTA_ACTIVE views= 8 weight= 0.75 mean_abs_feat_delta= 0.321701\n"}
,{"stream_name":"stdout","time":778.051927362,"data":"BIOHUB_RETENTION_GUARD {\"blended_candidates\": 140, \"dataset\": \"44b6_0b24845f\", \"frame\": 95, \"minimum_retention\": 0.9, \"primary_candidates\": 309, \"retention\": 0.45307443365695793, \"use_primary\": true}\n"}
,{"stream_name":"stdout","time":778.249439606,"data":"SECONDARY_EDGE_TTA_ACTIVE views= 8 weight= 0.75 mean_abs_feat_delta= 0.321701\n"}
,{"stream_name":"stdout","time":778.249506423,"data":"BIOHUB_RETENTION_GUARD {\"blended_candidates\": 140, \"dataset\": \"44b6_0b24845f\", \"frame\": 95, \"minimum_retention\": 0.9, \"primary_candidates\": 309, \"retention\": 0.45307443365695793, \"use_primary\": true}\n"}
,{"stream_name":"stdout","time":779.212832986,"data":"EDGE_TTA_ACTIVE views= 8 mean_abs_feat_delta= 0.358614\n"}
,{"stream_name":"stdout","time":779.417870831,"data":"EDGE_TTA_ACTIVE views= 8 mean_abs_feat_delta= 0.358614\n"}
,{"stream_name":"stdout","time":780.17371012,"data":"SECONDARY_EDGE_TTA_ACTIVE views= 8 weight= 0.75 mean_abs_feat_delta= 0.325788\n"}
,{"stream_name":"stdout","time":780.178589889,"data":"BIOHUB_RETENTION_GUARD {\"blended_candidates\": 124, \"dataset\": \"44b6_0b24845f\", \"frame\": 96, \"minimum_retention\": 0.9, \"primary_candidates\": 273, \"retention\": 0.4542124542124542, \"use_primary\": true}\n"}
,{"stream_name":"stdout","time":780.376264805,"data":"SECONDARY_EDGE_TTA_ACTIVE views= 8 weight= 0.75 mean_abs_feat_delta= 0.325788\n"}
,{"stream_name":"stdout","time":780.376320676,"data":"BIOHUB_RETENTION_GUARD {\"blended_candidates\": 124, \"dataset\": \"44b6_0b24845f\", \"frame\": 96, \"minimum_retention\": 0.9, \"primary_candidates\": 273, \"retention\": 0.4542124542124542, \"use_primary\": true}\n"}
,{"stream_name":"stdout","time":781.324602898,"data":"EDGE_TTA_ACTIVE views= 8 mean_abs_feat_delta= 0.354717\n"}
,{"stream_name":"stdout","time":781.527138191,"data":"EDGE_TTA_ACTIVE views= 8 mean_abs_feat_delta= 0.354717\n"}
,{"stream_name":"stdout","time":782.289968811,"data":"SECONDARY_EDGE_TTA_ACTIVE views= 8 weight= 0.75 mean_abs_feat_delta= 0.328691\n"}
,{"stream_name":"stdout","time":782.29510073,"data":"BIOHUB_RETENTION_GUARD {\"blended_candidates\": 181, \"dataset\": \"44b6_0b24845f\", \"frame\": 97, \"minimum_retention\": 0.9, \"primary_candidates\": 328, \"retention\": 0.551829268292683, \"use_primary\": true}\n"}
,{"stream_name":"stdout","time":782.493127703,"data":"SECONDARY_EDGE_TTA_ACTIVE views= 8 weight= 0.75 mean_abs_feat_delta= 0.328691\n"}
,{"stream_name":"stdout","time":782.493167847,"data":"BIOHUB_RETENTION_GUARD {\"blended_candidates\": 181, \"dataset\": \"44b6_0b24845f\", \"frame\": 97, \"minimum_retention\": 0.9, \"primary_candidates\": 328, \"retention\": 0.551829268292683, \"use_primary\": true}\n"}
,{"stream_name":"stdout","time":783.491518101,"data":"EDGE_TTA_ACTIVE views= 8 mean_abs_feat_delta= 0.362901\n"}
,{"stream_name":"stdout","time":783.724488326,"data":"EDGE_TTA_ACTIVE views= 8 mean_abs_feat_delta= 0.362901\n"}
,{"stream_name":"stdout","time":784.464871512,"data":"SECONDARY_EDGE_TTA_ACTIVE views= 8 weight= 0.75 mean_abs_feat_delta= 0.327921\n"}
,{"stream_name":"stdout","time":784.470869921,"data":"BIOHUB_RETENTION_GUARD {\"blended_candidates\": 153, \"dataset\": \"44b6_0b24845f\", \"frame\": 98, \"minimum_retention\": 0.9, \"primary_candidates\": 295, \"retention\": 0.5186440677966102, \"use_primary\": true}\n"}
,{"stream_name":"stdout","time":784.668532848,"data":"SECONDARY_EDGE_TTA_ACTIVE views= 8 weight= 0.75 mean_abs_feat_delta= 0.327921\n"}
,{"stream_name":"stdout","time":784.668568895,"data":"BIOHUB_RETENTION_GUARD {\"blended_candidates\": 153, \"dataset\": \"44b6_0b24845f\", \"frame\": 98, \"minimum_retention\": 0.9, \"primary_candidates\": 295, \"retention\": 0.5186440677966102, \"use_primary\": true}\n"}
,{"stream_name":"stdout","time":785.675918645,"data":"EDGE_TTA_ACTIVE views= 8 mean_abs_feat_delta= 0.362405\n"}
,{"stream_name":"stdout","time":785.879099939,"data":"EDGE_TTA_ACTIVE views= 8 mean_abs_feat_delta= 0.362405\n"}
,{"stream_name":"stdout","time":786.644003266,"data":"SECONDARY_EDGE_TTA_ACTIVE views= 8 weight= 0.75 mean_abs_feat_delta= 0.328126\n"}
,{"stream_name":"stdout","time":786.648112915,"data":"BIOHUB_RETENTION_GUARD {\"blended_candidates\": 111, \"dataset\": \"44b6_0b24845f\", \"frame\": 99, \"minimum_retention\": 0.9, \"primary_candidates\": 224, \"retention\": 0.4955357142857143, \"use_primary\": true}\n"}
,{"stream_name":"stdout","time":786.846696057,"data":"SECONDARY_EDGE_TTA_ACTIVE views= 8 weight= 0.75 mean_abs_feat_delta= 0.328126\n"}
,{"stream_name":"stdout","time":786.846735054,"data":"BIOHUB_RETENTION_GUARD {\"blended_candidates\": 111, \"dataset\": \"44b6_0b24845f\", \"frame\": 99, \"minimum_retention\": 0.9, \"primary_candidates\": 224, \"retention\": 0.4955357142857143, \"use_primary\": true}\n"}
,{"stream_name":"stdout","time":808.06272694,"data":"EDGE_TTA_ACTIVE views= 8 mean_abs_feat_delta= 0.353265\n"}
,{"stream_name":"stdout","time":808.265667876,"data":"EDGE_TTA_ACTIVE views= 8 mean_abs_feat_delta= 0.353265\n"}
,{"stream_name":"stdout","time":808.706566973,"data":"EDGE_TTA_ACTIVE views= 8 mean_abs_feat_delta= 0.336457\n"}
,{"stream_name":"stdout","time":808.909296921,"data":"EDGE_TTA_ACTIVE views= 8 mean_abs_feat_delta= 0.336457\n"}
,{"stream_name":"stdout","time":808.996296811,"data":"SECONDARY_EDGE_TTA_ACTIVE views= 8 weight= 0.75 mean_abs_feat_delta= 0.229197\n"}
,{"stream_name":"stdout","time":809.200261538,"data":"SECONDARY_EDGE_TTA_ACTIVE views= 8 weight= 0.75 mean_abs_feat_delta= 0.229197\n"}
,{"stream_name":"stdout","time":809.652991465,"data":"SECONDARY_EDGE_TTA_ACTIVE views= 8 weight= 0.75 mean_abs_feat_delta= 0.229228\n"}
,{"stream_name":"stdout","time":809.85521582,"data":"SECONDARY_EDGE_TTA_ACTIVE views= 8 weight= 0.75 mean_abs_feat_delta= 0.229228\n"}
,{"stream_name":"stdout","time":810.022958983,"data":"EDGE_TTA_ACTIVE views= 8 mean_abs_feat_delta= 0.356556\n"}
,{"stream_name":"stdout","time":810.225716206,"data":"EDGE_TTA_ACTIVE views= 8 mean_abs_feat_delta= 0.356556\n"}
,{"stream_name":"stdout","time":810.95269954,"data":"EDGE_TTA_ACTIVE views= 8 mean_abs_feat_delta= 0.33652\n"}
,{"stream_name":"stdout","time":810.962526919,"data":"SECONDARY_EDGE_TTA_ACTIVE views= 8 weight= 0.75 mean_abs_feat_delta= 0.228531\n"}
,{"stream_name":"stdout","time":811.155109096,"data":"EDGE_TTA_ACTIVE views= 8 mean_abs_feat_delta= 0.33652\n"}
,{"stream_name":"stdout","time":811.155141414,"data":"SECONDARY_EDGE_TTA_ACTIVE views= 8 weight= 0.75 mean_abs_feat_delta= 0.228531\n"}
,{"stream_name":"stdout","time":811.905391604,"data":"SECONDARY_EDGE_TTA_ACTIVE views= 8 weight= 0.75 mean_abs_feat_delta= 0.231364\n"}
,{"stream_name":"stdout","time":812.00990863,"data":"EDGE_TTA_ACTIVE views= 8 mean_abs_feat_delta= 0.359353\n"}
,{"stream_name":"stdout","time":812.108459712,"data":"SECONDARY_EDGE_TTA_ACTIVE views= 8 weight= 0.75 mean_abs_feat_delta= 0.231364\n"}
,{"stream_name":"stdout","time":812.108499135,"data":"EDGE_TTA_ACTIVE views= 8 mean_abs_feat_delta= 0.359353\n"}
,{"stream_name":"stdout","time":812.951224396,"data":"SECONDARY_EDGE_TTA_ACTIVE views= 8 weight= 0.75 mean_abs_feat_delta= 0.232233\n"}
,{"stream_name":"stdout","time":813.153876851,"data":"SECONDARY_EDGE_TTA_ACTIVE views= 8 weight= 0.75 mean_abs_feat_delta= 0.232233\n"}
,{"stream_name":"stdout","time":813.251342809,"data":"EDGE_TTA_ACTIVE views= 8 mean_abs_feat_delta= 0.334504\n"}
,{"stream_name":"stdout","time":813.453821893,"data":"EDGE_TTA_ACTIVE views= 8 mean_abs_feat_delta= 0.334504\n"}
,{"stream_name":"stdout","time":813.978425833,"data":"EDGE_TTA_ACTIVE views= 8 mean_abs_feat_delta= 0.361838\n"}
,{"stream_name":"stdout","time":814.212845658,"data":"EDGE_TTA_ACTIVE views= 8 mean_abs_feat_delta= 0.361838\n"}
,{"stream_name":"stdout","time":814.224476411,"data":"SECONDARY_EDGE_TTA_ACTIVE views= 8 weight= 0.75 mean_abs_feat_delta= 0.231505\n"}
,{"stream_name":"stdout","time":814.426943566,"data":"SECONDARY_EDGE_TTA_ACTIVE views= 8 weight= 0.75 mean_abs_feat_delta= 0.231505\n"}
,{"stream_name":"stdout","time":814.93014004,"data":"SECONDARY_EDGE_TTA_ACTIVE views= 8 weight= 0.75 mean_abs_feat_delta= 0.231136\n"}
,{"stream_name":"stdout","time":815.133033708,"data":"SECONDARY_EDGE_TTA_ACTIVE views= 8 weight= 0.75 mean_abs_feat_delta= 0.231136\n"}
,{"stream_name":"stdout","time":815.559270635,"data":"EDGE_TTA_ACTIVE views= 8 mean_abs_feat_delta= 0.331503\n"}
,{"stream_name":"stdout","time":815.761979956,"data":"EDGE_TTA_ACTIVE views= 8 mean_abs_feat_delta= 0.331503\n"}
,{"stream_name":"stdout","time":815.957561468,"data":"EDGE_TTA_ACTIVE views= 8 mean_abs_feat_delta= 0.349332\n"}
,{"stream_name":"stdout","time":816.160172428,"data":"EDGE_TTA_ACTIVE views= 8 mean_abs_feat_delta= 0.349332\n"}
,{"stream_name":"stdout","time":816.522001139,"data":"SECONDARY_EDGE_TTA_ACTIVE views= 8 weight= 0.75 mean_abs_feat_delta= 0.233103\n"}
,{"stream_name":"stdout","time":816.724742985,"data":"SECONDARY_EDGE_TTA_ACTIVE views= 8 weight= 0.75 mean_abs_feat_delta= 0.233103\n"}
,{"stream_name":"stdout","time":816.912480369,"data":"SECONDARY_EDGE_TTA_ACTIVE views= 8 weight= 0.75 mean_abs_feat_delta= 0.237962\n"}
,{"stream_name":"stdout","time":817.11516153,"data":"SECONDARY_EDGE_TTA_ACTIVE views= 8 weight= 0.75 mean_abs_feat_delta= 0.237962\n"}
,{"stream_name":"stdout","time":817.830315936,"data":"EDGE_TTA_ACTIVE views= 8 mean_abs_feat_delta= 0.334571\n"}
,{"stream_name":"stdout","time":817.950838044,"data":"EDGE_TTA_ACTIVE views= 8 mean_abs_feat_delta= 0.36765\n"}
,{"stream_name":"stdout","time":818.03292414,"data":"EDGE_TTA_ACTIVE views= 8 mean_abs_feat_delta= 0.334571\n"}
,{"stream_name":"stdout","time":818.032987893,"data":"EDGE_TTA_ACTIVE views= 8 mean_abs_feat_delta= 0.36765\n"}
,{"stream_name":"stdout","time":818.803900368,"data":"SECONDARY_EDGE_TTA_ACTIVE views= 8 weight= 0.75 mean_abs_feat_delta= 0.230713\n"}
,{"stream_name":"stdout","time":818.908664846,"data":"SECONDARY_EDGE_TTA_ACTIVE views= 8 weight= 0.75 mean_abs_feat_delta= 0.23324\n"}
,{"stream_name":"stdout","time":819.006040999,"data":"SECONDARY_EDGE_TTA_ACTIVE views= 8 weight= 0.75 mean_abs_feat_delta= 0.230713\n"}
,{"stream_name":"stdout","time":819.006103107,"data":"SECONDARY_EDGE_TTA_ACTIVE views= 8 weight= 0.75 mean_abs_feat_delta= 0.23324\n"}
,{"stream_name":"stdout","time":819.948333342,"data":"EDGE_TTA_ACTIVE views= 8 mean_abs_feat_delta= 0.37095\n"}
,{"stream_name":"stdout","time":820.151475069,"data":"EDGE_TTA_ACTIVE views= 8 mean_abs_feat_delta= 0.333844\n"}
,{"stream_name":"stdout","time":820.151530363,"data":"EDGE_TTA_ACTIVE views= 8 mean_abs_feat_delta= 0.37095\n"}
,{"stream_name":"stdout","time":820.353450879,"data":"EDGE_TTA_ACTIVE views= 8 mean_abs_feat_delta= 0.333844\n"}
,{"stream_name":"stdout","time":820.918967201,"data":"SECONDARY_EDGE_TTA_ACTIVE views= 8 weight= 0.75 mean_abs_feat_delta= 0.233703\n"}
,{"stream_name":"stdout","time":821.115237239,"data":"SECONDARY_EDGE_TTA_ACTIVE views= 8 weight= 0.75 mean_abs_feat_delta= 0.228063\n"}
,{"stream_name":"stdout","time":821.121363104,"data":"SECONDARY_EDGE_TTA_ACTIVE views= 8 weight= 0.75 mean_abs_feat_delta= 0.233703\n"}
,{"stream_name":"stdout","time":821.121395362,"data":"SECONDARY_EDGE_TTA_ACTIVE views= 8 weight= 0.75 mean_abs_feat_delta= 0.228063\n"}
,{"stream_name":"stdout","time":821.991864381,"data":"EDGE_TTA_ACTIVE views= 8 mean_abs_feat_delta= 0.362298\n"}
,{"stream_name":"stdout","time":822.194164716,"data":"EDGE_TTA_ACTIVE views= 8 mean_abs_feat_delta= 0.362298\n"}
,{"stream_name":"stdout","time":822.430351255,"data":"EDGE_TTA_ACTIVE views= 8 mean_abs_feat_delta= 0.333957\n"}
,{"stream_name":"stdout","time":822.632727586,"data":"EDGE_TTA_ACTIVE views= 8 mean_abs_feat_delta= 0.333957\n"}
,{"stream_name":"stdout","time":822.963178171,"data":"SECONDARY_EDGE_TTA_ACTIVE views= 8 weight= 0.75 mean_abs_feat_delta= 0.23047\n"}
,{"stream_name":"stdout","time":823.166139865,"data":"SECONDARY_EDGE_TTA_ACTIVE views= 8 weight= 0.75 mean_abs_feat_delta= 0.23047\n"}
,{"stream_name":"stdout","time":823.405337458,"data":"SECONDARY_EDGE_TTA_ACTIVE views= 8 weight= 0.75 mean_abs_feat_delta= 0.23148\n"}
,{"stream_name":"stdout","time":823.607892391,"data":"SECONDARY_EDGE_TTA_ACTIVE views= 8 weight= 0.75 mean_abs_feat_delta= 0.23148\n"}
,{"stream_name":"stdout","time":824.016508519,"data":"EDGE_TTA_ACTIVE views= 8 mean_abs_feat_delta= 0.357762\n"}
,{"stream_name":"stdout","time":824.219150263,"data":"EDGE_TTA_ACTIVE views= 8 mean_abs_feat_delta= 0.357762\n"}
,{"stream_name":"stdout","time":824.739702449,"data":"EDGE_TTA_ACTIVE views= 8 mean_abs_feat_delta= 0.333005\n"}
,{"stream_name":"stdout","time":824.942505459,"data":"EDGE_TTA_ACTIVE views= 8 mean_abs_feat_delta= 0.333005\n"}
,{"stream_name":"stdout","time":824.988588039,"data":"SECONDARY_EDGE_TTA_ACTIVE views= 8 weight= 0.75 mean_abs_feat_delta= 0.222866\n"}
,{"stream_name":"stdout","time":825.191352075,"data":"SECONDARY_EDGE_TTA_ACTIVE views= 8 weight= 0.75 mean_abs_feat_delta= 0.222866\n"}
,{"stream_name":"stdout","time":825.714699646,"data":"SECONDARY_EDGE_TTA_ACTIVE views= 8 weight= 0.75 mean_abs_feat_delta= 0.226861\n"}
,{"stream_name":"stdout","time":825.917410676,"data":"SECONDARY_EDGE_TTA_ACTIVE views= 8 weight= 0.75 mean_abs_feat_delta= 0.226861\n"}
,{"stream_name":"stdout","time":826.041336312,"data":"EDGE_TTA_ACTIVE views= 8 mean_abs_feat_delta= 0.360193\n"}
,{"stream_name":"stdout","time":826.244256681,"data":"EDGE_TTA_ACTIVE views= 8 mean_abs_feat_delta= 0.360193\n"}
,{"stream_name":"stdout","time":827.014580664,"data":"SECONDARY_EDGE_TTA_ACTIVE views= 8 weight= 0.75 mean_abs_feat_delta= 0.223297\n"}
,{"stream_name":"stdout","time":827.048924795,"data":"EDGE_TTA_ACTIVE views= 8 mean_abs_feat_delta= 0.335609\n"}
,{"stream_name":"stdout","time":827.216898647,"data":"SECONDARY_EDGE_TTA_ACTIVE views= 8 weight= 0.75 mean_abs_feat_delta= 0.223297\n"}
,{"stream_name":"stdout","time":827.216932446,"data":"EDGE_TTA_ACTIVE views= 8 mean_abs_feat_delta= 0.335609\n"}
,{"stream_name":"stdout","time":828.032700072,"data":"SECONDARY_EDGE_TTA_ACTIVE views= 8 weight= 0.75 mean_abs_feat_delta= 0.226753\n"}
,{"stream_name":"stdout","time":828.107081751,"data":"EDGE_TTA_ACTIVE views= 8 mean_abs_feat_delta= 0.35856\n"}
,{"stream_name":"stdout","time":828.235729776,"data":"SECONDARY_EDGE_TTA_ACTIVE views= 8 weight= 0.75 mean_abs_feat_delta= 0.226753\n"}
,{"stream_name":"stdout","time":828.23589385,"data":"EDGE_TTA_ACTIVE views= 8 mean_abs_feat_delta= 0.35856\n"}
,{"stream_name":"stdout","time":829.08179856,"data":"SECONDARY_EDGE_TTA_ACTIVE views= 8 weight= 0.75 mean_abs_feat_delta= 0.226482\n"}
,{"stream_name":"stdout","time":829.284196904,"data":"SECONDARY_EDGE_TTA_ACTIVE views= 8 weight= 0.75 mean_abs_feat_delta= 0.226482\n"}
,{"stream_name":"stdout","time":829.380055248,"data":"EDGE_TTA_ACTIVE views= 8 mean_abs_feat_delta= 0.338411\n"}
,{"stream_name":"stdout","time":829.583172179,"data":"EDGE_TTA_ACTIVE views= 8 mean_abs_feat_delta= 0.338411\n"}
,{"stream_name":"stdout","time":830.136975982,"data":"EDGE_TTA_ACTIVE views= 8 mean_abs_feat_delta= 0.365065\n"}
,{"stream_name":"stdout","time":830.339531499,"data":"EDGE_TTA_ACTIVE views= 8 mean_abs_feat_delta= 0.365065\n"}
,{"stream_name":"stdout","time":830.370239889,"data":"SECONDARY_EDGE_TTA_ACTIVE views= 8 weight= 0.75 mean_abs_feat_delta= 0.229067\n"}
,{"stream_name":"stdout","time":830.573145441,"data":"SECONDARY_EDGE_TTA_ACTIVE views= 8 weight= 0.75 mean_abs_feat_delta= 0.229067\n"}
,{"stream_name":"stdout","time":831.122128601,"data":"SECONDARY_EDGE_TTA_ACTIVE views= 8 weight= 0.75 mean_abs_feat_delta= 0.229453\n"}
,{"stream_name":"stdout","time":831.324894056,"data":"SECONDARY_EDGE_TTA_ACTIVE views= 8 weight= 0.75 mean_abs_feat_delta= 0.229453\n"}
,{"stream_name":"stdout","time":831.802293699,"data":"EDGE_TTA_ACTIVE views= 8 mean_abs_feat_delta= 0.33357\n"}
,{"stream_name":"stdout","time":832.004952414,"data":"EDGE_TTA_ACTIVE views= 8 mean_abs_feat_delta= 0.33357\n"}
,{"stream_name":"stdout","time":832.186659874,"data":"EDGE_TTA_ACTIVE views= 8 mean_abs_feat_delta= 0.353373\n"}
,{"stream_name":"stdout","time":832.389104567,"data":"EDGE_TTA_ACTIVE views= 8 mean_abs_feat_delta= 0.353373\n"}
,{"stream_name":"stdout","time":832.797460814,"data":"SECONDARY_EDGE_TTA_ACTIVE views= 8 weight= 0.75 mean_abs_feat_delta= 0.224805\n"}
,{"stream_name":"stdout","time":833.000192152,"data":"SECONDARY_EDGE_TTA_ACTIVE views= 8 weight= 0.75 mean_abs_feat_delta= 0.224805\n"}
,{"stream_name":"stdout","time":833.178250951,"data":"SECONDARY_EDGE_TTA_ACTIVE views= 8 weight= 0.75 mean_abs_feat_delta= 0.233899\n"}
,{"stream_name":"stdout","time":833.380807049,"data":"SECONDARY_EDGE_TTA_ACTIVE views= 8 weight= 0.75 mean_abs_feat_delta= 0.233899\n"}
,{"stream_name":"stdout","time":834.147892895,"data":"EDGE_TTA_ACTIVE views= 8 mean_abs_feat_delta= 0.328392\n"}
,{"stream_name":"stdout","time":834.240542568,"data":"EDGE_TTA_ACTIVE views= 8 mean_abs_feat_delta= 0.366767\n"}
,{"stream_name":"stdout","time":834.350715775,"data":"EDGE_TTA_ACTIVE views= 8 mean_abs_feat_delta= 0.328392\n"}
,{"stream_name":"stdout","time":834.350788475,"data":"EDGE_TTA_ACTIVE views= 8 mean_abs_feat_delta= 0.366767\n"}
,{"stream_name":"stdout","time":835.147696634,"data":"SECONDARY_EDGE_TTA_ACTIVE views= 8 weight= 0.75 mean_abs_feat_delta= 0.22475\n"}
,{"stream_name":"stdout","time":835.234333008,"data":"SECONDARY_EDGE_TTA_ACTIVE views= 8 weight= 0.75 mean_abs_feat_delta= 0.228562\n"}
,{"stream_name":"stdout","time":835.351970585,"data":"SECONDARY_EDGE_TTA_ACTIVE views= 8 weight= 0.75 mean_abs_feat_delta= 0.22475\n"}
,{"stream_name":"stdout","time":835.35200824,"data":"SECONDARY_EDGE_TTA_ACTIVE views= 8 weight= 0.75 mean_abs_feat_delta= 0.228562\n"}
,{"stream_name":"stdout","time":836.305409792,"data":"EDGE_TTA_ACTIVE views= 8 mean_abs_feat_delta= 0.360859\n"}
,{"stream_name":"stdout","time":836.508222388,"data":"EDGE_TTA_ACTIVE views= 8 mean_abs_feat_delta= 0.360859\n"}
,{"stream_name":"stdout","time":836.544597638,"data":"EDGE_TTA_ACTIVE views= 8 mean_abs_feat_delta= 0.329088\n"}
,{"stream_name":"stdout","time":836.747218846,"data":"EDGE_TTA_ACTIVE views= 8 mean_abs_feat_delta= 0.329088\n"}
,{"stream_name":"stdout","time":837.298247073,"data":"SECONDARY_EDGE_TTA_ACTIVE views= 8 weight= 0.75 mean_abs_feat_delta= 0.229373\n"}
,{"stream_name":"stdout","time":837.50129715,"data":"SECONDARY_EDGE_TTA_ACTIVE views= 8 weight= 0.75 mean_abs_feat_delta= 0.229373\n"}
,{"stream_name":"stdout","time":837.542968676,"data":"SECONDARY_EDGE_TTA_ACTIVE views= 8 weight= 0.75 mean_abs_feat_delta= 0.223629\n"}
,{"stream_name":"stdout","time":837.745471832,"data":"SECONDARY_EDGE_TTA_ACTIVE views= 8 weight= 0.75 mean_abs_feat_delta= 0.223629\n"}
,{"stream_name":"stdout","time":838.369811707,"data":"EDGE_TTA_ACTIVE views= 8 mean_abs_feat_delta= 0.358711\n"}
,{"stream_name":"stdout","time":838.572515496,"data":"EDGE_TTA_ACTIVE views= 8 mean_abs_feat_delta= 0.358711\n"}
,{"stream_name":"stdout","time":838.914463797,"data":"EDGE_TTA_ACTIVE views= 8 mean_abs_feat_delta= 0.331454\n"}
,{"stream_name":"stdout","time":839.117104424,"data":"EDGE_TTA_ACTIVE views= 8 mean_abs_feat_delta= 0.331454\n"}
,{"stream_name":"stdout","time":839.366634901,"data":"SECONDARY_EDGE_TTA_ACTIVE views= 8 weight= 0.75 mean_abs_feat_delta= 0.228983\n"}
,{"stream_name":"stdout","time":839.56962973,"data":"SECONDARY_EDGE_TTA_ACTIVE views= 8 weight= 0.75 mean_abs_feat_delta= 0.228983\n"}
,{"stream_name":"stdout","time":839.918181903,"data":"SECONDARY_EDGE_TTA_ACTIVE views= 8 weight= 0.75 mean_abs_feat_delta= 0.221381\n"}
,{"stream_name":"stdout","time":840.120980789,"data":"SECONDARY_EDGE_TTA_ACTIVE views= 8 weight= 0.75 mean_abs_feat_delta= 0.221381\n"}
,{"stream_name":"stdout","time":840.433237678,"data":"EDGE_TTA_ACTIVE views= 8 mean_abs_feat_delta= 0.357908\n"}
,{"stream_name":"stdout","time":840.635954239,"data":"EDGE_TTA_ACTIVE views= 8 mean_abs_feat_delta= 0.357908\n"}
,{"stream_name":"stdout","time":841.287635846,"data":"EDGE_TTA_ACTIVE views= 8 mean_abs_feat_delta= 0.332081\n"}
,{"stream_name":"stdout","time":841.421311187,"data":"SECONDARY_EDGE_TTA_ACTIVE views= 8 weight= 0.75 mean_abs_feat_delta= 0.22723\n"}
,{"stream_name":"stdout","time":841.490045055,"data":"EDGE_TTA_ACTIVE views= 8 mean_abs_feat_delta= 0.332081\n"}
,{"stream_name":"stdout","time":841.490091634,"data":"SECONDARY_EDGE_TTA_ACTIVE views= 8 weight= 0.75 mean_abs_feat_delta= 0.22723\n"}
,{"stream_name":"stdout","time":842.288570657,"data":"SECONDARY_EDGE_TTA_ACTIVE views= 8 weight= 0.75 mean_abs_feat_delta= 0.220825\n"}
,{"stream_name":"stdout","time":842.478356646,"data":"EDGE_TTA_ACTIVE views= 8 mean_abs_feat_delta= 0.36076\n"}
,{"stream_name":"stdout","time":842.491464771,"data":"SECONDARY_EDGE_TTA_ACTIVE views= 8 weight= 0.75 mean_abs_feat_delta= 0.220825\n"}
,{"stream_name":"stdout","time":842.491497148,"data":"EDGE_TTA_ACTIVE views= 8 mean_abs_feat_delta= 0.36076\n"}
,{"stream_name":"stdout","time":843.466787731,"data":"SECONDARY_EDGE_TTA_ACTIVE views= 8 weight= 0.75 mean_abs_feat_delta= 0.227184\n"}
,{"stream_name":"stdout","time":843.661613358,"data":"EDGE_TTA_ACTIVE views= 8 mean_abs_feat_delta= 0.331331\n"}
,{"stream_name":"stdout","time":843.669499579,"data":"SECONDARY_EDGE_TTA_ACTIVE views= 8 weight= 0.75 mean_abs_feat_delta= 0.227184\n"}
,{"stream_name":"stdout","time":843.669536128,"data":"EDGE_TTA_ACTIVE views= 8 mean_abs_feat_delta= 0.331331\n"}
,{"stream_name":"stdout","time":844.541996543,"data":"EDGE_TTA_ACTIVE views= 8 mean_abs_feat_delta= 0.363026\n"}
,{"stream_name":"stdout","time":844.65869043,"data":"SECONDARY_EDGE_TTA_ACTIVE views= 8 weight= 0.75 mean_abs_feat_delta= 0.220942\n"}
,{"stream_name":"stdout","time":844.779693881,"data":"EDGE_TTA_ACTIVE views= 8 mean_abs_feat_delta= 0.363026\n"}
,{"stream_name":"stdout","time":844.779720497,"data":"SECONDARY_EDGE_TTA_ACTIVE views= 8 weight= 0.75 mean_abs_feat_delta= 0.220942\n"}
,{"stream_name":"stdout","time":845.516431388,"data":"SECONDARY_EDGE_TTA_ACTIVE views= 8 weight= 0.75 mean_abs_feat_delta= 0.228674\n"}
,{"stream_name":"stdout","time":845.719246533,"data":"SECONDARY_EDGE_TTA_ACTIVE views= 8 weight= 0.75 mean_abs_feat_delta= 0.228674\n"}
,{"stream_name":"stdout","time":846.002412013,"data":"EDGE_TTA_ACTIVE views= 8 mean_abs_feat_delta= 0.331316\n"}
,{"stream_name":"stdout","time":846.205354353,"data":"EDGE_TTA_ACTIVE views= 8 mean_abs_feat_delta= 0.331316\n"}
,{"stream_name":"stdout","time":846.567196495,"data":"EDGE_TTA_ACTIVE views= 8 mean_abs_feat_delta= 0.36528\n"}
,{"stream_name":"stdout","time":846.76989937,"data":"EDGE_TTA_ACTIVE views= 8 mean_abs_feat_delta= 0.36528\n"}
,{"stream_name":"stdout","time":846.978700152,"data":"SECONDARY_EDGE_TTA_ACTIVE views= 8 weight= 0.75 mean_abs_feat_delta= 0.220064\n"}
,{"stream_name":"stdout","time":847.181905801,"data":"SECONDARY_EDGE_TTA_ACTIVE views= 8 weight= 0.75 mean_abs_feat_delta= 0.220064\n"}
,{"stream_name":"stdout","time":847.540251678,"data":"SECONDARY_EDGE_TTA_ACTIVE views= 8 weight= 0.75 mean_abs_feat_delta= 0.22969\n"}
,{"stream_name":"stdout","time":847.742955517,"data":"SECONDARY_EDGE_TTA_ACTIVE views= 8 weight= 0.75 mean_abs_feat_delta= 0.22969\n"}
,{"stream_name":"stdout","time":848.33189552,"data":"EDGE_TTA_ACTIVE views= 8 mean_abs_feat_delta= 0.331281\n"}
,{"stream_name":"stdout","time":848.534798341,"data":"EDGE_TTA_ACTIVE views= 8 mean_abs_feat_delta= 0.331281\n"}
,{"stream_name":"stdout","time":848.592249904,"data":"EDGE_TTA_ACTIVE views= 8 mean_abs_feat_delta= 0.365255\n"}
,{"stream_name":"stdout","time":848.794659514,"data":"EDGE_TTA_ACTIVE views= 8 mean_abs_feat_delta= 0.365255\n"}
,{"stream_name":"stdout","time":849.305460371,"data":"SECONDARY_EDGE_TTA_ACTIVE views= 8 weight= 0.75 mean_abs_feat_delta= 0.219385\n"}
,{"stream_name":"stdout","time":849.507867965,"data":"SECONDARY_EDGE_TTA_ACTIVE views= 8 weight= 0.75 mean_abs_feat_delta= 0.219385\n"}
,{"stream_name":"stdout","time":849.563277306,"data":"SECONDARY_EDGE_TTA_ACTIVE views= 8 weight= 0.75 mean_abs_feat_delta= 0.227887\n"}
,{"stream_name":"stdout","time":849.7657444,"data":"SECONDARY_EDGE_TTA_ACTIVE views= 8 weight= 0.75 mean_abs_feat_delta= 0.227887\n"}
,{"stream_name":"stdout","time":850.615026674,"data":"EDGE_TTA_ACTIVE views= 8 mean_abs_feat_delta= 0.364292\n"}
,{"stream_name":"stdout","time":850.638904199,"data":"EDGE_TTA_ACTIVE views= 8 mean_abs_feat_delta= 0.332495\n"}
,{"stream_name":"stdout","time":850.81763124,"data":"EDGE_TTA_ACTIVE views= 8 mean_abs_feat_delta= 0.364292\n"}
,{"stream_name":"stdout","time":850.817706604,"data":"EDGE_TTA_ACTIVE views= 8 mean_abs_feat_delta= 0.332495\n"}
,{"stream_name":"stdout","time":851.586333865,"data":"SECONDARY_EDGE_TTA_ACTIVE views= 8 weight= 0.75 mean_abs_feat_delta= 0.229597\n"}
,{"stream_name":"stdout","time":851.612352421,"data":"SECONDARY_EDGE_TTA_ACTIVE views= 8 weight= 0.75 mean_abs_feat_delta= 0.221891\n"}
,{"stream_name":"stdout","time":851.789880974,"data":"SECONDARY_EDGE_TTA_ACTIVE views= 8 weight= 0.75 mean_abs_feat_delta= 0.229597\n"}
,{"stream_name":"stdout","time":851.789923512,"data":"SECONDARY_EDGE_TTA_ACTIVE views= 8 weight= 0.75 mean_abs_feat_delta= 0.221891\n"}
,{"stream_name":"stdout","time":852.638289225,"data":"EDGE_TTA_ACTIVE views= 8 mean_abs_feat_delta= 0.369457\n"}
,{"stream_name":"stdout","time":852.840737235,"data":"EDGE_TTA_ACTIVE views= 8 mean_abs_feat_delta= 0.369457\n"}
,{"stream_name":"stdout","time":852.965083768,"data":"EDGE_TTA_ACTIVE views= 8 mean_abs_feat_delta= 0.326164\n"}
,{"stream_name":"stdout","time":853.16793067,"data":"EDGE_TTA_ACTIVE views= 8 mean_abs_feat_delta= 0.326164\n"}
,{"stream_name":"stdout","time":853.608398981,"data":"SECONDARY_EDGE_TTA_ACTIVE views= 8 weight= 0.75 mean_abs_feat_delta= 0.229355\n"}
,{"stream_name":"stdout","time":853.810800421,"data":"SECONDARY_EDGE_TTA_ACTIVE views= 8 weight= 0.75 mean_abs_feat_delta= 0.229355\n"}
,{"stream_name":"stdout","time":853.936737721,"data":"SECONDARY_EDGE_TTA_ACTIVE views= 8 weight= 0.75 mean_abs_feat_delta= 0.22287\n"}
,{"stream_name":"stdout","time":854.139222319,"data":"SECONDARY_EDGE_TTA_ACTIVE views= 8 weight= 0.75 mean_abs_feat_delta= 0.22287\n"}
,{"stream_name":"stdout","time":854.639453612,"data":"EDGE_TTA_ACTIVE views= 8 mean_abs_feat_delta= 0.366989\n"}
,{"stream_name":"stdout","time":854.842357777,"data":"EDGE_TTA_ACTIVE views= 8 mean_abs_feat_delta= 0.366989\n"}
,{"stream_name":"stdout","time":855.273769947,"data":"EDGE_TTA_ACTIVE views= 8 mean_abs_feat_delta= 0.3318\n"}
,{"stream_name":"stdout","time":855.476425218,"data":"EDGE_TTA_ACTIVE views= 8 mean_abs_feat_delta= 0.3318\n"}
,{"stream_name":"stdout","time":855.60185809,"data":"SECONDARY_EDGE_TTA_ACTIVE views= 8 weight= 0.75 mean_abs_feat_delta= 0.228164\n"}
,{"stream_name":"stdout","time":855.804542153,"data":"SECONDARY_EDGE_TTA_ACTIVE views= 8 weight= 0.75 mean_abs_feat_delta= 0.228164\n"}
,{"stream_name":"stdout","time":856.242791898,"data":"SECONDARY_EDGE_TTA_ACTIVE views= 8 weight= 0.75 mean_abs_feat_delta= 0.226905\n"}
,{"stream_name":"stdout","time":856.445131184,"data":"SECONDARY_EDGE_TTA_ACTIVE views= 8 weight= 0.75 mean_abs_feat_delta= 0.226905\n"}
,{"stream_name":"stdout","time":856.641301397,"data":"EDGE_TTA_ACTIVE views= 8 mean_abs_feat_delta= 0.364738\n"}
,{"stream_name":"stdout","time":856.843662002,"data":"EDGE_TTA_ACTIVE views= 8 mean_abs_feat_delta= 0.364738\n"}
,{"stream_name":"stdout","time":857.599941908,"data":"SECONDARY_EDGE_TTA_ACTIVE views= 8 weight= 0.75 mean_abs_feat_delta= 0.230204\n"}
,{"stream_name":"stdout","time":857.611880723,"data":"EDGE_TTA_ACTIVE views= 8 mean_abs_feat_delta= 0.332454\n"}
,{"stream_name":"stdout","time":857.802820651,"data":"SECONDARY_EDGE_TTA_ACTIVE views= 8 weight= 0.75 mean_abs_feat_delta= 0.230204\n"}
,{"stream_name":"stdout","time":857.80292758,"data":"EDGE_TTA_ACTIVE views= 8 mean_abs_feat_delta= 0.332454\n"}
,{"stream_name":"stdout","time":858.574130024,"data":"SECONDARY_EDGE_TTA_ACTIVE views= 8 weight= 0.75 mean_abs_feat_delta= 0.227329\n"}
,{"stream_name":"stdout","time":858.655784876,"data":"EDGE_TTA_ACTIVE views= 8 mean_abs_feat_delta= 0.368159\n"}
,{"stream_name":"stdout","time":858.776885972,"data":"SECONDARY_EDGE_TTA_ACTIVE views= 8 weight= 0.75 mean_abs_feat_delta= 0.227329\n"}
,{"stream_name":"stdout","time":858.77694762,"data":"EDGE_TTA_ACTIVE views= 8 mean_abs_feat_delta= 0.368159\n"}
,{"stream_name":"stdout","time":859.614407842,"data":"SECONDARY_EDGE_TTA_ACTIVE views= 8 weight= 0.75 mean_abs_feat_delta= 0.229792\n"}
,{"stream_name":"stdout","time":859.816782396,"data":"SECONDARY_EDGE_TTA_ACTIVE views= 8 weight= 0.75 mean_abs_feat_delta= 0.229792\n"}
,{"stream_name":"stdout","time":859.915465727,"data":"EDGE_TTA_ACTIVE views= 8 mean_abs_feat_delta= 0.329795\n"}
,{"stream_name":"stdout","time":860.118115048,"data":"EDGE_TTA_ACTIVE views= 8 mean_abs_feat_delta= 0.329795\n"}
,{"stream_name":"stdout","time":860.66077622,"data":"EDGE_TTA_ACTIVE views= 8 mean_abs_feat_delta= 0.370711\n"}
,{"stream_name":"stdout","time":860.863547509,"data":"EDGE_TTA_ACTIVE views= 8 mean_abs_feat_delta= 0.370711\n"}
,{"stream_name":"stdout","time":860.886911156,"data":"SECONDARY_EDGE_TTA_ACTIVE views= 8 weight= 0.75 mean_abs_feat_delta= 0.227094\n"}
,{"stream_name":"stdout","time":861.089958693,"data":"SECONDARY_EDGE_TTA_ACTIVE views= 8 weight= 0.75 mean_abs_feat_delta= 0.227094\n"}
,{"stream_name":"stdout","time":861.615818371,"data":"SECONDARY_EDGE_TTA_ACTIVE views= 8 weight= 0.75 mean_abs_feat_delta= 0.231598\n"}
,{"stream_name":"stdout","time":861.818882099,"data":"SECONDARY_EDGE_TTA_ACTIVE views= 8 weight= 0.75 mean_abs_feat_delta= 0.231598\n"}
,{"stream_name":"stdout","time":862.235943015,"data":"EDGE_TTA_ACTIVE views= 8 mean_abs_feat_delta= 0.330008\n"}
,{"stream_name":"stdout","time":862.438742467,"data":"EDGE_TTA_ACTIVE views= 8 mean_abs_feat_delta= 0.330008\n"}
,{"stream_name":"stdout","time":862.655901987,"data":"EDGE_TTA_ACTIVE views= 8 mean_abs_feat_delta= 0.360618\n"}
,{"stream_name":"stdout","time":862.858548456,"data":"EDGE_TTA_ACTIVE views= 8 mean_abs_feat_delta= 0.360618\n"}
,{"stream_name":"stdout","time":863.196872206,"data":"SECONDARY_EDGE_TTA_ACTIVE views= 8 weight= 0.75 mean_abs_feat_delta= 0.228038\n"}
,{"stream_name":"stdout","time":863.399525875,"data":"SECONDARY_EDGE_TTA_ACTIVE views= 8 weight= 0.75 mean_abs_feat_delta= 0.228038\n"}
,{"stream_name":"stdout","time":863.611027769,"data":"SECONDARY_EDGE_TTA_ACTIVE views= 8 weight= 0.75 mean_abs_feat_delta= 0.237748\n"}
,{"stream_name":"stdout","time":863.813912961,"data":"SECONDARY_EDGE_TTA_ACTIVE views= 8 weight= 0.75 mean_abs_feat_delta= 0.237748\n"}
,{"stream_name":"stdout","time":864.52528947,"data":"EDGE_TTA_ACTIVE views= 8 mean_abs_feat_delta= 0.327924\n"}
,{"stream_name":"stdout","time":864.646359494,"data":"EDGE_TTA_ACTIVE views= 8 mean_abs_feat_delta= 0.372812\n"}
,{"stream_name":"stdout","time":864.728162878,"data":"EDGE_TTA_ACTIVE views= 8 mean_abs_feat_delta= 0.327924\n"}
,{"stream_name":"stdout","time":864.728198493,"data":"EDGE_TTA_ACTIVE views= 8 mean_abs_feat_delta= 0.372812\n"}
,{"stream_name":"stdout","time":865.483252621,"data":"SECONDARY_EDGE_TTA_ACTIVE views= 8 weight= 0.75 mean_abs_feat_delta= 0.226869\n"}
,{"stream_name":"stdout","time":865.597613831,"data":"SECONDARY_EDGE_TTA_ACTIVE views= 8 weight= 0.75 mean_abs_feat_delta= 0.229174\n"}
,{"stream_name":"stdout","time":865.686091109,"data":"SECONDARY_EDGE_TTA_ACTIVE views= 8 weight= 0.75 mean_abs_feat_delta= 0.226869\n"}
,{"stream_name":"stdout","time":865.686144246,"data":"SECONDARY_EDGE_TTA_ACTIVE views= 8 weight= 0.75 mean_abs_feat_delta= 0.229174\n"}
,{"stream_name":"stdout","time":866.627339686,"data":"EDGE_TTA_ACTIVE views= 8 mean_abs_feat_delta= 0.374406\n"}
,{"stream_name":"stdout","time":866.812241854,"data":"EDGE_TTA_ACTIVE views= 8 mean_abs_feat_delta= 0.324294\n"}
,{"stream_name":"stdout","time":866.830611823,"data":"EDGE_TTA_ACTIVE views= 8 mean_abs_feat_delta= 0.374406\n"}
,{"stream_name":"stdout","time":866.830671354,"data":"EDGE_TTA_ACTIVE views= 8 mean_abs_feat_delta= 0.324294\n"}
,{"stream_name":"stdout","time":867.580259248,"data":"SECONDARY_EDGE_TTA_ACTIVE views= 8 weight= 0.75 mean_abs_feat_delta= 0.23239\n"}
,{"stream_name":"stdout","time":867.772579403,"data":"SECONDARY_EDGE_TTA_ACTIVE views= 8 weight= 0.75 mean_abs_feat_delta= 0.219975\n"}
,{"stream_name":"stdout","time":867.783330395,"data":"SECONDARY_EDGE_TTA_ACTIVE views= 8 weight= 0.75 mean_abs_feat_delta= 0.23239\n"}
,{"stream_name":"stdout","time":867.78337954,"data":"SECONDARY_EDGE_TTA_ACTIVE views= 8 weight= 0.75 mean_abs_feat_delta= 0.219975\n"}
,{"stream_name":"stdout","time":868.614200221,"data":"EDGE_TTA_ACTIVE views= 8 mean_abs_feat_delta= 0.3777\n"}
,{"stream_name":"stdout","time":868.817055654,"data":"EDGE_TTA_ACTIVE views= 8 mean_abs_feat_delta= 0.3777\n"}
,{"stream_name":"stdout","time":869.10030166,"data":"EDGE_TTA_ACTIVE views= 8 mean_abs_feat_delta= 0.329966\n"}
,{"stream_name":"stdout","time":869.303099046,"data":"EDGE_TTA_ACTIVE views= 8 mean_abs_feat_delta= 0.329966\n"}
,{"stream_name":"stdout","time":869.565866434,"data":"SECONDARY_EDGE_TTA_ACTIVE views= 8 weight= 0.75 mean_abs_feat_delta= 0.233543\n"}
,{"stream_name":"stdout","time":869.769878539,"data":"SECONDARY_EDGE_TTA_ACTIVE views= 8 weight= 0.75 mean_abs_feat_delta= 0.233543\n"}
,{"stream_name":"stdout","time":870.055332422,"data":"SECONDARY_EDGE_TTA_ACTIVE views= 8 weight= 0.75 mean_abs_feat_delta= 0.22725\n"}
,{"stream_name":"stdout","time":870.258284088,"data":"SECONDARY_EDGE_TTA_ACTIVE views= 8 weight= 0.75 mean_abs_feat_delta= 0.22725\n"}
,{"stream_name":"stdout","time":870.589878406,"data":"EDGE_TTA_ACTIVE views= 8 mean_abs_feat_delta= 0.376339\n"}
,{"stream_name":"stdout","time":870.792256352,"data":"EDGE_TTA_ACTIVE views= 8 mean_abs_feat_delta= 0.376339\n"}
,{"stream_name":"stdout","time":871.373372459,"data":"EDGE_TTA_ACTIVE views= 8 mean_abs_feat_delta= 0.322964\n"}
,{"stream_name":"stdout","time":871.538338878,"data":"SECONDARY_EDGE_TTA_ACTIVE views= 8 weight= 0.75 mean_abs_feat_delta= 0.230711\n"}
,{"stream_name":"stdout","time":871.576073181,"data":"EDGE_TTA_ACTIVE views= 8 mean_abs_feat_delta= 0.322964\n"}
,{"stream_name":"stdout","time":871.576144616,"data":"SECONDARY_EDGE_TTA_ACTIVE views= 8 weight= 0.75 mean_abs_feat_delta= 0.230711\n"}
,{"stream_name":"stdout","time":872.330705504,"data":"SECONDARY_EDGE_TTA_ACTIVE views= 8 weight= 0.75 mean_abs_feat_delta= 0.225732\n"}
,{"stream_name":"stdout","time":872.533174789,"data":"SECONDARY_EDGE_TTA_ACTIVE views= 8 weight= 0.75 mean_abs_feat_delta= 0.225732\n"}
,{"stream_name":"stdout","time":872.571311506,"data":"EDGE_TTA_ACTIVE views= 8 mean_abs_feat_delta= 0.369146\n"}
,{"stream_name":"stdout","time":872.77406947,"data":"EDGE_TTA_ACTIVE views= 8 mean_abs_feat_delta= 0.369146\n"}
,{"stream_name":"stdout","time":873.519551974,"data":"SECONDARY_EDGE_TTA_ACTIVE views= 8 weight= 0.75 mean_abs_feat_delta= 0.230076\n"}
,{"stream_name":"stdout","time":873.646893638,"data":"EDGE_TTA_ACTIVE views= 8 mean_abs_feat_delta= 0.329623\n"}
,{"stream_name":"stdout","time":873.721963414,"data":"SECONDARY_EDGE_TTA_ACTIVE views= 8 weight= 0.75 mean_abs_feat_delta= 0.230076\n"}
,{"stream_name":"stdout","time":873.722013817,"data":"EDGE_TTA_ACTIVE views= 8 mean_abs_feat_delta= 0.329623\n"}
,{"stream_name":"stdout","time":874.545481803,"data":"EDGE_TTA_ACTIVE views= 8 mean_abs_feat_delta= 0.367025\n"}
,{"stream_name":"stdout","time":874.596976656,"data":"SECONDARY_EDGE_TTA_ACTIVE views= 8 weight= 0.75 mean_abs_feat_delta= 0.229625\n"}
,{"stream_name":"stdout","time":874.748224164,"data":"EDGE_TTA_ACTIVE views= 8 mean_abs_feat_delta= 0.367025\n"}
,{"stream_name":"stdout","time":874.748257257,"data":"SECONDARY_EDGE_TTA_ACTIVE views= 8 weight= 0.75 mean_abs_feat_delta= 0.229625\n"}
,{"stream_name":"stdout","time":875.496147144,"data":"SECONDARY_EDGE_TTA_ACTIVE views= 8 weight= 0.75 mean_abs_feat_delta= 0.23\n"}
,{"stream_name":"stdout","time":875.736795689,"data":"SECONDARY_EDGE_TTA_ACTIVE views= 8 weight= 0.75 mean_abs_feat_delta= 0.23\n"}
,{"stream_name":"stdout","time":875.934284311,"data":"EDGE_TTA_ACTIVE views= 8 mean_abs_feat_delta= 0.33189\n"}
,{"stream_name":"stdout","time":876.136917452,"data":"EDGE_TTA_ACTIVE views= 8 mean_abs_feat_delta= 0.33189\n"}
,{"stream_name":"stdout","time":876.512206454,"data":"EDGE_TTA_ACTIVE views= 8 mean_abs_feat_delta= 0.371094\n"}
,{"stream_name":"stdout","time":876.714681914,"data":"EDGE_TTA_ACTIVE views= 8 mean_abs_feat_delta= 0.371094\n"}
,{"stream_name":"stdout","time":876.891180227,"data":"SECONDARY_EDGE_TTA_ACTIVE views= 8 weight= 0.75 mean_abs_feat_delta= 0.229021\n"}
,{"stream_name":"stdout","time":877.093840477,"data":"SECONDARY_EDGE_TTA_ACTIVE views= 8 weight= 0.75 mean_abs_feat_delta= 0.229021\n"}
,{"stream_name":"stdout","time":877.461998661,"data":"SECONDARY_EDGE_TTA_ACTIVE views= 8 weight= 0.75 mean_abs_feat_delta= 0.231427\n"}
,{"stream_name":"stdout","time":877.664874448,"data":"SECONDARY_EDGE_TTA_ACTIVE views= 8 weight= 0.75 mean_abs_feat_delta= 0.231427\n"}
,{"stream_name":"stdout","time":878.195308957,"data":"EDGE_TTA_ACTIVE views= 8 mean_abs_feat_delta= 0.328077\n"}
,{"stream_name":"stdout","time":878.398140862,"data":"EDGE_TTA_ACTIVE views= 8 mean_abs_feat_delta= 0.328077\n"}
,{"stream_name":"stdout","time":878.496567659,"data":"EDGE_TTA_ACTIVE views= 8 mean_abs_feat_delta= 0.375255\n"}
,{"stream_name":"stdout","time":878.69916658,"data":"EDGE_TTA_ACTIVE views= 8 mean_abs_feat_delta= 0.375255\n"}
,{"stream_name":"stdout","time":879.149585137,"data":"SECONDARY_EDGE_TTA_ACTIVE views= 8 weight= 0.75 mean_abs_feat_delta= 0.229917\n"}
,{"stream_name":"stdout","time":879.351977555,"data":"SECONDARY_EDGE_TTA_ACTIVE views= 8 weight= 0.75 mean_abs_feat_delta= 0.229917\n"}
,{"stream_name":"stdout","time":879.446918248,"data":"SECONDARY_EDGE_TTA_ACTIVE views= 8 weight= 0.75 mean_abs_feat_delta= 0.229981\n"}
,{"stream_name":"stdout","time":879.650097705,"data":"SECONDARY_EDGE_TTA_ACTIVE views= 8 weight= 0.75 mean_abs_feat_delta= 0.229981\n"}
,{"stream_name":"stdout","time":880.473125853,"data":"EDGE_TTA_ACTIVE views= 8 mean_abs_feat_delta= 0.330658\n"}
,{"stream_name":"stdout","time":880.473484057,"data":"EDGE_TTA_ACTIVE views= 8 mean_abs_feat_delta= 0.373994\n"}
,{"stream_name":"stdout","time":880.675795333,"data":"EDGE_TTA_ACTIVE views= 8 mean_abs_feat_delta= 0.330658\n"}
,{"stream_name":"stdout","time":880.675828802,"data":"EDGE_TTA_ACTIVE views= 8 mean_abs_feat_delta= 0.373994\n"}
,{"stream_name":"stdout","time":881.422915509,"data":"SECONDARY_EDGE_TTA_ACTIVE views= 8 weight= 0.75 mean_abs_feat_delta= 0.229437\n"}
,{"stream_name":"stdout","time":881.428688653,"data":"SECONDARY_EDGE_TTA_ACTIVE views= 8 weight= 0.75 mean_abs_feat_delta= 0.232737\n"}
,{"stream_name":"stdout","time":881.625151271,"data":"SECONDARY_EDGE_TTA_ACTIVE views= 8 weight= 0.75 mean_abs_feat_delta= 0.229437\n"}
,{"stream_name":"stdout","time":881.625206732,"data":"SECONDARY_EDGE_TTA_ACTIVE views= 8 weight= 0.75 mean_abs_feat_delta= 0.232737\n"}
,{"stream_name":"stdout","time":882.452026942,"data":"EDGE_TTA_ACTIVE views= 8 mean_abs_feat_delta= 0.366011\n"}
,{"stream_name":"stdout","time":882.65474517,"data":"EDGE_TTA_ACTIVE views= 8 mean_abs_feat_delta= 0.366011\n"}
,{"stream_name":"stdout","time":882.760493819,"data":"EDGE_TTA_ACTIVE views= 8 mean_abs_feat_delta= 0.330195\n"}
,{"stream_name":"stdout","time":882.963289922,"data":"EDGE_TTA_ACTIVE views= 8 mean_abs_feat_delta= 0.330195\n"}
,{"stream_name":"stdout","time":883.402138824,"data":"SECONDARY_EDGE_TTA_ACTIVE views= 8 weight= 0.75 mean_abs_feat_delta= 0.229485\n"}
,{"stream_name":"stdout","time":883.604800494,"data":"SECONDARY_EDGE_TTA_ACTIVE views= 8 weight= 0.75 mean_abs_feat_delta= 0.229485\n"}
,{"stream_name":"stdout","time":883.716248417,"data":"SECONDARY_EDGE_TTA_ACTIVE views= 8 weight= 0.75 mean_abs_feat_delta= 0.227525\n"}
,{"stream_name":"stdout","time":883.918758036,"data":"SECONDARY_EDGE_TTA_ACTIVE views= 8 weight= 0.75 mean_abs_feat_delta= 0.227525\n"}
,{"stream_name":"stdout","time":884.444595441,"data":"EDGE_TTA_ACTIVE views= 8 mean_abs_feat_delta= 0.364698\n"}
,{"stream_name":"stdout","time":884.647351322,"data":"EDGE_TTA_ACTIVE views= 8 mean_abs_feat_delta= 0.364698\n"}
,{"stream_name":"stdout","time":885.032894946,"data":"EDGE_TTA_ACTIVE views= 8 mean_abs_feat_delta= 0.332086\n"}
,{"stream_name":"stdout","time":885.235650434,"data":"EDGE_TTA_ACTIVE views= 8 mean_abs_feat_delta= 0.332086\n"}
,{"stream_name":"stdout","time":885.393741309,"data":"SECONDARY_EDGE_TTA_ACTIVE views= 8 weight= 0.75 mean_abs_feat_delta= 0.234306\n"}
,{"stream_name":"stdout","time":885.596326743,"data":"SECONDARY_EDGE_TTA_ACTIVE views= 8 weight= 0.75 mean_abs_feat_delta= 0.234306\n"}
,{"stream_name":"stdout","time":885.998917774,"data":"SECONDARY_EDGE_TTA_ACTIVE views= 8 weight= 0.75 mean_abs_feat_delta= 0.228923\n"}
,{"stream_name":"stdout","time":886.201402881,"data":"SECONDARY_EDGE_TTA_ACTIVE views= 8 weight= 0.75 mean_abs_feat_delta= 0.228923\n"}
,{"stream_name":"stdout","time":886.426093063,"data":"EDGE_TTA_ACTIVE views= 8 mean_abs_feat_delta= 0.366732\n"}
,{"stream_name":"stdout","time":886.628762857,"data":"EDGE_TTA_ACTIVE views= 8 mean_abs_feat_delta= 0.366732\n"}
,{"stream_name":"stdout","time":887.330678761,"data":"EDGE_TTA_ACTIVE views= 8 mean_abs_feat_delta= 0.334902\n"}
,{"stream_name":"stdout","time":887.378272393,"data":"SECONDARY_EDGE_TTA_ACTIVE views= 8 weight= 0.75 mean_abs_feat_delta= 0.235733\n"}
,{"stream_name":"stdout","time":887.533412425,"data":"EDGE_TTA_ACTIVE views= 8 mean_abs_feat_delta= 0.334902\n"}
,{"stream_name":"stdout","time":887.533454802,"data":"SECONDARY_EDGE_TTA_ACTIVE views= 8 weight= 0.75 mean_abs_feat_delta= 0.235733\n"}
,{"stream_name":"stdout","time":888.291602443,"data":"SECONDARY_EDGE_TTA_ACTIVE views= 8 weight= 0.75 mean_abs_feat_delta= 0.234703\n"}
,{"stream_name":"stdout","time":888.416775489,"data":"EDGE_TTA_ACTIVE views= 8 mean_abs_feat_delta= 0.370041\n"}
,{"stream_name":"stdout","time":888.49398673,"data":"SECONDARY_EDGE_TTA_ACTIVE views= 8 weight= 0.75 mean_abs_feat_delta= 0.234703\n"}
,{"stream_name":"stdout","time":888.494016474,"data":"EDGE_TTA_ACTIVE views= 8 mean_abs_feat_delta= 0.370041\n"}
,{"stream_name":"stdout","time":889.370737704,"data":"SECONDARY_EDGE_TTA_ACTIVE views= 8 weight= 0.75 mean_abs_feat_delta= 0.231775\n"}
,{"stream_name":"stdout","time":889.573094919,"data":"SECONDARY_EDGE_TTA_ACTIVE views= 8 weight= 0.75 mean_abs_feat_delta= 0.231775\n"}
,{"stream_name":"stdout","time":889.611412448,"data":"EDGE_TTA_ACTIVE views= 8 mean_abs_feat_delta= 0.331026\n"}
,{"stream_name":"stdout","time":889.813967412,"data":"EDGE_TTA_ACTIVE views= 8 mean_abs_feat_delta= 0.331026\n"}
,{"stream_name":"stdout","time":890.398257472,"data":"EDGE_TTA_ACTIVE views= 8 mean_abs_feat_delta= 0.367914\n"}
,{"stream_name":"stdout","time":890.578919724,"data":"SECONDARY_EDGE_TTA_ACTIVE views= 8 weight= 0.75 mean_abs_feat_delta= 0.228868\n"}
,{"stream_name":"stdout","time":890.601055141,"data":"EDGE_TTA_ACTIVE views= 8 mean_abs_feat_delta= 0.367914\n"}
,{"stream_name":"stdout","time":890.601077086,"data":"SECONDARY_EDGE_TTA_ACTIVE views= 8 weight= 0.75 mean_abs_feat_delta= 0.228868\n"}
,{"stream_name":"stdout","time":891.355455696,"data":"SECONDARY_EDGE_TTA_ACTIVE views= 8 weight= 0.75 mean_abs_feat_delta= 0.227854\n"}
,{"stream_name":"stdout","time":891.557928024,"data":"SECONDARY_EDGE_TTA_ACTIVE views= 8 weight= 0.75 mean_abs_feat_delta= 0.227854\n"}
,{"stream_name":"stdout","time":891.928590061,"data":"EDGE_TTA_ACTIVE views= 8 mean_abs_feat_delta= 0.33352\n"}
,{"stream_name":"stdout","time":892.131450749,"data":"EDGE_TTA_ACTIVE views= 8 mean_abs_feat_delta= 0.33352\n"}
,{"stream_name":"stdout","time":892.4511405,"data":"EDGE_TTA_ACTIVE views= 8 mean_abs_feat_delta= 0.352519\n"}
,{"stream_name":"stdout","time":892.653839219,"data":"EDGE_TTA_ACTIVE views= 8 mean_abs_feat_delta= 0.352519\n"}
,{"stream_name":"stdout","time":892.888733371,"data":"SECONDARY_EDGE_TTA_ACTIVE views= 8 weight= 0.75 mean_abs_feat_delta= 0.229406\n"}
,{"stream_name":"stdout","time":893.091179629,"data":"SECONDARY_EDGE_TTA_ACTIVE views= 8 weight= 0.75 mean_abs_feat_delta= 0.229406\n"}
,{"stream_name":"stdout","time":893.411913299,"data":"SECONDARY_EDGE_TTA_ACTIVE views= 8 weight= 0.75 mean_abs_feat_delta= 0.232249\n"}
,{"stream_name":"stdout","time":893.416169288,"data":"BIOHUB_RETENTION_GUARD {\"blended_candidates\": 66, \"dataset\": \"6bba_05b6850b\", \"frame\": 43, \"minimum_retention\": 0.9, \"primary_candidates\": 74, \"retention\": 0.8918918918918919, \"use_primary\": true}\n"}
,{"stream_name":"stdout","time":893.614508796,"data":"SECONDARY_EDGE_TTA_ACTIVE views= 8 weight= 0.75 mean_abs_feat_delta= 0.232249\n"}
,{"stream_name":"stdout","time":893.614560023,"data":"BIOHUB_RETENTION_GUARD {\"blended_candidates\": 66, \"dataset\": \"6bba_05b6850b\", \"frame\": 43, \"minimum_retention\": 0.9, \"primary_candidates\": 74, \"retention\": 0.8918918918918919, \"use_primary\": true}\n"}
,{"stream_name":"stdout","time":894.220091058,"data":"EDGE_TTA_ACTIVE views= 8 mean_abs_feat_delta= 0.333668\n"}
,{"stream_name":"stdout","time":894.42264731,"data":"EDGE_TTA_ACTIVE views= 8 mean_abs_feat_delta= 0.333668\n"}
,{"stream_name":"stdout","time":894.448930416,"data":"EDGE_TTA_ACTIVE views= 8 mean_abs_feat_delta= 0.36891\n"}
,{"stream_name":"stdout","time":894.651632144,"data":"EDGE_TTA_ACTIVE views= 8 mean_abs_feat_delta= 0.36891\n"}
,{"stream_name":"stdout","time":895.188939162,"data":"SECONDARY_EDGE_TTA_ACTIVE views= 8 weight= 0.75 mean_abs_feat_delta= 0.228734\n"}
,{"stream_name":"stdout","time":895.391679602,"data":"SECONDARY_EDGE_TTA_ACTIVE views= 8 weight= 0.75 mean_abs_feat_delta= 0.228734\n"}
,{"stream_name":"stdout","time":895.405516507,"data":"SECONDARY_EDGE_TTA_ACTIVE views= 8 weight= 0.75 mean_abs_feat_delta= 0.226463\n"}
,{"stream_name":"stdout","time":895.60813362,"data":"SECONDARY_EDGE_TTA_ACTIVE views= 8 weight= 0.75 mean_abs_feat_delta= 0.226463\n"}
,{"stream_name":"stdout","time":896.448980824,"data":"EDGE_TTA_ACTIVE views= 8 mean_abs_feat_delta= 0.372785\n"}
,{"stream_name":"stdout","time":896.52925446,"data":"EDGE_TTA_ACTIVE views= 8 mean_abs_feat_delta= 0.326117\n"}
,{"stream_name":"stdout","time":896.65130272,"data":"EDGE_TTA_ACTIVE views= 8 mean_abs_feat_delta= 0.372785\n"}
,{"stream_name":"stdout","time":896.651379152,"data":"EDGE_TTA_ACTIVE views= 8 mean_abs_feat_delta= 0.326117\n"}
,{"stream_name":"stdout","time":897.406193428,"data":"SECONDARY_EDGE_TTA_ACTIVE views= 8 weight= 0.75 mean_abs_feat_delta= 0.232529\n"}
,{"stream_name":"stdout","time":897.503188971,"data":"SECONDARY_EDGE_TTA_ACTIVE views= 8 weight= 0.75 mean_abs_feat_delta= 0.227258\n"}
,{"stream_name":"stdout","time":897.609047947,"data":"SECONDARY_EDGE_TTA_ACTIVE views= 8 weight= 0.75 mean_abs_feat_delta= 0.232529\n"}
,{"stream_name":"stdout","time":897.609090722,"data":"SECONDARY_EDGE_TTA_ACTIVE views= 8 weight= 0.75 mean_abs_feat_delta= 0.227258\n"}
,{"stream_name":"stdout","time":898.451275204,"data":"EDGE_TTA_ACTIVE views= 8 mean_abs_feat_delta= 0.372432\n"}
,{"stream_name":"stdout","time":898.65426428,"data":"EDGE_TTA_ACTIVE views= 8 mean_abs_feat_delta= 0.372432\n"}
,{"stream_name":"stdout","time":898.83772582,"data":"EDGE_TTA_ACTIVE views= 8 mean_abs_feat_delta= 0.327201\n"}
,{"stream_name":"stdout","time":899.040545829,"data":"EDGE_TTA_ACTIVE views= 8 mean_abs_feat_delta= 0.327201\n"}
,{"stream_name":"stdout","time":899.412084094,"data":"SECONDARY_EDGE_TTA_ACTIVE views= 8 weight= 0.75 mean_abs_feat_delta= 0.234792\n"}
,{"stream_name":"stdout","time":899.614638796,"data":"SECONDARY_EDGE_TTA_ACTIVE views= 8 weight= 0.75 mean_abs_feat_delta= 0.234792\n"}
,{"stream_name":"stdout","time":899.808117796,"data":"SECONDARY_EDGE_TTA_ACTIVE views= 8 weight= 0.75 mean_abs_feat_delta= 0.232919\n"}
,{"stream_name":"stdout","time":900.010697246,"data":"SECONDARY_EDGE_TTA_ACTIVE views= 8 weight= 0.75 mean_abs_feat_delta= 0.232919\n"}
,{"stream_name":"stdout","time":900.479292879,"data":"EDGE_TTA_ACTIVE views= 8 mean_abs_feat_delta= 0.371331\n"}
,{"stream_name":"stdout","time":900.682149037,"data":"EDGE_TTA_ACTIVE views= 8 mean_abs_feat_delta= 0.371331\n"}
,{"stream_name":"stdout","time":901.129831732,"data":"EDGE_TTA_ACTIVE views= 8 mean_abs_feat_delta= 0.330095\n"}
,{"stream_name":"stdout","time":901.332233769,"data":"EDGE_TTA_ACTIVE views= 8 mean_abs_feat_delta= 0.330095\n"}
,{"stream_name":"stdout","time":901.443955156,"data":"SECONDARY_EDGE_TTA_ACTIVE views= 8 weight= 0.75 mean_abs_feat_delta= 0.233309\n"}
,{"stream_name":"stdout","time":901.646586464,"data":"SECONDARY_EDGE_TTA_ACTIVE views= 8 weight= 0.75 mean_abs_feat_delta= 0.233309\n"}
,{"stream_name":"stdout","time":902.09641092,"data":"SECONDARY_EDGE_TTA_ACTIVE views= 8 weight= 0.75 mean_abs_feat_delta= 0.237762\n"}
,{"stream_name":"stdout","time":902.298770819,"data":"SECONDARY_EDGE_TTA_ACTIVE views= 8 weight= 0.75 mean_abs_feat_delta= 0.237762\n"}
,{"stream_name":"stdout","time":902.487398336,"data":"EDGE_TTA_ACTIVE views= 8 mean_abs_feat_delta= 0.369641\n"}
,{"stream_name":"stdout","time":902.689898336,"data":"EDGE_TTA_ACTIVE views= 8 mean_abs_feat_delta= 0.369641\n"}
,{"stream_name":"stdout","time":903.429256095,"data":"EDGE_TTA_ACTIVE views= 8 mean_abs_feat_delta= 0.333419\n"}
,{"stream_name":"stdout","time":903.458633992,"data":"SECONDARY_EDGE_TTA_ACTIVE views= 8 weight= 0.75 mean_abs_feat_delta= 0.231091\n"}
,{"stream_name":"stdout","time":903.631936354,"data":"EDGE_TTA_ACTIVE views= 8 mean_abs_feat_delta= 0.333419\n"}
,{"stream_name":"stdout","time":903.632157782,"data":"SECONDARY_EDGE_TTA_ACTIVE views= 8 weight= 0.75 mean_abs_feat_delta= 0.231091\n"}
,{"stream_name":"stdout","time":904.404946383,"data":"SECONDARY_EDGE_TTA_ACTIVE views= 8 weight= 0.75 mean_abs_feat_delta= 0.238631\n"}
,{"stream_name":"stdout","time":904.51074576,"data":"EDGE_TTA_ACTIVE views= 8 mean_abs_feat_delta= 0.371647\n"}
,{"stream_name":"stdout","time":904.607588332,"data":"SECONDARY_EDGE_TTA_ACTIVE views= 8 weight= 0.75 mean_abs_feat_delta= 0.238631\n"}
,{"stream_name":"stdout","time":904.607644562,"data":"EDGE_TTA_ACTIVE views= 8 mean_abs_feat_delta= 0.371647\n"}
,{"stream_name":"stdout","time":905.480484407,"data":"SECONDARY_EDGE_TTA_ACTIVE views= 8 weight= 0.75 mean_abs_feat_delta= 0.231415\n"}
,{"stream_name":"stdout","time":905.683100789,"data":"SECONDARY_EDGE_TTA_ACTIVE views= 8 weight= 0.75 mean_abs_feat_delta= 0.231415\n"}
,{"stream_name":"stdout","time":905.707028066,"data":"EDGE_TTA_ACTIVE views= 8 mean_abs_feat_delta= 0.338616\n"}
,{"stream_name":"stdout","time":905.95034571,"data":"EDGE_TTA_ACTIVE views= 8 mean_abs_feat_delta= 0.338616\n"}
,{"stream_name":"stdout","time":906.517690803,"data":"EDGE_TTA_ACTIVE views= 8 mean_abs_feat_delta= 0.368025\n"}
,{"stream_name":"stdout","time":906.675389118,"data":"SECONDARY_EDGE_TTA_ACTIVE views= 8 weight= 0.75 mean_abs_feat_delta= 0.236776\n"}
,{"stream_name":"stdout","time":906.720416769,"data":"EDGE_TTA_ACTIVE views= 8 mean_abs_feat_delta= 0.368025\n"}
,{"stream_name":"stdout","time":906.720444219,"data":"SECONDARY_EDGE_TTA_ACTIVE views= 8 weight= 0.75 mean_abs_feat_delta= 0.236776\n"}
,{"stream_name":"stdout","time":907.4878943,"data":"SECONDARY_EDGE_TTA_ACTIVE views= 8 weight= 0.75 mean_abs_feat_delta= 0.232042\n"}
,{"stream_name":"stdout","time":907.690542023,"data":"SECONDARY_EDGE_TTA_ACTIVE views= 8 weight= 0.75 mean_abs_feat_delta= 0.232042\n"}
,{"stream_name":"stdout","time":908.009276254,"data":"EDGE_TTA_ACTIVE views= 8 mean_abs_feat_delta= 0.335349\n"}
,{"stream_name":"stdout","time":908.211943282,"data":"EDGE_TTA_ACTIVE views= 8 mean_abs_feat_delta= 0.335349\n"}
,{"stream_name":"stdout","time":908.548593193,"data":"EDGE_TTA_ACTIVE views= 8 mean_abs_feat_delta= 0.362922\n"}
,{"stream_name":"stdout","time":908.751331207,"data":"EDGE_TTA_ACTIVE views= 8 mean_abs_feat_delta= 0.362922\n"}
,{"stream_name":"stdout","time":908.983032039,"data":"SECONDARY_EDGE_TTA_ACTIVE views= 8 weight= 0.75 mean_abs_feat_delta= 0.233805\n"}
,{"stream_name":"stdout","time":909.185586655,"data":"SECONDARY_EDGE_TTA_ACTIVE views= 8 weight= 0.75 mean_abs_feat_delta= 0.233805\n"}
,{"stream_name":"stdout","time":909.516571341,"data":"SECONDARY_EDGE_TTA_ACTIVE views= 8 weight= 0.75 mean_abs_feat_delta= 0.232766\n"}
,{"stream_name":"stdout","time":909.719445598,"data":"SECONDARY_EDGE_TTA_ACTIVE views= 8 weight= 0.75 mean_abs_feat_delta= 0.232766\n"}
,{"stream_name":"stdout","time":910.296469617,"data":"EDGE_TTA_ACTIVE views= 8 mean_abs_feat_delta= 0.337635\n"}
,{"stream_name":"stdout","time":910.499446385,"data":"EDGE_TTA_ACTIVE views= 8 mean_abs_feat_delta= 0.337635\n"}
,{"stream_name":"stdout","time":910.571317368,"data":"EDGE_TTA_ACTIVE views= 8 mean_abs_feat_delta= 0.352705\n"}
,{"stream_name":"stdout","time":910.773872295,"data":"EDGE_TTA_ACTIVE views= 8 mean_abs_feat_delta= 0.352705\n"}
,{"stream_name":"stdout","time":911.269329014,"data":"SECONDARY_EDGE_TTA_ACTIVE views= 8 weight= 0.75 mean_abs_feat_delta= 0.2393\n"}
,{"stream_name":"stdout","time":911.472085413,"data":"SECONDARY_EDGE_TTA_ACTIVE views= 8 weight= 0.75 mean_abs_feat_delta= 0.2393\n"}
,{"stream_name":"stdout","time":911.541161889,"data":"SECONDARY_EDGE_TTA_ACTIVE views= 8 weight= 0.75 mean_abs_feat_delta= 0.235979\n"}
,{"stream_name":"stdout","time":911.744073414,"data":"SECONDARY_EDGE_TTA_ACTIVE views= 8 weight= 0.75 mean_abs_feat_delta= 0.235979\n"}
,{"stream_name":"stdout","time":912.584785324,"data":"EDGE_TTA_ACTIVE views= 8 mean_abs_feat_delta= 0.336677\n"}
,{"stream_name":"stdout","time":912.61255172,"data":"EDGE_TTA_ACTIVE views= 8 mean_abs_feat_delta= 0.336896\n"}
,{"stream_name":"stdout","time":912.787375278,"data":"EDGE_TTA_ACTIVE views= 8 mean_abs_feat_delta= 0.336677\n"}
,{"stream_name":"stdout","time":912.787407469,"data":"EDGE_TTA_ACTIVE views= 8 mean_abs_feat_delta= 0.336896\n"}
,{"stream_name":"stdout","time":913.559310029,"data":"SECONDARY_EDGE_TTA_ACTIVE views= 8 weight= 0.75 mean_abs_feat_delta= 0.241418\n"}
,{"stream_name":"stdout","time":913.583924029,"data":"SECONDARY_EDGE_TTA_ACTIVE views= 8 weight= 0.75 mean_abs_feat_delta= 0.241376\n"}
,{"stream_name":"stdout","time":913.761893578,"data":"SECONDARY_EDGE_TTA_ACTIVE views= 8 weight= 0.75 mean_abs_feat_delta= 0.241418\n"}
,{"stream_name":"stdout","time":913.761926488,"data":"SECONDARY_EDGE_TTA_ACTIVE views= 8 weight= 0.75 mean_abs_feat_delta= 0.241376\n"}
,{"stream_name":"stdout","time":914.639006799,"data":"EDGE_TTA_ACTIVE views= 8 mean_abs_feat_delta= 0.34476\n"}
,{"stream_name":"stdout","time":914.841798591,"data":"EDGE_TTA_ACTIVE views= 8 mean_abs_feat_delta= 0.34476\n"}
,{"stream_name":"stdout","time":914.92514617,"data":"EDGE_TTA_ACTIVE views= 8 mean_abs_feat_delta= 0.334169\n"}
,{"stream_name":"stdout","time":915.127949662,"data":"EDGE_TTA_ACTIVE views= 8 mean_abs_feat_delta= 0.334169\n"}
,{"stream_name":"stdout","time":915.609116006,"data":"SECONDARY_EDGE_TTA_ACTIVE views= 8 weight= 0.75 mean_abs_feat_delta= 0.233304\n"}
,{"stream_name":"stdout","time":915.811716368,"data":"SECONDARY_EDGE_TTA_ACTIVE views= 8 weight= 0.75 mean_abs_feat_delta= 0.233304\n"}
,{"stream_name":"stdout","time":915.900742715,"data":"SECONDARY_EDGE_TTA_ACTIVE views= 8 weight= 0.75 mean_abs_feat_delta= 0.240548\n"}
,{"stream_name":"stdout","time":916.103385914,"data":"SECONDARY_EDGE_TTA_ACTIVE views= 8 weight= 0.75 mean_abs_feat_delta= 0.240548\n"}
,{"stream_name":"stdout","time":916.661900395,"data":"EDGE_TTA_ACTIVE views= 8 mean_abs_feat_delta= 0.351291\n"}
,{"stream_name":"stdout","time":916.864381741,"data":"EDGE_TTA_ACTIVE views= 8 mean_abs_feat_delta= 0.351291\n"}
,{"stream_name":"stdout","time":917.203655347,"data":"EDGE_TTA_ACTIVE views= 8 mean_abs_feat_delta= 0.334586\n"}
,{"stream_name":"stdout","time":917.406194202,"data":"EDGE_TTA_ACTIVE views= 8 mean_abs_feat_delta= 0.334586\n"}
,{"stream_name":"stdout","time":917.633335449,"data":"SECONDARY_EDGE_TTA_ACTIVE views= 8 weight= 0.75 mean_abs_feat_delta= 0.237349\n"}
,{"stream_name":"stdout","time":917.835937064,"data":"SECONDARY_EDGE_TTA_ACTIVE views= 8 weight= 0.75 mean_abs_feat_delta= 0.237349\n"}
,{"stream_name":"stdout","time":918.175860185,"data":"SECONDARY_EDGE_TTA_ACTIVE views= 8 weight= 0.75 mean_abs_feat_delta= 0.239217\n"}
,{"stream_name":"stdout","time":918.378649386,"data":"SECONDARY_EDGE_TTA_ACTIVE views= 8 weight= 0.75 mean_abs_feat_delta= 0.239217\n"}
,{"stream_name":"stdout","time":918.686457614,"data":"EDGE_TTA_ACTIVE views= 8 mean_abs_feat_delta= 0.350787\n"}
,{"stream_name":"stdout","time":918.888848771,"data":"EDGE_TTA_ACTIVE views= 8 mean_abs_feat_delta= 0.350787\n"}
,{"stream_name":"stdout","time":919.46845707,"data":"EDGE_TTA_ACTIVE views= 8 mean_abs_feat_delta= 0.333591\n"}
,{"stream_name":"stdout","time":919.656921297,"data":"SECONDARY_EDGE_TTA_ACTIVE views= 8 weight= 0.75 mean_abs_feat_delta= 0.237192\n"}
,{"stream_name":"stdout","time":919.671382121,"data":"EDGE_TTA_ACTIVE views= 8 mean_abs_feat_delta= 0.333591\n"}
,{"stream_name":"stdout","time":919.67145522,"data":"SECONDARY_EDGE_TTA_ACTIVE views= 8 weight= 0.75 mean_abs_feat_delta= 0.237192\n"}
,{"stream_name":"stdout","time":920.44186905,"data":"SECONDARY_EDGE_TTA_ACTIVE views= 8 weight= 0.75 mean_abs_feat_delta= 0.238117\n"}
,{"stream_name":"stdout","time":920.644361953,"data":"SECONDARY_EDGE_TTA_ACTIVE views= 8 weight= 0.75 mean_abs_feat_delta= 0.238117\n"}
,{"stream_name":"stdout","time":920.721263626,"data":"EDGE_TTA_ACTIVE views= 8 mean_abs_feat_delta= 0.352459\n"}
,{"stream_name":"stdout","time":920.923813195,"data":"EDGE_TTA_ACTIVE views= 8 mean_abs_feat_delta= 0.352459\n"}
,{"stream_name":"stdout","time":921.683895436,"data":"SECONDARY_EDGE_TTA_ACTIVE views= 8 weight= 0.75 mean_abs_feat_delta= 0.23579\n"}
,{"stream_name":"stdout","time":921.755953792,"data":"EDGE_TTA_ACTIVE views= 8 mean_abs_feat_delta= 0.333424\n"}
,{"stream_name":"stdout","time":921.886464088,"data":"SECONDARY_EDGE_TTA_ACTIVE views= 8 weight= 0.75 mean_abs_feat_delta= 0.23579\n"}
,{"stream_name":"stdout","time":921.88659404,"data":"EDGE_TTA_ACTIVE views= 8 mean_abs_feat_delta= 0.333424\n"}
,{"stream_name":"stdout","time":922.727969436,"data":"SECONDARY_EDGE_TTA_ACTIVE views= 8 weight= 0.75 mean_abs_feat_delta= 0.241111\n"}
,{"stream_name":"stdout","time":922.73497527,"data":"EDGE_TTA_ACTIVE views= 8 mean_abs_feat_delta= 0.343926\n"}
,{"stream_name":"stdout","time":922.930792224,"data":"SECONDARY_EDGE_TTA_ACTIVE views= 8 weight= 0.75 mean_abs_feat_delta= 0.241111\n"}
,{"stream_name":"stdout","time":922.930828987,"data":"EDGE_TTA_ACTIVE views= 8 mean_abs_feat_delta= 0.343926\n"}
,{"stream_name":"stdout","time":923.705856208,"data":"SECONDARY_EDGE_TTA_ACTIVE views= 8 weight= 0.75 mean_abs_feat_delta= 0.245733\n"}
,{"stream_name":"stdout","time":923.9084958,"data":"SECONDARY_EDGE_TTA_ACTIVE views= 8 weight= 0.75 mean_abs_feat_delta= 0.245733\n"}
,{"stream_name":"stdout","time":924.042373548,"data":"EDGE_TTA_ACTIVE views= 8 mean_abs_feat_delta= 0.329672\n"}
,{"stream_name":"stdout","time":924.24489168,"data":"EDGE_TTA_ACTIVE views= 8 mean_abs_feat_delta= 0.329672\n"}
,{"stream_name":"stdout","time":924.749902924,"data":"EDGE_TTA_ACTIVE views= 8 mean_abs_feat_delta= 0.361961\n"}
,{"stream_name":"stdout","time":924.952671454,"data":"EDGE_TTA_ACTIVE views= 8 mean_abs_feat_delta= 0.361961\n"}
,{"stream_name":"stdout","time":925.014803698,"data":"SECONDARY_EDGE_TTA_ACTIVE views= 8 weight= 0.75 mean_abs_feat_delta= 0.233408\n"}
,{"stream_name":"stdout","time":925.217321593,"data":"SECONDARY_EDGE_TTA_ACTIVE views= 8 weight= 0.75 mean_abs_feat_delta= 0.233408\n"}
,{"stream_name":"stdout","time":925.714919638,"data":"SECONDARY_EDGE_TTA_ACTIVE views= 8 weight= 0.75 mean_abs_feat_delta= 0.237609\n"}
,{"stream_name":"stdout","time":925.91750321,"data":"SECONDARY_EDGE_TTA_ACTIVE views= 8 weight= 0.75 mean_abs_feat_delta= 0.237609\n"}
,{"stream_name":"stdout","time":926.326666234,"data":"EDGE_TTA_ACTIVE views= 8 mean_abs_feat_delta= 0.330847\n"}
,{"stream_name":"stdout","time":926.529345427,"data":"EDGE_TTA_ACTIVE views= 8 mean_abs_feat_delta= 0.330847\n"}
,{"stream_name":"stdout","time":926.751914867,"data":"EDGE_TTA_ACTIVE views= 8 mean_abs_feat_delta= 0.359198\n"}
,{"stream_name":"stdout","time":926.952562801,"data":"EDGE_TTA_ACTIVE views= 8 mean_abs_feat_delta= 0.359198\n"}
,{"stream_name":"stdout","time":927.304094815,"data":"SECONDARY_EDGE_TTA_ACTIVE views= 8 weight= 0.75 mean_abs_feat_delta= 0.236893\n"}
,{"stream_name":"stdout","time":927.506465872,"data":"SECONDARY_EDGE_TTA_ACTIVE views= 8 weight= 0.75 mean_abs_feat_delta= 0.236893\n"}
,{"stream_name":"stdout","time":927.721229698,"data":"SECONDARY_EDGE_TTA_ACTIVE views= 8 weight= 0.75 mean_abs_feat_delta= 0.24975\n"}
,{"stream_name":"stdout","time":927.923802271,"data":"SECONDARY_EDGE_TTA_ACTIVE views= 8 weight= 0.75 mean_abs_feat_delta= 0.24975\n"}
,{"stream_name":"stdout","time":928.598128639,"data":"EDGE_TTA_ACTIVE views= 8 mean_abs_feat_delta= 0.332545\n"}
,{"stream_name":"stdout","time":928.76891939,"data":"EDGE_TTA_ACTIVE views= 8 mean_abs_feat_delta= 0.364122\n"}
,{"stream_name":"stdout","time":928.800868905,"data":"EDGE_TTA_ACTIVE views= 8 mean_abs_feat_delta= 0.332545\n"}
,{"stream_name":"stdout","time":928.800899788,"data":"EDGE_TTA_ACTIVE views= 8 mean_abs_feat_delta= 0.364122\n"}
,{"stream_name":"stdout","time":929.572013622,"data":"SECONDARY_EDGE_TTA_ACTIVE views= 8 weight= 0.75 mean_abs_feat_delta= 0.244446\n"}
,{"stream_name":"stdout","time":929.732579629,"data":"SECONDARY_EDGE_TTA_ACTIVE views= 8 weight= 0.75 mean_abs_feat_delta= 0.23735\n"}
,{"stream_name":"stdout","time":929.774800227,"data":"SECONDARY_EDGE_TTA_ACTIVE views= 8 weight= 0.75 mean_abs_feat_delta= 0.244446\n"}
,{"stream_name":"stdout","time":929.774831068,"data":"SECONDARY_EDGE_TTA_ACTIVE views= 8 weight= 0.75 mean_abs_feat_delta= 0.23735\n"}
,{"stream_name":"stdout","time":930.76596825,"data":"EDGE_TTA_ACTIVE views= 8 mean_abs_feat_delta= 0.357428\n"}
,{"stream_name":"stdout","time":930.865297526,"data":"EDGE_TTA_ACTIVE views= 8 mean_abs_feat_delta= 0.333406\n"}
,{"stream_name":"stdout","time":930.970133814,"data":"EDGE_TTA_ACTIVE views= 8 mean_abs_feat_delta= 0.357428\n"}
,{"stream_name":"stdout","time":930.970188149,"data":"EDGE_TTA_ACTIVE views= 8 mean_abs_feat_delta= 0.333406\n"}
,{"stream_name":"stdout","time":931.728327651,"data":"SECONDARY_EDGE_TTA_ACTIVE views= 8 weight= 0.75 mean_abs_feat_delta= 0.239857\n"}
,{"stream_name":"stdout","time":931.840929996,"data":"SECONDARY_EDGE_TTA_ACTIVE views= 8 weight= 0.75 mean_abs_feat_delta= 0.249633\n"}
,{"stream_name":"stdout","time":931.931380271,"data":"SECONDARY_EDGE_TTA_ACTIVE views= 8 weight= 0.75 mean_abs_feat_delta= 0.239857\n"}
,{"stream_name":"stdout","time":931.931417961,"data":"SECONDARY_EDGE_TTA_ACTIVE views= 8 weight= 0.75 mean_abs_feat_delta= 0.249633\n"}
,{"stream_name":"stdout","time":932.770586514,"data":"EDGE_TTA_ACTIVE views= 8 mean_abs_feat_delta= 0.343652\n"}
,{"stream_name":"stdout","time":932.97305319,"data":"EDGE_TTA_ACTIVE views= 8 mean_abs_feat_delta= 0.343652\n"}
,{"stream_name":"stdout","time":933.117947544,"data":"EDGE_TTA_ACTIVE views= 8 mean_abs_feat_delta= 0.33416\n"}
,{"stream_name":"stdout","time":933.320500519,"data":"EDGE_TTA_ACTIVE views= 8 mean_abs_feat_delta= 0.33416\n"}
,{"stream_name":"stdout","time":933.730986781,"data":"SECONDARY_EDGE_TTA_ACTIVE views= 8 weight= 0.75 mean_abs_feat_delta= 0.246472\n"}
,{"stream_name":"stdout","time":933.933631085,"data":"SECONDARY_EDGE_TTA_ACTIVE views= 8 weight= 0.75 mean_abs_feat_delta= 0.246472\n"}
,{"stream_name":"stdout","time":934.092297898,"data":"SECONDARY_EDGE_TTA_ACTIVE views= 8 weight= 0.75 mean_abs_feat_delta= 0.246702\n"}
,{"stream_name":"stdout","time":934.294915484,"data":"SECONDARY_EDGE_TTA_ACTIVE views= 8 weight= 0.75 mean_abs_feat_delta= 0.246702\n"}
,{"stream_name":"stdout","time":934.768260776,"data":"EDGE_TTA_ACTIVE views= 8 mean_abs_feat_delta= 0.355033\n"}
,{"stream_name":"stdout","time":934.970806548,"data":"EDGE_TTA_ACTIVE views= 8 mean_abs_feat_delta= 0.355033\n"}
,{"stream_name":"stdout","time":935.386801329,"data":"EDGE_TTA_ACTIVE views= 8 mean_abs_feat_delta= 0.335015\n"}
,{"stream_name":"stdout","time":935.589825086,"data":"EDGE_TTA_ACTIVE views= 8 mean_abs_feat_delta= 0.335015\n"}
,{"stream_name":"stdout","time":935.733857919,"data":"SECONDARY_EDGE_TTA_ACTIVE views= 8 weight= 0.75 mean_abs_feat_delta= 0.23837\n"}
,{"stream_name":"stdout","time":935.935958124,"data":"SECONDARY_EDGE_TTA_ACTIVE views= 8 weight= 0.75 mean_abs_feat_delta= 0.23837\n"}
,{"stream_name":"stdout","time":936.361989923,"data":"SECONDARY_EDGE_TTA_ACTIVE views= 8 weight= 0.75 mean_abs_feat_delta= 0.239557\n"}
,{"stream_name":"stdout","time":936.606197487,"data":"SECONDARY_EDGE_TTA_ACTIVE views= 8 weight= 0.75 mean_abs_feat_delta= 0.239557\n"}
,{"stream_name":"stdout","time":936.779120614,"data":"EDGE_TTA_ACTIVE views= 8 mean_abs_feat_delta= 0.351347\n"}
,{"stream_name":"stdout","time":936.981854801,"data":"EDGE_TTA_ACTIVE views= 8 mean_abs_feat_delta= 0.351347\n"}
,{"stream_name":"stdout","time":937.63645134,"data":"EDGE_TTA_ACTIVE views= 8 mean_abs_feat_delta= 0.342511\n"}
,{"stream_name":"stdout","time":937.740366384,"data":"SECONDARY_EDGE_TTA_ACTIVE views= 8 weight= 0.75 mean_abs_feat_delta= 0.23794\n"}
,{"stream_name":"stdout","time":937.839497111,"data":"EDGE_TTA_ACTIVE views= 8 mean_abs_feat_delta= 0.342511\n"}
,{"stream_name":"stdout","time":937.839547093,"data":"SECONDARY_EDGE_TTA_ACTIVE views= 8 weight= 0.75 mean_abs_feat_delta= 0.23794\n"}
,{"stream_name":"stdout","time":938.609131081,"data":"SECONDARY_EDGE_TTA_ACTIVE views= 8 weight= 0.75 mean_abs_feat_delta= 0.238104\n"}
,{"stream_name":"stdout","time":938.779197995,"data":"EDGE_TTA_ACTIVE views= 8 mean_abs_feat_delta= 0.353252\n"}
,{"stream_name":"stdout","time":938.812084943,"data":"SECONDARY_EDGE_TTA_ACTIVE views= 8 weight= 0.75 mean_abs_feat_delta= 0.238104\n"}
,{"stream_name":"stdout","time":938.812124177,"data":"EDGE_TTA_ACTIVE views= 8 mean_abs_feat_delta= 0.353252\n"}
,{"stream_name":"stdout","time":939.735593383,"data":"SECONDARY_EDGE_TTA_ACTIVE views= 8 weight= 0.75 mean_abs_feat_delta= 0.237401\n"}
,{"stream_name":"stdout","time":939.894545195,"data":"EDGE_TTA_ACTIVE views= 8 mean_abs_feat_delta= 0.342159\n"}
,{"stream_name":"stdout","time":939.938009577,"data":"SECONDARY_EDGE_TTA_ACTIVE views= 8 weight= 0.75 mean_abs_feat_delta= 0.237401\n"}
,{"stream_name":"stdout","time":939.938035527,"data":"EDGE_TTA_ACTIVE views= 8 mean_abs_feat_delta= 0.342159\n"}
,{"stream_name":"stdout","time":940.785259526,"data":"EDGE_TTA_ACTIVE views= 8 mean_abs_feat_delta= 0.33905\n"}
,{"stream_name":"stdout","time":940.862057604,"data":"SECONDARY_EDGE_TTA_ACTIVE views= 8 weight= 0.75 mean_abs_feat_delta= 0.239919\n"}
,{"stream_name":"stdout","time":940.988381826,"data":"EDGE_TTA_ACTIVE views= 8 mean_abs_feat_delta= 0.33905\n"}
,{"stream_name":"stdout","time":940.988432026,"data":"SECONDARY_EDGE_TTA_ACTIVE views= 8 weight= 0.75 mean_abs_feat_delta= 0.239919\n"}
,{"stream_name":"stdout","time":941.746325518,"data":"SECONDARY_EDGE_TTA_ACTIVE views= 8 weight= 0.75 mean_abs_feat_delta= 0.245673\n"}
,{"stream_name":"stdout","time":941.949439885,"data":"SECONDARY_EDGE_TTA_ACTIVE views= 8 weight= 0.75 mean_abs_feat_delta= 0.245673\n"}
,{"stream_name":"stdout","time":942.15729643,"data":"EDGE_TTA_ACTIVE views= 8 mean_abs_feat_delta= 0.340811\n"}
,{"stream_name":"stdout","time":942.359861883,"data":"EDGE_TTA_ACTIVE views= 8 mean_abs_feat_delta= 0.340811\n"}
,{"stream_name":"stdout","time":942.789280611,"data":"EDGE_TTA_ACTIVE views= 8 mean_abs_feat_delta= 0.354422\n"}
,{"stream_name":"stdout","time":942.991791513,"data":"EDGE_TTA_ACTIVE views= 8 mean_abs_feat_delta= 0.354422\n"}
,{"stream_name":"stdout","time":943.129960133,"data":"SECONDARY_EDGE_TTA_ACTIVE views= 8 weight= 0.75 mean_abs_feat_delta= 0.238456\n"}
,{"stream_name":"stdout","time":943.332902343,"data":"SECONDARY_EDGE_TTA_ACTIVE views= 8 weight= 0.75 mean_abs_feat_delta= 0.238456\n"}
,{"stream_name":"stdout","time":943.748586568,"data":"SECONDARY_EDGE_TTA_ACTIVE views= 8 weight= 0.75 mean_abs_feat_delta= 0.235875\n"}
,{"stream_name":"stdout","time":943.951098426,"data":"SECONDARY_EDGE_TTA_ACTIVE views= 8 weight= 0.75 mean_abs_feat_delta= 0.235875\n"}
,{"stream_name":"stdout","time":944.435358858,"data":"EDGE_TTA_ACTIVE views= 8 mean_abs_feat_delta= 0.349582\n"}
,{"stream_name":"stdout","time":944.638002392,"data":"EDGE_TTA_ACTIVE views= 8 mean_abs_feat_delta= 0.349582\n"}
,{"stream_name":"stdout","time":944.772628366,"data":"EDGE_TTA_ACTIVE views= 8 mean_abs_feat_delta= 0.359708\n"}
,{"stream_name":"stdout","time":944.975400476,"data":"EDGE_TTA_ACTIVE views= 8 mean_abs_feat_delta= 0.359708\n"}
,{"stream_name":"stdout","time":945.401811222,"data":"SECONDARY_EDGE_TTA_ACTIVE views= 8 weight= 0.75 mean_abs_feat_delta= 0.237938\n"}
,{"stream_name":"stdout","time":945.604247166,"data":"SECONDARY_EDGE_TTA_ACTIVE views= 8 weight= 0.75 mean_abs_feat_delta= 0.237938\n"}
,{"stream_name":"stdout","time":945.733907917,"data":"SECONDARY_EDGE_TTA_ACTIVE views= 8 weight= 0.75 mean_abs_feat_delta= 0.241531\n"}
,{"stream_name":"stdout","time":945.93393398,"data":"SECONDARY_EDGE_TTA_ACTIVE views= 8 weight= 0.75 mean_abs_feat_delta= 0.241531\n"}
,{"stream_name":"stdout","time":946.673955396,"data":"EDGE_TTA_ACTIVE views= 8 mean_abs_feat_delta= 0.350508\n"}
,{"stream_name":"stdout","time":946.771937981,"data":"EDGE_TTA_ACTIVE views= 8 mean_abs_feat_delta= 0.359515\n"}
,{"stream_name":"stdout","time":946.876809794,"data":"EDGE_TTA_ACTIVE views= 8 mean_abs_feat_delta= 0.350508\n"}
,{"stream_name":"stdout","time":946.876844394,"data":"EDGE_TTA_ACTIVE views= 8 mean_abs_feat_delta= 0.359515\n"}
,{"stream_name":"stdout","time":947.646494926,"data":"SECONDARY_EDGE_TTA_ACTIVE views= 8 weight= 0.75 mean_abs_feat_delta= 0.242027\n"}
,{"stream_name":"stdout","time":947.734990563,"data":"SECONDARY_EDGE_TTA_ACTIVE views= 8 weight= 0.75 mean_abs_feat_delta= 0.238654\n"}
,{"stream_name":"stdout","time":947.849453299,"data":"SECONDARY_EDGE_TTA_ACTIVE views= 8 weight= 0.75 mean_abs_feat_delta= 0.242027\n"}
,{"stream_name":"stdout","time":947.849515937,"data":"SECONDARY_EDGE_TTA_ACTIVE views= 8 weight= 0.75 mean_abs_feat_delta= 0.238654\n"}
,{"stream_name":"stdout","time":948.770487745,"data":"EDGE_TTA_ACTIVE views= 8 mean_abs_feat_delta= 0.356987\n"}
,{"stream_name":"stdout","time":948.925790872,"data":"EDGE_TTA_ACTIVE views= 8 mean_abs_feat_delta= 0.347721\n"}
,{"stream_name":"stdout","time":948.972871094,"data":"EDGE_TTA_ACTIVE views= 8 mean_abs_feat_delta= 0.356987\n"}
,{"stream_name":"stdout","time":948.972896973,"data":"EDGE_TTA_ACTIVE views= 8 mean_abs_feat_delta= 0.347721\n"}
,{"stream_name":"stdout","time":949.728496729,"data":"SECONDARY_EDGE_TTA_ACTIVE views= 8 weight= 0.75 mean_abs_feat_delta= 0.235897\n"}
,{"stream_name":"stdout","time":949.896793831,"data":"SECONDARY_EDGE_TTA_ACTIVE views= 8 weight= 0.75 mean_abs_feat_delta= 0.244117\n"}
,{"stream_name":"stdout","time":949.93164434,"data":"SECONDARY_EDGE_TTA_ACTIVE views= 8 weight= 0.75 mean_abs_feat_delta= 0.235897\n"}
,{"stream_name":"stdout","time":949.931678357,"data":"SECONDARY_EDGE_TTA_ACTIVE views= 8 weight= 0.75 mean_abs_feat_delta= 0.244117\n"}
,{"stream_name":"stdout","time":950.764506285,"data":"EDGE_TTA_ACTIVE views= 8 mean_abs_feat_delta= 0.358806\n"}
,{"stream_name":"stdout","time":950.967542017,"data":"EDGE_TTA_ACTIVE views= 8 mean_abs_feat_delta= 0.358806\n"}
,{"stream_name":"stdout","time":951.177169481,"data":"EDGE_TTA_ACTIVE views= 8 mean_abs_feat_delta= 0.347752\n"}
,{"stream_name":"stdout","time":951.379872567,"data":"EDGE_TTA_ACTIVE views= 8 mean_abs_feat_delta= 0.347752\n"}
,{"stream_name":"stdout","time":951.721257368,"data":"SECONDARY_EDGE_TTA_ACTIVE views= 8 weight= 0.75 mean_abs_feat_delta= 0.232787\n"}
,{"stream_name":"stdout","time":951.923859866,"data":"SECONDARY_EDGE_TTA_ACTIVE views= 8 weight= 0.75 mean_abs_feat_delta= 0.232787\n"}
,{"stream_name":"stdout","time":952.146203797,"data":"SECONDARY_EDGE_TTA_ACTIVE views= 8 weight= 0.75 mean_abs_feat_delta= 0.243325\n"}
,{"stream_name":"stdout","time":952.348777415,"data":"SECONDARY_EDGE_TTA_ACTIVE views= 8 weight= 0.75 mean_abs_feat_delta= 0.243325\n"}
,{"stream_name":"stdout","time":952.751912783,"data":"EDGE_TTA_ACTIVE views= 8 mean_abs_feat_delta= 0.360605\n"}
,{"stream_name":"stdout","time":952.954542797,"data":"EDGE_TTA_ACTIVE views= 8 mean_abs_feat_delta= 0.360605\n"}
,{"stream_name":"stdout","time":953.420330423,"data":"EDGE_TTA_ACTIVE views= 8 mean_abs_feat_delta= 0.347648\n"}
,{"stream_name":"stdout","time":953.622935166,"data":"EDGE_TTA_ACTIVE views= 8 mean_abs_feat_delta= 0.347648\n"}
,{"stream_name":"stdout","time":953.711010152,"data":"SECONDARY_EDGE_TTA_ACTIVE views= 8 weight= 0.75 mean_abs_feat_delta= 0.235419\n"}
,{"stream_name":"stdout","time":953.913526677,"data":"SECONDARY_EDGE_TTA_ACTIVE views= 8 weight= 0.75 mean_abs_feat_delta= 0.235419\n"}
,{"stream_name":"stdout","time":954.385596906,"data":"SECONDARY_EDGE_TTA_ACTIVE views= 8 weight= 0.75 mean_abs_feat_delta= 0.244042\n"}
,{"stream_name":"stdout","time":954.58848238,"data":"SECONDARY_EDGE_TTA_ACTIVE views= 8 weight= 0.75 mean_abs_feat_delta= 0.244042\n"}
,{"stream_name":"stdout","time":954.751672141,"data":"EDGE_TTA_ACTIVE views= 8 mean_abs_feat_delta= 0.35888\n"}
,{"stream_name":"stdout","time":954.953903469,"data":"EDGE_TTA_ACTIVE views= 8 mean_abs_feat_delta= 0.35888\n"}
,{"stream_name":"stdout","time":955.687702573,"data":"EDGE_TTA_ACTIVE views= 8 mean_abs_feat_delta= 0.350568\n"}
,{"stream_name":"stdout","time":955.707459873,"data":"SECONDARY_EDGE_TTA_ACTIVE views= 8 weight= 0.75 mean_abs_feat_delta= 0.232021\n"}
,{"stream_name":"stdout","time":955.890258574,"data":"EDGE_TTA_ACTIVE views= 8 mean_abs_feat_delta= 0.350568\n"}
,{"stream_name":"stdout","time":955.890301556,"data":"SECONDARY_EDGE_TTA_ACTIVE views= 8 weight= 0.75 mean_abs_feat_delta= 0.232021\n"}
,{"stream_name":"stdout","time":956.648964478,"data":"SECONDARY_EDGE_TTA_ACTIVE views= 8 weight= 0.75 mean_abs_feat_delta= 0.24973\n"}
,{"stream_name":"stdout","time":956.745349152,"data":"EDGE_TTA_ACTIVE views= 8 mean_abs_feat_delta= 0.364525\n"}
,{"stream_name":"stdout","time":956.85158445,"data":"SECONDARY_EDGE_TTA_ACTIVE views= 8 weight= 0.75 mean_abs_feat_delta= 0.24973\n"}
,{"stream_name":"stdout","time":956.851618702,"data":"EDGE_TTA_ACTIVE views= 8 mean_abs_feat_delta= 0.364525\n"}
,{"stream_name":"stdout","time":957.702871928,"data":"SECONDARY_EDGE_TTA_ACTIVE views= 8 weight= 0.75 mean_abs_feat_delta= 0.235438\n"}
,{"stream_name":"stdout","time":957.905324839,"data":"SECONDARY_EDGE_TTA_ACTIVE views= 8 weight= 0.75 mean_abs_feat_delta= 0.235438\n"}
,{"stream_name":"stdout","time":957.918595258,"data":"EDGE_TTA_ACTIVE views= 8 mean_abs_feat_delta= 0.339277\n"}
,{"stream_name":"stdout","time":958.121064336,"data":"EDGE_TTA_ACTIVE views= 8 mean_abs_feat_delta= 0.339277\n"}
,{"stream_name":"stdout","time":958.771740384,"data":"EDGE_TTA_ACTIVE views= 8 mean_abs_feat_delta= 0.367055\n"}
,{"stream_name":"stdout","time":958.884636878,"data":"SECONDARY_EDGE_TTA_ACTIVE views= 8 weight= 0.75 mean_abs_feat_delta= 0.239339\n"}
,{"stream_name":"stdout","time":958.974881938,"data":"EDGE_TTA_ACTIVE views= 8 mean_abs_feat_delta= 0.367055\n"}
,{"stream_name":"stdout","time":958.974922546,"data":"SECONDARY_EDGE_TTA_ACTIVE views= 8 weight= 0.75 mean_abs_feat_delta= 0.239339\n"}
,{"stream_name":"stdout","time":959.730029445,"data":"SECONDARY_EDGE_TTA_ACTIVE views= 8 weight= 0.75 mean_abs_feat_delta= 0.238512\n"}
,{"stream_name":"stdout","time":959.932635955,"data":"SECONDARY_EDGE_TTA_ACTIVE views= 8 weight= 0.75 mean_abs_feat_delta= 0.238512\n"}
,{"stream_name":"stdout","time":960.163888376,"data":"EDGE_TTA_ACTIVE views= 8 mean_abs_feat_delta= 0.341866\n"}
,{"stream_name":"stdout","time":960.366303702,"data":"EDGE_TTA_ACTIVE views= 8 mean_abs_feat_delta= 0.341866\n"}
,{"stream_name":"stdout","time":960.766001153,"data":"EDGE_TTA_ACTIVE views= 8 mean_abs_feat_delta= 0.351417\n"}
,{"stream_name":"stdout","time":960.968459866,"data":"EDGE_TTA_ACTIVE views= 8 mean_abs_feat_delta= 0.351417\n"}
,{"stream_name":"stdout","time":961.125096989,"data":"SECONDARY_EDGE_TTA_ACTIVE views= 8 weight= 0.75 mean_abs_feat_delta= 0.244666\n"}
,{"stream_name":"stdout","time":961.327940986,"data":"SECONDARY_EDGE_TTA_ACTIVE views= 8 weight= 0.75 mean_abs_feat_delta= 0.244666\n"}
,{"stream_name":"stdout","time":961.725197404,"data":"SECONDARY_EDGE_TTA_ACTIVE views= 8 weight= 0.75 mean_abs_feat_delta= 0.246384\n"}
,{"stream_name":"stdout","time":961.927629002,"data":"SECONDARY_EDGE_TTA_ACTIVE views= 8 weight= 0.75 mean_abs_feat_delta= 0.246384\n"}
,{"stream_name":"stdout","time":962.389833084,"data":"EDGE_TTA_ACTIVE views= 8 mean_abs_feat_delta= 0.344401\n"}
,{"stream_name":"stdout","time":962.592486433,"data":"EDGE_TTA_ACTIVE views= 8 mean_abs_feat_delta= 0.344401\n"}
,{"stream_name":"stdout","time":962.759716742,"data":"EDGE_TTA_ACTIVE views= 8 mean_abs_feat_delta= 0.363487\n"}
,{"stream_name":"stdout","time":962.962155484,"data":"EDGE_TTA_ACTIVE views= 8 mean_abs_feat_delta= 0.363487\n"}
,{"stream_name":"stdout","time":963.350813094,"data":"SECONDARY_EDGE_TTA_ACTIVE views= 8 weight= 0.75 mean_abs_feat_delta= 0.244039\n"}
,{"stream_name":"stdout","time":963.553823592,"data":"SECONDARY_EDGE_TTA_ACTIVE views= 8 weight= 0.75 mean_abs_feat_delta= 0.244039\n"}
,{"stream_name":"stdout","time":963.718808829,"data":"SECONDARY_EDGE_TTA_ACTIVE views= 8 weight= 0.75 mean_abs_feat_delta= 0.234938\n"}
,{"stream_name":"stdout","time":963.921229901,"data":"SECONDARY_EDGE_TTA_ACTIVE views= 8 weight= 0.75 mean_abs_feat_delta= 0.234938\n"}
,{"stream_name":"stdout","time":964.605639582,"data":"EDGE_TTA_ACTIVE views= 8 mean_abs_feat_delta= 0.341738\n"}
,{"stream_name":"stdout","time":964.758495079,"data":"EDGE_TTA_ACTIVE views= 8 mean_abs_feat_delta= 0.361591\n"}
,{"stream_name":"stdout","time":964.808050753,"data":"EDGE_TTA_ACTIVE views= 8 mean_abs_feat_delta= 0.341738\n"}
,{"stream_name":"stdout","time":964.808073048,"data":"EDGE_TTA_ACTIVE views= 8 mean_abs_feat_delta= 0.361591\n"}
,{"stream_name":"stdout","time":965.577571892,"data":"SECONDARY_EDGE_TTA_ACTIVE views= 8 weight= 0.75 mean_abs_feat_delta= 0.245322\n"}
,{"stream_name":"stdout","time":965.716917784,"data":"SECONDARY_EDGE_TTA_ACTIVE views= 8 weight= 0.75 mean_abs_feat_delta= 0.237752\n"}
,{"stream_name":"stdout","time":965.77966495,"data":"SECONDARY_EDGE_TTA_ACTIVE views= 8 weight= 0.75 mean_abs_feat_delta= 0.245322\n"}
,{"stream_name":"stdout","time":965.779704572,"data":"SECONDARY_EDGE_TTA_ACTIVE views= 8 weight= 0.75 mean_abs_feat_delta= 0.237752\n"}
,{"stream_name":"stdout","time":966.765815541,"data":"EDGE_TTA_ACTIVE views= 8 mean_abs_feat_delta= 0.35878\n"}
,{"stream_name":"stdout","time":966.850000488,"data":"EDGE_TTA_ACTIVE views= 8 mean_abs_feat_delta= 0.339738\n"}
,{"stream_name":"stdout","time":967.018836307,"data":"EDGE_TTA_ACTIVE views= 8 mean_abs_feat_delta= 0.35878\n"}
,{"stream_name":"stdout","time":967.018863152,"data":"EDGE_TTA_ACTIVE views= 8 mean_abs_feat_delta= 0.339738\n"}
,{"stream_name":"stdout","time":967.724710964,"data":"SECONDARY_EDGE_TTA_ACTIVE views= 8 weight= 0.75 mean_abs_feat_delta= 0.23573\n"}
,{"stream_name":"stdout","time":967.822958184,"data":"SECONDARY_EDGE_TTA_ACTIVE views= 8 weight= 0.75 mean_abs_feat_delta= 0.2464\n"}
,{"stream_name":"stdout","time":967.927370706,"data":"SECONDARY_EDGE_TTA_ACTIVE views= 8 weight= 0.75 mean_abs_feat_delta= 0.23573\n"}
,{"stream_name":"stdout","time":967.927404151,"data":"SECONDARY_EDGE_TTA_ACTIVE views= 8 weight= 0.75 mean_abs_feat_delta= 0.2464\n"}
,{"stream_name":"stdout","time":968.771479645,"data":"EDGE_TTA_ACTIVE views= 8 mean_abs_feat_delta= 0.361252\n"}
,{"stream_name":"stdout","time":968.974064663,"data":"EDGE_TTA_ACTIVE views= 8 mean_abs_feat_delta= 0.361252\n"}
,{"stream_name":"stdout","time":969.078223348,"data":"EDGE_TTA_ACTIVE views= 8 mean_abs_feat_delta= 0.336334\n"}
,{"stream_name":"stdout","time":969.280776875,"data":"EDGE_TTA_ACTIVE views= 8 mean_abs_feat_delta= 0.336334\n"}
,{"stream_name":"stdout","time":969.731682534,"data":"SECONDARY_EDGE_TTA_ACTIVE views= 8 weight= 0.75 mean_abs_feat_delta= 0.235636\n"}
,{"stream_name":"stdout","time":969.934408787,"data":"SECONDARY_EDGE_TTA_ACTIVE views= 8 weight= 0.75 mean_abs_feat_delta= 0.235636\n"}
,{"stream_name":"stdout","time":970.051136614,"data":"SECONDARY_EDGE_TTA_ACTIVE views= 8 weight= 0.75 mean_abs_feat_delta= 0.244837\n"}
,{"stream_name":"stdout","time":970.254088726,"data":"SECONDARY_EDGE_TTA_ACTIVE views= 8 weight= 0.75 mean_abs_feat_delta= 0.244837\n"}
,{"stream_name":"stdout","time":970.769669041,"data":"EDGE_TTA_ACTIVE views= 8 mean_abs_feat_delta= 0.357825\n"}
,{"stream_name":"stdout","time":970.972975917,"data":"EDGE_TTA_ACTIVE views= 8 mean_abs_feat_delta= 0.357825\n"}
,{"stream_name":"stdout","time":971.305493491,"data":"EDGE_TTA_ACTIVE views= 8 mean_abs_feat_delta= 0.336552\n"}
,{"stream_name":"stdout","time":971.508214289,"data":"EDGE_TTA_ACTIVE views= 8 mean_abs_feat_delta= 0.336552\n"}
,{"stream_name":"stdout","time":971.734049359,"data":"SECONDARY_EDGE_TTA_ACTIVE views= 8 weight= 0.75 mean_abs_feat_delta= 0.23299\n"}
,{"stream_name":"stdout","time":971.93688881,"data":"SECONDARY_EDGE_TTA_ACTIVE views= 8 weight= 0.75 mean_abs_feat_delta= 0.23299\n"}
,{"stream_name":"stdout","time":972.277622904,"data":"SECONDARY_EDGE_TTA_ACTIVE views= 8 weight= 0.75 mean_abs_feat_delta= 0.249715\n"}
,{"stream_name":"stdout","time":972.480297865,"data":"SECONDARY_EDGE_TTA_ACTIVE views= 8 weight= 0.75 mean_abs_feat_delta= 0.249715\n"}
,{"stream_name":"stdout","time":972.767126412,"data":"EDGE_TTA_ACTIVE views= 8 mean_abs_feat_delta= 0.356818\n"}
,{"stream_name":"stdout","time":972.969720075,"data":"EDGE_TTA_ACTIVE views= 8 mean_abs_feat_delta= 0.356818\n"}
,{"stream_name":"stdout","time":973.529918482,"data":"EDGE_TTA_ACTIVE views= 8 mean_abs_feat_delta= 0.336751\n"}
,{"stream_name":"stdout","time":973.726079064,"data":"SECONDARY_EDGE_TTA_ACTIVE views= 8 weight= 0.75 mean_abs_feat_delta= 0.232458\n"}
,{"stream_name":"stdout","time":973.732858901,"data":"EDGE_TTA_ACTIVE views= 8 mean_abs_feat_delta= 0.336751\n"}
,{"stream_name":"stdout","time":973.732895653,"data":"SECONDARY_EDGE_TTA_ACTIVE views= 8 weight= 0.75 mean_abs_feat_delta= 0.232458\n"}
,{"stream_name":"stdout","time":974.50631815,"data":"SECONDARY_EDGE_TTA_ACTIVE views= 8 weight= 0.75 mean_abs_feat_delta= 0.246366\n"}
,{"stream_name":"stdout","time":974.708855597,"data":"SECONDARY_EDGE_TTA_ACTIVE views= 8 weight= 0.75 mean_abs_feat_delta= 0.246366\n"}
,{"stream_name":"stdout","time":974.770201961,"data":"EDGE_TTA_ACTIVE views= 8 mean_abs_feat_delta= 0.358323\n"}
,{"stream_name":"stdout","time":974.972916731,"data":"EDGE_TTA_ACTIVE views= 8 mean_abs_feat_delta= 0.358323\n"}
,{"stream_name":"stdout","time":975.727927725,"data":"SECONDARY_EDGE_TTA_ACTIVE views= 8 weight= 0.75 mean_abs_feat_delta= 0.232166\n"}
,{"stream_name":"stdout","time":975.75925454,"data":"EDGE_TTA_ACTIVE views= 8 mean_abs_feat_delta= 0.342229\n"}
,{"stream_name":"stdout","time":975.930760308,"data":"SECONDARY_EDGE_TTA_ACTIVE views= 8 weight= 0.75 mean_abs_feat_delta= 0.232166\n"}
,{"stream_name":"stdout","time":975.930798752,"data":"EDGE_TTA_ACTIVE views= 8 mean_abs_feat_delta= 0.342229\n"}
,{"stream_name":"stdout","time":976.732294688,"data":"SECONDARY_EDGE_TTA_ACTIVE views= 8 weight= 0.75 mean_abs_feat_delta= 0.250553\n"}
,{"stream_name":"stdout","time":976.771344286,"data":"EDGE_TTA_ACTIVE views= 8 mean_abs_feat_delta= 0.352135\n"}
,{"stream_name":"stdout","time":976.935260502,"data":"SECONDARY_EDGE_TTA_ACTIVE views= 8 weight= 0.75 mean_abs_feat_delta= 0.250553\n"}
,{"stream_name":"stdout","time":976.935300627,"data":"EDGE_TTA_ACTIVE views= 8 mean_abs_feat_delta= 0.352135\n"}
,{"stream_name":"stdout","time":977.731939343,"data":"SECONDARY_EDGE_TTA_ACTIVE views= 8 weight= 0.75 mean_abs_feat_delta= 0.232609\n"}
,{"stream_name":"stdout","time":977.934219535,"data":"SECONDARY_EDGE_TTA_ACTIVE views= 8 weight= 0.75 mean_abs_feat_delta= 0.232609\n"}
,{"stream_name":"stdout","time":977.993490696,"data":"EDGE_TTA_ACTIVE views= 8 mean_abs_feat_delta= 0.34433\n"}
,{"stream_name":"stdout","time":978.196091878,"data":"EDGE_TTA_ACTIVE views= 8 mean_abs_feat_delta= 0.34433\n"}
,{"stream_name":"stdout","time":978.765183227,"data":"EDGE_TTA_ACTIVE views= 8 mean_abs_feat_delta= 0.351911\n"}
,{"stream_name":"stdout","time":978.959327243,"data":"SECONDARY_EDGE_TTA_ACTIVE views= 8 weight= 0.75 mean_abs_feat_delta= 0.253052\n"}
,{"stream_name":"stdout","time":978.968012747,"data":"EDGE_TTA_ACTIVE views= 8 mean_abs_feat_delta= 0.351911\n"}
,{"stream_name":"stdout","time":978.96803563,"data":"SECONDARY_EDGE_TTA_ACTIVE views= 8 weight= 0.75 mean_abs_feat_delta= 0.253052\n"}
,{"stream_name":"stdout","time":979.727397084,"data":"SECONDARY_EDGE_TTA_ACTIVE views= 8 weight= 0.75 mean_abs_feat_delta= 0.232939\n"}
,{"stream_name":"stdout","time":979.93004324,"data":"SECONDARY_EDGE_TTA_ACTIVE views= 8 weight= 0.75 mean_abs_feat_delta= 0.232939\n"}
,{"stream_name":"stdout","time":980.19471858,"data":"EDGE_TTA_ACTIVE views= 8 mean_abs_feat_delta= 0.338919\n"}
,{"stream_name":"stdout","time":980.397256136,"data":"EDGE_TTA_ACTIVE views= 8 mean_abs_feat_delta= 0.338919\n"}
,{"stream_name":"stdout","time":980.766315019,"data":"EDGE_TTA_ACTIVE views= 8 mean_abs_feat_delta= 0.356519\n"}
,{"stream_name":"stdout","time":980.971197371,"data":"EDGE_TTA_ACTIVE views= 8 mean_abs_feat_delta= 0.356519\n"}
,{"stream_name":"stdout","time":981.166315894,"data":"SECONDARY_EDGE_TTA_ACTIVE views= 8 weight= 0.75 mean_abs_feat_delta= 0.249056\n"}
,{"stream_name":"stdout","time":981.368567715,"data":"SECONDARY_EDGE_TTA_ACTIVE views= 8 weight= 0.75 mean_abs_feat_delta= 0.249056\n"}
,{"stream_name":"stdout","time":981.728768816,"data":"SECONDARY_EDGE_TTA_ACTIVE views= 8 weight= 0.75 mean_abs_feat_delta= 0.231872\n"}
,{"stream_name":"stdout","time":981.931701461,"data":"SECONDARY_EDGE_TTA_ACTIVE views= 8 weight= 0.75 mean_abs_feat_delta= 0.231872\n"}
,{"stream_name":"stdout","time":982.436706746,"data":"EDGE_TTA_ACTIVE views= 8 mean_abs_feat_delta= 0.334467\n"}
,{"stream_name":"stdout","time":982.639177445,"data":"EDGE_TTA_ACTIVE views= 8 mean_abs_feat_delta= 0.334467\n"}
,{"stream_name":"stdout","time":982.791429134,"data":"EDGE_TTA_ACTIVE views= 8 mean_abs_feat_delta= 0.353385\n"}
,{"stream_name":"stdout","time":982.994109438,"data":"EDGE_TTA_ACTIVE views= 8 mean_abs_feat_delta= 0.353385\n"}
,{"stream_name":"stdout","time":983.409844712,"data":"SECONDARY_EDGE_TTA_ACTIVE views= 8 weight= 0.75 mean_abs_feat_delta= 0.249429\n"}
,{"stream_name":"stdout","time":983.612881464,"data":"SECONDARY_EDGE_TTA_ACTIVE views= 8 weight= 0.75 mean_abs_feat_delta= 0.249429\n"}
,{"stream_name":"stdout","time":983.748690262,"data":"SECONDARY_EDGE_TTA_ACTIVE views= 8 weight= 0.75 mean_abs_feat_delta= 0.232685\n"}
,{"stream_name":"stdout","time":983.951448229,"data":"SECONDARY_EDGE_TTA_ACTIVE views= 8 weight= 0.75 mean_abs_feat_delta= 0.232685\n"}
,{"stream_name":"stdout","time":984.699301794,"data":"EDGE_TTA_ACTIVE views= 8 mean_abs_feat_delta= 0.334048\n"}
,{"stream_name":"stdout","time":984.799811772,"data":"EDGE_TTA_ACTIVE views= 8 mean_abs_feat_delta= 0.351229\n"}
,{"stream_name":"stdout","time":984.902276301,"data":"EDGE_TTA_ACTIVE views= 8 mean_abs_feat_delta= 0.334048\n"}
,{"stream_name":"stdout","time":984.902311725,"data":"EDGE_TTA_ACTIVE views= 8 mean_abs_feat_delta= 0.351229\n"}
,{"stream_name":"stdout","time":985.66333999,"data":"SECONDARY_EDGE_TTA_ACTIVE views= 8 weight= 0.75 mean_abs_feat_delta= 0.246018\n"}
,{"stream_name":"stdout","time":985.765957926,"data":"SECONDARY_EDGE_TTA_ACTIVE views= 8 weight= 0.75 mean_abs_feat_delta= 0.233018\n"}
,{"stream_name":"stdout","time":985.866077552,"data":"SECONDARY_EDGE_TTA_ACTIVE views= 8 weight= 0.75 mean_abs_feat_delta= 0.246018\n"}
,{"stream_name":"stdout","time":985.866114667,"data":"SECONDARY_EDGE_TTA_ACTIVE views= 8 weight= 0.75 mean_abs_feat_delta= 0.233018\n"}
,{"stream_name":"stdout","time":986.802400078,"data":"EDGE_TTA_ACTIVE views= 8 mean_abs_feat_delta= 0.350705\n"}
,{"stream_name":"stdout","time":986.916161877,"data":"EDGE_TTA_ACTIVE views= 8 mean_abs_feat_delta= 0.334845\n"}
,{"stream_name":"stdout","time":987.0052745,"data":"EDGE_TTA_ACTIVE views= 8 mean_abs_feat_delta= 0.350705\n"}
,{"stream_name":"stdout","time":987.005311508,"data":"EDGE_TTA_ACTIVE views= 8 mean_abs_feat_delta= 0.334845\n"}
,{"stream_name":"stdout","time":987.759328905,"data":"SECONDARY_EDGE_TTA_ACTIVE views= 8 weight= 0.75 mean_abs_feat_delta= 0.234885\n"}
,{"stream_name":"stdout","time":987.888029851,"data":"SECONDARY_EDGE_TTA_ACTIVE views= 8 weight= 0.75 mean_abs_feat_delta= 0.244333\n"}
,{"stream_name":"stdout","time":987.961898583,"data":"SECONDARY_EDGE_TTA_ACTIVE views= 8 weight= 0.75 mean_abs_feat_delta= 0.234885\n"}
,{"stream_name":"stdout","time":987.961962927,"data":"SECONDARY_EDGE_TTA_ACTIVE views= 8 weight= 0.75 mean_abs_feat_delta= 0.244333\n"}
,{"stream_name":"stdout","time":988.815224583,"data":"EDGE_TTA_ACTIVE views= 8 mean_abs_feat_delta= 0.353278\n"}
,{"stream_name":"stdout","time":989.017615175,"data":"EDGE_TTA_ACTIVE views= 8 mean_abs_feat_delta= 0.353278\n"}
,{"stream_name":"stdout","time":989.141241568,"data":"EDGE_TTA_ACTIVE views= 8 mean_abs_feat_delta= 0.334767\n"}
,{"stream_name":"stdout","time":989.343950155,"data":"EDGE_TTA_ACTIVE views= 8 mean_abs_feat_delta= 0.334767\n"}
,{"stream_name":"stdout","time":989.78407334,"data":"SECONDARY_EDGE_TTA_ACTIVE views= 8 weight= 0.75 mean_abs_feat_delta= 0.232744\n"}
,{"stream_name":"stdout","time":989.986606561,"data":"SECONDARY_EDGE_TTA_ACTIVE views= 8 weight= 0.75 mean_abs_feat_delta= 0.232744\n"}
,{"stream_name":"stdout","time":990.114003246,"data":"SECONDARY_EDGE_TTA_ACTIVE views= 8 weight= 0.75 mean_abs_feat_delta= 0.248241\n"}
,{"stream_name":"stdout","time":990.316596237,"data":"SECONDARY_EDGE_TTA_ACTIVE views= 8 weight= 0.75 mean_abs_feat_delta= 0.248241\n"}
,{"stream_name":"stdout","time":990.854698385,"data":"EDGE_TTA_ACTIVE views= 8 mean_abs_feat_delta= 0.358064\n"}
,{"stream_name":"stdout","time":991.057218991,"data":"EDGE_TTA_ACTIVE views= 8 mean_abs_feat_delta= 0.358064\n"}
,{"stream_name":"stdout","time":991.385778595,"data":"EDGE_TTA_ACTIVE views= 8 mean_abs_feat_delta= 0.330452\n"}
,{"stream_name":"stdout","time":991.587973667,"data":"EDGE_TTA_ACTIVE views= 8 mean_abs_feat_delta= 0.330452\n"}
,{"stream_name":"stdout","time":991.814939998,"data":"SECONDARY_EDGE_TTA_ACTIVE views= 8 weight= 0.75 mean_abs_feat_delta= 0.229484\n"}
,{"stream_name":"stdout","time":992.01786365,"data":"SECONDARY_EDGE_TTA_ACTIVE views= 8 weight= 0.75 mean_abs_feat_delta= 0.229484\n"}
,{"stream_name":"stdout","time":992.360269392,"data":"SECONDARY_EDGE_TTA_ACTIVE views= 8 weight= 0.75 mean_abs_feat_delta= 0.239474\n"}
,{"stream_name":"stdout","time":992.562885137,"data":"SECONDARY_EDGE_TTA_ACTIVE views= 8 weight= 0.75 mean_abs_feat_delta= 0.239474\n"}
,{"stream_name":"stdout","time":992.862102546,"data":"EDGE_TTA_ACTIVE views= 8 mean_abs_feat_delta= 0.35946\n"}
,{"stream_name":"stdout","time":993.064859779,"data":"EDGE_TTA_ACTIVE views= 8 mean_abs_feat_delta= 0.35946\n"}
,{"stream_name":"stdout","time":993.613638776,"data":"EDGE_TTA_ACTIVE views= 8 mean_abs_feat_delta= 0.33197\n"}
,{"stream_name":"stdout","time":993.816365291,"data":"EDGE_TTA_ACTIVE views= 8 mean_abs_feat_delta= 0.33197\n"}
,{"stream_name":"stdout","time":993.823648361,"data":"SECONDARY_EDGE_TTA_ACTIVE views= 8 weight= 0.75 mean_abs_feat_delta= 0.231302\n"}
,{"stream_name":"stdout","time":994.026410268,"data":"SECONDARY_EDGE_TTA_ACTIVE views= 8 weight= 0.75 mean_abs_feat_delta= 0.231302\n"}
,{"stream_name":"stdout","time":994.587226032,"data":"SECONDARY_EDGE_TTA_ACTIVE views= 8 weight= 0.75 mean_abs_feat_delta= 0.247447\n"}
,{"stream_name":"stdout","time":994.790061669,"data":"SECONDARY_EDGE_TTA_ACTIVE views= 8 weight= 0.75 mean_abs_feat_delta= 0.247447\n"}
,{"stream_name":"stdout","time":994.862506611,"data":"EDGE_TTA_ACTIVE views= 8 mean_abs_feat_delta= 0.357537\n"}
,{"stream_name":"stdout","time":995.065147948,"data":"EDGE_TTA_ACTIVE views= 8 mean_abs_feat_delta= 0.357537\n"}
,{"stream_name":"stdout","time":995.82501785,"data":"SECONDARY_EDGE_TTA_ACTIVE views= 8 weight= 0.75 mean_abs_feat_delta= 0.233885\n"}
,{"stream_name":"stdout","time":995.861036924,"data":"EDGE_TTA_ACTIVE views= 8 mean_abs_feat_delta= 0.33369\n"}
,{"stream_name":"stdout","time":996.027562576,"data":"SECONDARY_EDGE_TTA_ACTIVE views= 8 weight= 0.75 mean_abs_feat_delta= 0.233885\n"}
,{"stream_name":"stdout","time":996.027598611,"data":"EDGE_TTA_ACTIVE views= 8 mean_abs_feat_delta= 0.33369\n"}
,{"stream_name":"stdout","time":996.837115523,"data":"SECONDARY_EDGE_TTA_ACTIVE views= 8 weight= 0.75 mean_abs_feat_delta= 0.242876\n"}
,{"stream_name":"stdout","time":996.871920211,"data":"EDGE_TTA_ACTIVE views= 8 mean_abs_feat_delta= 0.357561\n"}
,{"stream_name":"stdout","time":997.09323541,"data":"SECONDARY_EDGE_TTA_ACTIVE views= 8 weight= 0.75 mean_abs_feat_delta= 0.242876\n"}
,{"stream_name":"stdout","time":997.093262036,"data":"EDGE_TTA_ACTIVE views= 8 mean_abs_feat_delta= 0.357561\n"}
,{"stream_name":"stdout","time":997.834888222,"data":"SECONDARY_EDGE_TTA_ACTIVE views= 8 weight= 0.75 mean_abs_feat_delta= 0.235923\n"}
,{"stream_name":"stdout","time":998.037904215,"data":"SECONDARY_EDGE_TTA_ACTIVE views= 8 weight= 0.75 mean_abs_feat_delta= 0.235923\n"}
,{"stream_name":"stdout","time":998.111375809,"data":"EDGE_TTA_ACTIVE views= 8 mean_abs_feat_delta= 0.335249\n"}
,{"stream_name":"stdout","time":998.314294657,"data":"EDGE_TTA_ACTIVE views= 8 mean_abs_feat_delta= 0.335249\n"}
,{"stream_name":"stdout","time":998.888912127,"data":"EDGE_TTA_ACTIVE views= 8 mean_abs_feat_delta= 0.356691\n"}
,{"stream_name":"stdout","time":999.086909253,"data":"SECONDARY_EDGE_TTA_ACTIVE views= 8 weight= 0.75 mean_abs_feat_delta= 0.249719\n"}
,{"stream_name":"stdout","time":999.091474645,"data":"EDGE_TTA_ACTIVE views= 8 mean_abs_feat_delta= 0.356691\n"}
,{"stream_name":"stdout","time":999.091513844,"data":"SECONDARY_EDGE_TTA_ACTIVE views= 8 weight= 0.75 mean_abs_feat_delta= 0.249719\n"}
,{"stream_name":"stdout","time":999.857630755,"data":"SECONDARY_EDGE_TTA_ACTIVE views= 8 weight= 0.75 mean_abs_feat_delta= 0.236514\n"}
,{"stream_name":"stdout","time":1000.060251379,"data":"SECONDARY_EDGE_TTA_ACTIVE views= 8 weight= 0.75 mean_abs_feat_delta= 0.236514\n"}
,{"stream_name":"stdout","time":1000.338515746,"data":"EDGE_TTA_ACTIVE views= 8 mean_abs_feat_delta= 0.33665\n"}
,{"stream_name":"stdout","time":1000.541183409,"data":"EDGE_TTA_ACTIVE views= 8 mean_abs_feat_delta= 0.33665\n"}
,{"stream_name":"stdout","time":1000.901825516,"data":"EDGE_TTA_ACTIVE views= 8 mean_abs_feat_delta= 0.360713\n"}
,{"stream_name":"stdout","time":1001.104417512,"data":"EDGE_TTA_ACTIVE views= 8 mean_abs_feat_delta= 0.360713\n"}
,{"stream_name":"stdout","time":1001.309894465,"data":"SECONDARY_EDGE_TTA_ACTIVE views= 8 weight= 0.75 mean_abs_feat_delta= 0.250474\n"}
,{"stream_name":"stdout","time":1001.512061228,"data":"SECONDARY_EDGE_TTA_ACTIVE views= 8 weight= 0.75 mean_abs_feat_delta= 0.250474\n"}
,{"stream_name":"stdout","time":1001.867819339,"data":"SECONDARY_EDGE_TTA_ACTIVE views= 8 weight= 0.75 mean_abs_feat_delta= 0.236886\n"}
,{"stream_name":"stdout","time":1002.070233286,"data":"SECONDARY_EDGE_TTA_ACTIVE views= 8 weight= 0.75 mean_abs_feat_delta= 0.236886\n"}
,{"stream_name":"stdout","time":1002.554455742,"data":"EDGE_TTA_ACTIVE views= 8 mean_abs_feat_delta= 0.338336\n"}
,{"stream_name":"stdout","time":1002.757142709,"data":"EDGE_TTA_ACTIVE views= 8 mean_abs_feat_delta= 0.338336\n"}
,{"stream_name":"stdout","time":1002.905075413,"data":"EDGE_TTA_ACTIVE views= 8 mean_abs_feat_delta= 0.361191\n"}
,{"stream_name":"stdout","time":1003.107423261,"data":"EDGE_TTA_ACTIVE views= 8 mean_abs_feat_delta= 0.361191\n"}
,{"stream_name":"stdout","time":1003.527889347,"data":"SECONDARY_EDGE_TTA_ACTIVE views= 8 weight= 0.75 mean_abs_feat_delta= 0.243806\n"}
,{"stream_name":"stdout","time":1003.730472718,"data":"SECONDARY_EDGE_TTA_ACTIVE views= 8 weight= 0.75 mean_abs_feat_delta= 0.243806\n"}
,{"stream_name":"stdout","time":1003.863266142,"data":"SECONDARY_EDGE_TTA_ACTIVE views= 8 weight= 0.75 mean_abs_feat_delta= 0.236659\n"}
,{"stream_name":"stdout","time":1004.066000739,"data":"SECONDARY_EDGE_TTA_ACTIVE views= 8 weight= 0.75 mean_abs_feat_delta= 0.236659\n"}
,{"stream_name":"stdout","time":1004.782758098,"data":"EDGE_TTA_ACTIVE views= 8 mean_abs_feat_delta= 0.337788\n"}
,{"stream_name":"stdout","time":1004.886027132,"data":"EDGE_TTA_ACTIVE views= 8 mean_abs_feat_delta= 0.363957\n"}
,{"stream_name":"stdout","time":1004.98589431,"data":"EDGE_TTA_ACTIVE views= 8 mean_abs_feat_delta= 0.337788\n"}
,{"stream_name":"stdout","time":1004.985938612,"data":"EDGE_TTA_ACTIVE views= 8 mean_abs_feat_delta= 0.363957\n"}
,{"stream_name":"stdout","time":1005.75689594,"data":"SECONDARY_EDGE_TTA_ACTIVE views= 8 weight= 0.75 mean_abs_feat_delta= 0.245508\n"}
,{"stream_name":"stdout","time":1005.849420101,"data":"SECONDARY_EDGE_TTA_ACTIVE views= 8 weight= 0.75 mean_abs_feat_delta= 0.238038\n"}
,{"stream_name":"stdout","time":1005.95950141,"data":"SECONDARY_EDGE_TTA_ACTIVE views= 8 weight= 0.75 mean_abs_feat_delta= 0.245508\n"}
,{"stream_name":"stdout","time":1005.959578956,"data":"SECONDARY_EDGE_TTA_ACTIVE views= 8 weight= 0.75 mean_abs_feat_delta= 0.238038\n"}
,{"stream_name":"stdout","time":1007.028120477,"data":"EDGE_TTA_ACTIVE views= 8 mean_abs_feat_delta= 0.325091\n"}
,{"stream_name":"stdout","time":1007.231343458,"data":"EDGE_TTA_ACTIVE views= 8 mean_abs_feat_delta= 0.325091\n"}
,{"stream_name":"stdout","time":1007.9950989,"data":"SECONDARY_EDGE_TTA_ACTIVE views= 8 weight= 0.75 mean_abs_feat_delta= 0.241957\n"}
,{"stream_name":"stdout","time":1008.196167079,"data":"SECONDARY_EDGE_TTA_ACTIVE views= 8 weight= 0.75 mean_abs_feat_delta= 0.241957\n"}
,{"stream_name":"stdout","time":1009.265525792,"data":"EDGE_TTA_ACTIVE views= 8 mean_abs_feat_delta= 0.32712\n"}
,{"stream_name":"stdout","time":1009.468528828,"data":"EDGE_TTA_ACTIVE views= 8 mean_abs_feat_delta= 0.32712\n"}
,{"stream_name":"stdout","time":1010.239179961,"data":"SECONDARY_EDGE_TTA_ACTIVE views= 8 weight= 0.75 mean_abs_feat_delta= 0.252361\n"}
,{"stream_name":"stdout","time":1010.441878047,"data":"SECONDARY_EDGE_TTA_ACTIVE views= 8 weight= 0.75 mean_abs_feat_delta= 0.252361\n"}
,{"stream_name":"stdout","time":1011.016098692,"data":"Saved 2 predictions to /kaggle/working/tracking_repo/predictions/unknown/unet_transformer_gpu0/split_0\n"}
,{"stream_name":"stdout","time":1011.219171499,"data":"Saved 2 predictions to /kaggle/working/tracking_repo/predictions/unknown/unet_transformer_gpu0/split_0\n"}
,{"stream_name":"stdout","time":1011.491989956,"data":"EDGE_TTA_ACTIVE views= 8 mean_abs_feat_delta= 0.323213\n"}
,{"stream_name":"stdout","time":1011.694856197,"data":"EDGE_TTA_ACTIVE views= 8 mean_abs_feat_delta= 0.323213\n"}
,{"stream_name":"stdout","time":1012.465521985,"data":"SECONDARY_EDGE_TTA_ACTIVE views= 8 weight= 0.75 mean_abs_feat_delta= 0.245152\n"}
,{"stream_name":"stdout","time":1012.668054631,"data":"SECONDARY_EDGE_TTA_ACTIVE views= 8 weight= 0.75 mean_abs_feat_delta= 0.245152\n"}
,{"stream_name":"stdout","time":1013.760957792,"data":"EDGE_TTA_ACTIVE views= 8 mean_abs_feat_delta= 0.321976\n"}
,{"stream_name":"stdout","time":1013.963426977,"data":"EDGE_TTA_ACTIVE views= 8 mean_abs_feat_delta= 0.321976\n"}
,{"stream_name":"stdout","time":1014.735040048,"data":"SECONDARY_EDGE_TTA_ACTIVE views= 8 weight= 0.75 mean_abs_feat_delta= 0.249767\n"}
,{"stream_name":"stdout","time":1014.937639164,"data":"SECONDARY_EDGE_TTA_ACTIVE views= 8 weight= 0.75 mean_abs_feat_delta= 0.249767\n"}
,{"stream_name":"stdout","time":1015.970324453,"data":"EDGE_TTA_ACTIVE views= 8 mean_abs_feat_delta= 0.323768\n"}
,{"stream_name":"stdout","time":1016.173142623,"data":"EDGE_TTA_ACTIVE views= 8 mean_abs_feat_delta= 0.323768\n"}
,{"stream_name":"stdout","time":1016.941212067,"data":"SECONDARY_EDGE_TTA_ACTIVE views= 8 weight= 0.75 mean_abs_feat_delta= 0.251085\n"}
,{"stream_name":"stdout","time":1017.143749045,"data":"SECONDARY_EDGE_TTA_ACTIVE views= 8 weight= 0.75 mean_abs_feat_delta= 0.251085\n"}
,{"stream_name":"stdout","time":1018.203373925,"data":"EDGE_TTA_ACTIVE views= 8 mean_abs_feat_delta= 0.324838\n"}
,{"stream_name":"stdout","time":1018.405838293,"data":"EDGE_TTA_ACTIVE views= 8 mean_abs_feat_delta= 0.324838\n"}
,{"stream_name":"stdout","time":1019.169082869,"data":"SECONDARY_EDGE_TTA_ACTIVE views= 8 weight= 0.75 mean_abs_feat_delta= 0.239244\n"}
,{"stream_name":"stdout","time":1019.372097818,"data":"SECONDARY_EDGE_TTA_ACTIVE views= 8 weight= 0.75 mean_abs_feat_delta= 0.239244\n"}
,{"stream_name":"stdout","time":1020.42002956,"data":"EDGE_TTA_ACTIVE views= 8 mean_abs_feat_delta= 0.323094\n"}
,{"stream_name":"stdout","time":1020.62259649,"data":"EDGE_TTA_ACTIVE views= 8 mean_abs_feat_delta= 0.323094\n"}
,{"stream_name":"stdout","time":1021.392026919,"data":"SECONDARY_EDGE_TTA_ACTIVE views= 8 weight= 0.75 mean_abs_feat_delta= 0.247015\n"}
,{"stream_name":"stdout","time":1021.594958849,"data":"SECONDARY_EDGE_TTA_ACTIVE views= 8 weight= 0.75 mean_abs_feat_delta= 0.247015\n"}
,{"stream_name":"stdout","time":1022.666182688,"data":"EDGE_TTA_ACTIVE views= 8 mean_abs_feat_delta= 0.322603\n"}
,{"stream_name":"stdout","time":1022.869034105,"data":"EDGE_TTA_ACTIVE views= 8 mean_abs_feat_delta= 0.322603\n"}
,{"stream_name":"stdout","time":1023.638270897,"data":"SECONDARY_EDGE_TTA_ACTIVE views= 8 weight= 0.75 mean_abs_feat_delta= 0.251849\n"}
,{"stream_name":"stdout","time":1023.8408791,"data":"SECONDARY_EDGE_TTA_ACTIVE views= 8 weight= 0.75 mean_abs_feat_delta= 0.251849\n"}
,{"stream_name":"stdout","time":1024.891345497,"data":"EDGE_TTA_ACTIVE views= 8 mean_abs_feat_delta= 0.325152\n"}
,{"stream_name":"stdout","time":1025.09374314,"data":"EDGE_TTA_ACTIVE views= 8 mean_abs_feat_delta= 0.325152\n"}
,{"stream_name":"stdout","time":1025.862815712,"data":"SECONDARY_EDGE_TTA_ACTIVE views= 8 weight= 0.75 mean_abs_feat_delta= 0.251093\n"}
,{"stream_name":"stdout","time":1026.065145561,"data":"SECONDARY_EDGE_TTA_ACTIVE views= 8 weight= 0.75 mean_abs_feat_delta= 0.251093\n"}
,{"stream_name":"stdout","time":1027.115272456,"data":"EDGE_TTA_ACTIVE views= 8 mean_abs_feat_delta= 0.328347\n"}
,{"stream_name":"stdout","time":1027.349634659,"data":"EDGE_TTA_ACTIVE views= 8 mean_abs_feat_delta= 0.328347\n"}
,{"stream_name":"stdout","time":1028.088480627,"data":"SECONDARY_EDGE_TTA_ACTIVE views= 8 weight= 0.75 mean_abs_feat_delta= 0.244661\n"}
,{"stream_name":"stdout","time":1028.291149781,"data":"SECONDARY_EDGE_TTA_ACTIVE views= 8 weight= 0.75 mean_abs_feat_delta= 0.244661\n"}
,{"stream_name":"stdout","time":1029.321500993,"data":"EDGE_TTA_ACTIVE views= 8 mean_abs_feat_delta= 0.328262\n"}
,{"stream_name":"stdout","time":1029.523847619,"data":"EDGE_TTA_ACTIVE views= 8 mean_abs_feat_delta= 0.328262\n"}
,{"stream_name":"stdout","time":1030.295454102,"data":"SECONDARY_EDGE_TTA_ACTIVE views= 8 weight= 0.75 mean_abs_feat_delta= 0.243635\n"}
,{"stream_name":"stdout","time":1030.497845269,"data":"SECONDARY_EDGE_TTA_ACTIVE views= 8 weight= 0.75 mean_abs_feat_delta= 0.243635\n"}
,{"stream_name":"stdout","time":1031.52759913,"data":"EDGE_TTA_ACTIVE views= 8 mean_abs_feat_delta= 0.327618\n"}
,{"stream_name":"stdout","time":1031.730244952,"data":"EDGE_TTA_ACTIVE views= 8 mean_abs_feat_delta= 0.327618\n"}
,{"stream_name":"stdout","time":1032.501565821,"data":"SECONDARY_EDGE_TTA_ACTIVE views= 8 weight= 0.75 mean_abs_feat_delta= 0.248058\n"}
,{"stream_name":"stdout","time":1032.703871716,"data":"SECONDARY_EDGE_TTA_ACTIVE views= 8 weight= 0.75 mean_abs_feat_delta= 0.248058\n"}
,{"stream_name":"stdout","time":1123.190715191,"data":"Saved 2 predictions to /kaggle/working/tracking_repo/predictions/unknown/unet_transformer_gpu1/split_0\n"}
,{"stream_name":"stdout","time":1123.424169464,"data":"Saved 2 predictions to /kaggle/working/tracking_repo/predictions/unknown/unet_transformer_gpu1/split_0\n"}
,{"stream_name":"stdout","time":1125.36523493,"data":"Merged 4 prediction graphs into /kaggle/working/tracking_repo/predictions/unknown/unet_transformer/split_0\n"}
,{"stream_name":"stdout","time":1125.365271795,"data":"Prediction completed in 9.15 minutes\n"}
,{"stream_name":"stdout","time":1458.034029672,"data":"Trying DeepCenter add-only gate checkpoint: /kaggle/input/datasets/pilkwang/biohub-deepcenter-unet3d-center-prior-v1/weights/full_frame_center/best.pt\n"}
,{"stream_name":"stdout","time":1458.316921817,"data":"Loaded DeepCenter add-only gate checkpoint: /kaggle/input/datasets/pilkwang/biohub-deepcenter-unet3d-center-prior-v1/weights/full_frame_center/best.pt\n"}
,{"stream_name":"stdout","time":1458.316956687,"data":"DeepCenter checkpoint epoch: 2 best_score: -0.04500306242456039\n"}
,{"stream_name":"stdout","time":1458.316962262,"data":"Found 4 prediction graphs\n"}
,{"stream_name":"stdout","time":1479.594484714,"data":"  [44b6_0113de3b] after edge-filter+motion-relink: 25822 nodes, 24937 edges\n"}
,{"stream_name":"stdout","time":1480.809581147,"data":"DEEPCENTER_TTA_ACTIVE views= 8 mean_abs_logit_delta= 0.133289\n"}
,{"stream_name":"stdout","time":1483.074381654,"data":"  [44b6_0113de3b] after gap-closing (single-frame + gap2): 25884 nodes, 25052 edges\n"}
,{"stream_name":"stdout","time":1506.285866703,"data":"  [44b6_0113de3b] after safe-division repair: 25884 nodes, 25098 edges (geometric_candidates=171, deepcenter_rejected=112, post_veto_candidates=59, added=46, cap_skipped=0, mutual_nn_rejected=62, divergence_rejected=545)\n"}
,{"stream_name":"stdout","time":1506.285904175,"data":"  [44b6_0113de3b] after division-geometry-filter+prune-isolated: 25878 nodes, 25098 edges\n"}
,{"stream_name":"stdout","time":1506.285908569,"data":"  [44b6_0113de3b] after short-track filtering: 25626 nodes, 24903 edges (components_removed=57)\n"}
,{"stream_name":"stdout","time":1511.600930042,"data":"  [44b6_0113de3b] FINAL: 25626 nodes, 24903 edges\n"}
,{"stream_name":"stdout","time":1529.123566341,"data":"  [44b6_0b24845f] after edge-filter+motion-relink: 22491 nodes, 20373 edges\n"}
,{"stream_name":"stdout","time":1545.906814358,"data":"  [44b6_0b24845f] after gap-closing (single-frame + gap2): 22877 nodes, 21073 edges\n"}
,{"stream_name":"stdout","time":1570.85854457,"data":"  [44b6_0b24845f] after safe-division repair: 22877 nodes, 21088 edges (geometric_candidates=234, deepcenter_rejected=215, post_veto_candidates=19, added=15, cap_skipped=0, mutual_nn_rejected=58, divergence_rejected=903)\n"}
,{"stream_name":"stdout","time":1570.858595938,"data":"  [44b6_0b24845f] after division-geometry-filter+prune-isolated: 22864 nodes, 21088 edges\n"}
,{"stream_name":"stdout","time":1570.858603288,"data":"  [44b6_0b24845f] after short-track filtering: 20709 nodes, 19424 edges (components_removed=491)\n"}
,{"stream_name":"stdout","time":1575.282013262,"data":"  [44b6_0b24845f] FINAL: 20709 nodes, 19424 edges\n"}
,{"stream_name":"stdout","time":1577.14890184,"data":"  [6bba_05b6850b] after edge-filter+motion-relink: 6305 nodes, 6031 edges\n"}
,{"stream_name":"stdout","time":1578.57954793,"data":"  [6bba_05b6850b] after gap-closing (single-frame + gap2): 6336 nodes, 6087 edges\n"}
,{"stream_name":"stdout","time":1584.315630991,"data":"  [6bba_05b6850b] after safe-division repair: 6336 nodes, 6096 edges (geometric_candidates=22, deepcenter_rejected=13, post_veto_candidates=9, added=9, cap_skipped=0, mutual_nn_rejected=5, divergence_rejected=83)\n"}
,{"stream_name":"stdout","time":1584.315694374,"data":"  [6bba_05b6850b] after division-geometry-filter+prune-isolated: 6335 nodes, 6096 edges\n"}
,{"stream_name":"stdout","time":1584.315703999,"data":"  [6bba_05b6850b] after short-track filtering: 6152 nodes, 5956 edges (components_removed=43)\n"}
,{"stream_name":"stdout","time":1585.566003968,"data":"  [6bba_05b6850b] FINAL: 6152 nodes, 5956 edges\n"}
,{"stream_name":"stdout","time":1745.10592922,"data":"  [6bba_05db0fb1] after edge-filter+motion-relink: 70687 nodes, 67974 edges\n"}
,{"stream_name":"stdout","time":1761.484457528,"data":"  [6bba_05db0fb1] after gap-closing (single-frame + gap2): 71114 nodes, 68772 edges\n"}
,{"stream_name":"stdout","time":1785.64722063,"data":"  [6bba_05db0fb1] after safe-division repair: 71114 nodes, 68800 edges (geometric_candidates=305, deepcenter_rejected=271, post_veto_candidates=34, added=28, cap_skipped=0, mutual_nn_rejected=272, divergence_rejected=2649)\n"}
,{"stream_name":"stdout","time":1785.647263659,"data":"  [6bba_05db0fb1] after division-geometry-filter+prune-isolated: 71091 nodes, 68800 edges\n"}
,{"stream_name":"stdout","time":1785.97099995,"data":"  [6bba_05db0fb1] after short-track filtering: 70262 nodes, 68164 edges (components_removed=193)\n"}
,{"stream_name":"stdout","time":1801.165553833,"data":"  [6bba_05db0fb1] FINAL: 70262 nodes, 68164 edges\n"}
,{"stream_name":"stdout","time":1801.66914708,"data":"Wrote /kaggle/working/submission.csv with 241,196 rows\n"}
,{"stream_name":"stdout","time":1801.669181692,"data":"Node rows: 122,749 | edge rows: 118,447\n"}
,{"stream_name":"stdout","time":1801.669213668,"data":"Wrote /kaggle/working/run_stats.csv\n"}
,{"stream_name":"stdout","time":1802.527333051,"data":"{\n"}
,{"stream_name":"stdout","time":1802.527365616,"data":"  \"configuration\": {\n"}
,{"stream_name":"stdout","time":1802.52737775,"data":"    \"bidirectional_primary_weight\": 0.3,\n"}
,{"stream_name":"stdout","time":1802.52739449,"data":"    \"deepcenter_gap_confirm_min_span_um\": 8.5,\n"}
,{"stream_name":"stdout","time":1802.527404212,"data":"    \"deepcenter_gap_threshold\": 0.25,\n"}
,{"stream_name":"stdout","time":1802.527407676,"data":"    \"detector_threshold\": 0.96875,\n"}
,{"stream_name":"stdout","time":1802.527423197,"data":"    \"edge_candidate_threshold\": 0.48,\n"}
,{"stream_name":"stdout","time":1802.527426,"data":"    \"fallback_scope\": \"individual_frame\",\n"}
,{"stream_name":"stdout","time":1802.527428556,"data":"    \"gap_close_um\": 5.8,\n"}
,{"stream_name":"stdout","time":1802.527431002,"data":"    \"ilp_appearance_weight\": 0.0,\n"}
,{"stream_name":"stdout","time":1802.527433418,"data":"    \"ilp_disappearance_weight\": 1.5,\n"}
,{"stream_name":"stdout","time":1802.527435892,"data":"    \"minimum_candidate_retention\": 0.9,\n"}
,{"stream_name":"stdout","time":1802.527438294,"data":"    \"secondary_detection_weight\": 0.475,\n"}
,{"stream_name":"stdout","time":1802.527440735,"data":"    \"secondary_edge_weight\": 0.15,\n"}
,{"stream_name":"stdout","time":1802.527443267,"data":"    \"secondary_link_mode\": \"low_margin_consensus\",\n"}
,{"stream_name":"stdout","time":1802.52744583,"data":"    \"secondary_low_margin_max\": 0.35\n"}
,{"stream_name":"stdout","time":1802.527448287,"data":"  },\n"}
,{"stream_name":"stdout","time":1802.527450616,"data":"  \"diagnostics\": {\n"}
,{"stream_name":"stdout","time":1802.527453097,"data":"    \"by_movie\": {\n"}
,{"stream_name":"stdout","time":1802.527475937,"data":"      \"44b6_0113de3b\": {\n"}
,{"stream_name":"stdout","time":1802.527480372,"data":"        \"fallback_frames\": 0,\n"}
,{"stream_name":"stdout","time":1802.527484487,"data":"        \"frames\": 100,\n"}
,{"stream_name":"stdout","time":1802.527488166,"data":"        \"median_retention\": 1.0118578927634045,\n"}
,{"stream_name":"stdout","time":1802.527492593,"data":"        \"minimum_retention\": 0.9926739926739927\n"}
,{"stream_name":"stdout","time":1802.527495987,"data":"      },\n"}
,{"stream_name":"stdout","time":1802.527499287,"data":"      \"44b6_0b24845f\": {\n"}
,{"stream_name":"stdout","time":1802.527502753,"data":"        \"fallback_frames\": 64,\n"}
,{"stream_name":"stdout","time":1802.527506151,"data":"        \"frames\": 100,\n"}
,{"stream_name":"stdout","time":1802.527509613,"data":"        \"median_retention\": 0.8618514846811123,\n"}
,{"stream_name":"stdout","time":1802.527513045,"data":"        \"minimum_retention\": 0.45307443365695793\n"}
,{"stream_name":"stdout","time":1802.52751662,"data":"      },\n"}
,{"stream_name":"stdout","time":1802.527519962,"data":"      \"6bba_05b6850b\": {\n"}
,{"stream_name":"stdout","time":1802.527523256,"data":"        \"fallback_frames\": 1,\n"}
,{"stream_name":"stdout","time":1802.527527096,"data":"        \"frames\": 100,\n"}
,{"stream_name":"stdout","time":1802.527531747,"data":"        \"median_retention\": 1.0137012012012012,\n"}
,{"stream_name":"stdout","time":1802.527535901,"data":"        \"minimum_retention\": 0.8918918918918919\n"}
,{"stream_name":"stdout","time":1802.527539974,"data":"      },\n"}
,{"stream_name":"stdout","time":1802.52754314,"data":"      \"6bba_05db0fb1\": {\n"}
,{"stream_name":"stdout","time":1802.52754692,"data":"        \"fallback_frames\": 0,\n"}
,{"stream_name":"stdout","time":1802.527550673,"data":"        \"frames\": 100,\n"}
,{"stream_name":"stdout","time":1802.527565586,"data":"        \"median_retention\": 1.0110725229826354,\n"}
,{"stream_name":"stdout","time":1802.527569501,"data":"        \"minimum_retention\": 0.9715142428785607\n"}
,{"stream_name":"stdout","time":1802.527572905,"data":"      }\n"}
,{"stream_name":"stdout","time":1802.527576528,"data":"    },\n"}
,{"stream_name":"stdout","time":1802.527579818,"data":"    \"fallback_frames\": 65,\n"}
,{"stream_name":"stdout","time":1802.527583255,"data":"    \"rows\": 400\n"}
,{"stream_name":"stdout","time":1802.527593468,"data":"  },\n"}
,{"stream_name":"stdout","time":1802.527596699,"data":"  \"experiment\": \"harmonic_bidirectional_association_v1\",\n"}
,{"stream_name":"stdout","time":1802.527600383,"data":"  \"hardware\": {\n"}
,{"stream_name":"stdout","time":1802.52760345,"data":"    \"visible_gpu_count\": 2\n"}
,{"stream_name":"stdout","time":1802.527606824,"data":"  },\n"}
,{"stream_name":"stdout","time":1802.527609901,"data":"  \"leaderboard_feedback_used_for_configuration\": true,\n"}
,{"stream_name":"stdout","time":1802.527614657,"data":"  \"method_attribution\": \"fixed-90 dual-seed baseline with harmonic mutual-support association fusion (rule from public CC0 notebook yusuketogashi/no-hack-biohub-cell-another-approch-3rd v18)\",\n"}
,{"stream_name":"stdout","time":1802.527621053,"data":"  \"metric_hack_used\": false,\n"}
,{"stream_name":"stdout","time":1802.527624948,"data":"  \"organizer_labels_used_for_configuration\": false,\n"}
,{"stream_name":"stdout","time":1802.527629248,"data":"  \"parent_experiment\": \"paired_bidirectional_primary_weight020_vs_forward_v1\",\n"}
,{"stream_name":"stdout","time":1802.527632982,"data":"  \"public_output_used\": false,\n"}
,{"stream_name":"stdout","time":1802.527636326,"data":"  \"quality_promotion\": {\n"}
,{"stream_name":"stdout","time":1802.527639778,"data":"    \"execute_push_submit\": \"FORBIDDEN_UNTIL_REQUIRED_CONDITION\",\n"}
,{"stream_name":"stdout","time":1802.527645707,"data":"    \"required_condition\": \"promote=true\",\n"}
,{"stream_name":"stdout","time":1802.527649513,"data":"    \"required_receipt\": \"bidirectional_blend_union13_receipt.json\",\n"}
,{"stream_name":"stdout","time":1802.527653097,"data":"    \"status\": \"candidate_unverified\",\n"}
,{"stream_name":"stdout","time":1802.527656634,"data":"    \"validated_receipt_sha256\": null\n"}
,{"stream_name":"stdout","time":1802.527660071,"data":"  },\n"}
,{"stream_name":"stdout","time":1802.527663744,"data":"  \"source_kernel\": \"raykkretzschmar/biohub-bidirectional-primary-union13-diagnostic-v1\",\n"}
,{"stream_name":"stdout","time":1802.527667781,"data":"  \"source_notebook_sha256\": \"3e65ca691941949196bf417030ea84fccafe16baaec174b2a63540451bb937e8\",\n"}
,{"stream_name":"stdout","time":1802.527672038,"data":"  \"status\": \"clean_graph_audit_pass_candidate_unverified_quality\",\n"}
,{"stream_name":"stdout","time":1802.527675789,"data":"  \"submission\": {\n"}
,{"stream_name":"stdout","time":1802.527679354,"data":"    \"datasets\": [\n"}
,{"stream_name":"stdout","time":1802.527682884,"data":"      \"44b6_0113de3b\",\n"}
,{"stream_name":"stdout","time":1802.527687197,"data":"      \"44b6_0b24845f\",\n"}
,{"stream_name":"stdout","time":1802.527690675,"data":"      \"6bba_05b6850b\",\n"}
,{"stream_name":"stdout","time":1802.527694303,"data":"      \"6bba_05db0fb1\"\n"}
,{"stream_name":"stdout","time":1802.527697773,"data":"    ],\n"}
,{"stream_name":"stdout","time":1802.527718084,"data":"    \"rows\": 241196,\n"}
,{"stream_name":"stdout","time":1802.527721758,"data":"    \"sha256\": \"52678245b37890f7d4da706a33076aac354b0b2b5b41cfc4a4329987f06a6797\"\n"}
,{"stream_name":"stdout","time":1802.527725473,"data":"  },\n"}
,{"stream_name":"stdout","time":1802.527728848,"data":"  \"topology\": {\n"}
,{"stream_name":"stdout","time":1802.527733375,"data":"    \"44b6_0113de3b\": {\n"}
,{"stream_name":"stdout","time":1802.52773699,"data":"      \"division_parents\": 46,\n"}
,{"stream_name":"stdout","time":1802.527741156,"data":"      \"edges\": 24903,\n"}
,{"stream_name":"stdout","time":1802.527745913,"data":"      \"max_indegree\": 1,\n"}
,{"stream_name":"stdout","time":1802.527759019,"data":"      \"max_outdegree\": 2,\n"}
,{"stream_name":"stdout","time":1802.527767392,"data":"      \"nodes\": 25626\n"}
,{"stream_name":"stdout","time":1802.527771752,"data":"    },\n"}
,{"stream_name":"stdout","time":1802.527775169,"data":"    \"44b6_0b24845f\": {\n"}
,{"stream_name":"stdout","time":1802.527779532,"data":"      \"division_parents\": 15,\n"}
,{"stream_name":"stdout","time":1802.527784152,"data":"      \"edges\": 19424,\n"}
,{"stream_name":"stdout","time":1802.52778856,"data":"      \"max_indegree\": 1,\n"}
,{"stream_name":"stdout","time":1802.527808686,"data":"      \"max_outdegree\": 2,\n"}
,{"stream_name":"stdout","time":1802.527813434,"data":"      \"nodes\": 20709\n"}
,{"stream_name":"stdout","time":1802.527817296,"data":"    },\n"}
,{"stream_name":"stdout","time":1802.527821064,"data":"    \"6bba_05b6850b\": {\n"}
,{"stream_name":"stdout","time":1802.527825972,"data":"      \"division_parents\": 9,\n"}
,{"stream_name":"stdout","time":1802.527830142,"data":"      \"edges\": 5956,\n"}
,{"stream_name":"stdout","time":1802.527834122,"data":"      \"max_indegree\": 1,\n"}
,{"stream_name":"stdout","time":1802.527838466,"data":"      \"max_outdegree\": 2,\n"}
,{"stream_name":"stdout","time":1802.527843139,"data":"      \"nodes\": 6152\n"}
,{"stream_name":"stdout","time":1802.527847438,"data":"    },\n"}
,{"stream_name":"stdout","time":1802.527851569,"data":"    \"6bba_05db0fb1\": {\n"}
,{"stream_name":"stdout","time":1802.527856344,"data":"      \"division_parents\": 28,\n"}
,{"stream_name":"stdout","time":1802.527860682,"data":"      \"edges\": 68164,\n"}
,{"stream_name":"stdout","time":1802.52786483,"data":"      \"max_indegree\": 1,\n"}
,{"stream_name":"stdout","time":1802.527868191,"data":"      \"max_outdegree\": 2,\n"}
,{"stream_name":"stdout","time":1802.527871505,"data":"      \"nodes\": 70262\n"}
,{"stream_name":"stdout","time":1802.527874848,"data":"    }\n"}
,{"stream_name":"stdout","time":1802.527878325,"data":"  }\n"}
,{"stream_name":"stdout","time":1802.527882119,"data":"}\n"}
,{"stream_name":"stdout","time":1802.727059543,"data":"VALIDATOR: excluding 4 TRAIN stem(s) that also appear in TEST_DIR: ['44b6_0113de3b', '44b6_0b24845f', '6bba_05b6850b', '6bba_05db0fb1']\n"}
,{"stream_name":"stdout","time":1851.450104233,"data":"VALIDATOR: selected 8 held-out TRAIN samples (4 per embryo-type prefix, 2 prefixes found, 8 contain a GT division)\n"}
,{"stream_name":"stdout","time":1851.450162487,"data":"['44b6_12dfb391', '44b6_267148e4', '44b6_2a2eff9f', '44b6_341df25f', '6bba_062c8d37', '6bba_07e24132', '6bba_085bf656', '6bba_09961292']\n"}
,{"stream_name":"stdout","time":1851.450171537,"data":"VALIDATOR: launching 2 shards on CUDA devices ['0', '1']\n"}
,{"stream_name":"stderr","time":1856.441376884,"data":"/usr/local/lib/python3.12/dist-packages/dask/array/image.py:7: FutureWarning: `find_available_plugins` is deprecated since version 0.25 and will be removed in version 0.27. The plugin infrastructure of `skimage.io` is deprecated. Instead, use `imageio` or other I/O packages directly.\n"}
,{"stream_name":"stderr","time":1856.441413249,"data":"  from skimage.io import imread as sk_imread\n"}
,{"stream_name":"stderr","time":1856.446574142,"data":"/usr/lib/python3.12/importlib/__init__.py:90: FutureWarning: `reset_plugins` is deprecated since version 0.25 and will be removed in version 0.27. The plugin infrastructure of `skimage.io` is deprecated. Instead, use `imageio` or other I/O packages directly.\n"}
,{"stream_name":"stderr","time":1856.446603417,"data":"  return _bootstrap._gcd_import(name[level:], package, level)\n"}
,{"stream_name":"stderr","time":1856.494979238,"data":"/usr/local/lib/python3.12/dist-packages/dask/array/image.py:7: FutureWarning: `find_available_plugins` is deprecated since version 0.25 and will be removed in version 0.27. The plugin infrastructure of `skimage.io` is deprecated. Instead, use `imageio` or other I/O packages directly.\n"}
,{"stream_name":"stderr","time":1856.49502871,"data":"  from skimage.io import imread as sk_imread\n"}
,{"stream_name":"stderr","time":1856.501241728,"data":"/usr/lib/python3.12/importlib/__init__.py:90: FutureWarning: `reset_plugins` is deprecated since version 0.25 and will be removed in version 0.27. The plugin infrastructure of `skimage.io` is deprecated. Instead, use `imageio` or other I/O packages directly.\n"}
,{"stream_name":"stderr","time":1856.501268019,"data":"  return _bootstrap._gcd_import(name[level:], package, level)\n"}
,{"stream_name":"stderr","time":1856.644120333,"data":"/usr/local/lib/python3.12/dist-packages/dask/array/image.py:7: FutureWarning: `find_available_plugins` is deprecated since version 0.25 and will be removed in version 0.27. The plugin infrastructure of `skimage.io` is deprecated. Instead, use `imageio` or other I/O packages directly.\n"}
,{"stream_name":"stderr","time":1856.644150629,"data":"  from skimage.io import imread as sk_imread\n"}
,{"stream_name":"stderr","time":1856.644156082,"data":"/usr/lib/python3.12/importlib/__init__.py:90: FutureWarning: `reset_plugins` is deprecated since version 0.25 and will be removed in version 0.27. The plugin infrastructure of `skimage.io` is deprecated. Instead, use `imageio` or other I/O packages directly.\n"}
,{"stream_name":"stderr","time":1856.644160652,"data":"  return _bootstrap._gcd_import(name[level:], package, level)\n"}
,{"stream_name":"stderr","time":1856.644165041,"data":"/usr/local/lib/python3.12/dist-packages/dask/array/image.py:7: FutureWarning: `find_available_plugins` is deprecated since version 0.25 and will be removed in version 0.27. The plugin infrastructure of `skimage.io` is deprecated. Instead, use `imageio` or other I/O packages directly.\n"}
,{"stream_name":"stderr","time":1856.644169521,"data":"  from skimage.io import imread as sk_imread\n"}
,{"stream_name":"stderr","time":1856.644174189,"data":"/usr/lib/python3.12/importlib/__init__.py:90: FutureWarning: `reset_plugins` is deprecated since version 0.25 and will be removed in version 0.27. The plugin infrastructure of `skimage.io` is deprecated. Instead, use `imageio` or other I/O packages directly.\n"}
,{"stream_name":"stderr","time":1856.644178428,"data":"  return _bootstrap._gcd_import(name[level:], package, level)\n"}
,{"stream_name":"stderr","time":1856.644183021,"data":"\n"}
,{"stream_name":"stderr","time":1856.644187591,"data":"/usr/local/lib/python3.12/dist-packages/dask/array/image.py:7: FutureWarning: `find_available_plugins` is deprecated since version 0.25 and will be removed in version 0.27. The plugin infrastructure of `skimage.io` is deprecated. Instead, use `imageio` or other I/O packages directly.\n"}
,{"stream_name":"stderr","time":1856.644192047,"data":"  from skimage.io import imread as sk_imread\n"}
,{"stream_name":"stderr","time":1856.644196565,"data":"/usr/lib/python3.12/importlib/__init__.py:90: FutureWarning: `reset_plugins` is deprecated since version 0.25 and will be removed in version 0.27. The plugin infrastructure of `skimage.io` is deprecated. Instead, use `imageio` or other I/O packages directly.\n"}
,{"stream_name":"stderr","time":1856.644201048,"data":"  return _bootstrap._gcd_import(name[level:], package, level)\n"}
,{"stream_name":"stderr","time":1856.644206378,"data":"/usr/local/lib/python3.12/dist-packages/dask/array/image.py:7: FutureWarning: `find_available_plugins` is deprecated since version 0.25 and will be removed in version 0.27. The plugin infrastructure of `skimage.io` is deprecated. Instead, use `imageio` or other I/O packages directly.\n"}
,{"stream_name":"stderr","time":1856.644211476,"data":"  from skimage.io import imread as sk_imread\n"}
,{"stream_name":"stderr","time":1856.644229237,"data":"/usr/lib/python3.12/importlib/__init__.py:90: FutureWarning: `reset_plugins` is deprecated since version 0.25 and will be removed in version 0.27. The plugin infrastructure of `skimage.io` is deprecated. Instead, use `imageio` or other I/O packages directly.\n"}
,{"stream_name":"stderr","time":1856.644233724,"data":"  return _bootstrap._gcd_import(name[level:], package, level)\n"}
,{"stream_name":"stdout","time":1857.035481718,"data":"Secondary model: /kaggle/working/secondary_seed_weights/unet_transformer/split_0/edge_predictor_best.pth | edge weight=0.150 | detection weight=0.800 | link mode=low_margin_consensus | temperature=1.000 | low-margin max=0.350 | edge threshold=0.480\n"}
,{"stream_name":"stdout","time":1857.035529284,"data":"Fold 0: 4 datasets | weights=weights/unet_transformer/split_0/edge_predictor_best.pth | device=cuda | window_size=2 | pool_kernel_um=3.0\n"}
,{"stream_name":"stdout","time":1857.079069054,"data":"Secondary model: /kaggle/working/secondary_seed_weights/unet_transformer/split_0/edge_predictor_best.pth | edge weight=0.150 | detection weight=0.800 | link mode=low_margin_consensus | temperature=1.000 | low-margin max=0.350 | edge threshold=0.480\n"}
,{"stream_name":"stdout","time":1857.079106383,"data":"Fold 0: 4 datasets | weights=weights/unet_transformer/split_0/edge_predictor_best.pth | device=cuda | window_size=2 | pool_kernel_um=3.0\n"}
,{"stream_name":"stdout","time":1857.238361308,"data":"Secondary model: /kaggle/working/secondary_seed_weights/unet_transformer/split_0/edge_predictor_best.pth | edge weight=0.150 | detection weight=0.800 | link mode=low_margin_consensus | temperature=1.000 | low-margin max=0.350 | edge threshold=0.480\n"}
,{"stream_name":"stdout","time":1857.238413355,"data":"Fold 0: 4 datasets | weights=weights/unet_transformer/split_0/edge_predictor_best.pth | device=cuda | window_size=2 | pool_kernel_um=3.0\n"}
,{"stream_name":"stdout","time":1857.238437322,"data":"Secondary model: /kaggle/working/secondary_seed_weights/unet_transformer/split_0/edge_predictor_best.pth | edge weight=0.150 | detection weight=0.800 | link mode=low_margin_consensus | temperature=1.000 | low-margin max=0.350 | edge threshold=0.480\n"}
,{"stream_name":"stdout","time":1857.238443129,"data":"Fold 0: 4 datasets | weights=weights/unet_transformer/split_0/edge_predictor_best.pth | device=cuda | window_size=2 | pool_kernel_um=3.0\n"}
,{"stream_name":"stdout","time":1858.465728552,"data":"EDGE_TTA_ACTIVE views= 8 mean_abs_feat_delta= 0.392767\n"}
,{"stream_name":"stdout","time":1858.500502851,"data":"EDGE_TTA_ACTIVE views= 8 mean_abs_feat_delta= 0.34981\n"}
,{"stream_name":"stdout","time":1858.668337343,"data":"EDGE_TTA_ACTIVE views= 8 mean_abs_feat_delta= 0.392767\n"}
,{"stream_name":"stdout","time":1858.668374575,"data":"EDGE_TTA_ACTIVE views= 8 mean_abs_feat_delta= 0.34981\n"}
,{"stream_name":"stdout","time":1859.308509511,"data":"SECONDARY_EDGE_TTA_ACTIVE views= 8 weight= 0.75 mean_abs_feat_delta= 0.25325\n"}
,{"stream_name":"stdout","time":1859.3752294,"data":"SECONDARY_EDGE_TTA_ACTIVE views= 8 weight= 0.75 mean_abs_feat_delta= 0.248181\n"}
,{"stream_name":"stdout","time":1859.512188707,"data":"SECONDARY_EDGE_TTA_ACTIVE views= 8 weight= 0.75 mean_abs_feat_delta= 0.25325\n"}
,{"stream_name":"stdout","time":1859.512249976,"data":"SECONDARY_EDGE_TTA_ACTIVE views= 8 weight= 0.75 mean_abs_feat_delta= 0.248181\n"}
,{"stream_name":"stdout","time":1860.892555897,"data":"EDGE_TTA_ACTIVE views= 8 mean_abs_feat_delta= 0.399438\n"}
,{"stream_name":"stdout","time":1860.990526019,"data":"EDGE_TTA_ACTIVE views= 8 mean_abs_feat_delta= 0.348323\n"}
,{"stream_name":"stdout","time":1861.095343021,"data":"EDGE_TTA_ACTIVE views= 8 mean_abs_feat_delta= 0.399438\n"}
,{"stream_name":"stdout","time":1861.095412097,"data":"EDGE_TTA_ACTIVE views= 8 mean_abs_feat_delta= 0.348323\n"}
,{"stream_name":"stdout","time":1861.722703239,"data":"SECONDARY_EDGE_TTA_ACTIVE views= 8 weight= 0.75 mean_abs_feat_delta= 0.251396\n"}
,{"stream_name":"stdout","time":1861.863105179,"data":"SECONDARY_EDGE_TTA_ACTIVE views= 8 weight= 0.75 mean_abs_feat_delta= 0.247023\n"}
,{"stream_name":"stdout","time":1861.925339397,"data":"SECONDARY_EDGE_TTA_ACTIVE views= 8 weight= 0.75 mean_abs_feat_delta= 0.251396\n"}
,{"stream_name":"stdout","time":1861.925380922,"data":"SECONDARY_EDGE_TTA_ACTIVE views= 8 weight= 0.75 mean_abs_feat_delta= 0.247023\n"}
,{"stream_name":"stdout","time":1862.699913567,"data":"EDGE_TTA_ACTIVE views= 8 mean_abs_feat_delta= 0.403568\n"}
,{"stream_name":"stdout","time":1862.902202371,"data":"EDGE_TTA_ACTIVE views= 8 mean_abs_feat_delta= 0.403568\n"}
,{"stream_name":"stdout","time":1862.921946714,"data":"EDGE_TTA_ACTIVE views= 8 mean_abs_feat_delta= 0.347872\n"}
,{"stream_name":"stdout","time":1863.124537367,"data":"EDGE_TTA_ACTIVE views= 8 mean_abs_feat_delta= 0.347872\n"}
,{"stream_name":"stdout","time":1863.548435092,"data":"SECONDARY_EDGE_TTA_ACTIVE views= 8 weight= 0.75 mean_abs_feat_delta= 0.261829\n"}
,{"stream_name":"stdout","time":1863.751280846,"data":"SECONDARY_EDGE_TTA_ACTIVE views= 8 weight= 0.75 mean_abs_feat_delta= 0.261829\n"}
,{"stream_name":"stdout","time":1863.79574089,"data":"SECONDARY_EDGE_TTA_ACTIVE views= 8 weight= 0.75 mean_abs_feat_delta= 0.246602\n"}
,{"stream_name":"stdout","time":1864.001852948,"data":"SECONDARY_EDGE_TTA_ACTIVE views= 8 weight= 0.75 mean_abs_feat_delta= 0.246602\n"}
,{"stream_name":"stdout","time":1864.549231702,"data":"EDGE_TTA_ACTIVE views= 8 mean_abs_feat_delta= 0.396848\n"}
,{"stream_name":"stdout","time":1864.75185031,"data":"EDGE_TTA_ACTIVE views= 8 mean_abs_feat_delta= 0.396848\n"}
,{"stream_name":"stdout","time":1864.854615404,"data":"EDGE_TTA_ACTIVE views= 8 mean_abs_feat_delta= 0.351487\n"}
,{"stream_name":"stdout","time":1865.057608526,"data":"EDGE_TTA_ACTIVE views= 8 mean_abs_feat_delta= 0.351487\n"}
,{"stream_name":"stdout","time":1865.397570302,"data":"SECONDARY_EDGE_TTA_ACTIVE views= 8 weight= 0.75 mean_abs_feat_delta= 0.263394\n"}
,{"stream_name":"stdout","time":1865.600046069,"data":"SECONDARY_EDGE_TTA_ACTIVE views= 8 weight= 0.75 mean_abs_feat_delta= 0.263394\n"}
,{"stream_name":"stdout","time":1865.729912277,"data":"SECONDARY_EDGE_TTA_ACTIVE views= 8 weight= 0.75 mean_abs_feat_delta= 0.246793\n"}
,{"stream_name":"stdout","time":1865.932622766,"data":"SECONDARY_EDGE_TTA_ACTIVE views= 8 weight= 0.75 mean_abs_feat_delta= 0.246793\n"}
,{"stream_name":"stdout","time":1866.41010979,"data":"EDGE_TTA_ACTIVE views= 8 mean_abs_feat_delta= 0.405804\n"}
,{"stream_name":"stdout","time":1866.613136216,"data":"EDGE_TTA_ACTIVE views= 8 mean_abs_feat_delta= 0.405804\n"}
,{"stream_name":"stdout","time":1866.755547173,"data":"EDGE_TTA_ACTIVE views= 8 mean_abs_feat_delta= 0.349843\n"}
,{"stream_name":"stdout","time":1866.958442354,"data":"EDGE_TTA_ACTIVE views= 8 mean_abs_feat_delta= 0.349843\n"}
,{"stream_name":"stdout","time":1867.263166869,"data":"SECONDARY_EDGE_TTA_ACTIVE views= 8 weight= 0.75 mean_abs_feat_delta= 0.265155\n"}
,{"stream_name":"stdout","time":1867.465688527,"data":"SECONDARY_EDGE_TTA_ACTIVE views= 8 weight= 0.75 mean_abs_feat_delta= 0.265155\n"}
,{"stream_name":"stdout","time":1867.634769393,"data":"SECONDARY_EDGE_TTA_ACTIVE views= 8 weight= 0.75 mean_abs_feat_delta= 0.248773\n"}
,{"stream_name":"stdout","time":1867.83851672,"data":"SECONDARY_EDGE_TTA_ACTIVE views= 8 weight= 0.75 mean_abs_feat_delta= 0.248773\n"}
,{"stream_name":"stdout","time":1868.21828524,"data":"EDGE_TTA_ACTIVE views= 8 mean_abs_feat_delta= 0.406637\n"}
,{"stream_name":"stdout","time":1868.421177478,"data":"EDGE_TTA_ACTIVE views= 8 mean_abs_feat_delta= 0.406637\n"}
,{"stream_name":"stdout","time":1868.697356557,"data":"EDGE_TTA_ACTIVE views= 8 mean_abs_feat_delta= 0.348101\n"}
,{"stream_name":"stdout","time":1868.900042103,"data":"EDGE_TTA_ACTIVE views= 8 mean_abs_feat_delta= 0.348101\n"}
,{"stream_name":"stdout","time":1869.076621069,"data":"SECONDARY_EDGE_TTA_ACTIVE views= 8 weight= 0.75 mean_abs_feat_delta= 0.26828\n"}
,{"stream_name":"stdout","time":1869.279074636,"data":"SECONDARY_EDGE_TTA_ACTIVE views= 8 weight= 0.75 mean_abs_feat_delta= 0.26828\n"}
,{"stream_name":"stdout","time":1869.58036885,"data":"SECONDARY_EDGE_TTA_ACTIVE views= 8 weight= 0.75 mean_abs_feat_delta= 0.251248\n"}
,{"stream_name":"stdout","time":1869.783137343,"data":"SECONDARY_EDGE_TTA_ACTIVE views= 8 weight= 0.75 mean_abs_feat_delta= 0.251248\n"}
,{"stream_name":"stdout","time":1870.01930634,"data":"EDGE_TTA_ACTIVE views= 8 mean_abs_feat_delta= 0.406976\n"}
,{"stream_name":"stdout","time":1870.222162673,"data":"EDGE_TTA_ACTIVE views= 8 mean_abs_feat_delta= 0.406976\n"}
,{"stream_name":"stdout","time":1870.619036969,"data":"EDGE_TTA_ACTIVE views= 8 mean_abs_feat_delta= 0.351882\n"}
,{"stream_name":"stdout","time":1870.821619342,"data":"EDGE_TTA_ACTIVE views= 8 mean_abs_feat_delta= 0.351882\n"}
,{"stream_name":"stdout","time":1870.873811036,"data":"SECONDARY_EDGE_TTA_ACTIVE views= 8 weight= 0.75 mean_abs_feat_delta= 0.266278\n"}
,{"stream_name":"stdout","time":1871.076477234,"data":"SECONDARY_EDGE_TTA_ACTIVE views= 8 weight= 0.75 mean_abs_feat_delta= 0.266278\n"}
,{"stream_name":"stdout","time":1871.499582809,"data":"SECONDARY_EDGE_TTA_ACTIVE views= 8 weight= 0.75 mean_abs_feat_delta= 0.248045\n"}
,{"stream_name":"stdout","time":1871.702690728,"data":"SECONDARY_EDGE_TTA_ACTIVE views= 8 weight= 0.75 mean_abs_feat_delta= 0.248045\n"}
,{"stream_name":"stdout","time":1871.869597967,"data":"EDGE_TTA_ACTIVE views= 8 mean_abs_feat_delta= 0.402713\n"}
,{"stream_name":"stdout","time":1872.07289398,"data":"EDGE_TTA_ACTIVE views= 8 mean_abs_feat_delta= 0.402713\n"}
,{"stream_name":"stdout","time":1872.55116614,"data":"EDGE_TTA_ACTIVE views= 8 mean_abs_feat_delta= 0.352461\n"}
,{"stream_name":"stdout","time":1872.7288766,"data":"SECONDARY_EDGE_TTA_ACTIVE views= 8 weight= 0.75 mean_abs_feat_delta= 0.265313\n"}
,{"stream_name":"stdout","time":1872.753754966,"data":"EDGE_TTA_ACTIVE views= 8 mean_abs_feat_delta= 0.352461\n"}
,{"stream_name":"stdout","time":1872.753796894,"data":"SECONDARY_EDGE_TTA_ACTIVE views= 8 weight= 0.75 mean_abs_feat_delta= 0.265313\n"}
,{"stream_name":"stdout","time":1873.432571368,"data":"SECONDARY_EDGE_TTA_ACTIVE views= 8 weight= 0.75 mean_abs_feat_delta= 0.24889\n"}
,{"stream_name":"stdout","time":1873.635593049,"data":"SECONDARY_EDGE_TTA_ACTIVE views= 8 weight= 0.75 mean_abs_feat_delta= 0.24889\n"}
,{"stream_name":"stdout","time":1873.708074838,"data":"EDGE_TTA_ACTIVE views= 8 mean_abs_feat_delta= 0.409078\n"}
,{"stream_name":"stdout","time":1873.910652233,"data":"EDGE_TTA_ACTIVE views= 8 mean_abs_feat_delta= 0.409078\n"}
,{"stream_name":"stdout","time":1874.478658442,"data":"EDGE_TTA_ACTIVE views= 8 mean_abs_feat_delta= 0.352873\n"}
,{"stream_name":"stdout","time":1874.568511756,"data":"SECONDARY_EDGE_TTA_ACTIVE views= 8 weight= 0.75 mean_abs_feat_delta= 0.269693\n"}
,{"stream_name":"stdout","time":1874.680931053,"data":"EDGE_TTA_ACTIVE views= 8 mean_abs_feat_delta= 0.352873\n"}
,{"stream_name":"stdout","time":1874.680973396,"data":"SECONDARY_EDGE_TTA_ACTIVE views= 8 weight= 0.75 mean_abs_feat_delta= 0.269693\n"}
,{"stream_name":"stdout","time":1875.366870639,"data":"SECONDARY_EDGE_TTA_ACTIVE views= 8 weight= 0.75 mean_abs_feat_delta= 0.252126\n"}
,{"stream_name":"stdout","time":1875.533230148,"data":"EDGE_TTA_ACTIVE views= 8 mean_abs_feat_delta= 0.408625\n"}
,{"stream_name":"stdout","time":1875.569107661,"data":"SECONDARY_EDGE_TTA_ACTIVE views= 8 weight= 0.75 mean_abs_feat_delta= 0.252126\n"}
,{"stream_name":"stdout","time":1875.569143845,"data":"EDGE_TTA_ACTIVE views= 8 mean_abs_feat_delta= 0.408625\n"}
,{"stream_name":"stdout","time":1876.397737378,"data":"SECONDARY_EDGE_TTA_ACTIVE views= 8 weight= 0.75 mean_abs_feat_delta= 0.268201\n"}
,{"stream_name":"stdout","time":1876.519181196,"data":"EDGE_TTA_ACTIVE views= 8 mean_abs_feat_delta= 0.354101\n"}
,{"stream_name":"stdout","time":1876.600358348,"data":"SECONDARY_EDGE_TTA_ACTIVE views= 8 weight= 0.75 mean_abs_feat_delta= 0.268201\n"}
,{"stream_name":"stdout","time":1876.600417911,"data":"EDGE_TTA_ACTIVE views= 8 mean_abs_feat_delta= 0.354101\n"}
,{"stream_name":"stdout","time":1877.40509038,"data":"SECONDARY_EDGE_TTA_ACTIVE views= 8 weight= 0.75 mean_abs_feat_delta= 0.254643\n"}
,{"stream_name":"stdout","time":1877.412683945,"data":"EDGE_TTA_ACTIVE views= 8 mean_abs_feat_delta= 0.39904\n"}
,{"stream_name":"stdout","time":1877.607678321,"data":"SECONDARY_EDGE_TTA_ACTIVE views= 8 weight= 0.75 mean_abs_feat_delta= 0.254643\n"}
,{"stream_name":"stdout","time":1877.607714121,"data":"EDGE_TTA_ACTIVE views= 8 mean_abs_feat_delta= 0.39904\n"}
,{"stream_name":"stdout","time":1878.274265594,"data":"SECONDARY_EDGE_TTA_ACTIVE views= 8 weight= 0.75 mean_abs_feat_delta= 0.270173\n"}
,{"stream_name":"stdout","time":1878.4528738,"data":"EDGE_TTA_ACTIVE views= 8 mean_abs_feat_delta= 0.353493\n"}
,{"stream_name":"stdout","time":1878.476835782,"data":"SECONDARY_EDGE_TTA_ACTIVE views= 8 weight= 0.75 mean_abs_feat_delta= 0.270173\n"}
,{"stream_name":"stdout","time":1878.476914773,"data":"EDGE_TTA_ACTIVE views= 8 mean_abs_feat_delta= 0.353493\n"}
,{"stream_name":"stdout","time":1879.241803138,"data":"EDGE_TTA_ACTIVE views= 8 mean_abs_feat_delta= 0.400016\n"}
,{"stream_name":"stdout","time":1879.345124603,"data":"SECONDARY_EDGE_TTA_ACTIVE views= 8 weight= 0.75 mean_abs_feat_delta= 0.252923\n"}
,{"stream_name":"stdout","time":1879.44435986,"data":"EDGE_TTA_ACTIVE views= 8 mean_abs_feat_delta= 0.400016\n"}
,{"stream_name":"stdout","time":1879.444387656,"data":"SECONDARY_EDGE_TTA_ACTIVE views= 8 weight= 0.75 mean_abs_feat_delta= 0.252923\n"}
,{"stream_name":"stdout","time":1880.107963557,"data":"SECONDARY_EDGE_TTA_ACTIVE views= 8 weight= 0.75 mean_abs_feat_delta= 0.274836\n"}
,{"stream_name":"stdout","time":1880.311004958,"data":"SECONDARY_EDGE_TTA_ACTIVE views= 8 weight= 0.75 mean_abs_feat_delta= 0.274836\n"}
,{"stream_name":"stdout","time":1880.383153037,"data":"EDGE_TTA_ACTIVE views= 8 mean_abs_feat_delta= 0.351325\n"}
,{"stream_name":"stdout","time":1880.585714272,"data":"EDGE_TTA_ACTIVE views= 8 mean_abs_feat_delta= 0.351325\n"}
,{"stream_name":"stdout","time":1881.110223449,"data":"EDGE_TTA_ACTIVE views= 8 mean_abs_feat_delta= 0.392897\n"}
,{"stream_name":"stdout","time":1881.275133889,"data":"SECONDARY_EDGE_TTA_ACTIVE views= 8 weight= 0.75 mean_abs_feat_delta= 0.254734\n"}
,{"stream_name":"stdout","time":1881.312816551,"data":"EDGE_TTA_ACTIVE views= 8 mean_abs_feat_delta= 0.392897\n"}
,{"stream_name":"stdout","time":1881.312843198,"data":"SECONDARY_EDGE_TTA_ACTIVE views= 8 weight= 0.75 mean_abs_feat_delta= 0.254734\n"}
,{"stream_name":"stdout","time":1881.981225805,"data":"SECONDARY_EDGE_TTA_ACTIVE views= 8 weight= 0.75 mean_abs_feat_delta= 0.275465\n"}
,{"stream_name":"stdout","time":1882.239717599,"data":"SECONDARY_EDGE_TTA_ACTIVE views= 8 weight= 0.75 mean_abs_feat_delta= 0.275465\n"}
,{"stream_name":"stdout","time":1882.321952342,"data":"EDGE_TTA_ACTIVE views= 8 mean_abs_feat_delta= 0.348177\n"}
,{"stream_name":"stdout","time":1882.524378325,"data":"EDGE_TTA_ACTIVE views= 8 mean_abs_feat_delta= 0.348177\n"}
,{"stream_name":"stdout","time":1882.953817987,"data":"EDGE_TTA_ACTIVE views= 8 mean_abs_feat_delta= 0.386155\n"}
,{"stream_name":"stdout","time":1883.156562664,"data":"EDGE_TTA_ACTIVE views= 8 mean_abs_feat_delta= 0.386155\n"}
,{"stream_name":"stdout","time":1883.213443014,"data":"SECONDARY_EDGE_TTA_ACTIVE views= 8 weight= 0.75 mean_abs_feat_delta= 0.253579\n"}
,{"stream_name":"stdout","time":1883.416063414,"data":"SECONDARY_EDGE_TTA_ACTIVE views= 8 weight= 0.75 mean_abs_feat_delta= 0.253579\n"}
,{"stream_name":"stdout","time":1883.833190375,"data":"SECONDARY_EDGE_TTA_ACTIVE views= 8 weight= 0.75 mean_abs_feat_delta= 0.276966\n"}
,{"stream_name":"stdout","time":1884.035730738,"data":"SECONDARY_EDGE_TTA_ACTIVE views= 8 weight= 0.75 mean_abs_feat_delta= 0.276966\n"}
,{"stream_name":"stdout","time":1884.292672703,"data":"EDGE_TTA_ACTIVE views= 8 mean_abs_feat_delta= 0.350577\n"}
,{"stream_name":"stdout","time":1884.495394963,"data":"EDGE_TTA_ACTIVE views= 8 mean_abs_feat_delta= 0.350577\n"}
,{"stream_name":"stdout","time":1884.809863602,"data":"EDGE_TTA_ACTIVE views= 8 mean_abs_feat_delta= 0.384551\n"}
,{"stream_name":"stdout","time":1885.012798431,"data":"EDGE_TTA_ACTIVE views= 8 mean_abs_feat_delta= 0.384551\n"}
,{"stream_name":"stdout","time":1885.184709635,"data":"SECONDARY_EDGE_TTA_ACTIVE views= 8 weight= 0.75 mean_abs_feat_delta= 0.25103\n"}
,{"stream_name":"stdout","time":1885.387886443,"data":"SECONDARY_EDGE_TTA_ACTIVE views= 8 weight= 0.75 mean_abs_feat_delta= 0.25103\n"}
,{"stream_name":"stdout","time":1885.682802985,"data":"SECONDARY_EDGE_TTA_ACTIVE views= 8 weight= 0.75 mean_abs_feat_delta= 0.281272\n"}
,{"stream_name":"stdout","time":1885.885393517,"data":"SECONDARY_EDGE_TTA_ACTIVE views= 8 weight= 0.75 mean_abs_feat_delta= 0.281272\n"}
,{"stream_name":"stdout","time":1886.254209806,"data":"EDGE_TTA_ACTIVE views= 8 mean_abs_feat_delta= 0.351302\n"}
,{"stream_name":"stdout","time":1886.457240761,"data":"EDGE_TTA_ACTIVE views= 8 mean_abs_feat_delta= 0.351302\n"}
,{"stream_name":"stdout","time":1886.659675632,"data":"EDGE_TTA_ACTIVE views= 8 mean_abs_feat_delta= 0.380346\n"}
,{"stream_name":"stdout","time":1886.862041894,"data":"EDGE_TTA_ACTIVE views= 8 mean_abs_feat_delta= 0.380346\n"}
,{"stream_name":"stdout","time":1887.150003556,"data":"SECONDARY_EDGE_TTA_ACTIVE views= 8 weight= 0.75 mean_abs_feat_delta= 0.25233\n"}
,{"stream_name":"stdout","time":1887.352445279,"data":"SECONDARY_EDGE_TTA_ACTIVE views= 8 weight= 0.75 mean_abs_feat_delta= 0.25233\n"}
,{"stream_name":"stdout","time":1887.534833346,"data":"SECONDARY_EDGE_TTA_ACTIVE views= 8 weight= 0.75 mean_abs_feat_delta= 0.285887\n"}
,{"stream_name":"stdout","time":1887.737252198,"data":"SECONDARY_EDGE_TTA_ACTIVE views= 8 weight= 0.75 mean_abs_feat_delta= 0.285887\n"}
,{"stream_name":"stdout","time":1888.233635169,"data":"EDGE_TTA_ACTIVE views= 8 mean_abs_feat_delta= 0.349328\n"}
,{"stream_name":"stdout","time":1888.436260864,"data":"EDGE_TTA_ACTIVE views= 8 mean_abs_feat_delta= 0.349328\n"}
,{"stream_name":"stdout","time":1888.513520601,"data":"EDGE_TTA_ACTIVE views= 8 mean_abs_feat_delta= 0.37911\n"}
,{"stream_name":"stdout","time":1888.71581669,"data":"EDGE_TTA_ACTIVE views= 8 mean_abs_feat_delta= 0.37911\n"}
,{"stream_name":"stdout","time":1889.125695348,"data":"SECONDARY_EDGE_TTA_ACTIVE views= 8 weight= 0.75 mean_abs_feat_delta= 0.251184\n"}
,{"stream_name":"stdout","time":1889.327814726,"data":"SECONDARY_EDGE_TTA_ACTIVE views= 8 weight= 0.75 mean_abs_feat_delta= 0.251184\n"}
,{"stream_name":"stdout","time":1889.39112473,"data":"SECONDARY_EDGE_TTA_ACTIVE views= 8 weight= 0.75 mean_abs_feat_delta= 0.286323\n"}
,{"stream_name":"stdout","time":1889.593590156,"data":"SECONDARY_EDGE_TTA_ACTIVE views= 8 weight= 0.75 mean_abs_feat_delta= 0.286323\n"}
,{"stream_name":"stdout","time":1890.237203055,"data":"EDGE_TTA_ACTIVE views= 8 mean_abs_feat_delta= 0.347529\n"}
,{"stream_name":"stdout","time":1890.407896718,"data":"EDGE_TTA_ACTIVE views= 8 mean_abs_feat_delta= 0.388444\n"}
,{"stream_name":"stdout","time":1890.43993332,"data":"EDGE_TTA_ACTIVE views= 8 mean_abs_feat_delta= 0.347529\n"}
,{"stream_name":"stdout","time":1890.439964495,"data":"EDGE_TTA_ACTIVE views= 8 mean_abs_feat_delta= 0.388444\n"}
,{"stream_name":"stdout","time":1891.132400745,"data":"SECONDARY_EDGE_TTA_ACTIVE views= 8 weight= 0.75 mean_abs_feat_delta= 0.24962\n"}
,{"stream_name":"stdout","time":1891.285949164,"data":"SECONDARY_EDGE_TTA_ACTIVE views= 8 weight= 0.75 mean_abs_feat_delta= 0.289269\n"}
,{"stream_name":"stdout","time":1891.335429219,"data":"SECONDARY_EDGE_TTA_ACTIVE views= 8 weight= 0.75 mean_abs_feat_delta= 0.24962\n"}
,{"stream_name":"stdout","time":1891.335468886,"data":"SECONDARY_EDGE_TTA_ACTIVE views= 8 weight= 0.75 mean_abs_feat_delta= 0.289269\n"}
,{"stream_name":"stdout","time":1892.192726286,"data":"EDGE_TTA_ACTIVE views= 8 mean_abs_feat_delta= 0.34733\n"}
,{"stream_name":"stdout","time":1892.293979817,"data":"EDGE_TTA_ACTIVE views= 8 mean_abs_feat_delta= 0.38137\n"}
,{"stream_name":"stdout","time":1892.395241749,"data":"EDGE_TTA_ACTIVE views= 8 mean_abs_feat_delta= 0.34733\n"}
,{"stream_name":"stdout","time":1892.395267896,"data":"EDGE_TTA_ACTIVE views= 8 mean_abs_feat_delta= 0.38137\n"}
,{"stream_name":"stdout","time":1893.089204759,"data":"SECONDARY_EDGE_TTA_ACTIVE views= 8 weight= 0.75 mean_abs_feat_delta= 0.253407\n"}
,{"stream_name":"stdout","time":1893.176098588,"data":"SECONDARY_EDGE_TTA_ACTIVE views= 8 weight= 0.75 mean_abs_feat_delta= 0.293139\n"}
,{"stream_name":"stdout","time":1893.291782493,"data":"SECONDARY_EDGE_TTA_ACTIVE views= 8 weight= 0.75 mean_abs_feat_delta= 0.253407\n"}
,{"stream_name":"stdout","time":1893.291818535,"data":"SECONDARY_EDGE_TTA_ACTIVE views= 8 weight= 0.75 mean_abs_feat_delta= 0.293139\n"}
,{"stream_name":"stdout","time":1894.187283655,"data":"EDGE_TTA_ACTIVE views= 8 mean_abs_feat_delta= 0.346983\n"}
,{"stream_name":"stdout","time":1894.223366101,"data":"EDGE_TTA_ACTIVE views= 8 mean_abs_feat_delta= 0.380845\n"}
,{"stream_name":"stdout","time":1894.390154953,"data":"EDGE_TTA_ACTIVE views= 8 mean_abs_feat_delta= 0.346983\n"}
,{"stream_name":"stdout","time":1894.390344895,"data":"EDGE_TTA_ACTIVE views= 8 mean_abs_feat_delta= 0.380845\n"}
,{"stream_name":"stdout","time":1895.084888179,"data":"SECONDARY_EDGE_TTA_ACTIVE views= 8 weight= 0.75 mean_abs_feat_delta= 0.2512\n"}
,{"stream_name":"stdout","time":1895.102592373,"data":"SECONDARY_EDGE_TTA_ACTIVE views= 8 weight= 0.75 mean_abs_feat_delta= 0.293928\n"}
,{"stream_name":"stdout","time":1895.287089102,"data":"SECONDARY_EDGE_TTA_ACTIVE views= 8 weight= 0.75 mean_abs_feat_delta= 0.2512\n"}
,{"stream_name":"stdout","time":1895.287125945,"data":"SECONDARY_EDGE_TTA_ACTIVE views= 8 weight= 0.75 mean_abs_feat_delta= 0.293928\n"}
,{"stream_name":"stdout","time":1896.108831883,"data":"EDGE_TTA_ACTIVE views= 8 mean_abs_feat_delta= 0.378817\n"}
,{"stream_name":"stdout","time":1896.213023222,"data":"EDGE_TTA_ACTIVE views= 8 mean_abs_feat_delta= 0.343153\n"}
,{"stream_name":"stdout","time":1896.311210453,"data":"EDGE_TTA_ACTIVE views= 8 mean_abs_feat_delta= 0.378817\n"}
,{"stream_name":"stdout","time":1896.31124012,"data":"EDGE_TTA_ACTIVE views= 8 mean_abs_feat_delta= 0.343153\n"}
,{"stream_name":"stdout","time":1896.992306053,"data":"SECONDARY_EDGE_TTA_ACTIVE views= 8 weight= 0.75 mean_abs_feat_delta= 0.297484\n"}
,{"stream_name":"stdout","time":1897.111267047,"data":"SECONDARY_EDGE_TTA_ACTIVE views= 8 weight= 0.75 mean_abs_feat_delta= 0.24607\n"}
,{"stream_name":"stdout","time":1897.195066848,"data":"SECONDARY_EDGE_TTA_ACTIVE views= 8 weight= 0.75 mean_abs_feat_delta= 0.297484\n"}
,{"stream_name":"stdout","time":1897.195103045,"data":"SECONDARY_EDGE_TTA_ACTIVE views= 8 weight= 0.75 mean_abs_feat_delta= 0.24607\n"}
,{"stream_name":"stdout","time":1897.997251444,"data":"EDGE_TTA_ACTIVE views= 8 mean_abs_feat_delta= 0.370246\n"}
,{"stream_name":"stdout","time":1898.199942713,"data":"EDGE_TTA_ACTIVE views= 8 mean_abs_feat_delta= 0.370246\n"}
,{"stream_name":"stdout","time":1898.232678207,"data":"EDGE_TTA_ACTIVE views= 8 mean_abs_feat_delta= 0.343379\n"}
,{"stream_name":"stdout","time":1898.435119637,"data":"EDGE_TTA_ACTIVE views= 8 mean_abs_feat_delta= 0.343379\n"}
,{"stream_name":"stdout","time":1898.884583695,"data":"SECONDARY_EDGE_TTA_ACTIVE views= 8 weight= 0.75 mean_abs_feat_delta= 0.295002\n"}
,{"stream_name":"stdout","time":1899.087449507,"data":"SECONDARY_EDGE_TTA_ACTIVE views= 8 weight= 0.75 mean_abs_feat_delta= 0.295002\n"}
,{"stream_name":"stdout","time":1899.135453293,"data":"SECONDARY_EDGE_TTA_ACTIVE views= 8 weight= 0.75 mean_abs_feat_delta= 0.246416\n"}
,{"stream_name":"stdout","time":1899.337802667,"data":"SECONDARY_EDGE_TTA_ACTIVE views= 8 weight= 0.75 mean_abs_feat_delta= 0.246416\n"}
,{"stream_name":"stdout","time":1899.924767092,"data":"EDGE_TTA_ACTIVE views= 8 mean_abs_feat_delta= 0.364454\n"}
,{"stream_name":"stdout","time":1900.127791802,"data":"EDGE_TTA_ACTIVE views= 8 mean_abs_feat_delta= 0.364454\n"}
,{"stream_name":"stdout","time":1900.222553017,"data":"EDGE_TTA_ACTIVE views= 8 mean_abs_feat_delta= 0.345181\n"}
,{"stream_name":"stdout","time":1900.425523198,"data":"EDGE_TTA_ACTIVE views= 8 mean_abs_feat_delta= 0.345181\n"}
,{"stream_name":"stdout","time":1900.813218724,"data":"SECONDARY_EDGE_TTA_ACTIVE views= 8 weight= 0.75 mean_abs_feat_delta= 0.297522\n"}
,{"stream_name":"stdout","time":1901.017399239,"data":"SECONDARY_EDGE_TTA_ACTIVE views= 8 weight= 0.75 mean_abs_feat_delta= 0.297522\n"}
,{"stream_name":"stdout","time":1901.126472543,"data":"SECONDARY_EDGE_TTA_ACTIVE views= 8 weight= 0.75 mean_abs_feat_delta= 0.248144\n"}
,{"stream_name":"stdout","time":1901.130674191,"data":"BIOHUB_RETENTION_GUARD {\"blended_candidates\": 431, \"dataset\": \"44b6_12dfb391\", \"frame\": 22, \"minimum_retention\": 0.9, \"primary_candidates\": 484, \"retention\": 0.890495867768595, \"use_primary\": true}\n"}
,{"stream_name":"stdout","time":1901.32870989,"data":"SECONDARY_EDGE_TTA_ACTIVE views= 8 weight= 0.75 mean_abs_feat_delta= 0.248144\n"}
,{"stream_name":"stdout","time":1901.32874555,"data":"BIOHUB_RETENTION_GUARD {\"blended_candidates\": 431, \"dataset\": \"44b6_12dfb391\", \"frame\": 22, \"minimum_retention\": 0.9, \"primary_candidates\": 484, \"retention\": 0.890495867768595, \"use_primary\": true}\n"}
,{"stream_name":"stdout","time":1901.813935986,"data":"EDGE_TTA_ACTIVE views= 8 mean_abs_feat_delta= 0.372022\n"}
,{"stream_name":"stdout","time":1902.01673385,"data":"EDGE_TTA_ACTIVE views= 8 mean_abs_feat_delta= 0.372022\n"}
,{"stream_name":"stdout","time":1902.208693517,"data":"EDGE_TTA_ACTIVE views= 8 mean_abs_feat_delta= 0.343644\n"}
,{"stream_name":"stdout","time":1902.411253667,"data":"EDGE_TTA_ACTIVE views= 8 mean_abs_feat_delta= 0.343644\n"}
,{"stream_name":"stdout","time":1902.702190079,"data":"SECONDARY_EDGE_TTA_ACTIVE views= 8 weight= 0.75 mean_abs_feat_delta= 0.294151\n"}
,{"stream_name":"stdout","time":1902.904705003,"data":"SECONDARY_EDGE_TTA_ACTIVE views= 8 weight= 0.75 mean_abs_feat_delta= 0.294151\n"}
,{"stream_name":"stdout","time":1903.112402435,"data":"SECONDARY_EDGE_TTA_ACTIVE views= 8 weight= 0.75 mean_abs_feat_delta= 0.251758\n"}
,{"stream_name":"stdout","time":1903.116732675,"data":"BIOHUB_RETENTION_GUARD {\"blended_candidates\": 433, \"dataset\": \"44b6_12dfb391\", \"frame\": 23, \"minimum_retention\": 0.9, \"primary_candidates\": 484, \"retention\": 0.8946280991735537, \"use_primary\": true}\n"}
,{"stream_name":"stdout","time":1903.314838826,"data":"SECONDARY_EDGE_TTA_ACTIVE views= 8 weight= 0.75 mean_abs_feat_delta= 0.251758\n"}
,{"stream_name":"stdout","time":1903.314870486,"data":"BIOHUB_RETENTION_GUARD {\"blended_candidates\": 433, \"dataset\": \"44b6_12dfb391\", \"frame\": 23, \"minimum_retention\": 0.9, \"primary_candidates\": 484, \"retention\": 0.8946280991735537, \"use_primary\": true}\n"}
,{"stream_name":"stdout","time":1903.732619339,"data":"EDGE_TTA_ACTIVE views= 8 mean_abs_feat_delta= 0.367153\n"}
,{"stream_name":"stdout","time":1903.935217698,"data":"EDGE_TTA_ACTIVE views= 8 mean_abs_feat_delta= 0.367153\n"}
,{"stream_name":"stdout","time":1904.22627804,"data":"EDGE_TTA_ACTIVE views= 8 mean_abs_feat_delta= 0.346576\n"}
,{"stream_name":"stdout","time":1904.428568268,"data":"EDGE_TTA_ACTIVE views= 8 mean_abs_feat_delta= 0.346576\n"}
,{"stream_name":"stdout","time":1904.622950974,"data":"SECONDARY_EDGE_TTA_ACTIVE views= 8 weight= 0.75 mean_abs_feat_delta= 0.291229\n"}
,{"stream_name":"stdout","time":1904.825401862,"data":"SECONDARY_EDGE_TTA_ACTIVE views= 8 weight= 0.75 mean_abs_feat_delta= 0.291229\n"}
,{"stream_name":"stdout","time":1905.134414727,"data":"SECONDARY_EDGE_TTA_ACTIVE views= 8 weight= 0.75 mean_abs_feat_delta= 0.255124\n"}
,{"stream_name":"stdout","time":1905.336962938,"data":"SECONDARY_EDGE_TTA_ACTIVE views= 8 weight= 0.75 mean_abs_feat_delta= 0.255124\n"}
,{"stream_name":"stdout","time":1905.627526387,"data":"EDGE_TTA_ACTIVE views= 8 mean_abs_feat_delta= 0.366124\n"}
,{"stream_name":"stdout","time":1905.829979981,"data":"EDGE_TTA_ACTIVE views= 8 mean_abs_feat_delta= 0.366124\n"}
,{"stream_name":"stdout","time":1906.20146333,"data":"EDGE_TTA_ACTIVE views= 8 mean_abs_feat_delta= 0.351385\n"}
,{"stream_name":"stdout","time":1906.403840414,"data":"EDGE_TTA_ACTIVE views= 8 mean_abs_feat_delta= 0.351385\n"}
,{"stream_name":"stdout","time":1906.520638398,"data":"SECONDARY_EDGE_TTA_ACTIVE views= 8 weight= 0.75 mean_abs_feat_delta= 0.288452\n"}
,{"stream_name":"stdout","time":1906.722929443,"data":"SECONDARY_EDGE_TTA_ACTIVE views= 8 weight= 0.75 mean_abs_feat_delta= 0.288452\n"}
,{"stream_name":"stdout","time":1907.10779385,"data":"SECONDARY_EDGE_TTA_ACTIVE views= 8 weight= 0.75 mean_abs_feat_delta= 0.253738\n"}
,{"stream_name":"stdout","time":1907.310527003,"data":"SECONDARY_EDGE_TTA_ACTIVE views= 8 weight= 0.75 mean_abs_feat_delta= 0.253738\n"}
,{"stream_name":"stdout","time":1907.52688775,"data":"EDGE_TTA_ACTIVE views= 8 mean_abs_feat_delta= 0.36912\n"}
,{"stream_name":"stdout","time":1907.729048837,"data":"EDGE_TTA_ACTIVE views= 8 mean_abs_feat_delta= 0.36912\n"}
,{"stream_name":"stdout","time":1908.171798936,"data":"EDGE_TTA_ACTIVE views= 8 mean_abs_feat_delta= 0.352556\n"}
,{"stream_name":"stdout","time":1908.374831034,"data":"EDGE_TTA_ACTIVE views= 8 mean_abs_feat_delta= 0.352556\n"}
,{"stream_name":"stdout","time":1908.421549065,"data":"SECONDARY_EDGE_TTA_ACTIVE views= 8 weight= 0.75 mean_abs_feat_delta= 0.291278\n"}
,{"stream_name":"stdout","time":1908.624803554,"data":"SECONDARY_EDGE_TTA_ACTIVE views= 8 weight= 0.75 mean_abs_feat_delta= 0.291278\n"}
,{"stream_name":"stdout","time":1909.080916158,"data":"SECONDARY_EDGE_TTA_ACTIVE views= 8 weight= 0.75 mean_abs_feat_delta= 0.254963\n"}
,{"stream_name":"stdout","time":1909.283670839,"data":"SECONDARY_EDGE_TTA_ACTIVE views= 8 weight= 0.75 mean_abs_feat_delta= 0.254963\n"}
,{"stream_name":"stdout","time":1909.466146541,"data":"EDGE_TTA_ACTIVE views= 8 mean_abs_feat_delta= 0.364666\n"}
,{"stream_name":"stdout","time":1909.668735199,"data":"EDGE_TTA_ACTIVE views= 8 mean_abs_feat_delta= 0.364666\n"}
,{"stream_name":"stdout","time":1910.154266032,"data":"EDGE_TTA_ACTIVE views= 8 mean_abs_feat_delta= 0.350435\n"}
,{"stream_name":"stdout","time":1910.356904172,"data":"EDGE_TTA_ACTIVE views= 8 mean_abs_feat_delta= 0.350435\n"}
,{"stream_name":"stdout","time":1910.366707565,"data":"SECONDARY_EDGE_TTA_ACTIVE views= 8 weight= 0.75 mean_abs_feat_delta= 0.28858\n"}
,{"stream_name":"stdout","time":1910.569260098,"data":"SECONDARY_EDGE_TTA_ACTIVE views= 8 weight= 0.75 mean_abs_feat_delta= 0.28858\n"}
,{"stream_name":"stdout","time":1911.056023399,"data":"SECONDARY_EDGE_TTA_ACTIVE views= 8 weight= 0.75 mean_abs_feat_delta= 0.253821\n"}
,{"stream_name":"stdout","time":1911.06019768,"data":"BIOHUB_RETENTION_GUARD {\"blended_candidates\": 451, \"dataset\": \"44b6_12dfb391\", \"frame\": 27, \"minimum_retention\": 0.9, \"primary_candidates\": 504, \"retention\": 0.8948412698412699, \"use_primary\": true}\n"}
,{"stream_name":"stdout","time":1911.258536074,"data":"SECONDARY_EDGE_TTA_ACTIVE views= 8 weight= 0.75 mean_abs_feat_delta= 0.253821\n"}
,{"stream_name":"stdout","time":1911.258596791,"data":"BIOHUB_RETENTION_GUARD {\"blended_candidates\": 451, \"dataset\": \"44b6_12dfb391\", \"frame\": 27, \"minimum_retention\": 0.9, \"primary_candidates\": 504, \"retention\": 0.8948412698412699, \"use_primary\": true}\n"}
,{"stream_name":"stdout","time":1911.402848521,"data":"EDGE_TTA_ACTIVE views= 8 mean_abs_feat_delta= 0.35307\n"}
,{"stream_name":"stdout","time":1911.607777831,"data":"EDGE_TTA_ACTIVE views= 8 mean_abs_feat_delta= 0.35307\n"}
,{"stream_name":"stdout","time":1912.150424368,"data":"EDGE_TTA_ACTIVE views= 8 mean_abs_feat_delta= 0.351638\n"}
,{"stream_name":"stdout","time":1912.301721778,"data":"SECONDARY_EDGE_TTA_ACTIVE views= 8 weight= 0.75 mean_abs_feat_delta= 0.279262\n"}
,{"stream_name":"stdout","time":1912.40886487,"data":"EDGE_TTA_ACTIVE views= 8 mean_abs_feat_delta= 0.351638\n"}
,{"stream_name":"stdout","time":1912.408892167,"data":"SECONDARY_EDGE_TTA_ACTIVE views= 8 weight= 0.75 mean_abs_feat_delta= 0.279262\n"}
,{"stream_name":"stdout","time":1913.060118665,"data":"SECONDARY_EDGE_TTA_ACTIVE views= 8 weight= 0.75 mean_abs_feat_delta= 0.252121\n"}
,{"stream_name":"stdout","time":1913.262573773,"data":"SECONDARY_EDGE_TTA_ACTIVE views= 8 weight= 0.75 mean_abs_feat_delta= 0.252121\n"}
,{"stream_name":"stdout","time":1913.341093073,"data":"EDGE_TTA_ACTIVE views= 8 mean_abs_feat_delta= 0.342104\n"}
,{"stream_name":"stdout","time":1913.54379087,"data":"EDGE_TTA_ACTIVE views= 8 mean_abs_feat_delta= 0.342104\n"}
,{"stream_name":"stdout","time":1914.178690649,"data":"EDGE_TTA_ACTIVE views= 8 mean_abs_feat_delta= 0.3532\n"}
,{"stream_name":"stdout","time":1914.241676898,"data":"SECONDARY_EDGE_TTA_ACTIVE views= 8 weight= 0.75 mean_abs_feat_delta= 0.277317\n"}
,{"stream_name":"stdout","time":1914.380863789,"data":"EDGE_TTA_ACTIVE views= 8 mean_abs_feat_delta= 0.3532\n"}
,{"stream_name":"stdout","time":1914.380897477,"data":"SECONDARY_EDGE_TTA_ACTIVE views= 8 weight= 0.75 mean_abs_feat_delta= 0.277317\n"}
,{"stream_name":"stdout","time":1915.090272234,"data":"SECONDARY_EDGE_TTA_ACTIVE views= 8 weight= 0.75 mean_abs_feat_delta= 0.254307\n"}
,{"stream_name":"stdout","time":1915.265568397,"data":"EDGE_TTA_ACTIVE views= 8 mean_abs_feat_delta= 0.340484\n"}
,{"stream_name":"stdout","time":1915.292954514,"data":"SECONDARY_EDGE_TTA_ACTIVE views= 8 weight= 0.75 mean_abs_feat_delta= 0.254307\n"}
,{"stream_name":"stdout","time":1915.292990864,"data":"EDGE_TTA_ACTIVE views= 8 mean_abs_feat_delta= 0.340484\n"}
,{"stream_name":"stdout","time":1916.167130527,"data":"EDGE_TTA_ACTIVE views= 8 mean_abs_feat_delta= 0.350487\n"}
,{"stream_name":"stdout","time":1916.173326534,"data":"SECONDARY_EDGE_TTA_ACTIVE views= 8 weight= 0.75 mean_abs_feat_delta= 0.289551\n"}
,{"stream_name":"stdout","time":1916.37017501,"data":"EDGE_TTA_ACTIVE views= 8 mean_abs_feat_delta= 0.350487\n"}
,{"stream_name":"stdout","time":1916.370233849,"data":"SECONDARY_EDGE_TTA_ACTIVE views= 8 weight= 0.75 mean_abs_feat_delta= 0.289551\n"}
,{"stream_name":"stdout","time":1917.079852588,"data":"SECONDARY_EDGE_TTA_ACTIVE views= 8 weight= 0.75 mean_abs_feat_delta= 0.254731\n"}
,{"stream_name":"stdout","time":1917.193691687,"data":"EDGE_TTA_ACTIVE views= 8 mean_abs_feat_delta= 0.356776\n"}
,{"stream_name":"stdout","time":1917.282707771,"data":"SECONDARY_EDGE_TTA_ACTIVE views= 8 weight= 0.75 mean_abs_feat_delta= 0.254731\n"}
,{"stream_name":"stdout","time":1917.282744486,"data":"EDGE_TTA_ACTIVE views= 8 mean_abs_feat_delta= 0.356776\n"}
,{"stream_name":"stdout","time":1918.101694629,"data":"SECONDARY_EDGE_TTA_ACTIVE views= 8 weight= 0.75 mean_abs_feat_delta= 0.298782\n"}
,{"stream_name":"stdout","time":1918.162970458,"data":"EDGE_TTA_ACTIVE views= 8 mean_abs_feat_delta= 0.348036\n"}
,{"stream_name":"stdout","time":1918.304595045,"data":"SECONDARY_EDGE_TTA_ACTIVE views= 8 weight= 0.75 mean_abs_feat_delta= 0.298782\n"}
,{"stream_name":"stdout","time":1918.304631081,"data":"EDGE_TTA_ACTIVE views= 8 mean_abs_feat_delta= 0.348036\n"}
,{"stream_name":"stdout","time":1919.079042629,"data":"SECONDARY_EDGE_TTA_ACTIVE views= 8 weight= 0.75 mean_abs_feat_delta= 0.251975\n"}
,{"stream_name":"stdout","time":1919.126840881,"data":"EDGE_TTA_ACTIVE views= 8 mean_abs_feat_delta= 0.355165\n"}
,{"stream_name":"stdout","time":1919.281717101,"data":"SECONDARY_EDGE_TTA_ACTIVE views= 8 weight= 0.75 mean_abs_feat_delta= 0.251975\n"}
,{"stream_name":"stdout","time":1919.281804242,"data":"EDGE_TTA_ACTIVE views= 8 mean_abs_feat_delta= 0.355165\n"}
,{"stream_name":"stdout","time":1920.036469007,"data":"SECONDARY_EDGE_TTA_ACTIVE views= 8 weight= 0.75 mean_abs_feat_delta= 0.295177\n"}
,{"stream_name":"stdout","time":1920.164505896,"data":"EDGE_TTA_ACTIVE views= 8 mean_abs_feat_delta= 0.346153\n"}
,{"stream_name":"stdout","time":1920.239119157,"data":"SECONDARY_EDGE_TTA_ACTIVE views= 8 weight= 0.75 mean_abs_feat_delta= 0.295177\n"}
,{"stream_name":"stdout","time":1920.239153208,"data":"EDGE_TTA_ACTIVE views= 8 mean_abs_feat_delta= 0.346153\n"}
,{"stream_name":"stdout","time":1921.086303847,"data":"SECONDARY_EDGE_TTA_ACTIVE views= 8 weight= 0.75 mean_abs_feat_delta= 0.2518\n"}
,{"stream_name":"stdout","time":1921.096271279,"data":"EDGE_TTA_ACTIVE views= 8 mean_abs_feat_delta= 0.355677\n"}
,{"stream_name":"stdout","time":1921.288885125,"data":"SECONDARY_EDGE_TTA_ACTIVE views= 8 weight= 0.75 mean_abs_feat_delta= 0.2518\n"}
,{"stream_name":"stdout","time":1921.288933653,"data":"EDGE_TTA_ACTIVE views= 8 mean_abs_feat_delta= 0.355677\n"}
,{"stream_name":"stdout","time":1922.006785557,"data":"SECONDARY_EDGE_TTA_ACTIVE views= 8 weight= 0.75 mean_abs_feat_delta= 0.303441\n"}
,{"stream_name":"stdout","time":1922.208127336,"data":"EDGE_TTA_ACTIVE views= 8 mean_abs_feat_delta= 0.343208\n"}
,{"stream_name":"stdout","time":1922.210021074,"data":"SECONDARY_EDGE_TTA_ACTIVE views= 8 weight= 0.75 mean_abs_feat_delta= 0.303441\n"}
,{"stream_name":"stdout","time":1922.411226122,"data":"EDGE_TTA_ACTIVE views= 8 mean_abs_feat_delta= 0.343208\n"}
,{"stream_name":"stdout","time":1923.042627619,"data":"EDGE_TTA_ACTIVE views= 8 mean_abs_feat_delta= 0.358773\n"}
,{"stream_name":"stdout","time":1923.127128826,"data":"SECONDARY_EDGE_TTA_ACTIVE views= 8 weight= 0.75 mean_abs_feat_delta= 0.253283\n"}
,{"stream_name":"stdout","time":1923.245187899,"data":"EDGE_TTA_ACTIVE views= 8 mean_abs_feat_delta= 0.358773\n"}
,{"stream_name":"stdout","time":1923.245263596,"data":"SECONDARY_EDGE_TTA_ACTIVE views= 8 weight= 0.75 mean_abs_feat_delta= 0.253283\n"}
,{"stream_name":"stdout","time":1923.957639764,"data":"SECONDARY_EDGE_TTA_ACTIVE views= 8 weight= 0.75 mean_abs_feat_delta= 0.292043\n"}
,{"stream_name":"stdout","time":1924.160563001,"data":"SECONDARY_EDGE_TTA_ACTIVE views= 8 weight= 0.75 mean_abs_feat_delta= 0.292043\n"}
,{"stream_name":"stdout","time":1924.213294904,"data":"EDGE_TTA_ACTIVE views= 8 mean_abs_feat_delta= 0.345655\n"}
,{"stream_name":"stdout","time":1924.415578391,"data":"EDGE_TTA_ACTIVE views= 8 mean_abs_feat_delta= 0.345655\n"}
,{"stream_name":"stdout","time":1925.002534062,"data":"EDGE_TTA_ACTIVE views= 8 mean_abs_feat_delta= 0.357316\n"}
,{"stream_name":"stdout","time":1925.134601271,"data":"SECONDARY_EDGE_TTA_ACTIVE views= 8 weight= 0.75 mean_abs_feat_delta= 0.249597\n"}
,{"stream_name":"stdout","time":1925.204780867,"data":"EDGE_TTA_ACTIVE views= 8 mean_abs_feat_delta= 0.357316\n"}
,{"stream_name":"stdout","time":1925.204809049,"data":"SECONDARY_EDGE_TTA_ACTIVE views= 8 weight= 0.75 mean_abs_feat_delta= 0.249597\n"}
,{"stream_name":"stdout","time":1925.920912514,"data":"SECONDARY_EDGE_TTA_ACTIVE views= 8 weight= 0.75 mean_abs_feat_delta= 0.28185\n"}
,{"stream_name":"stdout","time":1926.12356401,"data":"SECONDARY_EDGE_TTA_ACTIVE views= 8 weight= 0.75 mean_abs_feat_delta= 0.28185\n"}
,{"stream_name":"stdout","time":1926.281542425,"data":"EDGE_TTA_ACTIVE views= 8 mean_abs_feat_delta= 0.348487\n"}
,{"stream_name":"stdout","time":1926.484120003,"data":"EDGE_TTA_ACTIVE views= 8 mean_abs_feat_delta= 0.348487\n"}
,{"stream_name":"stdout","time":1927.003020215,"data":"EDGE_TTA_ACTIVE views= 8 mean_abs_feat_delta= 0.358984\n"}
,{"stream_name":"stdout","time":1927.205793453,"data":"EDGE_TTA_ACTIVE views= 8 mean_abs_feat_delta= 0.358984\n"}
,{"stream_name":"stdout","time":1927.206107649,"data":"SECONDARY_EDGE_TTA_ACTIVE views= 8 weight= 0.75 mean_abs_feat_delta= 0.249809\n"}
,{"stream_name":"stdout","time":1927.210323476,"data":"BIOHUB_RETENTION_GUARD {\"blended_candidates\": 449, \"dataset\": \"44b6_12dfb391\", \"frame\": 35, \"minimum_retention\": 0.9, \"primary_candidates\": 506, \"retention\": 0.8873517786561265, \"use_primary\": true}\n"}
,{"stream_name":"stdout","time":1927.408583203,"data":"SECONDARY_EDGE_TTA_ACTIVE views= 8 weight= 0.75 mean_abs_feat_delta= 0.249809\n"}
,{"stream_name":"stdout","time":1927.408621946,"data":"BIOHUB_RETENTION_GUARD {\"blended_candidates\": 449, \"dataset\": \"44b6_12dfb391\", \"frame\": 35, \"minimum_retention\": 0.9, \"primary_candidates\": 506, \"retention\": 0.8873517786561265, \"use_primary\": true}\n"}
,{"stream_name":"stdout","time":1927.923026981,"data":"SECONDARY_EDGE_TTA_ACTIVE views= 8 weight= 0.75 mean_abs_feat_delta= 0.283606\n"}
,{"stream_name":"stdout","time":1928.125368781,"data":"SECONDARY_EDGE_TTA_ACTIVE views= 8 weight= 0.75 mean_abs_feat_delta= 0.283606\n"}
,{"stream_name":"stdout","time":1928.323417741,"data":"EDGE_TTA_ACTIVE views= 8 mean_abs_feat_delta= 0.348239\n"}
,{"stream_name":"stdout","time":1928.526137843,"data":"EDGE_TTA_ACTIVE views= 8 mean_abs_feat_delta= 0.348239\n"}
,{"stream_name":"stdout","time":1929.008309192,"data":"EDGE_TTA_ACTIVE views= 8 mean_abs_feat_delta= 0.372369\n"}
,{"stream_name":"stdout","time":1929.211407094,"data":"EDGE_TTA_ACTIVE views= 8 mean_abs_feat_delta= 0.372369\n"}
,{"stream_name":"stdout","time":1929.248962289,"data":"SECONDARY_EDGE_TTA_ACTIVE views= 8 weight= 0.75 mean_abs_feat_delta= 0.253116\n"}
,{"stream_name":"stdout","time":1929.253060789,"data":"BIOHUB_RETENTION_GUARD {\"blended_candidates\": 452, \"dataset\": \"44b6_12dfb391\", \"frame\": 36, \"minimum_retention\": 0.9, \"primary_candidates\": 510, \"retention\": 0.8862745098039215, \"use_primary\": true}\n"}
,{"stream_name":"stdout","time":1929.451951086,"data":"SECONDARY_EDGE_TTA_ACTIVE views= 8 weight= 0.75 mean_abs_feat_delta= 0.253116\n"}
,{"stream_name":"stdout","time":1929.451983447,"data":"BIOHUB_RETENTION_GUARD {\"blended_candidates\": 452, \"dataset\": \"44b6_12dfb391\", \"frame\": 36, \"minimum_retention\": 0.9, \"primary_candidates\": 510, \"retention\": 0.8862745098039215, \"use_primary\": true}\n"}
,{"stream_name":"stdout","time":1929.929510278,"data":"SECONDARY_EDGE_TTA_ACTIVE views= 8 weight= 0.75 mean_abs_feat_delta= 0.287079\n"}
,{"stream_name":"stdout","time":1930.132383396,"data":"SECONDARY_EDGE_TTA_ACTIVE views= 8 weight= 0.75 mean_abs_feat_delta= 0.287079\n"}
,{"stream_name":"stdout","time":1930.358707387,"data":"EDGE_TTA_ACTIVE views= 8 mean_abs_feat_delta= 0.347637\n"}
,{"stream_name":"stdout","time":1930.561530776,"data":"EDGE_TTA_ACTIVE views= 8 mean_abs_feat_delta= 0.347637\n"}
,{"stream_name":"stdout","time":1930.976288454,"data":"EDGE_TTA_ACTIVE views= 8 mean_abs_feat_delta= 0.382121\n"}
,{"stream_name":"stdout","time":1931.178981524,"data":"EDGE_TTA_ACTIVE views= 8 mean_abs_feat_delta= 0.382121\n"}
,{"stream_name":"stdout","time":1931.287102784,"data":"SECONDARY_EDGE_TTA_ACTIVE views= 8 weight= 0.75 mean_abs_feat_delta= 0.255726\n"}
,{"stream_name":"stdout","time":1931.291136513,"data":"BIOHUB_RETENTION_GUARD {\"blended_candidates\": 459, \"dataset\": \"44b6_12dfb391\", \"frame\": 37, \"minimum_retention\": 0.9, \"primary_candidates\": 517, \"retention\": 0.8878143133462283, \"use_primary\": true}\n"}
,{"stream_name":"stdout","time":1931.48949406,"data":"SECONDARY_EDGE_TTA_ACTIVE views= 8 weight= 0.75 mean_abs_feat_delta= 0.255726\n"}
,{"stream_name":"stdout","time":1931.489534514,"data":"BIOHUB_RETENTION_GUARD {\"blended_candidates\": 459, \"dataset\": \"44b6_12dfb391\", \"frame\": 37, \"minimum_retention\": 0.9, \"primary_candidates\": 517, \"retention\": 0.8878143133462283, \"use_primary\": true}\n"}
,{"stream_name":"stdout","time":1931.9010935,"data":"SECONDARY_EDGE_TTA_ACTIVE views= 8 weight= 0.75 mean_abs_feat_delta= 0.288642\n"}
,{"stream_name":"stdout","time":1932.103859241,"data":"SECONDARY_EDGE_TTA_ACTIVE views= 8 weight= 0.75 mean_abs_feat_delta= 0.288642\n"}
,{"stream_name":"stdout","time":1932.454522415,"data":"EDGE_TTA_ACTIVE views= 8 mean_abs_feat_delta= 0.347183\n"}
,{"stream_name":"stdout","time":1932.657087973,"data":"EDGE_TTA_ACTIVE views= 8 mean_abs_feat_delta= 0.347183\n"}
,{"stream_name":"stdout","time":1932.94465955,"data":"EDGE_TTA_ACTIVE views= 8 mean_abs_feat_delta= 0.389142\n"}
,{"stream_name":"stdout","time":1933.147688442,"data":"EDGE_TTA_ACTIVE views= 8 mean_abs_feat_delta= 0.389142\n"}
,{"stream_name":"stdout","time":1933.385610775,"data":"SECONDARY_EDGE_TTA_ACTIVE views= 8 weight= 0.75 mean_abs_feat_delta= 0.255591\n"}
,{"stream_name":"stdout","time":1933.588195991,"data":"SECONDARY_EDGE_TTA_ACTIVE views= 8 weight= 0.75 mean_abs_feat_delta= 0.255591\n"}
,{"stream_name":"stdout","time":1933.872093173,"data":"SECONDARY_EDGE_TTA_ACTIVE views= 8 weight= 0.75 mean_abs_feat_delta= 0.300535\n"}
,{"stream_name":"stdout","time":1934.074842123,"data":"SECONDARY_EDGE_TTA_ACTIVE views= 8 weight= 0.75 mean_abs_feat_delta= 0.300535\n"}
,{"stream_name":"stdout","time":1934.524011158,"data":"EDGE_TTA_ACTIVE views= 8 mean_abs_feat_delta= 0.347762\n"}
,{"stream_name":"stdout","time":1934.726717937,"data":"EDGE_TTA_ACTIVE views= 8 mean_abs_feat_delta= 0.347762\n"}
,{"stream_name":"stdout","time":1934.955613768,"data":"EDGE_TTA_ACTIVE views= 8 mean_abs_feat_delta= 0.415695\n"}
,{"stream_name":"stdout","time":1935.158563171,"data":"EDGE_TTA_ACTIVE views= 8 mean_abs_feat_delta= 0.415695\n"}
,{"stream_name":"stdout","time":1935.455810816,"data":"SECONDARY_EDGE_TTA_ACTIVE views= 8 weight= 0.75 mean_abs_feat_delta= 0.252775\n"}
,{"stream_name":"stdout","time":1935.658894041,"data":"SECONDARY_EDGE_TTA_ACTIVE views= 8 weight= 0.75 mean_abs_feat_delta= 0.252775\n"}
,{"stream_name":"stdout","time":1935.885805352,"data":"SECONDARY_EDGE_TTA_ACTIVE views= 8 weight= 0.75 mean_abs_feat_delta= 0.294357\n"}
,{"stream_name":"stdout","time":1936.088418679,"data":"SECONDARY_EDGE_TTA_ACTIVE views= 8 weight= 0.75 mean_abs_feat_delta= 0.294357\n"}
,{"stream_name":"stdout","time":1936.561994108,"data":"EDGE_TTA_ACTIVE views= 8 mean_abs_feat_delta= 0.349684\n"}
,{"stream_name":"stdout","time":1936.764399136,"data":"EDGE_TTA_ACTIVE views= 8 mean_abs_feat_delta= 0.349684\n"}
,{"stream_name":"stdout","time":1936.925465716,"data":"EDGE_TTA_ACTIVE views= 8 mean_abs_feat_delta= 0.401917\n"}
,{"stream_name":"stdout","time":1937.127972451,"data":"EDGE_TTA_ACTIVE views= 8 mean_abs_feat_delta= 0.401917\n"}
,{"stream_name":"stdout","time":1937.497654242,"data":"SECONDARY_EDGE_TTA_ACTIVE views= 8 weight= 0.75 mean_abs_feat_delta= 0.252485\n"}
,{"stream_name":"stdout","time":1937.700858789,"data":"SECONDARY_EDGE_TTA_ACTIVE views= 8 weight= 0.75 mean_abs_feat_delta= 0.252485\n"}
,{"stream_name":"stdout","time":1937.855195272,"data":"SECONDARY_EDGE_TTA_ACTIVE views= 8 weight= 0.75 mean_abs_feat_delta= 0.293557\n"}
,{"stream_name":"stdout","time":1938.057737899,"data":"SECONDARY_EDGE_TTA_ACTIVE views= 8 weight= 0.75 mean_abs_feat_delta= 0.293557\n"}
,{"stream_name":"stdout","time":1938.617117124,"data":"EDGE_TTA_ACTIVE views= 8 mean_abs_feat_delta= 0.352443\n"}
,{"stream_name":"stdout","time":1938.819717123,"data":"EDGE_TTA_ACTIVE views= 8 mean_abs_feat_delta= 0.352443\n"}
,{"stream_name":"stdout","time":1938.922256223,"data":"EDGE_TTA_ACTIVE views= 8 mean_abs_feat_delta= 0.408829\n"}
,{"stream_name":"stdout","time":1939.124799521,"data":"EDGE_TTA_ACTIVE views= 8 mean_abs_feat_delta= 0.408829\n"}
,{"stream_name":"stdout","time":1939.549921631,"data":"SECONDARY_EDGE_TTA_ACTIVE views= 8 weight= 0.75 mean_abs_feat_delta= 0.248666\n"}
,{"stream_name":"stdout","time":1939.752022122,"data":"SECONDARY_EDGE_TTA_ACTIVE views= 8 weight= 0.75 mean_abs_feat_delta= 0.248666\n"}
,{"stream_name":"stdout","time":1939.850590672,"data":"SECONDARY_EDGE_TTA_ACTIVE views= 8 weight= 0.75 mean_abs_feat_delta= 0.30141\n"}
,{"stream_name":"stdout","time":1940.053136664,"data":"SECONDARY_EDGE_TTA_ACTIVE views= 8 weight= 0.75 mean_abs_feat_delta= 0.30141\n"}
,{"stream_name":"stdout","time":1940.682320378,"data":"EDGE_TTA_ACTIVE views= 8 mean_abs_feat_delta= 0.352904\n"}
,{"stream_name":"stdout","time":1940.884728964,"data":"EDGE_TTA_ACTIVE views= 8 mean_abs_feat_delta= 0.352904\n"}
,{"stream_name":"stdout","time":1940.895043495,"data":"EDGE_TTA_ACTIVE views= 8 mean_abs_feat_delta= 0.405254\n"}
,{"stream_name":"stdout","time":1941.097730102,"data":"EDGE_TTA_ACTIVE views= 8 mean_abs_feat_delta= 0.405254\n"}
,{"stream_name":"stdout","time":1941.615429372,"data":"SECONDARY_EDGE_TTA_ACTIVE views= 8 weight= 0.75 mean_abs_feat_delta= 0.248396\n"}
,{"stream_name":"stdout","time":1941.81769402,"data":"SECONDARY_EDGE_TTA_ACTIVE views= 8 weight= 0.75 mean_abs_feat_delta= 0.248396\n"}
,{"stream_name":"stdout","time":1941.831070354,"data":"SECONDARY_EDGE_TTA_ACTIVE views= 8 weight= 0.75 mean_abs_feat_delta= 0.297647\n"}
,{"stream_name":"stdout","time":1942.033603402,"data":"SECONDARY_EDGE_TTA_ACTIVE views= 8 weight= 0.75 mean_abs_feat_delta= 0.297647\n"}
,{"stream_name":"stdout","time":1942.75102543,"data":"EDGE_TTA_ACTIVE views= 8 mean_abs_feat_delta= 0.355994\n"}
,{"stream_name":"stdout","time":1942.883627896,"data":"EDGE_TTA_ACTIVE views= 8 mean_abs_feat_delta= 0.414187\n"}
,{"stream_name":"stdout","time":1943.02114288,"data":"EDGE_TTA_ACTIVE views= 8 mean_abs_feat_delta= 0.355994\n"}
,{"stream_name":"stdout","time":1943.02121674,"data":"EDGE_TTA_ACTIVE views= 8 mean_abs_feat_delta= 0.414187\n"}
,{"stream_name":"stdout","time":1943.678733247,"data":"SECONDARY_EDGE_TTA_ACTIVE views= 8 weight= 0.75 mean_abs_feat_delta= 0.252977\n"}
,{"stream_name":"stdout","time":1943.812917832,"data":"SECONDARY_EDGE_TTA_ACTIVE views= 8 weight= 0.75 mean_abs_feat_delta= 0.296096\n"}
,{"stream_name":"stdout","time":1943.8808969,"data":"SECONDARY_EDGE_TTA_ACTIVE views= 8 weight= 0.75 mean_abs_feat_delta= 0.252977\n"}
,{"stream_name":"stdout","time":1943.880926784,"data":"SECONDARY_EDGE_TTA_ACTIVE views= 8 weight= 0.75 mean_abs_feat_delta= 0.296096\n"}
,{"stream_name":"stdout","time":1944.809482904,"data":"EDGE_TTA_ACTIVE views= 8 mean_abs_feat_delta= 0.362223\n"}
,{"stream_name":"stdout","time":1944.867079939,"data":"EDGE_TTA_ACTIVE views= 8 mean_abs_feat_delta= 0.407156\n"}
,{"stream_name":"stdout","time":1945.012207567,"data":"EDGE_TTA_ACTIVE views= 8 mean_abs_feat_delta= 0.362223\n"}
,{"stream_name":"stdout","time":1945.012243838,"data":"EDGE_TTA_ACTIVE views= 8 mean_abs_feat_delta= 0.407156\n"}
,{"stream_name":"stdout","time":1945.741740602,"data":"SECONDARY_EDGE_TTA_ACTIVE views= 8 weight= 0.75 mean_abs_feat_delta= 0.253495\n"}
,{"stream_name":"stdout","time":1945.807318357,"data":"SECONDARY_EDGE_TTA_ACTIVE views= 8 weight= 0.75 mean_abs_feat_delta= 0.296439\n"}
,{"stream_name":"stdout","time":1945.946612138,"data":"SECONDARY_EDGE_TTA_ACTIVE views= 8 weight= 0.75 mean_abs_feat_delta= 0.253495\n"}
,{"stream_name":"stdout","time":1945.946650267,"data":"SECONDARY_EDGE_TTA_ACTIVE views= 8 weight= 0.75 mean_abs_feat_delta= 0.296439\n"}
,{"stream_name":"stdout","time":1946.85603857,"data":"EDGE_TTA_ACTIVE views= 8 mean_abs_feat_delta= 0.390532\n"}
,{"stream_name":"stdout","time":1946.869220313,"data":"EDGE_TTA_ACTIVE views= 8 mean_abs_feat_delta= 0.364163\n"}
,{"stream_name":"stdout","time":1947.058983029,"data":"EDGE_TTA_ACTIVE views= 8 mean_abs_feat_delta= 0.390532\n"}
,{"stream_name":"stdout","time":1947.059206786,"data":"EDGE_TTA_ACTIVE views= 8 mean_abs_feat_delta= 0.364163\n"}
,{"stream_name":"stdout","time":1947.795367954,"data":"SECONDARY_EDGE_TTA_ACTIVE views= 8 weight= 0.75 mean_abs_feat_delta= 0.27503\n"}
,{"stream_name":"stdout","time":1947.801170726,"data":"SECONDARY_EDGE_TTA_ACTIVE views= 8 weight= 0.75 mean_abs_feat_delta= 0.253609\n"}
,{"stream_name":"stdout","time":1947.99789864,"data":"SECONDARY_EDGE_TTA_ACTIVE views= 8 weight= 0.75 mean_abs_feat_delta= 0.27503\n"}
,{"stream_name":"stdout","time":1947.997941143,"data":"SECONDARY_EDGE_TTA_ACTIVE views= 8 weight= 0.75 mean_abs_feat_delta= 0.253609\n"}
,{"stream_name":"stdout","time":1948.843084873,"data":"EDGE_TTA_ACTIVE views= 8 mean_abs_feat_delta= 0.375064\n"}
,{"stream_name":"stdout","time":1948.921561422,"data":"EDGE_TTA_ACTIVE views= 8 mean_abs_feat_delta= 0.360264\n"}
,{"stream_name":"stdout","time":1949.045710803,"data":"EDGE_TTA_ACTIVE views= 8 mean_abs_feat_delta= 0.375064\n"}
,{"stream_name":"stdout","time":1949.045767463,"data":"EDGE_TTA_ACTIVE views= 8 mean_abs_feat_delta= 0.360264\n"}
,{"stream_name":"stdout","time":1949.785376338,"data":"SECONDARY_EDGE_TTA_ACTIVE views= 8 weight= 0.75 mean_abs_feat_delta= 0.274185\n"}
,{"stream_name":"stdout","time":1949.851361748,"data":"SECONDARY_EDGE_TTA_ACTIVE views= 8 weight= 0.75 mean_abs_feat_delta= 0.251736\n"}
,{"stream_name":"stdout","time":1949.988091529,"data":"SECONDARY_EDGE_TTA_ACTIVE views= 8 weight= 0.75 mean_abs_feat_delta= 0.274185\n"}
,{"stream_name":"stdout","time":1949.988134533,"data":"SECONDARY_EDGE_TTA_ACTIVE views= 8 weight= 0.75 mean_abs_feat_delta= 0.251736\n"}
,{"stream_name":"stdout","time":1950.867543614,"data":"EDGE_TTA_ACTIVE views= 8 mean_abs_feat_delta= 0.357722\n"}
,{"stream_name":"stdout","time":1950.980162183,"data":"EDGE_TTA_ACTIVE views= 8 mean_abs_feat_delta= 0.356608\n"}
,{"stream_name":"stdout","time":1951.070143597,"data":"EDGE_TTA_ACTIVE views= 8 mean_abs_feat_delta= 0.357722\n"}
,{"stream_name":"stdout","time":1951.070203002,"data":"EDGE_TTA_ACTIVE views= 8 mean_abs_feat_delta= 0.356608\n"}
,{"stream_name":"stdout","time":1951.813825853,"data":"SECONDARY_EDGE_TTA_ACTIVE views= 8 weight= 0.75 mean_abs_feat_delta= 0.285894\n"}
,{"stream_name":"stdout","time":1951.910165896,"data":"SECONDARY_EDGE_TTA_ACTIVE views= 8 weight= 0.75 mean_abs_feat_delta= 0.252387\n"}
,{"stream_name":"stdout","time":1952.016349624,"data":"SECONDARY_EDGE_TTA_ACTIVE views= 8 weight= 0.75 mean_abs_feat_delta= 0.285894\n"}
,{"stream_name":"stdout","time":1952.016388086,"data":"SECONDARY_EDGE_TTA_ACTIVE views= 8 weight= 0.75 mean_abs_feat_delta= 0.252387\n"}
,{"stream_name":"stdout","time":1952.893388141,"data":"EDGE_TTA_ACTIVE views= 8 mean_abs_feat_delta= 0.377175\n"}
,{"stream_name":"stdout","time":1953.037131561,"data":"EDGE_TTA_ACTIVE views= 8 mean_abs_feat_delta= 0.354367\n"}
,{"stream_name":"stdout","time":1953.095824886,"data":"EDGE_TTA_ACTIVE views= 8 mean_abs_feat_delta= 0.377175\n"}
,{"stream_name":"stdout","time":1953.095859561,"data":"EDGE_TTA_ACTIVE views= 8 mean_abs_feat_delta= 0.354367\n"}
,{"stream_name":"stdout","time":1953.839555049,"data":"SECONDARY_EDGE_TTA_ACTIVE views= 8 weight= 0.75 mean_abs_feat_delta= 0.29469\n"}
,{"stream_name":"stdout","time":1953.972899075,"data":"SECONDARY_EDGE_TTA_ACTIVE views= 8 weight= 0.75 mean_abs_feat_delta= 0.254964\n"}
,{"stream_name":"stdout","time":1954.042203316,"data":"SECONDARY_EDGE_TTA_ACTIVE views= 8 weight= 0.75 mean_abs_feat_delta= 0.29469\n"}
,{"stream_name":"stdout","time":1954.042238845,"data":"SECONDARY_EDGE_TTA_ACTIVE views= 8 weight= 0.75 mean_abs_feat_delta= 0.254964\n"}
,{"stream_name":"stdout","time":1954.903866637,"data":"EDGE_TTA_ACTIVE views= 8 mean_abs_feat_delta= 0.370458\n"}
,{"stream_name":"stdout","time":1955.083536505,"data":"EDGE_TTA_ACTIVE views= 8 mean_abs_feat_delta= 0.354144\n"}
,{"stream_name":"stdout","time":1955.106538716,"data":"EDGE_TTA_ACTIVE views= 8 mean_abs_feat_delta= 0.370458\n"}
,{"stream_name":"stdout","time":1955.106598753,"data":"EDGE_TTA_ACTIVE views= 8 mean_abs_feat_delta= 0.354144\n"}
,{"stream_name":"stdout","time":1955.854002684,"data":"SECONDARY_EDGE_TTA_ACTIVE views= 8 weight= 0.75 mean_abs_feat_delta= 0.297902\n"}
,{"stream_name":"stdout","time":1956.016896732,"data":"SECONDARY_EDGE_TTA_ACTIVE views= 8 weight= 0.75 mean_abs_feat_delta= 0.255942\n"}
,{"stream_name":"stdout","time":1956.056718509,"data":"SECONDARY_EDGE_TTA_ACTIVE views= 8 weight= 0.75 mean_abs_feat_delta= 0.297902\n"}
,{"stream_name":"stdout","time":1956.05674644,"data":"SECONDARY_EDGE_TTA_ACTIVE views= 8 weight= 0.75 mean_abs_feat_delta= 0.255942\n"}
,{"stream_name":"stdout","time":1956.935183506,"data":"EDGE_TTA_ACTIVE views= 8 mean_abs_feat_delta= 0.358848\n"}
,{"stream_name":"stdout","time":1957.129498278,"data":"EDGE_TTA_ACTIVE views= 8 mean_abs_feat_delta= 0.352179\n"}
,{"stream_name":"stdout","time":1957.140086025,"data":"EDGE_TTA_ACTIVE views= 8 mean_abs_feat_delta= 0.358848\n"}
,{"stream_name":"stdout","time":1957.140140218,"data":"EDGE_TTA_ACTIVE views= 8 mean_abs_feat_delta= 0.352179\n"}
,{"stream_name":"stdout","time":1957.885446055,"data":"SECONDARY_EDGE_TTA_ACTIVE views= 8 weight= 0.75 mean_abs_feat_delta= 0.292079\n"}
,{"stream_name":"stdout","time":1958.064359062,"data":"SECONDARY_EDGE_TTA_ACTIVE views= 8 weight= 0.75 mean_abs_feat_delta= 0.258443\n"}
,{"stream_name":"stdout","time":1958.088173817,"data":"SECONDARY_EDGE_TTA_ACTIVE views= 8 weight= 0.75 mean_abs_feat_delta= 0.292079\n"}
,{"stream_name":"stdout","time":1958.088222718,"data":"SECONDARY_EDGE_TTA_ACTIVE views= 8 weight= 0.75 mean_abs_feat_delta= 0.258443\n"}
,{"stream_name":"stdout","time":1958.958476196,"data":"EDGE_TTA_ACTIVE views= 8 mean_abs_feat_delta= 0.382742\n"}
,{"stream_name":"stdout","time":1959.161039114,"data":"EDGE_TTA_ACTIVE views= 8 mean_abs_feat_delta= 0.382742\n"}
,{"stream_name":"stdout","time":1959.187056879,"data":"EDGE_TTA_ACTIVE views= 8 mean_abs_feat_delta= 0.354896\n"}
,{"stream_name":"stdout","time":1959.389607608,"data":"EDGE_TTA_ACTIVE views= 8 mean_abs_feat_delta= 0.354896\n"}
,{"stream_name":"stdout","time":1959.914320673,"data":"SECONDARY_EDGE_TTA_ACTIVE views= 8 weight= 0.75 mean_abs_feat_delta= 0.305102\n"}
,{"stream_name":"stdout","time":1960.11714027,"data":"SECONDARY_EDGE_TTA_ACTIVE views= 8 weight= 0.75 mean_abs_feat_delta= 0.305102\n"}
,{"stream_name":"stdout","time":1960.119743286,"data":"SECONDARY_EDGE_TTA_ACTIVE views= 8 weight= 0.75 mean_abs_feat_delta= 0.262635\n"}
,{"stream_name":"stdout","time":1960.322179037,"data":"SECONDARY_EDGE_TTA_ACTIVE views= 8 weight= 0.75 mean_abs_feat_delta= 0.262635\n"}
,{"stream_name":"stdout","time":1961.008862729,"data":"EDGE_TTA_ACTIVE views= 8 mean_abs_feat_delta= 0.415987\n"}
,{"stream_name":"stdout","time":1961.210599243,"data":"EDGE_TTA_ACTIVE views= 8 mean_abs_feat_delta= 0.415987\n"}
,{"stream_name":"stdout","time":1961.2407774,"data":"EDGE_TTA_ACTIVE views= 8 mean_abs_feat_delta= 0.350365\n"}
,{"stream_name":"stdout","time":1961.443308197,"data":"EDGE_TTA_ACTIVE views= 8 mean_abs_feat_delta= 0.350365\n"}
,{"stream_name":"stdout","time":1961.978937009,"data":"SECONDARY_EDGE_TTA_ACTIVE views= 8 weight= 0.75 mean_abs_feat_delta= 0.311069\n"}
,{"stream_name":"stdout","time":1962.175646844,"data":"SECONDARY_EDGE_TTA_ACTIVE views= 8 weight= 0.75 mean_abs_feat_delta= 0.258198\n"}
,{"stream_name":"stdout","time":1962.181629465,"data":"SECONDARY_EDGE_TTA_ACTIVE views= 8 weight= 0.75 mean_abs_feat_delta= 0.311069\n"}
,{"stream_name":"stdout","time":1962.181658708,"data":"SECONDARY_EDGE_TTA_ACTIVE views= 8 weight= 0.75 mean_abs_feat_delta= 0.258198\n"}
,{"stream_name":"stdout","time":1963.065640974,"data":"EDGE_TTA_ACTIVE views= 8 mean_abs_feat_delta= 0.378636\n"}
,{"stream_name":"stdout","time":1963.268316152,"data":"EDGE_TTA_ACTIVE views= 8 mean_abs_feat_delta= 0.378636\n"}
,{"stream_name":"stdout","time":1963.313687894,"data":"EDGE_TTA_ACTIVE views= 8 mean_abs_feat_delta= 0.347874\n"}
,{"stream_name":"stdout","time":1963.516223226,"data":"EDGE_TTA_ACTIVE views= 8 mean_abs_feat_delta= 0.347874\n"}
,{"stream_name":"stdout","time":1964.0238675,"data":"SECONDARY_EDGE_TTA_ACTIVE views= 8 weight= 0.75 mean_abs_feat_delta= 0.306551\n"}
,{"stream_name":"stdout","time":1964.22616636,"data":"SECONDARY_EDGE_TTA_ACTIVE views= 8 weight= 0.75 mean_abs_feat_delta= 0.306551\n"}
,{"stream_name":"stdout","time":1964.248281706,"data":"SECONDARY_EDGE_TTA_ACTIVE views= 8 weight= 0.75 mean_abs_feat_delta= 0.253125\n"}
,{"stream_name":"stdout","time":1964.450621584,"data":"SECONDARY_EDGE_TTA_ACTIVE views= 8 weight= 0.75 mean_abs_feat_delta= 0.253125\n"}
,{"stream_name":"stdout","time":1965.110282322,"data":"EDGE_TTA_ACTIVE views= 8 mean_abs_feat_delta= 0.374978\n"}
,{"stream_name":"stdout","time":1965.312838174,"data":"EDGE_TTA_ACTIVE views= 8 mean_abs_feat_delta= 0.374978\n"}
,{"stream_name":"stdout","time":1965.366380374,"data":"EDGE_TTA_ACTIVE views= 8 mean_abs_feat_delta= 0.349339\n"}
,{"stream_name":"stdout","time":1965.568930061,"data":"EDGE_TTA_ACTIVE views= 8 mean_abs_feat_delta= 0.349339\n"}
,{"stream_name":"stdout","time":1966.069510083,"data":"SECONDARY_EDGE_TTA_ACTIVE views= 8 weight= 0.75 mean_abs_feat_delta= 0.306449\n"}
,{"stream_name":"stdout","time":1966.272178747,"data":"SECONDARY_EDGE_TTA_ACTIVE views= 8 weight= 0.75 mean_abs_feat_delta= 0.306449\n"}
,{"stream_name":"stdout","time":1966.302201415,"data":"SECONDARY_EDGE_TTA_ACTIVE views= 8 weight= 0.75 mean_abs_feat_delta= 0.252199\n"}
,{"stream_name":"stdout","time":1966.505048903,"data":"SECONDARY_EDGE_TTA_ACTIVE views= 8 weight= 0.75 mean_abs_feat_delta= 0.252199\n"}
,{"stream_name":"stdout","time":1967.151318268,"data":"EDGE_TTA_ACTIVE views= 8 mean_abs_feat_delta= 0.383634\n"}
,{"stream_name":"stdout","time":1967.353740758,"data":"EDGE_TTA_ACTIVE views= 8 mean_abs_feat_delta= 0.383634\n"}
,{"stream_name":"stdout","time":1967.413739215,"data":"EDGE_TTA_ACTIVE views= 8 mean_abs_feat_delta= 0.350442\n"}
,{"stream_name":"stdout","time":1967.616584702,"data":"EDGE_TTA_ACTIVE views= 8 mean_abs_feat_delta= 0.350442\n"}
,{"stream_name":"stdout","time":1968.116199954,"data":"SECONDARY_EDGE_TTA_ACTIVE views= 8 weight= 0.75 mean_abs_feat_delta= 0.308174\n"}
,{"stream_name":"stdout","time":1968.318946248,"data":"SECONDARY_EDGE_TTA_ACTIVE views= 8 weight= 0.75 mean_abs_feat_delta= 0.308174\n"}
,{"stream_name":"stdout","time":1968.348662039,"data":"SECONDARY_EDGE_TTA_ACTIVE views= 8 weight= 0.75 mean_abs_feat_delta= 0.255465\n"}
,{"stream_name":"stdout","time":1968.352838476,"data":"BIOHUB_RETENTION_GUARD {\"blended_candidates\": 471, \"dataset\": \"44b6_12dfb391\", \"frame\": 55, \"minimum_retention\": 0.9, \"primary_candidates\": 525, \"retention\": 0.8971428571428571, \"use_primary\": true}\n"}
,{"stream_name":"stdout","time":1968.5510193,"data":"SECONDARY_EDGE_TTA_ACTIVE views= 8 weight= 0.75 mean_abs_feat_delta= 0.255465\n"}
,{"stream_name":"stdout","time":1968.551052736,"data":"BIOHUB_RETENTION_GUARD {\"blended_candidates\": 471, \"dataset\": \"44b6_12dfb391\", \"frame\": 55, \"minimum_retention\": 0.9, \"primary_candidates\": 525, \"retention\": 0.8971428571428571, \"use_primary\": true}\n"}
,{"stream_name":"stdout","time":1969.18984719,"data":"EDGE_TTA_ACTIVE views= 8 mean_abs_feat_delta= 0.382868\n"}
,{"stream_name":"stdout","time":1969.392682166,"data":"EDGE_TTA_ACTIVE views= 8 mean_abs_feat_delta= 0.382868\n"}
,{"stream_name":"stdout","time":1969.468382522,"data":"EDGE_TTA_ACTIVE views= 8 mean_abs_feat_delta= 0.350606\n"}
,{"stream_name":"stdout","time":1969.670924713,"data":"EDGE_TTA_ACTIVE views= 8 mean_abs_feat_delta= 0.350606\n"}
,{"stream_name":"stdout","time":1970.161200351,"data":"SECONDARY_EDGE_TTA_ACTIVE views= 8 weight= 0.75 mean_abs_feat_delta= 0.31087\n"}
,{"stream_name":"stdout","time":1970.363795488,"data":"SECONDARY_EDGE_TTA_ACTIVE views= 8 weight= 0.75 mean_abs_feat_delta= 0.31087\n"}
,{"stream_name":"stdout","time":1970.406114916,"data":"SECONDARY_EDGE_TTA_ACTIVE views= 8 weight= 0.75 mean_abs_feat_delta= 0.258276\n"}
,{"stream_name":"stdout","time":1970.410481737,"data":"BIOHUB_RETENTION_GUARD {\"blended_candidates\": 466, \"dataset\": \"44b6_12dfb391\", \"frame\": 56, \"minimum_retention\": 0.9, \"primary_candidates\": 529, \"retention\": 0.8809073724007561, \"use_primary\": true}\n"}
,{"stream_name":"stdout","time":1970.608723963,"data":"SECONDARY_EDGE_TTA_ACTIVE views= 8 weight= 0.75 mean_abs_feat_delta= 0.258276\n"}
,{"stream_name":"stdout","time":1970.608771414,"data":"BIOHUB_RETENTION_GUARD {\"blended_candidates\": 466, \"dataset\": \"44b6_12dfb391\", \"frame\": 56, \"minimum_retention\": 0.9, \"primary_candidates\": 529, \"retention\": 0.8809073724007561, \"use_primary\": true}\n"}
,{"stream_name":"stdout","time":1971.275632025,"data":"EDGE_TTA_ACTIVE views= 8 mean_abs_feat_delta= 0.371306\n"}
,{"stream_name":"stdout","time":1971.478190272,"data":"EDGE_TTA_ACTIVE views= 8 mean_abs_feat_delta= 0.371306\n"}
,{"stream_name":"stdout","time":1971.534843018,"data":"EDGE_TTA_ACTIVE views= 8 mean_abs_feat_delta= 0.351002\n"}
,{"stream_name":"stdout","time":1971.737340841,"data":"EDGE_TTA_ACTIVE views= 8 mean_abs_feat_delta= 0.351002\n"}
,{"stream_name":"stdout","time":1972.246680117,"data":"SECONDARY_EDGE_TTA_ACTIVE views= 8 weight= 0.75 mean_abs_feat_delta= 0.30185\n"}
,{"stream_name":"stdout","time":1972.449675908,"data":"SECONDARY_EDGE_TTA_ACTIVE views= 8 weight= 0.75 mean_abs_feat_delta= 0.30185\n"}
,{"stream_name":"stdout","time":1972.471517085,"data":"SECONDARY_EDGE_TTA_ACTIVE views= 8 weight= 0.75 mean_abs_feat_delta= 0.259739\n"}
,{"stream_name":"stdout","time":1972.475818854,"data":"BIOHUB_RETENTION_GUARD {\"blended_candidates\": 463, \"dataset\": \"44b6_12dfb391\", \"frame\": 57, \"minimum_retention\": 0.9, \"primary_candidates\": 525, \"retention\": 0.8819047619047619, \"use_primary\": true}\n"}
,{"stream_name":"stdout","time":1972.673972658,"data":"SECONDARY_EDGE_TTA_ACTIVE views= 8 weight= 0.75 mean_abs_feat_delta= 0.259739\n"}
,{"stream_name":"stdout","time":1972.674011793,"data":"BIOHUB_RETENTION_GUARD {\"blended_candidates\": 463, \"dataset\": \"44b6_12dfb391\", \"frame\": 57, \"minimum_retention\": 0.9, \"primary_candidates\": 525, \"retention\": 0.8819047619047619, \"use_primary\": true}\n"}
,{"stream_name":"stdout","time":1973.34128522,"data":"EDGE_TTA_ACTIVE views= 8 mean_abs_feat_delta= 0.370302\n"}
,{"stream_name":"stdout","time":1973.60674742,"data":"EDGE_TTA_ACTIVE views= 8 mean_abs_feat_delta= 0.370302\n"}
,{"stream_name":"stdout","time":1973.624695058,"data":"EDGE_TTA_ACTIVE views= 8 mean_abs_feat_delta= 0.351435\n"}
,{"stream_name":"stdout","time":1973.827633666,"data":"EDGE_TTA_ACTIVE views= 8 mean_abs_feat_delta= 0.351435\n"}
,{"stream_name":"stdout","time":1974.313907687,"data":"SECONDARY_EDGE_TTA_ACTIVE views= 8 weight= 0.75 mean_abs_feat_delta= 0.299542\n"}
,{"stream_name":"stdout","time":1974.516475257,"data":"SECONDARY_EDGE_TTA_ACTIVE views= 8 weight= 0.75 mean_abs_feat_delta= 0.299542\n"}
,{"stream_name":"stdout","time":1974.559776702,"data":"SECONDARY_EDGE_TTA_ACTIVE views= 8 weight= 0.75 mean_abs_feat_delta= 0.258261\n"}
,{"stream_name":"stdout","time":1974.56376541,"data":"BIOHUB_RETENTION_GUARD {\"blended_candidates\": 462, \"dataset\": \"44b6_12dfb391\", \"frame\": 58, \"minimum_retention\": 0.9, \"primary_candidates\": 524, \"retention\": 0.8816793893129771, \"use_primary\": true}\n"}
,{"stream_name":"stdout","time":1974.761877465,"data":"SECONDARY_EDGE_TTA_ACTIVE views= 8 weight= 0.75 mean_abs_feat_delta= 0.258261\n"}
,{"stream_name":"stdout","time":1974.761909907,"data":"BIOHUB_RETENTION_GUARD {\"blended_candidates\": 462, \"dataset\": \"44b6_12dfb391\", \"frame\": 58, \"minimum_retention\": 0.9, \"primary_candidates\": 524, \"retention\": 0.8816793893129771, \"use_primary\": true}\n"}
,{"stream_name":"stdout","time":1975.427235531,"data":"EDGE_TTA_ACTIVE views= 8 mean_abs_feat_delta= 0.37583\n"}
,{"stream_name":"stdout","time":1975.630042574,"data":"EDGE_TTA_ACTIVE views= 8 mean_abs_feat_delta= 0.37583\n"}
,{"stream_name":"stdout","time":1975.692270131,"data":"EDGE_TTA_ACTIVE views= 8 mean_abs_feat_delta= 0.350102\n"}
,{"stream_name":"stdout","time":1975.895227335,"data":"EDGE_TTA_ACTIVE views= 8 mean_abs_feat_delta= 0.350102\n"}
,{"stream_name":"stdout","time":1976.400798087,"data":"SECONDARY_EDGE_TTA_ACTIVE views= 8 weight= 0.75 mean_abs_feat_delta= 0.303905\n"}
,{"stream_name":"stdout","time":1976.603262662,"data":"SECONDARY_EDGE_TTA_ACTIVE views= 8 weight= 0.75 mean_abs_feat_delta= 0.303905\n"}
,{"stream_name":"stdout","time":1976.629155202,"data":"SECONDARY_EDGE_TTA_ACTIVE views= 8 weight= 0.75 mean_abs_feat_delta= 0.257837\n"}
,{"stream_name":"stdout","time":1976.633267947,"data":"BIOHUB_RETENTION_GUARD {\"blended_candidates\": 458, \"dataset\": \"44b6_12dfb391\", \"frame\": 59, \"minimum_retention\": 0.9, \"primary_candidates\": 532, \"retention\": 0.8609022556390977, \"use_primary\": true}\n"}
,{"stream_name":"stdout","time":1976.831842167,"data":"SECONDARY_EDGE_TTA_ACTIVE views= 8 weight= 0.75 mean_abs_feat_delta= 0.257837\n"}
,{"stream_name":"stdout","time":1976.83188076,"data":"BIOHUB_RETENTION_GUARD {\"blended_candidates\": 458, \"dataset\": \"44b6_12dfb391\", \"frame\": 59, \"minimum_retention\": 0.9, \"primary_candidates\": 532, \"retention\": 0.8609022556390977, \"use_primary\": true}\n"}
,{"stream_name":"stdout","time":1977.513906594,"data":"EDGE_TTA_ACTIVE views= 8 mean_abs_feat_delta= 0.368756\n"}
,{"stream_name":"stdout","time":1977.716517424,"data":"EDGE_TTA_ACTIVE views= 8 mean_abs_feat_delta= 0.368756\n"}
,{"stream_name":"stdout","time":1977.786134916,"data":"EDGE_TTA_ACTIVE views= 8 mean_abs_feat_delta= 0.347603\n"}
,{"stream_name":"stdout","time":1977.988680029,"data":"EDGE_TTA_ACTIVE views= 8 mean_abs_feat_delta= 0.347603\n"}
,{"stream_name":"stdout","time":1978.487047615,"data":"SECONDARY_EDGE_TTA_ACTIVE views= 8 weight= 0.75 mean_abs_feat_delta= 0.306369\n"}
,{"stream_name":"stdout","time":1978.68957911,"data":"SECONDARY_EDGE_TTA_ACTIVE views= 8 weight= 0.75 mean_abs_feat_delta= 0.306369\n"}
,{"stream_name":"stdout","time":1978.72238929,"data":"SECONDARY_EDGE_TTA_ACTIVE views= 8 weight= 0.75 mean_abs_feat_delta= 0.256754\n"}
,{"stream_name":"stdout","time":1978.925341166,"data":"SECONDARY_EDGE_TTA_ACTIVE views= 8 weight= 0.75 mean_abs_feat_delta= 0.256754\n"}
,{"stream_name":"stdout","time":1979.601623348,"data":"EDGE_TTA_ACTIVE views= 8 mean_abs_feat_delta= 0.352766\n"}
,{"stream_name":"stdout","time":1979.804147226,"data":"EDGE_TTA_ACTIVE views= 8 mean_abs_feat_delta= 0.352766\n"}
,{"stream_name":"stdout","time":1979.89637626,"data":"EDGE_TTA_ACTIVE views= 8 mean_abs_feat_delta= 0.347903\n"}
,{"stream_name":"stdout","time":1980.098982277,"data":"EDGE_TTA_ACTIVE views= 8 mean_abs_feat_delta= 0.347903\n"}
,{"stream_name":"stdout","time":1980.575254733,"data":"SECONDARY_EDGE_TTA_ACTIVE views= 8 weight= 0.75 mean_abs_feat_delta= 0.308458\n"}
,{"stream_name":"stdout","time":1980.777787152,"data":"SECONDARY_EDGE_TTA_ACTIVE views= 8 weight= 0.75 mean_abs_feat_delta= 0.308458\n"}
,{"stream_name":"stdout","time":1980.834266905,"data":"SECONDARY_EDGE_TTA_ACTIVE views= 8 weight= 0.75 mean_abs_feat_delta= 0.257976\n"}
,{"stream_name":"stdout","time":1980.838263459,"data":"BIOHUB_RETENTION_GUARD {\"blended_candidates\": 462, \"dataset\": \"44b6_12dfb391\", \"frame\": 61, \"minimum_retention\": 0.9, \"primary_candidates\": 543, \"retention\": 0.850828729281768, \"use_primary\": true}\n"}
,{"stream_name":"stdout","time":1981.037113463,"data":"SECONDARY_EDGE_TTA_ACTIVE views= 8 weight= 0.75 mean_abs_feat_delta= 0.257976\n"}
,{"stream_name":"stdout","time":1981.037136672,"data":"BIOHUB_RETENTION_GUARD {\"blended_candidates\": 462, \"dataset\": \"44b6_12dfb391\", \"frame\": 61, \"minimum_retention\": 0.9, \"primary_candidates\": 543, \"retention\": 0.850828729281768, \"use_primary\": true}\n"}
,{"stream_name":"stdout","time":1981.673870729,"data":"EDGE_TTA_ACTIVE views= 8 mean_abs_feat_delta= 0.366005\n"}
,{"stream_name":"stdout","time":1981.876311958,"data":"EDGE_TTA_ACTIVE views= 8 mean_abs_feat_delta= 0.366005\n"}
,{"stream_name":"stdout","time":1982.023685531,"data":"EDGE_TTA_ACTIVE views= 8 mean_abs_feat_delta= 0.346794\n"}
,{"stream_name":"stdout","time":1982.226809728,"data":"EDGE_TTA_ACTIVE views= 8 mean_abs_feat_delta= 0.346794\n"}
,{"stream_name":"stdout","time":1982.6625906,"data":"SECONDARY_EDGE_TTA_ACTIVE views= 8 weight= 0.75 mean_abs_feat_delta= 0.30506\n"}
,{"stream_name":"stdout","time":1982.864967017,"data":"SECONDARY_EDGE_TTA_ACTIVE views= 8 weight= 0.75 mean_abs_feat_delta= 0.30506\n"}
,{"stream_name":"stdout","time":1982.964922376,"data":"SECONDARY_EDGE_TTA_ACTIVE views= 8 weight= 0.75 mean_abs_feat_delta= 0.26024\n"}
,{"stream_name":"stdout","time":1983.167443688,"data":"SECONDARY_EDGE_TTA_ACTIVE views= 8 weight= 0.75 mean_abs_feat_delta= 0.26024\n"}
,{"stream_name":"stdout","time":1983.757511807,"data":"EDGE_TTA_ACTIVE views= 8 mean_abs_feat_delta= 0.365954\n"}
,{"stream_name":"stdout","time":1983.960114745,"data":"EDGE_TTA_ACTIVE views= 8 mean_abs_feat_delta= 0.365954\n"}
,{"stream_name":"stdout","time":1984.145985105,"data":"EDGE_TTA_ACTIVE views= 8 mean_abs_feat_delta= 0.347265\n"}
,{"stream_name":"stdout","time":1984.348549694,"data":"EDGE_TTA_ACTIVE views= 8 mean_abs_feat_delta= 0.347265\n"}
,{"stream_name":"stdout","time":1984.747409416,"data":"SECONDARY_EDGE_TTA_ACTIVE views= 8 weight= 0.75 mean_abs_feat_delta= 0.301287\n"}
,{"stream_name":"stdout","time":1984.950148857,"data":"SECONDARY_EDGE_TTA_ACTIVE views= 8 weight= 0.75 mean_abs_feat_delta= 0.301287\n"}
,{"stream_name":"stdout","time":1985.0901669,"data":"SECONDARY_EDGE_TTA_ACTIVE views= 8 weight= 0.75 mean_abs_feat_delta= 0.260445\n"}
,{"stream_name":"stdout","time":1985.094284004,"data":"BIOHUB_RETENTION_GUARD {\"blended_candidates\": 491, \"dataset\": \"44b6_12dfb391\", \"frame\": 63, \"minimum_retention\": 0.9, \"primary_candidates\": 548, \"retention\": 0.8959854014598541, \"use_primary\": true}\n"}
,{"stream_name":"stdout","time":1985.292737749,"data":"SECONDARY_EDGE_TTA_ACTIVE views= 8 weight= 0.75 mean_abs_feat_delta= 0.260445\n"}
,{"stream_name":"stdout","time":1985.292785192,"data":"BIOHUB_RETENTION_GUARD {\"blended_candidates\": 491, \"dataset\": \"44b6_12dfb391\", \"frame\": 63, \"minimum_retention\": 0.9, \"primary_candidates\": 548, \"retention\": 0.8959854014598541, \"use_primary\": true}\n"}
,{"stream_name":"stdout","time":1985.845064906,"data":"EDGE_TTA_ACTIVE views= 8 mean_abs_feat_delta= 0.362198\n"}
,{"stream_name":"stdout","time":1986.048078485,"data":"EDGE_TTA_ACTIVE views= 8 mean_abs_feat_delta= 0.362198\n"}
,{"stream_name":"stdout","time":1986.25572098,"data":"EDGE_TTA_ACTIVE views= 8 mean_abs_feat_delta= 0.354895\n"}
,{"stream_name":"stdout","time":1986.458545661,"data":"EDGE_TTA_ACTIVE views= 8 mean_abs_feat_delta= 0.354895\n"}
,{"stream_name":"stdout","time":1986.832228626,"data":"SECONDARY_EDGE_TTA_ACTIVE views= 8 weight= 0.75 mean_abs_feat_delta= 0.294341\n"}
,{"stream_name":"stdout","time":1987.034831557,"data":"SECONDARY_EDGE_TTA_ACTIVE views= 8 weight= 0.75 mean_abs_feat_delta= 0.294341\n"}
,{"stream_name":"stdout","time":1987.199786981,"data":"SECONDARY_EDGE_TTA_ACTIVE views= 8 weight= 0.75 mean_abs_feat_delta= 0.262205\n"}
,{"stream_name":"stdout","time":1987.402075842,"data":"SECONDARY_EDGE_TTA_ACTIVE views= 8 weight= 0.75 mean_abs_feat_delta= 0.262205\n"}
,{"stream_name":"stdout","time":1987.935060369,"data":"EDGE_TTA_ACTIVE views= 8 mean_abs_feat_delta= 0.35614\n"}
,{"stream_name":"stdout","time":1988.137687654,"data":"EDGE_TTA_ACTIVE views= 8 mean_abs_feat_delta= 0.35614\n"}
,{"stream_name":"stdout","time":1988.366379618,"data":"EDGE_TTA_ACTIVE views= 8 mean_abs_feat_delta= 0.354989\n"}
,{"stream_name":"stdout","time":1988.568862732,"data":"EDGE_TTA_ACTIVE views= 8 mean_abs_feat_delta= 0.354989\n"}
,{"stream_name":"stdout","time":1988.923380508,"data":"SECONDARY_EDGE_TTA_ACTIVE views= 8 weight= 0.75 mean_abs_feat_delta= 0.294633\n"}
,{"stream_name":"stdout","time":1989.126318177,"data":"SECONDARY_EDGE_TTA_ACTIVE views= 8 weight= 0.75 mean_abs_feat_delta= 0.294633\n"}
,{"stream_name":"stdout","time":1989.307247101,"data":"SECONDARY_EDGE_TTA_ACTIVE views= 8 weight= 0.75 mean_abs_feat_delta= 0.266095\n"}
,{"stream_name":"stdout","time":1989.509813799,"data":"SECONDARY_EDGE_TTA_ACTIVE views= 8 weight= 0.75 mean_abs_feat_delta= 0.266095\n"}
,{"stream_name":"stdout","time":1990.056886694,"data":"EDGE_TTA_ACTIVE views= 8 mean_abs_feat_delta= 0.360441\n"}
,{"stream_name":"stdout","time":1990.259336806,"data":"EDGE_TTA_ACTIVE views= 8 mean_abs_feat_delta= 0.360441\n"}
,{"stream_name":"stdout","time":1990.503214955,"data":"EDGE_TTA_ACTIVE views= 8 mean_abs_feat_delta= 0.351351\n"}
,{"stream_name":"stdout","time":1990.706208947,"data":"EDGE_TTA_ACTIVE views= 8 mean_abs_feat_delta= 0.351351\n"}
,{"stream_name":"stdout","time":1991.046054989,"data":"SECONDARY_EDGE_TTA_ACTIVE views= 8 weight= 0.75 mean_abs_feat_delta= 0.298228\n"}
,{"stream_name":"stdout","time":1991.248350328,"data":"SECONDARY_EDGE_TTA_ACTIVE views= 8 weight= 0.75 mean_abs_feat_delta= 0.298228\n"}
,{"stream_name":"stdout","time":1991.447492997,"data":"SECONDARY_EDGE_TTA_ACTIVE views= 8 weight= 0.75 mean_abs_feat_delta= 0.263703\n"}
,{"stream_name":"stdout","time":1991.64961947,"data":"SECONDARY_EDGE_TTA_ACTIVE views= 8 weight= 0.75 mean_abs_feat_delta= 0.263703\n"}
,{"stream_name":"stdout","time":1992.153609107,"data":"EDGE_TTA_ACTIVE views= 8 mean_abs_feat_delta= 0.346937\n"}
,{"stream_name":"stdout","time":1992.356322151,"data":"EDGE_TTA_ACTIVE views= 8 mean_abs_feat_delta= 0.346937\n"}
,{"stream_name":"stdout","time":1992.614922555,"data":"EDGE_TTA_ACTIVE views= 8 mean_abs_feat_delta= 0.35502\n"}
,{"stream_name":"stdout","time":1992.817607152,"data":"EDGE_TTA_ACTIVE views= 8 mean_abs_feat_delta= 0.35502\n"}
,{"stream_name":"stdout","time":1993.138095509,"data":"SECONDARY_EDGE_TTA_ACTIVE views= 8 weight= 0.75 mean_abs_feat_delta= 0.293231\n"}
,{"stream_name":"stdout","time":1993.340554567,"data":"SECONDARY_EDGE_TTA_ACTIVE views= 8 weight= 0.75 mean_abs_feat_delta= 0.293231\n"}
,{"stream_name":"stdout","time":1993.560634803,"data":"SECONDARY_EDGE_TTA_ACTIVE views= 8 weight= 0.75 mean_abs_feat_delta= 0.26367\n"}
,{"stream_name":"stdout","time":1993.763520069,"data":"SECONDARY_EDGE_TTA_ACTIVE views= 8 weight= 0.75 mean_abs_feat_delta= 0.26367\n"}
,{"stream_name":"stdout","time":1994.261715469,"data":"EDGE_TTA_ACTIVE views= 8 mean_abs_feat_delta= 0.351835\n"}
,{"stream_name":"stdout","time":1994.464345948,"data":"EDGE_TTA_ACTIVE views= 8 mean_abs_feat_delta= 0.351835\n"}
,{"stream_name":"stdout","time":1994.721886732,"data":"EDGE_TTA_ACTIVE views= 8 mean_abs_feat_delta= 0.359205\n"}
,{"stream_name":"stdout","time":1994.924290592,"data":"EDGE_TTA_ACTIVE views= 8 mean_abs_feat_delta= 0.359205\n"}
,{"stream_name":"stdout","time":1995.244688173,"data":"SECONDARY_EDGE_TTA_ACTIVE views= 8 weight= 0.75 mean_abs_feat_delta= 0.292217\n"}
,{"stream_name":"stdout","time":1995.447355589,"data":"SECONDARY_EDGE_TTA_ACTIVE views= 8 weight= 0.75 mean_abs_feat_delta= 0.292217\n"}
,{"stream_name":"stdout","time":1995.668657719,"data":"SECONDARY_EDGE_TTA_ACTIVE views= 8 weight= 0.75 mean_abs_feat_delta= 0.258506\n"}
,{"stream_name":"stdout","time":1995.673268528,"data":"BIOHUB_RETENTION_GUARD {\"blended_candidates\": 500, \"dataset\": \"44b6_12dfb391\", \"frame\": 68, \"minimum_retention\": 0.9, \"primary_candidates\": 560, \"retention\": 0.8928571428571429, \"use_primary\": true}\n"}
,{"stream_name":"stdout","time":1995.871158108,"data":"SECONDARY_EDGE_TTA_ACTIVE views= 8 weight= 0.75 mean_abs_feat_delta= 0.258506\n"}
,{"stream_name":"stdout","time":1995.871191853,"data":"BIOHUB_RETENTION_GUARD {\"blended_candidates\": 500, \"dataset\": \"44b6_12dfb391\", \"frame\": 68, \"minimum_retention\": 0.9, \"primary_candidates\": 560, \"retention\": 0.8928571428571429, \"use_primary\": true}\n"}
,{"stream_name":"stdout","time":1996.337058396,"data":"EDGE_TTA_ACTIVE views= 8 mean_abs_feat_delta= 0.354093\n"}
,{"stream_name":"stdout","time":1996.539987863,"data":"EDGE_TTA_ACTIVE views= 8 mean_abs_feat_delta= 0.354093\n"}
,{"stream_name":"stdout","time":1996.813314023,"data":"EDGE_TTA_ACTIVE views= 8 mean_abs_feat_delta= 0.360613\n"}
,{"stream_name":"stdout","time":1997.015797562,"data":"EDGE_TTA_ACTIVE views= 8 mean_abs_feat_delta= 0.360613\n"}
,{"stream_name":"stdout","time":1997.309999655,"data":"SECONDARY_EDGE_TTA_ACTIVE views= 8 weight= 0.75 mean_abs_feat_delta= 0.278595\n"}
,{"stream_name":"stdout","time":1997.512546451,"data":"SECONDARY_EDGE_TTA_ACTIVE views= 8 weight= 0.75 mean_abs_feat_delta= 0.278595\n"}
,{"stream_name":"stdout","time":1997.762027945,"data":"SECONDARY_EDGE_TTA_ACTIVE views= 8 weight= 0.75 mean_abs_feat_delta= 0.259032\n"}
,{"stream_name":"stdout","time":1997.766078523,"data":"BIOHUB_RETENTION_GUARD {\"blended_candidates\": 482, \"dataset\": \"44b6_12dfb391\", \"frame\": 69, \"minimum_retention\": 0.9, \"primary_candidates\": 570, \"retention\": 0.8456140350877193, \"use_primary\": true}\n"}
,{"stream_name":"stdout","time":1997.964210487,"data":"SECONDARY_EDGE_TTA_ACTIVE views= 8 weight= 0.75 mean_abs_feat_delta= 0.259032\n"}
,{"stream_name":"stdout","time":1997.964242193,"data":"BIOHUB_RETENTION_GUARD {\"blended_candidates\": 482, \"dataset\": \"44b6_12dfb391\", \"frame\": 69, \"minimum_retention\": 0.9, \"primary_candidates\": 570, \"retention\": 0.8456140350877193, \"use_primary\": true}\n"}
,{"stream_name":"stdout","time":1998.404011272,"data":"EDGE_TTA_ACTIVE views= 8 mean_abs_feat_delta= 0.359817\n"}
,{"stream_name":"stdout","time":1998.606512068,"data":"EDGE_TTA_ACTIVE views= 8 mean_abs_feat_delta= 0.359817\n"}
,{"stream_name":"stdout","time":1999.002267218,"data":"EDGE_TTA_ACTIVE views= 8 mean_abs_feat_delta= 0.361421\n"}
,{"stream_name":"stdout","time":1999.20469129,"data":"EDGE_TTA_ACTIVE views= 8 mean_abs_feat_delta= 0.361421\n"}
,{"stream_name":"stdout","time":1999.377056382,"data":"SECONDARY_EDGE_TTA_ACTIVE views= 8 weight= 0.75 mean_abs_feat_delta= 0.264409\n"}
,{"stream_name":"stdout","time":1999.579954698,"data":"SECONDARY_EDGE_TTA_ACTIVE views= 8 weight= 0.75 mean_abs_feat_delta= 0.264409\n"}
,{"stream_name":"stdout","time":1999.94951236,"data":"SECONDARY_EDGE_TTA_ACTIVE views= 8 weight= 0.75 mean_abs_feat_delta= 0.262899\n"}
,{"stream_name":"stdout","time":1999.954162482,"data":"BIOHUB_RETENTION_GUARD {\"blended_candidates\": 471, \"dataset\": \"44b6_12dfb391\", \"frame\": 70, \"minimum_retention\": 0.9, \"primary_candidates\": 545, \"retention\": 0.8642201834862385, \"use_primary\": true}\n"}
,{"stream_name":"stdout","time":2000.152030803,"data":"SECONDARY_EDGE_TTA_ACTIVE views= 8 weight= 0.75 mean_abs_feat_delta= 0.262899\n"}
,{"stream_name":"stdout","time":2000.152058183,"data":"BIOHUB_RETENTION_GUARD {\"blended_candidates\": 471, \"dataset\": \"44b6_12dfb391\", \"frame\": 70, \"minimum_retention\": 0.9, \"primary_candidates\": 545, \"retention\": 0.8642201834862385, \"use_primary\": true}\n"}
,{"stream_name":"stdout","time":2000.489443289,"data":"EDGE_TTA_ACTIVE views= 8 mean_abs_feat_delta= 0.357588\n"}
,{"stream_name":"stdout","time":2000.691954163,"data":"EDGE_TTA_ACTIVE views= 8 mean_abs_feat_delta= 0.357588\n"}
,{"stream_name":"stdout","time":2001.145679453,"data":"EDGE_TTA_ACTIVE views= 8 mean_abs_feat_delta= 0.357184\n"}
,{"stream_name":"stdout","time":2001.348161003,"data":"EDGE_TTA_ACTIVE views= 8 mean_abs_feat_delta= 0.357184\n"}
,{"stream_name":"stdout","time":2001.462147917,"data":"SECONDARY_EDGE_TTA_ACTIVE views= 8 weight= 0.75 mean_abs_feat_delta= 0.267459\n"}
,{"stream_name":"stdout","time":2001.664708832,"data":"SECONDARY_EDGE_TTA_ACTIVE views= 8 weight= 0.75 mean_abs_feat_delta= 0.267459\n"}
,{"stream_name":"stdout","time":2002.094578523,"data":"SECONDARY_EDGE_TTA_ACTIVE views= 8 weight= 0.75 mean_abs_feat_delta= 0.262505\n"}
,{"stream_name":"stdout","time":2002.098795235,"data":"BIOHUB_RETENTION_GUARD {\"blended_candidates\": 488, \"dataset\": \"44b6_12dfb391\", \"frame\": 71, \"minimum_retention\": 0.9, \"primary_candidates\": 555, \"retention\": 0.8792792792792793, \"use_primary\": true}\n"}
,{"stream_name":"stdout","time":2002.297027378,"data":"SECONDARY_EDGE_TTA_ACTIVE views= 8 weight= 0.75 mean_abs_feat_delta= 0.262505\n"}
,{"stream_name":"stdout","time":2002.29705989,"data":"BIOHUB_RETENTION_GUARD {\"blended_candidates\": 488, \"dataset\": \"44b6_12dfb391\", \"frame\": 71, \"minimum_retention\": 0.9, \"primary_candidates\": 555, \"retention\": 0.8792792792792793, \"use_primary\": true}\n"}
,{"stream_name":"stdout","time":2002.554971846,"data":"EDGE_TTA_ACTIVE views= 8 mean_abs_feat_delta= 0.349183\n"}
,{"stream_name":"stdout","time":2002.757701713,"data":"EDGE_TTA_ACTIVE views= 8 mean_abs_feat_delta= 0.349183\n"}
,{"stream_name":"stdout","time":2003.277921505,"data":"EDGE_TTA_ACTIVE views= 8 mean_abs_feat_delta= 0.360613\n"}
,{"stream_name":"stdout","time":2003.48046186,"data":"EDGE_TTA_ACTIVE views= 8 mean_abs_feat_delta= 0.360613\n"}
,{"stream_name":"stdout","time":2003.530309405,"data":"SECONDARY_EDGE_TTA_ACTIVE views= 8 weight= 0.75 mean_abs_feat_delta= 0.266307\n"}
,{"stream_name":"stdout","time":2003.804138643,"data":"SECONDARY_EDGE_TTA_ACTIVE views= 8 weight= 0.75 mean_abs_feat_delta= 0.266307\n"}
,{"stream_name":"stdout","time":2004.228609333,"data":"SECONDARY_EDGE_TTA_ACTIVE views= 8 weight= 0.75 mean_abs_feat_delta= 0.260539\n"}
,{"stream_name":"stdout","time":2004.232764633,"data":"BIOHUB_RETENTION_GUARD {\"blended_candidates\": 487, \"dataset\": \"44b6_12dfb391\", \"frame\": 72, \"minimum_retention\": 0.9, \"primary_candidates\": 555, \"retention\": 0.8774774774774775, \"use_primary\": true}\n"}
,{"stream_name":"stdout","time":2004.431527147,"data":"SECONDARY_EDGE_TTA_ACTIVE views= 8 weight= 0.75 mean_abs_feat_delta= 0.260539\n"}
,{"stream_name":"stdout","time":2004.431573166,"data":"BIOHUB_RETENTION_GUARD {\"blended_candidates\": 487, \"dataset\": \"44b6_12dfb391\", \"frame\": 72, \"minimum_retention\": 0.9, \"primary_candidates\": 555, \"retention\": 0.8774774774774775, \"use_primary\": true}\n"}
,{"stream_name":"stdout","time":2004.604915901,"data":"EDGE_TTA_ACTIVE views= 8 mean_abs_feat_delta= 0.36472\n"}
,{"stream_name":"stdout","time":2004.807548215,"data":"EDGE_TTA_ACTIVE views= 8 mean_abs_feat_delta= 0.36472\n"}
,{"stream_name":"stdout","time":2005.405087191,"data":"EDGE_TTA_ACTIVE views= 8 mean_abs_feat_delta= 0.361988\n"}
,{"stream_name":"stdout","time":2005.575017117,"data":"SECONDARY_EDGE_TTA_ACTIVE views= 8 weight= 0.75 mean_abs_feat_delta= 0.277175\n"}
,{"stream_name":"stdout","time":2005.607613105,"data":"EDGE_TTA_ACTIVE views= 8 mean_abs_feat_delta= 0.361988\n"}
,{"stream_name":"stdout","time":2005.607634619,"data":"SECONDARY_EDGE_TTA_ACTIVE views= 8 weight= 0.75 mean_abs_feat_delta= 0.277175\n"}
,{"stream_name":"stdout","time":2006.358801087,"data":"SECONDARY_EDGE_TTA_ACTIVE views= 8 weight= 0.75 mean_abs_feat_delta= 0.259945\n"}
,{"stream_name":"stdout","time":2006.561422062,"data":"SECONDARY_EDGE_TTA_ACTIVE views= 8 weight= 0.75 mean_abs_feat_delta= 0.259945\n"}
,{"stream_name":"stdout","time":2006.631170519,"data":"EDGE_TTA_ACTIVE views= 8 mean_abs_feat_delta= 0.367291\n"}
,{"stream_name":"stdout","time":2006.833711966,"data":"EDGE_TTA_ACTIVE views= 8 mean_abs_feat_delta= 0.367291\n"}
,{"stream_name":"stdout","time":2007.520504916,"data":"EDGE_TTA_ACTIVE views= 8 mean_abs_feat_delta= 0.361343\n"}
,{"stream_name":"stdout","time":2007.601344324,"data":"SECONDARY_EDGE_TTA_ACTIVE views= 8 weight= 0.75 mean_abs_feat_delta= 0.279843\n"}
,{"stream_name":"stdout","time":2007.723182741,"data":"EDGE_TTA_ACTIVE views= 8 mean_abs_feat_delta= 0.361343\n"}
,{"stream_name":"stdout","time":2007.723240894,"data":"SECONDARY_EDGE_TTA_ACTIVE views= 8 weight= 0.75 mean_abs_feat_delta= 0.279843\n"}
,{"stream_name":"stdout","time":2008.476756223,"data":"SECONDARY_EDGE_TTA_ACTIVE views= 8 weight= 0.75 mean_abs_feat_delta= 0.259606\n"}
,{"stream_name":"stdout","time":2008.480896588,"data":"BIOHUB_RETENTION_GUARD {\"blended_candidates\": 504, \"dataset\": \"44b6_12dfb391\", \"frame\": 74, \"minimum_retention\": 0.9, \"primary_candidates\": 564, \"retention\": 0.8936170212765957, \"use_primary\": true}\n"}
,{"stream_name":"stdout","time":2008.677182073,"data":"EDGE_TTA_ACTIVE views= 8 mean_abs_feat_delta= 0.353095\n"}
,{"stream_name":"stdout","time":2008.679271846,"data":"SECONDARY_EDGE_TTA_ACTIVE views= 8 weight= 0.75 mean_abs_feat_delta= 0.259606\n"}
,{"stream_name":"stdout","time":2008.679296521,"data":"BIOHUB_RETENTION_GUARD {\"blended_candidates\": 504, \"dataset\": \"44b6_12dfb391\", \"frame\": 74, \"minimum_retention\": 0.9, \"primary_candidates\": 564, \"retention\": 0.8936170212765957, \"use_primary\": true}\n"}
,{"stream_name":"stdout","time":2008.679303452,"data":"EDGE_TTA_ACTIVE views= 8 mean_abs_feat_delta= 0.353095\n"}
,{"stream_name":"stdout","time":2009.636592581,"data":"SECONDARY_EDGE_TTA_ACTIVE views= 8 weight= 0.75 mean_abs_feat_delta= 0.274385\n"}
,{"stream_name":"stdout","time":2009.646214026,"data":"EDGE_TTA_ACTIVE views= 8 mean_abs_feat_delta= 0.364735\n"}
,{"stream_name":"stdout","time":2009.839119499,"data":"SECONDARY_EDGE_TTA_ACTIVE views= 8 weight= 0.75 mean_abs_feat_delta= 0.274385\n"}
,{"stream_name":"stdout","time":2009.839155954,"data":"EDGE_TTA_ACTIVE views= 8 mean_abs_feat_delta= 0.364735\n"}
,{"stream_name":"stdout","time":2010.601491954,"data":"SECONDARY_EDGE_TTA_ACTIVE views= 8 weight= 0.75 mean_abs_feat_delta= 0.262319\n"}
,{"stream_name":"stdout","time":2010.605570083,"data":"BIOHUB_RETENTION_GUARD {\"blended_candidates\": 468, \"dataset\": \"44b6_12dfb391\", \"frame\": 75, \"minimum_retention\": 0.9, \"primary_candidates\": 565, \"retention\": 0.8283185840707965, \"use_primary\": true}\n"}
,{"stream_name":"stdout","time":2010.68871854,"data":"EDGE_TTA_ACTIVE views= 8 mean_abs_feat_delta= 0.338254\n"}
,{"stream_name":"stdout","time":2010.804282244,"data":"SECONDARY_EDGE_TTA_ACTIVE views= 8 weight= 0.75 mean_abs_feat_delta= 0.262319\n"}
,{"stream_name":"stdout","time":2010.804320508,"data":"BIOHUB_RETENTION_GUARD {\"blended_candidates\": 468, \"dataset\": \"44b6_12dfb391\", \"frame\": 75, \"minimum_retention\": 0.9, \"primary_candidates\": 565, \"retention\": 0.8283185840707965, \"use_primary\": true}\n"}
,{"stream_name":"stdout","time":2010.804327573,"data":"EDGE_TTA_ACTIVE views= 8 mean_abs_feat_delta= 0.338254\n"}
,{"stream_name":"stdout","time":2011.654019322,"data":"SECONDARY_EDGE_TTA_ACTIVE views= 8 weight= 0.75 mean_abs_feat_delta= 0.269188\n"}
,{"stream_name":"stdout","time":2011.817591808,"data":"EDGE_TTA_ACTIVE views= 8 mean_abs_feat_delta= 0.359082\n"}
,{"stream_name":"stdout","time":2011.85654513,"data":"SECONDARY_EDGE_TTA_ACTIVE views= 8 weight= 0.75 mean_abs_feat_delta= 0.269188\n"}
,{"stream_name":"stdout","time":2011.856567632,"data":"EDGE_TTA_ACTIVE views= 8 mean_abs_feat_delta= 0.359082\n"}
,{"stream_name":"stdout","time":2012.734255081,"data":"EDGE_TTA_ACTIVE views= 8 mean_abs_feat_delta= 0.335377\n"}
,{"stream_name":"stdout","time":2012.774457939,"data":"SECONDARY_EDGE_TTA_ACTIVE views= 8 weight= 0.75 mean_abs_feat_delta= 0.263571\n"}
,{"stream_name":"stdout","time":2012.778578004,"data":"BIOHUB_RETENTION_GUARD {\"blended_candidates\": 507, \"dataset\": \"44b6_12dfb391\", \"frame\": 76, \"minimum_retention\": 0.9, \"primary_candidates\": 579, \"retention\": 0.8756476683937824, \"use_primary\": true}\n"}
,{"stream_name":"stdout","time":2012.936715755,"data":"EDGE_TTA_ACTIVE views= 8 mean_abs_feat_delta= 0.335377\n"}
,{"stream_name":"stdout","time":2012.936782808,"data":"SECONDARY_EDGE_TTA_ACTIVE views= 8 weight= 0.75 mean_abs_feat_delta= 0.263571\n"}
,{"stream_name":"stdout","time":2012.936790597,"data":"BIOHUB_RETENTION_GUARD {\"blended_candidates\": 507, \"dataset\": \"44b6_12dfb391\", \"frame\": 76, \"minimum_retention\": 0.9, \"primary_candidates\": 579, \"retention\": 0.8756476683937824, \"use_primary\": true}\n"}
,{"stream_name":"stdout","time":2013.690965576,"data":"SECONDARY_EDGE_TTA_ACTIVE views= 8 weight= 0.75 mean_abs_feat_delta= 0.281449\n"}
,{"stream_name":"stdout","time":2013.893794587,"data":"SECONDARY_EDGE_TTA_ACTIVE views= 8 weight= 0.75 mean_abs_feat_delta= 0.281449\n"}
,{"stream_name":"stdout","time":2013.970495719,"data":"EDGE_TTA_ACTIVE views= 8 mean_abs_feat_delta= 0.356314\n"}
,{"stream_name":"stdout","time":2014.173301085,"data":"EDGE_TTA_ACTIVE views= 8 mean_abs_feat_delta= 0.356314\n"}
,{"stream_name":"stdout","time":2014.758379445,"data":"EDGE_TTA_ACTIVE views= 8 mean_abs_feat_delta= 0.332103\n"}
,{"stream_name":"stdout","time":2014.924604534,"data":"SECONDARY_EDGE_TTA_ACTIVE views= 8 weight= 0.75 mean_abs_feat_delta= 0.264168\n"}
,{"stream_name":"stdout","time":2014.928799306,"data":"BIOHUB_RETENTION_GUARD {\"blended_candidates\": 503, \"dataset\": \"44b6_12dfb391\", \"frame\": 77, \"minimum_retention\": 0.9, \"primary_candidates\": 582, \"retention\": 0.8642611683848798, \"use_primary\": true}\n"}
,{"stream_name":"stdout","time":2014.960654978,"data":"EDGE_TTA_ACTIVE views= 8 mean_abs_feat_delta= 0.332103\n"}
,{"stream_name":"stdout","time":2014.960683575,"data":"SECONDARY_EDGE_TTA_ACTIVE views= 8 weight= 0.75 mean_abs_feat_delta= 0.264168\n"}
,{"stream_name":"stdout","time":2014.960688332,"data":"BIOHUB_RETENTION_GUARD {\"blended_candidates\": 503, \"dataset\": \"44b6_12dfb391\", \"frame\": 77, \"minimum_retention\": 0.9, \"primary_candidates\": 582, \"retention\": 0.8642611683848798, \"use_primary\": true}\n"}
,{"stream_name":"stdout","time":2015.716354217,"data":"SECONDARY_EDGE_TTA_ACTIVE views= 8 weight= 0.75 mean_abs_feat_delta= 0.283078\n"}
,{"stream_name":"stdout","time":2015.918701822,"data":"SECONDARY_EDGE_TTA_ACTIVE views= 8 weight= 0.75 mean_abs_feat_delta= 0.283078\n"}
,{"stream_name":"stdout","time":2016.140837481,"data":"EDGE_TTA_ACTIVE views= 8 mean_abs_feat_delta= 0.35617\n"}
,{"stream_name":"stdout","time":2016.344745956,"data":"EDGE_TTA_ACTIVE views= 8 mean_abs_feat_delta= 0.35617\n"}
,{"stream_name":"stdout","time":2016.769977186,"data":"EDGE_TTA_ACTIVE views= 8 mean_abs_feat_delta= 0.336056\n"}
,{"stream_name":"stdout","time":2016.97255244,"data":"EDGE_TTA_ACTIVE views= 8 mean_abs_feat_delta= 0.336056\n"}
,{"stream_name":"stdout","time":2017.099911161,"data":"SECONDARY_EDGE_TTA_ACTIVE views= 8 weight= 0.75 mean_abs_feat_delta= 0.26695\n"}
,{"stream_name":"stdout","time":2017.104178981,"data":"BIOHUB_RETENTION_GUARD {\"blended_candidates\": 519, \"dataset\": \"44b6_12dfb391\", \"frame\": 78, \"minimum_retention\": 0.9, \"primary_candidates\": 585, \"retention\": 0.8871794871794871, \"use_primary\": true}\n"}
,{"stream_name":"stdout","time":2017.302258994,"data":"SECONDARY_EDGE_TTA_ACTIVE views= 8 weight= 0.75 mean_abs_feat_delta= 0.26695\n"}
,{"stream_name":"stdout","time":2017.30230758,"data":"BIOHUB_RETENTION_GUARD {\"blended_candidates\": 519, \"dataset\": \"44b6_12dfb391\", \"frame\": 78, \"minimum_retention\": 0.9, \"primary_candidates\": 585, \"retention\": 0.8871794871794871, \"use_primary\": true}\n"}
,{"stream_name":"stdout","time":2017.72617916,"data":"SECONDARY_EDGE_TTA_ACTIVE views= 8 weight= 0.75 mean_abs_feat_delta= 0.269824\n"}
,{"stream_name":"stdout","time":2017.928724035,"data":"SECONDARY_EDGE_TTA_ACTIVE views= 8 weight= 0.75 mean_abs_feat_delta= 0.269824\n"}
,{"stream_name":"stdout","time":2018.336190215,"data":"EDGE_TTA_ACTIVE views= 8 mean_abs_feat_delta= 0.351982\n"}
,{"stream_name":"stdout","time":2018.538697695,"data":"EDGE_TTA_ACTIVE views= 8 mean_abs_feat_delta= 0.351982\n"}
,{"stream_name":"stdout","time":2018.791908529,"data":"EDGE_TTA_ACTIVE views= 8 mean_abs_feat_delta= 0.338817\n"}
,{"stream_name":"stdout","time":2018.994551165,"data":"EDGE_TTA_ACTIVE views= 8 mean_abs_feat_delta= 0.338817\n"}
,{"stream_name":"stdout","time":2019.294878896,"data":"SECONDARY_EDGE_TTA_ACTIVE views= 8 weight= 0.75 mean_abs_feat_delta= 0.263744\n"}
,{"stream_name":"stdout","time":2019.497215938,"data":"SECONDARY_EDGE_TTA_ACTIVE views= 8 weight= 0.75 mean_abs_feat_delta= 0.263744\n"}
,{"stream_name":"stdout","time":2019.745319694,"data":"SECONDARY_EDGE_TTA_ACTIVE views= 8 weight= 0.75 mean_abs_feat_delta= 0.276964\n"}
,{"stream_name":"stdout","time":2019.948025749,"data":"SECONDARY_EDGE_TTA_ACTIVE views= 8 weight= 0.75 mean_abs_feat_delta= 0.276964\n"}
,{"stream_name":"stdout","time":2020.503031598,"data":"EDGE_TTA_ACTIVE views= 8 mean_abs_feat_delta= 0.35395\n"}
,{"stream_name":"stdout","time":2020.707002554,"data":"EDGE_TTA_ACTIVE views= 8 mean_abs_feat_delta= 0.35395\n"}
,{"stream_name":"stdout","time":2020.800357452,"data":"EDGE_TTA_ACTIVE views= 8 mean_abs_feat_delta= 0.334961\n"}
,{"stream_name":"stdout","time":2021.003243904,"data":"EDGE_TTA_ACTIVE views= 8 mean_abs_feat_delta= 0.334961\n"}
,{"stream_name":"stdout","time":2021.467910926,"data":"SECONDARY_EDGE_TTA_ACTIVE views= 8 weight= 0.75 mean_abs_feat_delta= 0.262774\n"}
,{"stream_name":"stdout","time":2021.670740174,"data":"SECONDARY_EDGE_TTA_ACTIVE views= 8 weight= 0.75 mean_abs_feat_delta= 0.262774\n"}
,{"stream_name":"stdout","time":2021.755355814,"data":"SECONDARY_EDGE_TTA_ACTIVE views= 8 weight= 0.75 mean_abs_feat_delta= 0.266526\n"}
,{"stream_name":"stdout","time":2021.957929893,"data":"SECONDARY_EDGE_TTA_ACTIVE views= 8 weight= 0.75 mean_abs_feat_delta= 0.266526\n"}
,{"stream_name":"stdout","time":2022.657538795,"data":"EDGE_TTA_ACTIVE views= 8 mean_abs_feat_delta= 0.35797\n"}
,{"stream_name":"stdout","time":2022.835584974,"data":"EDGE_TTA_ACTIVE views= 8 mean_abs_feat_delta= 0.344979\n"}
,{"stream_name":"stdout","time":2022.859905961,"data":"EDGE_TTA_ACTIVE views= 8 mean_abs_feat_delta= 0.35797\n"}
,{"stream_name":"stdout","time":2022.85993379,"data":"EDGE_TTA_ACTIVE views= 8 mean_abs_feat_delta= 0.344979\n"}
,{"stream_name":"stdout","time":2023.620685722,"data":"SECONDARY_EDGE_TTA_ACTIVE views= 8 weight= 0.75 mean_abs_feat_delta= 0.263553\n"}
,{"stream_name":"stdout","time":2023.787517374,"data":"SECONDARY_EDGE_TTA_ACTIVE views= 8 weight= 0.75 mean_abs_feat_delta= 0.270012\n"}
,{"stream_name":"stdout","time":2023.823005012,"data":"SECONDARY_EDGE_TTA_ACTIVE views= 8 weight= 0.75 mean_abs_feat_delta= 0.263553\n"}
,{"stream_name":"stdout","time":2023.823056005,"data":"SECONDARY_EDGE_TTA_ACTIVE views= 8 weight= 0.75 mean_abs_feat_delta= 0.270012\n"}
,{"stream_name":"stdout","time":2024.788014834,"data":"EDGE_TTA_ACTIVE views= 8 mean_abs_feat_delta= 0.358939\n"}
,{"stream_name":"stdout","time":2024.855047219,"data":"EDGE_TTA_ACTIVE views= 8 mean_abs_feat_delta= 0.347989\n"}
,{"stream_name":"stdout","time":2024.990782292,"data":"EDGE_TTA_ACTIVE views= 8 mean_abs_feat_delta= 0.358939\n"}
,{"stream_name":"stdout","time":2024.990818842,"data":"EDGE_TTA_ACTIVE views= 8 mean_abs_feat_delta= 0.347989\n"}
,{"stream_name":"stdout","time":2025.748299344,"data":"SECONDARY_EDGE_TTA_ACTIVE views= 8 weight= 0.75 mean_abs_feat_delta= 0.264177\n"}
,{"stream_name":"stdout","time":2025.809008066,"data":"SECONDARY_EDGE_TTA_ACTIVE views= 8 weight= 0.75 mean_abs_feat_delta= 0.271069\n"}
,{"stream_name":"stdout","time":2025.95097589,"data":"SECONDARY_EDGE_TTA_ACTIVE views= 8 weight= 0.75 mean_abs_feat_delta= 0.264177\n"}
,{"stream_name":"stdout","time":2025.951006288,"data":"SECONDARY_EDGE_TTA_ACTIVE views= 8 weight= 0.75 mean_abs_feat_delta= 0.271069\n"}
,{"stream_name":"stdout","time":2026.847530531,"data":"EDGE_TTA_ACTIVE views= 8 mean_abs_feat_delta= 0.350829\n"}
,{"stream_name":"stdout","time":2026.905870234,"data":"EDGE_TTA_ACTIVE views= 8 mean_abs_feat_delta= 0.362662\n"}
,{"stream_name":"stdout","time":2027.049871126,"data":"EDGE_TTA_ACTIVE views= 8 mean_abs_feat_delta= 0.350829\n"}
,{"stream_name":"stdout","time":2027.04990396,"data":"EDGE_TTA_ACTIVE views= 8 mean_abs_feat_delta= 0.362662\n"}
,{"stream_name":"stdout","time":2027.80344562,"data":"SECONDARY_EDGE_TTA_ACTIVE views= 8 weight= 0.75 mean_abs_feat_delta= 0.275012\n"}
,{"stream_name":"stdout","time":2027.871227946,"data":"SECONDARY_EDGE_TTA_ACTIVE views= 8 weight= 0.75 mean_abs_feat_delta= 0.267502\n"}
,{"stream_name":"stdout","time":2027.876000745,"data":"BIOHUB_RETENTION_GUARD {\"blended_candidates\": 478, \"dataset\": \"44b6_12dfb391\", \"frame\": 83, \"minimum_retention\": 0.9, \"primary_candidates\": 555, \"retention\": 0.8612612612612612, \"use_primary\": true}\n"}
,{"stream_name":"stdout","time":2028.006185628,"data":"SECONDARY_EDGE_TTA_ACTIVE views= 8 weight= 0.75 mean_abs_feat_delta= 0.275012\n"}
,{"stream_name":"stdout","time":2028.006222156,"data":"SECONDARY_EDGE_TTA_ACTIVE views= 8 weight= 0.75 mean_abs_feat_delta= 0.267502\n"}
,{"stream_name":"stdout","time":2028.006228228,"data":"BIOHUB_RETENTION_GUARD {\"blended_candidates\": 478, \"dataset\": \"44b6_12dfb391\", \"frame\": 83, \"minimum_retention\": 0.9, \"primary_candidates\": 555, \"retention\": 0.8612612612612612, \"use_primary\": true}\n"}
,{"stream_name":"stdout","time":2028.85517437,"data":"EDGE_TTA_ACTIVE views= 8 mean_abs_feat_delta= 0.344987\n"}
,{"stream_name":"stdout","time":2029.057667149,"data":"EDGE_TTA_ACTIVE views= 8 mean_abs_feat_delta= 0.344987\n"}
,{"stream_name":"stdout","time":2029.062475329,"data":"EDGE_TTA_ACTIVE views= 8 mean_abs_feat_delta= 0.363086\n"}
,{"stream_name":"stdout","time":2029.265304423,"data":"EDGE_TTA_ACTIVE views= 8 mean_abs_feat_delta= 0.363086\n"}
,{"stream_name":"stdout","time":2029.80900212,"data":"SECONDARY_EDGE_TTA_ACTIVE views= 8 weight= 0.75 mean_abs_feat_delta= 0.273804\n"}
,{"stream_name":"stdout","time":2030.01188235,"data":"SECONDARY_EDGE_TTA_ACTIVE views= 8 weight= 0.75 mean_abs_feat_delta= 0.273804\n"}
,{"stream_name":"stdout","time":2030.024135065,"data":"SECONDARY_EDGE_TTA_ACTIVE views= 8 weight= 0.75 mean_abs_feat_delta= 0.268865\n"}
,{"stream_name":"stdout","time":2030.028292294,"data":"BIOHUB_RETENTION_GUARD {\"blended_candidates\": 501, \"dataset\": \"44b6_12dfb391\", \"frame\": 84, \"minimum_retention\": 0.9, \"primary_candidates\": 566, \"retention\": 0.8851590106007067, \"use_primary\": true}\n"}
,{"stream_name":"stdout","time":2030.226236252,"data":"SECONDARY_EDGE_TTA_ACTIVE views= 8 weight= 0.75 mean_abs_feat_delta= 0.268865\n"}
,{"stream_name":"stdout","time":2030.226270318,"data":"BIOHUB_RETENTION_GUARD {\"blended_candidates\": 501, \"dataset\": \"44b6_12dfb391\", \"frame\": 84, \"minimum_retention\": 0.9, \"primary_candidates\": 566, \"retention\": 0.8851590106007067, \"use_primary\": true}\n"}
,{"stream_name":"stdout","time":2030.856373331,"data":"EDGE_TTA_ACTIVE views= 8 mean_abs_feat_delta= 0.329788\n"}
,{"stream_name":"stdout","time":2031.059030384,"data":"EDGE_TTA_ACTIVE views= 8 mean_abs_feat_delta= 0.329788\n"}
,{"stream_name":"stdout","time":2031.239599006,"data":"EDGE_TTA_ACTIVE views= 8 mean_abs_feat_delta= 0.364785\n"}
,{"stream_name":"stdout","time":2031.441933072,"data":"EDGE_TTA_ACTIVE views= 8 mean_abs_feat_delta= 0.364785\n"}
,{"stream_name":"stdout","time":2031.809549581,"data":"SECONDARY_EDGE_TTA_ACTIVE views= 8 weight= 0.75 mean_abs_feat_delta= 0.278785\n"}
,{"stream_name":"stdout","time":2032.011941906,"data":"SECONDARY_EDGE_TTA_ACTIVE views= 8 weight= 0.75 mean_abs_feat_delta= 0.278785\n"}
,{"stream_name":"stdout","time":2032.205210069,"data":"SECONDARY_EDGE_TTA_ACTIVE views= 8 weight= 0.75 mean_abs_feat_delta= 0.27301\n"}
,{"stream_name":"stdout","time":2032.407409968,"data":"SECONDARY_EDGE_TTA_ACTIVE views= 8 weight= 0.75 mean_abs_feat_delta= 0.27301\n"}
,{"stream_name":"stdout","time":2032.856941082,"data":"EDGE_TTA_ACTIVE views= 8 mean_abs_feat_delta= 0.329665\n"}
,{"stream_name":"stdout","time":2033.05973059,"data":"EDGE_TTA_ACTIVE views= 8 mean_abs_feat_delta= 0.329665\n"}
,{"stream_name":"stdout","time":2033.38092162,"data":"EDGE_TTA_ACTIVE views= 8 mean_abs_feat_delta= 0.363892\n"}
,{"stream_name":"stdout","time":2033.583438445,"data":"EDGE_TTA_ACTIVE views= 8 mean_abs_feat_delta= 0.363892\n"}
,{"stream_name":"stdout","time":2033.812078582,"data":"SECONDARY_EDGE_TTA_ACTIVE views= 8 weight= 0.75 mean_abs_feat_delta= 0.270084\n"}
,{"stream_name":"stdout","time":2034.089118087,"data":"SECONDARY_EDGE_TTA_ACTIVE views= 8 weight= 0.75 mean_abs_feat_delta= 0.270084\n"}
,{"stream_name":"stdout","time":2034.339829717,"data":"SECONDARY_EDGE_TTA_ACTIVE views= 8 weight= 0.75 mean_abs_feat_delta= 0.2723\n"}
,{"stream_name":"stdout","time":2034.542293194,"data":"SECONDARY_EDGE_TTA_ACTIVE views= 8 weight= 0.75 mean_abs_feat_delta= 0.2723\n"}
,{"stream_name":"stdout","time":2034.865028471,"data":"EDGE_TTA_ACTIVE views= 8 mean_abs_feat_delta= 0.325406\n"}
,{"stream_name":"stdout","time":2035.06741157,"data":"EDGE_TTA_ACTIVE views= 8 mean_abs_feat_delta= 0.325406\n"}
,{"stream_name":"stdout","time":2035.515455043,"data":"EDGE_TTA_ACTIVE views= 8 mean_abs_feat_delta= 0.362041\n"}
,{"stream_name":"stdout","time":2035.717901542,"data":"EDGE_TTA_ACTIVE views= 8 mean_abs_feat_delta= 0.362041\n"}
,{"stream_name":"stdout","time":2035.818717023,"data":"SECONDARY_EDGE_TTA_ACTIVE views= 8 weight= 0.75 mean_abs_feat_delta= 0.271662\n"}
,{"stream_name":"stdout","time":2036.021378909,"data":"SECONDARY_EDGE_TTA_ACTIVE views= 8 weight= 0.75 mean_abs_feat_delta= 0.271662\n"}
,{"stream_name":"stdout","time":2036.485808698,"data":"SECONDARY_EDGE_TTA_ACTIVE views= 8 weight= 0.75 mean_abs_feat_delta= 0.26849\n"}
,{"stream_name":"stdout","time":2036.688031711,"data":"SECONDARY_EDGE_TTA_ACTIVE views= 8 weight= 0.75 mean_abs_feat_delta= 0.26849\n"}
,{"stream_name":"stdout","time":2036.876955175,"data":"EDGE_TTA_ACTIVE views= 8 mean_abs_feat_delta= 0.337377\n"}
,{"stream_name":"stdout","time":2037.079196477,"data":"EDGE_TTA_ACTIVE views= 8 mean_abs_feat_delta= 0.337377\n"}
,{"stream_name":"stdout","time":2037.638949911,"data":"EDGE_TTA_ACTIVE views= 8 mean_abs_feat_delta= 0.364393\n"}
,{"stream_name":"stdout","time":2037.828209549,"data":"SECONDARY_EDGE_TTA_ACTIVE views= 8 weight= 0.75 mean_abs_feat_delta= 0.269101\n"}
,{"stream_name":"stdout","time":2037.841581234,"data":"EDGE_TTA_ACTIVE views= 8 mean_abs_feat_delta= 0.364393\n"}
,{"stream_name":"stdout","time":2037.841607989,"data":"SECONDARY_EDGE_TTA_ACTIVE views= 8 weight= 0.75 mean_abs_feat_delta= 0.269101\n"}
,{"stream_name":"stdout","time":2038.612192158,"data":"SECONDARY_EDGE_TTA_ACTIVE views= 8 weight= 0.75 mean_abs_feat_delta= 0.26742\n"}
,{"stream_name":"stdout","time":2038.814643257,"data":"SECONDARY_EDGE_TTA_ACTIVE views= 8 weight= 0.75 mean_abs_feat_delta= 0.26742\n"}
,{"stream_name":"stdout","time":2038.878686492,"data":"EDGE_TTA_ACTIVE views= 8 mean_abs_feat_delta= 0.336612\n"}
,{"stream_name":"stdout","time":2039.081636658,"data":"EDGE_TTA_ACTIVE views= 8 mean_abs_feat_delta= 0.336612\n"}
,{"stream_name":"stdout","time":2039.78089171,"data":"EDGE_TTA_ACTIVE views= 8 mean_abs_feat_delta= 0.36832\n"}
,{"stream_name":"stdout","time":2039.832097386,"data":"SECONDARY_EDGE_TTA_ACTIVE views= 8 weight= 0.75 mean_abs_feat_delta= 0.273421\n"}
,{"stream_name":"stdout","time":2039.983190109,"data":"EDGE_TTA_ACTIVE views= 8 mean_abs_feat_delta= 0.36832\n"}
,{"stream_name":"stdout","time":2039.98322412,"data":"SECONDARY_EDGE_TTA_ACTIVE views= 8 weight= 0.75 mean_abs_feat_delta= 0.273421\n"}
,{"stream_name":"stdout","time":2040.742011528,"data":"SECONDARY_EDGE_TTA_ACTIVE views= 8 weight= 0.75 mean_abs_feat_delta= 0.266839\n"}
,{"stream_name":"stdout","time":2040.746656678,"data":"BIOHUB_RETENTION_GUARD {\"blended_candidates\": 539, \"dataset\": \"44b6_12dfb391\", \"frame\": 89, \"minimum_retention\": 0.9, \"primary_candidates\": 618, \"retention\": 0.872168284789644, \"use_primary\": true}\n"}
,{"stream_name":"stdout","time":2040.880015783,"data":"EDGE_TTA_ACTIVE views= 8 mean_abs_feat_delta= 0.340573\n"}
,{"stream_name":"stdout","time":2040.944405337,"data":"SECONDARY_EDGE_TTA_ACTIVE views= 8 weight= 0.75 mean_abs_feat_delta= 0.266839\n"}
,{"stream_name":"stdout","time":2040.944441694,"data":"BIOHUB_RETENTION_GUARD {\"blended_candidates\": 539, \"dataset\": \"44b6_12dfb391\", \"frame\": 89, \"minimum_retention\": 0.9, \"primary_candidates\": 618, \"retention\": 0.872168284789644, \"use_primary\": true}\n"}
,{"stream_name":"stdout","time":2040.944453199,"data":"EDGE_TTA_ACTIVE views= 8 mean_abs_feat_delta= 0.340573\n"}
,{"stream_name":"stdout","time":2041.835979489,"data":"SECONDARY_EDGE_TTA_ACTIVE views= 8 weight= 0.75 mean_abs_feat_delta= 0.271772\n"}
,{"stream_name":"stdout","time":2041.973560127,"data":"EDGE_TTA_ACTIVE views= 8 mean_abs_feat_delta= 0.372337\n"}
,{"stream_name":"stdout","time":2042.0387154,"data":"SECONDARY_EDGE_TTA_ACTIVE views= 8 weight= 0.75 mean_abs_feat_delta= 0.271772\n"}
,{"stream_name":"stdout","time":2042.038785764,"data":"EDGE_TTA_ACTIVE views= 8 mean_abs_feat_delta= 0.372337\n"}
,{"stream_name":"stdout","time":2042.90559744,"data":"EDGE_TTA_ACTIVE views= 8 mean_abs_feat_delta= 0.34851\n"}
,{"stream_name":"stdout","time":2042.944863305,"data":"SECONDARY_EDGE_TTA_ACTIVE views= 8 weight= 0.75 mean_abs_feat_delta= 0.26897\n"}
,{"stream_name":"stdout","time":2042.949292701,"data":"BIOHUB_RETENTION_GUARD {\"blended_candidates\": 532, \"dataset\": \"44b6_12dfb391\", \"frame\": 90, \"minimum_retention\": 0.9, \"primary_candidates\": 595, \"retention\": 0.8941176470588236, \"use_primary\": true}\n"}
,{"stream_name":"stdout","time":2043.108225115,"data":"EDGE_TTA_ACTIVE views= 8 mean_abs_feat_delta= 0.34851\n"}
,{"stream_name":"stdout","time":2043.108260575,"data":"SECONDARY_EDGE_TTA_ACTIVE views= 8 weight= 0.75 mean_abs_feat_delta= 0.26897\n"}
,{"stream_name":"stdout","time":2043.108265158,"data":"BIOHUB_RETENTION_GUARD {\"blended_candidates\": 532, \"dataset\": \"44b6_12dfb391\", \"frame\": 90, \"minimum_retention\": 0.9, \"primary_candidates\": 595, \"retention\": 0.8941176470588236, \"use_primary\": true}\n"}
,{"stream_name":"stdout","time":2043.861620898,"data":"SECONDARY_EDGE_TTA_ACTIVE views= 8 weight= 0.75 mean_abs_feat_delta= 0.268085\n"}
,{"stream_name":"stdout","time":2044.064494745,"data":"SECONDARY_EDGE_TTA_ACTIVE views= 8 weight= 0.75 mean_abs_feat_delta= 0.268085\n"}
,{"stream_name":"stdout","time":2044.155421445,"data":"EDGE_TTA_ACTIVE views= 8 mean_abs_feat_delta= 0.372351\n"}
,{"stream_name":"stdout","time":2044.358201615,"data":"EDGE_TTA_ACTIVE views= 8 mean_abs_feat_delta= 0.372351\n"}
,{"stream_name":"stdout","time":2044.905380528,"data":"EDGE_TTA_ACTIVE views= 8 mean_abs_feat_delta= 0.344922\n"}
,{"stream_name":"stdout","time":2045.108383258,"data":"EDGE_TTA_ACTIVE views= 8 mean_abs_feat_delta= 0.344922\n"}
,{"stream_name":"stdout","time":2045.11934385,"data":"SECONDARY_EDGE_TTA_ACTIVE views= 8 weight= 0.75 mean_abs_feat_delta= 0.269254\n"}
,{"stream_name":"stdout","time":2045.322146484,"data":"SECONDARY_EDGE_TTA_ACTIVE views= 8 weight= 0.75 mean_abs_feat_delta= 0.269254\n"}
,{"stream_name":"stdout","time":2045.86180349,"data":"SECONDARY_EDGE_TTA_ACTIVE views= 8 weight= 0.75 mean_abs_feat_delta= 0.263722\n"}
,{"stream_name":"stdout","time":2046.064470458,"data":"SECONDARY_EDGE_TTA_ACTIVE views= 8 weight= 0.75 mean_abs_feat_delta= 0.263722\n"}
,{"stream_name":"stdout","time":2046.312668803,"data":"EDGE_TTA_ACTIVE views= 8 mean_abs_feat_delta= 0.376977\n"}
,{"stream_name":"stdout","time":2046.514998847,"data":"EDGE_TTA_ACTIVE views= 8 mean_abs_feat_delta= 0.376977\n"}
,{"stream_name":"stdout","time":2046.910199274,"data":"EDGE_TTA_ACTIVE views= 8 mean_abs_feat_delta= 0.345806\n"}
,{"stream_name":"stdout","time":2047.112848469,"data":"EDGE_TTA_ACTIVE views= 8 mean_abs_feat_delta= 0.345806\n"}
,{"stream_name":"stdout","time":2047.28011731,"data":"SECONDARY_EDGE_TTA_ACTIVE views= 8 weight= 0.75 mean_abs_feat_delta= 0.273908\n"}
,{"stream_name":"stdout","time":2047.482165579,"data":"SECONDARY_EDGE_TTA_ACTIVE views= 8 weight= 0.75 mean_abs_feat_delta= 0.273908\n"}
,{"stream_name":"stdout","time":2047.869111231,"data":"SECONDARY_EDGE_TTA_ACTIVE views= 8 weight= 0.75 mean_abs_feat_delta= 0.263509\n"}
,{"stream_name":"stdout","time":2048.071554955,"data":"SECONDARY_EDGE_TTA_ACTIVE views= 8 weight= 0.75 mean_abs_feat_delta= 0.263509\n"}
,{"stream_name":"stdout","time":2048.467681887,"data":"EDGE_TTA_ACTIVE views= 8 mean_abs_feat_delta= 0.379308\n"}
,{"stream_name":"stdout","time":2048.670303157,"data":"EDGE_TTA_ACTIVE views= 8 mean_abs_feat_delta= 0.379308\n"}
,{"stream_name":"stdout","time":2048.918003821,"data":"EDGE_TTA_ACTIVE views= 8 mean_abs_feat_delta= 0.333012\n"}
,{"stream_name":"stdout","time":2049.120475834,"data":"EDGE_TTA_ACTIVE views= 8 mean_abs_feat_delta= 0.333012\n"}
,{"stream_name":"stdout","time":2049.425123634,"data":"SECONDARY_EDGE_TTA_ACTIVE views= 8 weight= 0.75 mean_abs_feat_delta= 0.28036\n"}
,{"stream_name":"stdout","time":2049.627371192,"data":"SECONDARY_EDGE_TTA_ACTIVE views= 8 weight= 0.75 mean_abs_feat_delta= 0.28036\n"}
,{"stream_name":"stdout","time":2049.875029335,"data":"SECONDARY_EDGE_TTA_ACTIVE views= 8 weight= 0.75 mean_abs_feat_delta= 0.270685\n"}
,{"stream_name":"stdout","time":2050.077535692,"data":"SECONDARY_EDGE_TTA_ACTIVE views= 8 weight= 0.75 mean_abs_feat_delta= 0.270685\n"}
,{"stream_name":"stdout","time":2050.621721678,"data":"EDGE_TTA_ACTIVE views= 8 mean_abs_feat_delta= 0.375447\n"}
,{"stream_name":"stdout","time":2050.824287557,"data":"EDGE_TTA_ACTIVE views= 8 mean_abs_feat_delta= 0.375447\n"}
,{"stream_name":"stdout","time":2050.945831905,"data":"EDGE_TTA_ACTIVE views= 8 mean_abs_feat_delta= 0.332183\n"}
,{"stream_name":"stdout","time":2051.148825618,"data":"EDGE_TTA_ACTIVE views= 8 mean_abs_feat_delta= 0.332183\n"}
,{"stream_name":"stdout","time":2051.590448428,"data":"SECONDARY_EDGE_TTA_ACTIVE views= 8 weight= 0.75 mean_abs_feat_delta= 0.279645\n"}
,{"stream_name":"stdout","time":2051.59465571,"data":"BIOHUB_RETENTION_GUARD {\"blended_candidates\": 520, \"dataset\": \"44b6_12dfb391\", \"frame\": 94, \"minimum_retention\": 0.9, \"primary_candidates\": 583, \"retention\": 0.8919382504288165, \"use_primary\": true}\n"}
,{"stream_name":"stdout","time":2051.793017909,"data":"SECONDARY_EDGE_TTA_ACTIVE views= 8 weight= 0.75 mean_abs_feat_delta= 0.279645\n"}
,{"stream_name":"stdout","time":2051.793059448,"data":"BIOHUB_RETENTION_GUARD {\"blended_candidates\": 520, \"dataset\": \"44b6_12dfb391\", \"frame\": 94, \"minimum_retention\": 0.9, \"primary_candidates\": 583, \"retention\": 0.8919382504288165, \"use_primary\": true}\n"}
,{"stream_name":"stdout","time":2051.906306032,"data":"SECONDARY_EDGE_TTA_ACTIVE views= 8 weight= 0.75 mean_abs_feat_delta= 0.253224\n"}
,{"stream_name":"stdout","time":2052.109071531,"data":"SECONDARY_EDGE_TTA_ACTIVE views= 8 weight= 0.75 mean_abs_feat_delta= 0.253224\n"}
,{"stream_name":"stdout","time":2052.765448566,"data":"EDGE_TTA_ACTIVE views= 8 mean_abs_feat_delta= 0.369974\n"}
,{"stream_name":"stdout","time":2052.956572295,"data":"EDGE_TTA_ACTIVE views= 8 mean_abs_feat_delta= 0.322487\n"}
,{"stream_name":"stdout","time":2052.968038516,"data":"EDGE_TTA_ACTIVE views= 8 mean_abs_feat_delta= 0.369974\n"}
,{"stream_name":"stdout","time":2052.968059714,"data":"EDGE_TTA_ACTIVE views= 8 mean_abs_feat_delta= 0.322487\n"}
,{"stream_name":"stdout","time":2053.729541027,"data":"SECONDARY_EDGE_TTA_ACTIVE views= 8 weight= 0.75 mean_abs_feat_delta= 0.279886\n"}
,{"stream_name":"stdout","time":2053.925149847,"data":"SECONDARY_EDGE_TTA_ACTIVE views= 8 weight= 0.75 mean_abs_feat_delta= 0.262155\n"}
,{"stream_name":"stdout","time":2053.932064859,"data":"SECONDARY_EDGE_TTA_ACTIVE views= 8 weight= 0.75 mean_abs_feat_delta= 0.279886\n"}
,{"stream_name":"stdout","time":2053.932087596,"data":"SECONDARY_EDGE_TTA_ACTIVE views= 8 weight= 0.75 mean_abs_feat_delta= 0.262155\n"}
,{"stream_name":"stdout","time":2054.923434799,"data":"EDGE_TTA_ACTIVE views= 8 mean_abs_feat_delta= 0.373122\n"}
,{"stream_name":"stdout","time":2055.126103147,"data":"EDGE_TTA_ACTIVE views= 8 mean_abs_feat_delta= 0.373122\n"}
,{"stream_name":"stdout","time":2055.883040198,"data":"SECONDARY_EDGE_TTA_ACTIVE views= 8 weight= 0.75 mean_abs_feat_delta= 0.279253\n"}
,{"stream_name":"stdout","time":2056.086031221,"data":"SECONDARY_EDGE_TTA_ACTIVE views= 8 weight= 0.75 mean_abs_feat_delta= 0.279253\n"}
,{"stream_name":"stdout","time":2057.231945931,"data":"EDGE_TTA_ACTIVE views= 8 mean_abs_feat_delta= 0.371747\n"}
,{"stream_name":"stdout","time":2057.435167234,"data":"EDGE_TTA_ACTIVE views= 8 mean_abs_feat_delta= 0.371747\n"}
,{"stream_name":"stdout","time":2058.190544583,"data":"SECONDARY_EDGE_TTA_ACTIVE views= 8 weight= 0.75 mean_abs_feat_delta= 0.27536\n"}
,{"stream_name":"stdout","time":2058.392850509,"data":"SECONDARY_EDGE_TTA_ACTIVE views= 8 weight= 0.75 mean_abs_feat_delta= 0.27536\n"}
,{"stream_name":"stdout","time":2059.510946359,"data":"EDGE_TTA_ACTIVE views= 8 mean_abs_feat_delta= 0.369424\n"}
,{"stream_name":"stdout","time":2059.713712373,"data":"EDGE_TTA_ACTIVE views= 8 mean_abs_feat_delta= 0.369424\n"}
,{"stream_name":"stdout","time":2060.475927276,"data":"SECONDARY_EDGE_TTA_ACTIVE views= 8 weight= 0.75 mean_abs_feat_delta= 0.271751\n"}
,{"stream_name":"stdout","time":2060.679006209,"data":"SECONDARY_EDGE_TTA_ACTIVE views= 8 weight= 0.75 mean_abs_feat_delta= 0.271751\n"}
,{"stream_name":"stdout","time":2061.775736386,"data":"EDGE_TTA_ACTIVE views= 8 mean_abs_feat_delta= 0.372871\n"}
,{"stream_name":"stdout","time":2061.97867174,"data":"EDGE_TTA_ACTIVE views= 8 mean_abs_feat_delta= 0.372871\n"}
,{"stream_name":"stdout","time":2062.733014822,"data":"SECONDARY_EDGE_TTA_ACTIVE views= 8 weight= 0.75 mean_abs_feat_delta= 0.271724\n"}
,{"stream_name":"stdout","time":2062.935926166,"data":"SECONDARY_EDGE_TTA_ACTIVE views= 8 weight= 0.75 mean_abs_feat_delta= 0.271724\n"}
,{"stream_name":"stdout","time":2080.016989564,"data":"EDGE_TTA_ACTIVE views= 8 mean_abs_feat_delta= 0.311164\n"}
,{"stream_name":"stdout","time":2080.304169938,"data":"EDGE_TTA_ACTIVE views= 8 mean_abs_feat_delta= 0.311164\n"}
,{"stream_name":"stdout","time":2080.963166656,"data":"SECONDARY_EDGE_TTA_ACTIVE views= 8 weight= 0.75 mean_abs_feat_delta= 0.261033\n"}
,{"stream_name":"stdout","time":2081.16596436,"data":"SECONDARY_EDGE_TTA_ACTIVE views= 8 weight= 0.75 mean_abs_feat_delta= 0.261033\n"}
,{"stream_name":"stdout","time":2082.060434734,"data":"EDGE_TTA_ACTIVE views= 8 mean_abs_feat_delta= 0.314772\n"}
,{"stream_name":"stdout","time":2082.262820088,"data":"EDGE_TTA_ACTIVE views= 8 mean_abs_feat_delta= 0.314772\n"}
,{"stream_name":"stdout","time":2083.00712151,"data":"SECONDARY_EDGE_TTA_ACTIVE views= 8 weight= 0.75 mean_abs_feat_delta= 0.260558\n"}
,{"stream_name":"stdout","time":2083.209918062,"data":"SECONDARY_EDGE_TTA_ACTIVE views= 8 weight= 0.75 mean_abs_feat_delta= 0.260558\n"}
,{"stream_name":"stdout","time":2084.075827482,"data":"EDGE_TTA_ACTIVE views= 8 mean_abs_feat_delta= 0.32\n"}
,{"stream_name":"stdout","time":2084.278656189,"data":"EDGE_TTA_ACTIVE views= 8 mean_abs_feat_delta= 0.32\n"}
,{"stream_name":"stdout","time":2085.030156713,"data":"SECONDARY_EDGE_TTA_ACTIVE views= 8 weight= 0.75 mean_abs_feat_delta= 0.261329\n"}
,{"stream_name":"stdout","time":2085.232712356,"data":"SECONDARY_EDGE_TTA_ACTIVE views= 8 weight= 0.75 mean_abs_feat_delta= 0.261329\n"}
,{"stream_name":"stdout","time":2086.073513834,"data":"EDGE_TTA_ACTIVE views= 8 mean_abs_feat_delta= 0.316482\n"}
,{"stream_name":"stdout","time":2086.276342016,"data":"EDGE_TTA_ACTIVE views= 8 mean_abs_feat_delta= 0.316482\n"}
,{"stream_name":"stdout","time":2087.035612474,"data":"SECONDARY_EDGE_TTA_ACTIVE views= 8 weight= 0.75 mean_abs_feat_delta= 0.267255\n"}
,{"stream_name":"stdout","time":2087.238025224,"data":"SECONDARY_EDGE_TTA_ACTIVE views= 8 weight= 0.75 mean_abs_feat_delta= 0.267255\n"}
,{"stream_name":"stdout","time":2088.121872339,"data":"EDGE_TTA_ACTIVE views= 8 mean_abs_feat_delta= 0.312516\n"}
,{"stream_name":"stdout","time":2088.324991597,"data":"EDGE_TTA_ACTIVE views= 8 mean_abs_feat_delta= 0.312516\n"}
,{"stream_name":"stdout","time":2089.104178129,"data":"SECONDARY_EDGE_TTA_ACTIVE views= 8 weight= 0.75 mean_abs_feat_delta= 0.269103\n"}
,{"stream_name":"stdout","time":2089.306928056,"data":"SECONDARY_EDGE_TTA_ACTIVE views= 8 weight= 0.75 mean_abs_feat_delta= 0.269103\n"}
,{"stream_name":"stdout","time":2090.16197787,"data":"EDGE_TTA_ACTIVE views= 8 mean_abs_feat_delta= 0.310284\n"}
,{"stream_name":"stdout","time":2090.365401377,"data":"EDGE_TTA_ACTIVE views= 8 mean_abs_feat_delta= 0.310284\n"}
,{"stream_name":"stdout","time":2091.134243062,"data":"SECONDARY_EDGE_TTA_ACTIVE views= 8 weight= 0.75 mean_abs_feat_delta= 0.270231\n"}
,{"stream_name":"stdout","time":2091.336945729,"data":"SECONDARY_EDGE_TTA_ACTIVE views= 8 weight= 0.75 mean_abs_feat_delta= 0.270231\n"}
,{"stream_name":"stdout","time":2092.187586759,"data":"EDGE_TTA_ACTIVE views= 8 mean_abs_feat_delta= 0.315039\n"}
,{"stream_name":"stdout","time":2092.390413258,"data":"EDGE_TTA_ACTIVE views= 8 mean_abs_feat_delta= 0.315039\n"}
,{"stream_name":"stdout","time":2093.159410303,"data":"SECONDARY_EDGE_TTA_ACTIVE views= 8 weight= 0.75 mean_abs_feat_delta= 0.27087\n"}
,{"stream_name":"stdout","time":2093.362310601,"data":"SECONDARY_EDGE_TTA_ACTIVE views= 8 weight= 0.75 mean_abs_feat_delta= 0.27087\n"}
,{"stream_name":"stdout","time":2094.231178874,"data":"EDGE_TTA_ACTIVE views= 8 mean_abs_feat_delta= 0.322123\n"}
,{"stream_name":"stdout","time":2094.434142833,"data":"EDGE_TTA_ACTIVE views= 8 mean_abs_feat_delta= 0.322123\n"}
,{"stream_name":"stdout","time":2095.205192678,"data":"SECONDARY_EDGE_TTA_ACTIVE views= 8 weight= 0.75 mean_abs_feat_delta= 0.268311\n"}
,{"stream_name":"stdout","time":2095.40815031,"data":"SECONDARY_EDGE_TTA_ACTIVE views= 8 weight= 0.75 mean_abs_feat_delta= 0.268311\n"}
,{"stream_name":"stdout","time":2096.277457089,"data":"EDGE_TTA_ACTIVE views= 8 mean_abs_feat_delta= 0.315226\n"}
,{"stream_name":"stdout","time":2096.480202112,"data":"EDGE_TTA_ACTIVE views= 8 mean_abs_feat_delta= 0.315226\n"}
,{"stream_name":"stdout","time":2097.253244039,"data":"SECONDARY_EDGE_TTA_ACTIVE views= 8 weight= 0.75 mean_abs_feat_delta= 0.262145\n"}
,{"stream_name":"stdout","time":2097.45571569,"data":"SECONDARY_EDGE_TTA_ACTIVE views= 8 weight= 0.75 mean_abs_feat_delta= 0.262145\n"}
,{"stream_name":"stdout","time":2098.305740657,"data":"EDGE_TTA_ACTIVE views= 8 mean_abs_feat_delta= 0.313017\n"}
,{"stream_name":"stdout","time":2098.508633519,"data":"EDGE_TTA_ACTIVE views= 8 mean_abs_feat_delta= 0.313017\n"}
,{"stream_name":"stdout","time":2099.292827316,"data":"SECONDARY_EDGE_TTA_ACTIVE views= 8 weight= 0.75 mean_abs_feat_delta= 0.258401\n"}
,{"stream_name":"stdout","time":2099.495744669,"data":"SECONDARY_EDGE_TTA_ACTIVE views= 8 weight= 0.75 mean_abs_feat_delta= 0.258401\n"}
,{"stream_name":"stdout","time":2100.38106687,"data":"EDGE_TTA_ACTIVE views= 8 mean_abs_feat_delta= 0.312427\n"}
,{"stream_name":"stdout","time":2100.583709568,"data":"EDGE_TTA_ACTIVE views= 8 mean_abs_feat_delta= 0.312427\n"}
,{"stream_name":"stdout","time":2101.369970351,"data":"SECONDARY_EDGE_TTA_ACTIVE views= 8 weight= 0.75 mean_abs_feat_delta= 0.259952\n"}
,{"stream_name":"stdout","time":2101.573107389,"data":"SECONDARY_EDGE_TTA_ACTIVE views= 8 weight= 0.75 mean_abs_feat_delta= 0.259952\n"}
,{"stream_name":"stdout","time":2102.444200532,"data":"EDGE_TTA_ACTIVE views= 8 mean_abs_feat_delta= 0.312244\n"}
,{"stream_name":"stdout","time":2102.647050463,"data":"EDGE_TTA_ACTIVE views= 8 mean_abs_feat_delta= 0.312244\n"}
,{"stream_name":"stdout","time":2103.442307212,"data":"SECONDARY_EDGE_TTA_ACTIVE views= 8 weight= 0.75 mean_abs_feat_delta= 0.251585\n"}
,{"stream_name":"stdout","time":2103.645192279,"data":"SECONDARY_EDGE_TTA_ACTIVE views= 8 weight= 0.75 mean_abs_feat_delta= 0.251585\n"}
,{"stream_name":"stdout","time":2104.543335571,"data":"EDGE_TTA_ACTIVE views= 8 mean_abs_feat_delta= 0.312161\n"}
,{"stream_name":"stdout","time":2104.746151021,"data":"EDGE_TTA_ACTIVE views= 8 mean_abs_feat_delta= 0.312161\n"}
,{"stream_name":"stdout","time":2105.545678478,"data":"SECONDARY_EDGE_TTA_ACTIVE views= 8 weight= 0.75 mean_abs_feat_delta= 0.254847\n"}
,{"stream_name":"stdout","time":2105.748418301,"data":"SECONDARY_EDGE_TTA_ACTIVE views= 8 weight= 0.75 mean_abs_feat_delta= 0.254847\n"}
,{"stream_name":"stdout","time":2106.630645846,"data":"EDGE_TTA_ACTIVE views= 8 mean_abs_feat_delta= 0.311033\n"}
,{"stream_name":"stdout","time":2106.833129947,"data":"EDGE_TTA_ACTIVE views= 8 mean_abs_feat_delta= 0.311033\n"}
,{"stream_name":"stdout","time":2107.6337656,"data":"SECONDARY_EDGE_TTA_ACTIVE views= 8 weight= 0.75 mean_abs_feat_delta= 0.254101\n"}
,{"stream_name":"stdout","time":2107.836392826,"data":"SECONDARY_EDGE_TTA_ACTIVE views= 8 weight= 0.75 mean_abs_feat_delta= 0.254101\n"}
,{"stream_name":"stdout","time":2108.736740403,"data":"EDGE_TTA_ACTIVE views= 8 mean_abs_feat_delta= 0.322725\n"}
,{"stream_name":"stdout","time":2108.939382353,"data":"EDGE_TTA_ACTIVE views= 8 mean_abs_feat_delta= 0.322725\n"}
,{"stream_name":"stdout","time":2109.740321854,"data":"SECONDARY_EDGE_TTA_ACTIVE views= 8 weight= 0.75 mean_abs_feat_delta= 0.254681\n"}
,{"stream_name":"stdout","time":2109.943398594,"data":"SECONDARY_EDGE_TTA_ACTIVE views= 8 weight= 0.75 mean_abs_feat_delta= 0.254681\n"}
,{"stream_name":"stdout","time":2110.825445503,"data":"EDGE_TTA_ACTIVE views= 8 mean_abs_feat_delta= 0.325293\n"}
,{"stream_name":"stdout","time":2111.109631898,"data":"EDGE_TTA_ACTIVE views= 8 mean_abs_feat_delta= 0.325293\n"}
,{"stream_name":"stdout","time":2111.826985934,"data":"SECONDARY_EDGE_TTA_ACTIVE views= 8 weight= 0.75 mean_abs_feat_delta= 0.264267\n"}
,{"stream_name":"stdout","time":2112.029790919,"data":"SECONDARY_EDGE_TTA_ACTIVE views= 8 weight= 0.75 mean_abs_feat_delta= 0.264267\n"}
,{"stream_name":"stdout","time":2112.910198322,"data":"EDGE_TTA_ACTIVE views= 8 mean_abs_feat_delta= 0.323346\n"}
,{"stream_name":"stdout","time":2113.112760034,"data":"EDGE_TTA_ACTIVE views= 8 mean_abs_feat_delta= 0.323346\n"}
,{"stream_name":"stdout","time":2113.868479035,"data":"EDGE_TTA_ACTIVE views= 8 mean_abs_feat_delta= 0.354264\n"}
,{"stream_name":"stdout","time":2113.906229165,"data":"SECONDARY_EDGE_TTA_ACTIVE views= 8 weight= 0.75 mean_abs_feat_delta= 0.263395\n"}
,{"stream_name":"stdout","time":2114.071026011,"data":"EDGE_TTA_ACTIVE views= 8 mean_abs_feat_delta= 0.354264\n"}
,{"stream_name":"stdout","time":2114.07106075,"data":"SECONDARY_EDGE_TTA_ACTIVE views= 8 weight= 0.75 mean_abs_feat_delta= 0.263395\n"}
,{"stream_name":"stdout","time":2114.782530033,"data":"SECONDARY_EDGE_TTA_ACTIVE views= 8 weight= 0.75 mean_abs_feat_delta= 0.316074\n"}
,{"stream_name":"stdout","time":2114.785899789,"data":"BIOHUB_RETENTION_GUARD {\"blended_candidates\": 460, \"dataset\": \"44b6_2a2eff9f\", \"frame\": 0, \"minimum_retention\": 0.9, \"primary_candidates\": 559, \"retention\": 0.8228980322003577, \"use_primary\": true}\n"}
,{"stream_name":"stdout","time":2114.787205198,"data":"BIOHUB_RETENTION_GUARD {\"blended_candidates\": 460, \"dataset\": \"44b6_2a2eff9f\", \"frame\": 1, \"minimum_retention\": 0.9, \"primary_candidates\": 536, \"retention\": 0.8582089552238806, \"use_primary\": true}\n"}
,{"stream_name":"stdout","time":2114.976133786,"data":"EDGE_TTA_ACTIVE views= 8 mean_abs_feat_delta= 0.325491\n"}
,{"stream_name":"stdout","time":2114.985066996,"data":"SECONDARY_EDGE_TTA_ACTIVE views= 8 weight= 0.75 mean_abs_feat_delta= 0.316074\n"}
,{"stream_name":"stdout","time":2114.985112201,"data":"BIOHUB_RETENTION_GUARD {\"blended_candidates\": 460, \"dataset\": \"44b6_2a2eff9f\", \"frame\": 0, \"minimum_retention\": 0.9, \"primary_candidates\": 559, \"retention\": 0.8228980322003577, \"use_primary\": true}\n"}
,{"stream_name":"stdout","time":2114.985120049,"data":"BIOHUB_RETENTION_GUARD {\"blended_candidates\": 460, \"dataset\": \"44b6_2a2eff9f\", \"frame\": 1, \"minimum_retention\": 0.9, \"primary_candidates\": 536, \"retention\": 0.8582089552238806, \"use_primary\": true}\n"}
,{"stream_name":"stdout","time":2114.985125186,"data":"EDGE_TTA_ACTIVE views= 8 mean_abs_feat_delta= 0.325491\n"}
,{"stream_name":"stdout","time":2115.922300685,"data":"EDGE_TTA_ACTIVE views= 8 mean_abs_feat_delta= 0.353629\n"}
,{"stream_name":"stdout","time":2115.968811152,"data":"SECONDARY_EDGE_TTA_ACTIVE views= 8 weight= 0.75 mean_abs_feat_delta= 0.261321\n"}
,{"stream_name":"stdout","time":2116.124964927,"data":"EDGE_TTA_ACTIVE views= 8 mean_abs_feat_delta= 0.353629\n"}
,{"stream_name":"stdout","time":2116.125038852,"data":"SECONDARY_EDGE_TTA_ACTIVE views= 8 weight= 0.75 mean_abs_feat_delta= 0.261321\n"}
,{"stream_name":"stdout","time":2116.836101302,"data":"SECONDARY_EDGE_TTA_ACTIVE views= 8 weight= 0.75 mean_abs_feat_delta= 0.31712\n"}
,{"stream_name":"stdout","time":2116.840311572,"data":"BIOHUB_RETENTION_GUARD {\"blended_candidates\": 448, \"dataset\": \"44b6_2a2eff9f\", \"frame\": 2, \"minimum_retention\": 0.9, \"primary_candidates\": 529, \"retention\": 0.8468809073724007, \"use_primary\": true}\n"}
,{"stream_name":"stdout","time":2117.038741874,"data":"SECONDARY_EDGE_TTA_ACTIVE views= 8 weight= 0.75 mean_abs_feat_delta= 0.31712\n"}
,{"stream_name":"stdout","time":2117.038807325,"data":"BIOHUB_RETENTION_GUARD {\"blended_candidates\": 448, \"dataset\": \"44b6_2a2eff9f\", \"frame\": 2, \"minimum_retention\": 0.9, \"primary_candidates\": 529, \"retention\": 0.8468809073724007, \"use_primary\": true}\n"}
,{"stream_name":"stdout","time":2117.066218188,"data":"EDGE_TTA_ACTIVE views= 8 mean_abs_feat_delta= 0.330746\n"}
,{"stream_name":"stdout","time":2117.268695725,"data":"EDGE_TTA_ACTIVE views= 8 mean_abs_feat_delta= 0.330746\n"}
,{"stream_name":"stdout","time":2117.933828602,"data":"EDGE_TTA_ACTIVE views= 8 mean_abs_feat_delta= 0.354199\n"}
,{"stream_name":"stdout","time":2118.055075949,"data":"SECONDARY_EDGE_TTA_ACTIVE views= 8 weight= 0.75 mean_abs_feat_delta= 0.265991\n"}
,{"stream_name":"stdout","time":2118.13624573,"data":"EDGE_TTA_ACTIVE views= 8 mean_abs_feat_delta= 0.354199\n"}
,{"stream_name":"stdout","time":2118.136275703,"data":"SECONDARY_EDGE_TTA_ACTIVE views= 8 weight= 0.75 mean_abs_feat_delta= 0.265991\n"}
,{"stream_name":"stdout","time":2118.849890726,"data":"SECONDARY_EDGE_TTA_ACTIVE views= 8 weight= 0.75 mean_abs_feat_delta= 0.31716\n"}
,{"stream_name":"stdout","time":2118.853969437,"data":"BIOHUB_RETENTION_GUARD {\"blended_candidates\": 428, \"dataset\": \"44b6_2a2eff9f\", \"frame\": 3, \"minimum_retention\": 0.9, \"primary_candidates\": 515, \"retention\": 0.8310679611650486, \"use_primary\": true}\n"}
,{"stream_name":"stdout","time":2119.052134892,"data":"SECONDARY_EDGE_TTA_ACTIVE views= 8 weight= 0.75 mean_abs_feat_delta= 0.31716\n"}
,{"stream_name":"stdout","time":2119.052174735,"data":"BIOHUB_RETENTION_GUARD {\"blended_candidates\": 428, \"dataset\": \"44b6_2a2eff9f\", \"frame\": 3, \"minimum_retention\": 0.9, \"primary_candidates\": 515, \"retention\": 0.8310679611650486, \"use_primary\": true}\n"}
,{"stream_name":"stdout","time":2119.109922917,"data":"EDGE_TTA_ACTIVE views= 8 mean_abs_feat_delta= 0.322777\n"}
,{"stream_name":"stdout","time":2119.312923527,"data":"EDGE_TTA_ACTIVE views= 8 mean_abs_feat_delta= 0.322777\n"}
,{"stream_name":"stdout","time":2119.962073426,"data":"EDGE_TTA_ACTIVE views= 8 mean_abs_feat_delta= 0.351342\n"}
,{"stream_name":"stdout","time":2120.0948771,"data":"SECONDARY_EDGE_TTA_ACTIVE views= 8 weight= 0.75 mean_abs_feat_delta= 0.269935\n"}
,{"stream_name":"stdout","time":2120.164187888,"data":"EDGE_TTA_ACTIVE views= 8 mean_abs_feat_delta= 0.351342\n"}
,{"stream_name":"stdout","time":2120.164215279,"data":"SECONDARY_EDGE_TTA_ACTIVE views= 8 weight= 0.75 mean_abs_feat_delta= 0.269935\n"}
,{"stream_name":"stdout","time":2120.883567493,"data":"SECONDARY_EDGE_TTA_ACTIVE views= 8 weight= 0.75 mean_abs_feat_delta= 0.31653\n"}
,{"stream_name":"stdout","time":2120.887989557,"data":"BIOHUB_RETENTION_GUARD {\"blended_candidates\": 456, \"dataset\": \"44b6_2a2eff9f\", \"frame\": 4, \"minimum_retention\": 0.9, \"primary_candidates\": 542, \"retention\": 0.8413284132841329, \"use_primary\": true}\n"}
,{"stream_name":"stdout","time":2121.085604379,"data":"SECONDARY_EDGE_TTA_ACTIVE views= 8 weight= 0.75 mean_abs_feat_delta= 0.31653\n"}
,{"stream_name":"stdout","time":2121.08564576,"data":"BIOHUB_RETENTION_GUARD {\"blended_candidates\": 456, \"dataset\": \"44b6_2a2eff9f\", \"frame\": 4, \"minimum_retention\": 0.9, \"primary_candidates\": 542, \"retention\": 0.8413284132841329, \"use_primary\": true}\n"}
,{"stream_name":"stdout","time":2121.193569439,"data":"EDGE_TTA_ACTIVE views= 8 mean_abs_feat_delta= 0.325178\n"}
,{"stream_name":"stdout","time":2121.39571401,"data":"EDGE_TTA_ACTIVE views= 8 mean_abs_feat_delta= 0.325178\n"}
,{"stream_name":"stdout","time":2122.079455969,"data":"EDGE_TTA_ACTIVE views= 8 mean_abs_feat_delta= 0.353535\n"}
,{"stream_name":"stdout","time":2122.168803546,"data":"SECONDARY_EDGE_TTA_ACTIVE views= 8 weight= 0.75 mean_abs_feat_delta= 0.267969\n"}
,{"stream_name":"stdout","time":2122.282356134,"data":"EDGE_TTA_ACTIVE views= 8 mean_abs_feat_delta= 0.353535\n"}
,{"stream_name":"stdout","time":2122.282391809,"data":"SECONDARY_EDGE_TTA_ACTIVE views= 8 weight= 0.75 mean_abs_feat_delta= 0.267969\n"}
,{"stream_name":"stdout","time":2123.004675417,"data":"SECONDARY_EDGE_TTA_ACTIVE views= 8 weight= 0.75 mean_abs_feat_delta= 0.316364\n"}
,{"stream_name":"stdout","time":2123.00884291,"data":"BIOHUB_RETENTION_GUARD {\"blended_candidates\": 451, \"dataset\": \"44b6_2a2eff9f\", \"frame\": 5, \"minimum_retention\": 0.9, \"primary_candidates\": 542, \"retention\": 0.8321033210332104, \"use_primary\": true}\n"}
,{"stream_name":"stdout","time":2123.207274215,"data":"SECONDARY_EDGE_TTA_ACTIVE views= 8 weight= 0.75 mean_abs_feat_delta= 0.316364\n"}
,{"stream_name":"stdout","time":2123.207369677,"data":"BIOHUB_RETENTION_GUARD {\"blended_candidates\": 451, \"dataset\": \"44b6_2a2eff9f\", \"frame\": 5, \"minimum_retention\": 0.9, \"primary_candidates\": 542, \"retention\": 0.8321033210332104, \"use_primary\": true}\n"}
,{"stream_name":"stdout","time":2123.221053301,"data":"EDGE_TTA_ACTIVE views= 8 mean_abs_feat_delta= 0.329767\n"}
,{"stream_name":"stdout","time":2123.42358019,"data":"EDGE_TTA_ACTIVE views= 8 mean_abs_feat_delta= 0.329767\n"}
,{"stream_name":"stdout","time":2124.123644386,"data":"EDGE_TTA_ACTIVE views= 8 mean_abs_feat_delta= 0.355109\n"}
,{"stream_name":"stdout","time":2124.193612161,"data":"SECONDARY_EDGE_TTA_ACTIVE views= 8 weight= 0.75 mean_abs_feat_delta= 0.266969\n"}
,{"stream_name":"stdout","time":2124.326205082,"data":"EDGE_TTA_ACTIVE views= 8 mean_abs_feat_delta= 0.355109\n"}
,{"stream_name":"stdout","time":2124.326239579,"data":"SECONDARY_EDGE_TTA_ACTIVE views= 8 weight= 0.75 mean_abs_feat_delta= 0.266969\n"}
,{"stream_name":"stdout","time":2125.045596551,"data":"SECONDARY_EDGE_TTA_ACTIVE views= 8 weight= 0.75 mean_abs_feat_delta= 0.317147\n"}
,{"stream_name":"stdout","time":2125.049549676,"data":"BIOHUB_RETENTION_GUARD {\"blended_candidates\": 449, \"dataset\": \"44b6_2a2eff9f\", \"frame\": 6, \"minimum_retention\": 0.9, \"primary_candidates\": 544, \"retention\": 0.8253676470588235, \"use_primary\": true}\n"}
,{"stream_name":"stdout","time":2125.247814471,"data":"SECONDARY_EDGE_TTA_ACTIVE views= 8 weight= 0.75 mean_abs_feat_delta= 0.317147\n"}
,{"stream_name":"stdout","time":2125.2478532,"data":"BIOHUB_RETENTION_GUARD {\"blended_candidates\": 449, \"dataset\": \"44b6_2a2eff9f\", \"frame\": 6, \"minimum_retention\": 0.9, \"primary_candidates\": 544, \"retention\": 0.8253676470588235, \"use_primary\": true}\n"}
,{"stream_name":"stdout","time":2125.264395786,"data":"EDGE_TTA_ACTIVE views= 8 mean_abs_feat_delta= 0.326202\n"}
,{"stream_name":"stdout","time":2125.467169342,"data":"EDGE_TTA_ACTIVE views= 8 mean_abs_feat_delta= 0.326202\n"}
,{"stream_name":"stdout","time":2126.224331134,"data":"EDGE_TTA_ACTIVE views= 8 mean_abs_feat_delta= 0.359732\n"}
,{"stream_name":"stdout","time":2126.236458728,"data":"SECONDARY_EDGE_TTA_ACTIVE views= 8 weight= 0.75 mean_abs_feat_delta= 0.26568\n"}
,{"stream_name":"stdout","time":2126.426793966,"data":"EDGE_TTA_ACTIVE views= 8 mean_abs_feat_delta= 0.359732\n"}
,{"stream_name":"stdout","time":2126.426855888,"data":"SECONDARY_EDGE_TTA_ACTIVE views= 8 weight= 0.75 mean_abs_feat_delta= 0.26568\n"}
,{"stream_name":"stdout","time":2127.147652954,"data":"SECONDARY_EDGE_TTA_ACTIVE views= 8 weight= 0.75 mean_abs_feat_delta= 0.314941\n"}
,{"stream_name":"stdout","time":2127.151946022,"data":"BIOHUB_RETENTION_GUARD {\"blended_candidates\": 419, \"dataset\": \"44b6_2a2eff9f\", \"frame\": 7, \"minimum_retention\": 0.9, \"primary_candidates\": 531, \"retention\": 0.7890772128060264, \"use_primary\": true}\n"}
,{"stream_name":"stdout","time":2127.287514407,"data":"EDGE_TTA_ACTIVE views= 8 mean_abs_feat_delta= 0.317502\n"}
,{"stream_name":"stdout","time":2127.350443512,"data":"SECONDARY_EDGE_TTA_ACTIVE views= 8 weight= 0.75 mean_abs_feat_delta= 0.314941\n"}
,{"stream_name":"stdout","time":2127.350511888,"data":"BIOHUB_RETENTION_GUARD {\"blended_candidates\": 419, \"dataset\": \"44b6_2a2eff9f\", \"frame\": 7, \"minimum_retention\": 0.9, \"primary_candidates\": 531, \"retention\": 0.7890772128060264, \"use_primary\": true}\n"}
,{"stream_name":"stdout","time":2127.350550741,"data":"EDGE_TTA_ACTIVE views= 8 mean_abs_feat_delta= 0.317502\n"}
,{"stream_name":"stdout","time":2128.260169309,"data":"SECONDARY_EDGE_TTA_ACTIVE views= 8 weight= 0.75 mean_abs_feat_delta= 0.259521\n"}
,{"stream_name":"stdout","time":2128.328260797,"data":"EDGE_TTA_ACTIVE views= 8 mean_abs_feat_delta= 0.367188\n"}
,{"stream_name":"stdout","time":2128.46281128,"data":"SECONDARY_EDGE_TTA_ACTIVE views= 8 weight= 0.75 mean_abs_feat_delta= 0.259521\n"}
,{"stream_name":"stdout","time":2128.462845436,"data":"EDGE_TTA_ACTIVE views= 8 mean_abs_feat_delta= 0.367188\n"}
,{"stream_name":"stdout","time":2129.253332959,"data":"SECONDARY_EDGE_TTA_ACTIVE views= 8 weight= 0.75 mean_abs_feat_delta= 0.315928\n"}
,{"stream_name":"stdout","time":2129.257675722,"data":"BIOHUB_RETENTION_GUARD {\"blended_candidates\": 426, \"dataset\": \"44b6_2a2eff9f\", \"frame\": 8, \"minimum_retention\": 0.9, \"primary_candidates\": 524, \"retention\": 0.8129770992366412, \"use_primary\": true}\n"}
,{"stream_name":"stdout","time":2129.333001455,"data":"EDGE_TTA_ACTIVE views= 8 mean_abs_feat_delta= 0.323159\n"}
,{"stream_name":"stdout","time":2129.455596154,"data":"SECONDARY_EDGE_TTA_ACTIVE views= 8 weight= 0.75 mean_abs_feat_delta= 0.315928\n"}
,{"stream_name":"stdout","time":2129.455677943,"data":"BIOHUB_RETENTION_GUARD {\"blended_candidates\": 426, \"dataset\": \"44b6_2a2eff9f\", \"frame\": 8, \"minimum_retention\": 0.9, \"primary_candidates\": 524, \"retention\": 0.8129770992366412, \"use_primary\": true}\n"}
,{"stream_name":"stdout","time":2129.455686544,"data":"EDGE_TTA_ACTIVE views= 8 mean_abs_feat_delta= 0.323159\n"}
,{"stream_name":"stdout","time":2130.30557912,"data":"SECONDARY_EDGE_TTA_ACTIVE views= 8 weight= 0.75 mean_abs_feat_delta= 0.261188\n"}
,{"stream_name":"stdout","time":2130.376299622,"data":"EDGE_TTA_ACTIVE views= 8 mean_abs_feat_delta= 0.367144\n"}
,{"stream_name":"stdout","time":2130.508188116,"data":"SECONDARY_EDGE_TTA_ACTIVE views= 8 weight= 0.75 mean_abs_feat_delta= 0.261188\n"}
,{"stream_name":"stdout","time":2130.508228041,"data":"EDGE_TTA_ACTIVE views= 8 mean_abs_feat_delta= 0.367144\n"}
,{"stream_name":"stdout","time":2131.302149363,"data":"SECONDARY_EDGE_TTA_ACTIVE views= 8 weight= 0.75 mean_abs_feat_delta= 0.318801\n"}
,{"stream_name":"stdout","time":2131.306197712,"data":"BIOHUB_RETENTION_GUARD {\"blended_candidates\": 432, \"dataset\": \"44b6_2a2eff9f\", \"frame\": 9, \"minimum_retention\": 0.9, \"primary_candidates\": 530, \"retention\": 0.8150943396226416, \"use_primary\": true}\n"}
,{"stream_name":"stdout","time":2131.356425658,"data":"EDGE_TTA_ACTIVE views= 8 mean_abs_feat_delta= 0.330965\n"}
,{"stream_name":"stdout","time":2131.504601062,"data":"SECONDARY_EDGE_TTA_ACTIVE views= 8 weight= 0.75 mean_abs_feat_delta= 0.318801\n"}
,{"stream_name":"stdout","time":2131.504636927,"data":"BIOHUB_RETENTION_GUARD {\"blended_candidates\": 432, \"dataset\": \"44b6_2a2eff9f\", \"frame\": 9, \"minimum_retention\": 0.9, \"primary_candidates\": 530, \"retention\": 0.8150943396226416, \"use_primary\": true}\n"}
,{"stream_name":"stdout","time":2131.504644625,"data":"EDGE_TTA_ACTIVE views= 8 mean_abs_feat_delta= 0.330965\n"}
,{"stream_name":"stdout","time":2132.32776712,"data":"SECONDARY_EDGE_TTA_ACTIVE views= 8 weight= 0.75 mean_abs_feat_delta= 0.263495\n"}
,{"stream_name":"stdout","time":2132.439362567,"data":"EDGE_TTA_ACTIVE views= 8 mean_abs_feat_delta= 0.36704\n"}
,{"stream_name":"stdout","time":2132.52997907,"data":"SECONDARY_EDGE_TTA_ACTIVE views= 8 weight= 0.75 mean_abs_feat_delta= 0.263495\n"}
,{"stream_name":"stdout","time":2132.530015225,"data":"EDGE_TTA_ACTIVE views= 8 mean_abs_feat_delta= 0.36704\n"}
,{"stream_name":"stdout","time":2133.36436376,"data":"SECONDARY_EDGE_TTA_ACTIVE views= 8 weight= 0.75 mean_abs_feat_delta= 0.315955\n"}
,{"stream_name":"stdout","time":2133.369121971,"data":"BIOHUB_RETENTION_GUARD {\"blended_candidates\": 412, \"dataset\": \"44b6_2a2eff9f\", \"frame\": 10, \"minimum_retention\": 0.9, \"primary_candidates\": 516, \"retention\": 0.7984496124031008, \"use_primary\": true}\n"}
,{"stream_name":"stdout","time":2133.418313804,"data":"EDGE_TTA_ACTIVE views= 8 mean_abs_feat_delta= 0.32822\n"}
,{"stream_name":"stdout","time":2133.566878136,"data":"SECONDARY_EDGE_TTA_ACTIVE views= 8 weight= 0.75 mean_abs_feat_delta= 0.315955\n"}
,{"stream_name":"stdout","time":2133.566960283,"data":"BIOHUB_RETENTION_GUARD {\"blended_candidates\": 412, \"dataset\": \"44b6_2a2eff9f\", \"frame\": 10, \"minimum_retention\": 0.9, \"primary_candidates\": 516, \"retention\": 0.7984496124031008, \"use_primary\": true}\n"}
,{"stream_name":"stdout","time":2133.566968152,"data":"EDGE_TTA_ACTIVE views= 8 mean_abs_feat_delta= 0.32822\n"}
,{"stream_name":"stdout","time":2134.386721421,"data":"SECONDARY_EDGE_TTA_ACTIVE views= 8 weight= 0.75 mean_abs_feat_delta= 0.261978\n"}
,{"stream_name":"stdout","time":2134.390938532,"data":"BIOHUB_RETENTION_GUARD {\"blended_candidates\": 93, \"dataset\": \"44b6_341df25f\", \"frame\": 27, \"minimum_retention\": 0.9, \"primary_candidates\": 104, \"retention\": 0.8942307692307693, \"use_primary\": true}\n"}
,{"stream_name":"stdout","time":2134.491479192,"data":"EDGE_TTA_ACTIVE views= 8 mean_abs_feat_delta= 0.361712\n"}
,{"stream_name":"stdout","time":2134.589678173,"data":"SECONDARY_EDGE_TTA_ACTIVE views= 8 weight= 0.75 mean_abs_feat_delta= 0.261978\n"}
,{"stream_name":"stdout","time":2134.589714604,"data":"BIOHUB_RETENTION_GUARD {\"blended_candidates\": 93, \"dataset\": \"44b6_341df25f\", \"frame\": 27, \"minimum_retention\": 0.9, \"primary_candidates\": 104, \"retention\": 0.8942307692307693, \"use_primary\": true}\n"}
,{"stream_name":"stdout","time":2134.589731358,"data":"EDGE_TTA_ACTIVE views= 8 mean_abs_feat_delta= 0.361712\n"}
,{"stream_name":"stdout","time":2135.418314487,"data":"SECONDARY_EDGE_TTA_ACTIVE views= 8 weight= 0.75 mean_abs_feat_delta= 0.314358\n"}
,{"stream_name":"stdout","time":2135.422393211,"data":"BIOHUB_RETENTION_GUARD {\"blended_candidates\": 456, \"dataset\": \"44b6_2a2eff9f\", \"frame\": 11, \"minimum_retention\": 0.9, \"primary_candidates\": 534, \"retention\": 0.8539325842696629, \"use_primary\": true}\n"}
,{"stream_name":"stdout","time":2135.427928286,"data":"EDGE_TTA_ACTIVE views= 8 mean_abs_feat_delta= 0.333586\n"}
,{"stream_name":"stdout","time":2135.620577882,"data":"SECONDARY_EDGE_TTA_ACTIVE views= 8 weight= 0.75 mean_abs_feat_delta= 0.314358\n"}
,{"stream_name":"stdout","time":2135.620613129,"data":"BIOHUB_RETENTION_GUARD {\"blended_candidates\": 456, \"dataset\": \"44b6_2a2eff9f\", \"frame\": 11, \"minimum_retention\": 0.9, \"primary_candidates\": 534, \"retention\": 0.8539325842696629, \"use_primary\": true}\n"}
,{"stream_name":"stdout","time":2135.62062011,"data":"EDGE_TTA_ACTIVE views= 8 mean_abs_feat_delta= 0.333586\n"}
,{"stream_name":"stdout","time":2136.394513848,"data":"SECONDARY_EDGE_TTA_ACTIVE views= 8 weight= 0.75 mean_abs_feat_delta= 0.264674\n"}
,{"stream_name":"stdout","time":2136.571090436,"data":"EDGE_TTA_ACTIVE views= 8 mean_abs_feat_delta= 0.36232\n"}
,{"stream_name":"stdout","time":2136.597238234,"data":"SECONDARY_EDGE_TTA_ACTIVE views= 8 weight= 0.75 mean_abs_feat_delta= 0.264674\n"}
,{"stream_name":"stdout","time":2136.597266649,"data":"EDGE_TTA_ACTIVE views= 8 mean_abs_feat_delta= 0.36232\n"}
,{"stream_name":"stdout","time":2137.473355137,"data":"EDGE_TTA_ACTIVE views= 8 mean_abs_feat_delta= 0.335857\n"}
,{"stream_name":"stdout","time":2137.503055431,"data":"SECONDARY_EDGE_TTA_ACTIVE views= 8 weight= 0.75 mean_abs_feat_delta= 0.319932\n"}
,{"stream_name":"stdout","time":2137.507114662,"data":"BIOHUB_RETENTION_GUARD {\"blended_candidates\": 425, \"dataset\": \"44b6_2a2eff9f\", \"frame\": 12, \"minimum_retention\": 0.9, \"primary_candidates\": 508, \"retention\": 0.8366141732283464, \"use_primary\": true}\n"}
,{"stream_name":"stdout","time":2137.675846953,"data":"EDGE_TTA_ACTIVE views= 8 mean_abs_feat_delta= 0.335857\n"}
,{"stream_name":"stdout","time":2137.675882944,"data":"SECONDARY_EDGE_TTA_ACTIVE views= 8 weight= 0.75 mean_abs_feat_delta= 0.319932\n"}
,{"stream_name":"stdout","time":2137.675888664,"data":"BIOHUB_RETENTION_GUARD {\"blended_candidates\": 425, \"dataset\": \"44b6_2a2eff9f\", \"frame\": 12, \"minimum_retention\": 0.9, \"primary_candidates\": 508, \"retention\": 0.8366141732283464, \"use_primary\": true}\n"}
,{"stream_name":"stdout","time":2138.43371948,"data":"SECONDARY_EDGE_TTA_ACTIVE views= 8 weight= 0.75 mean_abs_feat_delta= 0.266123\n"}
,{"stream_name":"stdout","time":2138.615431417,"data":"EDGE_TTA_ACTIVE views= 8 mean_abs_feat_delta= 0.361858\n"}
,{"stream_name":"stdout","time":2138.636332352,"data":"SECONDARY_EDGE_TTA_ACTIVE views= 8 weight= 0.75 mean_abs_feat_delta= 0.266123\n"}
,{"stream_name":"stdout","time":2138.636354412,"data":"EDGE_TTA_ACTIVE views= 8 mean_abs_feat_delta= 0.361858\n"}
,{"stream_name":"stdout","time":2139.486066615,"data":"EDGE_TTA_ACTIVE views= 8 mean_abs_feat_delta= 0.332258\n"}
,{"stream_name":"stdout","time":2139.548104868,"data":"SECONDARY_EDGE_TTA_ACTIVE views= 8 weight= 0.75 mean_abs_feat_delta= 0.31824\n"}
,{"stream_name":"stdout","time":2139.552616974,"data":"BIOHUB_RETENTION_GUARD {\"blended_candidates\": 407, \"dataset\": \"44b6_2a2eff9f\", \"frame\": 13, \"minimum_retention\": 0.9, \"primary_candidates\": 504, \"retention\": 0.8075396825396826, \"use_primary\": true}\n"}
,{"stream_name":"stdout","time":2139.688255341,"data":"EDGE_TTA_ACTIVE views= 8 mean_abs_feat_delta= 0.332258\n"}
,{"stream_name":"stdout","time":2139.688294419,"data":"SECONDARY_EDGE_TTA_ACTIVE views= 8 weight= 0.75 mean_abs_feat_delta= 0.31824\n"}
,{"stream_name":"stdout","time":2139.688301417,"data":"BIOHUB_RETENTION_GUARD {\"blended_candidates\": 407, \"dataset\": \"44b6_2a2eff9f\", \"frame\": 13, \"minimum_retention\": 0.9, \"primary_candidates\": 504, \"retention\": 0.8075396825396826, \"use_primary\": true}\n"}
,{"stream_name":"stdout","time":2140.447652539,"data":"SECONDARY_EDGE_TTA_ACTIVE views= 8 weight= 0.75 mean_abs_feat_delta= 0.26614\n"}
,{"stream_name":"stdout","time":2140.650340786,"data":"SECONDARY_EDGE_TTA_ACTIVE views= 8 weight= 0.75 mean_abs_feat_delta= 0.26614\n"}
,{"stream_name":"stdout","time":2140.719529177,"data":"EDGE_TTA_ACTIVE views= 8 mean_abs_feat_delta= 0.358521\n"}
,{"stream_name":"stdout","time":2140.922011257,"data":"EDGE_TTA_ACTIVE views= 8 mean_abs_feat_delta= 0.358521\n"}
,{"stream_name":"stdout","time":2141.526474291,"data":"EDGE_TTA_ACTIVE views= 8 mean_abs_feat_delta= 0.331192\n"}
,{"stream_name":"stdout","time":2141.654682223,"data":"SECONDARY_EDGE_TTA_ACTIVE views= 8 weight= 0.75 mean_abs_feat_delta= 0.320361\n"}
,{"stream_name":"stdout","time":2141.658965619,"data":"BIOHUB_RETENTION_GUARD {\"blended_candidates\": 403, \"dataset\": \"44b6_2a2eff9f\", \"frame\": 14, \"minimum_retention\": 0.9, \"primary_candidates\": 499, \"retention\": 0.8076152304609219, \"use_primary\": true}\n"}
,{"stream_name":"stdout","time":2141.80850358,"data":"EDGE_TTA_ACTIVE views= 8 mean_abs_feat_delta= 0.331192\n"}
,{"stream_name":"stdout","time":2141.808528554,"data":"SECONDARY_EDGE_TTA_ACTIVE views= 8 weight= 0.75 mean_abs_feat_delta= 0.320361\n"}
,{"stream_name":"stdout","time":2141.808534183,"data":"BIOHUB_RETENTION_GUARD {\"blended_candidates\": 403, \"dataset\": \"44b6_2a2eff9f\", \"frame\": 14, \"minimum_retention\": 0.9, \"primary_candidates\": 499, \"retention\": 0.8076152304609219, \"use_primary\": true}\n"}
,{"stream_name":"stdout","time":2142.483944879,"data":"SECONDARY_EDGE_TTA_ACTIVE views= 8 weight= 0.75 mean_abs_feat_delta= 0.263399\n"}
,{"stream_name":"stdout","time":2142.686744782,"data":"SECONDARY_EDGE_TTA_ACTIVE views= 8 weight= 0.75 mean_abs_feat_delta= 0.263399\n"}
,{"stream_name":"stdout","time":2142.853519599,"data":"EDGE_TTA_ACTIVE views= 8 mean_abs_feat_delta= 0.360482\n"}
,{"stream_name":"stdout","time":2143.056122011,"data":"EDGE_TTA_ACTIVE views= 8 mean_abs_feat_delta= 0.360482\n"}
,{"stream_name":"stdout","time":2143.560365776,"data":"EDGE_TTA_ACTIVE views= 8 mean_abs_feat_delta= 0.331813\n"}
,{"stream_name":"stdout","time":2143.762837872,"data":"EDGE_TTA_ACTIVE views= 8 mean_abs_feat_delta= 0.331813\n"}
,{"stream_name":"stdout","time":2143.78929254,"data":"SECONDARY_EDGE_TTA_ACTIVE views= 8 weight= 0.75 mean_abs_feat_delta= 0.322986\n"}
,{"stream_name":"stdout","time":2143.793460061,"data":"BIOHUB_RETENTION_GUARD {\"blended_candidates\": 388, \"dataset\": \"44b6_2a2eff9f\", \"frame\": 15, \"minimum_retention\": 0.9, \"primary_candidates\": 479, \"retention\": 0.8100208768267223, \"use_primary\": true}\n"}
,{"stream_name":"stdout","time":2143.99180825,"data":"SECONDARY_EDGE_TTA_ACTIVE views= 8 weight= 0.75 mean_abs_feat_delta= 0.322986\n"}
,{"stream_name":"stdout","time":2143.991854733,"data":"BIOHUB_RETENTION_GUARD {\"blended_candidates\": 388, \"dataset\": \"44b6_2a2eff9f\", \"frame\": 15, \"minimum_retention\": 0.9, \"primary_candidates\": 479, \"retention\": 0.8100208768267223, \"use_primary\": true}\n"}
,{"stream_name":"stdout","time":2144.516694111,"data":"SECONDARY_EDGE_TTA_ACTIVE views= 8 weight= 0.75 mean_abs_feat_delta= 0.258884\n"}
,{"stream_name":"stdout","time":2144.719500116,"data":"SECONDARY_EDGE_TTA_ACTIVE views= 8 weight= 0.75 mean_abs_feat_delta= 0.258884\n"}
,{"stream_name":"stdout","time":2144.897496274,"data":"EDGE_TTA_ACTIVE views= 8 mean_abs_feat_delta= 0.362679\n"}
,{"stream_name":"stdout","time":2145.100505857,"data":"EDGE_TTA_ACTIVE views= 8 mean_abs_feat_delta= 0.362679\n"}
,{"stream_name":"stdout","time":2145.588261447,"data":"EDGE_TTA_ACTIVE views= 8 mean_abs_feat_delta= 0.327911\n"}
,{"stream_name":"stdout","time":2145.790778631,"data":"EDGE_TTA_ACTIVE views= 8 mean_abs_feat_delta= 0.327911\n"}
,{"stream_name":"stdout","time":2145.833107419,"data":"SECONDARY_EDGE_TTA_ACTIVE views= 8 weight= 0.75 mean_abs_feat_delta= 0.323504\n"}
,{"stream_name":"stdout","time":2145.83723169,"data":"BIOHUB_RETENTION_GUARD {\"blended_candidates\": 357, \"dataset\": \"44b6_2a2eff9f\", \"frame\": 16, \"minimum_retention\": 0.9, \"primary_candidates\": 478, \"retention\": 0.7468619246861925, \"use_primary\": true}\n"}
,{"stream_name":"stdout","time":2146.035963082,"data":"SECONDARY_EDGE_TTA_ACTIVE views= 8 weight= 0.75 mean_abs_feat_delta= 0.323504\n"}
,{"stream_name":"stdout","time":2146.036001476,"data":"BIOHUB_RETENTION_GUARD {\"blended_candidates\": 357, \"dataset\": \"44b6_2a2eff9f\", \"frame\": 16, \"minimum_retention\": 0.9, \"primary_candidates\": 478, \"retention\": 0.7468619246861925, \"use_primary\": true}\n"}
,{"stream_name":"stdout","time":2146.541267961,"data":"SECONDARY_EDGE_TTA_ACTIVE views= 8 weight= 0.75 mean_abs_feat_delta= 0.259992\n"}
,{"stream_name":"stdout","time":2146.744055739,"data":"SECONDARY_EDGE_TTA_ACTIVE views= 8 weight= 0.75 mean_abs_feat_delta= 0.259992\n"}
,{"stream_name":"stdout","time":2146.937368593,"data":"EDGE_TTA_ACTIVE views= 8 mean_abs_feat_delta= 0.361583\n"}
,{"stream_name":"stdout","time":2147.139900125,"data":"EDGE_TTA_ACTIVE views= 8 mean_abs_feat_delta= 0.361583\n"}
,{"stream_name":"stdout","time":2147.571453691,"data":"EDGE_TTA_ACTIVE views= 8 mean_abs_feat_delta= 0.330714\n"}
,{"stream_name":"stdout","time":2147.774154407,"data":"EDGE_TTA_ACTIVE views= 8 mean_abs_feat_delta= 0.330714\n"}
,{"stream_name":"stdout","time":2147.86165562,"data":"SECONDARY_EDGE_TTA_ACTIVE views= 8 weight= 0.75 mean_abs_feat_delta= 0.321225\n"}
,{"stream_name":"stdout","time":2147.866155698,"data":"BIOHUB_RETENTION_GUARD {\"blended_candidates\": 328, \"dataset\": \"44b6_2a2eff9f\", \"frame\": 17, \"minimum_retention\": 0.9, \"primary_candidates\": 458, \"retention\": 0.7161572052401747, \"use_primary\": true}\n"}
,{"stream_name":"stdout","time":2148.064797404,"data":"SECONDARY_EDGE_TTA_ACTIVE views= 8 weight= 0.75 mean_abs_feat_delta= 0.321225\n"}
,{"stream_name":"stdout","time":2148.064833378,"data":"BIOHUB_RETENTION_GUARD {\"blended_candidates\": 328, \"dataset\": \"44b6_2a2eff9f\", \"frame\": 17, \"minimum_retention\": 0.9, \"primary_candidates\": 458, \"retention\": 0.7161572052401747, \"use_primary\": true}\n"}
,{"stream_name":"stdout","time":2148.528830524,"data":"SECONDARY_EDGE_TTA_ACTIVE views= 8 weight= 0.75 mean_abs_feat_delta= 0.261061\n"}
,{"stream_name":"stdout","time":2148.731550539,"data":"SECONDARY_EDGE_TTA_ACTIVE views= 8 weight= 0.75 mean_abs_feat_delta= 0.261061\n"}
,{"stream_name":"stdout","time":2148.965583439,"data":"EDGE_TTA_ACTIVE views= 8 mean_abs_feat_delta= 0.359303\n"}
,{"stream_name":"stdout","time":2149.16826071,"data":"EDGE_TTA_ACTIVE views= 8 mean_abs_feat_delta= 0.359303\n"}
,{"stream_name":"stdout","time":2149.567498746,"data":"EDGE_TTA_ACTIVE views= 8 mean_abs_feat_delta= 0.32934\n"}
,{"stream_name":"stdout","time":2149.770312412,"data":"EDGE_TTA_ACTIVE views= 8 mean_abs_feat_delta= 0.32934\n"}
,{"stream_name":"stdout","time":2149.900710536,"data":"SECONDARY_EDGE_TTA_ACTIVE views= 8 weight= 0.75 mean_abs_feat_delta= 0.322611\n"}
,{"stream_name":"stdout","time":2149.904961308,"data":"BIOHUB_RETENTION_GUARD {\"blended_candidates\": 408, \"dataset\": \"44b6_2a2eff9f\", \"frame\": 18, \"minimum_retention\": 0.9, \"primary_candidates\": 486, \"retention\": 0.8395061728395061, \"use_primary\": true}\n"}
,{"stream_name":"stdout","time":2150.103686798,"data":"SECONDARY_EDGE_TTA_ACTIVE views= 8 weight= 0.75 mean_abs_feat_delta= 0.322611\n"}
,{"stream_name":"stdout","time":2150.103726308,"data":"BIOHUB_RETENTION_GUARD {\"blended_candidates\": 408, \"dataset\": \"44b6_2a2eff9f\", \"frame\": 18, \"minimum_retention\": 0.9, \"primary_candidates\": 486, \"retention\": 0.8395061728395061, \"use_primary\": true}\n"}
,{"stream_name":"stdout","time":2150.523556336,"data":"SECONDARY_EDGE_TTA_ACTIVE views= 8 weight= 0.75 mean_abs_feat_delta= 0.260977\n"}
,{"stream_name":"stdout","time":2150.726313013,"data":"SECONDARY_EDGE_TTA_ACTIVE views= 8 weight= 0.75 mean_abs_feat_delta= 0.260977\n"}
,{"stream_name":"stdout","time":2151.004089114,"data":"EDGE_TTA_ACTIVE views= 8 mean_abs_feat_delta= 0.357931\n"}
,{"stream_name":"stdout","time":2151.206961672,"data":"EDGE_TTA_ACTIVE views= 8 mean_abs_feat_delta= 0.357931\n"}
,{"stream_name":"stdout","time":2151.565561116,"data":"EDGE_TTA_ACTIVE views= 8 mean_abs_feat_delta= 0.333566\n"}
,{"stream_name":"stdout","time":2151.768144158,"data":"EDGE_TTA_ACTIVE views= 8 mean_abs_feat_delta= 0.333566\n"}
,{"stream_name":"stdout","time":2151.939392197,"data":"SECONDARY_EDGE_TTA_ACTIVE views= 8 weight= 0.75 mean_abs_feat_delta= 0.327667\n"}
,{"stream_name":"stdout","time":2151.943681544,"data":"BIOHUB_RETENTION_GUARD {\"blended_candidates\": 382, \"dataset\": \"44b6_2a2eff9f\", \"frame\": 19, \"minimum_retention\": 0.9, \"primary_candidates\": 474, \"retention\": 0.8059071729957806, \"use_primary\": true}\n"}
,{"stream_name":"stdout","time":2152.142343326,"data":"SECONDARY_EDGE_TTA_ACTIVE views= 8 weight= 0.75 mean_abs_feat_delta= 0.327667\n"}
,{"stream_name":"stdout","time":2152.142380642,"data":"BIOHUB_RETENTION_GUARD {\"blended_candidates\": 382, \"dataset\": \"44b6_2a2eff9f\", \"frame\": 19, \"minimum_retention\": 0.9, \"primary_candidates\": 474, \"retention\": 0.8059071729957806, \"use_primary\": true}\n"}
,{"stream_name":"stdout","time":2152.520554219,"data":"SECONDARY_EDGE_TTA_ACTIVE views= 8 weight= 0.75 mean_abs_feat_delta= 0.25823\n"}
,{"stream_name":"stdout","time":2152.723147732,"data":"SECONDARY_EDGE_TTA_ACTIVE views= 8 weight= 0.75 mean_abs_feat_delta= 0.25823\n"}
,{"stream_name":"stdout","time":2153.047943919,"data":"EDGE_TTA_ACTIVE views= 8 mean_abs_feat_delta= 0.35399\n"}
,{"stream_name":"stdout","time":2153.250491039,"data":"EDGE_TTA_ACTIVE views= 8 mean_abs_feat_delta= 0.35399\n"}
,{"stream_name":"stdout","time":2153.574292886,"data":"EDGE_TTA_ACTIVE views= 8 mean_abs_feat_delta= 0.336507\n"}
,{"stream_name":"stdout","time":2153.777140339,"data":"EDGE_TTA_ACTIVE views= 8 mean_abs_feat_delta= 0.336507\n"}
,{"stream_name":"stdout","time":2153.985796821,"data":"SECONDARY_EDGE_TTA_ACTIVE views= 8 weight= 0.75 mean_abs_feat_delta= 0.323004\n"}
,{"stream_name":"stdout","time":2153.990358835,"data":"BIOHUB_RETENTION_GUARD {\"blended_candidates\": 404, \"dataset\": \"44b6_2a2eff9f\", \"frame\": 20, \"minimum_retention\": 0.9, \"primary_candidates\": 504, \"retention\": 0.8015873015873016, \"use_primary\": true}\n"}
,{"stream_name":"stdout","time":2154.188658047,"data":"SECONDARY_EDGE_TTA_ACTIVE views= 8 weight= 0.75 mean_abs_feat_delta= 0.323004\n"}
,{"stream_name":"stdout","time":2154.188831264,"data":"BIOHUB_RETENTION_GUARD {\"blended_candidates\": 404, \"dataset\": \"44b6_2a2eff9f\", \"frame\": 20, \"minimum_retention\": 0.9, \"primary_candidates\": 504, \"retention\": 0.8015873015873016, \"use_primary\": true}\n"}
,{"stream_name":"stdout","time":2154.529839292,"data":"SECONDARY_EDGE_TTA_ACTIVE views= 8 weight= 0.75 mean_abs_feat_delta= 0.25435\n"}
,{"stream_name":"stdout","time":2154.732468213,"data":"SECONDARY_EDGE_TTA_ACTIVE views= 8 weight= 0.75 mean_abs_feat_delta= 0.25435\n"}
,{"stream_name":"stdout","time":2155.098534138,"data":"EDGE_TTA_ACTIVE views= 8 mean_abs_feat_delta= 0.354644\n"}
,{"stream_name":"stdout","time":2155.301115273,"data":"EDGE_TTA_ACTIVE views= 8 mean_abs_feat_delta= 0.354644\n"}
,{"stream_name":"stdout","time":2155.560805441,"data":"EDGE_TTA_ACTIVE views= 8 mean_abs_feat_delta= 0.3358\n"}
,{"stream_name":"stdout","time":2155.763299843,"data":"EDGE_TTA_ACTIVE views= 8 mean_abs_feat_delta= 0.3358\n"}
,{"stream_name":"stdout","time":2156.038314517,"data":"SECONDARY_EDGE_TTA_ACTIVE views= 8 weight= 0.75 mean_abs_feat_delta= 0.323896\n"}
,{"stream_name":"stdout","time":2156.042412297,"data":"BIOHUB_RETENTION_GUARD {\"blended_candidates\": 413, \"dataset\": \"44b6_2a2eff9f\", \"frame\": 21, \"minimum_retention\": 0.9, \"primary_candidates\": 491, \"retention\": 0.8411405295315683, \"use_primary\": true}\n"}
,{"stream_name":"stdout","time":2156.240787671,"data":"SECONDARY_EDGE_TTA_ACTIVE views= 8 weight= 0.75 mean_abs_feat_delta= 0.323896\n"}
,{"stream_name":"stdout","time":2156.240822385,"data":"BIOHUB_RETENTION_GUARD {\"blended_candidates\": 413, \"dataset\": \"44b6_2a2eff9f\", \"frame\": 21, \"minimum_retention\": 0.9, \"primary_candidates\": 491, \"retention\": 0.8411405295315683, \"use_primary\": true}\n"}
,{"stream_name":"stdout","time":2156.515155465,"data":"SECONDARY_EDGE_TTA_ACTIVE views= 8 weight= 0.75 mean_abs_feat_delta= 0.256804\n"}
,{"stream_name":"stdout","time":2156.717872035,"data":"SECONDARY_EDGE_TTA_ACTIVE views= 8 weight= 0.75 mean_abs_feat_delta= 0.256804\n"}
,{"stream_name":"stdout","time":2157.153058109,"data":"EDGE_TTA_ACTIVE views= 8 mean_abs_feat_delta= 0.354923\n"}
,{"stream_name":"stdout","time":2157.355921192,"data":"EDGE_TTA_ACTIVE views= 8 mean_abs_feat_delta= 0.354923\n"}
,{"stream_name":"stdout","time":2157.544493613,"data":"EDGE_TTA_ACTIVE views= 8 mean_abs_feat_delta= 0.32024\n"}
,{"stream_name":"stdout","time":2157.746875598,"data":"EDGE_TTA_ACTIVE views= 8 mean_abs_feat_delta= 0.32024\n"}
,{"stream_name":"stdout","time":2158.092504434,"data":"SECONDARY_EDGE_TTA_ACTIVE views= 8 weight= 0.75 mean_abs_feat_delta= 0.316583\n"}
,{"stream_name":"stdout","time":2158.096741791,"data":"BIOHUB_RETENTION_GUARD {\"blended_candidates\": 362, \"dataset\": \"44b6_2a2eff9f\", \"frame\": 22, \"minimum_retention\": 0.9, \"primary_candidates\": 470, \"retention\": 0.7702127659574468, \"use_primary\": true}\n"}
,{"stream_name":"stdout","time":2158.294996388,"data":"SECONDARY_EDGE_TTA_ACTIVE views= 8 weight= 0.75 mean_abs_feat_delta= 0.316583\n"}
,{"stream_name":"stdout","time":2158.295028293,"data":"BIOHUB_RETENTION_GUARD {\"blended_candidates\": 362, \"dataset\": \"44b6_2a2eff9f\", \"frame\": 22, \"minimum_retention\": 0.9, \"primary_candidates\": 470, \"retention\": 0.7702127659574468, \"use_primary\": true}\n"}
,{"stream_name":"stdout","time":2158.501976025,"data":"SECONDARY_EDGE_TTA_ACTIVE views= 8 weight= 0.75 mean_abs_feat_delta= 0.264014\n"}
,{"stream_name":"stdout","time":2158.704676871,"data":"SECONDARY_EDGE_TTA_ACTIVE views= 8 weight= 0.75 mean_abs_feat_delta= 0.264014\n"}
,{"stream_name":"stdout","time":2159.230241582,"data":"EDGE_TTA_ACTIVE views= 8 mean_abs_feat_delta= 0.354804\n"}
,{"stream_name":"stdout","time":2159.43296238,"data":"EDGE_TTA_ACTIVE views= 8 mean_abs_feat_delta= 0.354804\n"}
,{"stream_name":"stdout","time":2159.537170937,"data":"EDGE_TTA_ACTIVE views= 8 mean_abs_feat_delta= 0.325944\n"}
,{"stream_name":"stdout","time":2159.739701778,"data":"EDGE_TTA_ACTIVE views= 8 mean_abs_feat_delta= 0.325944\n"}
,{"stream_name":"stdout","time":2160.172603028,"data":"SECONDARY_EDGE_TTA_ACTIVE views= 8 weight= 0.75 mean_abs_feat_delta= 0.316862\n"}
,{"stream_name":"stdout","time":2160.176636386,"data":"BIOHUB_RETENTION_GUARD {\"blended_candidates\": 377, \"dataset\": \"44b6_2a2eff9f\", \"frame\": 23, \"minimum_retention\": 0.9, \"primary_candidates\": 467, \"retention\": 0.8072805139186295, \"use_primary\": true}\n"}
,{"stream_name":"stdout","time":2160.375191638,"data":"SECONDARY_EDGE_TTA_ACTIVE views= 8 weight= 0.75 mean_abs_feat_delta= 0.316862\n"}
,{"stream_name":"stdout","time":2160.375220689,"data":"BIOHUB_RETENTION_GUARD {\"blended_candidates\": 377, \"dataset\": \"44b6_2a2eff9f\", \"frame\": 23, \"minimum_retention\": 0.9, \"primary_candidates\": 467, \"retention\": 0.8072805139186295, \"use_primary\": true}\n"}
,{"stream_name":"stdout","time":2160.495738025,"data":"SECONDARY_EDGE_TTA_ACTIVE views= 8 weight= 0.75 mean_abs_feat_delta= 0.261728\n"}
,{"stream_name":"stdout","time":2160.697869005,"data":"SECONDARY_EDGE_TTA_ACTIVE views= 8 weight= 0.75 mean_abs_feat_delta= 0.261728\n"}
,{"stream_name":"stdout","time":2161.299104967,"data":"EDGE_TTA_ACTIVE views= 8 mean_abs_feat_delta= 0.354254\n"}
,{"stream_name":"stdout","time":2161.501456606,"data":"EDGE_TTA_ACTIVE views= 8 mean_abs_feat_delta= 0.354254\n"}
,{"stream_name":"stdout","time":2161.537832464,"data":"EDGE_TTA_ACTIVE views= 8 mean_abs_feat_delta= 0.328686\n"}
,{"stream_name":"stdout","time":2161.739929414,"data":"EDGE_TTA_ACTIVE views= 8 mean_abs_feat_delta= 0.328686\n"}
,{"stream_name":"stdout","time":2162.241137912,"data":"SECONDARY_EDGE_TTA_ACTIVE views= 8 weight= 0.75 mean_abs_feat_delta= 0.326296\n"}
,{"stream_name":"stdout","time":2162.245453249,"data":"BIOHUB_RETENTION_GUARD {\"blended_candidates\": 378, \"dataset\": \"44b6_2a2eff9f\", \"frame\": 24, \"minimum_retention\": 0.9, \"primary_candidates\": 467, \"retention\": 0.8094218415417559, \"use_primary\": true}\n"}
,{"stream_name":"stdout","time":2162.443814597,"data":"SECONDARY_EDGE_TTA_ACTIVE views= 8 weight= 0.75 mean_abs_feat_delta= 0.326296\n"}
,{"stream_name":"stdout","time":2162.443859174,"data":"BIOHUB_RETENTION_GUARD {\"blended_candidates\": 378, \"dataset\": \"44b6_2a2eff9f\", \"frame\": 24, \"minimum_retention\": 0.9, \"primary_candidates\": 467, \"retention\": 0.8094218415417559, \"use_primary\": true}\n"}
,{"stream_name":"stdout","time":2162.494106622,"data":"SECONDARY_EDGE_TTA_ACTIVE views= 8 weight= 0.75 mean_abs_feat_delta= 0.257823\n"}
,{"stream_name":"stdout","time":2162.696461748,"data":"SECONDARY_EDGE_TTA_ACTIVE views= 8 weight= 0.75 mean_abs_feat_delta= 0.257823\n"}
,{"stream_name":"stdout","time":2163.364970948,"data":"EDGE_TTA_ACTIVE views= 8 mean_abs_feat_delta= 0.361493\n"}
,{"stream_name":"stdout","time":2163.567231794,"data":"EDGE_TTA_ACTIVE views= 8 mean_abs_feat_delta= 0.361493\n"}
,{"stream_name":"stdout","time":2163.638697684,"data":"EDGE_TTA_ACTIVE views= 8 mean_abs_feat_delta= 0.327204\n"}
,{"stream_name":"stdout","time":2163.840698657,"data":"EDGE_TTA_ACTIVE views= 8 mean_abs_feat_delta= 0.327204\n"}
,{"stream_name":"stdout","time":2164.306350853,"data":"SECONDARY_EDGE_TTA_ACTIVE views= 8 weight= 0.75 mean_abs_feat_delta= 0.325891\n"}
,{"stream_name":"stdout","time":2164.310573693,"data":"BIOHUB_RETENTION_GUARD {\"blended_candidates\": 363, \"dataset\": \"44b6_2a2eff9f\", \"frame\": 25, \"minimum_retention\": 0.9, \"primary_candidates\": 449, \"retention\": 0.8084632516703786, \"use_primary\": true}\n"}
,{"stream_name":"stdout","time":2164.508363868,"data":"SECONDARY_EDGE_TTA_ACTIVE views= 8 weight= 0.75 mean_abs_feat_delta= 0.325891\n"}
,{"stream_name":"stdout","time":2164.50839414,"data":"BIOHUB_RETENTION_GUARD {\"blended_candidates\": 363, \"dataset\": \"44b6_2a2eff9f\", \"frame\": 25, \"minimum_retention\": 0.9, \"primary_candidates\": 449, \"retention\": 0.8084632516703786, \"use_primary\": true}\n"}
,{"stream_name":"stdout","time":2164.597796957,"data":"SECONDARY_EDGE_TTA_ACTIVE views= 8 weight= 0.75 mean_abs_feat_delta= 0.260305\n"}
,{"stream_name":"stdout","time":2164.800081466,"data":"SECONDARY_EDGE_TTA_ACTIVE views= 8 weight= 0.75 mean_abs_feat_delta= 0.260305\n"}
,{"stream_name":"stdout","time":2165.492222973,"data":"EDGE_TTA_ACTIVE views= 8 mean_abs_feat_delta= 0.367501\n"}
,{"stream_name":"stdout","time":2165.628022738,"data":"EDGE_TTA_ACTIVE views= 8 mean_abs_feat_delta= 0.333242\n"}
,{"stream_name":"stdout","time":2165.694632149,"data":"EDGE_TTA_ACTIVE views= 8 mean_abs_feat_delta= 0.367501\n"}
,{"stream_name":"stdout","time":2165.694653993,"data":"EDGE_TTA_ACTIVE views= 8 mean_abs_feat_delta= 0.333242\n"}
,{"stream_name":"stdout","time":2166.435302635,"data":"SECONDARY_EDGE_TTA_ACTIVE views= 8 weight= 0.75 mean_abs_feat_delta= 0.322369\n"}
,{"stream_name":"stdout","time":2166.439398793,"data":"BIOHUB_RETENTION_GUARD {\"blended_candidates\": 348, \"dataset\": \"44b6_2a2eff9f\", \"frame\": 26, \"minimum_retention\": 0.9, \"primary_candidates\": 438, \"retention\": 0.7945205479452054, \"use_primary\": true}\n"}
,{"stream_name":"stdout","time":2166.586135199,"data":"SECONDARY_EDGE_TTA_ACTIVE views= 8 weight= 0.75 mean_abs_feat_delta= 0.258707\n"}
,{"stream_name":"stdout","time":2166.637938804,"data":"SECONDARY_EDGE_TTA_ACTIVE views= 8 weight= 0.75 mean_abs_feat_delta= 0.322369\n"}
,{"stream_name":"stdout","time":2166.637965812,"data":"BIOHUB_RETENTION_GUARD {\"blended_candidates\": 348, \"dataset\": \"44b6_2a2eff9f\", \"frame\": 26, \"minimum_retention\": 0.9, \"primary_candidates\": 438, \"retention\": 0.7945205479452054, \"use_primary\": true}\n"}
,{"stream_name":"stdout","time":2166.637971213,"data":"SECONDARY_EDGE_TTA_ACTIVE views= 8 weight= 0.75 mean_abs_feat_delta= 0.258707\n"}
,{"stream_name":"stdout","time":2167.554236135,"data":"EDGE_TTA_ACTIVE views= 8 mean_abs_feat_delta= 0.364694\n"}
,{"stream_name":"stdout","time":2167.61552816,"data":"EDGE_TTA_ACTIVE views= 8 mean_abs_feat_delta= 0.335356\n"}
,{"stream_name":"stdout","time":2167.756539377,"data":"EDGE_TTA_ACTIVE views= 8 mean_abs_feat_delta= 0.364694\n"}
,{"stream_name":"stdout","time":2167.756563406,"data":"EDGE_TTA_ACTIVE views= 8 mean_abs_feat_delta= 0.335356\n"}
,{"stream_name":"stdout","time":2168.497318922,"data":"SECONDARY_EDGE_TTA_ACTIVE views= 8 weight= 0.75 mean_abs_feat_delta= 0.322571\n"}
,{"stream_name":"stdout","time":2168.501496716,"data":"BIOHUB_RETENTION_GUARD {\"blended_candidates\": 357, \"dataset\": \"44b6_2a2eff9f\", \"frame\": 27, \"minimum_retention\": 0.9, \"primary_candidates\": 475, \"retention\": 0.751578947368421, \"use_primary\": true}\n"}
,{"stream_name":"stdout","time":2168.574782581,"data":"SECONDARY_EDGE_TTA_ACTIVE views= 8 weight= 0.75 mean_abs_feat_delta= 0.258868\n"}
,{"stream_name":"stdout","time":2168.699856893,"data":"SECONDARY_EDGE_TTA_ACTIVE views= 8 weight= 0.75 mean_abs_feat_delta= 0.322571\n"}
,{"stream_name":"stdout","time":2168.699887441,"data":"BIOHUB_RETENTION_GUARD {\"blended_candidates\": 357, \"dataset\": \"44b6_2a2eff9f\", \"frame\": 27, \"minimum_retention\": 0.9, \"primary_candidates\": 475, \"retention\": 0.751578947368421, \"use_primary\": true}\n"}
,{"stream_name":"stdout","time":2168.699893929,"data":"SECONDARY_EDGE_TTA_ACTIVE views= 8 weight= 0.75 mean_abs_feat_delta= 0.258868\n"}
,{"stream_name":"stdout","time":2169.63650471,"data":"EDGE_TTA_ACTIVE views= 8 mean_abs_feat_delta= 0.333142\n"}
,{"stream_name":"stdout","time":2169.677602001,"data":"EDGE_TTA_ACTIVE views= 8 mean_abs_feat_delta= 0.36466\n"}
,{"stream_name":"stdout","time":2169.838958293,"data":"EDGE_TTA_ACTIVE views= 8 mean_abs_feat_delta= 0.333142\n"}
,{"stream_name":"stdout","time":2169.839018433,"data":"EDGE_TTA_ACTIVE views= 8 mean_abs_feat_delta= 0.36466\n"}
,{"stream_name":"stdout","time":2170.596204069,"data":"SECONDARY_EDGE_TTA_ACTIVE views= 8 weight= 0.75 mean_abs_feat_delta= 0.257552\n"}
,{"stream_name":"stdout","time":2170.624826851,"data":"SECONDARY_EDGE_TTA_ACTIVE views= 8 weight= 0.75 mean_abs_feat_delta= 0.321971\n"}
,{"stream_name":"stdout","time":2170.629187118,"data":"BIOHUB_RETENTION_GUARD {\"blended_candidates\": 349, \"dataset\": \"44b6_2a2eff9f\", \"frame\": 28, \"minimum_retention\": 0.9, \"primary_candidates\": 461, \"retention\": 0.7570498915401301, \"use_primary\": true}\n"}
,{"stream_name":"stdout","time":2170.798672823,"data":"SECONDARY_EDGE_TTA_ACTIVE views= 8 weight= 0.75 mean_abs_feat_delta= 0.257552\n"}
,{"stream_name":"stdout","time":2170.798718793,"data":"SECONDARY_EDGE_TTA_ACTIVE views= 8 weight= 0.75 mean_abs_feat_delta= 0.321971\n"}
,{"stream_name":"stdout","time":2170.798724946,"data":"BIOHUB_RETENTION_GUARD {\"blended_candidates\": 349, \"dataset\": \"44b6_2a2eff9f\", \"frame\": 28, \"minimum_retention\": 0.9, \"primary_candidates\": 461, \"retention\": 0.7570498915401301, \"use_primary\": true}\n"}
,{"stream_name":"stdout","time":2171.706113259,"data":"EDGE_TTA_ACTIVE views= 8 mean_abs_feat_delta= 0.328461\n"}
,{"stream_name":"stdout","time":2171.764379765,"data":"EDGE_TTA_ACTIVE views= 8 mean_abs_feat_delta= 0.364232\n"}
,{"stream_name":"stdout","time":2171.987014148,"data":"EDGE_TTA_ACTIVE views= 8 mean_abs_feat_delta= 0.328461\n"}
,{"stream_name":"stdout","time":2171.987036121,"data":"EDGE_TTA_ACTIVE views= 8 mean_abs_feat_delta= 0.364232\n"}
,{"stream_name":"stdout","time":2172.665681806,"data":"SECONDARY_EDGE_TTA_ACTIVE views= 8 weight= 0.75 mean_abs_feat_delta= 0.260048\n"}
,{"stream_name":"stdout","time":2172.71533886,"data":"SECONDARY_EDGE_TTA_ACTIVE views= 8 weight= 0.75 mean_abs_feat_delta= 0.323261\n"}
,{"stream_name":"stdout","time":2172.719494511,"data":"BIOHUB_RETENTION_GUARD {\"blended_candidates\": 352, \"dataset\": \"44b6_2a2eff9f\", \"frame\": 29, \"minimum_retention\": 0.9, \"primary_candidates\": 467, \"retention\": 0.7537473233404711, \"use_primary\": true}\n"}
,{"stream_name":"stdout","time":2172.867934083,"data":"SECONDARY_EDGE_TTA_ACTIVE views= 8 weight= 0.75 mean_abs_feat_delta= 0.260048\n"}
,{"stream_name":"stdout","time":2172.867962711,"data":"SECONDARY_EDGE_TTA_ACTIVE views= 8 weight= 0.75 mean_abs_feat_delta= 0.323261\n"}
,{"stream_name":"stdout","time":2172.867967326,"data":"BIOHUB_RETENTION_GUARD {\"blended_candidates\": 352, \"dataset\": \"44b6_2a2eff9f\", \"frame\": 29, \"minimum_retention\": 0.9, \"primary_candidates\": 467, \"retention\": 0.7537473233404711, \"use_primary\": true}\n"}
,{"stream_name":"stdout","time":2173.715399293,"data":"EDGE_TTA_ACTIVE views= 8 mean_abs_feat_delta= 0.328834\n"}
,{"stream_name":"stdout","time":2173.866699056,"data":"EDGE_TTA_ACTIVE views= 8 mean_abs_feat_delta= 0.369005\n"}
,{"stream_name":"stdout","time":2173.917832839,"data":"EDGE_TTA_ACTIVE views= 8 mean_abs_feat_delta= 0.328834\n"}
,{"stream_name":"stdout","time":2173.917853302,"data":"EDGE_TTA_ACTIVE views= 8 mean_abs_feat_delta= 0.369005\n"}
,{"stream_name":"stdout","time":2174.679642036,"data":"SECONDARY_EDGE_TTA_ACTIVE views= 8 weight= 0.75 mean_abs_feat_delta= 0.25594\n"}
,{"stream_name":"stdout","time":2174.821265019,"data":"SECONDARY_EDGE_TTA_ACTIVE views= 8 weight= 0.75 mean_abs_feat_delta= 0.325997\n"}
,{"stream_name":"stdout","time":2174.825460967,"data":"BIOHUB_RETENTION_GUARD {\"blended_candidates\": 342, \"dataset\": \"44b6_2a2eff9f\", \"frame\": 30, \"minimum_retention\": 0.9, \"primary_candidates\": 460, \"retention\": 0.7434782608695653, \"use_primary\": true}\n"}
,{"stream_name":"stdout","time":2174.882227025,"data":"SECONDARY_EDGE_TTA_ACTIVE views= 8 weight= 0.75 mean_abs_feat_delta= 0.25594\n"}
,{"stream_name":"stdout","time":2174.882248591,"data":"SECONDARY_EDGE_TTA_ACTIVE views= 8 weight= 0.75 mean_abs_feat_delta= 0.325997\n"}
,{"stream_name":"stdout","time":2174.882253023,"data":"BIOHUB_RETENTION_GUARD {\"blended_candidates\": 342, \"dataset\": \"44b6_2a2eff9f\", \"frame\": 30, \"minimum_retention\": 0.9, \"primary_candidates\": 460, \"retention\": 0.7434782608695653, \"use_primary\": true}\n"}
,{"stream_name":"stdout","time":2175.771940597,"data":"EDGE_TTA_ACTIVE views= 8 mean_abs_feat_delta= 0.33524\n"}
,{"stream_name":"stdout","time":2175.958476016,"data":"EDGE_TTA_ACTIVE views= 8 mean_abs_feat_delta= 0.371568\n"}
,{"stream_name":"stdout","time":2175.974464311,"data":"EDGE_TTA_ACTIVE views= 8 mean_abs_feat_delta= 0.33524\n"}
,{"stream_name":"stdout","time":2175.974482614,"data":"EDGE_TTA_ACTIVE views= 8 mean_abs_feat_delta= 0.371568\n"}
,{"stream_name":"stdout","time":2176.737583451,"data":"SECONDARY_EDGE_TTA_ACTIVE views= 8 weight= 0.75 mean_abs_feat_delta= 0.255182\n"}
,{"stream_name":"stdout","time":2176.912187165,"data":"SECONDARY_EDGE_TTA_ACTIVE views= 8 weight= 0.75 mean_abs_feat_delta= 0.322858\n"}
,{"stream_name":"stdout","time":2176.91639698,"data":"BIOHUB_RETENTION_GUARD {\"blended_candidates\": 360, \"dataset\": \"44b6_2a2eff9f\", \"frame\": 31, \"minimum_retention\": 0.9, \"primary_candidates\": 457, \"retention\": 0.787746170678337, \"use_primary\": true}\n"}
,{"stream_name":"stdout","time":2176.940250589,"data":"SECONDARY_EDGE_TTA_ACTIVE views= 8 weight= 0.75 mean_abs_feat_delta= 0.255182\n"}
,{"stream_name":"stdout","time":2176.940269323,"data":"SECONDARY_EDGE_TTA_ACTIVE views= 8 weight= 0.75 mean_abs_feat_delta= 0.322858\n"}
,{"stream_name":"stdout","time":2176.940274409,"data":"BIOHUB_RETENTION_GUARD {\"blended_candidates\": 360, \"dataset\": \"44b6_2a2eff9f\", \"frame\": 31, \"minimum_retention\": 0.9, \"primary_candidates\": 457, \"retention\": 0.787746170678337, \"use_primary\": true}\n"}
,{"stream_name":"stdout","time":2177.829835362,"data":"EDGE_TTA_ACTIVE views= 8 mean_abs_feat_delta= 0.330644\n"}
,{"stream_name":"stdout","time":2178.032083143,"data":"EDGE_TTA_ACTIVE views= 8 mean_abs_feat_delta= 0.330644\n"}
,{"stream_name":"stdout","time":2178.045912622,"data":"EDGE_TTA_ACTIVE views= 8 mean_abs_feat_delta= 0.373964\n"}
,{"stream_name":"stdout","time":2178.248239945,"data":"EDGE_TTA_ACTIVE views= 8 mean_abs_feat_delta= 0.373964\n"}
,{"stream_name":"stdout","time":2178.801071878,"data":"SECONDARY_EDGE_TTA_ACTIVE views= 8 weight= 0.75 mean_abs_feat_delta= 0.255678\n"}
,{"stream_name":"stdout","time":2179.0035141,"data":"SECONDARY_EDGE_TTA_ACTIVE views= 8 weight= 0.75 mean_abs_feat_delta= 0.255678\n"}
,{"stream_name":"stdout","time":2179.009351519,"data":"SECONDARY_EDGE_TTA_ACTIVE views= 8 weight= 0.75 mean_abs_feat_delta= 0.322245\n"}
,{"stream_name":"stdout","time":2179.013499513,"data":"BIOHUB_RETENTION_GUARD {\"blended_candidates\": 361, \"dataset\": \"44b6_2a2eff9f\", \"frame\": 32, \"minimum_retention\": 0.9, \"primary_candidates\": 461, \"retention\": 0.7830802603036876, \"use_primary\": true}\n"}
,{"stream_name":"stdout","time":2179.211775968,"data":"SECONDARY_EDGE_TTA_ACTIVE views= 8 weight= 0.75 mean_abs_feat_delta= 0.322245\n"}
,{"stream_name":"stdout","time":2179.211806838,"data":"BIOHUB_RETENTION_GUARD {\"blended_candidates\": 361, \"dataset\": \"44b6_2a2eff9f\", \"frame\": 32, \"minimum_retention\": 0.9, \"primary_candidates\": 461, \"retention\": 0.7830802603036876, \"use_primary\": true}\n"}
,{"stream_name":"stdout","time":2179.873321706,"data":"EDGE_TTA_ACTIVE views= 8 mean_abs_feat_delta= 0.329724\n"}
,{"stream_name":"stdout","time":2180.075662178,"data":"EDGE_TTA_ACTIVE views= 8 mean_abs_feat_delta= 0.329724\n"}
,{"stream_name":"stdout","time":2180.116833323,"data":"EDGE_TTA_ACTIVE views= 8 mean_abs_feat_delta= 0.375985\n"}
,{"stream_name":"stdout","time":2180.319038272,"data":"EDGE_TTA_ACTIVE views= 8 mean_abs_feat_delta= 0.375985\n"}
,{"stream_name":"stdout","time":2180.844644784,"data":"SECONDARY_EDGE_TTA_ACTIVE views= 8 weight= 0.75 mean_abs_feat_delta= 0.25659\n"}
,{"stream_name":"stdout","time":2181.047237886,"data":"SECONDARY_EDGE_TTA_ACTIVE views= 8 weight= 0.75 mean_abs_feat_delta= 0.25659\n"}
,{"stream_name":"stdout","time":2181.078990458,"data":"SECONDARY_EDGE_TTA_ACTIVE views= 8 weight= 0.75 mean_abs_feat_delta= 0.323643\n"}
,{"stream_name":"stdout","time":2181.083320127,"data":"BIOHUB_RETENTION_GUARD {\"blended_candidates\": 336, \"dataset\": \"44b6_2a2eff9f\", \"frame\": 33, \"minimum_retention\": 0.9, \"primary_candidates\": 455, \"retention\": 0.7384615384615385, \"use_primary\": true}\n"}
,{"stream_name":"stdout","time":2181.281459741,"data":"SECONDARY_EDGE_TTA_ACTIVE views= 8 weight= 0.75 mean_abs_feat_delta= 0.323643\n"}
,{"stream_name":"stdout","time":2181.281512262,"data":"BIOHUB_RETENTION_GUARD {\"blended_candidates\": 336, \"dataset\": \"44b6_2a2eff9f\", \"frame\": 33, \"minimum_retention\": 0.9, \"primary_candidates\": 455, \"retention\": 0.7384615384615385, \"use_primary\": true}\n"}
,{"stream_name":"stdout","time":2181.896832255,"data":"EDGE_TTA_ACTIVE views= 8 mean_abs_feat_delta= 0.328509\n"}
,{"stream_name":"stdout","time":2182.099108128,"data":"EDGE_TTA_ACTIVE views= 8 mean_abs_feat_delta= 0.328509\n"}
,{"stream_name":"stdout","time":2182.19351946,"data":"EDGE_TTA_ACTIVE views= 8 mean_abs_feat_delta= 0.370885\n"}
,{"stream_name":"stdout","time":2182.395645597,"data":"EDGE_TTA_ACTIVE views= 8 mean_abs_feat_delta= 0.370885\n"}
,{"stream_name":"stdout","time":2182.868624683,"data":"SECONDARY_EDGE_TTA_ACTIVE views= 8 weight= 0.75 mean_abs_feat_delta= 0.261519\n"}
,{"stream_name":"stdout","time":2183.071270869,"data":"SECONDARY_EDGE_TTA_ACTIVE views= 8 weight= 0.75 mean_abs_feat_delta= 0.261519\n"}
,{"stream_name":"stdout","time":2183.164009385,"data":"SECONDARY_EDGE_TTA_ACTIVE views= 8 weight= 0.75 mean_abs_feat_delta= 0.325514\n"}
,{"stream_name":"stdout","time":2183.168084398,"data":"BIOHUB_RETENTION_GUARD {\"blended_candidates\": 344, \"dataset\": \"44b6_2a2eff9f\", \"frame\": 34, \"minimum_retention\": 0.9, \"primary_candidates\": 470, \"retention\": 0.7319148936170212, \"use_primary\": true}\n"}
,{"stream_name":"stdout","time":2183.366644523,"data":"SECONDARY_EDGE_TTA_ACTIVE views= 8 weight= 0.75 mean_abs_feat_delta= 0.325514\n"}
,{"stream_name":"stdout","time":2183.366684221,"data":"BIOHUB_RETENTION_GUARD {\"blended_candidates\": 344, \"dataset\": \"44b6_2a2eff9f\", \"frame\": 34, \"minimum_retention\": 0.9, \"primary_candidates\": 470, \"retention\": 0.7319148936170212, \"use_primary\": true}\n"}
,{"stream_name":"stdout","time":2183.920301022,"data":"EDGE_TTA_ACTIVE views= 8 mean_abs_feat_delta= 0.328824\n"}
,{"stream_name":"stdout","time":2184.122706419,"data":"EDGE_TTA_ACTIVE views= 8 mean_abs_feat_delta= 0.328824\n"}
,{"stream_name":"stdout","time":2184.304774041,"data":"EDGE_TTA_ACTIVE views= 8 mean_abs_feat_delta= 0.36672\n"}
,{"stream_name":"stdout","time":2184.507081283,"data":"EDGE_TTA_ACTIVE views= 8 mean_abs_feat_delta= 0.36672\n"}
,{"stream_name":"stdout","time":2184.891280221,"data":"SECONDARY_EDGE_TTA_ACTIVE views= 8 weight= 0.75 mean_abs_feat_delta= 0.261581\n"}
,{"stream_name":"stdout","time":2185.09371673,"data":"SECONDARY_EDGE_TTA_ACTIVE views= 8 weight= 0.75 mean_abs_feat_delta= 0.261581\n"}
,{"stream_name":"stdout","time":2185.262479924,"data":"SECONDARY_EDGE_TTA_ACTIVE views= 8 weight= 0.75 mean_abs_feat_delta= 0.32951\n"}
,{"stream_name":"stdout","time":2185.266604424,"data":"BIOHUB_RETENTION_GUARD {\"blended_candidates\": 339, \"dataset\": \"44b6_2a2eff9f\", \"frame\": 35, \"minimum_retention\": 0.9, \"primary_candidates\": 461, \"retention\": 0.735357917570499, \"use_primary\": true}\n"}
,{"stream_name":"stdout","time":2185.464871881,"data":"SECONDARY_EDGE_TTA_ACTIVE views= 8 weight= 0.75 mean_abs_feat_delta= 0.32951\n"}
,{"stream_name":"stdout","time":2185.464900321,"data":"BIOHUB_RETENTION_GUARD {\"blended_candidates\": 339, \"dataset\": \"44b6_2a2eff9f\", \"frame\": 35, \"minimum_retention\": 0.9, \"primary_candidates\": 461, \"retention\": 0.735357917570499, \"use_primary\": true}\n"}
,{"stream_name":"stdout","time":2185.940076315,"data":"EDGE_TTA_ACTIVE views= 8 mean_abs_feat_delta= 0.333453\n"}
,{"stream_name":"stdout","time":2186.142586128,"data":"EDGE_TTA_ACTIVE views= 8 mean_abs_feat_delta= 0.333453\n"}
,{"stream_name":"stdout","time":2186.436040925,"data":"EDGE_TTA_ACTIVE views= 8 mean_abs_feat_delta= 0.364845\n"}
,{"stream_name":"stdout","time":2186.638352655,"data":"EDGE_TTA_ACTIVE views= 8 mean_abs_feat_delta= 0.364845\n"}
,{"stream_name":"stdout","time":2186.914650052,"data":"SECONDARY_EDGE_TTA_ACTIVE views= 8 weight= 0.75 mean_abs_feat_delta= 0.257374\n"}
,{"stream_name":"stdout","time":2187.117071956,"data":"SECONDARY_EDGE_TTA_ACTIVE views= 8 weight= 0.75 mean_abs_feat_delta= 0.257374\n"}
,{"stream_name":"stdout","time":2187.409136225,"data":"SECONDARY_EDGE_TTA_ACTIVE views= 8 weight= 0.75 mean_abs_feat_delta= 0.33226\n"}
,{"stream_name":"stdout","time":2187.413062863,"data":"BIOHUB_RETENTION_GUARD {\"blended_candidates\": 344, \"dataset\": \"44b6_2a2eff9f\", \"frame\": 36, \"minimum_retention\": 0.9, \"primary_candidates\": 451, \"retention\": 0.7627494456762749, \"use_primary\": true}\n"}
,{"stream_name":"stdout","time":2187.61141752,"data":"SECONDARY_EDGE_TTA_ACTIVE views= 8 weight= 0.75 mean_abs_feat_delta= 0.33226\n"}
,{"stream_name":"stdout","time":2187.611448303,"data":"BIOHUB_RETENTION_GUARD {\"blended_candidates\": 344, \"dataset\": \"44b6_2a2eff9f\", \"frame\": 36, \"minimum_retention\": 0.9, \"primary_candidates\": 451, \"retention\": 0.7627494456762749, \"use_primary\": true}\n"}
,{"stream_name":"stdout","time":2187.955340789,"data":"EDGE_TTA_ACTIVE views= 8 mean_abs_feat_delta= 0.33049\n"}
,{"stream_name":"stdout","time":2188.157560056,"data":"EDGE_TTA_ACTIVE views= 8 mean_abs_feat_delta= 0.33049\n"}
,{"stream_name":"stdout","time":2188.541921934,"data":"EDGE_TTA_ACTIVE views= 8 mean_abs_feat_delta= 0.365471\n"}
,{"stream_name":"stdout","time":2188.74429533,"data":"EDGE_TTA_ACTIVE views= 8 mean_abs_feat_delta= 0.365471\n"}
,{"stream_name":"stdout","time":2188.924072049,"data":"SECONDARY_EDGE_TTA_ACTIVE views= 8 weight= 0.75 mean_abs_feat_delta= 0.256553\n"}
,{"stream_name":"stdout","time":2189.12630884,"data":"SECONDARY_EDGE_TTA_ACTIVE views= 8 weight= 0.75 mean_abs_feat_delta= 0.256553\n"}
,{"stream_name":"stdout","time":2189.516648558,"data":"SECONDARY_EDGE_TTA_ACTIVE views= 8 weight= 0.75 mean_abs_feat_delta= 0.334845\n"}
,{"stream_name":"stdout","time":2189.520720914,"data":"BIOHUB_RETENTION_GUARD {\"blended_candidates\": 329, \"dataset\": \"44b6_2a2eff9f\", \"frame\": 37, \"minimum_retention\": 0.9, \"primary_candidates\": 430, \"retention\": 0.7651162790697674, \"use_primary\": true}\n"}
,{"stream_name":"stdout","time":2189.719064022,"data":"SECONDARY_EDGE_TTA_ACTIVE views= 8 weight= 0.75 mean_abs_feat_delta= 0.334845\n"}
,{"stream_name":"stdout","time":2189.719095009,"data":"BIOHUB_RETENTION_GUARD {\"blended_candidates\": 329, \"dataset\": \"44b6_2a2eff9f\", \"frame\": 37, \"minimum_retention\": 0.9, \"primary_candidates\": 430, \"retention\": 0.7651162790697674, \"use_primary\": true}\n"}
,{"stream_name":"stdout","time":2189.998883298,"data":"EDGE_TTA_ACTIVE views= 8 mean_abs_feat_delta= 0.330532\n"}
,{"stream_name":"stdout","time":2190.20116838,"data":"EDGE_TTA_ACTIVE views= 8 mean_abs_feat_delta= 0.330532\n"}
,{"stream_name":"stdout","time":2190.646452098,"data":"EDGE_TTA_ACTIVE views= 8 mean_abs_feat_delta= 0.367895\n"}
,{"stream_name":"stdout","time":2190.848818364,"data":"EDGE_TTA_ACTIVE views= 8 mean_abs_feat_delta= 0.367895\n"}
,{"stream_name":"stdout","time":2190.972184146,"data":"SECONDARY_EDGE_TTA_ACTIVE views= 8 weight= 0.75 mean_abs_feat_delta= 0.254743\n"}
,{"stream_name":"stdout","time":2191.174667436,"data":"SECONDARY_EDGE_TTA_ACTIVE views= 8 weight= 0.75 mean_abs_feat_delta= 0.254743\n"}
,{"stream_name":"stdout","time":2191.621436057,"data":"SECONDARY_EDGE_TTA_ACTIVE views= 8 weight= 0.75 mean_abs_feat_delta= 0.338455\n"}
,{"stream_name":"stdout","time":2191.625537359,"data":"BIOHUB_RETENTION_GUARD {\"blended_candidates\": 321, \"dataset\": \"44b6_2a2eff9f\", \"frame\": 38, \"minimum_retention\": 0.9, \"primary_candidates\": 432, \"retention\": 0.7430555555555556, \"use_primary\": true}\n"}
,{"stream_name":"stdout","time":2191.823790613,"data":"SECONDARY_EDGE_TTA_ACTIVE views= 8 weight= 0.75 mean_abs_feat_delta= 0.338455\n"}
,{"stream_name":"stdout","time":2191.823821577,"data":"BIOHUB_RETENTION_GUARD {\"blended_candidates\": 321, \"dataset\": \"44b6_2a2eff9f\", \"frame\": 38, \"minimum_retention\": 0.9, \"primary_candidates\": 432, \"retention\": 0.7430555555555556, \"use_primary\": true}\n"}
,{"stream_name":"stdout","time":2192.064941545,"data":"EDGE_TTA_ACTIVE views= 8 mean_abs_feat_delta= 0.336898\n"}
,{"stream_name":"stdout","time":2192.267415502,"data":"EDGE_TTA_ACTIVE views= 8 mean_abs_feat_delta= 0.336898\n"}
,{"stream_name":"stdout","time":2192.734637109,"data":"EDGE_TTA_ACTIVE views= 8 mean_abs_feat_delta= 0.369509\n"}
,{"stream_name":"stdout","time":2192.937123773,"data":"EDGE_TTA_ACTIVE views= 8 mean_abs_feat_delta= 0.369509\n"}
,{"stream_name":"stdout","time":2193.034809785,"data":"SECONDARY_EDGE_TTA_ACTIVE views= 8 weight= 0.75 mean_abs_feat_delta= 0.25812\n"}
,{"stream_name":"stdout","time":2193.237222604,"data":"SECONDARY_EDGE_TTA_ACTIVE views= 8 weight= 0.75 mean_abs_feat_delta= 0.25812\n"}
,{"stream_name":"stdout","time":2193.710183096,"data":"SECONDARY_EDGE_TTA_ACTIVE views= 8 weight= 0.75 mean_abs_feat_delta= 0.343458\n"}
,{"stream_name":"stdout","time":2193.714497966,"data":"BIOHUB_RETENTION_GUARD {\"blended_candidates\": 347, \"dataset\": \"44b6_2a2eff9f\", \"frame\": 39, \"minimum_retention\": 0.9, \"primary_candidates\": 430, \"retention\": 0.8069767441860465, \"use_primary\": true}\n"}
,{"stream_name":"stdout","time":2193.912791749,"data":"SECONDARY_EDGE_TTA_ACTIVE views= 8 weight= 0.75 mean_abs_feat_delta= 0.343458\n"}
,{"stream_name":"stdout","time":2193.912827288,"data":"BIOHUB_RETENTION_GUARD {\"blended_candidates\": 347, \"dataset\": \"44b6_2a2eff9f\", \"frame\": 39, \"minimum_retention\": 0.9, \"primary_candidates\": 430, \"retention\": 0.8069767441860465, \"use_primary\": true}\n"}
,{"stream_name":"stdout","time":2194.086428597,"data":"EDGE_TTA_ACTIVE views= 8 mean_abs_feat_delta= 0.339093\n"}
,{"stream_name":"stdout","time":2194.288823747,"data":"EDGE_TTA_ACTIVE views= 8 mean_abs_feat_delta= 0.339093\n"}
,{"stream_name":"stdout","time":2194.84188546,"data":"EDGE_TTA_ACTIVE views= 8 mean_abs_feat_delta= 0.369407\n"}
,{"stream_name":"stdout","time":2195.044235566,"data":"EDGE_TTA_ACTIVE views= 8 mean_abs_feat_delta= 0.369407\n"}
,{"stream_name":"stdout","time":2195.058978248,"data":"SECONDARY_EDGE_TTA_ACTIVE views= 8 weight= 0.75 mean_abs_feat_delta= 0.258084\n"}
,{"stream_name":"stdout","time":2195.261361332,"data":"SECONDARY_EDGE_TTA_ACTIVE views= 8 weight= 0.75 mean_abs_feat_delta= 0.258084\n"}
,{"stream_name":"stdout","time":2195.814611092,"data":"SECONDARY_EDGE_TTA_ACTIVE views= 8 weight= 0.75 mean_abs_feat_delta= 0.339895\n"}
,{"stream_name":"stdout","time":2195.81888111,"data":"BIOHUB_RETENTION_GUARD {\"blended_candidates\": 338, \"dataset\": \"44b6_2a2eff9f\", \"frame\": 40, \"minimum_retention\": 0.9, \"primary_candidates\": 423, \"retention\": 0.7990543735224587, \"use_primary\": true}\n"}
,{"stream_name":"stdout","time":2196.016863157,"data":"SECONDARY_EDGE_TTA_ACTIVE views= 8 weight= 0.75 mean_abs_feat_delta= 0.339895\n"}
,{"stream_name":"stdout","time":2196.01701754,"data":"BIOHUB_RETENTION_GUARD {\"blended_candidates\": 338, \"dataset\": \"44b6_2a2eff9f\", \"frame\": 40, \"minimum_retention\": 0.9, \"primary_candidates\": 423, \"retention\": 0.7990543735224587, \"use_primary\": true}\n"}
,{"stream_name":"stdout","time":2196.124997411,"data":"EDGE_TTA_ACTIVE views= 8 mean_abs_feat_delta= 0.334928\n"}
,{"stream_name":"stdout","time":2196.327373003,"data":"EDGE_TTA_ACTIVE views= 8 mean_abs_feat_delta= 0.334928\n"}
,{"stream_name":"stdout","time":2196.988099778,"data":"EDGE_TTA_ACTIVE views= 8 mean_abs_feat_delta= 0.366559\n"}
,{"stream_name":"stdout","time":2197.099743845,"data":"SECONDARY_EDGE_TTA_ACTIVE views= 8 weight= 0.75 mean_abs_feat_delta= 0.253733\n"}
,{"stream_name":"stdout","time":2197.190133501,"data":"EDGE_TTA_ACTIVE views= 8 mean_abs_feat_delta= 0.366559\n"}
,{"stream_name":"stdout","time":2197.190161899,"data":"SECONDARY_EDGE_TTA_ACTIVE views= 8 weight= 0.75 mean_abs_feat_delta= 0.253733\n"}
,{"stream_name":"stdout","time":2197.960636352,"data":"SECONDARY_EDGE_TTA_ACTIVE views= 8 weight= 0.75 mean_abs_feat_delta= 0.336794\n"}
,{"stream_name":"stdout","time":2197.964783131,"data":"BIOHUB_RETENTION_GUARD {\"blended_candidates\": 356, \"dataset\": \"44b6_2a2eff9f\", \"frame\": 41, \"minimum_retention\": 0.9, \"primary_candidates\": 439, \"retention\": 0.8109339407744874, \"use_primary\": true}\n"}
,{"stream_name":"stdout","time":2198.162994441,"data":"SECONDARY_EDGE_TTA_ACTIVE views= 8 weight= 0.75 mean_abs_feat_delta= 0.336794\n"}
,{"stream_name":"stdout","time":2198.163027535,"data":"BIOHUB_RETENTION_GUARD {\"blended_candidates\": 356, \"dataset\": \"44b6_2a2eff9f\", \"frame\": 41, \"minimum_retention\": 0.9, \"primary_candidates\": 439, \"retention\": 0.8109339407744874, \"use_primary\": true}\n"}
,{"stream_name":"stdout","time":2198.170090934,"data":"EDGE_TTA_ACTIVE views= 8 mean_abs_feat_delta= 0.334762\n"}
,{"stream_name":"stdout","time":2198.372362209,"data":"EDGE_TTA_ACTIVE views= 8 mean_abs_feat_delta= 0.334762\n"}
,{"stream_name":"stdout","time":2199.090239975,"data":"EDGE_TTA_ACTIVE views= 8 mean_abs_feat_delta= 0.365076\n"}
,{"stream_name":"stdout","time":2199.147909617,"data":"SECONDARY_EDGE_TTA_ACTIVE views= 8 weight= 0.75 mean_abs_feat_delta= 0.257496\n"}
,{"stream_name":"stdout","time":2199.292650114,"data":"EDGE_TTA_ACTIVE views= 8 mean_abs_feat_delta= 0.365076\n"}
,{"stream_name":"stdout","time":2199.292692034,"data":"SECONDARY_EDGE_TTA_ACTIVE views= 8 weight= 0.75 mean_abs_feat_delta= 0.257496\n"}
,{"stream_name":"stdout","time":2200.06489818,"data":"SECONDARY_EDGE_TTA_ACTIVE views= 8 weight= 0.75 mean_abs_feat_delta= 0.337964\n"}
,{"stream_name":"stdout","time":2200.069115381,"data":"BIOHUB_RETENTION_GUARD {\"blended_candidates\": 348, \"dataset\": \"44b6_2a2eff9f\", \"frame\": 42, \"minimum_retention\": 0.9, \"primary_candidates\": 424, \"retention\": 0.8207547169811321, \"use_primary\": true}\n"}
,{"stream_name":"stdout","time":2200.225448345,"data":"EDGE_TTA_ACTIVE views= 8 mean_abs_feat_delta= 0.343229\n"}
,{"stream_name":"stdout","time":2200.267373296,"data":"SECONDARY_EDGE_TTA_ACTIVE views= 8 weight= 0.75 mean_abs_feat_delta= 0.337964\n"}
,{"stream_name":"stdout","time":2200.267403117,"data":"BIOHUB_RETENTION_GUARD {\"blended_candidates\": 348, \"dataset\": \"44b6_2a2eff9f\", \"frame\": 42, \"minimum_retention\": 0.9, \"primary_candidates\": 424, \"retention\": 0.8207547169811321, \"use_primary\": true}\n"}
,{"stream_name":"stdout","time":2200.267428053,"data":"EDGE_TTA_ACTIVE views= 8 mean_abs_feat_delta= 0.343229\n"}
,{"stream_name":"stdout","time":2201.198574487,"data":"EDGE_TTA_ACTIVE views= 8 mean_abs_feat_delta= 0.363489\n"}
,{"stream_name":"stdout","time":2201.198722629,"data":"SECONDARY_EDGE_TTA_ACTIVE views= 8 weight= 0.75 mean_abs_feat_delta= 0.258866\n"}
,{"stream_name":"stdout","time":2201.400609955,"data":"EDGE_TTA_ACTIVE views= 8 mean_abs_feat_delta= 0.363489\n"}
,{"stream_name":"stdout","time":2201.400636574,"data":"SECONDARY_EDGE_TTA_ACTIVE views= 8 weight= 0.75 mean_abs_feat_delta= 0.258866\n"}
,{"stream_name":"stdout","time":2202.172027929,"data":"SECONDARY_EDGE_TTA_ACTIVE views= 8 weight= 0.75 mean_abs_feat_delta= 0.335927\n"}
,{"stream_name":"stdout","time":2202.176089903,"data":"BIOHUB_RETENTION_GUARD {\"blended_candidates\": 325, \"dataset\": \"44b6_2a2eff9f\", \"frame\": 43, \"minimum_retention\": 0.9, \"primary_candidates\": 418, \"retention\": 0.777511961722488, \"use_primary\": true}\n"}
,{"stream_name":"stdout","time":2202.251597518,"data":"EDGE_TTA_ACTIVE views= 8 mean_abs_feat_delta= 0.34071\n"}
,{"stream_name":"stdout","time":2202.455790748,"data":"SECONDARY_EDGE_TTA_ACTIVE views= 8 weight= 0.75 mean_abs_feat_delta= 0.335927\n"}
,{"stream_name":"stdout","time":2202.455815185,"data":"BIOHUB_RETENTION_GUARD {\"blended_candidates\": 325, \"dataset\": \"44b6_2a2eff9f\", \"frame\": 43, \"minimum_retention\": 0.9, \"primary_candidates\": 418, \"retention\": 0.777511961722488, \"use_primary\": true}\n"}
,{"stream_name":"stdout","time":2202.455821753,"data":"EDGE_TTA_ACTIVE views= 8 mean_abs_feat_delta= 0.34071\n"}
,{"stream_name":"stdout","time":2203.226903499,"data":"SECONDARY_EDGE_TTA_ACTIVE views= 8 weight= 0.75 mean_abs_feat_delta= 0.256585\n"}
,{"stream_name":"stdout","time":2203.286405383,"data":"EDGE_TTA_ACTIVE views= 8 mean_abs_feat_delta= 0.365601\n"}
,{"stream_name":"stdout","time":2203.429199664,"data":"SECONDARY_EDGE_TTA_ACTIVE views= 8 weight= 0.75 mean_abs_feat_delta= 0.256585\n"}
,{"stream_name":"stdout","time":2203.429252967,"data":"EDGE_TTA_ACTIVE views= 8 mean_abs_feat_delta= 0.365601\n"}
,{"stream_name":"stdout","time":2204.260668982,"data":"SECONDARY_EDGE_TTA_ACTIVE views= 8 weight= 0.75 mean_abs_feat_delta= 0.333679\n"}
,{"stream_name":"stdout","time":2204.264808303,"data":"BIOHUB_RETENTION_GUARD {\"blended_candidates\": 329, \"dataset\": \"44b6_2a2eff9f\", \"frame\": 44, \"minimum_retention\": 0.9, \"primary_candidates\": 441, \"retention\": 0.746031746031746, \"use_primary\": true}\n"}
,{"stream_name":"stdout","time":2204.280469852,"data":"EDGE_TTA_ACTIVE views= 8 mean_abs_feat_delta= 0.337284\n"}
,{"stream_name":"stdout","time":2204.463063148,"data":"SECONDARY_EDGE_TTA_ACTIVE views= 8 weight= 0.75 mean_abs_feat_delta= 0.333679\n"}
,{"stream_name":"stdout","time":2204.46311687,"data":"BIOHUB_RETENTION_GUARD {\"blended_candidates\": 329, \"dataset\": \"44b6_2a2eff9f\", \"frame\": 44, \"minimum_retention\": 0.9, \"primary_candidates\": 441, \"retention\": 0.746031746031746, \"use_primary\": true}\n"}
,{"stream_name":"stdout","time":2204.46312435,"data":"EDGE_TTA_ACTIVE views= 8 mean_abs_feat_delta= 0.337284\n"}
,{"stream_name":"stdout","time":2205.255722132,"data":"SECONDARY_EDGE_TTA_ACTIVE views= 8 weight= 0.75 mean_abs_feat_delta= 0.255835\n"}
,{"stream_name":"stdout","time":2205.373542869,"data":"EDGE_TTA_ACTIVE views= 8 mean_abs_feat_delta= 0.366265\n"}
,{"stream_name":"stdout","time":2205.45811793,"data":"SECONDARY_EDGE_TTA_ACTIVE views= 8 weight= 0.75 mean_abs_feat_delta= 0.255835\n"}
,{"stream_name":"stdout","time":2205.458148777,"data":"EDGE_TTA_ACTIVE views= 8 mean_abs_feat_delta= 0.366265\n"}
,{"stream_name":"stdout","time":2206.329460192,"data":"EDGE_TTA_ACTIVE views= 8 mean_abs_feat_delta= 0.340637\n"}
,{"stream_name":"stdout","time":2206.346873437,"data":"SECONDARY_EDGE_TTA_ACTIVE views= 8 weight= 0.75 mean_abs_feat_delta= 0.336494\n"}
,{"stream_name":"stdout","time":2206.351131421,"data":"BIOHUB_RETENTION_GUARD {\"blended_candidates\": 318, \"dataset\": \"44b6_2a2eff9f\", \"frame\": 45, \"minimum_retention\": 0.9, \"primary_candidates\": 424, \"retention\": 0.75, \"use_primary\": true}\n"}
,{"stream_name":"stdout","time":2206.532059976,"data":"EDGE_TTA_ACTIVE views= 8 mean_abs_feat_delta= 0.340637\n"}
,{"stream_name":"stdout","time":2206.532089085,"data":"SECONDARY_EDGE_TTA_ACTIVE views= 8 weight= 0.75 mean_abs_feat_delta= 0.336494\n"}
,{"stream_name":"stdout","time":2206.532095341,"data":"BIOHUB_RETENTION_GUARD {\"blended_candidates\": 318, \"dataset\": \"44b6_2a2eff9f\", \"frame\": 45, \"minimum_retention\": 0.9, \"primary_candidates\": 424, \"retention\": 0.75, \"use_primary\": true}\n"}
,{"stream_name":"stdout","time":2207.302007128,"data":"SECONDARY_EDGE_TTA_ACTIVE views= 8 weight= 0.75 mean_abs_feat_delta= 0.251669\n"}
,{"stream_name":"stdout","time":2207.480869509,"data":"EDGE_TTA_ACTIVE views= 8 mean_abs_feat_delta= 0.362606\n"}
,{"stream_name":"stdout","time":2207.504273747,"data":"SECONDARY_EDGE_TTA_ACTIVE views= 8 weight= 0.75 mean_abs_feat_delta= 0.251669\n"}
,{"stream_name":"stdout","time":2207.504297435,"data":"EDGE_TTA_ACTIVE views= 8 mean_abs_feat_delta= 0.362606\n"}
,{"stream_name":"stdout","time":2208.376415482,"data":"EDGE_TTA_ACTIVE views= 8 mean_abs_feat_delta= 0.338061\n"}
,{"stream_name":"stdout","time":2208.451606607,"data":"SECONDARY_EDGE_TTA_ACTIVE views= 8 weight= 0.75 mean_abs_feat_delta= 0.332437\n"}
,{"stream_name":"stdout","time":2208.455791016,"data":"BIOHUB_RETENTION_GUARD {\"blended_candidates\": 329, \"dataset\": \"44b6_2a2eff9f\", \"frame\": 46, \"minimum_retention\": 0.9, \"primary_candidates\": 435, \"retention\": 0.7563218390804598, \"use_primary\": true}\n"}
,{"stream_name":"stdout","time":2208.57892252,"data":"EDGE_TTA_ACTIVE views= 8 mean_abs_feat_delta= 0.338061\n"}
,{"stream_name":"stdout","time":2208.57895878,"data":"SECONDARY_EDGE_TTA_ACTIVE views= 8 weight= 0.75 mean_abs_feat_delta= 0.332437\n"}
,{"stream_name":"stdout","time":2208.578964947,"data":"BIOHUB_RETENTION_GUARD {\"blended_candidates\": 329, \"dataset\": \"44b6_2a2eff9f\", \"frame\": 46, \"minimum_retention\": 0.9, \"primary_candidates\": 435, \"retention\": 0.7563218390804598, \"use_primary\": true}\n"}
,{"stream_name":"stdout","time":2209.349644915,"data":"SECONDARY_EDGE_TTA_ACTIVE views= 8 weight= 0.75 mean_abs_feat_delta= 0.249524\n"}
,{"stream_name":"stdout","time":2209.552092939,"data":"SECONDARY_EDGE_TTA_ACTIVE views= 8 weight= 0.75 mean_abs_feat_delta= 0.249524\n"}
,{"stream_name":"stdout","time":2209.559787,"data":"EDGE_TTA_ACTIVE views= 8 mean_abs_feat_delta= 0.353238\n"}
,{"stream_name":"stdout","time":2209.762062189,"data":"EDGE_TTA_ACTIVE views= 8 mean_abs_feat_delta= 0.353238\n"}
,{"stream_name":"stdout","time":2210.42314193,"data":"EDGE_TTA_ACTIVE views= 8 mean_abs_feat_delta= 0.345326\n"}
,{"stream_name":"stdout","time":2210.526240184,"data":"SECONDARY_EDGE_TTA_ACTIVE views= 8 weight= 0.75 mean_abs_feat_delta= 0.319389\n"}
,{"stream_name":"stdout","time":2210.530541512,"data":"BIOHUB_RETENTION_GUARD {\"blended_candidates\": 410, \"dataset\": \"44b6_2a2eff9f\", \"frame\": 47, \"minimum_retention\": 0.9, \"primary_candidates\": 487, \"retention\": 0.8418891170431212, \"use_primary\": true}\n"}
,{"stream_name":"stdout","time":2210.625478959,"data":"EDGE_TTA_ACTIVE views= 8 mean_abs_feat_delta= 0.345326\n"}
,{"stream_name":"stdout","time":2210.625497646,"data":"SECONDARY_EDGE_TTA_ACTIVE views= 8 weight= 0.75 mean_abs_feat_delta= 0.319389\n"}
,{"stream_name":"stdout","time":2210.625503056,"data":"BIOHUB_RETENTION_GUARD {\"blended_candidates\": 410, \"dataset\": \"44b6_2a2eff9f\", \"frame\": 47, \"minimum_retention\": 0.9, \"primary_candidates\": 487, \"retention\": 0.8418891170431212, \"use_primary\": true}\n"}
,{"stream_name":"stdout","time":2211.397296877,"data":"SECONDARY_EDGE_TTA_ACTIVE views= 8 weight= 0.75 mean_abs_feat_delta= 0.249871\n"}
,{"stream_name":"stdout","time":2211.599880965,"data":"SECONDARY_EDGE_TTA_ACTIVE views= 8 weight= 0.75 mean_abs_feat_delta= 0.249871\n"}
,{"stream_name":"stdout","time":2211.700777692,"data":"EDGE_TTA_ACTIVE views= 8 mean_abs_feat_delta= 0.360268\n"}
,{"stream_name":"stdout","time":2211.903007692,"data":"EDGE_TTA_ACTIVE views= 8 mean_abs_feat_delta= 0.360268\n"}
,{"stream_name":"stdout","time":2212.470065185,"data":"EDGE_TTA_ACTIVE views= 8 mean_abs_feat_delta= 0.349698\n"}
,{"stream_name":"stdout","time":2212.661308858,"data":"SECONDARY_EDGE_TTA_ACTIVE views= 8 weight= 0.75 mean_abs_feat_delta= 0.328147\n"}
,{"stream_name":"stdout","time":2212.665551627,"data":"BIOHUB_RETENTION_GUARD {\"blended_candidates\": 294, \"dataset\": \"44b6_2a2eff9f\", \"frame\": 48, \"minimum_retention\": 0.9, \"primary_candidates\": 419, \"retention\": 0.7016706443914081, \"use_primary\": true}\n"}
,{"stream_name":"stdout","time":2212.672740133,"data":"EDGE_TTA_ACTIVE views= 8 mean_abs_feat_delta= 0.349698\n"}
,{"stream_name":"stdout","time":2212.672774946,"data":"SECONDARY_EDGE_TTA_ACTIVE views= 8 weight= 0.75 mean_abs_feat_delta= 0.328147\n"}
,{"stream_name":"stdout","time":2212.672781711,"data":"BIOHUB_RETENTION_GUARD {\"blended_candidates\": 294, \"dataset\": \"44b6_2a2eff9f\", \"frame\": 48, \"minimum_retention\": 0.9, \"primary_candidates\": 419, \"retention\": 0.7016706443914081, \"use_primary\": true}\n"}
,{"stream_name":"stdout","time":2213.444219592,"data":"SECONDARY_EDGE_TTA_ACTIVE views= 8 weight= 0.75 mean_abs_feat_delta= 0.257627\n"}
,{"stream_name":"stdout","time":2213.646591744,"data":"SECONDARY_EDGE_TTA_ACTIVE views= 8 weight= 0.75 mean_abs_feat_delta= 0.257627\n"}
,{"stream_name":"stdout","time":2213.837918844,"data":"EDGE_TTA_ACTIVE views= 8 mean_abs_feat_delta= 0.366748\n"}
,{"stream_name":"stdout","time":2214.040262346,"data":"EDGE_TTA_ACTIVE views= 8 mean_abs_feat_delta= 0.366748\n"}
,{"stream_name":"stdout","time":2214.538949175,"data":"EDGE_TTA_ACTIVE views= 8 mean_abs_feat_delta= 0.349809\n"}
,{"stream_name":"stdout","time":2214.741291043,"data":"EDGE_TTA_ACTIVE views= 8 mean_abs_feat_delta= 0.349809\n"}
,{"stream_name":"stdout","time":2214.804623514,"data":"SECONDARY_EDGE_TTA_ACTIVE views= 8 weight= 0.75 mean_abs_feat_delta= 0.329076\n"}
,{"stream_name":"stdout","time":2214.80898577,"data":"BIOHUB_RETENTION_GUARD {\"blended_candidates\": 266, \"dataset\": \"44b6_2a2eff9f\", \"frame\": 49, \"minimum_retention\": 0.9, \"primary_candidates\": 410, \"retention\": 0.6487804878048781, \"use_primary\": true}\n"}
,{"stream_name":"stdout","time":2215.00925475,"data":"SECONDARY_EDGE_TTA_ACTIVE views= 8 weight= 0.75 mean_abs_feat_delta= 0.329076\n"}
,{"stream_name":"stdout","time":2215.009288738,"data":"BIOHUB_RETENTION_GUARD {\"blended_candidates\": 266, \"dataset\": \"44b6_2a2eff9f\", \"frame\": 49, \"minimum_retention\": 0.9, \"primary_candidates\": 410, \"retention\": 0.6487804878048781, \"use_primary\": true}\n"}
,{"stream_name":"stdout","time":2215.511734442,"data":"SECONDARY_EDGE_TTA_ACTIVE views= 8 weight= 0.75 mean_abs_feat_delta= 0.255032\n"}
,{"stream_name":"stdout","time":2215.714327914,"data":"SECONDARY_EDGE_TTA_ACTIVE views= 8 weight= 0.75 mean_abs_feat_delta= 0.255032\n"}
,{"stream_name":"stdout","time":2215.93933845,"data":"EDGE_TTA_ACTIVE views= 8 mean_abs_feat_delta= 0.370945\n"}
,{"stream_name":"stdout","time":2216.141776618,"data":"EDGE_TTA_ACTIVE views= 8 mean_abs_feat_delta= 0.370945\n"}
,{"stream_name":"stdout","time":2216.586665943,"data":"EDGE_TTA_ACTIVE views= 8 mean_abs_feat_delta= 0.338556\n"}
,{"stream_name":"stdout","time":2216.789076186,"data":"EDGE_TTA_ACTIVE views= 8 mean_abs_feat_delta= 0.338556\n"}
,{"stream_name":"stdout","time":2216.899230949,"data":"SECONDARY_EDGE_TTA_ACTIVE views= 8 weight= 0.75 mean_abs_feat_delta= 0.334363\n"}
,{"stream_name":"stdout","time":2216.903429155,"data":"BIOHUB_RETENTION_GUARD {\"blended_candidates\": 264, \"dataset\": \"44b6_2a2eff9f\", \"frame\": 50, \"minimum_retention\": 0.9, \"primary_candidates\": 409, \"retention\": 0.6454767726161369, \"use_primary\": true}\n"}
,{"stream_name":"stdout","time":2217.101706782,"data":"SECONDARY_EDGE_TTA_ACTIVE views= 8 weight= 0.75 mean_abs_feat_delta= 0.334363\n"}
,{"stream_name":"stdout","time":2217.101740163,"data":"BIOHUB_RETENTION_GUARD {\"blended_candidates\": 264, \"dataset\": \"44b6_2a2eff9f\", \"frame\": 50, \"minimum_retention\": 0.9, \"primary_candidates\": 409, \"retention\": 0.6454767726161369, \"use_primary\": true}\n"}
,{"stream_name":"stdout","time":2217.557182248,"data":"SECONDARY_EDGE_TTA_ACTIVE views= 8 weight= 0.75 mean_abs_feat_delta= 0.253313\n"}
,{"stream_name":"stdout","time":2217.759614551,"data":"SECONDARY_EDGE_TTA_ACTIVE views= 8 weight= 0.75 mean_abs_feat_delta= 0.253313\n"}
,{"stream_name":"stdout","time":2218.02382301,"data":"EDGE_TTA_ACTIVE views= 8 mean_abs_feat_delta= 0.366217\n"}
,{"stream_name":"stdout","time":2218.225870775,"data":"EDGE_TTA_ACTIVE views= 8 mean_abs_feat_delta= 0.366217\n"}
,{"stream_name":"stdout","time":2218.594057758,"data":"EDGE_TTA_ACTIVE views= 8 mean_abs_feat_delta= 0.340267\n"}
,{"stream_name":"stdout","time":2218.79636452,"data":"EDGE_TTA_ACTIVE views= 8 mean_abs_feat_delta= 0.340267\n"}
,{"stream_name":"stdout","time":2218.983581943,"data":"SECONDARY_EDGE_TTA_ACTIVE views= 8 weight= 0.75 mean_abs_feat_delta= 0.33668\n"}
,{"stream_name":"stdout","time":2218.987948937,"data":"BIOHUB_RETENTION_GUARD {\"blended_candidates\": 284, \"dataset\": \"44b6_2a2eff9f\", \"frame\": 51, \"minimum_retention\": 0.9, \"primary_candidates\": 407, \"retention\": 0.6977886977886978, \"use_primary\": true}\n"}
,{"stream_name":"stdout","time":2219.185908136,"data":"SECONDARY_EDGE_TTA_ACTIVE views= 8 weight= 0.75 mean_abs_feat_delta= 0.33668\n"}
,{"stream_name":"stdout","time":2219.185939496,"data":"BIOHUB_RETENTION_GUARD {\"blended_candidates\": 284, \"dataset\": \"44b6_2a2eff9f\", \"frame\": 51, \"minimum_retention\": 0.9, \"primary_candidates\": 407, \"retention\": 0.6977886977886978, \"use_primary\": true}\n"}
,{"stream_name":"stdout","time":2219.564624098,"data":"SECONDARY_EDGE_TTA_ACTIVE views= 8 weight= 0.75 mean_abs_feat_delta= 0.253223\n"}
,{"stream_name":"stdout","time":2219.766779284,"data":"SECONDARY_EDGE_TTA_ACTIVE views= 8 weight= 0.75 mean_abs_feat_delta= 0.253223\n"}
,{"stream_name":"stdout","time":2220.091393143,"data":"EDGE_TTA_ACTIVE views= 8 mean_abs_feat_delta= 0.362563\n"}
,{"stream_name":"stdout","time":2220.293529372,"data":"EDGE_TTA_ACTIVE views= 8 mean_abs_feat_delta= 0.362563\n"}
,{"stream_name":"stdout","time":2220.600011823,"data":"EDGE_TTA_ACTIVE views= 8 mean_abs_feat_delta= 0.344133\n"}
,{"stream_name":"stdout","time":2220.802301207,"data":"EDGE_TTA_ACTIVE views= 8 mean_abs_feat_delta= 0.344133\n"}
,{"stream_name":"stdout","time":2221.050847105,"data":"SECONDARY_EDGE_TTA_ACTIVE views= 8 weight= 0.75 mean_abs_feat_delta= 0.331129\n"}
,{"stream_name":"stdout","time":2221.055071143,"data":"BIOHUB_RETENTION_GUARD {\"blended_candidates\": 269, \"dataset\": \"44b6_2a2eff9f\", \"frame\": 52, \"minimum_retention\": 0.9, \"primary_candidates\": 406, \"retention\": 0.6625615763546798, \"use_primary\": true}\n"}
,{"stream_name":"stdout","time":2221.254082153,"data":"SECONDARY_EDGE_TTA_ACTIVE views= 8 weight= 0.75 mean_abs_feat_delta= 0.331129\n"}
,{"stream_name":"stdout","time":2221.254116398,"data":"BIOHUB_RETENTION_GUARD {\"blended_candidates\": 269, \"dataset\": \"44b6_2a2eff9f\", \"frame\": 52, \"minimum_retention\": 0.9, \"primary_candidates\": 406, \"retention\": 0.6625615763546798, \"use_primary\": true}\n"}
,{"stream_name":"stdout","time":2221.572879327,"data":"SECONDARY_EDGE_TTA_ACTIVE views= 8 weight= 0.75 mean_abs_feat_delta= 0.251983\n"}
,{"stream_name":"stdout","time":2221.775072167,"data":"SECONDARY_EDGE_TTA_ACTIVE views= 8 weight= 0.75 mean_abs_feat_delta= 0.251983\n"}
,{"stream_name":"stdout","time":2222.178351516,"data":"EDGE_TTA_ACTIVE views= 8 mean_abs_feat_delta= 0.366037\n"}
,{"stream_name":"stdout","time":2222.380945384,"data":"EDGE_TTA_ACTIVE views= 8 mean_abs_feat_delta= 0.366037\n"}
,{"stream_name":"stdout","time":2222.645897458,"data":"EDGE_TTA_ACTIVE views= 8 mean_abs_feat_delta= 0.337296\n"}
,{"stream_name":"stdout","time":2222.848164146,"data":"EDGE_TTA_ACTIVE views= 8 mean_abs_feat_delta= 0.337296\n"}
,{"stream_name":"stdout","time":2223.142224125,"data":"SECONDARY_EDGE_TTA_ACTIVE views= 8 weight= 0.75 mean_abs_feat_delta= 0.333002\n"}
,{"stream_name":"stdout","time":2223.146470881,"data":"BIOHUB_RETENTION_GUARD {\"blended_candidates\": 288, \"dataset\": \"44b6_2a2eff9f\", \"frame\": 53, \"minimum_retention\": 0.9, \"primary_candidates\": 418, \"retention\": 0.6889952153110048, \"use_primary\": true}\n"}
,{"stream_name":"stdout","time":2223.344878011,"data":"SECONDARY_EDGE_TTA_ACTIVE views= 8 weight= 0.75 mean_abs_feat_delta= 0.333002\n"}
,{"stream_name":"stdout","time":2223.344910291,"data":"BIOHUB_RETENTION_GUARD {\"blended_candidates\": 288, \"dataset\": \"44b6_2a2eff9f\", \"frame\": 53, \"minimum_retention\": 0.9, \"primary_candidates\": 418, \"retention\": 0.6889952153110048, \"use_primary\": true}\n"}
,{"stream_name":"stdout","time":2223.617307093,"data":"SECONDARY_EDGE_TTA_ACTIVE views= 8 weight= 0.75 mean_abs_feat_delta= 0.251603\n"}
,{"stream_name":"stdout","time":2223.820035005,"data":"SECONDARY_EDGE_TTA_ACTIVE views= 8 weight= 0.75 mean_abs_feat_delta= 0.251603\n"}
,{"stream_name":"stdout","time":2224.270457865,"data":"EDGE_TTA_ACTIVE views= 8 mean_abs_feat_delta= 0.364649\n"}
,{"stream_name":"stdout","time":2224.472802281,"data":"EDGE_TTA_ACTIVE views= 8 mean_abs_feat_delta= 0.364649\n"}
,{"stream_name":"stdout","time":2224.6515377,"data":"EDGE_TTA_ACTIVE views= 8 mean_abs_feat_delta= 0.340359\n"}
,{"stream_name":"stdout","time":2224.853800676,"data":"EDGE_TTA_ACTIVE views= 8 mean_abs_feat_delta= 0.340359\n"}
,{"stream_name":"stdout","time":2225.228482853,"data":"SECONDARY_EDGE_TTA_ACTIVE views= 8 weight= 0.75 mean_abs_feat_delta= 0.335485\n"}
,{"stream_name":"stdout","time":2225.232724888,"data":"BIOHUB_RETENTION_GUARD {\"blended_candidates\": 243, \"dataset\": \"44b6_2a2eff9f\", \"frame\": 54, \"minimum_retention\": 0.9, \"primary_candidates\": 392, \"retention\": 0.6198979591836735, \"use_primary\": true}\n"}
,{"stream_name":"stdout","time":2225.430879616,"data":"SECONDARY_EDGE_TTA_ACTIVE views= 8 weight= 0.75 mean_abs_feat_delta= 0.335485\n"}
,{"stream_name":"stdout","time":2225.430912137,"data":"BIOHUB_RETENTION_GUARD {\"blended_candidates\": 243, \"dataset\": \"44b6_2a2eff9f\", \"frame\": 54, \"minimum_retention\": 0.9, \"primary_candidates\": 392, \"retention\": 0.6198979591836735, \"use_primary\": true}\n"}
,{"stream_name":"stdout","time":2225.620164103,"data":"SECONDARY_EDGE_TTA_ACTIVE views= 8 weight= 0.75 mean_abs_feat_delta= 0.252902\n"}
,{"stream_name":"stdout","time":2225.822576952,"data":"SECONDARY_EDGE_TTA_ACTIVE views= 8 weight= 0.75 mean_abs_feat_delta= 0.252902\n"}
,{"stream_name":"stdout","time":2226.389492205,"data":"EDGE_TTA_ACTIVE views= 8 mean_abs_feat_delta= 0.361135\n"}
,{"stream_name":"stdout","time":2226.591887605,"data":"EDGE_TTA_ACTIVE views= 8 mean_abs_feat_delta= 0.361135\n"}
,{"stream_name":"stdout","time":2226.655277532,"data":"EDGE_TTA_ACTIVE views= 8 mean_abs_feat_delta= 0.328718\n"}
,{"stream_name":"stdout","time":2226.857309026,"data":"EDGE_TTA_ACTIVE views= 8 mean_abs_feat_delta= 0.328718\n"}
,{"stream_name":"stdout","time":2227.347857594,"data":"SECONDARY_EDGE_TTA_ACTIVE views= 8 weight= 0.75 mean_abs_feat_delta= 0.330638\n"}
,{"stream_name":"stdout","time":2227.352228888,"data":"BIOHUB_RETENTION_GUARD {\"blended_candidates\": 255, \"dataset\": \"44b6_2a2eff9f\", \"frame\": 55, \"minimum_retention\": 0.9, \"primary_candidates\": 409, \"retention\": 0.6234718826405868, \"use_primary\": true}\n"}
,{"stream_name":"stdout","time":2227.55051118,"data":"SECONDARY_EDGE_TTA_ACTIVE views= 8 weight= 0.75 mean_abs_feat_delta= 0.330638\n"}
,{"stream_name":"stdout","time":2227.550709554,"data":"BIOHUB_RETENTION_GUARD {\"blended_candidates\": 255, \"dataset\": \"44b6_2a2eff9f\", \"frame\": 55, \"minimum_retention\": 0.9, \"primary_candidates\": 409, \"retention\": 0.6234718826405868, \"use_primary\": true}\n"}
,{"stream_name":"stdout","time":2227.624760844,"data":"SECONDARY_EDGE_TTA_ACTIVE views= 8 weight= 0.75 mean_abs_feat_delta= 0.251763\n"}
,{"stream_name":"stdout","time":2227.827187949,"data":"SECONDARY_EDGE_TTA_ACTIVE views= 8 weight= 0.75 mean_abs_feat_delta= 0.251763\n"}
,{"stream_name":"stdout","time":2228.444949493,"data":"EDGE_TTA_ACTIVE views= 8 mean_abs_feat_delta= 0.359041\n"}
,{"stream_name":"stdout","time":2228.647232168,"data":"EDGE_TTA_ACTIVE views= 8 mean_abs_feat_delta= 0.359041\n"}
,{"stream_name":"stdout","time":2228.674357196,"data":"EDGE_TTA_ACTIVE views= 8 mean_abs_feat_delta= 0.332662\n"}
,{"stream_name":"stdout","time":2228.876612194,"data":"EDGE_TTA_ACTIVE views= 8 mean_abs_feat_delta= 0.332662\n"}
,{"stream_name":"stdout","time":2229.399339206,"data":"SECONDARY_EDGE_TTA_ACTIVE views= 8 weight= 0.75 mean_abs_feat_delta= 0.327924\n"}
,{"stream_name":"stdout","time":2229.403541512,"data":"BIOHUB_RETENTION_GUARD {\"blended_candidates\": 271, \"dataset\": \"44b6_2a2eff9f\", \"frame\": 56, \"minimum_retention\": 0.9, \"primary_candidates\": 424, \"retention\": 0.6391509433962265, \"use_primary\": true}\n"}
,{"stream_name":"stdout","time":2229.60180406,"data":"SECONDARY_EDGE_TTA_ACTIVE views= 8 weight= 0.75 mean_abs_feat_delta= 0.327924\n"}
,{"stream_name":"stdout","time":2229.601852173,"data":"BIOHUB_RETENTION_GUARD {\"blended_candidates\": 271, \"dataset\": \"44b6_2a2eff9f\", \"frame\": 56, \"minimum_retention\": 0.9, \"primary_candidates\": 424, \"retention\": 0.6391509433962265, \"use_primary\": true}\n"}
,{"stream_name":"stdout","time":2229.638663889,"data":"SECONDARY_EDGE_TTA_ACTIVE views= 8 weight= 0.75 mean_abs_feat_delta= 0.252662\n"}
,{"stream_name":"stdout","time":2229.841302202,"data":"SECONDARY_EDGE_TTA_ACTIVE views= 8 weight= 0.75 mean_abs_feat_delta= 0.252662\n"}
,{"stream_name":"stdout","time":2230.519265199,"data":"EDGE_TTA_ACTIVE views= 8 mean_abs_feat_delta= 0.360113\n"}
,{"stream_name":"stdout","time":2230.701046911,"data":"EDGE_TTA_ACTIVE views= 8 mean_abs_feat_delta= 0.336965\n"}
,{"stream_name":"stdout","time":2230.721712478,"data":"EDGE_TTA_ACTIVE views= 8 mean_abs_feat_delta= 0.360113\n"}
,{"stream_name":"stdout","time":2230.721737512,"data":"EDGE_TTA_ACTIVE views= 8 mean_abs_feat_delta= 0.336965\n"}
,{"stream_name":"stdout","time":2231.474242058,"data":"SECONDARY_EDGE_TTA_ACTIVE views= 8 weight= 0.75 mean_abs_feat_delta= 0.327605\n"}
,{"stream_name":"stdout","time":2231.478301133,"data":"BIOHUB_RETENTION_GUARD {\"blended_candidates\": 282, \"dataset\": \"44b6_2a2eff9f\", \"frame\": 57, \"minimum_retention\": 0.9, \"primary_candidates\": 451, \"retention\": 0.6252771618625277, \"use_primary\": true}\n"}
,{"stream_name":"stdout","time":2231.669846961,"data":"SECONDARY_EDGE_TTA_ACTIVE views= 8 weight= 0.75 mean_abs_feat_delta= 0.25307\n"}
,{"stream_name":"stdout","time":2231.676576822,"data":"SECONDARY_EDGE_TTA_ACTIVE views= 8 weight= 0.75 mean_abs_feat_delta= 0.327605\n"}
,{"stream_name":"stdout","time":2231.676600072,"data":"BIOHUB_RETENTION_GUARD {\"blended_candidates\": 282, \"dataset\": \"44b6_2a2eff9f\", \"frame\": 57, \"minimum_retention\": 0.9, \"primary_candidates\": 451, \"retention\": 0.6252771618625277, \"use_primary\": true}\n"}
,{"stream_name":"stdout","time":2231.676606797,"data":"SECONDARY_EDGE_TTA_ACTIVE views= 8 weight= 0.75 mean_abs_feat_delta= 0.25307\n"}
,{"stream_name":"stdout","time":2232.608693718,"data":"EDGE_TTA_ACTIVE views= 8 mean_abs_feat_delta= 0.365191\n"}
,{"stream_name":"stdout","time":2232.737287135,"data":"EDGE_TTA_ACTIVE views= 8 mean_abs_feat_delta= 0.33779\n"}
,{"stream_name":"stdout","time":2232.895523673,"data":"EDGE_TTA_ACTIVE views= 8 mean_abs_feat_delta= 0.365191\n"}
,{"stream_name":"stdout","time":2232.895542571,"data":"EDGE_TTA_ACTIVE views= 8 mean_abs_feat_delta= 0.33779\n"}
,{"stream_name":"stdout","time":2233.564596641,"data":"SECONDARY_EDGE_TTA_ACTIVE views= 8 weight= 0.75 mean_abs_feat_delta= 0.329719\n"}
,{"stream_name":"stdout","time":2233.568672549,"data":"BIOHUB_RETENTION_GUARD {\"blended_candidates\": 270, \"dataset\": \"44b6_2a2eff9f\", \"frame\": 58, \"minimum_retention\": 0.9, \"primary_candidates\": 429, \"retention\": 0.6293706293706294, \"use_primary\": true}\n"}
,{"stream_name":"stdout","time":2233.701012199,"data":"SECONDARY_EDGE_TTA_ACTIVE views= 8 weight= 0.75 mean_abs_feat_delta= 0.253586\n"}
,{"stream_name":"stdout","time":2233.766828865,"data":"SECONDARY_EDGE_TTA_ACTIVE views= 8 weight= 0.75 mean_abs_feat_delta= 0.329719\n"}
,{"stream_name":"stdout","time":2233.766859376,"data":"BIOHUB_RETENTION_GUARD {\"blended_candidates\": 270, \"dataset\": \"44b6_2a2eff9f\", \"frame\": 58, \"minimum_retention\": 0.9, \"primary_candidates\": 429, \"retention\": 0.6293706293706294, \"use_primary\": true}\n"}
,{"stream_name":"stdout","time":2233.766880978,"data":"SECONDARY_EDGE_TTA_ACTIVE views= 8 weight= 0.75 mean_abs_feat_delta= 0.253586\n"}
,{"stream_name":"stdout","time":2234.672219026,"data":"EDGE_TTA_ACTIVE views= 8 mean_abs_feat_delta= 0.369054\n"}
,{"stream_name":"stdout","time":2234.750129154,"data":"EDGE_TTA_ACTIVE views= 8 mean_abs_feat_delta= 0.342767\n"}
,{"stream_name":"stdout","time":2234.874451358,"data":"EDGE_TTA_ACTIVE views= 8 mean_abs_feat_delta= 0.369054\n"}
,{"stream_name":"stdout","time":2234.874470001,"data":"EDGE_TTA_ACTIVE views= 8 mean_abs_feat_delta= 0.342767\n"}
,{"stream_name":"stdout","time":2235.629031487,"data":"SECONDARY_EDGE_TTA_ACTIVE views= 8 weight= 0.75 mean_abs_feat_delta= 0.330811\n"}
,{"stream_name":"stdout","time":2235.633121625,"data":"BIOHUB_RETENTION_GUARD {\"blended_candidates\": 335, \"dataset\": \"44b6_2a2eff9f\", \"frame\": 59, \"minimum_retention\": 0.9, \"primary_candidates\": 469, \"retention\": 0.7142857142857143, \"use_primary\": true}\n"}
,{"stream_name":"stdout","time":2235.709956393,"data":"SECONDARY_EDGE_TTA_ACTIVE views= 8 weight= 0.75 mean_abs_feat_delta= 0.254472\n"}
,{"stream_name":"stdout","time":2235.831400235,"data":"SECONDARY_EDGE_TTA_ACTIVE views= 8 weight= 0.75 mean_abs_feat_delta= 0.330811\n"}
,{"stream_name":"stdout","time":2235.831431615,"data":"BIOHUB_RETENTION_GUARD {\"blended_candidates\": 335, \"dataset\": \"44b6_2a2eff9f\", \"frame\": 59, \"minimum_retention\": 0.9, \"primary_candidates\": 469, \"retention\": 0.7142857142857143, \"use_primary\": true}\n"}
,{"stream_name":"stdout","time":2235.831437717,"data":"SECONDARY_EDGE_TTA_ACTIVE views= 8 weight= 0.75 mean_abs_feat_delta= 0.254472\n"}
,{"stream_name":"stdout","time":2236.756069488,"data":"EDGE_TTA_ACTIVE views= 8 mean_abs_feat_delta= 0.341057\n"}
,{"stream_name":"stdout","time":2236.784798999,"data":"EDGE_TTA_ACTIVE views= 8 mean_abs_feat_delta= 0.371614\n"}
,{"stream_name":"stdout","time":2236.958365608,"data":"EDGE_TTA_ACTIVE views= 8 mean_abs_feat_delta= 0.341057\n"}
,{"stream_name":"stdout","time":2236.95838744,"data":"EDGE_TTA_ACTIVE views= 8 mean_abs_feat_delta= 0.371614\n"}
,{"stream_name":"stdout","time":2237.723497978,"data":"SECONDARY_EDGE_TTA_ACTIVE views= 8 weight= 0.75 mean_abs_feat_delta= 0.251768\n"}
,{"stream_name":"stdout","time":2237.739549113,"data":"SECONDARY_EDGE_TTA_ACTIVE views= 8 weight= 0.75 mean_abs_feat_delta= 0.331977\n"}
,{"stream_name":"stdout","time":2237.744177004,"data":"BIOHUB_RETENTION_GUARD {\"blended_candidates\": 284, \"dataset\": \"44b6_2a2eff9f\", \"frame\": 60, \"minimum_retention\": 0.9, \"primary_candidates\": 436, \"retention\": 0.6513761467889908, \"use_primary\": true}\n"}
,{"stream_name":"stdout","time":2237.92552604,"data":"SECONDARY_EDGE_TTA_ACTIVE views= 8 weight= 0.75 mean_abs_feat_delta= 0.251768\n"}
,{"stream_name":"stdout","time":2237.925559816,"data":"SECONDARY_EDGE_TTA_ACTIVE views= 8 weight= 0.75 mean_abs_feat_delta= 0.331977\n"}
,{"stream_name":"stdout","time":2237.92556523,"data":"BIOHUB_RETENTION_GUARD {\"blended_candidates\": 284, \"dataset\": \"44b6_2a2eff9f\", \"frame\": 60, \"minimum_retention\": 0.9, \"primary_candidates\": 436, \"retention\": 0.6513761467889908, \"use_primary\": true}\n"}
,{"stream_name":"stdout","time":2238.758356888,"data":"EDGE_TTA_ACTIVE views= 8 mean_abs_feat_delta= 0.336331\n"}
,{"stream_name":"stdout","time":2238.904815784,"data":"EDGE_TTA_ACTIVE views= 8 mean_abs_feat_delta= 0.368199\n"}
,{"stream_name":"stdout","time":2238.960727266,"data":"EDGE_TTA_ACTIVE views= 8 mean_abs_feat_delta= 0.336331\n"}
,{"stream_name":"stdout","time":2238.960785111,"data":"EDGE_TTA_ACTIVE views= 8 mean_abs_feat_delta= 0.368199\n"}
,{"stream_name":"stdout","time":2239.722697713,"data":"SECONDARY_EDGE_TTA_ACTIVE views= 8 weight= 0.75 mean_abs_feat_delta= 0.249247\n"}
,{"stream_name":"stdout","time":2239.858781523,"data":"SECONDARY_EDGE_TTA_ACTIVE views= 8 weight= 0.75 mean_abs_feat_delta= 0.326439\n"}
,{"stream_name":"stdout","time":2239.862908236,"data":"BIOHUB_RETENTION_GUARD {\"blended_candidates\": 321, \"dataset\": \"44b6_2a2eff9f\", \"frame\": 61, \"minimum_retention\": 0.9, \"primary_candidates\": 451, \"retention\": 0.7117516629711752, \"use_primary\": true}\n"}
,{"stream_name":"stdout","time":2239.925200163,"data":"SECONDARY_EDGE_TTA_ACTIVE views= 8 weight= 0.75 mean_abs_feat_delta= 0.249247\n"}
,{"stream_name":"stdout","time":2239.92522063,"data":"SECONDARY_EDGE_TTA_ACTIVE views= 8 weight= 0.75 mean_abs_feat_delta= 0.326439\n"}
,{"stream_name":"stdout","time":2239.925224814,"data":"BIOHUB_RETENTION_GUARD {\"blended_candidates\": 321, \"dataset\": \"44b6_2a2eff9f\", \"frame\": 61, \"minimum_retention\": 0.9, \"primary_candidates\": 451, \"retention\": 0.7117516629711752, \"use_primary\": true}\n"}
,{"stream_name":"stdout","time":2240.764492261,"data":"EDGE_TTA_ACTIVE views= 8 mean_abs_feat_delta= 0.334957\n"}
,{"stream_name":"stdout","time":2240.959016989,"data":"EDGE_TTA_ACTIVE views= 8 mean_abs_feat_delta= 0.36467\n"}
,{"stream_name":"stdout","time":2240.968107238,"data":"EDGE_TTA_ACTIVE views= 8 mean_abs_feat_delta= 0.334957\n"}
,{"stream_name":"stdout","time":2240.968128848,"data":"EDGE_TTA_ACTIVE views= 8 mean_abs_feat_delta= 0.36467\n"}
,{"stream_name":"stdout","time":2241.730869953,"data":"SECONDARY_EDGE_TTA_ACTIVE views= 8 weight= 0.75 mean_abs_feat_delta= 0.249987\n"}
,{"stream_name":"stdout","time":2241.912665089,"data":"SECONDARY_EDGE_TTA_ACTIVE views= 8 weight= 0.75 mean_abs_feat_delta= 0.326516\n"}
,{"stream_name":"stdout","time":2241.916797421,"data":"BIOHUB_RETENTION_GUARD {\"blended_candidates\": 420, \"dataset\": \"44b6_2a2eff9f\", \"frame\": 62, \"minimum_retention\": 0.9, \"primary_candidates\": 490, \"retention\": 0.8571428571428571, \"use_primary\": true}\n"}
,{"stream_name":"stdout","time":2241.933266696,"data":"SECONDARY_EDGE_TTA_ACTIVE views= 8 weight= 0.75 mean_abs_feat_delta= 0.249987\n"}
,{"stream_name":"stdout","time":2241.93329682,"data":"SECONDARY_EDGE_TTA_ACTIVE views= 8 weight= 0.75 mean_abs_feat_delta= 0.326516\n"}
,{"stream_name":"stdout","time":2241.93330241,"data":"BIOHUB_RETENTION_GUARD {\"blended_candidates\": 420, \"dataset\": \"44b6_2a2eff9f\", \"frame\": 62, \"minimum_retention\": 0.9, \"primary_candidates\": 490, \"retention\": 0.8571428571428571, \"use_primary\": true}\n"}
,{"stream_name":"stdout","time":2242.765811642,"data":"EDGE_TTA_ACTIVE views= 8 mean_abs_feat_delta= 0.341619\n"}
,{"stream_name":"stdout","time":2242.96813691,"data":"EDGE_TTA_ACTIVE views= 8 mean_abs_feat_delta= 0.341619\n"}
,{"stream_name":"stdout","time":2243.063677295,"data":"EDGE_TTA_ACTIVE views= 8 mean_abs_feat_delta= 0.365175\n"}
,{"stream_name":"stdout","time":2243.265874704,"data":"EDGE_TTA_ACTIVE views= 8 mean_abs_feat_delta= 0.365175\n"}
,{"stream_name":"stdout","time":2243.730295349,"data":"SECONDARY_EDGE_TTA_ACTIVE views= 8 weight= 0.75 mean_abs_feat_delta= 0.250903\n"}
,{"stream_name":"stdout","time":2243.932804942,"data":"SECONDARY_EDGE_TTA_ACTIVE views= 8 weight= 0.75 mean_abs_feat_delta= 0.250903\n"}
,{"stream_name":"stdout","time":2244.017336216,"data":"SECONDARY_EDGE_TTA_ACTIVE views= 8 weight= 0.75 mean_abs_feat_delta= 0.335461\n"}
,{"stream_name":"stdout","time":2244.022015544,"data":"BIOHUB_RETENTION_GUARD {\"blended_candidates\": 337, \"dataset\": \"44b6_2a2eff9f\", \"frame\": 63, \"minimum_retention\": 0.9, \"primary_candidates\": 473, \"retention\": 0.7124735729386892, \"use_primary\": true}\n"}
,{"stream_name":"stdout","time":2244.220229654,"data":"SECONDARY_EDGE_TTA_ACTIVE views= 8 weight= 0.75 mean_abs_feat_delta= 0.335461\n"}
,{"stream_name":"stdout","time":2244.220280347,"data":"BIOHUB_RETENTION_GUARD {\"blended_candidates\": 337, \"dataset\": \"44b6_2a2eff9f\", \"frame\": 63, \"minimum_retention\": 0.9, \"primary_candidates\": 473, \"retention\": 0.7124735729386892, \"use_primary\": true}\n"}
,{"stream_name":"stdout","time":2244.794390231,"data":"EDGE_TTA_ACTIVE views= 8 mean_abs_feat_delta= 0.337701\n"}
,{"stream_name":"stdout","time":2244.996824075,"data":"EDGE_TTA_ACTIVE views= 8 mean_abs_feat_delta= 0.337701\n"}
,{"stream_name":"stdout","time":2245.145785512,"data":"EDGE_TTA_ACTIVE views= 8 mean_abs_feat_delta= 0.363902\n"}
,{"stream_name":"stdout","time":2245.348173589,"data":"EDGE_TTA_ACTIVE views= 8 mean_abs_feat_delta= 0.363902\n"}
,{"stream_name":"stdout","time":2245.761106343,"data":"SECONDARY_EDGE_TTA_ACTIVE views= 8 weight= 0.75 mean_abs_feat_delta= 0.251856\n"}
,{"stream_name":"stdout","time":2245.963489528,"data":"SECONDARY_EDGE_TTA_ACTIVE views= 8 weight= 0.75 mean_abs_feat_delta= 0.251856\n"}
,{"stream_name":"stdout","time":2246.101077689,"data":"SECONDARY_EDGE_TTA_ACTIVE views= 8 weight= 0.75 mean_abs_feat_delta= 0.330483\n"}
,{"stream_name":"stdout","time":2246.105346904,"data":"BIOHUB_RETENTION_GUARD {\"blended_candidates\": 333, \"dataset\": \"44b6_2a2eff9f\", \"frame\": 64, \"minimum_retention\": 0.9, \"primary_candidates\": 464, \"retention\": 0.7176724137931034, \"use_primary\": true}\n"}
,{"stream_name":"stdout","time":2246.303693184,"data":"SECONDARY_EDGE_TTA_ACTIVE views= 8 weight= 0.75 mean_abs_feat_delta= 0.330483\n"}
,{"stream_name":"stdout","time":2246.303794619,"data":"BIOHUB_RETENTION_GUARD {\"blended_candidates\": 333, \"dataset\": \"44b6_2a2eff9f\", \"frame\": 64, \"minimum_retention\": 0.9, \"primary_candidates\": 464, \"retention\": 0.7176724137931034, \"use_primary\": true}\n"}
,{"stream_name":"stdout","time":2246.797874435,"data":"EDGE_TTA_ACTIVE views= 8 mean_abs_feat_delta= 0.333193\n"}
,{"stream_name":"stdout","time":2247.000458092,"data":"EDGE_TTA_ACTIVE views= 8 mean_abs_feat_delta= 0.333193\n"}
,{"stream_name":"stdout","time":2247.225212045,"data":"EDGE_TTA_ACTIVE views= 8 mean_abs_feat_delta= 0.365061\n"}
,{"stream_name":"stdout","time":2247.427720278,"data":"EDGE_TTA_ACTIVE views= 8 mean_abs_feat_delta= 0.365061\n"}
,{"stream_name":"stdout","time":2247.764711772,"data":"SECONDARY_EDGE_TTA_ACTIVE views= 8 weight= 0.75 mean_abs_feat_delta= 0.252863\n"}
,{"stream_name":"stdout","time":2247.966945426,"data":"SECONDARY_EDGE_TTA_ACTIVE views= 8 weight= 0.75 mean_abs_feat_delta= 0.252863\n"}
,{"stream_name":"stdout","time":2248.179665353,"data":"SECONDARY_EDGE_TTA_ACTIVE views= 8 weight= 0.75 mean_abs_feat_delta= 0.325601\n"}
,{"stream_name":"stdout","time":2248.18442335,"data":"BIOHUB_RETENTION_GUARD {\"blended_candidates\": 363, \"dataset\": \"44b6_2a2eff9f\", \"frame\": 65, \"minimum_retention\": 0.9, \"primary_candidates\": 495, \"retention\": 0.7333333333333333, \"use_primary\": true}\n"}
,{"stream_name":"stdout","time":2248.382592234,"data":"SECONDARY_EDGE_TTA_ACTIVE views= 8 weight= 0.75 mean_abs_feat_delta= 0.325601\n"}
,{"stream_name":"stdout","time":2248.382630126,"data":"BIOHUB_RETENTION_GUARD {\"blended_candidates\": 363, \"dataset\": \"44b6_2a2eff9f\", \"frame\": 65, \"minimum_retention\": 0.9, \"primary_candidates\": 495, \"retention\": 0.7333333333333333, \"use_primary\": true}\n"}
,{"stream_name":"stdout","time":2248.808315646,"data":"EDGE_TTA_ACTIVE views= 8 mean_abs_feat_delta= 0.336337\n"}
,{"stream_name":"stdout","time":2249.010766813,"data":"EDGE_TTA_ACTIVE views= 8 mean_abs_feat_delta= 0.336337\n"}
,{"stream_name":"stdout","time":2249.41386035,"data":"EDGE_TTA_ACTIVE views= 8 mean_abs_feat_delta= 0.365762\n"}
,{"stream_name":"stdout","time":2249.616449456,"data":"EDGE_TTA_ACTIVE views= 8 mean_abs_feat_delta= 0.365762\n"}
,{"stream_name":"stdout","time":2249.779529642,"data":"SECONDARY_EDGE_TTA_ACTIVE views= 8 weight= 0.75 mean_abs_feat_delta= 0.248811\n"}
,{"stream_name":"stdout","time":2249.981955702,"data":"SECONDARY_EDGE_TTA_ACTIVE views= 8 weight= 0.75 mean_abs_feat_delta= 0.248811\n"}
,{"stream_name":"stdout","time":2250.371132564,"data":"SECONDARY_EDGE_TTA_ACTIVE views= 8 weight= 0.75 mean_abs_feat_delta= 0.323744\n"}
,{"stream_name":"stdout","time":2250.375551291,"data":"BIOHUB_RETENTION_GUARD {\"blended_candidates\": 341, \"dataset\": \"44b6_2a2eff9f\", \"frame\": 66, \"minimum_retention\": 0.9, \"primary_candidates\": 457, \"retention\": 0.7461706783369803, \"use_primary\": true}\n"}
,{"stream_name":"stdout","time":2250.573605962,"data":"SECONDARY_EDGE_TTA_ACTIVE views= 8 weight= 0.75 mean_abs_feat_delta= 0.323744\n"}
,{"stream_name":"stdout","time":2250.573676013,"data":"BIOHUB_RETENTION_GUARD {\"blended_candidates\": 341, \"dataset\": \"44b6_2a2eff9f\", \"frame\": 66, \"minimum_retention\": 0.9, \"primary_candidates\": 457, \"retention\": 0.7461706783369803, \"use_primary\": true}\n"}
,{"stream_name":"stdout","time":2250.821183164,"data":"EDGE_TTA_ACTIVE views= 8 mean_abs_feat_delta= 0.340775\n"}
,{"stream_name":"stdout","time":2251.025121148,"data":"EDGE_TTA_ACTIVE views= 8 mean_abs_feat_delta= 0.340775\n"}
,{"stream_name":"stdout","time":2251.56146795,"data":"EDGE_TTA_ACTIVE views= 8 mean_abs_feat_delta= 0.367265\n"}
,{"stream_name":"stdout","time":2251.764379408,"data":"EDGE_TTA_ACTIVE views= 8 mean_abs_feat_delta= 0.367265\n"}
,{"stream_name":"stdout","time":2251.78709359,"data":"SECONDARY_EDGE_TTA_ACTIVE views= 8 weight= 0.75 mean_abs_feat_delta= 0.245586\n"}
,{"stream_name":"stdout","time":2251.989785961,"data":"SECONDARY_EDGE_TTA_ACTIVE views= 8 weight= 0.75 mean_abs_feat_delta= 0.245586\n"}
,{"stream_name":"stdout","time":2252.521776661,"data":"SECONDARY_EDGE_TTA_ACTIVE views= 8 weight= 0.75 mean_abs_feat_delta= 0.323117\n"}
,{"stream_name":"stdout","time":2252.52593415,"data":"BIOHUB_RETENTION_GUARD {\"blended_candidates\": 360, \"dataset\": \"44b6_2a2eff9f\", \"frame\": 67, \"minimum_retention\": 0.9, \"primary_candidates\": 460, \"retention\": 0.782608695652174, \"use_primary\": true}\n"}
,{"stream_name":"stdout","time":2252.72453052,"data":"SECONDARY_EDGE_TTA_ACTIVE views= 8 weight= 0.75 mean_abs_feat_delta= 0.323117\n"}
,{"stream_name":"stdout","time":2252.724564162,"data":"BIOHUB_RETENTION_GUARD {\"blended_candidates\": 360, \"dataset\": \"44b6_2a2eff9f\", \"frame\": 67, \"minimum_retention\": 0.9, \"primary_candidates\": 460, \"retention\": 0.782608695652174, \"use_primary\": true}\n"}
,{"stream_name":"stdout","time":2252.859604751,"data":"EDGE_TTA_ACTIVE views= 8 mean_abs_feat_delta= 0.340687\n"}
,{"stream_name":"stdout","time":2253.062016568,"data":"EDGE_TTA_ACTIVE views= 8 mean_abs_feat_delta= 0.340687\n"}
,{"stream_name":"stdout","time":2253.640090168,"data":"EDGE_TTA_ACTIVE views= 8 mean_abs_feat_delta= 0.368968\n"}
,{"stream_name":"stdout","time":2253.830294444,"data":"SECONDARY_EDGE_TTA_ACTIVE views= 8 weight= 0.75 mean_abs_feat_delta= 0.249088\n"}
,{"stream_name":"stdout","time":2253.843023748,"data":"EDGE_TTA_ACTIVE views= 8 mean_abs_feat_delta= 0.368968\n"}
,{"stream_name":"stdout","time":2253.843046366,"data":"SECONDARY_EDGE_TTA_ACTIVE views= 8 weight= 0.75 mean_abs_feat_delta= 0.249088\n"}
,{"stream_name":"stdout","time":2254.60170498,"data":"SECONDARY_EDGE_TTA_ACTIVE views= 8 weight= 0.75 mean_abs_feat_delta= 0.325646\n"}
,{"stream_name":"stdout","time":2254.605875249,"data":"BIOHUB_RETENTION_GUARD {\"blended_candidates\": 333, \"dataset\": \"44b6_2a2eff9f\", \"frame\": 68, \"minimum_retention\": 0.9, \"primary_candidates\": 457, \"retention\": 0.7286652078774617, \"use_primary\": true}\n"}
,{"stream_name":"stdout","time":2254.804126162,"data":"SECONDARY_EDGE_TTA_ACTIVE views= 8 weight= 0.75 mean_abs_feat_delta= 0.325646\n"}
,{"stream_name":"stdout","time":2254.804168055,"data":"BIOHUB_RETENTION_GUARD {\"blended_candidates\": 333, \"dataset\": \"44b6_2a2eff9f\", \"frame\": 68, \"minimum_retention\": 0.9, \"primary_candidates\": 457, \"retention\": 0.7286652078774617, \"use_primary\": true}\n"}
,{"stream_name":"stdout","time":2254.878892602,"data":"EDGE_TTA_ACTIVE views= 8 mean_abs_feat_delta= 0.335059\n"}
,{"stream_name":"stdout","time":2255.081354302,"data":"EDGE_TTA_ACTIVE views= 8 mean_abs_feat_delta= 0.335059\n"}
,{"stream_name":"stdout","time":2255.745973332,"data":"EDGE_TTA_ACTIVE views= 8 mean_abs_feat_delta= 0.371411\n"}
,{"stream_name":"stdout","time":2255.847520991,"data":"SECONDARY_EDGE_TTA_ACTIVE views= 8 weight= 0.75 mean_abs_feat_delta= 0.248363\n"}
,{"stream_name":"stdout","time":2255.949156772,"data":"EDGE_TTA_ACTIVE views= 8 mean_abs_feat_delta= 0.371411\n"}
,{"stream_name":"stdout","time":2255.949196199,"data":"SECONDARY_EDGE_TTA_ACTIVE views= 8 weight= 0.75 mean_abs_feat_delta= 0.248363\n"}
,{"stream_name":"stdout","time":2256.711563643,"data":"SECONDARY_EDGE_TTA_ACTIVE views= 8 weight= 0.75 mean_abs_feat_delta= 0.321799\n"}
,{"stream_name":"stdout","time":2256.715686206,"data":"BIOHUB_RETENTION_GUARD {\"blended_candidates\": 343, \"dataset\": \"44b6_2a2eff9f\", \"frame\": 69, \"minimum_retention\": 0.9, \"primary_candidates\": 458, \"retention\": 0.7489082969432315, \"use_primary\": true}\n"}
,{"stream_name":"stdout","time":2256.888199898,"data":"EDGE_TTA_ACTIVE views= 8 mean_abs_feat_delta= 0.332462\n"}
,{"stream_name":"stdout","time":2256.914272554,"data":"SECONDARY_EDGE_TTA_ACTIVE views= 8 weight= 0.75 mean_abs_feat_delta= 0.321799\n"}
,{"stream_name":"stdout","time":2256.914302055,"data":"BIOHUB_RETENTION_GUARD {\"blended_candidates\": 343, \"dataset\": \"44b6_2a2eff9f\", \"frame\": 69, \"minimum_retention\": 0.9, \"primary_candidates\": 458, \"retention\": 0.7489082969432315, \"use_primary\": true}\n"}
,{"stream_name":"stdout","time":2256.914336402,"data":"EDGE_TTA_ACTIVE views= 8 mean_abs_feat_delta= 0.332462\n"}
,{"stream_name":"stdout","time":2257.857605149,"data":"EDGE_TTA_ACTIVE views= 8 mean_abs_feat_delta= 0.367712\n"}
,{"stream_name":"stdout","time":2257.858218549,"data":"SECONDARY_EDGE_TTA_ACTIVE views= 8 weight= 0.75 mean_abs_feat_delta= 0.249044\n"}
,{"stream_name":"stdout","time":2258.060301421,"data":"EDGE_TTA_ACTIVE views= 8 mean_abs_feat_delta= 0.367712\n"}
,{"stream_name":"stdout","time":2258.060358893,"data":"SECONDARY_EDGE_TTA_ACTIVE views= 8 weight= 0.75 mean_abs_feat_delta= 0.249044\n"}
,{"stream_name":"stdout","time":2258.820436556,"data":"SECONDARY_EDGE_TTA_ACTIVE views= 8 weight= 0.75 mean_abs_feat_delta= 0.319894\n"}
,{"stream_name":"stdout","time":2258.824576954,"data":"BIOHUB_RETENTION_GUARD {\"blended_candidates\": 392, \"dataset\": \"44b6_2a2eff9f\", \"frame\": 70, \"minimum_retention\": 0.9, \"primary_candidates\": 501, \"retention\": 0.782435129740519, \"use_primary\": true}\n"}
,{"stream_name":"stdout","time":2258.959597103,"data":"EDGE_TTA_ACTIVE views= 8 mean_abs_feat_delta= 0.330292\n"}
,{"stream_name":"stdout","time":2259.022862046,"data":"SECONDARY_EDGE_TTA_ACTIVE views= 8 weight= 0.75 mean_abs_feat_delta= 0.319894\n"}
,{"stream_name":"stdout","time":2259.02289125,"data":"BIOHUB_RETENTION_GUARD {\"blended_candidates\": 392, \"dataset\": \"44b6_2a2eff9f\", \"frame\": 70, \"minimum_retention\": 0.9, \"primary_candidates\": 501, \"retention\": 0.782435129740519, \"use_primary\": true}\n"}
,{"stream_name":"stdout","time":2259.022897923,"data":"EDGE_TTA_ACTIVE views= 8 mean_abs_feat_delta= 0.330292\n"}
,{"stream_name":"stdout","time":2259.926142639,"data":"SECONDARY_EDGE_TTA_ACTIVE views= 8 weight= 0.75 mean_abs_feat_delta= 0.247402\n"}
,{"stream_name":"stdout","time":2260.029114594,"data":"EDGE_TTA_ACTIVE views= 8 mean_abs_feat_delta= 0.369529\n"}
,{"stream_name":"stdout","time":2260.128777311,"data":"SECONDARY_EDGE_TTA_ACTIVE views= 8 weight= 0.75 mean_abs_feat_delta= 0.247402\n"}
,{"stream_name":"stdout","time":2260.12882858,"data":"EDGE_TTA_ACTIVE views= 8 mean_abs_feat_delta= 0.369529\n"}
,{"stream_name":"stdout","time":2260.969688523,"data":"EDGE_TTA_ACTIVE views= 8 mean_abs_feat_delta= 0.330247\n"}
,{"stream_name":"stdout","time":2260.989966382,"data":"SECONDARY_EDGE_TTA_ACTIVE views= 8 weight= 0.75 mean_abs_feat_delta= 0.326641\n"}
,{"stream_name":"stdout","time":2260.995078872,"data":"BIOHUB_RETENTION_GUARD {\"blended_candidates\": 325, \"dataset\": \"44b6_2a2eff9f\", \"frame\": 71, \"minimum_retention\": 0.9, \"primary_candidates\": 454, \"retention\": 0.7158590308370044, \"use_primary\": true}\n"}
,{"stream_name":"stdout","time":2261.172647756,"data":"EDGE_TTA_ACTIVE views= 8 mean_abs_feat_delta= 0.330247\n"}
,{"stream_name":"stdout","time":2261.172684322,"data":"SECONDARY_EDGE_TTA_ACTIVE views= 8 weight= 0.75 mean_abs_feat_delta= 0.326641\n"}
,{"stream_name":"stdout","time":2261.172689761,"data":"BIOHUB_RETENTION_GUARD {\"blended_candidates\": 325, \"dataset\": \"44b6_2a2eff9f\", \"frame\": 71, \"minimum_retention\": 0.9, \"primary_candidates\": 454, \"retention\": 0.7158590308370044, \"use_primary\": true}\n"}
,{"stream_name":"stdout","time":2261.932824307,"data":"SECONDARY_EDGE_TTA_ACTIVE views= 8 weight= 0.75 mean_abs_feat_delta= 0.246196\n"}
,{"stream_name":"stdout","time":2262.135335571,"data":"SECONDARY_EDGE_TTA_ACTIVE views= 8 weight= 0.75 mean_abs_feat_delta= 0.246196\n"}
,{"stream_name":"stdout","time":2262.174528576,"data":"EDGE_TTA_ACTIVE views= 8 mean_abs_feat_delta= 0.372852\n"}
,{"stream_name":"stdout","time":2262.377198958,"data":"EDGE_TTA_ACTIVE views= 8 mean_abs_feat_delta= 0.372852\n"}
,{"stream_name":"stdout","time":2262.985190193,"data":"EDGE_TTA_ACTIVE views= 8 mean_abs_feat_delta= 0.330898\n"}
,{"stream_name":"stdout","time":2263.137677902,"data":"SECONDARY_EDGE_TTA_ACTIVE views= 8 weight= 0.75 mean_abs_feat_delta= 0.331958\n"}
,{"stream_name":"stdout","time":2263.14217721,"data":"BIOHUB_RETENTION_GUARD {\"blended_candidates\": 319, \"dataset\": \"44b6_2a2eff9f\", \"frame\": 72, \"minimum_retention\": 0.9, \"primary_candidates\": 479, \"retention\": 0.6659707724425887, \"use_primary\": true}\n"}
,{"stream_name":"stdout","time":2263.285571826,"data":"EDGE_TTA_ACTIVE views= 8 mean_abs_feat_delta= 0.330898\n"}
,{"stream_name":"stdout","time":2263.285600039,"data":"SECONDARY_EDGE_TTA_ACTIVE views= 8 weight= 0.75 mean_abs_feat_delta= 0.331958\n"}
,{"stream_name":"stdout","time":2263.285604448,"data":"BIOHUB_RETENTION_GUARD {\"blended_candidates\": 319, \"dataset\": \"44b6_2a2eff9f\", \"frame\": 72, \"minimum_retention\": 0.9, \"primary_candidates\": 479, \"retention\": 0.6659707724425887, \"use_primary\": true}\n"}
,{"stream_name":"stdout","time":2263.956830674,"data":"SECONDARY_EDGE_TTA_ACTIVE views= 8 weight= 0.75 mean_abs_feat_delta= 0.246797\n"}
,{"stream_name":"stdout","time":2264.159563178,"data":"SECONDARY_EDGE_TTA_ACTIVE views= 8 weight= 0.75 mean_abs_feat_delta= 0.246797\n"}
,{"stream_name":"stdout","time":2264.359335472,"data":"EDGE_TTA_ACTIVE views= 8 mean_abs_feat_delta= 0.372623\n"}
,{"stream_name":"stdout","time":2264.562058813,"data":"EDGE_TTA_ACTIVE views= 8 mean_abs_feat_delta= 0.372623\n"}
,{"stream_name":"stdout","time":2265.0084793,"data":"EDGE_TTA_ACTIVE views= 8 mean_abs_feat_delta= 0.328729\n"}
,{"stream_name":"stdout","time":2265.210888092,"data":"EDGE_TTA_ACTIVE views= 8 mean_abs_feat_delta= 0.328729\n"}
,{"stream_name":"stdout","time":2265.324998958,"data":"SECONDARY_EDGE_TTA_ACTIVE views= 8 weight= 0.75 mean_abs_feat_delta= 0.336114\n"}
,{"stream_name":"stdout","time":2265.329248483,"data":"BIOHUB_RETENTION_GUARD {\"blended_candidates\": 267, \"dataset\": \"44b6_2a2eff9f\", \"frame\": 73, \"minimum_retention\": 0.9, \"primary_candidates\": 429, \"retention\": 0.6223776223776224, \"use_primary\": true}\n"}
,{"stream_name":"stdout","time":2265.527711205,"data":"SECONDARY_EDGE_TTA_ACTIVE views= 8 weight= 0.75 mean_abs_feat_delta= 0.336114\n"}
,{"stream_name":"stdout","time":2265.527779214,"data":"BIOHUB_RETENTION_GUARD {\"blended_candidates\": 267, \"dataset\": \"44b6_2a2eff9f\", \"frame\": 73, \"minimum_retention\": 0.9, \"primary_candidates\": 429, \"retention\": 0.6223776223776224, \"use_primary\": true}\n"}
,{"stream_name":"stdout","time":2265.980242022,"data":"SECONDARY_EDGE_TTA_ACTIVE views= 8 weight= 0.75 mean_abs_feat_delta= 0.247817\n"}
,{"stream_name":"stdout","time":2266.18302262,"data":"SECONDARY_EDGE_TTA_ACTIVE views= 8 weight= 0.75 mean_abs_feat_delta= 0.247817\n"}
,{"stream_name":"stdout","time":2266.4960299,"data":"EDGE_TTA_ACTIVE views= 8 mean_abs_feat_delta= 0.372378\n"}
,{"stream_name":"stdout","time":2266.698464699,"data":"EDGE_TTA_ACTIVE views= 8 mean_abs_feat_delta= 0.372378\n"}
,{"stream_name":"stdout","time":2267.063474897,"data":"EDGE_TTA_ACTIVE views= 8 mean_abs_feat_delta= 0.332801\n"}
,{"stream_name":"stdout","time":2267.266436047,"data":"EDGE_TTA_ACTIVE views= 8 mean_abs_feat_delta= 0.332801\n"}
,{"stream_name":"stdout","time":2267.457128807,"data":"SECONDARY_EDGE_TTA_ACTIVE views= 8 weight= 0.75 mean_abs_feat_delta= 0.336279\n"}
,{"stream_name":"stdout","time":2267.461702217,"data":"BIOHUB_RETENTION_GUARD {\"blended_candidates\": 299, \"dataset\": \"44b6_2a2eff9f\", \"frame\": 74, \"minimum_retention\": 0.9, \"primary_candidates\": 451, \"retention\": 0.6629711751662971, \"use_primary\": true}\n"}
,{"stream_name":"stdout","time":2267.659588116,"data":"SECONDARY_EDGE_TTA_ACTIVE views= 8 weight= 0.75 mean_abs_feat_delta= 0.336279\n"}
,{"stream_name":"stdout","time":2267.659626454,"data":"BIOHUB_RETENTION_GUARD {\"blended_candidates\": 299, \"dataset\": \"44b6_2a2eff9f\", \"frame\": 74, \"minimum_retention\": 0.9, \"primary_candidates\": 451, \"retention\": 0.6629711751662971, \"use_primary\": true}\n"}
,{"stream_name":"stdout","time":2268.030041582,"data":"SECONDARY_EDGE_TTA_ACTIVE views= 8 weight= 0.75 mean_abs_feat_delta= 0.246115\n"}
,{"stream_name":"stdout","time":2268.232656226,"data":"SECONDARY_EDGE_TTA_ACTIVE views= 8 weight= 0.75 mean_abs_feat_delta= 0.246115\n"}
,{"stream_name":"stdout","time":2268.628364432,"data":"EDGE_TTA_ACTIVE views= 8 mean_abs_feat_delta= 0.373635\n"}
,{"stream_name":"stdout","time":2268.831272322,"data":"EDGE_TTA_ACTIVE views= 8 mean_abs_feat_delta= 0.373635\n"}
,{"stream_name":"stdout","time":2269.201552751,"data":"EDGE_TTA_ACTIVE views= 8 mean_abs_feat_delta= 0.336225\n"}
,{"stream_name":"stdout","time":2269.404234791,"data":"EDGE_TTA_ACTIVE views= 8 mean_abs_feat_delta= 0.336225\n"}
,{"stream_name":"stdout","time":2269.588260658,"data":"SECONDARY_EDGE_TTA_ACTIVE views= 8 weight= 0.75 mean_abs_feat_delta= 0.342354\n"}
,{"stream_name":"stdout","time":2269.59248113,"data":"BIOHUB_RETENTION_GUARD {\"blended_candidates\": 272, \"dataset\": \"44b6_2a2eff9f\", \"frame\": 75, \"minimum_retention\": 0.9, \"primary_candidates\": 452, \"retention\": 0.6017699115044248, \"use_primary\": true}\n"}
,{"stream_name":"stdout","time":2269.790890661,"data":"SECONDARY_EDGE_TTA_ACTIVE views= 8 weight= 0.75 mean_abs_feat_delta= 0.342354\n"}
,{"stream_name":"stdout","time":2269.790941712,"data":"BIOHUB_RETENTION_GUARD {\"blended_candidates\": 272, \"dataset\": \"44b6_2a2eff9f\", \"frame\": 75, \"minimum_retention\": 0.9, \"primary_candidates\": 452, \"retention\": 0.6017699115044248, \"use_primary\": true}\n"}
,{"stream_name":"stdout","time":2270.174826813,"data":"SECONDARY_EDGE_TTA_ACTIVE views= 8 weight= 0.75 mean_abs_feat_delta= 0.246368\n"}
,{"stream_name":"stdout","time":2270.377530415,"data":"SECONDARY_EDGE_TTA_ACTIVE views= 8 weight= 0.75 mean_abs_feat_delta= 0.246368\n"}
,{"stream_name":"stdout","time":2270.736045859,"data":"EDGE_TTA_ACTIVE views= 8 mean_abs_feat_delta= 0.373002\n"}
,{"stream_name":"stdout","time":2270.938679435,"data":"EDGE_TTA_ACTIVE views= 8 mean_abs_feat_delta= 0.373002\n"}
,{"stream_name":"stdout","time":2271.249894936,"data":"EDGE_TTA_ACTIVE views= 8 mean_abs_feat_delta= 0.333529\n"}
,{"stream_name":"stdout","time":2271.451519862,"data":"EDGE_TTA_ACTIVE views= 8 mean_abs_feat_delta= 0.333529\n"}
,{"stream_name":"stdout","time":2271.697543818,"data":"SECONDARY_EDGE_TTA_ACTIVE views= 8 weight= 0.75 mean_abs_feat_delta= 0.344323\n"}
,{"stream_name":"stdout","time":2271.701674647,"data":"BIOHUB_RETENTION_GUARD {\"blended_candidates\": 249, \"dataset\": \"44b6_2a2eff9f\", \"frame\": 76, \"minimum_retention\": 0.9, \"primary_candidates\": 455, \"retention\": 0.5472527472527473, \"use_primary\": true}\n"}
,{"stream_name":"stdout","time":2271.900695449,"data":"SECONDARY_EDGE_TTA_ACTIVE views= 8 weight= 0.75 mean_abs_feat_delta= 0.344323\n"}
,{"stream_name":"stdout","time":2271.900733039,"data":"BIOHUB_RETENTION_GUARD {\"blended_candidates\": 249, \"dataset\": \"44b6_2a2eff9f\", \"frame\": 76, \"minimum_retention\": 0.9, \"primary_candidates\": 455, \"retention\": 0.5472527472527473, \"use_primary\": true}\n"}
,{"stream_name":"stdout","time":2272.221722058,"data":"SECONDARY_EDGE_TTA_ACTIVE views= 8 weight= 0.75 mean_abs_feat_delta= 0.248276\n"}
,{"stream_name":"stdout","time":2272.424362211,"data":"SECONDARY_EDGE_TTA_ACTIVE views= 8 weight= 0.75 mean_abs_feat_delta= 0.248276\n"}
,{"stream_name":"stdout","time":2272.839389929,"data":"EDGE_TTA_ACTIVE views= 8 mean_abs_feat_delta= 0.37058\n"}
,{"stream_name":"stdout","time":2273.041863152,"data":"EDGE_TTA_ACTIVE views= 8 mean_abs_feat_delta= 0.37058\n"}
,{"stream_name":"stdout","time":2273.276556727,"data":"EDGE_TTA_ACTIVE views= 8 mean_abs_feat_delta= 0.334563\n"}
,{"stream_name":"stdout","time":2273.479537053,"data":"EDGE_TTA_ACTIVE views= 8 mean_abs_feat_delta= 0.334563\n"}
,{"stream_name":"stdout","time":2273.80736051,"data":"SECONDARY_EDGE_TTA_ACTIVE views= 8 weight= 0.75 mean_abs_feat_delta= 0.341175\n"}
,{"stream_name":"stdout","time":2273.811536929,"data":"BIOHUB_RETENTION_GUARD {\"blended_candidates\": 268, \"dataset\": \"44b6_2a2eff9f\", \"frame\": 77, \"minimum_retention\": 0.9, \"primary_candidates\": 447, \"retention\": 0.5995525727069351, \"use_primary\": true}\n"}
,{"stream_name":"stdout","time":2274.009812538,"data":"SECONDARY_EDGE_TTA_ACTIVE views= 8 weight= 0.75 mean_abs_feat_delta= 0.341175\n"}
,{"stream_name":"stdout","time":2274.009845691,"data":"BIOHUB_RETENTION_GUARD {\"blended_candidates\": 268, \"dataset\": \"44b6_2a2eff9f\", \"frame\": 77, \"minimum_retention\": 0.9, \"primary_candidates\": 447, \"retention\": 0.5995525727069351, \"use_primary\": true}\n"}
,{"stream_name":"stdout","time":2274.248519831,"data":"SECONDARY_EDGE_TTA_ACTIVE views= 8 weight= 0.75 mean_abs_feat_delta= 0.246163\n"}
,{"stream_name":"stdout","time":2274.451032722,"data":"SECONDARY_EDGE_TTA_ACTIVE views= 8 weight= 0.75 mean_abs_feat_delta= 0.246163\n"}
,{"stream_name":"stdout","time":2274.962529339,"data":"EDGE_TTA_ACTIVE views= 8 mean_abs_feat_delta= 0.364196\n"}
,{"stream_name":"stdout","time":2275.165085257,"data":"EDGE_TTA_ACTIVE views= 8 mean_abs_feat_delta= 0.364196\n"}
,{"stream_name":"stdout","time":2275.304686626,"data":"EDGE_TTA_ACTIVE views= 8 mean_abs_feat_delta= 0.333359\n"}
,{"stream_name":"stdout","time":2275.50719906,"data":"EDGE_TTA_ACTIVE views= 8 mean_abs_feat_delta= 0.333359\n"}
,{"stream_name":"stdout","time":2275.927804633,"data":"SECONDARY_EDGE_TTA_ACTIVE views= 8 weight= 0.75 mean_abs_feat_delta= 0.343476\n"}
,{"stream_name":"stdout","time":2275.932087883,"data":"BIOHUB_RETENTION_GUARD {\"blended_candidates\": 363, \"dataset\": \"44b6_2a2eff9f\", \"frame\": 78, \"minimum_retention\": 0.9, \"primary_candidates\": 496, \"retention\": 0.7318548387096774, \"use_primary\": true}\n"}
,{"stream_name":"stdout","time":2276.130261251,"data":"SECONDARY_EDGE_TTA_ACTIVE views= 8 weight= 0.75 mean_abs_feat_delta= 0.343476\n"}
,{"stream_name":"stdout","time":2276.130317919,"data":"BIOHUB_RETENTION_GUARD {\"blended_candidates\": 363, \"dataset\": \"44b6_2a2eff9f\", \"frame\": 78, \"minimum_retention\": 0.9, \"primary_candidates\": 496, \"retention\": 0.7318548387096774, \"use_primary\": true}\n"}
,{"stream_name":"stdout","time":2276.27668327,"data":"SECONDARY_EDGE_TTA_ACTIVE views= 8 weight= 0.75 mean_abs_feat_delta= 0.245654\n"}
,{"stream_name":"stdout","time":2276.479244269,"data":"SECONDARY_EDGE_TTA_ACTIVE views= 8 weight= 0.75 mean_abs_feat_delta= 0.245654\n"}
,{"stream_name":"stdout","time":2277.086824401,"data":"EDGE_TTA_ACTIVE views= 8 mean_abs_feat_delta= 0.362629\n"}
,{"stream_name":"stdout","time":2277.289249401,"data":"EDGE_TTA_ACTIVE views= 8 mean_abs_feat_delta= 0.362629\n"}
,{"stream_name":"stdout","time":2277.330310186,"data":"EDGE_TTA_ACTIVE views= 8 mean_abs_feat_delta= 0.329517\n"}
,{"stream_name":"stdout","time":2277.532805293,"data":"EDGE_TTA_ACTIVE views= 8 mean_abs_feat_delta= 0.329517\n"}
,{"stream_name":"stdout","time":2278.048404385,"data":"SECONDARY_EDGE_TTA_ACTIVE views= 8 weight= 0.75 mean_abs_feat_delta= 0.34125\n"}
,{"stream_name":"stdout","time":2278.05252881,"data":"BIOHUB_RETENTION_GUARD {\"blended_candidates\": 380, \"dataset\": \"44b6_2a2eff9f\", \"frame\": 79, \"minimum_retention\": 0.9, \"primary_candidates\": 504, \"retention\": 0.753968253968254, \"use_primary\": true}\n"}
,{"stream_name":"stdout","time":2278.250840325,"data":"SECONDARY_EDGE_TTA_ACTIVE views= 8 weight= 0.75 mean_abs_feat_delta= 0.34125\n"}
,{"stream_name":"stdout","time":2278.250935536,"data":"BIOHUB_RETENTION_GUARD {\"blended_candidates\": 380, \"dataset\": \"44b6_2a2eff9f\", \"frame\": 79, \"minimum_retention\": 0.9, \"primary_candidates\": 504, \"retention\": 0.753968253968254, \"use_primary\": true}\n"}
,{"stream_name":"stdout","time":2278.301793979,"data":"SECONDARY_EDGE_TTA_ACTIVE views= 8 weight= 0.75 mean_abs_feat_delta= 0.249452\n"}
,{"stream_name":"stdout","time":2278.504812731,"data":"SECONDARY_EDGE_TTA_ACTIVE views= 8 weight= 0.75 mean_abs_feat_delta= 0.249452\n"}
,{"stream_name":"stdout","time":2279.226920202,"data":"EDGE_TTA_ACTIVE views= 8 mean_abs_feat_delta= 0.368271\n"}
,{"stream_name":"stdout","time":2279.355796692,"data":"EDGE_TTA_ACTIVE views= 8 mean_abs_feat_delta= 0.327674\n"}
,{"stream_name":"stdout","time":2279.429314846,"data":"EDGE_TTA_ACTIVE views= 8 mean_abs_feat_delta= 0.368271\n"}
,{"stream_name":"stdout","time":2279.429341256,"data":"EDGE_TTA_ACTIVE views= 8 mean_abs_feat_delta= 0.327674\n"}
,{"stream_name":"stdout","time":2280.196413478,"data":"SECONDARY_EDGE_TTA_ACTIVE views= 8 weight= 0.75 mean_abs_feat_delta= 0.342222\n"}
,{"stream_name":"stdout","time":2280.200290604,"data":"BIOHUB_RETENTION_GUARD {\"blended_candidates\": 305, \"dataset\": \"44b6_2a2eff9f\", \"frame\": 80, \"minimum_retention\": 0.9, \"primary_candidates\": 469, \"retention\": 0.650319829424307, \"use_primary\": true}\n"}
,{"stream_name":"stdout","time":2280.326620583,"data":"SECONDARY_EDGE_TTA_ACTIVE views= 8 weight= 0.75 mean_abs_feat_delta= 0.247601\n"}
,{"stream_name":"stdout","time":2280.399250561,"data":"SECONDARY_EDGE_TTA_ACTIVE views= 8 weight= 0.75 mean_abs_feat_delta= 0.342222\n"}
,{"stream_name":"stdout","time":2280.399309088,"data":"BIOHUB_RETENTION_GUARD {\"blended_candidates\": 305, \"dataset\": \"44b6_2a2eff9f\", \"frame\": 80, \"minimum_retention\": 0.9, \"primary_candidates\": 469, \"retention\": 0.650319829424307, \"use_primary\": true}\n"}
,{"stream_name":"stdout","time":2280.399342251,"data":"SECONDARY_EDGE_TTA_ACTIVE views= 8 weight= 0.75 mean_abs_feat_delta= 0.247601\n"}
,{"stream_name":"stdout","time":2281.365307398,"data":"EDGE_TTA_ACTIVE views= 8 mean_abs_feat_delta= 0.364769\n"}
,{"stream_name":"stdout","time":2281.568671199,"data":"EDGE_TTA_ACTIVE views= 8 mean_abs_feat_delta= 0.364769\n"}
,{"stream_name":"stdout","time":2282.326533432,"data":"SECONDARY_EDGE_TTA_ACTIVE views= 8 weight= 0.75 mean_abs_feat_delta= 0.336419\n"}
,{"stream_name":"stdout","time":2282.332089178,"data":"BIOHUB_RETENTION_GUARD {\"blended_candidates\": 316, \"dataset\": \"44b6_2a2eff9f\", \"frame\": 81, \"minimum_retention\": 0.9, \"primary_candidates\": 463, \"retention\": 0.6825053995680346, \"use_primary\": true}\n"}
,{"stream_name":"stdout","time":2282.529277757,"data":"SECONDARY_EDGE_TTA_ACTIVE views= 8 weight= 0.75 mean_abs_feat_delta= 0.336419\n"}
,{"stream_name":"stdout","time":2282.529314579,"data":"BIOHUB_RETENTION_GUARD {\"blended_candidates\": 316, \"dataset\": \"44b6_2a2eff9f\", \"frame\": 81, \"minimum_retention\": 0.9, \"primary_candidates\": 463, \"retention\": 0.6825053995680346, \"use_primary\": true}\n"}
,{"stream_name":"stdout","time":2283.631046767,"data":"EDGE_TTA_ACTIVE views= 8 mean_abs_feat_delta= 0.365921\n"}
,{"stream_name":"stdout","time":2283.833492789,"data":"EDGE_TTA_ACTIVE views= 8 mean_abs_feat_delta= 0.365921\n"}
,{"stream_name":"stdout","time":2284.594548397,"data":"SECONDARY_EDGE_TTA_ACTIVE views= 8 weight= 0.75 mean_abs_feat_delta= 0.332057\n"}
,{"stream_name":"stdout","time":2284.598548817,"data":"BIOHUB_RETENTION_GUARD {\"blended_candidates\": 303, \"dataset\": \"44b6_2a2eff9f\", \"frame\": 82, \"minimum_retention\": 0.9, \"primary_candidates\": 462, \"retention\": 0.6558441558441559, \"use_primary\": true}\n"}
,{"stream_name":"stdout","time":2284.796862514,"data":"SECONDARY_EDGE_TTA_ACTIVE views= 8 weight= 0.75 mean_abs_feat_delta= 0.332057\n"}
,{"stream_name":"stdout","time":2284.796919028,"data":"BIOHUB_RETENTION_GUARD {\"blended_candidates\": 303, \"dataset\": \"44b6_2a2eff9f\", \"frame\": 82, \"minimum_retention\": 0.9, \"primary_candidates\": 462, \"retention\": 0.6558441558441559, \"use_primary\": true}\n"}
,{"stream_name":"stdout","time":2285.814075996,"data":"EDGE_TTA_ACTIVE views= 8 mean_abs_feat_delta= 0.368883\n"}
,{"stream_name":"stdout","time":2286.016971882,"data":"EDGE_TTA_ACTIVE views= 8 mean_abs_feat_delta= 0.368883\n"}
,{"stream_name":"stdout","time":2286.781742297,"data":"SECONDARY_EDGE_TTA_ACTIVE views= 8 weight= 0.75 mean_abs_feat_delta= 0.32949\n"}
,{"stream_name":"stdout","time":2286.785849294,"data":"BIOHUB_RETENTION_GUARD {\"blended_candidates\": 264, \"dataset\": \"44b6_2a2eff9f\", \"frame\": 83, \"minimum_retention\": 0.9, \"primary_candidates\": 434, \"retention\": 0.6082949308755761, \"use_primary\": true}\n"}
,{"stream_name":"stdout","time":2286.984450918,"data":"SECONDARY_EDGE_TTA_ACTIVE views= 8 weight= 0.75 mean_abs_feat_delta= 0.32949\n"}
,{"stream_name":"stdout","time":2286.98448711,"data":"BIOHUB_RETENTION_GUARD {\"blended_candidates\": 264, \"dataset\": \"44b6_2a2eff9f\", \"frame\": 83, \"minimum_retention\": 0.9, \"primary_candidates\": 434, \"retention\": 0.6082949308755761, \"use_primary\": true}\n"}
,{"stream_name":"stdout","time":2287.9312448,"data":"EDGE_TTA_ACTIVE views= 8 mean_abs_feat_delta= 0.368343\n"}
,{"stream_name":"stdout","time":2288.133959998,"data":"EDGE_TTA_ACTIVE views= 8 mean_abs_feat_delta= 0.368343\n"}
,{"stream_name":"stdout","time":2288.666845463,"data":"EDGE_TTA_ACTIVE views= 8 mean_abs_feat_delta= 0.354392\n"}
,{"stream_name":"stdout","time":2288.869325907,"data":"EDGE_TTA_ACTIVE views= 8 mean_abs_feat_delta= 0.354392\n"}
,{"stream_name":"stdout","time":2288.893366352,"data":"SECONDARY_EDGE_TTA_ACTIVE views= 8 weight= 0.75 mean_abs_feat_delta= 0.326369\n"}
,{"stream_name":"stdout","time":2288.897597079,"data":"BIOHUB_RETENTION_GUARD {\"blended_candidates\": 290, \"dataset\": \"44b6_2a2eff9f\", \"frame\": 84, \"minimum_retention\": 0.9, \"primary_candidates\": 458, \"retention\": 0.6331877729257642, \"use_primary\": true}\n"}
,{"stream_name":"stdout","time":2289.096658108,"data":"SECONDARY_EDGE_TTA_ACTIVE views= 8 weight= 0.75 mean_abs_feat_delta= 0.326369\n"}
,{"stream_name":"stdout","time":2289.096721186,"data":"BIOHUB_RETENTION_GUARD {\"blended_candidates\": 290, \"dataset\": \"44b6_2a2eff9f\", \"frame\": 84, \"minimum_retention\": 0.9, \"primary_candidates\": 458, \"retention\": 0.6331877729257642, \"use_primary\": true}\n"}
,{"stream_name":"stdout","time":2289.622464722,"data":"SECONDARY_EDGE_TTA_ACTIVE views= 8 weight= 0.75 mean_abs_feat_delta= 0.268187\n"}
,{"stream_name":"stdout","time":2289.825683974,"data":"SECONDARY_EDGE_TTA_ACTIVE views= 8 weight= 0.75 mean_abs_feat_delta= 0.268187\n"}
,{"stream_name":"stdout","time":2290.025222519,"data":"EDGE_TTA_ACTIVE views= 8 mean_abs_feat_delta= 0.365564\n"}
,{"stream_name":"stdout","time":2290.22769273,"data":"EDGE_TTA_ACTIVE views= 8 mean_abs_feat_delta= 0.365564\n"}
,{"stream_name":"stdout","time":2290.751248593,"data":"EDGE_TTA_ACTIVE views= 8 mean_abs_feat_delta= 0.354989\n"}
,{"stream_name":"stdout","time":2290.955368805,"data":"EDGE_TTA_ACTIVE views= 8 mean_abs_feat_delta= 0.354989\n"}
,{"stream_name":"stdout","time":2290.990008056,"data":"SECONDARY_EDGE_TTA_ACTIVE views= 8 weight= 0.75 mean_abs_feat_delta= 0.325046\n"}
,{"stream_name":"stdout","time":2290.995837058,"data":"BIOHUB_RETENTION_GUARD {\"blended_candidates\": 328, \"dataset\": \"44b6_2a2eff9f\", \"frame\": 85, \"minimum_retention\": 0.9, \"primary_candidates\": 478, \"retention\": 0.6861924686192469, \"use_primary\": true}\n"}
,{"stream_name":"stdout","time":2291.193284917,"data":"SECONDARY_EDGE_TTA_ACTIVE views= 8 weight= 0.75 mean_abs_feat_delta= 0.325046\n"}
,{"stream_name":"stdout","time":2291.193326499,"data":"BIOHUB_RETENTION_GUARD {\"blended_candidates\": 328, \"dataset\": \"44b6_2a2eff9f\", \"frame\": 85, \"minimum_retention\": 0.9, \"primary_candidates\": 478, \"retention\": 0.6861924686192469, \"use_primary\": true}\n"}
,{"stream_name":"stdout","time":2291.709550764,"data":"SECONDARY_EDGE_TTA_ACTIVE views= 8 weight= 0.75 mean_abs_feat_delta= 0.270508\n"}
,{"stream_name":"stdout","time":2291.91174276,"data":"SECONDARY_EDGE_TTA_ACTIVE views= 8 weight= 0.75 mean_abs_feat_delta= 0.270508\n"}
,{"stream_name":"stdout","time":2292.16122158,"data":"EDGE_TTA_ACTIVE views= 8 mean_abs_feat_delta= 0.362074\n"}
,{"stream_name":"stdout","time":2292.363954945,"data":"EDGE_TTA_ACTIVE views= 8 mean_abs_feat_delta= 0.362074\n"}
,{"stream_name":"stdout","time":2292.824237229,"data":"EDGE_TTA_ACTIVE views= 8 mean_abs_feat_delta= 0.348797\n"}
,{"stream_name":"stdout","time":2293.026615266,"data":"EDGE_TTA_ACTIVE views= 8 mean_abs_feat_delta= 0.348797\n"}
,{"stream_name":"stdout","time":2293.12255102,"data":"SECONDARY_EDGE_TTA_ACTIVE views= 8 weight= 0.75 mean_abs_feat_delta= 0.327764\n"}
,{"stream_name":"stdout","time":2293.126629469,"data":"BIOHUB_RETENTION_GUARD {\"blended_candidates\": 362, \"dataset\": \"44b6_2a2eff9f\", \"frame\": 86, \"minimum_retention\": 0.9, \"primary_candidates\": 489, \"retention\": 0.7402862985685071, \"use_primary\": true}\n"}
,{"stream_name":"stdout","time":2293.42125776,"data":"SECONDARY_EDGE_TTA_ACTIVE views= 8 weight= 0.75 mean_abs_feat_delta= 0.327764\n"}
,{"stream_name":"stdout","time":2293.421283121,"data":"BIOHUB_RETENTION_GUARD {\"blended_candidates\": 362, \"dataset\": \"44b6_2a2eff9f\", \"frame\": 86, \"minimum_retention\": 0.9, \"primary_candidates\": 489, \"retention\": 0.7402862985685071, \"use_primary\": true}\n"}
,{"stream_name":"stdout","time":2293.783138962,"data":"SECONDARY_EDGE_TTA_ACTIVE views= 8 weight= 0.75 mean_abs_feat_delta= 0.266832\n"}
,{"stream_name":"stdout","time":2293.987862811,"data":"SECONDARY_EDGE_TTA_ACTIVE views= 8 weight= 0.75 mean_abs_feat_delta= 0.266832\n"}
,{"stream_name":"stdout","time":2294.257240582,"data":"EDGE_TTA_ACTIVE views= 8 mean_abs_feat_delta= 0.362517\n"}
,{"stream_name":"stdout","time":2294.459954955,"data":"EDGE_TTA_ACTIVE views= 8 mean_abs_feat_delta= 0.362517\n"}
,{"stream_name":"stdout","time":2294.924552634,"data":"EDGE_TTA_ACTIVE views= 8 mean_abs_feat_delta= 0.344096\n"}
,{"stream_name":"stdout","time":2295.127229587,"data":"EDGE_TTA_ACTIVE views= 8 mean_abs_feat_delta= 0.344096\n"}
,{"stream_name":"stdout","time":2295.216701574,"data":"SECONDARY_EDGE_TTA_ACTIVE views= 8 weight= 0.75 mean_abs_feat_delta= 0.33329\n"}
,{"stream_name":"stdout","time":2295.22092539,"data":"BIOHUB_RETENTION_GUARD {\"blended_candidates\": 343, \"dataset\": \"44b6_2a2eff9f\", \"frame\": 87, \"minimum_retention\": 0.9, \"primary_candidates\": 480, \"retention\": 0.7145833333333333, \"use_primary\": true}\n"}
,{"stream_name":"stdout","time":2295.419174414,"data":"SECONDARY_EDGE_TTA_ACTIVE views= 8 weight= 0.75 mean_abs_feat_delta= 0.33329\n"}
,{"stream_name":"stdout","time":2295.419203068,"data":"BIOHUB_RETENTION_GUARD {\"blended_candidates\": 343, \"dataset\": \"44b6_2a2eff9f\", \"frame\": 87, \"minimum_retention\": 0.9, \"primary_candidates\": 480, \"retention\": 0.7145833333333333, \"use_primary\": true}\n"}
,{"stream_name":"stdout","time":2295.887629335,"data":"SECONDARY_EDGE_TTA_ACTIVE views= 8 weight= 0.75 mean_abs_feat_delta= 0.264193\n"}
,{"stream_name":"stdout","time":2296.091061639,"data":"SECONDARY_EDGE_TTA_ACTIVE views= 8 weight= 0.75 mean_abs_feat_delta= 0.264193\n"}
,{"stream_name":"stdout","time":2296.371105944,"data":"EDGE_TTA_ACTIVE views= 8 mean_abs_feat_delta= 0.359453\n"}
,{"stream_name":"stdout","time":2296.573853336,"data":"EDGE_TTA_ACTIVE views= 8 mean_abs_feat_delta= 0.359453\n"}
,{"stream_name":"stdout","time":2297.030149283,"data":"EDGE_TTA_ACTIVE views= 8 mean_abs_feat_delta= 0.343236\n"}
,{"stream_name":"stdout","time":2297.232704368,"data":"EDGE_TTA_ACTIVE views= 8 mean_abs_feat_delta= 0.343236\n"}
,{"stream_name":"stdout","time":2297.33902646,"data":"SECONDARY_EDGE_TTA_ACTIVE views= 8 weight= 0.75 mean_abs_feat_delta= 0.336504\n"}
,{"stream_name":"stdout","time":2297.343571881,"data":"BIOHUB_RETENTION_GUARD {\"blended_candidates\": 254, \"dataset\": \"44b6_2a2eff9f\", \"frame\": 88, \"minimum_retention\": 0.9, \"primary_candidates\": 444, \"retention\": 0.5720720720720721, \"use_primary\": true}\n"}
,{"stream_name":"stdout","time":2297.541398007,"data":"SECONDARY_EDGE_TTA_ACTIVE views= 8 weight= 0.75 mean_abs_feat_delta= 0.336504\n"}
,{"stream_name":"stdout","time":2297.541443237,"data":"BIOHUB_RETENTION_GUARD {\"blended_candidates\": 254, \"dataset\": \"44b6_2a2eff9f\", \"frame\": 88, \"minimum_retention\": 0.9, \"primary_candidates\": 444, \"retention\": 0.5720720720720721, \"use_primary\": true}\n"}
,{"stream_name":"stdout","time":2298.001910269,"data":"SECONDARY_EDGE_TTA_ACTIVE views= 8 weight= 0.75 mean_abs_feat_delta= 0.2659\n"}
,{"stream_name":"stdout","time":2298.204425813,"data":"SECONDARY_EDGE_TTA_ACTIVE views= 8 weight= 0.75 mean_abs_feat_delta= 0.2659\n"}
,{"stream_name":"stdout","time":2298.531308744,"data":"EDGE_TTA_ACTIVE views= 8 mean_abs_feat_delta= 0.360125\n"}
,{"stream_name":"stdout","time":2298.733907454,"data":"EDGE_TTA_ACTIVE views= 8 mean_abs_feat_delta= 0.360125\n"}
,{"stream_name":"stdout","time":2299.173570959,"data":"EDGE_TTA_ACTIVE views= 8 mean_abs_feat_delta= 0.346139\n"}
,{"stream_name":"stdout","time":2299.376198858,"data":"EDGE_TTA_ACTIVE views= 8 mean_abs_feat_delta= 0.346139\n"}
,{"stream_name":"stdout","time":2299.489973735,"data":"SECONDARY_EDGE_TTA_ACTIVE views= 8 weight= 0.75 mean_abs_feat_delta= 0.333294\n"}
,{"stream_name":"stdout","time":2299.494084378,"data":"BIOHUB_RETENTION_GUARD {\"blended_candidates\": 285, \"dataset\": \"44b6_2a2eff9f\", \"frame\": 89, \"minimum_retention\": 0.9, \"primary_candidates\": 472, \"retention\": 0.6038135593220338, \"use_primary\": true}\n"}
,{"stream_name":"stdout","time":2299.692913872,"data":"SECONDARY_EDGE_TTA_ACTIVE views= 8 weight= 0.75 mean_abs_feat_delta= 0.333294\n"}
,{"stream_name":"stdout","time":2299.692989861,"data":"BIOHUB_RETENTION_GUARD {\"blended_candidates\": 285, \"dataset\": \"44b6_2a2eff9f\", \"frame\": 89, \"minimum_retention\": 0.9, \"primary_candidates\": 472, \"retention\": 0.6038135593220338, \"use_primary\": true}\n"}
,{"stream_name":"stdout","time":2300.147511409,"data":"SECONDARY_EDGE_TTA_ACTIVE views= 8 weight= 0.75 mean_abs_feat_delta= 0.268655\n"}
,{"stream_name":"stdout","time":2300.350256564,"data":"SECONDARY_EDGE_TTA_ACTIVE views= 8 weight= 0.75 mean_abs_feat_delta= 0.268655\n"}
,{"stream_name":"stdout","time":2300.60514168,"data":"EDGE_TTA_ACTIVE views= 8 mean_abs_feat_delta= 0.35614\n"}
,{"stream_name":"stdout","time":2300.808186609,"data":"EDGE_TTA_ACTIVE views= 8 mean_abs_feat_delta= 0.35614\n"}
,{"stream_name":"stdout","time":2301.333471057,"data":"EDGE_TTA_ACTIVE views= 8 mean_abs_feat_delta= 0.345393\n"}
,{"stream_name":"stdout","time":2301.535909151,"data":"EDGE_TTA_ACTIVE views= 8 mean_abs_feat_delta= 0.345393\n"}
,{"stream_name":"stdout","time":2301.575597546,"data":"SECONDARY_EDGE_TTA_ACTIVE views= 8 weight= 0.75 mean_abs_feat_delta= 0.331259\n"}
,{"stream_name":"stdout","time":2301.579838241,"data":"BIOHUB_RETENTION_GUARD {\"blended_candidates\": 340, \"dataset\": \"44b6_2a2eff9f\", \"frame\": 90, \"minimum_retention\": 0.9, \"primary_candidates\": 473, \"retention\": 0.718816067653277, \"use_primary\": true}\n"}
,{"stream_name":"stdout","time":2301.778108995,"data":"SECONDARY_EDGE_TTA_ACTIVE views= 8 weight= 0.75 mean_abs_feat_delta= 0.331259\n"}
,{"stream_name":"stdout","time":2301.77814329,"data":"BIOHUB_RETENTION_GUARD {\"blended_candidates\": 340, \"dataset\": \"44b6_2a2eff9f\", \"frame\": 90, \"minimum_retention\": 0.9, \"primary_candidates\": 473, \"retention\": 0.718816067653277, \"use_primary\": true}\n"}
,{"stream_name":"stdout","time":2302.307277436,"data":"SECONDARY_EDGE_TTA_ACTIVE views= 8 weight= 0.75 mean_abs_feat_delta= 0.274098\n"}
,{"stream_name":"stdout","time":2302.509911297,"data":"SECONDARY_EDGE_TTA_ACTIVE views= 8 weight= 0.75 mean_abs_feat_delta= 0.274098\n"}
,{"stream_name":"stdout","time":2302.7316865,"data":"EDGE_TTA_ACTIVE views= 8 mean_abs_feat_delta= 0.356719\n"}
,{"stream_name":"stdout","time":2302.934360603,"data":"EDGE_TTA_ACTIVE views= 8 mean_abs_feat_delta= 0.356719\n"}
,{"stream_name":"stdout","time":2303.449189871,"data":"EDGE_TTA_ACTIVE views= 8 mean_abs_feat_delta= 0.343626\n"}
,{"stream_name":"stdout","time":2303.651925606,"data":"EDGE_TTA_ACTIVE views= 8 mean_abs_feat_delta= 0.343626\n"}
,{"stream_name":"stdout","time":2303.69514489,"data":"SECONDARY_EDGE_TTA_ACTIVE views= 8 weight= 0.75 mean_abs_feat_delta= 0.334726\n"}
,{"stream_name":"stdout","time":2303.699554335,"data":"BIOHUB_RETENTION_GUARD {\"blended_candidates\": 348, \"dataset\": \"44b6_2a2eff9f\", \"frame\": 91, \"minimum_retention\": 0.9, \"primary_candidates\": 476, \"retention\": 0.7310924369747899, \"use_primary\": true}\n"}
,{"stream_name":"stdout","time":2303.897475854,"data":"SECONDARY_EDGE_TTA_ACTIVE views= 8 weight= 0.75 mean_abs_feat_delta= 0.334726\n"}
,{"stream_name":"stdout","time":2303.897531613,"data":"BIOHUB_RETENTION_GUARD {\"blended_candidates\": 348, \"dataset\": \"44b6_2a2eff9f\", \"frame\": 91, \"minimum_retention\": 0.9, \"primary_candidates\": 476, \"retention\": 0.7310924369747899, \"use_primary\": true}\n"}
,{"stream_name":"stdout","time":2304.421622065,"data":"SECONDARY_EDGE_TTA_ACTIVE views= 8 weight= 0.75 mean_abs_feat_delta= 0.270171\n"}
,{"stream_name":"stdout","time":2304.623877989,"data":"SECONDARY_EDGE_TTA_ACTIVE views= 8 weight= 0.75 mean_abs_feat_delta= 0.270171\n"}
,{"stream_name":"stdout","time":2304.85653707,"data":"EDGE_TTA_ACTIVE views= 8 mean_abs_feat_delta= 0.359241\n"}
,{"stream_name":"stdout","time":2305.059531306,"data":"EDGE_TTA_ACTIVE views= 8 mean_abs_feat_delta= 0.359241\n"}
,{"stream_name":"stdout","time":2305.592890474,"data":"EDGE_TTA_ACTIVE views= 8 mean_abs_feat_delta= 0.347614\n"}
,{"stream_name":"stdout","time":2305.795475852,"data":"EDGE_TTA_ACTIVE views= 8 mean_abs_feat_delta= 0.347614\n"}
,{"stream_name":"stdout","time":2305.813042718,"data":"SECONDARY_EDGE_TTA_ACTIVE views= 8 weight= 0.75 mean_abs_feat_delta= 0.334156\n"}
,{"stream_name":"stdout","time":2305.818933677,"data":"BIOHUB_RETENTION_GUARD {\"blended_candidates\": 340, \"dataset\": \"44b6_2a2eff9f\", \"frame\": 92, \"minimum_retention\": 0.9, \"primary_candidates\": 467, \"retention\": 0.728051391862955, \"use_primary\": true}\n"}
,{"stream_name":"stdout","time":2306.01547665,"data":"SECONDARY_EDGE_TTA_ACTIVE views= 8 weight= 0.75 mean_abs_feat_delta= 0.334156\n"}
,{"stream_name":"stdout","time":2306.015513266,"data":"BIOHUB_RETENTION_GUARD {\"blended_candidates\": 340, \"dataset\": \"44b6_2a2eff9f\", \"frame\": 92, \"minimum_retention\": 0.9, \"primary_candidates\": 467, \"retention\": 0.728051391862955, \"use_primary\": true}\n"}
,{"stream_name":"stdout","time":2306.567346416,"data":"SECONDARY_EDGE_TTA_ACTIVE views= 8 weight= 0.75 mean_abs_feat_delta= 0.269192\n"}
,{"stream_name":"stdout","time":2306.769997487,"data":"SECONDARY_EDGE_TTA_ACTIVE views= 8 weight= 0.75 mean_abs_feat_delta= 0.269192\n"}
,{"stream_name":"stdout","time":2306.999265593,"data":"EDGE_TTA_ACTIVE views= 8 mean_abs_feat_delta= 0.357767\n"}
,{"stream_name":"stdout","time":2307.201483313,"data":"EDGE_TTA_ACTIVE views= 8 mean_abs_feat_delta= 0.357767\n"}
,{"stream_name":"stdout","time":2307.793235403,"data":"EDGE_TTA_ACTIVE views= 8 mean_abs_feat_delta= 0.350892\n"}
,{"stream_name":"stdout","time":2307.95814263,"data":"SECONDARY_EDGE_TTA_ACTIVE views= 8 weight= 0.75 mean_abs_feat_delta= 0.328842\n"}
,{"stream_name":"stdout","time":2307.962554355,"data":"BIOHUB_RETENTION_GUARD {\"blended_candidates\": 344, \"dataset\": \"44b6_2a2eff9f\", \"frame\": 93, \"minimum_retention\": 0.9, \"primary_candidates\": 489, \"retention\": 0.7034764826175869, \"use_primary\": true}\n"}
,{"stream_name":"stdout","time":2307.996413089,"data":"EDGE_TTA_ACTIVE views= 8 mean_abs_feat_delta= 0.350892\n"}
,{"stream_name":"stdout","time":2307.996463176,"data":"SECONDARY_EDGE_TTA_ACTIVE views= 8 weight= 0.75 mean_abs_feat_delta= 0.328842\n"}
,{"stream_name":"stdout","time":2307.996469568,"data":"BIOHUB_RETENTION_GUARD {\"blended_candidates\": 344, \"dataset\": \"44b6_2a2eff9f\", \"frame\": 93, \"minimum_retention\": 0.9, \"primary_candidates\": 489, \"retention\": 0.7034764826175869, \"use_primary\": true}\n"}
,{"stream_name":"stdout","time":2308.776421769,"data":"SECONDARY_EDGE_TTA_ACTIVE views= 8 weight= 0.75 mean_abs_feat_delta= 0.272914\n"}
,{"stream_name":"stdout","time":2308.978703531,"data":"SECONDARY_EDGE_TTA_ACTIVE views= 8 weight= 0.75 mean_abs_feat_delta= 0.272914\n"}
,{"stream_name":"stdout","time":2309.157861731,"data":"EDGE_TTA_ACTIVE views= 8 mean_abs_feat_delta= 0.358418\n"}
,{"stream_name":"stdout","time":2309.360452285,"data":"EDGE_TTA_ACTIVE views= 8 mean_abs_feat_delta= 0.358418\n"}
,{"stream_name":"stdout","time":2309.951243041,"data":"EDGE_TTA_ACTIVE views= 8 mean_abs_feat_delta= 0.351945\n"}
,{"stream_name":"stdout","time":2310.122743692,"data":"SECONDARY_EDGE_TTA_ACTIVE views= 8 weight= 0.75 mean_abs_feat_delta= 0.327008\n"}
,{"stream_name":"stdout","time":2310.127165661,"data":"BIOHUB_RETENTION_GUARD {\"blended_candidates\": 360, \"dataset\": \"44b6_2a2eff9f\", \"frame\": 94, \"minimum_retention\": 0.9, \"primary_candidates\": 495, \"retention\": 0.7272727272727273, \"use_primary\": true}\n"}
,{"stream_name":"stdout","time":2310.154468685,"data":"EDGE_TTA_ACTIVE views= 8 mean_abs_feat_delta= 0.351945\n"}
,{"stream_name":"stdout","time":2310.154532894,"data":"SECONDARY_EDGE_TTA_ACTIVE views= 8 weight= 0.75 mean_abs_feat_delta= 0.327008\n"}
,{"stream_name":"stdout","time":2310.154540647,"data":"BIOHUB_RETENTION_GUARD {\"blended_candidates\": 360, \"dataset\": \"44b6_2a2eff9f\", \"frame\": 94, \"minimum_retention\": 0.9, \"primary_candidates\": 495, \"retention\": 0.7272727272727273, \"use_primary\": true}\n"}
,{"stream_name":"stdout","time":2310.931847299,"data":"SECONDARY_EDGE_TTA_ACTIVE views= 8 weight= 0.75 mean_abs_feat_delta= 0.273035\n"}
,{"stream_name":"stdout","time":2311.134172967,"data":"SECONDARY_EDGE_TTA_ACTIVE views= 8 weight= 0.75 mean_abs_feat_delta= 0.273035\n"}
,{"stream_name":"stdout","time":2311.317250333,"data":"EDGE_TTA_ACTIVE views= 8 mean_abs_feat_delta= 0.359717\n"}
,{"stream_name":"stdout","time":2311.520114663,"data":"EDGE_TTA_ACTIVE views= 8 mean_abs_feat_delta= 0.359717\n"}
,{"stream_name":"stdout","time":2312.134040144,"data":"EDGE_TTA_ACTIVE views= 8 mean_abs_feat_delta= 0.349374\n"}
,{"stream_name":"stdout","time":2312.274803217,"data":"SECONDARY_EDGE_TTA_ACTIVE views= 8 weight= 0.75 mean_abs_feat_delta= 0.330388\n"}
,{"stream_name":"stdout","time":2312.278918363,"data":"BIOHUB_RETENTION_GUARD {\"blended_candidates\": 351, \"dataset\": \"44b6_2a2eff9f\", \"frame\": 95, \"minimum_retention\": 0.9, \"primary_candidates\": 480, \"retention\": 0.73125, \"use_primary\": true}\n"}
,{"stream_name":"stdout","time":2312.336708099,"data":"EDGE_TTA_ACTIVE views= 8 mean_abs_feat_delta= 0.349374\n"}
,{"stream_name":"stdout","time":2312.336735776,"data":"SECONDARY_EDGE_TTA_ACTIVE views= 8 weight= 0.75 mean_abs_feat_delta= 0.330388\n"}
,{"stream_name":"stdout","time":2312.336740443,"data":"BIOHUB_RETENTION_GUARD {\"blended_candidates\": 351, \"dataset\": \"44b6_2a2eff9f\", \"frame\": 95, \"minimum_retention\": 0.9, \"primary_candidates\": 480, \"retention\": 0.73125, \"use_primary\": true}\n"}
,{"stream_name":"stdout","time":2313.112169556,"data":"SECONDARY_EDGE_TTA_ACTIVE views= 8 weight= 0.75 mean_abs_feat_delta= 0.271935\n"}
,{"stream_name":"stdout","time":2313.314683435,"data":"SECONDARY_EDGE_TTA_ACTIVE views= 8 weight= 0.75 mean_abs_feat_delta= 0.271935\n"}
,{"stream_name":"stdout","time":2313.434291481,"data":"EDGE_TTA_ACTIVE views= 8 mean_abs_feat_delta= 0.362555\n"}
,{"stream_name":"stdout","time":2313.637015376,"data":"EDGE_TTA_ACTIVE views= 8 mean_abs_feat_delta= 0.362555\n"}
,{"stream_name":"stdout","time":2314.284957293,"data":"EDGE_TTA_ACTIVE views= 8 mean_abs_feat_delta= 0.351376\n"}
,{"stream_name":"stdout","time":2314.395969416,"data":"SECONDARY_EDGE_TTA_ACTIVE views= 8 weight= 0.75 mean_abs_feat_delta= 0.336283\n"}
,{"stream_name":"stdout","time":2314.400329439,"data":"BIOHUB_RETENTION_GUARD {\"blended_candidates\": 323, \"dataset\": \"44b6_2a2eff9f\", \"frame\": 96, \"minimum_retention\": 0.9, \"primary_candidates\": 467, \"retention\": 0.6916488222698073, \"use_primary\": true}\n"}
,{"stream_name":"stdout","time":2314.487929606,"data":"EDGE_TTA_ACTIVE views= 8 mean_abs_feat_delta= 0.351376\n"}
,{"stream_name":"stdout","time":2314.488027712,"data":"SECONDARY_EDGE_TTA_ACTIVE views= 8 weight= 0.75 mean_abs_feat_delta= 0.336283\n"}
,{"stream_name":"stdout","time":2314.488033923,"data":"BIOHUB_RETENTION_GUARD {\"blended_candidates\": 323, \"dataset\": \"44b6_2a2eff9f\", \"frame\": 96, \"minimum_retention\": 0.9, \"primary_candidates\": 467, \"retention\": 0.6916488222698073, \"use_primary\": true}\n"}
,{"stream_name":"stdout","time":2315.260072481,"data":"SECONDARY_EDGE_TTA_ACTIVE views= 8 weight= 0.75 mean_abs_feat_delta= 0.26942\n"}
,{"stream_name":"stdout","time":2315.462561386,"data":"SECONDARY_EDGE_TTA_ACTIVE views= 8 weight= 0.75 mean_abs_feat_delta= 0.26942\n"}
,{"stream_name":"stdout","time":2315.593844804,"data":"EDGE_TTA_ACTIVE views= 8 mean_abs_feat_delta= 0.361436\n"}
,{"stream_name":"stdout","time":2315.796507926,"data":"EDGE_TTA_ACTIVE views= 8 mean_abs_feat_delta= 0.361436\n"}
,{"stream_name":"stdout","time":2316.515175295,"data":"EDGE_TTA_ACTIVE views= 8 mean_abs_feat_delta= 0.35564\n"}
,{"stream_name":"stdout","time":2316.552699286,"data":"SECONDARY_EDGE_TTA_ACTIVE views= 8 weight= 0.75 mean_abs_feat_delta= 0.336744\n"}
,{"stream_name":"stdout","time":2316.556889315,"data":"BIOHUB_RETENTION_GUARD {\"blended_candidates\": 285, \"dataset\": \"44b6_2a2eff9f\", \"frame\": 97, \"minimum_retention\": 0.9, \"primary_candidates\": 446, \"retention\": 0.6390134529147982, \"use_primary\": true}\n"}
,{"stream_name":"stdout","time":2316.717867162,"data":"EDGE_TTA_ACTIVE views= 8 mean_abs_feat_delta= 0.35564\n"}
,{"stream_name":"stdout","time":2316.717902688,"data":"SECONDARY_EDGE_TTA_ACTIVE views= 8 weight= 0.75 mean_abs_feat_delta= 0.336744\n"}
,{"stream_name":"stdout","time":2316.717908311,"data":"BIOHUB_RETENTION_GUARD {\"blended_candidates\": 285, \"dataset\": \"44b6_2a2eff9f\", \"frame\": 97, \"minimum_retention\": 0.9, \"primary_candidates\": 446, \"retention\": 0.6390134529147982, \"use_primary\": true}\n"}
,{"stream_name":"stdout","time":2317.490145158,"data":"SECONDARY_EDGE_TTA_ACTIVE views= 8 weight= 0.75 mean_abs_feat_delta= 0.267667\n"}
,{"stream_name":"stdout","time":2317.679063238,"data":"EDGE_TTA_ACTIVE views= 8 mean_abs_feat_delta= 0.35858\n"}
,{"stream_name":"stdout","time":2317.692629295,"data":"SECONDARY_EDGE_TTA_ACTIVE views= 8 weight= 0.75 mean_abs_feat_delta= 0.267667\n"}
,{"stream_name":"stdout","time":2317.692691519,"data":"EDGE_TTA_ACTIVE views= 8 mean_abs_feat_delta= 0.35858\n"}
,{"stream_name":"stdout","time":2318.634197505,"data":"SECONDARY_EDGE_TTA_ACTIVE views= 8 weight= 0.75 mean_abs_feat_delta= 0.328176\n"}
,{"stream_name":"stdout","time":2318.638533274,"data":"BIOHUB_RETENTION_GUARD {\"blended_candidates\": 333, \"dataset\": \"44b6_2a2eff9f\", \"frame\": 98, \"minimum_retention\": 0.9, \"primary_candidates\": 495, \"retention\": 0.6727272727272727, \"use_primary\": true}\n"}
,{"stream_name":"stdout","time":2318.661773766,"data":"EDGE_TTA_ACTIVE views= 8 mean_abs_feat_delta= 0.352377\n"}
,{"stream_name":"stdout","time":2318.837002233,"data":"SECONDARY_EDGE_TTA_ACTIVE views= 8 weight= 0.75 mean_abs_feat_delta= 0.328176\n"}
,{"stream_name":"stdout","time":2318.837074099,"data":"BIOHUB_RETENTION_GUARD {\"blended_candidates\": 333, \"dataset\": \"44b6_2a2eff9f\", \"frame\": 98, \"minimum_retention\": 0.9, \"primary_candidates\": 495, \"retention\": 0.6727272727272727, \"use_primary\": true}\n"}
,{"stream_name":"stdout","time":2318.837082411,"data":"EDGE_TTA_ACTIVE views= 8 mean_abs_feat_delta= 0.352377\n"}
,{"stream_name":"stdout","time":2319.634701682,"data":"SECONDARY_EDGE_TTA_ACTIVE views= 8 weight= 0.75 mean_abs_feat_delta= 0.272442\n"}
,{"stream_name":"stdout","time":2319.786226429,"data":"EDGE_TTA_ACTIVE views= 8 mean_abs_feat_delta= 0.354435\n"}
,{"stream_name":"stdout","time":2319.837214552,"data":"SECONDARY_EDGE_TTA_ACTIVE views= 8 weight= 0.75 mean_abs_feat_delta= 0.272442\n"}
,{"stream_name":"stdout","time":2319.837265745,"data":"EDGE_TTA_ACTIVE views= 8 mean_abs_feat_delta= 0.354435\n"}
,{"stream_name":"stdout","time":2320.74307933,"data":"SECONDARY_EDGE_TTA_ACTIVE views= 8 weight= 0.75 mean_abs_feat_delta= 0.329228\n"}
,{"stream_name":"stdout","time":2320.747416426,"data":"BIOHUB_RETENTION_GUARD {\"blended_candidates\": 268, \"dataset\": \"44b6_2a2eff9f\", \"frame\": 99, \"minimum_retention\": 0.9, \"primary_candidates\": 455, \"retention\": 0.589010989010989, \"use_primary\": true}\n"}
,{"stream_name":"stdout","time":2320.807613048,"data":"EDGE_TTA_ACTIVE views= 8 mean_abs_feat_delta= 0.352809\n"}
,{"stream_name":"stdout","time":2320.946382134,"data":"SECONDARY_EDGE_TTA_ACTIVE views= 8 weight= 0.75 mean_abs_feat_delta= 0.329228\n"}
,{"stream_name":"stdout","time":2320.946414706,"data":"BIOHUB_RETENTION_GUARD {\"blended_candidates\": 268, \"dataset\": \"44b6_2a2eff9f\", \"frame\": 99, \"minimum_retention\": 0.9, \"primary_candidates\": 455, \"retention\": 0.589010989010989, \"use_primary\": true}\n"}
,{"stream_name":"stdout","time":2320.946421189,"data":"EDGE_TTA_ACTIVE views= 8 mean_abs_feat_delta= 0.352809\n"}
,{"stream_name":"stdout","time":2321.78039043,"data":"SECONDARY_EDGE_TTA_ACTIVE views= 8 weight= 0.75 mean_abs_feat_delta= 0.274668\n"}
,{"stream_name":"stdout","time":2321.983063034,"data":"SECONDARY_EDGE_TTA_ACTIVE views= 8 weight= 0.75 mean_abs_feat_delta= 0.274668\n"}
,{"stream_name":"stdout","time":2322.951002306,"data":"EDGE_TTA_ACTIVE views= 8 mean_abs_feat_delta= 0.347118\n"}
,{"stream_name":"stdout","time":2323.153903456,"data":"EDGE_TTA_ACTIVE views= 8 mean_abs_feat_delta= 0.347118\n"}
,{"stream_name":"stdout","time":2323.920990187,"data":"SECONDARY_EDGE_TTA_ACTIVE views= 8 weight= 0.75 mean_abs_feat_delta= 0.278564\n"}
,{"stream_name":"stdout","time":2324.255531828,"data":"SECONDARY_EDGE_TTA_ACTIVE views= 8 weight= 0.75 mean_abs_feat_delta= 0.278564\n"}
,{"stream_name":"stdout","time":2325.21486011,"data":"EDGE_TTA_ACTIVE views= 8 mean_abs_feat_delta= 0.353642\n"}
,{"stream_name":"stdout","time":2325.417989811,"data":"EDGE_TTA_ACTIVE views= 8 mean_abs_feat_delta= 0.353642\n"}
,{"stream_name":"stdout","time":2326.185635208,"data":"SECONDARY_EDGE_TTA_ACTIVE views= 8 weight= 0.75 mean_abs_feat_delta= 0.276498\n"}
,{"stream_name":"stdout","time":2326.38826195,"data":"SECONDARY_EDGE_TTA_ACTIVE views= 8 weight= 0.75 mean_abs_feat_delta= 0.276498\n"}
,{"stream_name":"stdout","time":2327.400982759,"data":"EDGE_TTA_ACTIVE views= 8 mean_abs_feat_delta= 0.351185\n"}
,{"stream_name":"stdout","time":2327.605450831,"data":"EDGE_TTA_ACTIVE views= 8 mean_abs_feat_delta= 0.351185\n"}
,{"stream_name":"stdout","time":2328.372088713,"data":"SECONDARY_EDGE_TTA_ACTIVE views= 8 weight= 0.75 mean_abs_feat_delta= 0.279183\n"}
,{"stream_name":"stdout","time":2328.576414517,"data":"SECONDARY_EDGE_TTA_ACTIVE views= 8 weight= 0.75 mean_abs_feat_delta= 0.279183\n"}
,{"stream_name":"stdout","time":2329.6268199,"data":"EDGE_TTA_ACTIVE views= 8 mean_abs_feat_delta= 0.348389\n"}
,{"stream_name":"stdout","time":2329.829249691,"data":"EDGE_TTA_ACTIVE views= 8 mean_abs_feat_delta= 0.348389\n"}
,{"stream_name":"stdout","time":2330.597045052,"data":"SECONDARY_EDGE_TTA_ACTIVE views= 8 weight= 0.75 mean_abs_feat_delta= 0.278205\n"}
,{"stream_name":"stdout","time":2330.799901943,"data":"SECONDARY_EDGE_TTA_ACTIVE views= 8 weight= 0.75 mean_abs_feat_delta= 0.278205\n"}
,{"stream_name":"stdout","time":2331.87015921,"data":"EDGE_TTA_ACTIVE views= 8 mean_abs_feat_delta= 0.351443\n"}
,{"stream_name":"stdout","time":2332.073114291,"data":"EDGE_TTA_ACTIVE views= 8 mean_abs_feat_delta= 0.351443\n"}
,{"stream_name":"stdout","time":2332.842152359,"data":"SECONDARY_EDGE_TTA_ACTIVE views= 8 weight= 0.75 mean_abs_feat_delta= 0.274986\n"}
,{"stream_name":"stdout","time":2333.044941781,"data":"SECONDARY_EDGE_TTA_ACTIVE views= 8 weight= 0.75 mean_abs_feat_delta= 0.274986\n"}
,{"stream_name":"stdout","time":2334.098106494,"data":"EDGE_TTA_ACTIVE views= 8 mean_abs_feat_delta= 0.355512\n"}
,{"stream_name":"stdout","time":2334.301088635,"data":"EDGE_TTA_ACTIVE views= 8 mean_abs_feat_delta= 0.355512\n"}
,{"stream_name":"stdout","time":2335.070148969,"data":"SECONDARY_EDGE_TTA_ACTIVE views= 8 weight= 0.75 mean_abs_feat_delta= 0.274203\n"}
,{"stream_name":"stdout","time":2335.272603572,"data":"SECONDARY_EDGE_TTA_ACTIVE views= 8 weight= 0.75 mean_abs_feat_delta= 0.274203\n"}
,{"stream_name":"stdout","time":2336.245478499,"data":"EDGE_TTA_ACTIVE views= 8 mean_abs_feat_delta= 0.348668\n"}
,{"stream_name":"stdout","time":2336.448154485,"data":"EDGE_TTA_ACTIVE views= 8 mean_abs_feat_delta= 0.348668\n"}
,{"stream_name":"stdout","time":2337.217415815,"data":"SECONDARY_EDGE_TTA_ACTIVE views= 8 weight= 0.75 mean_abs_feat_delta= 0.273582\n"}
,{"stream_name":"stdout","time":2337.420337361,"data":"SECONDARY_EDGE_TTA_ACTIVE views= 8 weight= 0.75 mean_abs_feat_delta= 0.273582\n"}
,{"stream_name":"stdout","time":2338.321091904,"data":"EDGE_TTA_ACTIVE views= 8 mean_abs_feat_delta= 0.346939\n"}
,{"stream_name":"stdout","time":2338.523483532,"data":"EDGE_TTA_ACTIVE views= 8 mean_abs_feat_delta= 0.346939\n"}
,{"stream_name":"stdout","time":2339.289157147,"data":"SECONDARY_EDGE_TTA_ACTIVE views= 8 weight= 0.75 mean_abs_feat_delta= 0.274097\n"}
,{"stream_name":"stdout","time":2339.491800911,"data":"SECONDARY_EDGE_TTA_ACTIVE views= 8 weight= 0.75 mean_abs_feat_delta= 0.274097\n"}
,{"stream_name":"stdout","time":2340.458126246,"data":"EDGE_TTA_ACTIVE views= 8 mean_abs_feat_delta= 0.342592\n"}
,{"stream_name":"stdout","time":2340.660506522,"data":"EDGE_TTA_ACTIVE views= 8 mean_abs_feat_delta= 0.342592\n"}
,{"stream_name":"stdout","time":2341.421137639,"data":"SECONDARY_EDGE_TTA_ACTIVE views= 8 weight= 0.75 mean_abs_feat_delta= 0.277442\n"}
,{"stream_name":"stdout","time":2341.6237982,"data":"SECONDARY_EDGE_TTA_ACTIVE views= 8 weight= 0.75 mean_abs_feat_delta= 0.277442\n"}
,{"stream_name":"stdout","time":2342.548404719,"data":"EDGE_TTA_ACTIVE views= 8 mean_abs_feat_delta= 0.347841\n"}
,{"stream_name":"stdout","time":2342.751257163,"data":"EDGE_TTA_ACTIVE views= 8 mean_abs_feat_delta= 0.347841\n"}
,{"stream_name":"stdout","time":2343.510272095,"data":"SECONDARY_EDGE_TTA_ACTIVE views= 8 weight= 0.75 mean_abs_feat_delta= 0.271551\n"}
,{"stream_name":"stdout","time":2343.713167213,"data":"SECONDARY_EDGE_TTA_ACTIVE views= 8 weight= 0.75 mean_abs_feat_delta= 0.271551\n"}
,{"stream_name":"stdout","time":2344.644439143,"data":"EDGE_TTA_ACTIVE views= 8 mean_abs_feat_delta= 0.345072\n"}
,{"stream_name":"stdout","time":2344.84730502,"data":"EDGE_TTA_ACTIVE views= 8 mean_abs_feat_delta= 0.345072\n"}
,{"stream_name":"stdout","time":2345.617535974,"data":"SECONDARY_EDGE_TTA_ACTIVE views= 8 weight= 0.75 mean_abs_feat_delta= 0.268445\n"}
,{"stream_name":"stdout","time":2345.820638103,"data":"SECONDARY_EDGE_TTA_ACTIVE views= 8 weight= 0.75 mean_abs_feat_delta= 0.268445\n"}
,{"stream_name":"stdout","time":2346.790370761,"data":"EDGE_TTA_ACTIVE views= 8 mean_abs_feat_delta= 0.344896\n"}
,{"stream_name":"stdout","time":2346.993598237,"data":"EDGE_TTA_ACTIVE views= 8 mean_abs_feat_delta= 0.344896\n"}
,{"stream_name":"stdout","time":2347.758521059,"data":"SECONDARY_EDGE_TTA_ACTIVE views= 8 weight= 0.75 mean_abs_feat_delta= 0.270607\n"}
,{"stream_name":"stdout","time":2347.960741398,"data":"SECONDARY_EDGE_TTA_ACTIVE views= 8 weight= 0.75 mean_abs_feat_delta= 0.270607\n"}
,{"stream_name":"stdout","time":2348.947739975,"data":"EDGE_TTA_ACTIVE views= 8 mean_abs_feat_delta= 0.348324\n"}
,{"stream_name":"stdout","time":2349.150648255,"data":"EDGE_TTA_ACTIVE views= 8 mean_abs_feat_delta= 0.348324\n"}
,{"stream_name":"stdout","time":2349.912008229,"data":"SECONDARY_EDGE_TTA_ACTIVE views= 8 weight= 0.75 mean_abs_feat_delta= 0.275814\n"}
,{"stream_name":"stdout","time":2350.114757984,"data":"SECONDARY_EDGE_TTA_ACTIVE views= 8 weight= 0.75 mean_abs_feat_delta= 0.275814\n"}
,{"stream_name":"stdout","time":2351.012014941,"data":"EDGE_TTA_ACTIVE views= 8 mean_abs_feat_delta= 0.346953\n"}
,{"stream_name":"stdout","time":2351.21498599,"data":"EDGE_TTA_ACTIVE views= 8 mean_abs_feat_delta= 0.346953\n"}
,{"stream_name":"stdout","time":2351.980680463,"data":"SECONDARY_EDGE_TTA_ACTIVE views= 8 weight= 0.75 mean_abs_feat_delta= 0.273692\n"}
,{"stream_name":"stdout","time":2352.183625238,"data":"SECONDARY_EDGE_TTA_ACTIVE views= 8 weight= 0.75 mean_abs_feat_delta= 0.273692\n"}
,{"stream_name":"stdout","time":2353.100029398,"data":"EDGE_TTA_ACTIVE views= 8 mean_abs_feat_delta= 0.344214\n"}
,{"stream_name":"stdout","time":2353.302439416,"data":"EDGE_TTA_ACTIVE views= 8 mean_abs_feat_delta= 0.344214\n"}
,{"stream_name":"stdout","time":2354.062183778,"data":"SECONDARY_EDGE_TTA_ACTIVE views= 8 weight= 0.75 mean_abs_feat_delta= 0.270608\n"}
,{"stream_name":"stdout","time":2354.372682033,"data":"SECONDARY_EDGE_TTA_ACTIVE views= 8 weight= 0.75 mean_abs_feat_delta= 0.270608\n"}
,{"stream_name":"stdout","time":2355.168524306,"data":"EDGE_TTA_ACTIVE views= 8 mean_abs_feat_delta= 0.345782\n"}
,{"stream_name":"stdout","time":2355.371639171,"data":"EDGE_TTA_ACTIVE views= 8 mean_abs_feat_delta= 0.345782\n"}
,{"stream_name":"stdout","time":2356.134508263,"data":"SECONDARY_EDGE_TTA_ACTIVE views= 8 weight= 0.75 mean_abs_feat_delta= 0.27426\n"}
,{"stream_name":"stdout","time":2356.138692821,"data":"BIOHUB_RETENTION_GUARD {\"blended_candidates\": 342, \"dataset\": \"6bba_07e24132\", \"frame\": 32, \"minimum_retention\": 0.9, \"primary_candidates\": 392, \"retention\": 0.8724489795918368, \"use_primary\": true}\n"}
,{"stream_name":"stdout","time":2356.336773649,"data":"SECONDARY_EDGE_TTA_ACTIVE views= 8 weight= 0.75 mean_abs_feat_delta= 0.27426\n"}
,{"stream_name":"stdout","time":2356.33681309,"data":"BIOHUB_RETENTION_GUARD {\"blended_candidates\": 342, \"dataset\": \"6bba_07e24132\", \"frame\": 32, \"minimum_retention\": 0.9, \"primary_candidates\": 392, \"retention\": 0.8724489795918368, \"use_primary\": true}\n"}
,{"stream_name":"stdout","time":2357.264247409,"data":"EDGE_TTA_ACTIVE views= 8 mean_abs_feat_delta= 0.345884\n"}
,{"stream_name":"stdout","time":2357.466016426,"data":"EDGE_TTA_ACTIVE views= 8 mean_abs_feat_delta= 0.345884\n"}
,{"stream_name":"stdout","time":2358.234476564,"data":"SECONDARY_EDGE_TTA_ACTIVE views= 8 weight= 0.75 mean_abs_feat_delta= 0.271994\n"}
,{"stream_name":"stdout","time":2358.436761579,"data":"SECONDARY_EDGE_TTA_ACTIVE views= 8 weight= 0.75 mean_abs_feat_delta= 0.271994\n"}
,{"stream_name":"stdout","time":2358.542196153,"data":"EDGE_TTA_ACTIVE views= 8 mean_abs_feat_delta= 0.288475\n"}
,{"stream_name":"stdout","time":2358.744791852,"data":"EDGE_TTA_ACTIVE views= 8 mean_abs_feat_delta= 0.288475\n"}
,{"stream_name":"stdout","time":2359.391738227,"data":"EDGE_TTA_ACTIVE views= 8 mean_abs_feat_delta= 0.349488\n"}
,{"stream_name":"stdout","time":2359.470351125,"data":"SECONDARY_EDGE_TTA_ACTIVE views= 8 weight= 0.75 mean_abs_feat_delta= 0.217553\n"}
,{"stream_name":"stdout","time":2359.593777504,"data":"EDGE_TTA_ACTIVE views= 8 mean_abs_feat_delta= 0.349488\n"}
,{"stream_name":"stdout","time":2359.593813442,"data":"SECONDARY_EDGE_TTA_ACTIVE views= 8 weight= 0.75 mean_abs_feat_delta= 0.217553\n"}
,{"stream_name":"stdout","time":2360.360252194,"data":"SECONDARY_EDGE_TTA_ACTIVE views= 8 weight= 0.75 mean_abs_feat_delta= 0.27163\n"}
,{"stream_name":"stdout","time":2360.47491049,"data":"EDGE_TTA_ACTIVE views= 8 mean_abs_feat_delta= 0.287561\n"}
,{"stream_name":"stdout","time":2360.562774895,"data":"SECONDARY_EDGE_TTA_ACTIVE views= 8 weight= 0.75 mean_abs_feat_delta= 0.27163\n"}
,{"stream_name":"stdout","time":2360.562811998,"data":"EDGE_TTA_ACTIVE views= 8 mean_abs_feat_delta= 0.287561\n"}
,{"stream_name":"stdout","time":2361.408458659,"data":"SECONDARY_EDGE_TTA_ACTIVE views= 8 weight= 0.75 mean_abs_feat_delta= 0.216934\n"}
,{"stream_name":"stdout","time":2361.519858123,"data":"EDGE_TTA_ACTIVE views= 8 mean_abs_feat_delta= 0.344998\n"}
,{"stream_name":"stdout","time":2361.611447038,"data":"SECONDARY_EDGE_TTA_ACTIVE views= 8 weight= 0.75 mean_abs_feat_delta= 0.216934\n"}
,{"stream_name":"stdout","time":2361.611485081,"data":"EDGE_TTA_ACTIVE views= 8 mean_abs_feat_delta= 0.344998\n"}
,{"stream_name":"stdout","time":2362.420539866,"data":"EDGE_TTA_ACTIVE views= 8 mean_abs_feat_delta= 0.288963\n"}
,{"stream_name":"stdout","time":2362.487433639,"data":"SECONDARY_EDGE_TTA_ACTIVE views= 8 weight= 0.75 mean_abs_feat_delta= 0.273802\n"}
,{"stream_name":"stdout","time":2362.623218284,"data":"EDGE_TTA_ACTIVE views= 8 mean_abs_feat_delta= 0.288963\n"}
,{"stream_name":"stdout","time":2362.623250624,"data":"SECONDARY_EDGE_TTA_ACTIVE views= 8 weight= 0.75 mean_abs_feat_delta= 0.273802\n"}
,{"stream_name":"stdout","time":2363.361563903,"data":"SECONDARY_EDGE_TTA_ACTIVE views= 8 weight= 0.75 mean_abs_feat_delta= 0.213178\n"}
,{"stream_name":"stdout","time":2363.564183131,"data":"SECONDARY_EDGE_TTA_ACTIVE views= 8 weight= 0.75 mean_abs_feat_delta= 0.213178\n"}
,{"stream_name":"stdout","time":2363.607846948,"data":"EDGE_TTA_ACTIVE views= 8 mean_abs_feat_delta= 0.344112\n"}
,{"stream_name":"stdout","time":2363.810806889,"data":"EDGE_TTA_ACTIVE views= 8 mean_abs_feat_delta= 0.344112\n"}
,{"stream_name":"stdout","time":2364.393355811,"data":"EDGE_TTA_ACTIVE views= 8 mean_abs_feat_delta= 0.284378\n"}
,{"stream_name":"stdout","time":2364.572392718,"data":"SECONDARY_EDGE_TTA_ACTIVE views= 8 weight= 0.75 mean_abs_feat_delta= 0.271976\n"}
,{"stream_name":"stdout","time":2364.595749049,"data":"EDGE_TTA_ACTIVE views= 8 mean_abs_feat_delta= 0.284378\n"}
,{"stream_name":"stdout","time":2364.595799433,"data":"SECONDARY_EDGE_TTA_ACTIVE views= 8 weight= 0.75 mean_abs_feat_delta= 0.271976\n"}
,{"stream_name":"stdout","time":2365.334536527,"data":"SECONDARY_EDGE_TTA_ACTIVE views= 8 weight= 0.75 mean_abs_feat_delta= 0.21734\n"}
,{"stream_name":"stdout","time":2365.537125608,"data":"SECONDARY_EDGE_TTA_ACTIVE views= 8 weight= 0.75 mean_abs_feat_delta= 0.21734\n"}
,{"stream_name":"stdout","time":2365.669260351,"data":"EDGE_TTA_ACTIVE views= 8 mean_abs_feat_delta= 0.344058\n"}
,{"stream_name":"stdout","time":2365.871623403,"data":"EDGE_TTA_ACTIVE views= 8 mean_abs_feat_delta= 0.344058\n"}
,{"stream_name":"stdout","time":2366.363481379,"data":"EDGE_TTA_ACTIVE views= 8 mean_abs_feat_delta= 0.287813\n"}
,{"stream_name":"stdout","time":2366.56616584,"data":"EDGE_TTA_ACTIVE views= 8 mean_abs_feat_delta= 0.287813\n"}
,{"stream_name":"stdout","time":2366.63863548,"data":"SECONDARY_EDGE_TTA_ACTIVE views= 8 weight= 0.75 mean_abs_feat_delta= 0.27149\n"}
,{"stream_name":"stdout","time":2366.841512456,"data":"SECONDARY_EDGE_TTA_ACTIVE views= 8 weight= 0.75 mean_abs_feat_delta= 0.27149\n"}
,{"stream_name":"stdout","time":2367.30763242,"data":"SECONDARY_EDGE_TTA_ACTIVE views= 8 weight= 0.75 mean_abs_feat_delta= 0.213892\n"}
,{"stream_name":"stdout","time":2367.510153414,"data":"SECONDARY_EDGE_TTA_ACTIVE views= 8 weight= 0.75 mean_abs_feat_delta= 0.213892\n"}
,{"stream_name":"stdout","time":2367.768680725,"data":"EDGE_TTA_ACTIVE views= 8 mean_abs_feat_delta= 0.342413\n"}
,{"stream_name":"stdout","time":2367.971437099,"data":"EDGE_TTA_ACTIVE views= 8 mean_abs_feat_delta= 0.342413\n"}
,{"stream_name":"stdout","time":2368.350388089,"data":"EDGE_TTA_ACTIVE views= 8 mean_abs_feat_delta= 0.287261\n"}
,{"stream_name":"stdout","time":2368.552861493,"data":"EDGE_TTA_ACTIVE views= 8 mean_abs_feat_delta= 0.287261\n"}
,{"stream_name":"stdout","time":2368.732876033,"data":"SECONDARY_EDGE_TTA_ACTIVE views= 8 weight= 0.75 mean_abs_feat_delta= 0.268044\n"}
,{"stream_name":"stdout","time":2368.93515569,"data":"SECONDARY_EDGE_TTA_ACTIVE views= 8 weight= 0.75 mean_abs_feat_delta= 0.268044\n"}
,{"stream_name":"stdout","time":2369.301129839,"data":"SECONDARY_EDGE_TTA_ACTIVE views= 8 weight= 0.75 mean_abs_feat_delta= 0.21242\n"}
,{"stream_name":"stdout","time":2369.503743117,"data":"SECONDARY_EDGE_TTA_ACTIVE views= 8 weight= 0.75 mean_abs_feat_delta= 0.21242\n"}
,{"stream_name":"stdout","time":2369.838316282,"data":"EDGE_TTA_ACTIVE views= 8 mean_abs_feat_delta= 0.339014\n"}
,{"stream_name":"stdout","time":2370.040698044,"data":"EDGE_TTA_ACTIVE views= 8 mean_abs_feat_delta= 0.339014\n"}
,{"stream_name":"stdout","time":2370.339732872,"data":"EDGE_TTA_ACTIVE views= 8 mean_abs_feat_delta= 0.28741\n"}
,{"stream_name":"stdout","time":2370.542442122,"data":"EDGE_TTA_ACTIVE views= 8 mean_abs_feat_delta= 0.28741\n"}
,{"stream_name":"stdout","time":2370.807437086,"data":"SECONDARY_EDGE_TTA_ACTIVE views= 8 weight= 0.75 mean_abs_feat_delta= 0.262923\n"}
,{"stream_name":"stdout","time":2371.010189684,"data":"SECONDARY_EDGE_TTA_ACTIVE views= 8 weight= 0.75 mean_abs_feat_delta= 0.262923\n"}
,{"stream_name":"stdout","time":2371.29396307,"data":"SECONDARY_EDGE_TTA_ACTIVE views= 8 weight= 0.75 mean_abs_feat_delta= 0.213947\n"}
,{"stream_name":"stdout","time":2371.496233547,"data":"SECONDARY_EDGE_TTA_ACTIVE views= 8 weight= 0.75 mean_abs_feat_delta= 0.213947\n"}
,{"stream_name":"stdout","time":2371.992978741,"data":"EDGE_TTA_ACTIVE views= 8 mean_abs_feat_delta= 0.331895\n"}
,{"stream_name":"stdout","time":2372.19539436,"data":"EDGE_TTA_ACTIVE views= 8 mean_abs_feat_delta= 0.331895\n"}
,{"stream_name":"stdout","time":2372.343315644,"data":"EDGE_TTA_ACTIVE views= 8 mean_abs_feat_delta= 0.291909\n"}
,{"stream_name":"stdout","time":2372.545798742,"data":"EDGE_TTA_ACTIVE views= 8 mean_abs_feat_delta= 0.291909\n"}
,{"stream_name":"stdout","time":2372.956549908,"data":"SECONDARY_EDGE_TTA_ACTIVE views= 8 weight= 0.75 mean_abs_feat_delta= 0.264978\n"}
,{"stream_name":"stdout","time":2373.159355993,"data":"SECONDARY_EDGE_TTA_ACTIVE views= 8 weight= 0.75 mean_abs_feat_delta= 0.264978\n"}
,{"stream_name":"stdout","time":2373.299614069,"data":"SECONDARY_EDGE_TTA_ACTIVE views= 8 weight= 0.75 mean_abs_feat_delta= 0.227253\n"}
,{"stream_name":"stdout","time":2373.50202508,"data":"SECONDARY_EDGE_TTA_ACTIVE views= 8 weight= 0.75 mean_abs_feat_delta= 0.227253\n"}
,{"stream_name":"stdout","time":2374.061355074,"data":"EDGE_TTA_ACTIVE views= 8 mean_abs_feat_delta= 0.34071\n"}
,{"stream_name":"stdout","time":2374.264218368,"data":"EDGE_TTA_ACTIVE views= 8 mean_abs_feat_delta= 0.34071\n"}
,{"stream_name":"stdout","time":2374.365993033,"data":"EDGE_TTA_ACTIVE views= 8 mean_abs_feat_delta= 0.291947\n"}
,{"stream_name":"stdout","time":2374.568570932,"data":"EDGE_TTA_ACTIVE views= 8 mean_abs_feat_delta= 0.291947\n"}
,{"stream_name":"stdout","time":2375.022343886,"data":"SECONDARY_EDGE_TTA_ACTIVE views= 8 weight= 0.75 mean_abs_feat_delta= 0.260415\n"}
,{"stream_name":"stdout","time":2375.225183452,"data":"SECONDARY_EDGE_TTA_ACTIVE views= 8 weight= 0.75 mean_abs_feat_delta= 0.260415\n"}
,{"stream_name":"stdout","time":2375.326406092,"data":"SECONDARY_EDGE_TTA_ACTIVE views= 8 weight= 0.75 mean_abs_feat_delta= 0.212589\n"}
,{"stream_name":"stdout","time":2375.528801333,"data":"SECONDARY_EDGE_TTA_ACTIVE views= 8 weight= 0.75 mean_abs_feat_delta= 0.212589\n"}
,{"stream_name":"stdout","time":2376.154248811,"data":"EDGE_TTA_ACTIVE views= 8 mean_abs_feat_delta= 0.344597\n"}
,{"stream_name":"stdout","time":2376.357021608,"data":"EDGE_TTA_ACTIVE views= 8 mean_abs_feat_delta= 0.344597\n"}
,{"stream_name":"stdout","time":2376.388514551,"data":"EDGE_TTA_ACTIVE views= 8 mean_abs_feat_delta= 0.291055\n"}
,{"stream_name":"stdout","time":2376.591135442,"data":"EDGE_TTA_ACTIVE views= 8 mean_abs_feat_delta= 0.291055\n"}
,{"stream_name":"stdout","time":2377.122898546,"data":"SECONDARY_EDGE_TTA_ACTIVE views= 8 weight= 0.75 mean_abs_feat_delta= 0.26243\n"}
,{"stream_name":"stdout","time":2377.325463342,"data":"SECONDARY_EDGE_TTA_ACTIVE views= 8 weight= 0.75 mean_abs_feat_delta= 0.26243\n"}
,{"stream_name":"stdout","time":2377.351739989,"data":"SECONDARY_EDGE_TTA_ACTIVE views= 8 weight= 0.75 mean_abs_feat_delta= 0.218146\n"}
,{"stream_name":"stdout","time":2377.554616716,"data":"SECONDARY_EDGE_TTA_ACTIVE views= 8 weight= 0.75 mean_abs_feat_delta= 0.218146\n"}
,{"stream_name":"stdout","time":2378.220909115,"data":"EDGE_TTA_ACTIVE views= 8 mean_abs_feat_delta= 0.347949\n"}
,{"stream_name":"stdout","time":2378.414865951,"data":"EDGE_TTA_ACTIVE views= 8 mean_abs_feat_delta= 0.28982\n"}
,{"stream_name":"stdout","time":2378.423502632,"data":"EDGE_TTA_ACTIVE views= 8 mean_abs_feat_delta= 0.347949\n"}
,{"stream_name":"stdout","time":2378.423534583,"data":"EDGE_TTA_ACTIVE views= 8 mean_abs_feat_delta= 0.28982\n"}
,{"stream_name":"stdout","time":2379.19112777,"data":"SECONDARY_EDGE_TTA_ACTIVE views= 8 weight= 0.75 mean_abs_feat_delta= 0.263794\n"}
,{"stream_name":"stdout","time":2379.363698332,"data":"SECONDARY_EDGE_TTA_ACTIVE views= 8 weight= 0.75 mean_abs_feat_delta= 0.214342\n"}
,{"stream_name":"stdout","time":2379.394363773,"data":"SECONDARY_EDGE_TTA_ACTIVE views= 8 weight= 0.75 mean_abs_feat_delta= 0.263794\n"}
,{"stream_name":"stdout","time":2379.394454397,"data":"SECONDARY_EDGE_TTA_ACTIVE views= 8 weight= 0.75 mean_abs_feat_delta= 0.214342\n"}
,{"stream_name":"stdout","time":2380.34408572,"data":"EDGE_TTA_ACTIVE views= 8 mean_abs_feat_delta= 0.343395\n"}
,{"stream_name":"stdout","time":2380.44756078,"data":"EDGE_TTA_ACTIVE views= 8 mean_abs_feat_delta= 0.288198\n"}
,{"stream_name":"stdout","time":2380.547061074,"data":"EDGE_TTA_ACTIVE views= 8 mean_abs_feat_delta= 0.343395\n"}
,{"stream_name":"stdout","time":2380.547113479,"data":"EDGE_TTA_ACTIVE views= 8 mean_abs_feat_delta= 0.288198\n"}
,{"stream_name":"stdout","time":2381.315144474,"data":"SECONDARY_EDGE_TTA_ACTIVE views= 8 weight= 0.75 mean_abs_feat_delta= 0.261742\n"}
,{"stream_name":"stdout","time":2381.41714164,"data":"SECONDARY_EDGE_TTA_ACTIVE views= 8 weight= 0.75 mean_abs_feat_delta= 0.215677\n"}
,{"stream_name":"stdout","time":2381.517328364,"data":"SECONDARY_EDGE_TTA_ACTIVE views= 8 weight= 0.75 mean_abs_feat_delta= 0.261742\n"}
,{"stream_name":"stdout","time":2381.517361973,"data":"SECONDARY_EDGE_TTA_ACTIVE views= 8 weight= 0.75 mean_abs_feat_delta= 0.215677\n"}
,{"stream_name":"stdout","time":2382.401960015,"data":"EDGE_TTA_ACTIVE views= 8 mean_abs_feat_delta= 0.342938\n"}
,{"stream_name":"stdout","time":2382.503170559,"data":"EDGE_TTA_ACTIVE views= 8 mean_abs_feat_delta= 0.280635\n"}
,{"stream_name":"stdout","time":2382.604856006,"data":"EDGE_TTA_ACTIVE views= 8 mean_abs_feat_delta= 0.342938\n"}
,{"stream_name":"stdout","time":2382.604916789,"data":"EDGE_TTA_ACTIVE views= 8 mean_abs_feat_delta= 0.280635\n"}
,{"stream_name":"stdout","time":2383.365511377,"data":"SECONDARY_EDGE_TTA_ACTIVE views= 8 weight= 0.75 mean_abs_feat_delta= 0.262384\n"}
,{"stream_name":"stdout","time":2383.476256272,"data":"SECONDARY_EDGE_TTA_ACTIVE views= 8 weight= 0.75 mean_abs_feat_delta= 0.231796\n"}
,{"stream_name":"stdout","time":2383.567588234,"data":"SECONDARY_EDGE_TTA_ACTIVE views= 8 weight= 0.75 mean_abs_feat_delta= 0.262384\n"}
,{"stream_name":"stdout","time":2383.567644163,"data":"SECONDARY_EDGE_TTA_ACTIVE views= 8 weight= 0.75 mean_abs_feat_delta= 0.231796\n"}
,{"stream_name":"stdout","time":2384.536822951,"data":"EDGE_TTA_ACTIVE views= 8 mean_abs_feat_delta= 0.34073\n"}
,{"stream_name":"stdout","time":2384.587803557,"data":"EDGE_TTA_ACTIVE views= 8 mean_abs_feat_delta= 0.283807\n"}
,{"stream_name":"stdout","time":2384.842825907,"data":"EDGE_TTA_ACTIVE views= 8 mean_abs_feat_delta= 0.34073\n"}
,{"stream_name":"stdout","time":2384.842851882,"data":"EDGE_TTA_ACTIVE views= 8 mean_abs_feat_delta= 0.283807\n"}
,{"stream_name":"stdout","time":2385.510392681,"data":"SECONDARY_EDGE_TTA_ACTIVE views= 8 weight= 0.75 mean_abs_feat_delta= 0.263048\n"}
,{"stream_name":"stdout","time":2385.563430563,"data":"SECONDARY_EDGE_TTA_ACTIVE views= 8 weight= 0.75 mean_abs_feat_delta= 0.220564\n"}
,{"stream_name":"stdout","time":2385.713250076,"data":"SECONDARY_EDGE_TTA_ACTIVE views= 8 weight= 0.75 mean_abs_feat_delta= 0.263048\n"}
,{"stream_name":"stdout","time":2385.713330452,"data":"SECONDARY_EDGE_TTA_ACTIVE views= 8 weight= 0.75 mean_abs_feat_delta= 0.220564\n"}
,{"stream_name":"stdout","time":2386.606372703,"data":"EDGE_TTA_ACTIVE views= 8 mean_abs_feat_delta= 0.337223\n"}
,{"stream_name":"stdout","time":2386.631627168,"data":"EDGE_TTA_ACTIVE views= 8 mean_abs_feat_delta= 0.288234\n"}
,{"stream_name":"stdout","time":2386.808924766,"data":"EDGE_TTA_ACTIVE views= 8 mean_abs_feat_delta= 0.337223\n"}
,{"stream_name":"stdout","time":2386.808983844,"data":"EDGE_TTA_ACTIVE views= 8 mean_abs_feat_delta= 0.288234\n"}
,{"stream_name":"stdout","time":2387.577923635,"data":"SECONDARY_EDGE_TTA_ACTIVE views= 8 weight= 0.75 mean_abs_feat_delta= 0.265915\n"}
,{"stream_name":"stdout","time":2387.611745673,"data":"SECONDARY_EDGE_TTA_ACTIVE views= 8 weight= 0.75 mean_abs_feat_delta= 0.221951\n"}
,{"stream_name":"stdout","time":2387.77992048,"data":"SECONDARY_EDGE_TTA_ACTIVE views= 8 weight= 0.75 mean_abs_feat_delta= 0.265915\n"}
,{"stream_name":"stdout","time":2387.780003982,"data":"SECONDARY_EDGE_TTA_ACTIVE views= 8 weight= 0.75 mean_abs_feat_delta= 0.221951\n"}
,{"stream_name":"stdout","time":2388.727603613,"data":"EDGE_TTA_ACTIVE views= 8 mean_abs_feat_delta= 0.286344\n"}
,{"stream_name":"stdout","time":2388.73100754,"data":"EDGE_TTA_ACTIVE views= 8 mean_abs_feat_delta= 0.338214\n"}
,{"stream_name":"stdout","time":2388.930121963,"data":"EDGE_TTA_ACTIVE views= 8 mean_abs_feat_delta= 0.286344\n"}
,{"stream_name":"stdout","time":2388.930195698,"data":"EDGE_TTA_ACTIVE views= 8 mean_abs_feat_delta= 0.338214\n"}
,{"stream_name":"stdout","time":2389.702376104,"data":"SECONDARY_EDGE_TTA_ACTIVE views= 8 weight= 0.75 mean_abs_feat_delta= 0.26675\n"}
,{"stream_name":"stdout","time":2389.714618316,"data":"SECONDARY_EDGE_TTA_ACTIVE views= 8 weight= 0.75 mean_abs_feat_delta= 0.217021\n"}
,{"stream_name":"stdout","time":2389.905846662,"data":"SECONDARY_EDGE_TTA_ACTIVE views= 8 weight= 0.75 mean_abs_feat_delta= 0.26675\n"}
,{"stream_name":"stdout","time":2389.905882147,"data":"SECONDARY_EDGE_TTA_ACTIVE views= 8 weight= 0.75 mean_abs_feat_delta= 0.217021\n"}
,{"stream_name":"stdout","time":2390.794823862,"data":"EDGE_TTA_ACTIVE views= 8 mean_abs_feat_delta= 0.281856\n"}
,{"stream_name":"stdout","time":2390.85334738,"data":"EDGE_TTA_ACTIVE views= 8 mean_abs_feat_delta= 0.343058\n"}
,{"stream_name":"stdout","time":2390.997411527,"data":"EDGE_TTA_ACTIVE views= 8 mean_abs_feat_delta= 0.281856\n"}
,{"stream_name":"stdout","time":2390.997446322,"data":"EDGE_TTA_ACTIVE views= 8 mean_abs_feat_delta= 0.343058\n"}
,{"stream_name":"stdout","time":2391.78509902,"data":"SECONDARY_EDGE_TTA_ACTIVE views= 8 weight= 0.75 mean_abs_feat_delta= 0.219424\n"}
,{"stream_name":"stdout","time":2391.824190555,"data":"SECONDARY_EDGE_TTA_ACTIVE views= 8 weight= 0.75 mean_abs_feat_delta= 0.26723\n"}
,{"stream_name":"stdout","time":2391.987851627,"data":"SECONDARY_EDGE_TTA_ACTIVE views= 8 weight= 0.75 mean_abs_feat_delta= 0.219424\n"}
,{"stream_name":"stdout","time":2391.987889399,"data":"SECONDARY_EDGE_TTA_ACTIVE views= 8 weight= 0.75 mean_abs_feat_delta= 0.26723\n"}
,{"stream_name":"stdout","time":2392.849970362,"data":"EDGE_TTA_ACTIVE views= 8 mean_abs_feat_delta= 0.277556\n"}
,{"stream_name":"stdout","time":2392.907505917,"data":"EDGE_TTA_ACTIVE views= 8 mean_abs_feat_delta= 0.343211\n"}
,{"stream_name":"stdout","time":2393.052621681,"data":"EDGE_TTA_ACTIVE views= 8 mean_abs_feat_delta= 0.277556\n"}
,{"stream_name":"stdout","time":2393.052678938,"data":"EDGE_TTA_ACTIVE views= 8 mean_abs_feat_delta= 0.343211\n"}
,{"stream_name":"stdout","time":2393.839494227,"data":"SECONDARY_EDGE_TTA_ACTIVE views= 8 weight= 0.75 mean_abs_feat_delta= 0.225892\n"}
,{"stream_name":"stdout","time":2393.872827691,"data":"SECONDARY_EDGE_TTA_ACTIVE views= 8 weight= 0.75 mean_abs_feat_delta= 0.262509\n"}
,{"stream_name":"stdout","time":2394.042002583,"data":"SECONDARY_EDGE_TTA_ACTIVE views= 8 weight= 0.75 mean_abs_feat_delta= 0.225892\n"}
,{"stream_name":"stdout","time":2394.042039106,"data":"SECONDARY_EDGE_TTA_ACTIVE views= 8 weight= 0.75 mean_abs_feat_delta= 0.262509\n"}
,{"stream_name":"stdout","time":2394.932214977,"data":"EDGE_TTA_ACTIVE views= 8 mean_abs_feat_delta= 0.277451\n"}
,{"stream_name":"stdout","time":2395.026616787,"data":"EDGE_TTA_ACTIVE views= 8 mean_abs_feat_delta= 0.340682\n"}
,{"stream_name":"stdout","time":2395.13467376,"data":"EDGE_TTA_ACTIVE views= 8 mean_abs_feat_delta= 0.277451\n"}
,{"stream_name":"stdout","time":2395.134706416,"data":"EDGE_TTA_ACTIVE views= 8 mean_abs_feat_delta= 0.340682\n"}
,{"stream_name":"stdout","time":2395.921846651,"data":"SECONDARY_EDGE_TTA_ACTIVE views= 8 weight= 0.75 mean_abs_feat_delta= 0.227464\n"}
,{"stream_name":"stdout","time":2395.997657197,"data":"SECONDARY_EDGE_TTA_ACTIVE views= 8 weight= 0.75 mean_abs_feat_delta= 0.258469\n"}
,{"stream_name":"stdout","time":2396.124255615,"data":"SECONDARY_EDGE_TTA_ACTIVE views= 8 weight= 0.75 mean_abs_feat_delta= 0.227464\n"}
,{"stream_name":"stdout","time":2396.124293946,"data":"SECONDARY_EDGE_TTA_ACTIVE views= 8 weight= 0.75 mean_abs_feat_delta= 0.258469\n"}
,{"stream_name":"stdout","time":2397.055124455,"data":"EDGE_TTA_ACTIVE views= 8 mean_abs_feat_delta= 0.278448\n"}
,{"stream_name":"stdout","time":2397.112521373,"data":"EDGE_TTA_ACTIVE views= 8 mean_abs_feat_delta= 0.338135\n"}
,{"stream_name":"stdout","time":2397.257951921,"data":"EDGE_TTA_ACTIVE views= 8 mean_abs_feat_delta= 0.278448\n"}
,{"stream_name":"stdout","time":2397.257991296,"data":"EDGE_TTA_ACTIVE views= 8 mean_abs_feat_delta= 0.338135\n"}
,{"stream_name":"stdout","time":2398.047731018,"data":"SECONDARY_EDGE_TTA_ACTIVE views= 8 weight= 0.75 mean_abs_feat_delta= 0.224003\n"}
,{"stream_name":"stdout","time":2398.082227785,"data":"SECONDARY_EDGE_TTA_ACTIVE views= 8 weight= 0.75 mean_abs_feat_delta= 0.261611\n"}
,{"stream_name":"stdout","time":2398.25035008,"data":"SECONDARY_EDGE_TTA_ACTIVE views= 8 weight= 0.75 mean_abs_feat_delta= 0.224003\n"}
,{"stream_name":"stdout","time":2398.250429014,"data":"SECONDARY_EDGE_TTA_ACTIVE views= 8 weight= 0.75 mean_abs_feat_delta= 0.261611\n"}
,{"stream_name":"stdout","time":2399.10395987,"data":"EDGE_TTA_ACTIVE views= 8 mean_abs_feat_delta= 0.279406\n"}
,{"stream_name":"stdout","time":2399.214533983,"data":"EDGE_TTA_ACTIVE views= 8 mean_abs_feat_delta= 0.333565\n"}
,{"stream_name":"stdout","time":2399.306322323,"data":"EDGE_TTA_ACTIVE views= 8 mean_abs_feat_delta= 0.279406\n"}
,{"stream_name":"stdout","time":2399.306354725,"data":"EDGE_TTA_ACTIVE views= 8 mean_abs_feat_delta= 0.333565\n"}
,{"stream_name":"stdout","time":2400.09179448,"data":"SECONDARY_EDGE_TTA_ACTIVE views= 8 weight= 0.75 mean_abs_feat_delta= 0.22521\n"}
,{"stream_name":"stdout","time":2400.186283619,"data":"SECONDARY_EDGE_TTA_ACTIVE views= 8 weight= 0.75 mean_abs_feat_delta= 0.260486\n"}
,{"stream_name":"stdout","time":2400.294594884,"data":"SECONDARY_EDGE_TTA_ACTIVE views= 8 weight= 0.75 mean_abs_feat_delta= 0.22521\n"}
,{"stream_name":"stdout","time":2400.29463484,"data":"SECONDARY_EDGE_TTA_ACTIVE views= 8 weight= 0.75 mean_abs_feat_delta= 0.260486\n"}
,{"stream_name":"stdout","time":2401.151936088,"data":"EDGE_TTA_ACTIVE views= 8 mean_abs_feat_delta= 0.28314\n"}
,{"stream_name":"stdout","time":2401.32176065,"data":"EDGE_TTA_ACTIVE views= 8 mean_abs_feat_delta= 0.337448\n"}
,{"stream_name":"stdout","time":2401.354615349,"data":"EDGE_TTA_ACTIVE views= 8 mean_abs_feat_delta= 0.28314\n"}
,{"stream_name":"stdout","time":2401.354639551,"data":"EDGE_TTA_ACTIVE views= 8 mean_abs_feat_delta= 0.337448\n"}
,{"stream_name":"stdout","time":2402.124527779,"data":"SECONDARY_EDGE_TTA_ACTIVE views= 8 weight= 0.75 mean_abs_feat_delta= 0.223172\n"}
,{"stream_name":"stdout","time":2402.294365585,"data":"SECONDARY_EDGE_TTA_ACTIVE views= 8 weight= 0.75 mean_abs_feat_delta= 0.260845\n"}
,{"stream_name":"stdout","time":2402.327024241,"data":"SECONDARY_EDGE_TTA_ACTIVE views= 8 weight= 0.75 mean_abs_feat_delta= 0.223172\n"}
,{"stream_name":"stdout","time":2402.327050924,"data":"SECONDARY_EDGE_TTA_ACTIVE views= 8 weight= 0.75 mean_abs_feat_delta= 0.260845\n"}
,{"stream_name":"stdout","time":2403.258149896,"data":"EDGE_TTA_ACTIVE views= 8 mean_abs_feat_delta= 0.290562\n"}
,{"stream_name":"stdout","time":2403.384854207,"data":"EDGE_TTA_ACTIVE views= 8 mean_abs_feat_delta= 0.337377\n"}
,{"stream_name":"stdout","time":2403.460937149,"data":"EDGE_TTA_ACTIVE views= 8 mean_abs_feat_delta= 0.290562\n"}
,{"stream_name":"stdout","time":2403.460973225,"data":"EDGE_TTA_ACTIVE views= 8 mean_abs_feat_delta= 0.337377\n"}
,{"stream_name":"stdout","time":2404.23161884,"data":"SECONDARY_EDGE_TTA_ACTIVE views= 8 weight= 0.75 mean_abs_feat_delta= 0.22398\n"}
,{"stream_name":"stdout","time":2404.354300854,"data":"SECONDARY_EDGE_TTA_ACTIVE views= 8 weight= 0.75 mean_abs_feat_delta= 0.265026\n"}
,{"stream_name":"stdout","time":2404.4348791,"data":"SECONDARY_EDGE_TTA_ACTIVE views= 8 weight= 0.75 mean_abs_feat_delta= 0.22398\n"}
,{"stream_name":"stdout","time":2404.434923242,"data":"SECONDARY_EDGE_TTA_ACTIVE views= 8 weight= 0.75 mean_abs_feat_delta= 0.265026\n"}
,{"stream_name":"stdout","time":2405.266529451,"data":"EDGE_TTA_ACTIVE views= 8 mean_abs_feat_delta= 0.288456\n"}
,{"stream_name":"stdout","time":2405.469273169,"data":"EDGE_TTA_ACTIVE views= 8 mean_abs_feat_delta= 0.288456\n"}
,{"stream_name":"stdout","time":2405.475657266,"data":"EDGE_TTA_ACTIVE views= 8 mean_abs_feat_delta= 0.334616\n"}
,{"stream_name":"stdout","time":2405.678189604,"data":"EDGE_TTA_ACTIVE views= 8 mean_abs_feat_delta= 0.334616\n"}
,{"stream_name":"stdout","time":2406.239172919,"data":"SECONDARY_EDGE_TTA_ACTIVE views= 8 weight= 0.75 mean_abs_feat_delta= 0.222267\n"}
,{"stream_name":"stdout","time":2406.441718474,"data":"SECONDARY_EDGE_TTA_ACTIVE views= 8 weight= 0.75 mean_abs_feat_delta= 0.222267\n"}
,{"stream_name":"stdout","time":2406.45116792,"data":"SECONDARY_EDGE_TTA_ACTIVE views= 8 weight= 0.75 mean_abs_feat_delta= 0.261566\n"}
,{"stream_name":"stdout","time":2406.653882952,"data":"SECONDARY_EDGE_TTA_ACTIVE views= 8 weight= 0.75 mean_abs_feat_delta= 0.261566\n"}
,{"stream_name":"stdout","time":2407.291227027,"data":"EDGE_TTA_ACTIVE views= 8 mean_abs_feat_delta= 0.286395\n"}
,{"stream_name":"stdout","time":2407.493691708,"data":"EDGE_TTA_ACTIVE views= 8 mean_abs_feat_delta= 0.286395\n"}
,{"stream_name":"stdout","time":2407.55981813,"data":"EDGE_TTA_ACTIVE views= 8 mean_abs_feat_delta= 0.333661\n"}
,{"stream_name":"stdout","time":2407.762139543,"data":"EDGE_TTA_ACTIVE views= 8 mean_abs_feat_delta= 0.333661\n"}
,{"stream_name":"stdout","time":2408.266811281,"data":"SECONDARY_EDGE_TTA_ACTIVE views= 8 weight= 0.75 mean_abs_feat_delta= 0.216743\n"}
,{"stream_name":"stdout","time":2408.469509531,"data":"SECONDARY_EDGE_TTA_ACTIVE views= 8 weight= 0.75 mean_abs_feat_delta= 0.216743\n"}
,{"stream_name":"stdout","time":2408.52141572,"data":"SECONDARY_EDGE_TTA_ACTIVE views= 8 weight= 0.75 mean_abs_feat_delta= 0.260007\n"}
,{"stream_name":"stdout","time":2408.724003463,"data":"SECONDARY_EDGE_TTA_ACTIVE views= 8 weight= 0.75 mean_abs_feat_delta= 0.260007\n"}
,{"stream_name":"stdout","time":2409.340803875,"data":"EDGE_TTA_ACTIVE views= 8 mean_abs_feat_delta= 0.294338\n"}
,{"stream_name":"stdout","time":2409.543345992,"data":"EDGE_TTA_ACTIVE views= 8 mean_abs_feat_delta= 0.294338\n"}
,{"stream_name":"stdout","time":2409.618257833,"data":"EDGE_TTA_ACTIVE views= 8 mean_abs_feat_delta= 0.339485\n"}
,{"stream_name":"stdout","time":2409.821046429,"data":"EDGE_TTA_ACTIVE views= 8 mean_abs_feat_delta= 0.339485\n"}
,{"stream_name":"stdout","time":2410.314218326,"data":"SECONDARY_EDGE_TTA_ACTIVE views= 8 weight= 0.75 mean_abs_feat_delta= 0.215333\n"}
,{"stream_name":"stdout","time":2410.516724248,"data":"SECONDARY_EDGE_TTA_ACTIVE views= 8 weight= 0.75 mean_abs_feat_delta= 0.215333\n"}
,{"stream_name":"stdout","time":2410.590540449,"data":"SECONDARY_EDGE_TTA_ACTIVE views= 8 weight= 0.75 mean_abs_feat_delta= 0.259371\n"}
,{"stream_name":"stdout","time":2410.793866945,"data":"SECONDARY_EDGE_TTA_ACTIVE views= 8 weight= 0.75 mean_abs_feat_delta= 0.259371\n"}
,{"stream_name":"stdout","time":2411.352398798,"data":"EDGE_TTA_ACTIVE views= 8 mean_abs_feat_delta= 0.290596\n"}
,{"stream_name":"stdout","time":2411.554803585,"data":"EDGE_TTA_ACTIVE views= 8 mean_abs_feat_delta= 0.290596\n"}
,{"stream_name":"stdout","time":2411.722494856,"data":"EDGE_TTA_ACTIVE views= 8 mean_abs_feat_delta= 0.337706\n"}
,{"stream_name":"stdout","time":2411.924859016,"data":"EDGE_TTA_ACTIVE views= 8 mean_abs_feat_delta= 0.337706\n"}
,{"stream_name":"stdout","time":2412.32134151,"data":"SECONDARY_EDGE_TTA_ACTIVE views= 8 weight= 0.75 mean_abs_feat_delta= 0.212684\n"}
,{"stream_name":"stdout","time":2412.523891778,"data":"SECONDARY_EDGE_TTA_ACTIVE views= 8 weight= 0.75 mean_abs_feat_delta= 0.212684\n"}
,{"stream_name":"stdout","time":2412.693367545,"data":"SECONDARY_EDGE_TTA_ACTIVE views= 8 weight= 0.75 mean_abs_feat_delta= 0.258997\n"}
,{"stream_name":"stdout","time":2412.896248666,"data":"SECONDARY_EDGE_TTA_ACTIVE views= 8 weight= 0.75 mean_abs_feat_delta= 0.258997\n"}
,{"stream_name":"stdout","time":2413.380074408,"data":"EDGE_TTA_ACTIVE views= 8 mean_abs_feat_delta= 0.288951\n"}
,{"stream_name":"stdout","time":2413.582878687,"data":"EDGE_TTA_ACTIVE views= 8 mean_abs_feat_delta= 0.288951\n"}
,{"stream_name":"stdout","time":2413.82693633,"data":"EDGE_TTA_ACTIVE views= 8 mean_abs_feat_delta= 0.337246\n"}
,{"stream_name":"stdout","time":2414.029733928,"data":"EDGE_TTA_ACTIVE views= 8 mean_abs_feat_delta= 0.337246\n"}
,{"stream_name":"stdout","time":2414.349022478,"data":"SECONDARY_EDGE_TTA_ACTIVE views= 8 weight= 0.75 mean_abs_feat_delta= 0.219589\n"}
,{"stream_name":"stdout","time":2414.551890041,"data":"SECONDARY_EDGE_TTA_ACTIVE views= 8 weight= 0.75 mean_abs_feat_delta= 0.219589\n"}
,{"stream_name":"stdout","time":2414.790095286,"data":"SECONDARY_EDGE_TTA_ACTIVE views= 8 weight= 0.75 mean_abs_feat_delta= 0.258125\n"}
,{"stream_name":"stdout","time":2415.099782765,"data":"SECONDARY_EDGE_TTA_ACTIVE views= 8 weight= 0.75 mean_abs_feat_delta= 0.258125\n"}
,{"stream_name":"stdout","time":2415.419563289,"data":"EDGE_TTA_ACTIVE views= 8 mean_abs_feat_delta= 0.287622\n"}
,{"stream_name":"stdout","time":2415.622089869,"data":"EDGE_TTA_ACTIVE views= 8 mean_abs_feat_delta= 0.287622\n"}
,{"stream_name":"stdout","time":2415.918006915,"data":"EDGE_TTA_ACTIVE views= 8 mean_abs_feat_delta= 0.339272\n"}
,{"stream_name":"stdout","time":2416.120693692,"data":"EDGE_TTA_ACTIVE views= 8 mean_abs_feat_delta= 0.339272\n"}
,{"stream_name":"stdout","time":2416.378589011,"data":"SECONDARY_EDGE_TTA_ACTIVE views= 8 weight= 0.75 mean_abs_feat_delta= 0.221772\n"}
,{"stream_name":"stdout","time":2416.580923287,"data":"SECONDARY_EDGE_TTA_ACTIVE views= 8 weight= 0.75 mean_abs_feat_delta= 0.221772\n"}
,{"stream_name":"stdout","time":2416.881848918,"data":"SECONDARY_EDGE_TTA_ACTIVE views= 8 weight= 0.75 mean_abs_feat_delta= 0.26158\n"}
,{"stream_name":"stdout","time":2417.084856574,"data":"SECONDARY_EDGE_TTA_ACTIVE views= 8 weight= 0.75 mean_abs_feat_delta= 0.26158\n"}
,{"stream_name":"stdout","time":2417.41061708,"data":"EDGE_TTA_ACTIVE views= 8 mean_abs_feat_delta= 0.288395\n"}
,{"stream_name":"stdout","time":2417.613285744,"data":"EDGE_TTA_ACTIVE views= 8 mean_abs_feat_delta= 0.288395\n"}
,{"stream_name":"stdout","time":2418.020261659,"data":"EDGE_TTA_ACTIVE views= 8 mean_abs_feat_delta= 0.342159\n"}
,{"stream_name":"stdout","time":2418.223074998,"data":"EDGE_TTA_ACTIVE views= 8 mean_abs_feat_delta= 0.342159\n"}
,{"stream_name":"stdout","time":2418.371589232,"data":"SECONDARY_EDGE_TTA_ACTIVE views= 8 weight= 0.75 mean_abs_feat_delta= 0.228785\n"}
,{"stream_name":"stdout","time":2418.574340034,"data":"SECONDARY_EDGE_TTA_ACTIVE views= 8 weight= 0.75 mean_abs_feat_delta= 0.228785\n"}
,{"stream_name":"stdout","time":2418.988082442,"data":"SECONDARY_EDGE_TTA_ACTIVE views= 8 weight= 0.75 mean_abs_feat_delta= 0.265431\n"}
,{"stream_name":"stdout","time":2419.190604588,"data":"SECONDARY_EDGE_TTA_ACTIVE views= 8 weight= 0.75 mean_abs_feat_delta= 0.265431\n"}
,{"stream_name":"stdout","time":2419.406529817,"data":"EDGE_TTA_ACTIVE views= 8 mean_abs_feat_delta= 0.286202\n"}
,{"stream_name":"stdout","time":2419.609135989,"data":"EDGE_TTA_ACTIVE views= 8 mean_abs_feat_delta= 0.286202\n"}
,{"stream_name":"stdout","time":2420.14444988,"data":"EDGE_TTA_ACTIVE views= 8 mean_abs_feat_delta= 0.343625\n"}
,{"stream_name":"stdout","time":2420.347163007,"data":"EDGE_TTA_ACTIVE views= 8 mean_abs_feat_delta= 0.343625\n"}
,{"stream_name":"stdout","time":2420.366609763,"data":"SECONDARY_EDGE_TTA_ACTIVE views= 8 weight= 0.75 mean_abs_feat_delta= 0.227519\n"}
,{"stream_name":"stdout","time":2420.568890034,"data":"SECONDARY_EDGE_TTA_ACTIVE views= 8 weight= 0.75 mean_abs_feat_delta= 0.227519\n"}
,{"stream_name":"stdout","time":2421.113513933,"data":"SECONDARY_EDGE_TTA_ACTIVE views= 8 weight= 0.75 mean_abs_feat_delta= 0.267836\n"}
,{"stream_name":"stdout","time":2421.316094205,"data":"SECONDARY_EDGE_TTA_ACTIVE views= 8 weight= 0.75 mean_abs_feat_delta= 0.267836\n"}
,{"stream_name":"stdout","time":2421.453705198,"data":"EDGE_TTA_ACTIVE views= 8 mean_abs_feat_delta= 0.287794\n"}
,{"stream_name":"stdout","time":2421.656513957,"data":"EDGE_TTA_ACTIVE views= 8 mean_abs_feat_delta= 0.287794\n"}
,{"stream_name":"stdout","time":2422.237233527,"data":"EDGE_TTA_ACTIVE views= 8 mean_abs_feat_delta= 0.343102\n"}
,{"stream_name":"stdout","time":2422.407031436,"data":"SECONDARY_EDGE_TTA_ACTIVE views= 8 weight= 0.75 mean_abs_feat_delta= 0.226443\n"}
,{"stream_name":"stdout","time":2422.440271019,"data":"EDGE_TTA_ACTIVE views= 8 mean_abs_feat_delta= 0.343102\n"}
,{"stream_name":"stdout","time":2422.440308861,"data":"SECONDARY_EDGE_TTA_ACTIVE views= 8 weight= 0.75 mean_abs_feat_delta= 0.226443\n"}
,{"stream_name":"stdout","time":2423.207162762,"data":"SECONDARY_EDGE_TTA_ACTIVE views= 8 weight= 0.75 mean_abs_feat_delta= 0.265852\n"}
,{"stream_name":"stdout","time":2423.409842563,"data":"SECONDARY_EDGE_TTA_ACTIVE views= 8 weight= 0.75 mean_abs_feat_delta= 0.265852\n"}
,{"stream_name":"stdout","time":2423.495691603,"data":"EDGE_TTA_ACTIVE views= 8 mean_abs_feat_delta= 0.288107\n"}
,{"stream_name":"stdout","time":2423.698733092,"data":"EDGE_TTA_ACTIVE views= 8 mean_abs_feat_delta= 0.288107\n"}
,{"stream_name":"stdout","time":2424.320399809,"data":"EDGE_TTA_ACTIVE views= 8 mean_abs_feat_delta= 0.338878\n"}
,{"stream_name":"stdout","time":2424.448694685,"data":"SECONDARY_EDGE_TTA_ACTIVE views= 8 weight= 0.75 mean_abs_feat_delta= 0.223466\n"}
,{"stream_name":"stdout","time":2424.52254816,"data":"EDGE_TTA_ACTIVE views= 8 mean_abs_feat_delta= 0.338878\n"}
,{"stream_name":"stdout","time":2424.522581341,"data":"SECONDARY_EDGE_TTA_ACTIVE views= 8 weight= 0.75 mean_abs_feat_delta= 0.223466\n"}
,{"stream_name":"stdout","time":2425.282500582,"data":"SECONDARY_EDGE_TTA_ACTIVE views= 8 weight= 0.75 mean_abs_feat_delta= 0.26636\n"}
,{"stream_name":"stdout","time":2425.485324732,"data":"SECONDARY_EDGE_TTA_ACTIVE views= 8 weight= 0.75 mean_abs_feat_delta= 0.26636\n"}
,{"stream_name":"stdout","time":2425.55304387,"data":"EDGE_TTA_ACTIVE views= 8 mean_abs_feat_delta= 0.292464\n"}
,{"stream_name":"stdout","time":2425.755732554,"data":"EDGE_TTA_ACTIVE views= 8 mean_abs_feat_delta= 0.292464\n"}
,{"stream_name":"stdout","time":2426.370958837,"data":"EDGE_TTA_ACTIVE views= 8 mean_abs_feat_delta= 0.344788\n"}
,{"stream_name":"stdout","time":2426.502550295,"data":"SECONDARY_EDGE_TTA_ACTIVE views= 8 weight= 0.75 mean_abs_feat_delta= 0.228632\n"}
,{"stream_name":"stdout","time":2426.573487593,"data":"EDGE_TTA_ACTIVE views= 8 mean_abs_feat_delta= 0.344788\n"}
,{"stream_name":"stdout","time":2426.573524813,"data":"SECONDARY_EDGE_TTA_ACTIVE views= 8 weight= 0.75 mean_abs_feat_delta= 0.228632\n"}
,{"stream_name":"stdout","time":2427.344351927,"data":"SECONDARY_EDGE_TTA_ACTIVE views= 8 weight= 0.75 mean_abs_feat_delta= 0.262382\n"}
,{"stream_name":"stdout","time":2427.546878401,"data":"SECONDARY_EDGE_TTA_ACTIVE views= 8 weight= 0.75 mean_abs_feat_delta= 0.262382\n"}
,{"stream_name":"stdout","time":2427.552256721,"data":"EDGE_TTA_ACTIVE views= 8 mean_abs_feat_delta= 0.292965\n"}
,{"stream_name":"stdout","time":2427.754780278,"data":"EDGE_TTA_ACTIVE views= 8 mean_abs_feat_delta= 0.292965\n"}
,{"stream_name":"stdout","time":2428.459524744,"data":"EDGE_TTA_ACTIVE views= 8 mean_abs_feat_delta= 0.33784\n"}
,{"stream_name":"stdout","time":2428.505473058,"data":"SECONDARY_EDGE_TTA_ACTIVE views= 8 weight= 0.75 mean_abs_feat_delta= 0.234289\n"}
,{"stream_name":"stdout","time":2428.662143716,"data":"EDGE_TTA_ACTIVE views= 8 mean_abs_feat_delta= 0.33784\n"}
,{"stream_name":"stdout","time":2428.662216592,"data":"SECONDARY_EDGE_TTA_ACTIVE views= 8 weight= 0.75 mean_abs_feat_delta= 0.234289\n"}
,{"stream_name":"stdout","time":2429.43108441,"data":"SECONDARY_EDGE_TTA_ACTIVE views= 8 weight= 0.75 mean_abs_feat_delta= 0.260303\n"}
,{"stream_name":"stdout","time":2429.561614176,"data":"EDGE_TTA_ACTIVE views= 8 mean_abs_feat_delta= 0.287195\n"}
,{"stream_name":"stdout","time":2429.633442553,"data":"SECONDARY_EDGE_TTA_ACTIVE views= 8 weight= 0.75 mean_abs_feat_delta= 0.260303\n"}
,{"stream_name":"stdout","time":2429.633514013,"data":"EDGE_TTA_ACTIVE views= 8 mean_abs_feat_delta= 0.287195\n"}
,{"stream_name":"stdout","time":2430.511931214,"data":"SECONDARY_EDGE_TTA_ACTIVE views= 8 weight= 0.75 mean_abs_feat_delta= 0.231866\n"}
,{"stream_name":"stdout","time":2430.585134808,"data":"EDGE_TTA_ACTIVE views= 8 mean_abs_feat_delta= 0.339211\n"}
,{"stream_name":"stdout","time":2430.714815084,"data":"SECONDARY_EDGE_TTA_ACTIVE views= 8 weight= 0.75 mean_abs_feat_delta= 0.231866\n"}
,{"stream_name":"stdout","time":2430.714844108,"data":"EDGE_TTA_ACTIVE views= 8 mean_abs_feat_delta= 0.339211\n"}
,{"stream_name":"stdout","time":2431.558011261,"data":"SECONDARY_EDGE_TTA_ACTIVE views= 8 weight= 0.75 mean_abs_feat_delta= 0.25763\n"}
,{"stream_name":"stdout","time":2431.594101544,"data":"EDGE_TTA_ACTIVE views= 8 mean_abs_feat_delta= 0.283498\n"}
,{"stream_name":"stdout","time":2431.760396964,"data":"SECONDARY_EDGE_TTA_ACTIVE views= 8 weight= 0.75 mean_abs_feat_delta= 0.25763\n"}
,{"stream_name":"stdout","time":2431.760434362,"data":"EDGE_TTA_ACTIVE views= 8 mean_abs_feat_delta= 0.283498\n"}
,{"stream_name":"stdout","time":2432.544828565,"data":"SECONDARY_EDGE_TTA_ACTIVE views= 8 weight= 0.75 mean_abs_feat_delta= 0.248174\n"}
,{"stream_name":"stdout","time":2432.650386949,"data":"EDGE_TTA_ACTIVE views= 8 mean_abs_feat_delta= 0.339533\n"}
,{"stream_name":"stdout","time":2432.747663619,"data":"SECONDARY_EDGE_TTA_ACTIVE views= 8 weight= 0.75 mean_abs_feat_delta= 0.248174\n"}
,{"stream_name":"stdout","time":2432.747699661,"data":"EDGE_TTA_ACTIVE views= 8 mean_abs_feat_delta= 0.339533\n"}
,{"stream_name":"stdout","time":2433.568301263,"data":"EDGE_TTA_ACTIVE views= 8 mean_abs_feat_delta= 0.283498\n"}
,{"stream_name":"stdout","time":2433.623062131,"data":"SECONDARY_EDGE_TTA_ACTIVE views= 8 weight= 0.75 mean_abs_feat_delta= 0.255911\n"}
,{"stream_name":"stdout","time":2433.770710268,"data":"EDGE_TTA_ACTIVE views= 8 mean_abs_feat_delta= 0.283498\n"}
,{"stream_name":"stdout","time":2433.770746682,"data":"SECONDARY_EDGE_TTA_ACTIVE views= 8 weight= 0.75 mean_abs_feat_delta= 0.255911\n"}
,{"stream_name":"stdout","time":2434.521772762,"data":"SECONDARY_EDGE_TTA_ACTIVE views= 8 weight= 0.75 mean_abs_feat_delta= 0.248174\n"}
,{"stream_name":"stdout","time":2434.724015997,"data":"SECONDARY_EDGE_TTA_ACTIVE views= 8 weight= 0.75 mean_abs_feat_delta= 0.248174\n"}
,{"stream_name":"stdout","time":2434.774445518,"data":"EDGE_TTA_ACTIVE views= 8 mean_abs_feat_delta= 0.333552\n"}
,{"stream_name":"stdout","time":2434.977051952,"data":"EDGE_TTA_ACTIVE views= 8 mean_abs_feat_delta= 0.333552\n"}
,{"stream_name":"stdout","time":2435.578149986,"data":"EDGE_TTA_ACTIVE views= 8 mean_abs_feat_delta= 0.283498\n"}
,{"stream_name":"stdout","time":2435.742713857,"data":"SECONDARY_EDGE_TTA_ACTIVE views= 8 weight= 0.75 mean_abs_feat_delta= 0.253381\n"}
,{"stream_name":"stdout","time":2435.780642901,"data":"EDGE_TTA_ACTIVE views= 8 mean_abs_feat_delta= 0.283498\n"}
,{"stream_name":"stdout","time":2435.780721893,"data":"SECONDARY_EDGE_TTA_ACTIVE views= 8 weight= 0.75 mean_abs_feat_delta= 0.253381\n"}
,{"stream_name":"stdout","time":2436.530538888,"data":"SECONDARY_EDGE_TTA_ACTIVE views= 8 weight= 0.75 mean_abs_feat_delta= 0.248174\n"}
,{"stream_name":"stdout","time":2436.733155521,"data":"SECONDARY_EDGE_TTA_ACTIVE views= 8 weight= 0.75 mean_abs_feat_delta= 0.248174\n"}
,{"stream_name":"stdout","time":2436.822649834,"data":"EDGE_TTA_ACTIVE views= 8 mean_abs_feat_delta= 0.342836\n"}
,{"stream_name":"stdout","time":2437.025094387,"data":"EDGE_TTA_ACTIVE views= 8 mean_abs_feat_delta= 0.342836\n"}
,{"stream_name":"stdout","time":2437.58544675,"data":"EDGE_TTA_ACTIVE views= 8 mean_abs_feat_delta= 0.315338\n"}
,{"stream_name":"stdout","time":2437.788103868,"data":"EDGE_TTA_ACTIVE views= 8 mean_abs_feat_delta= 0.315338\n"}
,{"stream_name":"stdout","time":2437.795112258,"data":"SECONDARY_EDGE_TTA_ACTIVE views= 8 weight= 0.75 mean_abs_feat_delta= 0.254871\n"}
,{"stream_name":"stdout","time":2437.997810723,"data":"SECONDARY_EDGE_TTA_ACTIVE views= 8 weight= 0.75 mean_abs_feat_delta= 0.254871\n"}
,{"stream_name":"stdout","time":2438.537439897,"data":"SECONDARY_EDGE_TTA_ACTIVE views= 8 weight= 0.75 mean_abs_feat_delta= 0.220212\n"}
,{"stream_name":"stdout","time":2438.739791351,"data":"SECONDARY_EDGE_TTA_ACTIVE views= 8 weight= 0.75 mean_abs_feat_delta= 0.220212\n"}
,{"stream_name":"stdout","time":2438.921163784,"data":"EDGE_TTA_ACTIVE views= 8 mean_abs_feat_delta= 0.340752\n"}
,{"stream_name":"stdout","time":2439.123744126,"data":"EDGE_TTA_ACTIVE views= 8 mean_abs_feat_delta= 0.340752\n"}
,{"stream_name":"stdout","time":2439.552893566,"data":"EDGE_TTA_ACTIVE views= 8 mean_abs_feat_delta= 0.316057\n"}
,{"stream_name":"stdout","time":2439.755352589,"data":"EDGE_TTA_ACTIVE views= 8 mean_abs_feat_delta= 0.316057\n"}
,{"stream_name":"stdout","time":2439.882948156,"data":"SECONDARY_EDGE_TTA_ACTIVE views= 8 weight= 0.75 mean_abs_feat_delta= 0.258877\n"}
,{"stream_name":"stdout","time":2440.085304137,"data":"SECONDARY_EDGE_TTA_ACTIVE views= 8 weight= 0.75 mean_abs_feat_delta= 0.258877\n"}
,{"stream_name":"stdout","time":2440.503548475,"data":"SECONDARY_EDGE_TTA_ACTIVE views= 8 weight= 0.75 mean_abs_feat_delta= 0.218752\n"}
,{"stream_name":"stdout","time":2440.706315253,"data":"SECONDARY_EDGE_TTA_ACTIVE views= 8 weight= 0.75 mean_abs_feat_delta= 0.218752\n"}
,{"stream_name":"stdout","time":2441.05882372,"data":"EDGE_TTA_ACTIVE views= 8 mean_abs_feat_delta= 0.33721\n"}
,{"stream_name":"stdout","time":2441.261405751,"data":"EDGE_TTA_ACTIVE views= 8 mean_abs_feat_delta= 0.33721\n"}
,{"stream_name":"stdout","time":2441.558028039,"data":"EDGE_TTA_ACTIVE views= 8 mean_abs_feat_delta= 0.289165\n"}
,{"stream_name":"stdout","time":2441.760450877,"data":"EDGE_TTA_ACTIVE views= 8 mean_abs_feat_delta= 0.289165\n"}
,{"stream_name":"stdout","time":2442.029046246,"data":"SECONDARY_EDGE_TTA_ACTIVE views= 8 weight= 0.75 mean_abs_feat_delta= 0.25536\n"}
,{"stream_name":"stdout","time":2442.231740003,"data":"SECONDARY_EDGE_TTA_ACTIVE views= 8 weight= 0.75 mean_abs_feat_delta= 0.25536\n"}
,{"stream_name":"stdout","time":2442.508866709,"data":"SECONDARY_EDGE_TTA_ACTIVE views= 8 weight= 0.75 mean_abs_feat_delta= 0.231963\n"}
,{"stream_name":"stdout","time":2442.711495275,"data":"SECONDARY_EDGE_TTA_ACTIVE views= 8 weight= 0.75 mean_abs_feat_delta= 0.231963\n"}
,{"stream_name":"stdout","time":2443.160081508,"data":"EDGE_TTA_ACTIVE views= 8 mean_abs_feat_delta= 0.331794\n"}
,{"stream_name":"stdout","time":2443.36255323,"data":"EDGE_TTA_ACTIVE views= 8 mean_abs_feat_delta= 0.331794\n"}
,{"stream_name":"stdout","time":2443.529448879,"data":"EDGE_TTA_ACTIVE views= 8 mean_abs_feat_delta= 0.28309\n"}
,{"stream_name":"stdout","time":2443.731844672,"data":"EDGE_TTA_ACTIVE views= 8 mean_abs_feat_delta= 0.28309\n"}
,{"stream_name":"stdout","time":2444.133828297,"data":"SECONDARY_EDGE_TTA_ACTIVE views= 8 weight= 0.75 mean_abs_feat_delta= 0.254742\n"}
,{"stream_name":"stdout","time":2444.336724739,"data":"SECONDARY_EDGE_TTA_ACTIVE views= 8 weight= 0.75 mean_abs_feat_delta= 0.254742\n"}
,{"stream_name":"stdout","time":2444.481381558,"data":"SECONDARY_EDGE_TTA_ACTIVE views= 8 weight= 0.75 mean_abs_feat_delta= 0.243456\n"}
,{"stream_name":"stdout","time":2444.683786051,"data":"SECONDARY_EDGE_TTA_ACTIVE views= 8 weight= 0.75 mean_abs_feat_delta= 0.243456\n"}
,{"stream_name":"stdout","time":2445.264686188,"data":"EDGE_TTA_ACTIVE views= 8 mean_abs_feat_delta= 0.328009\n"}
,{"stream_name":"stdout","time":2445.531029015,"data":"EDGE_TTA_ACTIVE views= 8 mean_abs_feat_delta= 0.28861\n"}
,{"stream_name":"stdout","time":2445.57544971,"data":"EDGE_TTA_ACTIVE views= 8 mean_abs_feat_delta= 0.328009\n"}
,{"stream_name":"stdout","time":2445.733381348,"data":"EDGE_TTA_ACTIVE views= 8 mean_abs_feat_delta= 0.28861\n"}
,{"stream_name":"stdout","time":2446.236636386,"data":"SECONDARY_EDGE_TTA_ACTIVE views= 8 weight= 0.75 mean_abs_feat_delta= 0.254648\n"}
,{"stream_name":"stdout","time":2446.439079795,"data":"SECONDARY_EDGE_TTA_ACTIVE views= 8 weight= 0.75 mean_abs_feat_delta= 0.254648\n"}
,{"stream_name":"stdout","time":2446.48099834,"data":"SECONDARY_EDGE_TTA_ACTIVE views= 8 weight= 0.75 mean_abs_feat_delta= 0.227548\n"}
,{"stream_name":"stdout","time":2446.683731481,"data":"SECONDARY_EDGE_TTA_ACTIVE views= 8 weight= 0.75 mean_abs_feat_delta= 0.227548\n"}
,{"stream_name":"stdout","time":2447.331144732,"data":"EDGE_TTA_ACTIVE views= 8 mean_abs_feat_delta= 0.334781\n"}
,{"stream_name":"stdout","time":2447.510612569,"data":"EDGE_TTA_ACTIVE views= 8 mean_abs_feat_delta= 0.287751\n"}
,{"stream_name":"stdout","time":2447.533495686,"data":"EDGE_TTA_ACTIVE views= 8 mean_abs_feat_delta= 0.334781\n"}
,{"stream_name":"stdout","time":2447.53352372,"data":"EDGE_TTA_ACTIVE views= 8 mean_abs_feat_delta= 0.287751\n"}
,{"stream_name":"stdout","time":2448.303633593,"data":"SECONDARY_EDGE_TTA_ACTIVE views= 8 weight= 0.75 mean_abs_feat_delta= 0.254139\n"}
,{"stream_name":"stdout","time":2448.463486013,"data":"SECONDARY_EDGE_TTA_ACTIVE views= 8 weight= 0.75 mean_abs_feat_delta= 0.231141\n"}
,{"stream_name":"stdout","time":2448.505455904,"data":"SECONDARY_EDGE_TTA_ACTIVE views= 8 weight= 0.75 mean_abs_feat_delta= 0.254139\n"}
,{"stream_name":"stdout","time":2448.505487983,"data":"SECONDARY_EDGE_TTA_ACTIVE views= 8 weight= 0.75 mean_abs_feat_delta= 0.231141\n"}
,{"stream_name":"stdout","time":2449.414675944,"data":"EDGE_TTA_ACTIVE views= 8 mean_abs_feat_delta= 0.331889\n"}
,{"stream_name":"stdout","time":2449.570844783,"data":"EDGE_TTA_ACTIVE views= 8 mean_abs_feat_delta= 0.285257\n"}
,{"stream_name":"stdout","time":2449.617596476,"data":"EDGE_TTA_ACTIVE views= 8 mean_abs_feat_delta= 0.331889\n"}
,{"stream_name":"stdout","time":2449.617659204,"data":"EDGE_TTA_ACTIVE views= 8 mean_abs_feat_delta= 0.285257\n"}
,{"stream_name":"stdout","time":2450.384509371,"data":"SECONDARY_EDGE_TTA_ACTIVE views= 8 weight= 0.75 mean_abs_feat_delta= 0.253521\n"}
,{"stream_name":"stdout","time":2450.524277398,"data":"SECONDARY_EDGE_TTA_ACTIVE views= 8 weight= 0.75 mean_abs_feat_delta= 0.227609\n"}
,{"stream_name":"stdout","time":2450.586415295,"data":"SECONDARY_EDGE_TTA_ACTIVE views= 8 weight= 0.75 mean_abs_feat_delta= 0.253521\n"}
,{"stream_name":"stdout","time":2450.58644845,"data":"SECONDARY_EDGE_TTA_ACTIVE views= 8 weight= 0.75 mean_abs_feat_delta= 0.227609\n"}
,{"stream_name":"stdout","time":2451.562812438,"data":"EDGE_TTA_ACTIVE views= 8 mean_abs_feat_delta= 0.324439\n"}
,{"stream_name":"stdout","time":2451.573941698,"data":"EDGE_TTA_ACTIVE views= 8 mean_abs_feat_delta= 0.288217\n"}
,{"stream_name":"stdout","time":2451.765247808,"data":"EDGE_TTA_ACTIVE views= 8 mean_abs_feat_delta= 0.324439\n"}
,{"stream_name":"stdout","time":2451.765296542,"data":"EDGE_TTA_ACTIVE views= 8 mean_abs_feat_delta= 0.288217\n"}
,{"stream_name":"stdout","time":2452.530230934,"data":"SECONDARY_EDGE_TTA_ACTIVE views= 8 weight= 0.75 mean_abs_feat_delta= 0.225185\n"}
,{"stream_name":"stdout","time":2452.533491243,"data":"SECONDARY_EDGE_TTA_ACTIVE views= 8 weight= 0.75 mean_abs_feat_delta= 0.251163\n"}
,{"stream_name":"stdout","time":2452.735132457,"data":"SECONDARY_EDGE_TTA_ACTIVE views= 8 weight= 0.75 mean_abs_feat_delta= 0.225185\n"}
,{"stream_name":"stdout","time":2452.735183634,"data":"SECONDARY_EDGE_TTA_ACTIVE views= 8 weight= 0.75 mean_abs_feat_delta= 0.251163\n"}
,{"stream_name":"stdout","time":2453.616744084,"data":"EDGE_TTA_ACTIVE views= 8 mean_abs_feat_delta= 0.293359\n"}
,{"stream_name":"stdout","time":2453.66888352,"data":"EDGE_TTA_ACTIVE views= 8 mean_abs_feat_delta= 0.320074\n"}
,{"stream_name":"stdout","time":2453.819414626,"data":"EDGE_TTA_ACTIVE views= 8 mean_abs_feat_delta= 0.293359\n"}
,{"stream_name":"stdout","time":2453.819446392,"data":"EDGE_TTA_ACTIVE views= 8 mean_abs_feat_delta= 0.320074\n"}
,{"stream_name":"stdout","time":2454.572847927,"data":"SECONDARY_EDGE_TTA_ACTIVE views= 8 weight= 0.75 mean_abs_feat_delta= 0.231144\n"}
,{"stream_name":"stdout","time":2454.641220162,"data":"SECONDARY_EDGE_TTA_ACTIVE views= 8 weight= 0.75 mean_abs_feat_delta= 0.252768\n"}
,{"stream_name":"stdout","time":2454.775346701,"data":"SECONDARY_EDGE_TTA_ACTIVE views= 8 weight= 0.75 mean_abs_feat_delta= 0.231144\n"}
,{"stream_name":"stdout","time":2454.77539061,"data":"SECONDARY_EDGE_TTA_ACTIVE views= 8 weight= 0.75 mean_abs_feat_delta= 0.252768\n"}
,{"stream_name":"stdout","time":2455.612634598,"data":"EDGE_TTA_ACTIVE views= 8 mean_abs_feat_delta= 0.288773\n"}
,{"stream_name":"stdout","time":2455.774556883,"data":"EDGE_TTA_ACTIVE views= 8 mean_abs_feat_delta= 0.322734\n"}
,{"stream_name":"stdout","time":2455.815046818,"data":"EDGE_TTA_ACTIVE views= 8 mean_abs_feat_delta= 0.288773\n"}
,{"stream_name":"stdout","time":2455.815080254,"data":"EDGE_TTA_ACTIVE views= 8 mean_abs_feat_delta= 0.322734\n"}
,{"stream_name":"stdout","time":2456.569422824,"data":"SECONDARY_EDGE_TTA_ACTIVE views= 8 weight= 0.75 mean_abs_feat_delta= 0.233017\n"}
,{"stream_name":"stdout","time":2456.74583452,"data":"SECONDARY_EDGE_TTA_ACTIVE views= 8 weight= 0.75 mean_abs_feat_delta= 0.25256\n"}
,{"stream_name":"stdout","time":2456.771921385,"data":"SECONDARY_EDGE_TTA_ACTIVE views= 8 weight= 0.75 mean_abs_feat_delta= 0.233017\n"}
,{"stream_name":"stdout","time":2456.771954157,"data":"SECONDARY_EDGE_TTA_ACTIVE views= 8 weight= 0.75 mean_abs_feat_delta= 0.25256\n"}
,{"stream_name":"stdout","time":2457.625341282,"data":"EDGE_TTA_ACTIVE views= 8 mean_abs_feat_delta= 0.2831\n"}
,{"stream_name":"stdout","time":2457.828175719,"data":"EDGE_TTA_ACTIVE views= 8 mean_abs_feat_delta= 0.2831\n"}
,{"stream_name":"stdout","time":2457.899178582,"data":"EDGE_TTA_ACTIVE views= 8 mean_abs_feat_delta= 0.326182\n"}
,{"stream_name":"stdout","time":2458.101807317,"data":"EDGE_TTA_ACTIVE views= 8 mean_abs_feat_delta= 0.326182\n"}
,{"stream_name":"stdout","time":2458.586423441,"data":"SECONDARY_EDGE_TTA_ACTIVE views= 8 weight= 0.75 mean_abs_feat_delta= 0.231237\n"}
,{"stream_name":"stdout","time":2458.789066806,"data":"SECONDARY_EDGE_TTA_ACTIVE views= 8 weight= 0.75 mean_abs_feat_delta= 0.231237\n"}
,{"stream_name":"stdout","time":2458.871525037,"data":"SECONDARY_EDGE_TTA_ACTIVE views= 8 weight= 0.75 mean_abs_feat_delta= 0.257037\n"}
,{"stream_name":"stdout","time":2459.074415156,"data":"SECONDARY_EDGE_TTA_ACTIVE views= 8 weight= 0.75 mean_abs_feat_delta= 0.257037\n"}
,{"stream_name":"stdout","time":2459.670730325,"data":"EDGE_TTA_ACTIVE views= 8 mean_abs_feat_delta= 0.28566\n"}
,{"stream_name":"stdout","time":2459.873346308,"data":"EDGE_TTA_ACTIVE views= 8 mean_abs_feat_delta= 0.28566\n"}
,{"stream_name":"stdout","time":2460.005453247,"data":"EDGE_TTA_ACTIVE views= 8 mean_abs_feat_delta= 0.327903\n"}
,{"stream_name":"stdout","time":2460.208204946,"data":"EDGE_TTA_ACTIVE views= 8 mean_abs_feat_delta= 0.327903\n"}
,{"stream_name":"stdout","time":2460.635684315,"data":"SECONDARY_EDGE_TTA_ACTIVE views= 8 weight= 0.75 mean_abs_feat_delta= 0.240429\n"}
,{"stream_name":"stdout","time":2460.838542766,"data":"SECONDARY_EDGE_TTA_ACTIVE views= 8 weight= 0.75 mean_abs_feat_delta= 0.240429\n"}
,{"stream_name":"stdout","time":2460.977280167,"data":"SECONDARY_EDGE_TTA_ACTIVE views= 8 weight= 0.75 mean_abs_feat_delta= 0.259034\n"}
,{"stream_name":"stdout","time":2461.180484692,"data":"SECONDARY_EDGE_TTA_ACTIVE views= 8 weight= 0.75 mean_abs_feat_delta= 0.259034\n"}
,{"stream_name":"stdout","time":2461.710139702,"data":"EDGE_TTA_ACTIVE views= 8 mean_abs_feat_delta= 0.288947\n"}
,{"stream_name":"stdout","time":2461.913026537,"data":"EDGE_TTA_ACTIVE views= 8 mean_abs_feat_delta= 0.288947\n"}
,{"stream_name":"stdout","time":2462.12081047,"data":"EDGE_TTA_ACTIVE views= 8 mean_abs_feat_delta= 0.336297\n"}
,{"stream_name":"stdout","time":2462.323479715,"data":"EDGE_TTA_ACTIVE views= 8 mean_abs_feat_delta= 0.336297\n"}
,{"stream_name":"stdout","time":2462.671458049,"data":"SECONDARY_EDGE_TTA_ACTIVE views= 8 weight= 0.75 mean_abs_feat_delta= 0.229597\n"}
,{"stream_name":"stdout","time":2462.873890866,"data":"SECONDARY_EDGE_TTA_ACTIVE views= 8 weight= 0.75 mean_abs_feat_delta= 0.229597\n"}
,{"stream_name":"stdout","time":2463.084501725,"data":"SECONDARY_EDGE_TTA_ACTIVE views= 8 weight= 0.75 mean_abs_feat_delta= 0.262107\n"}
,{"stream_name":"stdout","time":2463.287290602,"data":"SECONDARY_EDGE_TTA_ACTIVE views= 8 weight= 0.75 mean_abs_feat_delta= 0.262107\n"}
,{"stream_name":"stdout","time":2463.732786634,"data":"EDGE_TTA_ACTIVE views= 8 mean_abs_feat_delta= 0.290047\n"}
,{"stream_name":"stdout","time":2463.93550019,"data":"EDGE_TTA_ACTIVE views= 8 mean_abs_feat_delta= 0.290047\n"}
,{"stream_name":"stdout","time":2464.216284088,"data":"EDGE_TTA_ACTIVE views= 8 mean_abs_feat_delta= 0.339382\n"}
,{"stream_name":"stdout","time":2464.419065443,"data":"EDGE_TTA_ACTIVE views= 8 mean_abs_feat_delta= 0.339382\n"}
,{"stream_name":"stdout","time":2464.695591933,"data":"SECONDARY_EDGE_TTA_ACTIVE views= 8 weight= 0.75 mean_abs_feat_delta= 0.231285\n"}
,{"stream_name":"stdout","time":2464.898081672,"data":"SECONDARY_EDGE_TTA_ACTIVE views= 8 weight= 0.75 mean_abs_feat_delta= 0.231285\n"}
,{"stream_name":"stdout","time":2465.187922273,"data":"SECONDARY_EDGE_TTA_ACTIVE views= 8 weight= 0.75 mean_abs_feat_delta= 0.258084\n"}
,{"stream_name":"stdout","time":2465.390605074,"data":"SECONDARY_EDGE_TTA_ACTIVE views= 8 weight= 0.75 mean_abs_feat_delta= 0.258084\n"}
,{"stream_name":"stdout","time":2465.750778123,"data":"EDGE_TTA_ACTIVE views= 8 mean_abs_feat_delta= 0.293125\n"}
,{"stream_name":"stdout","time":2465.954258256,"data":"EDGE_TTA_ACTIVE views= 8 mean_abs_feat_delta= 0.293125\n"}
,{"stream_name":"stdout","time":2466.300352502,"data":"EDGE_TTA_ACTIVE views= 8 mean_abs_feat_delta= 0.333216\n"}
,{"stream_name":"stdout","time":2466.503072898,"data":"EDGE_TTA_ACTIVE views= 8 mean_abs_feat_delta= 0.333216\n"}
,{"stream_name":"stdout","time":2466.718922233,"data":"SECONDARY_EDGE_TTA_ACTIVE views= 8 weight= 0.75 mean_abs_feat_delta= 0.226972\n"}
,{"stream_name":"stdout","time":2466.921515843,"data":"SECONDARY_EDGE_TTA_ACTIVE views= 8 weight= 0.75 mean_abs_feat_delta= 0.226972\n"}
,{"stream_name":"stdout","time":2467.273121275,"data":"SECONDARY_EDGE_TTA_ACTIVE views= 8 weight= 0.75 mean_abs_feat_delta= 0.256287\n"}
,{"stream_name":"stdout","time":2467.475563465,"data":"SECONDARY_EDGE_TTA_ACTIVE views= 8 weight= 0.75 mean_abs_feat_delta= 0.256287\n"}
,{"stream_name":"stdout","time":2467.790824084,"data":"EDGE_TTA_ACTIVE views= 8 mean_abs_feat_delta= 0.295461\n"}
,{"stream_name":"stdout","time":2467.993173625,"data":"EDGE_TTA_ACTIVE views= 8 mean_abs_feat_delta= 0.295461\n"}
,{"stream_name":"stdout","time":2468.405430894,"data":"EDGE_TTA_ACTIVE views= 8 mean_abs_feat_delta= 0.335556\n"}
,{"stream_name":"stdout","time":2468.608235151,"data":"EDGE_TTA_ACTIVE views= 8 mean_abs_feat_delta= 0.335556\n"}
,{"stream_name":"stdout","time":2468.752779347,"data":"SECONDARY_EDGE_TTA_ACTIVE views= 8 weight= 0.75 mean_abs_feat_delta= 0.235491\n"}
,{"stream_name":"stdout","time":2468.955142008,"data":"SECONDARY_EDGE_TTA_ACTIVE views= 8 weight= 0.75 mean_abs_feat_delta= 0.235491\n"}
,{"stream_name":"stdout","time":2469.378253048,"data":"SECONDARY_EDGE_TTA_ACTIVE views= 8 weight= 0.75 mean_abs_feat_delta= 0.254402\n"}
,{"stream_name":"stdout","time":2469.580695855,"data":"SECONDARY_EDGE_TTA_ACTIVE views= 8 weight= 0.75 mean_abs_feat_delta= 0.254402\n"}
,{"stream_name":"stdout","time":2469.863517109,"data":"EDGE_TTA_ACTIVE views= 8 mean_abs_feat_delta= 0.294354\n"}
,{"stream_name":"stdout","time":2470.065993535,"data":"EDGE_TTA_ACTIVE views= 8 mean_abs_feat_delta= 0.294354\n"}
,{"stream_name":"stdout","time":2470.633186415,"data":"EDGE_TTA_ACTIVE views= 8 mean_abs_feat_delta= 0.337468\n"}
,{"stream_name":"stdout","time":2470.835766571,"data":"EDGE_TTA_ACTIVE views= 8 mean_abs_feat_delta= 0.337468\n"}
,{"stream_name":"stdout","time":2470.837269353,"data":"SECONDARY_EDGE_TTA_ACTIVE views= 8 weight= 0.75 mean_abs_feat_delta= 0.22461\n"}
,{"stream_name":"stdout","time":2471.039847261,"data":"SECONDARY_EDGE_TTA_ACTIVE views= 8 weight= 0.75 mean_abs_feat_delta= 0.22461\n"}
,{"stream_name":"stdout","time":2471.606868398,"data":"SECONDARY_EDGE_TTA_ACTIVE views= 8 weight= 0.75 mean_abs_feat_delta= 0.255109\n"}
,{"stream_name":"stdout","time":2471.809116594,"data":"SECONDARY_EDGE_TTA_ACTIVE views= 8 weight= 0.75 mean_abs_feat_delta= 0.255109\n"}
,{"stream_name":"stdout","time":2471.992589053,"data":"EDGE_TTA_ACTIVE views= 8 mean_abs_feat_delta= 0.290361\n"}
,{"stream_name":"stdout","time":2472.195346312,"data":"EDGE_TTA_ACTIVE views= 8 mean_abs_feat_delta= 0.290361\n"}
,{"stream_name":"stdout","time":2472.748987464,"data":"EDGE_TTA_ACTIVE views= 8 mean_abs_feat_delta= 0.334122\n"}
,{"stream_name":"stdout","time":2472.951828191,"data":"EDGE_TTA_ACTIVE views= 8 mean_abs_feat_delta= 0.334122\n"}
,{"stream_name":"stdout","time":2472.966273544,"data":"SECONDARY_EDGE_TTA_ACTIVE views= 8 weight= 0.75 mean_abs_feat_delta= 0.225307\n"}
,{"stream_name":"stdout","time":2473.169296546,"data":"SECONDARY_EDGE_TTA_ACTIVE views= 8 weight= 0.75 mean_abs_feat_delta= 0.225307\n"}
,{"stream_name":"stdout","time":2473.715298752,"data":"SECONDARY_EDGE_TTA_ACTIVE views= 8 weight= 0.75 mean_abs_feat_delta= 0.25132\n"}
,{"stream_name":"stdout","time":2473.917687049,"data":"SECONDARY_EDGE_TTA_ACTIVE views= 8 weight= 0.75 mean_abs_feat_delta= 0.25132\n"}
,{"stream_name":"stdout","time":2474.102529478,"data":"EDGE_TTA_ACTIVE views= 8 mean_abs_feat_delta= 0.290141\n"}
,{"stream_name":"stdout","time":2474.305157067,"data":"EDGE_TTA_ACTIVE views= 8 mean_abs_feat_delta= 0.290141\n"}
,{"stream_name":"stdout","time":2474.887829962,"data":"EDGE_TTA_ACTIVE views= 8 mean_abs_feat_delta= 0.328651\n"}
,{"stream_name":"stdout","time":2475.071100777,"data":"SECONDARY_EDGE_TTA_ACTIVE views= 8 weight= 0.75 mean_abs_feat_delta= 0.222402\n"}
,{"stream_name":"stdout","time":2475.090822855,"data":"EDGE_TTA_ACTIVE views= 8 mean_abs_feat_delta= 0.328651\n"}
,{"stream_name":"stdout","time":2475.090853639,"data":"SECONDARY_EDGE_TTA_ACTIVE views= 8 weight= 0.75 mean_abs_feat_delta= 0.222402\n"}
,{"stream_name":"stdout","time":2475.862236549,"data":"SECONDARY_EDGE_TTA_ACTIVE views= 8 weight= 0.75 mean_abs_feat_delta= 0.250811\n"}
,{"stream_name":"stdout","time":2476.142082477,"data":"EDGE_TTA_ACTIVE views= 8 mean_abs_feat_delta= 0.292561\n"}
,{"stream_name":"stdout","time":2476.287443839,"data":"SECONDARY_EDGE_TTA_ACTIVE views= 8 weight= 0.75 mean_abs_feat_delta= 0.250811\n"}
,{"stream_name":"stdout","time":2476.344346416,"data":"EDGE_TTA_ACTIVE views= 8 mean_abs_feat_delta= 0.292561\n"}
,{"stream_name":"stdout","time":2476.97947169,"data":"EDGE_TTA_ACTIVE views= 8 mean_abs_feat_delta= 0.336868\n"}
,{"stream_name":"stdout","time":2477.104357572,"data":"SECONDARY_EDGE_TTA_ACTIVE views= 8 weight= 0.75 mean_abs_feat_delta= 0.223337\n"}
,{"stream_name":"stdout","time":2477.182190678,"data":"EDGE_TTA_ACTIVE views= 8 mean_abs_feat_delta= 0.336868\n"}
,{"stream_name":"stdout","time":2477.182256848,"data":"SECONDARY_EDGE_TTA_ACTIVE views= 8 weight= 0.75 mean_abs_feat_delta= 0.223337\n"}
,{"stream_name":"stdout","time":2477.953595669,"data":"SECONDARY_EDGE_TTA_ACTIVE views= 8 weight= 0.75 mean_abs_feat_delta= 0.252583\n"}
,{"stream_name":"stdout","time":2478.153272548,"data":"EDGE_TTA_ACTIVE views= 8 mean_abs_feat_delta= 0.288988\n"}
,{"stream_name":"stdout","time":2478.156018257,"data":"SECONDARY_EDGE_TTA_ACTIVE views= 8 weight= 0.75 mean_abs_feat_delta= 0.252583\n"}
,{"stream_name":"stdout","time":2478.156041738,"data":"EDGE_TTA_ACTIVE views= 8 mean_abs_feat_delta= 0.288988\n"}
,{"stream_name":"stdout","time":2479.08700666,"data":"EDGE_TTA_ACTIVE views= 8 mean_abs_feat_delta= 0.335702\n"}
,{"stream_name":"stdout","time":2479.114540609,"data":"SECONDARY_EDGE_TTA_ACTIVE views= 8 weight= 0.75 mean_abs_feat_delta= 0.234632\n"}
,{"stream_name":"stdout","time":2479.289627263,"data":"EDGE_TTA_ACTIVE views= 8 mean_abs_feat_delta= 0.335702\n"}
,{"stream_name":"stdout","time":2479.289681839,"data":"SECONDARY_EDGE_TTA_ACTIVE views= 8 weight= 0.75 mean_abs_feat_delta= 0.234632\n"}
,{"stream_name":"stdout","time":2480.061583496,"data":"SECONDARY_EDGE_TTA_ACTIVE views= 8 weight= 0.75 mean_abs_feat_delta= 0.250294\n"}
,{"stream_name":"stdout","time":2480.159448622,"data":"EDGE_TTA_ACTIVE views= 8 mean_abs_feat_delta= 0.294653\n"}
,{"stream_name":"stdout","time":2480.264208336,"data":"SECONDARY_EDGE_TTA_ACTIVE views= 8 weight= 0.75 mean_abs_feat_delta= 0.250294\n"}
,{"stream_name":"stdout","time":2480.264248676,"data":"EDGE_TTA_ACTIVE views= 8 mean_abs_feat_delta= 0.294653\n"}
,{"stream_name":"stdout","time":2481.123450124,"data":"SECONDARY_EDGE_TTA_ACTIVE views= 8 weight= 0.75 mean_abs_feat_delta= 0.225509\n"}
,{"stream_name":"stdout","time":2481.155955646,"data":"EDGE_TTA_ACTIVE views= 8 mean_abs_feat_delta= 0.334886\n"}
,{"stream_name":"stdout","time":2481.325632457,"data":"SECONDARY_EDGE_TTA_ACTIVE views= 8 weight= 0.75 mean_abs_feat_delta= 0.225509\n"}
,{"stream_name":"stdout","time":2481.325665002,"data":"EDGE_TTA_ACTIVE views= 8 mean_abs_feat_delta= 0.334886\n"}
,{"stream_name":"stdout","time":2482.128338164,"data":"SECONDARY_EDGE_TTA_ACTIVE views= 8 weight= 0.75 mean_abs_feat_delta= 0.247088\n"}
,{"stream_name":"stdout","time":2482.190365503,"data":"EDGE_TTA_ACTIVE views= 8 mean_abs_feat_delta= 0.296121\n"}
,{"stream_name":"stdout","time":2482.331125847,"data":"SECONDARY_EDGE_TTA_ACTIVE views= 8 weight= 0.75 mean_abs_feat_delta= 0.247088\n"}
,{"stream_name":"stdout","time":2482.331162061,"data":"EDGE_TTA_ACTIVE views= 8 mean_abs_feat_delta= 0.296121\n"}
,{"stream_name":"stdout","time":2483.151596098,"data":"SECONDARY_EDGE_TTA_ACTIVE views= 8 weight= 0.75 mean_abs_feat_delta= 0.233373\n"}
,{"stream_name":"stdout","time":2483.221415441,"data":"EDGE_TTA_ACTIVE views= 8 mean_abs_feat_delta= 0.337301\n"}
,{"stream_name":"stdout","time":2483.354393359,"data":"SECONDARY_EDGE_TTA_ACTIVE views= 8 weight= 0.75 mean_abs_feat_delta= 0.233373\n"}
,{"stream_name":"stdout","time":2483.354432374,"data":"EDGE_TTA_ACTIVE views= 8 mean_abs_feat_delta= 0.337301\n"}
,{"stream_name":"stdout","time":2484.194965936,"data":"SECONDARY_EDGE_TTA_ACTIVE views= 8 weight= 0.75 mean_abs_feat_delta= 0.248444\n"}
,{"stream_name":"stdout","time":2484.22048318,"data":"EDGE_TTA_ACTIVE views= 8 mean_abs_feat_delta= 0.296872\n"}
,{"stream_name":"stdout","time":2484.397562733,"data":"SECONDARY_EDGE_TTA_ACTIVE views= 8 weight= 0.75 mean_abs_feat_delta= 0.248444\n"}
,{"stream_name":"stdout","time":2484.397632687,"data":"EDGE_TTA_ACTIVE views= 8 mean_abs_feat_delta= 0.296872\n"}
,{"stream_name":"stdout","time":2485.192629325,"data":"SECONDARY_EDGE_TTA_ACTIVE views= 8 weight= 0.75 mean_abs_feat_delta= 0.237159\n"}
,{"stream_name":"stdout","time":2485.309672183,"data":"EDGE_TTA_ACTIVE views= 8 mean_abs_feat_delta= 0.342168\n"}
,{"stream_name":"stdout","time":2485.395442197,"data":"SECONDARY_EDGE_TTA_ACTIVE views= 8 weight= 0.75 mean_abs_feat_delta= 0.237159\n"}
,{"stream_name":"stdout","time":2485.395485303,"data":"EDGE_TTA_ACTIVE views= 8 mean_abs_feat_delta= 0.342168\n"}
,{"stream_name":"stdout","time":2486.284005315,"data":"SECONDARY_EDGE_TTA_ACTIVE views= 8 weight= 0.75 mean_abs_feat_delta= 0.249705\n"}
,{"stream_name":"stdout","time":2486.305578906,"data":"EDGE_TTA_ACTIVE views= 8 mean_abs_feat_delta= 0.294509\n"}
,{"stream_name":"stdout","time":2486.487083153,"data":"SECONDARY_EDGE_TTA_ACTIVE views= 8 weight= 0.75 mean_abs_feat_delta= 0.249705\n"}
,{"stream_name":"stdout","time":2486.487130844,"data":"EDGE_TTA_ACTIVE views= 8 mean_abs_feat_delta= 0.294509\n"}
,{"stream_name":"stdout","time":2487.268622957,"data":"SECONDARY_EDGE_TTA_ACTIVE views= 8 weight= 0.75 mean_abs_feat_delta= 0.239483\n"}
,{"stream_name":"stdout","time":2487.389075795,"data":"EDGE_TTA_ACTIVE views= 8 mean_abs_feat_delta= 0.343137\n"}
,{"stream_name":"stdout","time":2487.471333795,"data":"SECONDARY_EDGE_TTA_ACTIVE views= 8 weight= 0.75 mean_abs_feat_delta= 0.239483\n"}
,{"stream_name":"stdout","time":2487.471362775,"data":"EDGE_TTA_ACTIVE views= 8 mean_abs_feat_delta= 0.343137\n"}
,{"stream_name":"stdout","time":2488.319820132,"data":"EDGE_TTA_ACTIVE views= 8 mean_abs_feat_delta= 0.288279\n"}
,{"stream_name":"stdout","time":2488.354790835,"data":"SECONDARY_EDGE_TTA_ACTIVE views= 8 weight= 0.75 mean_abs_feat_delta= 0.249871\n"}
,{"stream_name":"stdout","time":2488.523409772,"data":"EDGE_TTA_ACTIVE views= 8 mean_abs_feat_delta= 0.288279\n"}
,{"stream_name":"stdout","time":2488.523442976,"data":"SECONDARY_EDGE_TTA_ACTIVE views= 8 weight= 0.75 mean_abs_feat_delta= 0.249871\n"}
,{"stream_name":"stdout","time":2489.281774936,"data":"SECONDARY_EDGE_TTA_ACTIVE views= 8 weight= 0.75 mean_abs_feat_delta= 0.237082\n"}
,{"stream_name":"stdout","time":2489.467347348,"data":"EDGE_TTA_ACTIVE views= 8 mean_abs_feat_delta= 0.338761\n"}
,{"stream_name":"stdout","time":2489.484929667,"data":"SECONDARY_EDGE_TTA_ACTIVE views= 8 weight= 0.75 mean_abs_feat_delta= 0.237082\n"}
,{"stream_name":"stdout","time":2489.484950367,"data":"EDGE_TTA_ACTIVE views= 8 mean_abs_feat_delta= 0.338761\n"}
,{"stream_name":"stdout","time":2490.348235973,"data":"EDGE_TTA_ACTIVE views= 8 mean_abs_feat_delta= 0.289803\n"}
,{"stream_name":"stdout","time":2490.441516564,"data":"SECONDARY_EDGE_TTA_ACTIVE views= 8 weight= 0.75 mean_abs_feat_delta= 0.247264\n"}
,{"stream_name":"stdout","time":2490.550296961,"data":"EDGE_TTA_ACTIVE views= 8 mean_abs_feat_delta= 0.289803\n"}
,{"stream_name":"stdout","time":2490.550374216,"data":"SECONDARY_EDGE_TTA_ACTIVE views= 8 weight= 0.75 mean_abs_feat_delta= 0.247264\n"}
,{"stream_name":"stdout","time":2491.308143556,"data":"SECONDARY_EDGE_TTA_ACTIVE views= 8 weight= 0.75 mean_abs_feat_delta= 0.234585\n"}
,{"stream_name":"stdout","time":2491.510871397,"data":"SECONDARY_EDGE_TTA_ACTIVE views= 8 weight= 0.75 mean_abs_feat_delta= 0.234585\n"}
,{"stream_name":"stdout","time":2491.516267797,"data":"EDGE_TTA_ACTIVE views= 8 mean_abs_feat_delta= 0.338145\n"}
,{"stream_name":"stdout","time":2491.718684586,"data":"EDGE_TTA_ACTIVE views= 8 mean_abs_feat_delta= 0.338145\n"}
,{"stream_name":"stdout","time":2492.339474692,"data":"EDGE_TTA_ACTIVE views= 8 mean_abs_feat_delta= 0.292365\n"}
,{"stream_name":"stdout","time":2492.487806223,"data":"SECONDARY_EDGE_TTA_ACTIVE views= 8 weight= 0.75 mean_abs_feat_delta= 0.243393\n"}
,{"stream_name":"stdout","time":2492.541907722,"data":"EDGE_TTA_ACTIVE views= 8 mean_abs_feat_delta= 0.292365\n"}
,{"stream_name":"stdout","time":2492.54194457,"data":"SECONDARY_EDGE_TTA_ACTIVE views= 8 weight= 0.75 mean_abs_feat_delta= 0.243393\n"}
,{"stream_name":"stdout","time":2493.30653027,"data":"SECONDARY_EDGE_TTA_ACTIVE views= 8 weight= 0.75 mean_abs_feat_delta= 0.240166\n"}
,{"stream_name":"stdout","time":2493.508929792,"data":"SECONDARY_EDGE_TTA_ACTIVE views= 8 weight= 0.75 mean_abs_feat_delta= 0.240166\n"}
,{"stream_name":"stdout","time":2493.666981535,"data":"EDGE_TTA_ACTIVE views= 8 mean_abs_feat_delta= 0.334551\n"}
,{"stream_name":"stdout","time":2493.869716601,"data":"EDGE_TTA_ACTIVE views= 8 mean_abs_feat_delta= 0.334551\n"}
,{"stream_name":"stdout","time":2494.362826449,"data":"EDGE_TTA_ACTIVE views= 8 mean_abs_feat_delta= 0.29779\n"}
,{"stream_name":"stdout","time":2494.565326526,"data":"EDGE_TTA_ACTIVE views= 8 mean_abs_feat_delta= 0.29779\n"}
,{"stream_name":"stdout","time":2494.637017951,"data":"SECONDARY_EDGE_TTA_ACTIVE views= 8 weight= 0.75 mean_abs_feat_delta= 0.246103\n"}
,{"stream_name":"stdout","time":2494.839666226,"data":"SECONDARY_EDGE_TTA_ACTIVE views= 8 weight= 0.75 mean_abs_feat_delta= 0.246103\n"}
,{"stream_name":"stdout","time":2495.326543275,"data":"SECONDARY_EDGE_TTA_ACTIVE views= 8 weight= 0.75 mean_abs_feat_delta= 0.23071\n"}
,{"stream_name":"stdout","time":2495.529257492,"data":"SECONDARY_EDGE_TTA_ACTIVE views= 8 weight= 0.75 mean_abs_feat_delta= 0.23071\n"}
,{"stream_name":"stdout","time":2495.751152523,"data":"EDGE_TTA_ACTIVE views= 8 mean_abs_feat_delta= 0.331854\n"}
,{"stream_name":"stdout","time":2495.953849841,"data":"EDGE_TTA_ACTIVE views= 8 mean_abs_feat_delta= 0.331854\n"}
,{"stream_name":"stdout","time":2496.369606591,"data":"EDGE_TTA_ACTIVE views= 8 mean_abs_feat_delta= 0.294017\n"}
,{"stream_name":"stdout","time":2496.572134734,"data":"EDGE_TTA_ACTIVE views= 8 mean_abs_feat_delta= 0.294017\n"}
,{"stream_name":"stdout","time":2496.721380983,"data":"SECONDARY_EDGE_TTA_ACTIVE views= 8 weight= 0.75 mean_abs_feat_delta= 0.246736\n"}
,{"stream_name":"stdout","time":2496.923966072,"data":"SECONDARY_EDGE_TTA_ACTIVE views= 8 weight= 0.75 mean_abs_feat_delta= 0.246736\n"}
,{"stream_name":"stdout","time":2497.333678776,"data":"SECONDARY_EDGE_TTA_ACTIVE views= 8 weight= 0.75 mean_abs_feat_delta= 0.228603\n"}
,{"stream_name":"stdout","time":2497.53636522,"data":"SECONDARY_EDGE_TTA_ACTIVE views= 8 weight= 0.75 mean_abs_feat_delta= 0.228603\n"}
,{"stream_name":"stdout","time":2498.419348028,"data":"EDGE_TTA_ACTIVE views= 8 mean_abs_feat_delta= 0.297003\n"}
,{"stream_name":"stdout","time":2498.622325844,"data":"EDGE_TTA_ACTIVE views= 8 mean_abs_feat_delta= 0.297003\n"}
,{"stream_name":"stdout","time":2499.385173243,"data":"SECONDARY_EDGE_TTA_ACTIVE views= 8 weight= 0.75 mean_abs_feat_delta= 0.227822\n"}
,{"stream_name":"stdout","time":2499.591068136,"data":"SECONDARY_EDGE_TTA_ACTIVE views= 8 weight= 0.75 mean_abs_feat_delta= 0.227822\n"}
,{"stream_name":"stdout","time":2500.477881403,"data":"EDGE_TTA_ACTIVE views= 8 mean_abs_feat_delta= 0.301009\n"}
,{"stream_name":"stdout","time":2500.680699643,"data":"EDGE_TTA_ACTIVE views= 8 mean_abs_feat_delta= 0.301009\n"}
,{"stream_name":"stdout","time":2501.438479069,"data":"SECONDARY_EDGE_TTA_ACTIVE views= 8 weight= 0.75 mean_abs_feat_delta= 0.230826\n"}
,{"stream_name":"stdout","time":2501.641556382,"data":"SECONDARY_EDGE_TTA_ACTIVE views= 8 weight= 0.75 mean_abs_feat_delta= 0.230826\n"}
,{"stream_name":"stdout","time":2502.542944792,"data":"EDGE_TTA_ACTIVE views= 8 mean_abs_feat_delta= 0.301776\n"}
,{"stream_name":"stdout","time":2502.74560015,"data":"EDGE_TTA_ACTIVE views= 8 mean_abs_feat_delta= 0.301776\n"}
,{"stream_name":"stdout","time":2503.501888298,"data":"SECONDARY_EDGE_TTA_ACTIVE views= 8 weight= 0.75 mean_abs_feat_delta= 0.233825\n"}
,{"stream_name":"stdout","time":2503.706567879,"data":"SECONDARY_EDGE_TTA_ACTIVE views= 8 weight= 0.75 mean_abs_feat_delta= 0.233825\n"}
,{"stream_name":"stdout","time":2504.607928691,"data":"EDGE_TTA_ACTIVE views= 8 mean_abs_feat_delta= 0.299256\n"}
,{"stream_name":"stdout","time":2504.810136269,"data":"EDGE_TTA_ACTIVE views= 8 mean_abs_feat_delta= 0.299256\n"}
,{"stream_name":"stdout","time":2505.56782635,"data":"SECONDARY_EDGE_TTA_ACTIVE views= 8 weight= 0.75 mean_abs_feat_delta= 0.231076\n"}
,{"stream_name":"stdout","time":2505.572974454,"data":"BIOHUB_RETENTION_GUARD {\"blended_candidates\": 59, \"dataset\": \"6bba_062c8d37\", \"frame\": 73, \"minimum_retention\": 0.9, \"primary_candidates\": 68, \"retention\": 0.8676470588235294, \"use_primary\": true}\n"}
,{"stream_name":"stdout","time":2505.774382748,"data":"SECONDARY_EDGE_TTA_ACTIVE views= 8 weight= 0.75 mean_abs_feat_delta= 0.231076\n"}
,{"stream_name":"stdout","time":2505.7744183,"data":"BIOHUB_RETENTION_GUARD {\"blended_candidates\": 59, \"dataset\": \"6bba_062c8d37\", \"frame\": 73, \"minimum_retention\": 0.9, \"primary_candidates\": 68, \"retention\": 0.8676470588235294, \"use_primary\": true}\n"}
,{"stream_name":"stdout","time":2506.707783835,"data":"EDGE_TTA_ACTIVE views= 8 mean_abs_feat_delta= 0.298114\n"}
,{"stream_name":"stdout","time":2507.020298486,"data":"EDGE_TTA_ACTIVE views= 8 mean_abs_feat_delta= 0.298114\n"}
,{"stream_name":"stdout","time":2507.668623928,"data":"SECONDARY_EDGE_TTA_ACTIVE views= 8 weight= 0.75 mean_abs_feat_delta= 0.231678\n"}
,{"stream_name":"stdout","time":2507.67272458,"data":"BIOHUB_RETENTION_GUARD {\"blended_candidates\": 62, \"dataset\": \"6bba_062c8d37\", \"frame\": 74, \"minimum_retention\": 0.9, \"primary_candidates\": 69, \"retention\": 0.8985507246376812, \"use_primary\": true}\n"}
,{"stream_name":"stdout","time":2507.871265093,"data":"SECONDARY_EDGE_TTA_ACTIVE views= 8 weight= 0.75 mean_abs_feat_delta= 0.231678\n"}
,{"stream_name":"stdout","time":2507.871300349,"data":"BIOHUB_RETENTION_GUARD {\"blended_candidates\": 62, \"dataset\": \"6bba_062c8d37\", \"frame\": 74, \"minimum_retention\": 0.9, \"primary_candidates\": 69, \"retention\": 0.8985507246376812, \"use_primary\": true}\n"}
,{"stream_name":"stdout","time":2508.747285029,"data":"EDGE_TTA_ACTIVE views= 8 mean_abs_feat_delta= 0.292995\n"}
,{"stream_name":"stdout","time":2508.949909626,"data":"EDGE_TTA_ACTIVE views= 8 mean_abs_feat_delta= 0.292995\n"}
,{"stream_name":"stdout","time":2509.703806522,"data":"SECONDARY_EDGE_TTA_ACTIVE views= 8 weight= 0.75 mean_abs_feat_delta= 0.232434\n"}
,{"stream_name":"stdout","time":2509.906172974,"data":"SECONDARY_EDGE_TTA_ACTIVE views= 8 weight= 0.75 mean_abs_feat_delta= 0.232434\n"}
,{"stream_name":"stdout","time":2510.744323936,"data":"EDGE_TTA_ACTIVE views= 8 mean_abs_feat_delta= 0.29277\n"}
,{"stream_name":"stdout","time":2510.947915368,"data":"EDGE_TTA_ACTIVE views= 8 mean_abs_feat_delta= 0.29277\n"}
,{"stream_name":"stdout","time":2511.703667648,"data":"SECONDARY_EDGE_TTA_ACTIVE views= 8 weight= 0.75 mean_abs_feat_delta= 0.237438\n"}
,{"stream_name":"stdout","time":2511.906161921,"data":"SECONDARY_EDGE_TTA_ACTIVE views= 8 weight= 0.75 mean_abs_feat_delta= 0.237438\n"}
,{"stream_name":"stdout","time":2512.770616598,"data":"EDGE_TTA_ACTIVE views= 8 mean_abs_feat_delta= 0.293275\n"}
,{"stream_name":"stdout","time":2512.973352879,"data":"EDGE_TTA_ACTIVE views= 8 mean_abs_feat_delta= 0.293275\n"}
,{"stream_name":"stdout","time":2513.729344517,"data":"SECONDARY_EDGE_TTA_ACTIVE views= 8 weight= 0.75 mean_abs_feat_delta= 0.236157\n"}
,{"stream_name":"stdout","time":2513.931825455,"data":"SECONDARY_EDGE_TTA_ACTIVE views= 8 weight= 0.75 mean_abs_feat_delta= 0.236157\n"}
,{"stream_name":"stdout","time":2514.795343732,"data":"EDGE_TTA_ACTIVE views= 8 mean_abs_feat_delta= 0.291368\n"}
,{"stream_name":"stdout","time":2514.997992257,"data":"EDGE_TTA_ACTIVE views= 8 mean_abs_feat_delta= 0.291368\n"}
,{"stream_name":"stdout","time":2515.754528736,"data":"SECONDARY_EDGE_TTA_ACTIVE views= 8 weight= 0.75 mean_abs_feat_delta= 0.235416\n"}
,{"stream_name":"stdout","time":2515.956835508,"data":"SECONDARY_EDGE_TTA_ACTIVE views= 8 weight= 0.75 mean_abs_feat_delta= 0.235416\n"}
,{"stream_name":"stdout","time":2516.793430264,"data":"EDGE_TTA_ACTIVE views= 8 mean_abs_feat_delta= 0.291014\n"}
,{"stream_name":"stdout","time":2516.996110839,"data":"EDGE_TTA_ACTIVE views= 8 mean_abs_feat_delta= 0.291014\n"}
,{"stream_name":"stdout","time":2517.753866562,"data":"SECONDARY_EDGE_TTA_ACTIVE views= 8 weight= 0.75 mean_abs_feat_delta= 0.232783\n"}
,{"stream_name":"stdout","time":2517.956534827,"data":"SECONDARY_EDGE_TTA_ACTIVE views= 8 weight= 0.75 mean_abs_feat_delta= 0.232783\n"}
,{"stream_name":"stdout","time":2518.810730303,"data":"EDGE_TTA_ACTIVE views= 8 mean_abs_feat_delta= 0.295994\n"}
,{"stream_name":"stdout","time":2519.013478262,"data":"EDGE_TTA_ACTIVE views= 8 mean_abs_feat_delta= 0.295994\n"}
,{"stream_name":"stdout","time":2519.768638751,"data":"SECONDARY_EDGE_TTA_ACTIVE views= 8 weight= 0.75 mean_abs_feat_delta= 0.231063\n"}
,{"stream_name":"stdout","time":2519.971284798,"data":"SECONDARY_EDGE_TTA_ACTIVE views= 8 weight= 0.75 mean_abs_feat_delta= 0.231063\n"}
,{"stream_name":"stdout","time":2520.815832807,"data":"EDGE_TTA_ACTIVE views= 8 mean_abs_feat_delta= 0.297096\n"}
,{"stream_name":"stdout","time":2521.018316119,"data":"EDGE_TTA_ACTIVE views= 8 mean_abs_feat_delta= 0.297096\n"}
,{"stream_name":"stdout","time":2521.774696262,"data":"SECONDARY_EDGE_TTA_ACTIVE views= 8 weight= 0.75 mean_abs_feat_delta= 0.234197\n"}
,{"stream_name":"stdout","time":2521.977669727,"data":"SECONDARY_EDGE_TTA_ACTIVE views= 8 weight= 0.75 mean_abs_feat_delta= 0.234197\n"}
,{"stream_name":"stdout","time":2522.806462948,"data":"EDGE_TTA_ACTIVE views= 8 mean_abs_feat_delta= 0.299033\n"}
,{"stream_name":"stdout","time":2523.00970541,"data":"EDGE_TTA_ACTIVE views= 8 mean_abs_feat_delta= 0.299033\n"}
,{"stream_name":"stdout","time":2523.772150986,"data":"SECONDARY_EDGE_TTA_ACTIVE views= 8 weight= 0.75 mean_abs_feat_delta= 0.233029\n"}
,{"stream_name":"stdout","time":2523.97451811,"data":"SECONDARY_EDGE_TTA_ACTIVE views= 8 weight= 0.75 mean_abs_feat_delta= 0.233029\n"}
,{"stream_name":"stdout","time":2524.62720277,"data":"EDGE_TTA_ACTIVE views= 8 mean_abs_feat_delta= 0.293417\n"}
,{"stream_name":"stdout","time":2524.829898814,"data":"EDGE_TTA_ACTIVE views= 8 mean_abs_feat_delta= 0.293417\n"}
,{"stream_name":"stdout","time":2524.840949537,"data":"EDGE_TTA_ACTIVE views= 8 mean_abs_feat_delta= 0.297557\n"}
,{"stream_name":"stdout","time":2525.043657325,"data":"EDGE_TTA_ACTIVE views= 8 mean_abs_feat_delta= 0.297557\n"}
,{"stream_name":"stdout","time":2525.56356033,"data":"SECONDARY_EDGE_TTA_ACTIVE views= 8 weight= 0.75 mean_abs_feat_delta= 0.204909\n"}
,{"stream_name":"stdout","time":2525.766267299,"data":"SECONDARY_EDGE_TTA_ACTIVE views= 8 weight= 0.75 mean_abs_feat_delta= 0.204909\n"}
,{"stream_name":"stdout","time":2525.805691389,"data":"SECONDARY_EDGE_TTA_ACTIVE views= 8 weight= 0.75 mean_abs_feat_delta= 0.236935\n"}
,{"stream_name":"stdout","time":2526.008680642,"data":"SECONDARY_EDGE_TTA_ACTIVE views= 8 weight= 0.75 mean_abs_feat_delta= 0.236935\n"}
,{"stream_name":"stdout","time":2526.665402371,"data":"EDGE_TTA_ACTIVE views= 8 mean_abs_feat_delta= 0.292063\n"}
,{"stream_name":"stdout","time":2526.839666821,"data":"EDGE_TTA_ACTIVE views= 8 mean_abs_feat_delta= 0.293406\n"}
,{"stream_name":"stdout","time":2526.867868696,"data":"EDGE_TTA_ACTIVE views= 8 mean_abs_feat_delta= 0.292063\n"}
,{"stream_name":"stdout","time":2526.867893324,"data":"EDGE_TTA_ACTIVE views= 8 mean_abs_feat_delta= 0.293406\n"}
,{"stream_name":"stdout","time":2527.610374806,"data":"SECONDARY_EDGE_TTA_ACTIVE views= 8 weight= 0.75 mean_abs_feat_delta= 0.201895\n"}
,{"stream_name":"stdout","time":2527.804120254,"data":"SECONDARY_EDGE_TTA_ACTIVE views= 8 weight= 0.75 mean_abs_feat_delta= 0.234086\n"}
,{"stream_name":"stdout","time":2527.809073856,"data":"BIOHUB_RETENTION_GUARD {\"blended_candidates\": 64, \"dataset\": \"6bba_062c8d37\", \"frame\": 84, \"minimum_retention\": 0.9, \"primary_candidates\": 73, \"retention\": 0.8767123287671232, \"use_primary\": true}\n"}
,{"stream_name":"stdout","time":2527.813734243,"data":"SECONDARY_EDGE_TTA_ACTIVE views= 8 weight= 0.75 mean_abs_feat_delta= 0.201895\n"}
,{"stream_name":"stdout","time":2527.813798987,"data":"SECONDARY_EDGE_TTA_ACTIVE views= 8 weight= 0.75 mean_abs_feat_delta= 0.234086\n"}
,{"stream_name":"stdout","time":2527.813805554,"data":"BIOHUB_RETENTION_GUARD {\"blended_candidates\": 64, \"dataset\": \"6bba_062c8d37\", \"frame\": 84, \"minimum_retention\": 0.9, \"primary_candidates\": 73, \"retention\": 0.8767123287671232, \"use_primary\": true}\n"}
,{"stream_name":"stdout","time":2528.738862264,"data":"EDGE_TTA_ACTIVE views= 8 mean_abs_feat_delta= 0.290893\n"}
,{"stream_name":"stdout","time":2528.845215013,"data":"EDGE_TTA_ACTIVE views= 8 mean_abs_feat_delta= 0.295509\n"}
,{"stream_name":"stdout","time":2528.941408106,"data":"EDGE_TTA_ACTIVE views= 8 mean_abs_feat_delta= 0.290893\n"}
,{"stream_name":"stdout","time":2528.941442248,"data":"EDGE_TTA_ACTIVE views= 8 mean_abs_feat_delta= 0.295509\n"}
,{"stream_name":"stdout","time":2529.685736462,"data":"SECONDARY_EDGE_TTA_ACTIVE views= 8 weight= 0.75 mean_abs_feat_delta= 0.204535\n"}
,{"stream_name":"stdout","time":2529.812293339,"data":"SECONDARY_EDGE_TTA_ACTIVE views= 8 weight= 0.75 mean_abs_feat_delta= 0.227107\n"}
,{"stream_name":"stdout","time":2529.887589897,"data":"SECONDARY_EDGE_TTA_ACTIVE views= 8 weight= 0.75 mean_abs_feat_delta= 0.204535\n"}
,{"stream_name":"stdout","time":2529.887620907,"data":"SECONDARY_EDGE_TTA_ACTIVE views= 8 weight= 0.75 mean_abs_feat_delta= 0.227107\n"}
,{"stream_name":"stdout","time":2530.843050584,"data":"EDGE_TTA_ACTIVE views= 8 mean_abs_feat_delta= 0.289035\n"}
,{"stream_name":"stdout","time":2530.895536799,"data":"EDGE_TTA_ACTIVE views= 8 mean_abs_feat_delta= 0.29737\n"}
,{"stream_name":"stdout","time":2531.04565089,"data":"EDGE_TTA_ACTIVE views= 8 mean_abs_feat_delta= 0.289035\n"}
,{"stream_name":"stdout","time":2531.045675684,"data":"EDGE_TTA_ACTIVE views= 8 mean_abs_feat_delta= 0.29737\n"}
,{"stream_name":"stdout","time":2531.793988936,"data":"SECONDARY_EDGE_TTA_ACTIVE views= 8 weight= 0.75 mean_abs_feat_delta= 0.203795\n"}
,{"stream_name":"stdout","time":2531.861850475,"data":"SECONDARY_EDGE_TTA_ACTIVE views= 8 weight= 0.75 mean_abs_feat_delta= 0.229753\n"}
,{"stream_name":"stdout","time":2531.99730166,"data":"SECONDARY_EDGE_TTA_ACTIVE views= 8 weight= 0.75 mean_abs_feat_delta= 0.203795\n"}
,{"stream_name":"stdout","time":2531.997345127,"data":"SECONDARY_EDGE_TTA_ACTIVE views= 8 weight= 0.75 mean_abs_feat_delta= 0.229753\n"}
,{"stream_name":"stdout","time":2532.905484745,"data":"EDGE_TTA_ACTIVE views= 8 mean_abs_feat_delta= 0.297734\n"}
,{"stream_name":"stdout","time":2532.917653925,"data":"EDGE_TTA_ACTIVE views= 8 mean_abs_feat_delta= 0.292802\n"}
,{"stream_name":"stdout","time":2533.108119259,"data":"EDGE_TTA_ACTIVE views= 8 mean_abs_feat_delta= 0.297734\n"}
,{"stream_name":"stdout","time":2533.108154646,"data":"EDGE_TTA_ACTIVE views= 8 mean_abs_feat_delta= 0.292802\n"}
,{"stream_name":"stdout","time":2533.873235139,"data":"SECONDARY_EDGE_TTA_ACTIVE views= 8 weight= 0.75 mean_abs_feat_delta= 0.233349\n"}
,{"stream_name":"stdout","time":2533.87556245,"data":"SECONDARY_EDGE_TTA_ACTIVE views= 8 weight= 0.75 mean_abs_feat_delta= 0.202797\n"}
,{"stream_name":"stdout","time":2534.075917934,"data":"SECONDARY_EDGE_TTA_ACTIVE views= 8 weight= 0.75 mean_abs_feat_delta= 0.233349\n"}
,{"stream_name":"stdout","time":2534.07596519,"data":"SECONDARY_EDGE_TTA_ACTIVE views= 8 weight= 0.75 mean_abs_feat_delta= 0.202797\n"}
,{"stream_name":"stdout","time":2534.950963673,"data":"EDGE_TTA_ACTIVE views= 8 mean_abs_feat_delta= 0.297749\n"}
,{"stream_name":"stdout","time":2535.010979114,"data":"EDGE_TTA_ACTIVE views= 8 mean_abs_feat_delta= 0.289692\n"}
,{"stream_name":"stdout","time":2535.154006489,"data":"EDGE_TTA_ACTIVE views= 8 mean_abs_feat_delta= 0.297749\n"}
,{"stream_name":"stdout","time":2535.154043632,"data":"EDGE_TTA_ACTIVE views= 8 mean_abs_feat_delta= 0.289692\n"}
,{"stream_name":"stdout","time":2535.916134884,"data":"SECONDARY_EDGE_TTA_ACTIVE views= 8 weight= 0.75 mean_abs_feat_delta= 0.228601\n"}
,{"stream_name":"stdout","time":2535.968682434,"data":"SECONDARY_EDGE_TTA_ACTIVE views= 8 weight= 0.75 mean_abs_feat_delta= 0.205886\n"}
,{"stream_name":"stdout","time":2536.118428575,"data":"SECONDARY_EDGE_TTA_ACTIVE views= 8 weight= 0.75 mean_abs_feat_delta= 0.228601\n"}
,{"stream_name":"stdout","time":2536.118462639,"data":"SECONDARY_EDGE_TTA_ACTIVE views= 8 weight= 0.75 mean_abs_feat_delta= 0.205886\n"}
,{"stream_name":"stdout","time":2536.964667284,"data":"EDGE_TTA_ACTIVE views= 8 mean_abs_feat_delta= 0.299556\n"}
,{"stream_name":"stdout","time":2537.097736642,"data":"EDGE_TTA_ACTIVE views= 8 mean_abs_feat_delta= 0.288981\n"}
,{"stream_name":"stdout","time":2537.293268202,"data":"EDGE_TTA_ACTIVE views= 8 mean_abs_feat_delta= 0.299556\n"}
,{"stream_name":"stdout","time":2537.293298054,"data":"EDGE_TTA_ACTIVE views= 8 mean_abs_feat_delta= 0.288981\n"}
,{"stream_name":"stdout","time":2537.925965385,"data":"SECONDARY_EDGE_TTA_ACTIVE views= 8 weight= 0.75 mean_abs_feat_delta= 0.229547\n"}
,{"stream_name":"stdout","time":2538.073348933,"data":"SECONDARY_EDGE_TTA_ACTIVE views= 8 weight= 0.75 mean_abs_feat_delta= 0.205889\n"}
,{"stream_name":"stdout","time":2538.128669931,"data":"SECONDARY_EDGE_TTA_ACTIVE views= 8 weight= 0.75 mean_abs_feat_delta= 0.229547\n"}
,{"stream_name":"stdout","time":2538.12870548,"data":"SECONDARY_EDGE_TTA_ACTIVE views= 8 weight= 0.75 mean_abs_feat_delta= 0.205889\n"}
,{"stream_name":"stdout","time":2538.971127465,"data":"EDGE_TTA_ACTIVE views= 8 mean_abs_feat_delta= 0.298104\n"}
,{"stream_name":"stdout","time":2539.173887492,"data":"EDGE_TTA_ACTIVE views= 8 mean_abs_feat_delta= 0.298104\n"}
,{"stream_name":"stdout","time":2539.198670583,"data":"EDGE_TTA_ACTIVE views= 8 mean_abs_feat_delta= 0.294024\n"}
,{"stream_name":"stdout","time":2539.401467379,"data":"EDGE_TTA_ACTIVE views= 8 mean_abs_feat_delta= 0.294024\n"}
,{"stream_name":"stdout","time":2539.931963926,"data":"SECONDARY_EDGE_TTA_ACTIVE views= 8 weight= 0.75 mean_abs_feat_delta= 0.228595\n"}
,{"stream_name":"stdout","time":2540.134786177,"data":"SECONDARY_EDGE_TTA_ACTIVE views= 8 weight= 0.75 mean_abs_feat_delta= 0.228595\n"}
,{"stream_name":"stdout","time":2540.161923127,"data":"SECONDARY_EDGE_TTA_ACTIVE views= 8 weight= 0.75 mean_abs_feat_delta= 0.208457\n"}
,{"stream_name":"stdout","time":2540.364868645,"data":"SECONDARY_EDGE_TTA_ACTIVE views= 8 weight= 0.75 mean_abs_feat_delta= 0.208457\n"}
,{"stream_name":"stdout","time":2541.043122379,"data":"EDGE_TTA_ACTIVE views= 8 mean_abs_feat_delta= 0.296443\n"}
,{"stream_name":"stdout","time":2541.246375559,"data":"EDGE_TTA_ACTIVE views= 8 mean_abs_feat_delta= 0.296443\n"}
,{"stream_name":"stdout","time":2541.305085267,"data":"EDGE_TTA_ACTIVE views= 8 mean_abs_feat_delta= 0.291402\n"}
,{"stream_name":"stdout","time":2541.508065969,"data":"EDGE_TTA_ACTIVE views= 8 mean_abs_feat_delta= 0.291402\n"}
,{"stream_name":"stdout","time":2542.002464793,"data":"SECONDARY_EDGE_TTA_ACTIVE views= 8 weight= 0.75 mean_abs_feat_delta= 0.228195\n"}
,{"stream_name":"stdout","time":2542.204932694,"data":"SECONDARY_EDGE_TTA_ACTIVE views= 8 weight= 0.75 mean_abs_feat_delta= 0.228195\n"}
,{"stream_name":"stdout","time":2542.271991977,"data":"SECONDARY_EDGE_TTA_ACTIVE views= 8 weight= 0.75 mean_abs_feat_delta= 0.210367\n"}
,{"stream_name":"stdout","time":2542.474671414,"data":"SECONDARY_EDGE_TTA_ACTIVE views= 8 weight= 0.75 mean_abs_feat_delta= 0.210367\n"}
,{"stream_name":"stdout","time":2543.074065598,"data":"EDGE_TTA_ACTIVE views= 8 mean_abs_feat_delta= 0.293984\n"}
,{"stream_name":"stdout","time":2543.276493492,"data":"EDGE_TTA_ACTIVE views= 8 mean_abs_feat_delta= 0.293984\n"}
,{"stream_name":"stdout","time":2543.366546115,"data":"EDGE_TTA_ACTIVE views= 8 mean_abs_feat_delta= 0.293367\n"}
,{"stream_name":"stdout","time":2543.568839488,"data":"EDGE_TTA_ACTIVE views= 8 mean_abs_feat_delta= 0.293367\n"}
,{"stream_name":"stdout","time":2544.033462496,"data":"SECONDARY_EDGE_TTA_ACTIVE views= 8 weight= 0.75 mean_abs_feat_delta= 0.229762\n"}
,{"stream_name":"stdout","time":2544.236375947,"data":"SECONDARY_EDGE_TTA_ACTIVE views= 8 weight= 0.75 mean_abs_feat_delta= 0.229762\n"}
,{"stream_name":"stdout","time":2544.34330252,"data":"SECONDARY_EDGE_TTA_ACTIVE views= 8 weight= 0.75 mean_abs_feat_delta= 0.208181\n"}
,{"stream_name":"stdout","time":2544.546057747,"data":"SECONDARY_EDGE_TTA_ACTIVE views= 8 weight= 0.75 mean_abs_feat_delta= 0.208181\n"}
,{"stream_name":"stdout","time":2545.066927232,"data":"EDGE_TTA_ACTIVE views= 8 mean_abs_feat_delta= 0.293061\n"}
,{"stream_name":"stdout","time":2545.269630799,"data":"EDGE_TTA_ACTIVE views= 8 mean_abs_feat_delta= 0.293061\n"}
,{"stream_name":"stdout","time":2545.51715071,"data":"EDGE_TTA_ACTIVE views= 8 mean_abs_feat_delta= 0.286361\n"}
,{"stream_name":"stdout","time":2545.719649214,"data":"EDGE_TTA_ACTIVE views= 8 mean_abs_feat_delta= 0.286361\n"}
,{"stream_name":"stdout","time":2546.028422888,"data":"SECONDARY_EDGE_TTA_ACTIVE views= 8 weight= 0.75 mean_abs_feat_delta= 0.232584\n"}
,{"stream_name":"stdout","time":2546.231284252,"data":"SECONDARY_EDGE_TTA_ACTIVE views= 8 weight= 0.75 mean_abs_feat_delta= 0.232584\n"}
,{"stream_name":"stdout","time":2546.494019281,"data":"SECONDARY_EDGE_TTA_ACTIVE views= 8 weight= 0.75 mean_abs_feat_delta= 0.20495\n"}
,{"stream_name":"stdout","time":2546.696430114,"data":"SECONDARY_EDGE_TTA_ACTIVE views= 8 weight= 0.75 mean_abs_feat_delta= 0.20495\n"}
,{"stream_name":"stdout","time":2547.102846433,"data":"EDGE_TTA_ACTIVE views= 8 mean_abs_feat_delta= 0.297154\n"}
,{"stream_name":"stdout","time":2547.305562058,"data":"EDGE_TTA_ACTIVE views= 8 mean_abs_feat_delta= 0.297154\n"}
,{"stream_name":"stdout","time":2547.605353502,"data":"EDGE_TTA_ACTIVE views= 8 mean_abs_feat_delta= 0.284801\n"}
,{"stream_name":"stdout","time":2547.807885122,"data":"EDGE_TTA_ACTIVE views= 8 mean_abs_feat_delta= 0.284801\n"}
,{"stream_name":"stdout","time":2548.066592369,"data":"SECONDARY_EDGE_TTA_ACTIVE views= 8 weight= 0.75 mean_abs_feat_delta= 0.235095\n"}
,{"stream_name":"stdout","time":2548.269062076,"data":"SECONDARY_EDGE_TTA_ACTIVE views= 8 weight= 0.75 mean_abs_feat_delta= 0.235095\n"}
,{"stream_name":"stdout","time":2548.587053983,"data":"SECONDARY_EDGE_TTA_ACTIVE views= 8 weight= 0.75 mean_abs_feat_delta= 0.212877\n"}
,{"stream_name":"stdout","time":2548.789881573,"data":"SECONDARY_EDGE_TTA_ACTIVE views= 8 weight= 0.75 mean_abs_feat_delta= 0.212877\n"}
,{"stream_name":"stdout","time":2549.10249333,"data":"EDGE_TTA_ACTIVE views= 8 mean_abs_feat_delta= 0.301446\n"}
,{"stream_name":"stdout","time":2549.305020505,"data":"EDGE_TTA_ACTIVE views= 8 mean_abs_feat_delta= 0.301446\n"}
,{"stream_name":"stdout","time":2549.779500851,"data":"EDGE_TTA_ACTIVE views= 8 mean_abs_feat_delta= 0.287875\n"}
,{"stream_name":"stdout","time":2549.982394495,"data":"EDGE_TTA_ACTIVE views= 8 mean_abs_feat_delta= 0.287875\n"}
,{"stream_name":"stdout","time":2550.066277192,"data":"SECONDARY_EDGE_TTA_ACTIVE views= 8 weight= 0.75 mean_abs_feat_delta= 0.235651\n"}
,{"stream_name":"stdout","time":2550.269409761,"data":"SECONDARY_EDGE_TTA_ACTIVE views= 8 weight= 0.75 mean_abs_feat_delta= 0.235651\n"}
,{"stream_name":"stdout","time":2550.770447993,"data":"SECONDARY_EDGE_TTA_ACTIVE views= 8 weight= 0.75 mean_abs_feat_delta= 0.207897\n"}
,{"stream_name":"stdout","time":2550.976744859,"data":"SECONDARY_EDGE_TTA_ACTIVE views= 8 weight= 0.75 mean_abs_feat_delta= 0.207897\n"}
,{"stream_name":"stdout","time":2551.115022734,"data":"EDGE_TTA_ACTIVE views= 8 mean_abs_feat_delta= 0.301117\n"}
,{"stream_name":"stdout","time":2551.317462964,"data":"EDGE_TTA_ACTIVE views= 8 mean_abs_feat_delta= 0.301117\n"}
,{"stream_name":"stdout","time":2551.917041208,"data":"EDGE_TTA_ACTIVE views= 8 mean_abs_feat_delta= 0.285114\n"}
,{"stream_name":"stdout","time":2552.079550327,"data":"SECONDARY_EDGE_TTA_ACTIVE views= 8 weight= 0.75 mean_abs_feat_delta= 0.235513\n"}
,{"stream_name":"stdout","time":2552.119920697,"data":"EDGE_TTA_ACTIVE views= 8 mean_abs_feat_delta= 0.285114\n"}
,{"stream_name":"stdout","time":2552.119950093,"data":"SECONDARY_EDGE_TTA_ACTIVE views= 8 weight= 0.75 mean_abs_feat_delta= 0.235513\n"}
,{"stream_name":"stdout","time":2552.908734644,"data":"SECONDARY_EDGE_TTA_ACTIVE views= 8 weight= 0.75 mean_abs_feat_delta= 0.205793\n"}
,{"stream_name":"stdout","time":2553.111831694,"data":"SECONDARY_EDGE_TTA_ACTIVE views= 8 weight= 0.75 mean_abs_feat_delta= 0.205793\n"}
,{"stream_name":"stdout","time":2553.113052509,"data":"EDGE_TTA_ACTIVE views= 8 mean_abs_feat_delta= 0.301563\n"}
,{"stream_name":"stdout","time":2553.315829682,"data":"EDGE_TTA_ACTIVE views= 8 mean_abs_feat_delta= 0.301563\n"}
,{"stream_name":"stdout","time":2554.049702931,"data":"EDGE_TTA_ACTIVE views= 8 mean_abs_feat_delta= 0.284821\n"}
,{"stream_name":"stdout","time":2554.073894132,"data":"SECONDARY_EDGE_TTA_ACTIVE views= 8 weight= 0.75 mean_abs_feat_delta= 0.22943\n"}
,{"stream_name":"stdout","time":2554.252262983,"data":"EDGE_TTA_ACTIVE views= 8 mean_abs_feat_delta= 0.284821\n"}
,{"stream_name":"stdout","time":2554.252325211,"data":"SECONDARY_EDGE_TTA_ACTIVE views= 8 weight= 0.75 mean_abs_feat_delta= 0.22943\n"}
,{"stream_name":"stdout","time":2555.04396488,"data":"SECONDARY_EDGE_TTA_ACTIVE views= 8 weight= 0.75 mean_abs_feat_delta= 0.210728\n"}
,{"stream_name":"stdout","time":2555.168293328,"data":"EDGE_TTA_ACTIVE views= 8 mean_abs_feat_delta= 0.298981\n"}
,{"stream_name":"stdout","time":2555.246532328,"data":"SECONDARY_EDGE_TTA_ACTIVE views= 8 weight= 0.75 mean_abs_feat_delta= 0.210728\n"}
,{"stream_name":"stdout","time":2555.246568169,"data":"EDGE_TTA_ACTIVE views= 8 mean_abs_feat_delta= 0.298981\n"}
,{"stream_name":"stdout","time":2556.133226879,"data":"SECONDARY_EDGE_TTA_ACTIVE views= 8 weight= 0.75 mean_abs_feat_delta= 0.231691\n"}
,{"stream_name":"stdout","time":2556.161700883,"data":"EDGE_TTA_ACTIVE views= 8 mean_abs_feat_delta= 0.287327\n"}
,{"stream_name":"stdout","time":2556.335877216,"data":"SECONDARY_EDGE_TTA_ACTIVE views= 8 weight= 0.75 mean_abs_feat_delta= 0.231691\n"}
,{"stream_name":"stdout","time":2556.335943903,"data":"EDGE_TTA_ACTIVE views= 8 mean_abs_feat_delta= 0.287327\n"}
,{"stream_name":"stdout","time":2557.159559146,"data":"SECONDARY_EDGE_TTA_ACTIVE views= 8 weight= 0.75 mean_abs_feat_delta= 0.208572\n"}
,{"stream_name":"stdout","time":2557.219109643,"data":"EDGE_TTA_ACTIVE views= 8 mean_abs_feat_delta= 0.297101\n"}
,{"stream_name":"stdout","time":2557.36208095,"data":"SECONDARY_EDGE_TTA_ACTIVE views= 8 weight= 0.75 mean_abs_feat_delta= 0.208572\n"}
,{"stream_name":"stdout","time":2557.36214486,"data":"EDGE_TTA_ACTIVE views= 8 mean_abs_feat_delta= 0.297101\n"}
,{"stream_name":"stdout","time":2558.186054019,"data":"SECONDARY_EDGE_TTA_ACTIVE views= 8 weight= 0.75 mean_abs_feat_delta= 0.23213\n"}
,{"stream_name":"stdout","time":2558.321980602,"data":"EDGE_TTA_ACTIVE views= 8 mean_abs_feat_delta= 0.285857\n"}
,{"stream_name":"stdout","time":2558.389150862,"data":"SECONDARY_EDGE_TTA_ACTIVE views= 8 weight= 0.75 mean_abs_feat_delta= 0.23213\n"}
,{"stream_name":"stdout","time":2558.389188498,"data":"EDGE_TTA_ACTIVE views= 8 mean_abs_feat_delta= 0.285857\n"}
,{"stream_name":"stdout","time":2559.319791011,"data":"SECONDARY_EDGE_TTA_ACTIVE views= 8 weight= 0.75 mean_abs_feat_delta= 0.20793\n"}
,{"stream_name":"stdout","time":2559.522789307,"data":"SECONDARY_EDGE_TTA_ACTIVE views= 8 weight= 0.75 mean_abs_feat_delta= 0.20793\n"}
,{"stream_name":"stdout","time":2560.543452656,"data":"EDGE_TTA_ACTIVE views= 8 mean_abs_feat_delta= 0.283107\n"}
,{"stream_name":"stdout","time":2560.74614079,"data":"EDGE_TTA_ACTIVE views= 8 mean_abs_feat_delta= 0.283107\n"}
,{"stream_name":"stdout","time":2561.542143013,"data":"SECONDARY_EDGE_TTA_ACTIVE views= 8 weight= 0.75 mean_abs_feat_delta= 0.21153\n"}
,{"stream_name":"stdout","time":2561.744857326,"data":"SECONDARY_EDGE_TTA_ACTIVE views= 8 weight= 0.75 mean_abs_feat_delta= 0.21153\n"}
,{"stream_name":"stdout","time":2562.704390479,"data":"EDGE_TTA_ACTIVE views= 8 mean_abs_feat_delta= 0.285156\n"}
,{"stream_name":"stdout","time":2562.907051633,"data":"EDGE_TTA_ACTIVE views= 8 mean_abs_feat_delta= 0.285156\n"}
,{"stream_name":"stdout","time":2563.66370373,"data":"EDGE_TTA_ACTIVE views= 8 mean_abs_feat_delta= 0.336571\n"}
,{"stream_name":"stdout","time":2563.698123141,"data":"SECONDARY_EDGE_TTA_ACTIVE views= 8 weight= 0.75 mean_abs_feat_delta= 0.215961\n"}
,{"stream_name":"stdout","time":2563.866765825,"data":"EDGE_TTA_ACTIVE views= 8 mean_abs_feat_delta= 0.336571\n"}
,{"stream_name":"stdout","time":2563.866803375,"data":"SECONDARY_EDGE_TTA_ACTIVE views= 8 weight= 0.75 mean_abs_feat_delta= 0.215961\n"}
,{"stream_name":"stdout","time":2564.612218731,"data":"SECONDARY_EDGE_TTA_ACTIVE views= 8 weight= 0.75 mean_abs_feat_delta= 0.261628\n"}
,{"stream_name":"stdout","time":2564.808377777,"data":"EDGE_TTA_ACTIVE views= 8 mean_abs_feat_delta= 0.281307\n"}
,{"stream_name":"stdout","time":2564.815203755,"data":"SECONDARY_EDGE_TTA_ACTIVE views= 8 weight= 0.75 mean_abs_feat_delta= 0.261628\n"}
,{"stream_name":"stdout","time":2564.815233104,"data":"EDGE_TTA_ACTIVE views= 8 mean_abs_feat_delta= 0.281307\n"}
,{"stream_name":"stdout","time":2565.672843605,"data":"EDGE_TTA_ACTIVE views= 8 mean_abs_feat_delta= 0.338746\n"}
,{"stream_name":"stdout","time":2565.792576799,"data":"SECONDARY_EDGE_TTA_ACTIVE views= 8 weight= 0.75 mean_abs_feat_delta= 0.210734\n"}
,{"stream_name":"stdout","time":2565.875536007,"data":"EDGE_TTA_ACTIVE views= 8 mean_abs_feat_delta= 0.338746\n"}
,{"stream_name":"stdout","time":2565.875586809,"data":"SECONDARY_EDGE_TTA_ACTIVE views= 8 weight= 0.75 mean_abs_feat_delta= 0.210734\n"}
,{"stream_name":"stdout","time":2566.625348847,"data":"SECONDARY_EDGE_TTA_ACTIVE views= 8 weight= 0.75 mean_abs_feat_delta= 0.259644\n"}
,{"stream_name":"stdout","time":2566.828087881,"data":"SECONDARY_EDGE_TTA_ACTIVE views= 8 weight= 0.75 mean_abs_feat_delta= 0.259644\n"}
,{"stream_name":"stdout","time":2566.912367903,"data":"EDGE_TTA_ACTIVE views= 8 mean_abs_feat_delta= 0.283345\n"}
,{"stream_name":"stdout","time":2567.115217304,"data":"EDGE_TTA_ACTIVE views= 8 mean_abs_feat_delta= 0.283345\n"}
,{"stream_name":"stdout","time":2567.657090053,"data":"EDGE_TTA_ACTIVE views= 8 mean_abs_feat_delta= 0.340952\n"}
,{"stream_name":"stdout","time":2567.898009004,"data":"SECONDARY_EDGE_TTA_ACTIVE views= 8 weight= 0.75 mean_abs_feat_delta= 0.210047\n"}
,{"stream_name":"stdout","time":2567.989445707,"data":"EDGE_TTA_ACTIVE views= 8 mean_abs_feat_delta= 0.340952\n"}
,{"stream_name":"stdout","time":2568.100361813,"data":"SECONDARY_EDGE_TTA_ACTIVE views= 8 weight= 0.75 mean_abs_feat_delta= 0.210047\n"}
,{"stream_name":"stdout","time":2568.609491472,"data":"SECONDARY_EDGE_TTA_ACTIVE views= 8 weight= 0.75 mean_abs_feat_delta= 0.260273\n"}
,{"stream_name":"stdout","time":2568.812679768,"data":"SECONDARY_EDGE_TTA_ACTIVE views= 8 weight= 0.75 mean_abs_feat_delta= 0.260273\n"}
,{"stream_name":"stdout","time":2569.031210616,"data":"EDGE_TTA_ACTIVE views= 8 mean_abs_feat_delta= 0.282739\n"}
,{"stream_name":"stdout","time":2569.233769927,"data":"EDGE_TTA_ACTIVE views= 8 mean_abs_feat_delta= 0.282739\n"}
,{"stream_name":"stdout","time":2569.672726471,"data":"EDGE_TTA_ACTIVE views= 8 mean_abs_feat_delta= 0.342027\n"}
,{"stream_name":"stdout","time":2569.875277972,"data":"EDGE_TTA_ACTIVE views= 8 mean_abs_feat_delta= 0.342027\n"}
,{"stream_name":"stdout","time":2570.005064586,"data":"SECONDARY_EDGE_TTA_ACTIVE views= 8 weight= 0.75 mean_abs_feat_delta= 0.208912\n"}
,{"stream_name":"stdout","time":2570.207659747,"data":"SECONDARY_EDGE_TTA_ACTIVE views= 8 weight= 0.75 mean_abs_feat_delta= 0.208912\n"}
,{"stream_name":"stdout","time":2570.626789742,"data":"SECONDARY_EDGE_TTA_ACTIVE views= 8 weight= 0.75 mean_abs_feat_delta= 0.259018\n"}
,{"stream_name":"stdout","time":2570.829474606,"data":"SECONDARY_EDGE_TTA_ACTIVE views= 8 weight= 0.75 mean_abs_feat_delta= 0.259018\n"}
,{"stream_name":"stdout","time":2571.136389741,"data":"EDGE_TTA_ACTIVE views= 8 mean_abs_feat_delta= 0.280872\n"}
,{"stream_name":"stdout","time":2571.33888292,"data":"EDGE_TTA_ACTIVE views= 8 mean_abs_feat_delta= 0.280872\n"}
,{"stream_name":"stdout","time":2571.678799559,"data":"EDGE_TTA_ACTIVE views= 8 mean_abs_feat_delta= 0.339705\n"}
,{"stream_name":"stdout","time":2571.881670045,"data":"EDGE_TTA_ACTIVE views= 8 mean_abs_feat_delta= 0.339705\n"}
,{"stream_name":"stdout","time":2572.109104472,"data":"SECONDARY_EDGE_TTA_ACTIVE views= 8 weight= 0.75 mean_abs_feat_delta= 0.208993\n"}
,{"stream_name":"stdout","time":2572.31163545,"data":"SECONDARY_EDGE_TTA_ACTIVE views= 8 weight= 0.75 mean_abs_feat_delta= 0.208993\n"}
,{"stream_name":"stdout","time":2572.634274538,"data":"SECONDARY_EDGE_TTA_ACTIVE views= 8 weight= 0.75 mean_abs_feat_delta= 0.260044\n"}
,{"stream_name":"stdout","time":2572.83687718,"data":"SECONDARY_EDGE_TTA_ACTIVE views= 8 weight= 0.75 mean_abs_feat_delta= 0.260044\n"}
,{"stream_name":"stdout","time":2573.2357053,"data":"EDGE_TTA_ACTIVE views= 8 mean_abs_feat_delta= 0.281118\n"}
,{"stream_name":"stdout","time":2573.438422778,"data":"EDGE_TTA_ACTIVE views= 8 mean_abs_feat_delta= 0.281118\n"}
,{"stream_name":"stdout","time":2573.718690524,"data":"EDGE_TTA_ACTIVE views= 8 mean_abs_feat_delta= 0.340104\n"}
,{"stream_name":"stdout","time":2573.920989618,"data":"EDGE_TTA_ACTIVE views= 8 mean_abs_feat_delta= 0.340104\n"}
,{"stream_name":"stdout","time":2574.210280528,"data":"SECONDARY_EDGE_TTA_ACTIVE views= 8 weight= 0.75 mean_abs_feat_delta= 0.20797\n"}
,{"stream_name":"stdout","time":2574.41269165,"data":"SECONDARY_EDGE_TTA_ACTIVE views= 8 weight= 0.75 mean_abs_feat_delta= 0.20797\n"}
,{"stream_name":"stdout","time":2574.676814203,"data":"SECONDARY_EDGE_TTA_ACTIVE views= 8 weight= 0.75 mean_abs_feat_delta= 0.260377\n"}
,{"stream_name":"stdout","time":2574.879673338,"data":"SECONDARY_EDGE_TTA_ACTIVE views= 8 weight= 0.75 mean_abs_feat_delta= 0.260377\n"}
,{"stream_name":"stdout","time":2575.300669537,"data":"EDGE_TTA_ACTIVE views= 8 mean_abs_feat_delta= 0.281355\n"}
,{"stream_name":"stdout","time":2575.503279885,"data":"EDGE_TTA_ACTIVE views= 8 mean_abs_feat_delta= 0.281355\n"}
,{"stream_name":"stdout","time":2575.751255129,"data":"EDGE_TTA_ACTIVE views= 8 mean_abs_feat_delta= 0.339763\n"}
,{"stream_name":"stdout","time":2575.95409899,"data":"EDGE_TTA_ACTIVE views= 8 mean_abs_feat_delta= 0.339763\n"}
,{"stream_name":"stdout","time":2576.275168024,"data":"SECONDARY_EDGE_TTA_ACTIVE views= 8 weight= 0.75 mean_abs_feat_delta= 0.209647\n"}
,{"stream_name":"stdout","time":2576.478115677,"data":"SECONDARY_EDGE_TTA_ACTIVE views= 8 weight= 0.75 mean_abs_feat_delta= 0.209647\n"}
,{"stream_name":"stdout","time":2576.712987576,"data":"SECONDARY_EDGE_TTA_ACTIVE views= 8 weight= 0.75 mean_abs_feat_delta= 0.258496\n"}
,{"stream_name":"stdout","time":2576.91534676,"data":"SECONDARY_EDGE_TTA_ACTIVE views= 8 weight= 0.75 mean_abs_feat_delta= 0.258496\n"}
,{"stream_name":"stdout","time":2577.396705633,"data":"EDGE_TTA_ACTIVE views= 8 mean_abs_feat_delta= 0.279058\n"}
,{"stream_name":"stdout","time":2577.599462988,"data":"EDGE_TTA_ACTIVE views= 8 mean_abs_feat_delta= 0.279058\n"}
,{"stream_name":"stdout","time":2577.786902558,"data":"EDGE_TTA_ACTIVE views= 8 mean_abs_feat_delta= 0.333526\n"}
,{"stream_name":"stdout","time":2577.989959819,"data":"EDGE_TTA_ACTIVE views= 8 mean_abs_feat_delta= 0.333526\n"}
,{"stream_name":"stdout","time":2578.368185191,"data":"SECONDARY_EDGE_TTA_ACTIVE views= 8 weight= 0.75 mean_abs_feat_delta= 0.209978\n"}
,{"stream_name":"stdout","time":2578.571438189,"data":"SECONDARY_EDGE_TTA_ACTIVE views= 8 weight= 0.75 mean_abs_feat_delta= 0.209978\n"}
,{"stream_name":"stdout","time":2578.751559854,"data":"SECONDARY_EDGE_TTA_ACTIVE views= 8 weight= 0.75 mean_abs_feat_delta= 0.255413\n"}
,{"stream_name":"stdout","time":2578.954107222,"data":"SECONDARY_EDGE_TTA_ACTIVE views= 8 weight= 0.75 mean_abs_feat_delta= 0.255413\n"}
,{"stream_name":"stdout","time":2579.501990724,"data":"EDGE_TTA_ACTIVE views= 8 mean_abs_feat_delta= 0.271242\n"}
,{"stream_name":"stdout","time":2579.704811479,"data":"EDGE_TTA_ACTIVE views= 8 mean_abs_feat_delta= 0.271242\n"}
,{"stream_name":"stdout","time":2579.851658532,"data":"EDGE_TTA_ACTIVE views= 8 mean_abs_feat_delta= 0.336952\n"}
,{"stream_name":"stdout","time":2580.054402948,"data":"EDGE_TTA_ACTIVE views= 8 mean_abs_feat_delta= 0.336952\n"}
,{"stream_name":"stdout","time":2580.472840702,"data":"SECONDARY_EDGE_TTA_ACTIVE views= 8 weight= 0.75 mean_abs_feat_delta= 0.226724\n"}
,{"stream_name":"stdout","time":2580.675068584,"data":"SECONDARY_EDGE_TTA_ACTIVE views= 8 weight= 0.75 mean_abs_feat_delta= 0.226724\n"}
,{"stream_name":"stdout","time":2580.818057718,"data":"SECONDARY_EDGE_TTA_ACTIVE views= 8 weight= 0.75 mean_abs_feat_delta= 0.252694\n"}
,{"stream_name":"stdout","time":2581.020955752,"data":"SECONDARY_EDGE_TTA_ACTIVE views= 8 weight= 0.75 mean_abs_feat_delta= 0.252694\n"}
,{"stream_name":"stdout","time":2581.564608788,"data":"EDGE_TTA_ACTIVE views= 8 mean_abs_feat_delta= 0.278583\n"}
,{"stream_name":"stdout","time":2581.766995249,"data":"EDGE_TTA_ACTIVE views= 8 mean_abs_feat_delta= 0.278583\n"}
,{"stream_name":"stdout","time":2581.921951964,"data":"EDGE_TTA_ACTIVE views= 8 mean_abs_feat_delta= 0.345093\n"}
,{"stream_name":"stdout","time":2582.124711937,"data":"EDGE_TTA_ACTIVE views= 8 mean_abs_feat_delta= 0.345093\n"}
,{"stream_name":"stdout","time":2582.536788482,"data":"SECONDARY_EDGE_TTA_ACTIVE views= 8 weight= 0.75 mean_abs_feat_delta= 0.212438\n"}
,{"stream_name":"stdout","time":2582.739683085,"data":"SECONDARY_EDGE_TTA_ACTIVE views= 8 weight= 0.75 mean_abs_feat_delta= 0.212438\n"}
,{"stream_name":"stdout","time":2582.894265727,"data":"SECONDARY_EDGE_TTA_ACTIVE views= 8 weight= 0.75 mean_abs_feat_delta= 0.256998\n"}
,{"stream_name":"stdout","time":2583.096836526,"data":"SECONDARY_EDGE_TTA_ACTIVE views= 8 weight= 0.75 mean_abs_feat_delta= 0.256998\n"}
,{"stream_name":"stdout","time":2583.627199177,"data":"EDGE_TTA_ACTIVE views= 8 mean_abs_feat_delta= 0.280712\n"}
,{"stream_name":"stdout","time":2583.829914586,"data":"EDGE_TTA_ACTIVE views= 8 mean_abs_feat_delta= 0.280712\n"}
,{"stream_name":"stdout","time":2583.987836898,"data":"EDGE_TTA_ACTIVE views= 8 mean_abs_feat_delta= 0.34152\n"}
,{"stream_name":"stdout","time":2584.190623958,"data":"EDGE_TTA_ACTIVE views= 8 mean_abs_feat_delta= 0.34152\n"}
,{"stream_name":"stdout","time":2584.595345349,"data":"SECONDARY_EDGE_TTA_ACTIVE views= 8 weight= 0.75 mean_abs_feat_delta= 0.217052\n"}
,{"stream_name":"stdout","time":2584.797942034,"data":"SECONDARY_EDGE_TTA_ACTIVE views= 8 weight= 0.75 mean_abs_feat_delta= 0.217052\n"}
,{"stream_name":"stdout","time":2584.962746319,"data":"SECONDARY_EDGE_TTA_ACTIVE views= 8 weight= 0.75 mean_abs_feat_delta= 0.260222\n"}
,{"stream_name":"stdout","time":2585.165627623,"data":"SECONDARY_EDGE_TTA_ACTIVE views= 8 weight= 0.75 mean_abs_feat_delta= 0.260222\n"}
,{"stream_name":"stdout","time":2585.684864642,"data":"EDGE_TTA_ACTIVE views= 8 mean_abs_feat_delta= 0.281412\n"}
,{"stream_name":"stdout","time":2585.887683242,"data":"EDGE_TTA_ACTIVE views= 8 mean_abs_feat_delta= 0.281412\n"}
,{"stream_name":"stdout","time":2586.014851822,"data":"EDGE_TTA_ACTIVE views= 8 mean_abs_feat_delta= 0.341151\n"}
,{"stream_name":"stdout","time":2586.217376386,"data":"EDGE_TTA_ACTIVE views= 8 mean_abs_feat_delta= 0.341151\n"}
,{"stream_name":"stdout","time":2586.649159821,"data":"SECONDARY_EDGE_TTA_ACTIVE views= 8 weight= 0.75 mean_abs_feat_delta= 0.214047\n"}
,{"stream_name":"stdout","time":2586.851898334,"data":"SECONDARY_EDGE_TTA_ACTIVE views= 8 weight= 0.75 mean_abs_feat_delta= 0.214047\n"}
,{"stream_name":"stdout","time":2586.986813443,"data":"SECONDARY_EDGE_TTA_ACTIVE views= 8 weight= 0.75 mean_abs_feat_delta= 0.264548\n"}
,{"stream_name":"stdout","time":2587.189691335,"data":"SECONDARY_EDGE_TTA_ACTIVE views= 8 weight= 0.75 mean_abs_feat_delta= 0.264548\n"}
,{"stream_name":"stdout","time":2587.759228734,"data":"EDGE_TTA_ACTIVE views= 8 mean_abs_feat_delta= 0.283284\n"}
,{"stream_name":"stdout","time":2587.962056397,"data":"EDGE_TTA_ACTIVE views= 8 mean_abs_feat_delta= 0.283284\n"}
,{"stream_name":"stdout","time":2588.074181211,"data":"EDGE_TTA_ACTIVE views= 8 mean_abs_feat_delta= 0.34019\n"}
,{"stream_name":"stdout","time":2588.277207366,"data":"EDGE_TTA_ACTIVE views= 8 mean_abs_feat_delta= 0.34019\n"}
,{"stream_name":"stdout","time":2588.71640893,"data":"SECONDARY_EDGE_TTA_ACTIVE views= 8 weight= 0.75 mean_abs_feat_delta= 0.208668\n"}
,{"stream_name":"stdout","time":2588.919314249,"data":"SECONDARY_EDGE_TTA_ACTIVE views= 8 weight= 0.75 mean_abs_feat_delta= 0.208668\n"}
,{"stream_name":"stdout","time":2589.049093301,"data":"SECONDARY_EDGE_TTA_ACTIVE views= 8 weight= 0.75 mean_abs_feat_delta= 0.26289\n"}
,{"stream_name":"stdout","time":2589.251915152,"data":"SECONDARY_EDGE_TTA_ACTIVE views= 8 weight= 0.75 mean_abs_feat_delta= 0.26289\n"}
,{"stream_name":"stdout","time":2589.824685515,"data":"EDGE_TTA_ACTIVE views= 8 mean_abs_feat_delta= 0.285807\n"}
,{"stream_name":"stdout","time":2590.02759557,"data":"EDGE_TTA_ACTIVE views= 8 mean_abs_feat_delta= 0.285807\n"}
,{"stream_name":"stdout","time":2590.124308677,"data":"EDGE_TTA_ACTIVE views= 8 mean_abs_feat_delta= 0.344388\n"}
,{"stream_name":"stdout","time":2590.32725754,"data":"EDGE_TTA_ACTIVE views= 8 mean_abs_feat_delta= 0.344388\n"}
,{"stream_name":"stdout","time":2590.78188989,"data":"SECONDARY_EDGE_TTA_ACTIVE views= 8 weight= 0.75 mean_abs_feat_delta= 0.210105\n"}
,{"stream_name":"stdout","time":2590.984899622,"data":"SECONDARY_EDGE_TTA_ACTIVE views= 8 weight= 0.75 mean_abs_feat_delta= 0.210105\n"}
,{"stream_name":"stdout","time":2591.096014877,"data":"SECONDARY_EDGE_TTA_ACTIVE views= 8 weight= 0.75 mean_abs_feat_delta= 0.257635\n"}
,{"stream_name":"stdout","time":2591.298573705,"data":"SECONDARY_EDGE_TTA_ACTIVE views= 8 weight= 0.75 mean_abs_feat_delta= 0.257635\n"}
,{"stream_name":"stdout","time":2591.857387571,"data":"EDGE_TTA_ACTIVE views= 8 mean_abs_feat_delta= 0.284166\n"}
,{"stream_name":"stdout","time":2592.05986388,"data":"EDGE_TTA_ACTIVE views= 8 mean_abs_feat_delta= 0.284166\n"}
,{"stream_name":"stdout","time":2592.165822672,"data":"EDGE_TTA_ACTIVE views= 8 mean_abs_feat_delta= 0.343422\n"}
,{"stream_name":"stdout","time":2592.368558493,"data":"EDGE_TTA_ACTIVE views= 8 mean_abs_feat_delta= 0.343422\n"}
,{"stream_name":"stdout","time":2592.82116247,"data":"SECONDARY_EDGE_TTA_ACTIVE views= 8 weight= 0.75 mean_abs_feat_delta= 0.213564\n"}
,{"stream_name":"stdout","time":2593.025815399,"data":"SECONDARY_EDGE_TTA_ACTIVE views= 8 weight= 0.75 mean_abs_feat_delta= 0.213564\n"}
,{"stream_name":"stdout","time":2593.140164664,"data":"SECONDARY_EDGE_TTA_ACTIVE views= 8 weight= 0.75 mean_abs_feat_delta= 0.25605\n"}
,{"stream_name":"stdout","time":2593.342815254,"data":"SECONDARY_EDGE_TTA_ACTIVE views= 8 weight= 0.75 mean_abs_feat_delta= 0.25605\n"}
,{"stream_name":"stdout","time":2593.960184852,"data":"EDGE_TTA_ACTIVE views= 8 mean_abs_feat_delta= 0.284946\n"}
,{"stream_name":"stdout","time":2594.162961506,"data":"EDGE_TTA_ACTIVE views= 8 mean_abs_feat_delta= 0.284946\n"}
,{"stream_name":"stdout","time":2594.252587057,"data":"EDGE_TTA_ACTIVE views= 8 mean_abs_feat_delta= 0.340401\n"}
,{"stream_name":"stdout","time":2594.455268836,"data":"EDGE_TTA_ACTIVE views= 8 mean_abs_feat_delta= 0.340401\n"}
,{"stream_name":"stdout","time":2594.914692634,"data":"SECONDARY_EDGE_TTA_ACTIVE views= 8 weight= 0.75 mean_abs_feat_delta= 0.21043\n"}
,{"stream_name":"stdout","time":2595.11787964,"data":"SECONDARY_EDGE_TTA_ACTIVE views= 8 weight= 0.75 mean_abs_feat_delta= 0.21043\n"}
,{"stream_name":"stdout","time":2595.225248833,"data":"SECONDARY_EDGE_TTA_ACTIVE views= 8 weight= 0.75 mean_abs_feat_delta= 0.261539\n"}
,{"stream_name":"stdout","time":2595.428087369,"data":"SECONDARY_EDGE_TTA_ACTIVE views= 8 weight= 0.75 mean_abs_feat_delta= 0.261539\n"}
,{"stream_name":"stdout","time":2596.04283013,"data":"EDGE_TTA_ACTIVE views= 8 mean_abs_feat_delta= 0.277939\n"}
,{"stream_name":"stdout","time":2596.245460914,"data":"EDGE_TTA_ACTIVE views= 8 mean_abs_feat_delta= 0.277939\n"}
,{"stream_name":"stdout","time":2596.334185735,"data":"EDGE_TTA_ACTIVE views= 8 mean_abs_feat_delta= 0.339951\n"}
,{"stream_name":"stdout","time":2596.537149952,"data":"EDGE_TTA_ACTIVE views= 8 mean_abs_feat_delta= 0.339951\n"}
,{"stream_name":"stdout","time":2596.998562684,"data":"SECONDARY_EDGE_TTA_ACTIVE views= 8 weight= 0.75 mean_abs_feat_delta= 0.224605\n"}
,{"stream_name":"stdout","time":2597.203614854,"data":"SECONDARY_EDGE_TTA_ACTIVE views= 8 weight= 0.75 mean_abs_feat_delta= 0.224605\n"}
,{"stream_name":"stdout","time":2597.301463881,"data":"SECONDARY_EDGE_TTA_ACTIVE views= 8 weight= 0.75 mean_abs_feat_delta= 0.262505\n"}
,{"stream_name":"stdout","time":2597.50411941,"data":"SECONDARY_EDGE_TTA_ACTIVE views= 8 weight= 0.75 mean_abs_feat_delta= 0.262505\n"}
,{"stream_name":"stdout","time":2598.130231499,"data":"EDGE_TTA_ACTIVE views= 8 mean_abs_feat_delta= 0.282273\n"}
,{"stream_name":"stdout","time":2598.40453724,"data":"EDGE_TTA_ACTIVE views= 8 mean_abs_feat_delta= 0.34749\n"}
,{"stream_name":"stdout","time":2598.466071002,"data":"EDGE_TTA_ACTIVE views= 8 mean_abs_feat_delta= 0.282273\n"}
,{"stream_name":"stdout","time":2598.607347647,"data":"EDGE_TTA_ACTIVE views= 8 mean_abs_feat_delta= 0.34749\n"}
,{"stream_name":"stdout","time":2599.085479222,"data":"SECONDARY_EDGE_TTA_ACTIVE views= 8 weight= 0.75 mean_abs_feat_delta= 0.210253\n"}
,{"stream_name":"stdout","time":2599.287885303,"data":"SECONDARY_EDGE_TTA_ACTIVE views= 8 weight= 0.75 mean_abs_feat_delta= 0.210253\n"}
,{"stream_name":"stdout","time":2599.368443665,"data":"SECONDARY_EDGE_TTA_ACTIVE views= 8 weight= 0.75 mean_abs_feat_delta= 0.261831\n"}
,{"stream_name":"stdout","time":2599.570932781,"data":"SECONDARY_EDGE_TTA_ACTIVE views= 8 weight= 0.75 mean_abs_feat_delta= 0.261831\n"}
,{"stream_name":"stdout","time":2600.18466217,"data":"EDGE_TTA_ACTIVE views= 8 mean_abs_feat_delta= 0.284153\n"}
,{"stream_name":"stdout","time":2600.387285001,"data":"EDGE_TTA_ACTIVE views= 8 mean_abs_feat_delta= 0.284153\n"}
,{"stream_name":"stdout","time":2600.448829282,"data":"EDGE_TTA_ACTIVE views= 8 mean_abs_feat_delta= 0.348728\n"}
,{"stream_name":"stdout","time":2600.651551764,"data":"EDGE_TTA_ACTIVE views= 8 mean_abs_feat_delta= 0.348728\n"}
,{"stream_name":"stdout","time":2601.139276997,"data":"SECONDARY_EDGE_TTA_ACTIVE views= 8 weight= 0.75 mean_abs_feat_delta= 0.217533\n"}
,{"stream_name":"stdout","time":2601.342389018,"data":"SECONDARY_EDGE_TTA_ACTIVE views= 8 weight= 0.75 mean_abs_feat_delta= 0.217533\n"}
,{"stream_name":"stdout","time":2601.412175381,"data":"SECONDARY_EDGE_TTA_ACTIVE views= 8 weight= 0.75 mean_abs_feat_delta= 0.264817\n"}
,{"stream_name":"stdout","time":2601.61464155,"data":"SECONDARY_EDGE_TTA_ACTIVE views= 8 weight= 0.75 mean_abs_feat_delta= 0.264817\n"}
,{"stream_name":"stdout","time":2602.216160766,"data":"EDGE_TTA_ACTIVE views= 8 mean_abs_feat_delta= 0.284297\n"}
,{"stream_name":"stdout","time":2602.418714988,"data":"EDGE_TTA_ACTIVE views= 8 mean_abs_feat_delta= 0.284297\n"}
,{"stream_name":"stdout","time":2602.513961926,"data":"EDGE_TTA_ACTIVE views= 8 mean_abs_feat_delta= 0.348915\n"}
,{"stream_name":"stdout","time":2602.716259133,"data":"EDGE_TTA_ACTIVE views= 8 mean_abs_feat_delta= 0.348915\n"}
,{"stream_name":"stdout","time":2603.170310756,"data":"SECONDARY_EDGE_TTA_ACTIVE views= 8 weight= 0.75 mean_abs_feat_delta= 0.215734\n"}
,{"stream_name":"stdout","time":2603.372452165,"data":"SECONDARY_EDGE_TTA_ACTIVE views= 8 weight= 0.75 mean_abs_feat_delta= 0.215734\n"}
,{"stream_name":"stdout","time":2603.474723411,"data":"SECONDARY_EDGE_TTA_ACTIVE views= 8 weight= 0.75 mean_abs_feat_delta= 0.26002\n"}
,{"stream_name":"stdout","time":2603.677372495,"data":"SECONDARY_EDGE_TTA_ACTIVE views= 8 weight= 0.75 mean_abs_feat_delta= 0.26002\n"}
,{"stream_name":"stdout","time":2604.310576052,"data":"EDGE_TTA_ACTIVE views= 8 mean_abs_feat_delta= 0.276563\n"}
,{"stream_name":"stdout","time":2604.513412228,"data":"EDGE_TTA_ACTIVE views= 8 mean_abs_feat_delta= 0.276563\n"}
,{"stream_name":"stdout","time":2604.556596994,"data":"EDGE_TTA_ACTIVE views= 8 mean_abs_feat_delta= 0.34756\n"}
,{"stream_name":"stdout","time":2604.760453605,"data":"EDGE_TTA_ACTIVE views= 8 mean_abs_feat_delta= 0.34756\n"}
,{"stream_name":"stdout","time":2605.263982049,"data":"SECONDARY_EDGE_TTA_ACTIVE views= 8 weight= 0.75 mean_abs_feat_delta= 0.199979\n"}
,{"stream_name":"stdout","time":2605.46654704,"data":"SECONDARY_EDGE_TTA_ACTIVE views= 8 weight= 0.75 mean_abs_feat_delta= 0.199979\n"}
,{"stream_name":"stdout","time":2605.517595811,"data":"SECONDARY_EDGE_TTA_ACTIVE views= 8 weight= 0.75 mean_abs_feat_delta= 0.259113\n"}
,{"stream_name":"stdout","time":2605.720069656,"data":"SECONDARY_EDGE_TTA_ACTIVE views= 8 weight= 0.75 mean_abs_feat_delta= 0.259113\n"}
,{"stream_name":"stdout","time":2606.368318209,"data":"EDGE_TTA_ACTIVE views= 8 mean_abs_feat_delta= 0.277027\n"}
,{"stream_name":"stdout","time":2606.560031198,"data":"EDGE_TTA_ACTIVE views= 8 mean_abs_feat_delta= 0.341564\n"}
,{"stream_name":"stdout","time":2606.571027408,"data":"EDGE_TTA_ACTIVE views= 8 mean_abs_feat_delta= 0.277027\n"}
,{"stream_name":"stdout","time":2606.5710507,"data":"EDGE_TTA_ACTIVE views= 8 mean_abs_feat_delta= 0.341564\n"}
,{"stream_name":"stdout","time":2607.322599727,"data":"SECONDARY_EDGE_TTA_ACTIVE views= 8 weight= 0.75 mean_abs_feat_delta= 0.196398\n"}
,{"stream_name":"stdout","time":2607.525544975,"data":"SECONDARY_EDGE_TTA_ACTIVE views= 8 weight= 0.75 mean_abs_feat_delta= 0.257712\n"}
,{"stream_name":"stdout","time":2607.525586084,"data":"SECONDARY_EDGE_TTA_ACTIVE views= 8 weight= 0.75 mean_abs_feat_delta= 0.196398\n"}
,{"stream_name":"stdout","time":2607.727983859,"data":"SECONDARY_EDGE_TTA_ACTIVE views= 8 weight= 0.75 mean_abs_feat_delta= 0.257712\n"}
,{"stream_name":"stdout","time":2608.523307255,"data":"EDGE_TTA_ACTIVE views= 8 mean_abs_feat_delta= 0.279545\n"}
,{"stream_name":"stdout","time":2608.615787688,"data":"EDGE_TTA_ACTIVE views= 8 mean_abs_feat_delta= 0.339453\n"}
,{"stream_name":"stdout","time":2608.725807653,"data":"EDGE_TTA_ACTIVE views= 8 mean_abs_feat_delta= 0.279545\n"}
,{"stream_name":"stdout","time":2608.725858784,"data":"EDGE_TTA_ACTIVE views= 8 mean_abs_feat_delta= 0.339453\n"}
,{"stream_name":"stdout","time":2609.478813796,"data":"SECONDARY_EDGE_TTA_ACTIVE views= 8 weight= 0.75 mean_abs_feat_delta= 0.207084\n"}
,{"stream_name":"stdout","time":2609.575819475,"data":"SECONDARY_EDGE_TTA_ACTIVE views= 8 weight= 0.75 mean_abs_feat_delta= 0.252306\n"}
,{"stream_name":"stdout","time":2609.681348541,"data":"SECONDARY_EDGE_TTA_ACTIVE views= 8 weight= 0.75 mean_abs_feat_delta= 0.207084\n"}
,{"stream_name":"stdout","time":2609.681387019,"data":"SECONDARY_EDGE_TTA_ACTIVE views= 8 weight= 0.75 mean_abs_feat_delta= 0.252306\n"}
,{"stream_name":"stdout","time":2610.617663704,"data":"EDGE_TTA_ACTIVE views= 8 mean_abs_feat_delta= 0.281065\n"}
,{"stream_name":"stdout","time":2610.672208739,"data":"EDGE_TTA_ACTIVE views= 8 mean_abs_feat_delta= 0.34454\n"}
,{"stream_name":"stdout","time":2610.820699402,"data":"EDGE_TTA_ACTIVE views= 8 mean_abs_feat_delta= 0.281065\n"}
,{"stream_name":"stdout","time":2610.820787647,"data":"EDGE_TTA_ACTIVE views= 8 mean_abs_feat_delta= 0.34454\n"}
,{"stream_name":"stdout","time":2611.574632462,"data":"SECONDARY_EDGE_TTA_ACTIVE views= 8 weight= 0.75 mean_abs_feat_delta= 0.207082\n"}
,{"stream_name":"stdout","time":2611.639467807,"data":"SECONDARY_EDGE_TTA_ACTIVE views= 8 weight= 0.75 mean_abs_feat_delta= 0.251268\n"}
,{"stream_name":"stdout","time":2611.777339137,"data":"SECONDARY_EDGE_TTA_ACTIVE views= 8 weight= 0.75 mean_abs_feat_delta= 0.207082\n"}
,{"stream_name":"stdout","time":2611.777459626,"data":"SECONDARY_EDGE_TTA_ACTIVE views= 8 weight= 0.75 mean_abs_feat_delta= 0.251268\n"}
,{"stream_name":"stdout","time":2612.664432367,"data":"EDGE_TTA_ACTIVE views= 8 mean_abs_feat_delta= 0.285064\n"}
,{"stream_name":"stdout","time":2612.687538486,"data":"EDGE_TTA_ACTIVE views= 8 mean_abs_feat_delta= 0.34235\n"}
,{"stream_name":"stdout","time":2612.867148964,"data":"EDGE_TTA_ACTIVE views= 8 mean_abs_feat_delta= 0.285064\n"}
,{"stream_name":"stdout","time":2612.867183004,"data":"EDGE_TTA_ACTIVE views= 8 mean_abs_feat_delta= 0.34235\n"}
,{"stream_name":"stdout","time":2613.623445087,"data":"SECONDARY_EDGE_TTA_ACTIVE views= 8 weight= 0.75 mean_abs_feat_delta= 0.211819\n"}
,{"stream_name":"stdout","time":2613.652594362,"data":"SECONDARY_EDGE_TTA_ACTIVE views= 8 weight= 0.75 mean_abs_feat_delta= 0.248744\n"}
,{"stream_name":"stdout","time":2613.826698725,"data":"SECONDARY_EDGE_TTA_ACTIVE views= 8 weight= 0.75 mean_abs_feat_delta= 0.211819\n"}
,{"stream_name":"stdout","time":2613.826738401,"data":"SECONDARY_EDGE_TTA_ACTIVE views= 8 weight= 0.75 mean_abs_feat_delta= 0.248744\n"}
,{"stream_name":"stdout","time":2614.701608275,"data":"EDGE_TTA_ACTIVE views= 8 mean_abs_feat_delta= 0.339835\n"}
,{"stream_name":"stdout","time":2614.763037149,"data":"EDGE_TTA_ACTIVE views= 8 mean_abs_feat_delta= 0.284192\n"}
,{"stream_name":"stdout","time":2614.904288743,"data":"EDGE_TTA_ACTIVE views= 8 mean_abs_feat_delta= 0.339835\n"}
,{"stream_name":"stdout","time":2614.904323832,"data":"EDGE_TTA_ACTIVE views= 8 mean_abs_feat_delta= 0.284192\n"}
,{"stream_name":"stdout","time":2615.664575704,"data":"SECONDARY_EDGE_TTA_ACTIVE views= 8 weight= 0.75 mean_abs_feat_delta= 0.250506\n"}
,{"stream_name":"stdout","time":2615.721189641,"data":"SECONDARY_EDGE_TTA_ACTIVE views= 8 weight= 0.75 mean_abs_feat_delta= 0.210743\n"}
,{"stream_name":"stdout","time":2615.86666076,"data":"SECONDARY_EDGE_TTA_ACTIVE views= 8 weight= 0.75 mean_abs_feat_delta= 0.250506\n"}
,{"stream_name":"stdout","time":2615.86669909,"data":"SECONDARY_EDGE_TTA_ACTIVE views= 8 weight= 0.75 mean_abs_feat_delta= 0.210743\n"}
,{"stream_name":"stdout","time":2616.73181377,"data":"EDGE_TTA_ACTIVE views= 8 mean_abs_feat_delta= 0.343666\n"}
,{"stream_name":"stdout","time":2616.830966769,"data":"EDGE_TTA_ACTIVE views= 8 mean_abs_feat_delta= 0.28167\n"}
,{"stream_name":"stdout","time":2616.934367973,"data":"EDGE_TTA_ACTIVE views= 8 mean_abs_feat_delta= 0.343666\n"}
,{"stream_name":"stdout","time":2616.934406622,"data":"EDGE_TTA_ACTIVE views= 8 mean_abs_feat_delta= 0.28167\n"}
,{"stream_name":"stdout","time":2617.691825252,"data":"SECONDARY_EDGE_TTA_ACTIVE views= 8 weight= 0.75 mean_abs_feat_delta= 0.249242\n"}
,{"stream_name":"stdout","time":2617.791626944,"data":"SECONDARY_EDGE_TTA_ACTIVE views= 8 weight= 0.75 mean_abs_feat_delta= 0.20555\n"}
,{"stream_name":"stdout","time":2617.893637177,"data":"SECONDARY_EDGE_TTA_ACTIVE views= 8 weight= 0.75 mean_abs_feat_delta= 0.249242\n"}
,{"stream_name":"stdout","time":2617.893675565,"data":"SECONDARY_EDGE_TTA_ACTIVE views= 8 weight= 0.75 mean_abs_feat_delta= 0.20555\n"}
,{"stream_name":"stdout","time":2618.769974633,"data":"EDGE_TTA_ACTIVE views= 8 mean_abs_feat_delta= 0.345266\n"}
,{"stream_name":"stdout","time":2618.919310941,"data":"EDGE_TTA_ACTIVE views= 8 mean_abs_feat_delta= 0.28237\n"}
,{"stream_name":"stdout","time":2618.972796289,"data":"EDGE_TTA_ACTIVE views= 8 mean_abs_feat_delta= 0.345266\n"}
,{"stream_name":"stdout","time":2618.972858558,"data":"EDGE_TTA_ACTIVE views= 8 mean_abs_feat_delta= 0.28237\n"}
,{"stream_name":"stdout","time":2619.728550445,"data":"SECONDARY_EDGE_TTA_ACTIVE views= 8 weight= 0.75 mean_abs_feat_delta= 0.252993\n"}
,{"stream_name":"stdout","time":2619.876680692,"data":"SECONDARY_EDGE_TTA_ACTIVE views= 8 weight= 0.75 mean_abs_feat_delta= 0.204003\n"}
,{"stream_name":"stdout","time":2619.931313807,"data":"SECONDARY_EDGE_TTA_ACTIVE views= 8 weight= 0.75 mean_abs_feat_delta= 0.252993\n"}
,{"stream_name":"stdout","time":2619.931389532,"data":"SECONDARY_EDGE_TTA_ACTIVE views= 8 weight= 0.75 mean_abs_feat_delta= 0.204003\n"}
,{"stream_name":"stdout","time":2620.828661128,"data":"EDGE_TTA_ACTIVE views= 8 mean_abs_feat_delta= 0.347232\n"}
,{"stream_name":"stdout","time":2621.006551145,"data":"EDGE_TTA_ACTIVE views= 8 mean_abs_feat_delta= 0.282802\n"}
,{"stream_name":"stdout","time":2621.03391218,"data":"EDGE_TTA_ACTIVE views= 8 mean_abs_feat_delta= 0.347232\n"}
,{"stream_name":"stdout","time":2621.033935546,"data":"EDGE_TTA_ACTIVE views= 8 mean_abs_feat_delta= 0.282802\n"}
,{"stream_name":"stdout","time":2621.789351817,"data":"SECONDARY_EDGE_TTA_ACTIVE views= 8 weight= 0.75 mean_abs_feat_delta= 0.255776\n"}
,{"stream_name":"stdout","time":2621.96710071,"data":"SECONDARY_EDGE_TTA_ACTIVE views= 8 weight= 0.75 mean_abs_feat_delta= 0.206577\n"}
,{"stream_name":"stdout","time":2621.992020724,"data":"SECONDARY_EDGE_TTA_ACTIVE views= 8 weight= 0.75 mean_abs_feat_delta= 0.255776\n"}
,{"stream_name":"stdout","time":2621.992045683,"data":"SECONDARY_EDGE_TTA_ACTIVE views= 8 weight= 0.75 mean_abs_feat_delta= 0.206577\n"}
,{"stream_name":"stdout","time":2622.873475029,"data":"EDGE_TTA_ACTIVE views= 8 mean_abs_feat_delta= 0.344073\n"}
,{"stream_name":"stdout","time":2623.076581761,"data":"EDGE_TTA_ACTIVE views= 8 mean_abs_feat_delta= 0.344073\n"}
,{"stream_name":"stdout","time":2623.094259008,"data":"EDGE_TTA_ACTIVE views= 8 mean_abs_feat_delta= 0.285432\n"}
,{"stream_name":"stdout","time":2623.297472052,"data":"EDGE_TTA_ACTIVE views= 8 mean_abs_feat_delta= 0.285432\n"}
,{"stream_name":"stdout","time":2623.84222663,"data":"SECONDARY_EDGE_TTA_ACTIVE views= 8 weight= 0.75 mean_abs_feat_delta= 0.255242\n"}
,{"stream_name":"stdout","time":2624.044899852,"data":"SECONDARY_EDGE_TTA_ACTIVE views= 8 weight= 0.75 mean_abs_feat_delta= 0.255242\n"}
,{"stream_name":"stdout","time":2624.060742202,"data":"SECONDARY_EDGE_TTA_ACTIVE views= 8 weight= 0.75 mean_abs_feat_delta= 0.21238\n"}
,{"stream_name":"stdout","time":2624.263270283,"data":"SECONDARY_EDGE_TTA_ACTIVE views= 8 weight= 0.75 mean_abs_feat_delta= 0.21238\n"}
,{"stream_name":"stdout","time":2624.949597092,"data":"EDGE_TTA_ACTIVE views= 8 mean_abs_feat_delta= 0.342224\n"}
,{"stream_name":"stdout","time":2625.152299542,"data":"EDGE_TTA_ACTIVE views= 8 mean_abs_feat_delta= 0.342224\n"}
,{"stream_name":"stdout","time":2625.20885122,"data":"EDGE_TTA_ACTIVE views= 8 mean_abs_feat_delta= 0.281029\n"}
,{"stream_name":"stdout","time":2625.411336726,"data":"EDGE_TTA_ACTIVE views= 8 mean_abs_feat_delta= 0.281029\n"}
,{"stream_name":"stdout","time":2625.912012713,"data":"SECONDARY_EDGE_TTA_ACTIVE views= 8 weight= 0.75 mean_abs_feat_delta= 0.2511\n"}
,{"stream_name":"stdout","time":2626.114583385,"data":"SECONDARY_EDGE_TTA_ACTIVE views= 8 weight= 0.75 mean_abs_feat_delta= 0.2511\n"}
,{"stream_name":"stdout","time":2626.178032475,"data":"SECONDARY_EDGE_TTA_ACTIVE views= 8 weight= 0.75 mean_abs_feat_delta= 0.217798\n"}
,{"stream_name":"stdout","time":2626.380767289,"data":"SECONDARY_EDGE_TTA_ACTIVE views= 8 weight= 0.75 mean_abs_feat_delta= 0.217798\n"}
,{"stream_name":"stdout","time":2627.025360143,"data":"EDGE_TTA_ACTIVE views= 8 mean_abs_feat_delta= 0.340766\n"}
,{"stream_name":"stdout","time":2627.227508815,"data":"EDGE_TTA_ACTIVE views= 8 mean_abs_feat_delta= 0.340766\n"}
,{"stream_name":"stdout","time":2627.326350988,"data":"EDGE_TTA_ACTIVE views= 8 mean_abs_feat_delta= 0.272919\n"}
,{"stream_name":"stdout","time":2627.52891699,"data":"EDGE_TTA_ACTIVE views= 8 mean_abs_feat_delta= 0.272919\n"}
,{"stream_name":"stdout","time":2627.983058373,"data":"SECONDARY_EDGE_TTA_ACTIVE views= 8 weight= 0.75 mean_abs_feat_delta= 0.249793\n"}
,{"stream_name":"stdout","time":2628.185691172,"data":"SECONDARY_EDGE_TTA_ACTIVE views= 8 weight= 0.75 mean_abs_feat_delta= 0.249793\n"}
,{"stream_name":"stdout","time":2628.290251547,"data":"SECONDARY_EDGE_TTA_ACTIVE views= 8 weight= 0.75 mean_abs_feat_delta= 0.232881\n"}
,{"stream_name":"stdout","time":2628.618147134,"data":"SECONDARY_EDGE_TTA_ACTIVE views= 8 weight= 0.75 mean_abs_feat_delta= 0.232881\n"}
,{"stream_name":"stdout","time":2629.093368213,"data":"EDGE_TTA_ACTIVE views= 8 mean_abs_feat_delta= 0.342603\n"}
,{"stream_name":"stdout","time":2629.296278171,"data":"EDGE_TTA_ACTIVE views= 8 mean_abs_feat_delta= 0.342603\n"}
,{"stream_name":"stdout","time":2629.440334288,"data":"EDGE_TTA_ACTIVE views= 8 mean_abs_feat_delta= 0.279365\n"}
,{"stream_name":"stdout","time":2629.642906365,"data":"EDGE_TTA_ACTIVE views= 8 mean_abs_feat_delta= 0.279365\n"}
,{"stream_name":"stdout","time":2630.053934872,"data":"SECONDARY_EDGE_TTA_ACTIVE views= 8 weight= 0.75 mean_abs_feat_delta= 0.252106\n"}
,{"stream_name":"stdout","time":2630.256514315,"data":"SECONDARY_EDGE_TTA_ACTIVE views= 8 weight= 0.75 mean_abs_feat_delta= 0.252106\n"}
,{"stream_name":"stdout","time":2630.412724859,"data":"SECONDARY_EDGE_TTA_ACTIVE views= 8 weight= 0.75 mean_abs_feat_delta= 0.211001\n"}
,{"stream_name":"stdout","time":2630.615691652,"data":"SECONDARY_EDGE_TTA_ACTIVE views= 8 weight= 0.75 mean_abs_feat_delta= 0.211001\n"}
,{"stream_name":"stdout","time":2631.149407693,"data":"EDGE_TTA_ACTIVE views= 8 mean_abs_feat_delta= 0.341082\n"}
,{"stream_name":"stdout","time":2631.35210256,"data":"EDGE_TTA_ACTIVE views= 8 mean_abs_feat_delta= 0.341082\n"}
,{"stream_name":"stdout","time":2631.566141544,"data":"EDGE_TTA_ACTIVE views= 8 mean_abs_feat_delta= 0.282084\n"}
,{"stream_name":"stdout","time":2631.768883618,"data":"EDGE_TTA_ACTIVE views= 8 mean_abs_feat_delta= 0.282084\n"}
,{"stream_name":"stdout","time":2632.112387806,"data":"SECONDARY_EDGE_TTA_ACTIVE views= 8 weight= 0.75 mean_abs_feat_delta= 0.256297\n"}
,{"stream_name":"stdout","time":2632.314934434,"data":"SECONDARY_EDGE_TTA_ACTIVE views= 8 weight= 0.75 mean_abs_feat_delta= 0.256297\n"}
,{"stream_name":"stdout","time":2632.537060357,"data":"SECONDARY_EDGE_TTA_ACTIVE views= 8 weight= 0.75 mean_abs_feat_delta= 0.212616\n"}
,{"stream_name":"stdout","time":2632.739474994,"data":"SECONDARY_EDGE_TTA_ACTIVE views= 8 weight= 0.75 mean_abs_feat_delta= 0.212616\n"}
,{"stream_name":"stdout","time":2633.183187485,"data":"EDGE_TTA_ACTIVE views= 8 mean_abs_feat_delta= 0.342531\n"}
,{"stream_name":"stdout","time":2633.385824004,"data":"EDGE_TTA_ACTIVE views= 8 mean_abs_feat_delta= 0.342531\n"}
,{"stream_name":"stdout","time":2633.643373006,"data":"EDGE_TTA_ACTIVE views= 8 mean_abs_feat_delta= 0.283885\n"}
,{"stream_name":"stdout","time":2633.84676647,"data":"EDGE_TTA_ACTIVE views= 8 mean_abs_feat_delta= 0.283885\n"}
,{"stream_name":"stdout","time":2634.141462678,"data":"SECONDARY_EDGE_TTA_ACTIVE views= 8 weight= 0.75 mean_abs_feat_delta= 0.259811\n"}
,{"stream_name":"stdout","time":2634.344007176,"data":"SECONDARY_EDGE_TTA_ACTIVE views= 8 weight= 0.75 mean_abs_feat_delta= 0.259811\n"}
,{"stream_name":"stdout","time":2634.607148732,"data":"SECONDARY_EDGE_TTA_ACTIVE views= 8 weight= 0.75 mean_abs_feat_delta= 0.21261\n"}
,{"stream_name":"stdout","time":2634.809708565,"data":"SECONDARY_EDGE_TTA_ACTIVE views= 8 weight= 0.75 mean_abs_feat_delta= 0.21261\n"}
,{"stream_name":"stdout","time":2635.195937345,"data":"EDGE_TTA_ACTIVE views= 8 mean_abs_feat_delta= 0.338261\n"}
,{"stream_name":"stdout","time":2635.398710461,"data":"EDGE_TTA_ACTIVE views= 8 mean_abs_feat_delta= 0.338261\n"}
,{"stream_name":"stdout","time":2635.730019758,"data":"EDGE_TTA_ACTIVE views= 8 mean_abs_feat_delta= 0.284012\n"}
,{"stream_name":"stdout","time":2635.932737858,"data":"EDGE_TTA_ACTIVE views= 8 mean_abs_feat_delta= 0.284012\n"}
,{"stream_name":"stdout","time":2636.162539266,"data":"SECONDARY_EDGE_TTA_ACTIVE views= 8 weight= 0.75 mean_abs_feat_delta= 0.255512\n"}
,{"stream_name":"stdout","time":2636.365012892,"data":"SECONDARY_EDGE_TTA_ACTIVE views= 8 weight= 0.75 mean_abs_feat_delta= 0.255512\n"}
,{"stream_name":"stdout","time":2636.69979872,"data":"SECONDARY_EDGE_TTA_ACTIVE views= 8 weight= 0.75 mean_abs_feat_delta= 0.212811\n"}
,{"stream_name":"stdout","time":2636.902835464,"data":"SECONDARY_EDGE_TTA_ACTIVE views= 8 weight= 0.75 mean_abs_feat_delta= 0.212811\n"}
,{"stream_name":"stdout","time":2637.26927756,"data":"EDGE_TTA_ACTIVE views= 8 mean_abs_feat_delta= 0.331504\n"}
,{"stream_name":"stdout","time":2637.472165487,"data":"EDGE_TTA_ACTIVE views= 8 mean_abs_feat_delta= 0.331504\n"}
,{"stream_name":"stdout","time":2637.825449731,"data":"EDGE_TTA_ACTIVE views= 8 mean_abs_feat_delta= 0.28661\n"}
,{"stream_name":"stdout","time":2638.028268105,"data":"EDGE_TTA_ACTIVE views= 8 mean_abs_feat_delta= 0.28661\n"}
,{"stream_name":"stdout","time":2638.230443146,"data":"SECONDARY_EDGE_TTA_ACTIVE views= 8 weight= 0.75 mean_abs_feat_delta= 0.249417\n"}
,{"stream_name":"stdout","time":2638.433188744,"data":"SECONDARY_EDGE_TTA_ACTIVE views= 8 weight= 0.75 mean_abs_feat_delta= 0.249417\n"}
,{"stream_name":"stdout","time":2638.797406034,"data":"SECONDARY_EDGE_TTA_ACTIVE views= 8 weight= 0.75 mean_abs_feat_delta= 0.215936\n"}
,{"stream_name":"stdout","time":2638.999698728,"data":"SECONDARY_EDGE_TTA_ACTIVE views= 8 weight= 0.75 mean_abs_feat_delta= 0.215936\n"}
,{"stream_name":"stdout","time":2639.316221302,"data":"EDGE_TTA_ACTIVE views= 8 mean_abs_feat_delta= 0.331413\n"}
,{"stream_name":"stdout","time":2639.51911107,"data":"EDGE_TTA_ACTIVE views= 8 mean_abs_feat_delta= 0.331413\n"}
,{"stream_name":"stdout","time":2639.977337674,"data":"EDGE_TTA_ACTIVE views= 8 mean_abs_feat_delta= 0.287228\n"}
,{"stream_name":"stdout","time":2640.179875587,"data":"EDGE_TTA_ACTIVE views= 8 mean_abs_feat_delta= 0.287228\n"}
,{"stream_name":"stdout","time":2640.275982347,"data":"SECONDARY_EDGE_TTA_ACTIVE views= 8 weight= 0.75 mean_abs_feat_delta= 0.247742\n"}
,{"stream_name":"stdout","time":2640.478473602,"data":"SECONDARY_EDGE_TTA_ACTIVE views= 8 weight= 0.75 mean_abs_feat_delta= 0.247742\n"}
,{"stream_name":"stdout","time":2640.943532776,"data":"SECONDARY_EDGE_TTA_ACTIVE views= 8 weight= 0.75 mean_abs_feat_delta= 0.218047\n"}
,{"stream_name":"stdout","time":2641.146177463,"data":"SECONDARY_EDGE_TTA_ACTIVE views= 8 weight= 0.75 mean_abs_feat_delta= 0.218047\n"}
,{"stream_name":"stdout","time":2641.394221134,"data":"EDGE_TTA_ACTIVE views= 8 mean_abs_feat_delta= 0.329218\n"}
,{"stream_name":"stdout","time":2641.596796741,"data":"EDGE_TTA_ACTIVE views= 8 mean_abs_feat_delta= 0.329218\n"}
,{"stream_name":"stdout","time":2642.156282958,"data":"EDGE_TTA_ACTIVE views= 8 mean_abs_feat_delta= 0.285405\n"}
,{"stream_name":"stdout","time":2642.358623847,"data":"EDGE_TTA_ACTIVE views= 8 mean_abs_feat_delta= 0.285405\n"}
,{"stream_name":"stdout","time":2642.360093227,"data":"SECONDARY_EDGE_TTA_ACTIVE views= 8 weight= 0.75 mean_abs_feat_delta= 0.242204\n"}
,{"stream_name":"stdout","time":2642.562984558,"data":"SECONDARY_EDGE_TTA_ACTIVE views= 8 weight= 0.75 mean_abs_feat_delta= 0.242204\n"}
,{"stream_name":"stdout","time":2643.126972451,"data":"SECONDARY_EDGE_TTA_ACTIVE views= 8 weight= 0.75 mean_abs_feat_delta= 0.215395\n"}
,{"stream_name":"stdout","time":2643.329871937,"data":"SECONDARY_EDGE_TTA_ACTIVE views= 8 weight= 0.75 mean_abs_feat_delta= 0.215395\n"}
,{"stream_name":"stdout","time":2643.437349601,"data":"EDGE_TTA_ACTIVE views= 8 mean_abs_feat_delta= 0.328908\n"}
,{"stream_name":"stdout","time":2643.639891267,"data":"EDGE_TTA_ACTIVE views= 8 mean_abs_feat_delta= 0.328908\n"}
,{"stream_name":"stdout","time":2644.239053835,"data":"EDGE_TTA_ACTIVE views= 8 mean_abs_feat_delta= 0.28492\n"}
,{"stream_name":"stdout","time":2644.401423005,"data":"SECONDARY_EDGE_TTA_ACTIVE views= 8 weight= 0.75 mean_abs_feat_delta= 0.245859\n"}
,{"stream_name":"stdout","time":2644.441391071,"data":"EDGE_TTA_ACTIVE views= 8 mean_abs_feat_delta= 0.28492\n"}
,{"stream_name":"stdout","time":2644.441428479,"data":"SECONDARY_EDGE_TTA_ACTIVE views= 8 weight= 0.75 mean_abs_feat_delta= 0.245859\n"}
,{"stream_name":"stdout","time":2645.211450766,"data":"SECONDARY_EDGE_TTA_ACTIVE views= 8 weight= 0.75 mean_abs_feat_delta= 0.212795\n"}
,{"stream_name":"stdout","time":2645.413782528,"data":"SECONDARY_EDGE_TTA_ACTIVE views= 8 weight= 0.75 mean_abs_feat_delta= 0.212795\n"}
,{"stream_name":"stdout","time":2645.460829228,"data":"EDGE_TTA_ACTIVE views= 8 mean_abs_feat_delta= 0.327794\n"}
,{"stream_name":"stdout","time":2645.663514797,"data":"EDGE_TTA_ACTIVE views= 8 mean_abs_feat_delta= 0.327794\n"}
,{"stream_name":"stdout","time":2646.342644736,"data":"EDGE_TTA_ACTIVE views= 8 mean_abs_feat_delta= 0.283264\n"}
,{"stream_name":"stdout","time":2646.423133739,"data":"SECONDARY_EDGE_TTA_ACTIVE views= 8 weight= 0.75 mean_abs_feat_delta= 0.252442\n"}
,{"stream_name":"stdout","time":2646.546598534,"data":"EDGE_TTA_ACTIVE views= 8 mean_abs_feat_delta= 0.283264\n"}
,{"stream_name":"stdout","time":2646.54664419,"data":"SECONDARY_EDGE_TTA_ACTIVE views= 8 weight= 0.75 mean_abs_feat_delta= 0.252442\n"}
,{"stream_name":"stdout","time":2647.315517784,"data":"SECONDARY_EDGE_TTA_ACTIVE views= 8 weight= 0.75 mean_abs_feat_delta= 0.216027\n"}
,{"stream_name":"stdout","time":2647.480315222,"data":"EDGE_TTA_ACTIVE views= 8 mean_abs_feat_delta= 0.325619\n"}
,{"stream_name":"stdout","time":2647.517896281,"data":"SECONDARY_EDGE_TTA_ACTIVE views= 8 weight= 0.75 mean_abs_feat_delta= 0.216027\n"}
,{"stream_name":"stdout","time":2647.517939797,"data":"EDGE_TTA_ACTIVE views= 8 mean_abs_feat_delta= 0.325619\n"}
,{"stream_name":"stdout","time":2648.437746292,"data":"SECONDARY_EDGE_TTA_ACTIVE views= 8 weight= 0.75 mean_abs_feat_delta= 0.24958\n"}
,{"stream_name":"stdout","time":2648.447392255,"data":"EDGE_TTA_ACTIVE views= 8 mean_abs_feat_delta= 0.283715\n"}
,{"stream_name":"stdout","time":2648.640336898,"data":"SECONDARY_EDGE_TTA_ACTIVE views= 8 weight= 0.75 mean_abs_feat_delta= 0.24958\n"}
,{"stream_name":"stdout","time":2648.640378559,"data":"EDGE_TTA_ACTIVE views= 8 mean_abs_feat_delta= 0.283715\n"}
,{"stream_name":"stdout","time":2649.419328996,"data":"SECONDARY_EDGE_TTA_ACTIVE views= 8 weight= 0.75 mean_abs_feat_delta= 0.216681\n"}
,{"stream_name":"stdout","time":2649.522387808,"data":"EDGE_TTA_ACTIVE views= 8 mean_abs_feat_delta= 0.326224\n"}
,{"stream_name":"stdout","time":2649.621621957,"data":"SECONDARY_EDGE_TTA_ACTIVE views= 8 weight= 0.75 mean_abs_feat_delta= 0.216681\n"}
,{"stream_name":"stdout","time":2649.621656433,"data":"EDGE_TTA_ACTIVE views= 8 mean_abs_feat_delta= 0.326224\n"}
,{"stream_name":"stdout","time":2650.482839017,"data":"SECONDARY_EDGE_TTA_ACTIVE views= 8 weight= 0.75 mean_abs_feat_delta= 0.247268\n"}
,{"stream_name":"stdout","time":2650.595344202,"data":"EDGE_TTA_ACTIVE views= 8 mean_abs_feat_delta= 0.283294\n"}
,{"stream_name":"stdout","time":2650.685501476,"data":"SECONDARY_EDGE_TTA_ACTIVE views= 8 weight= 0.75 mean_abs_feat_delta= 0.247268\n"}
,{"stream_name":"stdout","time":2650.685539471,"data":"EDGE_TTA_ACTIVE views= 8 mean_abs_feat_delta= 0.283294\n"}
,{"stream_name":"stdout","time":2651.558709442,"data":"EDGE_TTA_ACTIVE views= 8 mean_abs_feat_delta= 0.321245\n"}
,{"stream_name":"stdout","time":2651.565649823,"data":"SECONDARY_EDGE_TTA_ACTIVE views= 8 weight= 0.75 mean_abs_feat_delta= 0.219376\n"}
,{"stream_name":"stdout","time":2651.761077217,"data":"EDGE_TTA_ACTIVE views= 8 mean_abs_feat_delta= 0.321245\n"}
,{"stream_name":"stdout","time":2651.761120221,"data":"SECONDARY_EDGE_TTA_ACTIVE views= 8 weight= 0.75 mean_abs_feat_delta= 0.219376\n"}
,{"stream_name":"stdout","time":2652.521554702,"data":"SECONDARY_EDGE_TTA_ACTIVE views= 8 weight= 0.75 mean_abs_feat_delta= 0.245553\n"}
,{"stream_name":"stdout","time":2652.699500947,"data":"EDGE_TTA_ACTIVE views= 8 mean_abs_feat_delta= 0.286449\n"}
,{"stream_name":"stdout","time":2652.724136145,"data":"SECONDARY_EDGE_TTA_ACTIVE views= 8 weight= 0.75 mean_abs_feat_delta= 0.245553\n"}
,{"stream_name":"stdout","time":2652.724193655,"data":"EDGE_TTA_ACTIVE views= 8 mean_abs_feat_delta= 0.286449\n"}
,{"stream_name":"stdout","time":2653.622172616,"data":"EDGE_TTA_ACTIVE views= 8 mean_abs_feat_delta= 0.319781\n"}
,{"stream_name":"stdout","time":2653.671315841,"data":"SECONDARY_EDGE_TTA_ACTIVE views= 8 weight= 0.75 mean_abs_feat_delta= 0.218097\n"}
,{"stream_name":"stdout","time":2653.825204819,"data":"EDGE_TTA_ACTIVE views= 8 mean_abs_feat_delta= 0.319781\n"}
,{"stream_name":"stdout","time":2653.825241043,"data":"SECONDARY_EDGE_TTA_ACTIVE views= 8 weight= 0.75 mean_abs_feat_delta= 0.218097\n"}
,{"stream_name":"stdout","time":2654.580738388,"data":"SECONDARY_EDGE_TTA_ACTIVE views= 8 weight= 0.75 mean_abs_feat_delta= 0.244675\n"}
,{"stream_name":"stdout","time":2654.772660822,"data":"EDGE_TTA_ACTIVE views= 8 mean_abs_feat_delta= 0.290051\n"}
,{"stream_name":"stdout","time":2654.783336055,"data":"SECONDARY_EDGE_TTA_ACTIVE views= 8 weight= 0.75 mean_abs_feat_delta= 0.244675\n"}
,{"stream_name":"stdout","time":2654.783362404,"data":"EDGE_TTA_ACTIVE views= 8 mean_abs_feat_delta= 0.290051\n"}
,{"stream_name":"stdout","time":2655.664845547,"data":"EDGE_TTA_ACTIVE views= 8 mean_abs_feat_delta= 0.322829\n"}
,{"stream_name":"stdout","time":2655.739325155,"data":"SECONDARY_EDGE_TTA_ACTIVE views= 8 weight= 0.75 mean_abs_feat_delta= 0.217645\n"}
,{"stream_name":"stdout","time":2655.867371136,"data":"EDGE_TTA_ACTIVE views= 8 mean_abs_feat_delta= 0.322829\n"}
,{"stream_name":"stdout","time":2655.867409359,"data":"SECONDARY_EDGE_TTA_ACTIVE views= 8 weight= 0.75 mean_abs_feat_delta= 0.217645\n"}
,{"stream_name":"stdout","time":2656.624883492,"data":"SECONDARY_EDGE_TTA_ACTIVE views= 8 weight= 0.75 mean_abs_feat_delta= 0.246191\n"}
,{"stream_name":"stdout","time":2656.827409498,"data":"SECONDARY_EDGE_TTA_ACTIVE views= 8 weight= 0.75 mean_abs_feat_delta= 0.246191\n"}
,{"stream_name":"stdout","time":2656.853986326,"data":"EDGE_TTA_ACTIVE views= 8 mean_abs_feat_delta= 0.289497\n"}
,{"stream_name":"stdout","time":2657.056272399,"data":"EDGE_TTA_ACTIVE views= 8 mean_abs_feat_delta= 0.289497\n"}
,{"stream_name":"stdout","time":2657.741155746,"data":"EDGE_TTA_ACTIVE views= 8 mean_abs_feat_delta= 0.326443\n"}
,{"stream_name":"stdout","time":2657.825097789,"data":"SECONDARY_EDGE_TTA_ACTIVE views= 8 weight= 0.75 mean_abs_feat_delta= 0.217868\n"}
,{"stream_name":"stdout","time":2657.943810285,"data":"EDGE_TTA_ACTIVE views= 8 mean_abs_feat_delta= 0.326443\n"}
,{"stream_name":"stdout","time":2657.943857048,"data":"SECONDARY_EDGE_TTA_ACTIVE views= 8 weight= 0.75 mean_abs_feat_delta= 0.217868\n"}
,{"stream_name":"stdout","time":2658.706729597,"data":"SECONDARY_EDGE_TTA_ACTIVE views= 8 weight= 0.75 mean_abs_feat_delta= 0.240071\n"}
,{"stream_name":"stdout","time":2658.95809741,"data":"EDGE_TTA_ACTIVE views= 8 mean_abs_feat_delta= 0.282987\n"}
,{"stream_name":"stdout","time":2659.046015461,"data":"SECONDARY_EDGE_TTA_ACTIVE views= 8 weight= 0.75 mean_abs_feat_delta= 0.240071\n"}
,{"stream_name":"stdout","time":2659.160440226,"data":"EDGE_TTA_ACTIVE views= 8 mean_abs_feat_delta= 0.282987\n"}
,{"stream_name":"stdout","time":2659.776353054,"data":"EDGE_TTA_ACTIVE views= 8 mean_abs_feat_delta= 0.326852\n"}
,{"stream_name":"stdout","time":2659.929013518,"data":"SECONDARY_EDGE_TTA_ACTIVE views= 8 weight= 0.75 mean_abs_feat_delta= 0.23668\n"}
,{"stream_name":"stdout","time":2659.979549608,"data":"EDGE_TTA_ACTIVE views= 8 mean_abs_feat_delta= 0.326852\n"}
,{"stream_name":"stdout","time":2659.979626358,"data":"SECONDARY_EDGE_TTA_ACTIVE views= 8 weight= 0.75 mean_abs_feat_delta= 0.23668\n"}
,{"stream_name":"stdout","time":2660.736684747,"data":"SECONDARY_EDGE_TTA_ACTIVE views= 8 weight= 0.75 mean_abs_feat_delta= 0.239234\n"}
,{"stream_name":"stdout","time":2660.93945304,"data":"SECONDARY_EDGE_TTA_ACTIVE views= 8 weight= 0.75 mean_abs_feat_delta= 0.239234\n"}
,{"stream_name":"stdout","time":2661.05430795,"data":"EDGE_TTA_ACTIVE views= 8 mean_abs_feat_delta= 0.285694\n"}
,{"stream_name":"stdout","time":2661.257227814,"data":"EDGE_TTA_ACTIVE views= 8 mean_abs_feat_delta= 0.285694\n"}
,{"stream_name":"stdout","time":2661.7973317,"data":"EDGE_TTA_ACTIVE views= 8 mean_abs_feat_delta= 0.329914\n"}
,{"stream_name":"stdout","time":2661.999861188,"data":"EDGE_TTA_ACTIVE views= 8 mean_abs_feat_delta= 0.329914\n"}
,{"stream_name":"stdout","time":2662.016671542,"data":"SECONDARY_EDGE_TTA_ACTIVE views= 8 weight= 0.75 mean_abs_feat_delta= 0.216736\n"}
,{"stream_name":"stdout","time":2662.219809059,"data":"SECONDARY_EDGE_TTA_ACTIVE views= 8 weight= 0.75 mean_abs_feat_delta= 0.216736\n"}
,{"stream_name":"stdout","time":2662.76285214,"data":"SECONDARY_EDGE_TTA_ACTIVE views= 8 weight= 0.75 mean_abs_feat_delta= 0.23907\n"}
,{"stream_name":"stdout","time":2662.965706043,"data":"SECONDARY_EDGE_TTA_ACTIVE views= 8 weight= 0.75 mean_abs_feat_delta= 0.23907\n"}
,{"stream_name":"stdout","time":2663.157958657,"data":"EDGE_TTA_ACTIVE views= 8 mean_abs_feat_delta= 0.282414\n"}
,{"stream_name":"stdout","time":2663.360589936,"data":"EDGE_TTA_ACTIVE views= 8 mean_abs_feat_delta= 0.282414\n"}
,{"stream_name":"stdout","time":2663.86519767,"data":"EDGE_TTA_ACTIVE views= 8 mean_abs_feat_delta= 0.3332\n"}
,{"stream_name":"stdout","time":2664.06810024,"data":"EDGE_TTA_ACTIVE views= 8 mean_abs_feat_delta= 0.3332\n"}
,{"stream_name":"stdout","time":2664.122337498,"data":"SECONDARY_EDGE_TTA_ACTIVE views= 8 weight= 0.75 mean_abs_feat_delta= 0.223107\n"}
,{"stream_name":"stdout","time":2664.32489658,"data":"SECONDARY_EDGE_TTA_ACTIVE views= 8 weight= 0.75 mean_abs_feat_delta= 0.223107\n"}
,{"stream_name":"stdout","time":2664.827401981,"data":"SECONDARY_EDGE_TTA_ACTIVE views= 8 weight= 0.75 mean_abs_feat_delta= 0.240973\n"}
,{"stream_name":"stdout","time":2665.029847418,"data":"SECONDARY_EDGE_TTA_ACTIVE views= 8 weight= 0.75 mean_abs_feat_delta= 0.240973\n"}
,{"stream_name":"stdout","time":2665.236182979,"data":"EDGE_TTA_ACTIVE views= 8 mean_abs_feat_delta= 0.285759\n"}
,{"stream_name":"stdout","time":2665.438356183,"data":"EDGE_TTA_ACTIVE views= 8 mean_abs_feat_delta= 0.285759\n"}
,{"stream_name":"stdout","time":2665.867882618,"data":"EDGE_TTA_ACTIVE views= 8 mean_abs_feat_delta= 0.326396\n"}
,{"stream_name":"stdout","time":2666.070903174,"data":"EDGE_TTA_ACTIVE views= 8 mean_abs_feat_delta= 0.326396\n"}
,{"stream_name":"stdout","time":2666.207391225,"data":"SECONDARY_EDGE_TTA_ACTIVE views= 8 weight= 0.75 mean_abs_feat_delta= 0.217137\n"}
,{"stream_name":"stdout","time":2666.41015603,"data":"SECONDARY_EDGE_TTA_ACTIVE views= 8 weight= 0.75 mean_abs_feat_delta= 0.217137\n"}
,{"stream_name":"stdout","time":2666.832880845,"data":"SECONDARY_EDGE_TTA_ACTIVE views= 8 weight= 0.75 mean_abs_feat_delta= 0.241149\n"}
,{"stream_name":"stdout","time":2667.035482872,"data":"SECONDARY_EDGE_TTA_ACTIVE views= 8 weight= 0.75 mean_abs_feat_delta= 0.241149\n"}
,{"stream_name":"stdout","time":2667.320644517,"data":"EDGE_TTA_ACTIVE views= 8 mean_abs_feat_delta= 0.283365\n"}
,{"stream_name":"stdout","time":2667.523631806,"data":"EDGE_TTA_ACTIVE views= 8 mean_abs_feat_delta= 0.283365\n"}
,{"stream_name":"stdout","time":2667.904654898,"data":"EDGE_TTA_ACTIVE views= 8 mean_abs_feat_delta= 0.327676\n"}
,{"stream_name":"stdout","time":2668.107254736,"data":"EDGE_TTA_ACTIVE views= 8 mean_abs_feat_delta= 0.327676\n"}
,{"stream_name":"stdout","time":2668.29135105,"data":"SECONDARY_EDGE_TTA_ACTIVE views= 8 weight= 0.75 mean_abs_feat_delta= 0.213965\n"}
,{"stream_name":"stdout","time":2668.494469027,"data":"SECONDARY_EDGE_TTA_ACTIVE views= 8 weight= 0.75 mean_abs_feat_delta= 0.213965\n"}
,{"stream_name":"stdout","time":2668.863285734,"data":"SECONDARY_EDGE_TTA_ACTIVE views= 8 weight= 0.75 mean_abs_feat_delta= 0.239348\n"}
,{"stream_name":"stdout","time":2669.066369197,"data":"SECONDARY_EDGE_TTA_ACTIVE views= 8 weight= 0.75 mean_abs_feat_delta= 0.239348\n"}
,{"stream_name":"stdout","time":2669.424589606,"data":"EDGE_TTA_ACTIVE views= 8 mean_abs_feat_delta= 0.283423\n"}
,{"stream_name":"stdout","time":2669.626905022,"data":"EDGE_TTA_ACTIVE views= 8 mean_abs_feat_delta= 0.283423\n"}
,{"stream_name":"stdout","time":2669.947792761,"data":"EDGE_TTA_ACTIVE views= 8 mean_abs_feat_delta= 0.330541\n"}
,{"stream_name":"stdout","time":2670.15051064,"data":"EDGE_TTA_ACTIVE views= 8 mean_abs_feat_delta= 0.330541\n"}
,{"stream_name":"stdout","time":2670.396019442,"data":"SECONDARY_EDGE_TTA_ACTIVE views= 8 weight= 0.75 mean_abs_feat_delta= 0.217877\n"}
,{"stream_name":"stdout","time":2670.598697393,"data":"SECONDARY_EDGE_TTA_ACTIVE views= 8 weight= 0.75 mean_abs_feat_delta= 0.217877\n"}
,{"stream_name":"stdout","time":2670.907500164,"data":"SECONDARY_EDGE_TTA_ACTIVE views= 8 weight= 0.75 mean_abs_feat_delta= 0.242865\n"}
,{"stream_name":"stdout","time":2671.110088861,"data":"SECONDARY_EDGE_TTA_ACTIVE views= 8 weight= 0.75 mean_abs_feat_delta= 0.242865\n"}
,{"stream_name":"stdout","time":2671.508867007,"data":"EDGE_TTA_ACTIVE views= 8 mean_abs_feat_delta= 0.280705\n"}
,{"stream_name":"stdout","time":2671.710880642,"data":"EDGE_TTA_ACTIVE views= 8 mean_abs_feat_delta= 0.280705\n"}
,{"stream_name":"stdout","time":2671.989874774,"data":"EDGE_TTA_ACTIVE views= 8 mean_abs_feat_delta= 0.335217\n"}
,{"stream_name":"stdout","time":2672.193284264,"data":"EDGE_TTA_ACTIVE views= 8 mean_abs_feat_delta= 0.335217\n"}
,{"stream_name":"stdout","time":2672.47969256,"data":"SECONDARY_EDGE_TTA_ACTIVE views= 8 weight= 0.75 mean_abs_feat_delta= 0.214735\n"}
,{"stream_name":"stdout","time":2672.682037301,"data":"SECONDARY_EDGE_TTA_ACTIVE views= 8 weight= 0.75 mean_abs_feat_delta= 0.214735\n"}
,{"stream_name":"stdout","time":2672.953498495,"data":"SECONDARY_EDGE_TTA_ACTIVE views= 8 weight= 0.75 mean_abs_feat_delta= 0.240063\n"}
,{"stream_name":"stdout","time":2673.156210476,"data":"SECONDARY_EDGE_TTA_ACTIVE views= 8 weight= 0.75 mean_abs_feat_delta= 0.240063\n"}
,{"stream_name":"stdout","time":2673.592518021,"data":"EDGE_TTA_ACTIVE views= 8 mean_abs_feat_delta= 0.284385\n"}
,{"stream_name":"stdout","time":2673.795685667,"data":"EDGE_TTA_ACTIVE views= 8 mean_abs_feat_delta= 0.284385\n"}
,{"stream_name":"stdout","time":2674.009718072,"data":"EDGE_TTA_ACTIVE views= 8 mean_abs_feat_delta= 0.33513\n"}
,{"stream_name":"stdout","time":2674.212602721,"data":"EDGE_TTA_ACTIVE views= 8 mean_abs_feat_delta= 0.33513\n"}
,{"stream_name":"stdout","time":2674.566007818,"data":"SECONDARY_EDGE_TTA_ACTIVE views= 8 weight= 0.75 mean_abs_feat_delta= 0.214595\n"}
,{"stream_name":"stdout","time":2674.768189337,"data":"SECONDARY_EDGE_TTA_ACTIVE views= 8 weight= 0.75 mean_abs_feat_delta= 0.214595\n"}
,{"stream_name":"stdout","time":2674.969172438,"data":"SECONDARY_EDGE_TTA_ACTIVE views= 8 weight= 0.75 mean_abs_feat_delta= 0.240997\n"}
,{"stream_name":"stdout","time":2675.171948856,"data":"SECONDARY_EDGE_TTA_ACTIVE views= 8 weight= 0.75 mean_abs_feat_delta= 0.240997\n"}
,{"stream_name":"stdout","time":2675.659512365,"data":"EDGE_TTA_ACTIVE views= 8 mean_abs_feat_delta= 0.285391\n"}
,{"stream_name":"stdout","time":2675.861735644,"data":"EDGE_TTA_ACTIVE views= 8 mean_abs_feat_delta= 0.285391\n"}
,{"stream_name":"stdout","time":2676.013483589,"data":"EDGE_TTA_ACTIVE views= 8 mean_abs_feat_delta= 0.328111\n"}
,{"stream_name":"stdout","time":2676.215810843,"data":"EDGE_TTA_ACTIVE views= 8 mean_abs_feat_delta= 0.328111\n"}
,{"stream_name":"stdout","time":2676.628280839,"data":"SECONDARY_EDGE_TTA_ACTIVE views= 8 weight= 0.75 mean_abs_feat_delta= 0.214519\n"}
,{"stream_name":"stdout","time":2676.830788326,"data":"SECONDARY_EDGE_TTA_ACTIVE views= 8 weight= 0.75 mean_abs_feat_delta= 0.214519\n"}
,{"stream_name":"stdout","time":2676.973863539,"data":"SECONDARY_EDGE_TTA_ACTIVE views= 8 weight= 0.75 mean_abs_feat_delta= 0.238986\n"}
,{"stream_name":"stdout","time":2677.176474491,"data":"SECONDARY_EDGE_TTA_ACTIVE views= 8 weight= 0.75 mean_abs_feat_delta= 0.238986\n"}
,{"stream_name":"stdout","time":2677.725368501,"data":"EDGE_TTA_ACTIVE views= 8 mean_abs_feat_delta= 0.282606\n"}
,{"stream_name":"stdout","time":2677.927936768,"data":"EDGE_TTA_ACTIVE views= 8 mean_abs_feat_delta= 0.282606\n"}
,{"stream_name":"stdout","time":2678.028573859,"data":"EDGE_TTA_ACTIVE views= 8 mean_abs_feat_delta= 0.326627\n"}
,{"stream_name":"stdout","time":2678.231270534,"data":"EDGE_TTA_ACTIVE views= 8 mean_abs_feat_delta= 0.326627\n"}
,{"stream_name":"stdout","time":2678.685483526,"data":"SECONDARY_EDGE_TTA_ACTIVE views= 8 weight= 0.75 mean_abs_feat_delta= 0.221862\n"}
,{"stream_name":"stdout","time":2678.887984181,"data":"SECONDARY_EDGE_TTA_ACTIVE views= 8 weight= 0.75 mean_abs_feat_delta= 0.221862\n"}
,{"stream_name":"stdout","time":2678.988629784,"data":"SECONDARY_EDGE_TTA_ACTIVE views= 8 weight= 0.75 mean_abs_feat_delta= 0.235807\n"}
,{"stream_name":"stdout","time":2679.191177785,"data":"SECONDARY_EDGE_TTA_ACTIVE views= 8 weight= 0.75 mean_abs_feat_delta= 0.235807\n"}
,{"stream_name":"stdout","time":2679.799363612,"data":"EDGE_TTA_ACTIVE views= 8 mean_abs_feat_delta= 0.275618\n"}
,{"stream_name":"stdout","time":2680.002252974,"data":"EDGE_TTA_ACTIVE views= 8 mean_abs_feat_delta= 0.275618\n"}
,{"stream_name":"stdout","time":2680.082097024,"data":"EDGE_TTA_ACTIVE views= 8 mean_abs_feat_delta= 0.329018\n"}
,{"stream_name":"stdout","time":2680.284917918,"data":"EDGE_TTA_ACTIVE views= 8 mean_abs_feat_delta= 0.329018\n"}
,{"stream_name":"stdout","time":2680.769784254,"data":"SECONDARY_EDGE_TTA_ACTIVE views= 8 weight= 0.75 mean_abs_feat_delta= 0.241752\n"}
,{"stream_name":"stdout","time":2680.973290382,"data":"SECONDARY_EDGE_TTA_ACTIVE views= 8 weight= 0.75 mean_abs_feat_delta= 0.241752\n"}
,{"stream_name":"stdout","time":2681.047865001,"data":"SECONDARY_EDGE_TTA_ACTIVE views= 8 weight= 0.75 mean_abs_feat_delta= 0.235973\n"}
,{"stream_name":"stdout","time":2681.250521894,"data":"SECONDARY_EDGE_TTA_ACTIVE views= 8 weight= 0.75 mean_abs_feat_delta= 0.235973\n"}
,{"stream_name":"stdout","time":2681.94606931,"data":"EDGE_TTA_ACTIVE views= 8 mean_abs_feat_delta= 0.28438\n"}
,{"stream_name":"stdout","time":2682.115944971,"data":"EDGE_TTA_ACTIVE views= 8 mean_abs_feat_delta= 0.333443\n"}
,{"stream_name":"stdout","time":2682.148843251,"data":"EDGE_TTA_ACTIVE views= 8 mean_abs_feat_delta= 0.28438\n"}
,{"stream_name":"stdout","time":2682.1488716,"data":"EDGE_TTA_ACTIVE views= 8 mean_abs_feat_delta= 0.333443\n"}
,{"stream_name":"stdout","time":2682.908265914,"data":"SECONDARY_EDGE_TTA_ACTIVE views= 8 weight= 0.75 mean_abs_feat_delta= 0.223141\n"}
,{"stream_name":"stdout","time":2683.081222678,"data":"SECONDARY_EDGE_TTA_ACTIVE views= 8 weight= 0.75 mean_abs_feat_delta= 0.23251\n"}
,{"stream_name":"stdout","time":2683.11102329,"data":"SECONDARY_EDGE_TTA_ACTIVE views= 8 weight= 0.75 mean_abs_feat_delta= 0.223141\n"}
,{"stream_name":"stdout","time":2683.111058205,"data":"SECONDARY_EDGE_TTA_ACTIVE views= 8 weight= 0.75 mean_abs_feat_delta= 0.23251\n"}
,{"stream_name":"stdout","time":2683.998983297,"data":"EDGE_TTA_ACTIVE views= 8 mean_abs_feat_delta= 0.289699\n"}
,{"stream_name":"stdout","time":2684.180715967,"data":"EDGE_TTA_ACTIVE views= 8 mean_abs_feat_delta= 0.336707\n"}
,{"stream_name":"stdout","time":2684.201829189,"data":"EDGE_TTA_ACTIVE views= 8 mean_abs_feat_delta= 0.289699\n"}
,{"stream_name":"stdout","time":2684.201856673,"data":"EDGE_TTA_ACTIVE views= 8 mean_abs_feat_delta= 0.336707\n"}
,{"stream_name":"stdout","time":2684.966963141,"data":"SECONDARY_EDGE_TTA_ACTIVE views= 8 weight= 0.75 mean_abs_feat_delta= 0.222445\n"}
,{"stream_name":"stdout","time":2685.146553069,"data":"SECONDARY_EDGE_TTA_ACTIVE views= 8 weight= 0.75 mean_abs_feat_delta= 0.23487\n"}
,{"stream_name":"stdout","time":2685.16978714,"data":"SECONDARY_EDGE_TTA_ACTIVE views= 8 weight= 0.75 mean_abs_feat_delta= 0.222445\n"}
,{"stream_name":"stdout","time":2685.169813889,"data":"SECONDARY_EDGE_TTA_ACTIVE views= 8 weight= 0.75 mean_abs_feat_delta= 0.23487\n"}
,{"stream_name":"stdout","time":2686.060819098,"data":"EDGE_TTA_ACTIVE views= 8 mean_abs_feat_delta= 0.289712\n"}
,{"stream_name":"stdout","time":2686.210321286,"data":"EDGE_TTA_ACTIVE views= 8 mean_abs_feat_delta= 0.335779\n"}
,{"stream_name":"stdout","time":2686.263730454,"data":"EDGE_TTA_ACTIVE views= 8 mean_abs_feat_delta= 0.289712\n"}
,{"stream_name":"stdout","time":2686.263788393,"data":"EDGE_TTA_ACTIVE views= 8 mean_abs_feat_delta= 0.335779\n"}
,{"stream_name":"stdout","time":2687.023139698,"data":"SECONDARY_EDGE_TTA_ACTIVE views= 8 weight= 0.75 mean_abs_feat_delta= 0.221178\n"}
,{"stream_name":"stdout","time":2687.174380651,"data":"SECONDARY_EDGE_TTA_ACTIVE views= 8 weight= 0.75 mean_abs_feat_delta= 0.236062\n"}
,{"stream_name":"stdout","time":2687.226001019,"data":"SECONDARY_EDGE_TTA_ACTIVE views= 8 weight= 0.75 mean_abs_feat_delta= 0.221178\n"}
,{"stream_name":"stdout","time":2687.226064491,"data":"SECONDARY_EDGE_TTA_ACTIVE views= 8 weight= 0.75 mean_abs_feat_delta= 0.236062\n"}
,{"stream_name":"stdout","time":2688.130554396,"data":"EDGE_TTA_ACTIVE views= 8 mean_abs_feat_delta= 0.28685\n"}
,{"stream_name":"stdout","time":2688.25112971,"data":"EDGE_TTA_ACTIVE views= 8 mean_abs_feat_delta= 0.328211\n"}
,{"stream_name":"stdout","time":2688.333114303,"data":"EDGE_TTA_ACTIVE views= 8 mean_abs_feat_delta= 0.28685\n"}
,{"stream_name":"stdout","time":2688.333147555,"data":"EDGE_TTA_ACTIVE views= 8 mean_abs_feat_delta= 0.328211\n"}
,{"stream_name":"stdout","time":2689.091446162,"data":"SECONDARY_EDGE_TTA_ACTIVE views= 8 weight= 0.75 mean_abs_feat_delta= 0.2276\n"}
,{"stream_name":"stdout","time":2689.210119546,"data":"SECONDARY_EDGE_TTA_ACTIVE views= 8 weight= 0.75 mean_abs_feat_delta= 0.236109\n"}
,{"stream_name":"stdout","time":2689.421715229,"data":"SECONDARY_EDGE_TTA_ACTIVE views= 8 weight= 0.75 mean_abs_feat_delta= 0.2276\n"}
,{"stream_name":"stdout","time":2689.421767034,"data":"SECONDARY_EDGE_TTA_ACTIVE views= 8 weight= 0.75 mean_abs_feat_delta= 0.236109\n"}
,{"stream_name":"stdout","time":2690.234680428,"data":"EDGE_TTA_ACTIVE views= 8 mean_abs_feat_delta= 0.276535\n"}
,{"stream_name":"stdout","time":2690.299441749,"data":"EDGE_TTA_ACTIVE views= 8 mean_abs_feat_delta= 0.323615\n"}
,{"stream_name":"stdout","time":2690.437464185,"data":"EDGE_TTA_ACTIVE views= 8 mean_abs_feat_delta= 0.276535\n"}
,{"stream_name":"stdout","time":2690.437522343,"data":"EDGE_TTA_ACTIVE views= 8 mean_abs_feat_delta= 0.323615\n"}
,{"stream_name":"stdout","time":2691.197164494,"data":"SECONDARY_EDGE_TTA_ACTIVE views= 8 weight= 0.75 mean_abs_feat_delta= 0.249655\n"}
,{"stream_name":"stdout","time":2691.257813424,"data":"SECONDARY_EDGE_TTA_ACTIVE views= 8 weight= 0.75 mean_abs_feat_delta= 0.237271\n"}
,{"stream_name":"stdout","time":2691.399926147,"data":"SECONDARY_EDGE_TTA_ACTIVE views= 8 weight= 0.75 mean_abs_feat_delta= 0.249655\n"}
,{"stream_name":"stdout","time":2691.399961937,"data":"SECONDARY_EDGE_TTA_ACTIVE views= 8 weight= 0.75 mean_abs_feat_delta= 0.237271\n"}
,{"stream_name":"stdout","time":2692.330631686,"data":"EDGE_TTA_ACTIVE views= 8 mean_abs_feat_delta= 0.324693\n"}
,{"stream_name":"stdout","time":2692.369156059,"data":"EDGE_TTA_ACTIVE views= 8 mean_abs_feat_delta= 0.287692\n"}
,{"stream_name":"stdout","time":2692.533379196,"data":"EDGE_TTA_ACTIVE views= 8 mean_abs_feat_delta= 0.324693\n"}
,{"stream_name":"stdout","time":2692.533434008,"data":"EDGE_TTA_ACTIVE views= 8 mean_abs_feat_delta= 0.287692\n"}
,{"stream_name":"stdout","time":2693.293680177,"data":"SECONDARY_EDGE_TTA_ACTIVE views= 8 weight= 0.75 mean_abs_feat_delta= 0.238368\n"}
,{"stream_name":"stdout","time":2693.334062546,"data":"SECONDARY_EDGE_TTA_ACTIVE views= 8 weight= 0.75 mean_abs_feat_delta= 0.222273\n"}
,{"stream_name":"stdout","time":2693.495898953,"data":"SECONDARY_EDGE_TTA_ACTIVE views= 8 weight= 0.75 mean_abs_feat_delta= 0.238368\n"}
,{"stream_name":"stdout","time":2693.49597524,"data":"SECONDARY_EDGE_TTA_ACTIVE views= 8 weight= 0.75 mean_abs_feat_delta= 0.222273\n"}
,{"stream_name":"stdout","time":2694.346567789,"data":"EDGE_TTA_ACTIVE views= 8 mean_abs_feat_delta= 0.32651\n"}
,{"stream_name":"stdout","time":2694.431691318,"data":"EDGE_TTA_ACTIVE views= 8 mean_abs_feat_delta= 0.280114\n"}
,{"stream_name":"stdout","time":2694.549622657,"data":"EDGE_TTA_ACTIVE views= 8 mean_abs_feat_delta= 0.32651\n"}
,{"stream_name":"stdout","time":2694.549691793,"data":"EDGE_TTA_ACTIVE views= 8 mean_abs_feat_delta= 0.280114\n"}
,{"stream_name":"stdout","time":2695.310018399,"data":"SECONDARY_EDGE_TTA_ACTIVE views= 8 weight= 0.75 mean_abs_feat_delta= 0.238582\n"}
,{"stream_name":"stdout","time":2695.393866151,"data":"SECONDARY_EDGE_TTA_ACTIVE views= 8 weight= 0.75 mean_abs_feat_delta= 0.238191\n"}
,{"stream_name":"stdout","time":2695.512730243,"data":"SECONDARY_EDGE_TTA_ACTIVE views= 8 weight= 0.75 mean_abs_feat_delta= 0.238582\n"}
,{"stream_name":"stdout","time":2695.512783878,"data":"SECONDARY_EDGE_TTA_ACTIVE views= 8 weight= 0.75 mean_abs_feat_delta= 0.238191\n"}
,{"stream_name":"stdout","time":2696.466041302,"data":"EDGE_TTA_ACTIVE views= 8 mean_abs_feat_delta= 0.328408\n"}
,{"stream_name":"stdout","time":2696.470219969,"data":"EDGE_TTA_ACTIVE views= 8 mean_abs_feat_delta= 0.287119\n"}
,{"stream_name":"stdout","time":2696.668409961,"data":"EDGE_TTA_ACTIVE views= 8 mean_abs_feat_delta= 0.328408\n"}
,{"stream_name":"stdout","time":2696.668443395,"data":"EDGE_TTA_ACTIVE views= 8 mean_abs_feat_delta= 0.287119\n"}
,{"stream_name":"stdout","time":2697.42572668,"data":"SECONDARY_EDGE_TTA_ACTIVE views= 8 weight= 0.75 mean_abs_feat_delta= 0.239577\n"}
,{"stream_name":"stdout","time":2697.439874632,"data":"SECONDARY_EDGE_TTA_ACTIVE views= 8 weight= 0.75 mean_abs_feat_delta= 0.222817\n"}
,{"stream_name":"stdout","time":2697.628656815,"data":"SECONDARY_EDGE_TTA_ACTIVE views= 8 weight= 0.75 mean_abs_feat_delta= 0.239577\n"}
,{"stream_name":"stdout","time":2697.628712816,"data":"SECONDARY_EDGE_TTA_ACTIVE views= 8 weight= 0.75 mean_abs_feat_delta= 0.222817\n"}
,{"stream_name":"stdout","time":2698.530998239,"data":"EDGE_TTA_ACTIVE views= 8 mean_abs_feat_delta= 0.328975\n"}
,{"stream_name":"stdout","time":2698.554000472,"data":"EDGE_TTA_ACTIVE views= 8 mean_abs_feat_delta= 0.282418\n"}
,{"stream_name":"stdout","time":2698.733502075,"data":"EDGE_TTA_ACTIVE views= 8 mean_abs_feat_delta= 0.328975\n"}
,{"stream_name":"stdout","time":2698.733546555,"data":"EDGE_TTA_ACTIVE views= 8 mean_abs_feat_delta= 0.282418\n"}
,{"stream_name":"stdout","time":2699.491150567,"data":"SECONDARY_EDGE_TTA_ACTIVE views= 8 weight= 0.75 mean_abs_feat_delta= 0.236484\n"}
,{"stream_name":"stdout","time":2699.51572352,"data":"SECONDARY_EDGE_TTA_ACTIVE views= 8 weight= 0.75 mean_abs_feat_delta= 0.228649\n"}
,{"stream_name":"stdout","time":2699.694226856,"data":"SECONDARY_EDGE_TTA_ACTIVE views= 8 weight= 0.75 mean_abs_feat_delta= 0.236484\n"}
,{"stream_name":"stdout","time":2699.69426817,"data":"SECONDARY_EDGE_TTA_ACTIVE views= 8 weight= 0.75 mean_abs_feat_delta= 0.228649\n"}
,{"stream_name":"stdout","time":2700.582576032,"data":"EDGE_TTA_ACTIVE views= 8 mean_abs_feat_delta= 0.329898\n"}
,{"stream_name":"stdout","time":2700.612606081,"data":"EDGE_TTA_ACTIVE views= 8 mean_abs_feat_delta= 0.275023\n"}
,{"stream_name":"stdout","time":2700.785388847,"data":"EDGE_TTA_ACTIVE views= 8 mean_abs_feat_delta= 0.329898\n"}
,{"stream_name":"stdout","time":2700.78546141,"data":"EDGE_TTA_ACTIVE views= 8 mean_abs_feat_delta= 0.275023\n"}
,{"stream_name":"stdout","time":2701.546446154,"data":"SECONDARY_EDGE_TTA_ACTIVE views= 8 weight= 0.75 mean_abs_feat_delta= 0.237993\n"}
,{"stream_name":"stdout","time":2701.576047267,"data":"SECONDARY_EDGE_TTA_ACTIVE views= 8 weight= 0.75 mean_abs_feat_delta= 0.244711\n"}
,{"stream_name":"stdout","time":2701.748971825,"data":"SECONDARY_EDGE_TTA_ACTIVE views= 8 weight= 0.75 mean_abs_feat_delta= 0.237993\n"}
,{"stream_name":"stdout","time":2701.749031533,"data":"SECONDARY_EDGE_TTA_ACTIVE views= 8 weight= 0.75 mean_abs_feat_delta= 0.244711\n"}
,{"stream_name":"stdout","time":2702.582921002,"data":"EDGE_TTA_ACTIVE views= 8 mean_abs_feat_delta= 0.327894\n"}
,{"stream_name":"stdout","time":2702.664212808,"data":"EDGE_TTA_ACTIVE views= 8 mean_abs_feat_delta= 0.279236\n"}
,{"stream_name":"stdout","time":2702.785700626,"data":"EDGE_TTA_ACTIVE views= 8 mean_abs_feat_delta= 0.327894\n"}
,{"stream_name":"stdout","time":2702.785735697,"data":"EDGE_TTA_ACTIVE views= 8 mean_abs_feat_delta= 0.279236\n"}
,{"stream_name":"stdout","time":2703.542542929,"data":"SECONDARY_EDGE_TTA_ACTIVE views= 8 weight= 0.75 mean_abs_feat_delta= 0.237807\n"}
,{"stream_name":"stdout","time":2703.624736289,"data":"SECONDARY_EDGE_TTA_ACTIVE views= 8 weight= 0.75 mean_abs_feat_delta= 0.224498\n"}
,{"stream_name":"stdout","time":2703.745175295,"data":"SECONDARY_EDGE_TTA_ACTIVE views= 8 weight= 0.75 mean_abs_feat_delta= 0.237807\n"}
,{"stream_name":"stdout","time":2703.745214508,"data":"SECONDARY_EDGE_TTA_ACTIVE views= 8 weight= 0.75 mean_abs_feat_delta= 0.224498\n"}
,{"stream_name":"stdout","time":2704.610014187,"data":"EDGE_TTA_ACTIVE views= 8 mean_abs_feat_delta= 0.327075\n"}
,{"stream_name":"stdout","time":2704.730903004,"data":"EDGE_TTA_ACTIVE views= 8 mean_abs_feat_delta= 0.280951\n"}
,{"stream_name":"stdout","time":2704.812644295,"data":"EDGE_TTA_ACTIVE views= 8 mean_abs_feat_delta= 0.327075\n"}
,{"stream_name":"stdout","time":2704.812696735,"data":"EDGE_TTA_ACTIVE views= 8 mean_abs_feat_delta= 0.280951\n"}
,{"stream_name":"stdout","time":2705.570935007,"data":"SECONDARY_EDGE_TTA_ACTIVE views= 8 weight= 0.75 mean_abs_feat_delta= 0.23964\n"}
,{"stream_name":"stdout","time":2705.691526196,"data":"SECONDARY_EDGE_TTA_ACTIVE views= 8 weight= 0.75 mean_abs_feat_delta= 0.222975\n"}
,{"stream_name":"stdout","time":2705.773210283,"data":"SECONDARY_EDGE_TTA_ACTIVE views= 8 weight= 0.75 mean_abs_feat_delta= 0.23964\n"}
,{"stream_name":"stdout","time":2705.773309359,"data":"SECONDARY_EDGE_TTA_ACTIVE views= 8 weight= 0.75 mean_abs_feat_delta= 0.222975\n"}
,{"stream_name":"stdout","time":2706.616819066,"data":"EDGE_TTA_ACTIVE views= 8 mean_abs_feat_delta= 0.325235\n"}
,{"stream_name":"stdout","time":2706.795321521,"data":"EDGE_TTA_ACTIVE views= 8 mean_abs_feat_delta= 0.282683\n"}
,{"stream_name":"stdout","time":2706.819448884,"data":"EDGE_TTA_ACTIVE views= 8 mean_abs_feat_delta= 0.325235\n"}
,{"stream_name":"stdout","time":2706.819475288,"data":"EDGE_TTA_ACTIVE views= 8 mean_abs_feat_delta= 0.282683\n"}
,{"stream_name":"stdout","time":2707.576086113,"data":"SECONDARY_EDGE_TTA_ACTIVE views= 8 weight= 0.75 mean_abs_feat_delta= 0.238017\n"}
,{"stream_name":"stdout","time":2707.754219229,"data":"SECONDARY_EDGE_TTA_ACTIVE views= 8 weight= 0.75 mean_abs_feat_delta= 0.216934\n"}
,{"stream_name":"stdout","time":2707.77888945,"data":"SECONDARY_EDGE_TTA_ACTIVE views= 8 weight= 0.75 mean_abs_feat_delta= 0.238017\n"}
,{"stream_name":"stdout","time":2707.778958297,"data":"SECONDARY_EDGE_TTA_ACTIVE views= 8 weight= 0.75 mean_abs_feat_delta= 0.216934\n"}
,{"stream_name":"stdout","time":2708.648567297,"data":"EDGE_TTA_ACTIVE views= 8 mean_abs_feat_delta= 0.322041\n"}
,{"stream_name":"stdout","time":2708.844211863,"data":"EDGE_TTA_ACTIVE views= 8 mean_abs_feat_delta= 0.279078\n"}
,{"stream_name":"stdout","time":2708.851409056,"data":"EDGE_TTA_ACTIVE views= 8 mean_abs_feat_delta= 0.322041\n"}
,{"stream_name":"stdout","time":2708.85144378,"data":"EDGE_TTA_ACTIVE views= 8 mean_abs_feat_delta= 0.279078\n"}
,{"stream_name":"stdout","time":2709.61838466,"data":"SECONDARY_EDGE_TTA_ACTIVE views= 8 weight= 0.75 mean_abs_feat_delta= 0.238274\n"}
,{"stream_name":"stdout","time":2709.811923266,"data":"SECONDARY_EDGE_TTA_ACTIVE views= 8 weight= 0.75 mean_abs_feat_delta= 0.233215\n"}
,{"stream_name":"stdout","time":2709.821207014,"data":"SECONDARY_EDGE_TTA_ACTIVE views= 8 weight= 0.75 mean_abs_feat_delta= 0.238274\n"}
,{"stream_name":"stdout","time":2709.821232555,"data":"SECONDARY_EDGE_TTA_ACTIVE views= 8 weight= 0.75 mean_abs_feat_delta= 0.233215\n"}
,{"stream_name":"stdout","time":2710.662883878,"data":"EDGE_TTA_ACTIVE views= 8 mean_abs_feat_delta= 0.322646\n"}
,{"stream_name":"stdout","time":2710.865412704,"data":"EDGE_TTA_ACTIVE views= 8 mean_abs_feat_delta= 0.322646\n"}
,{"stream_name":"stdout","time":2710.921494924,"data":"EDGE_TTA_ACTIVE views= 8 mean_abs_feat_delta= 0.283394\n"}
,{"stream_name":"stdout","time":2711.124115615,"data":"EDGE_TTA_ACTIVE views= 8 mean_abs_feat_delta= 0.283394\n"}
,{"stream_name":"stdout","time":2711.625617832,"data":"SECONDARY_EDGE_TTA_ACTIVE views= 8 weight= 0.75 mean_abs_feat_delta= 0.237859\n"}
,{"stream_name":"stdout","time":2711.828408193,"data":"SECONDARY_EDGE_TTA_ACTIVE views= 8 weight= 0.75 mean_abs_feat_delta= 0.237859\n"}
,{"stream_name":"stdout","time":2711.883061657,"data":"SECONDARY_EDGE_TTA_ACTIVE views= 8 weight= 0.75 mean_abs_feat_delta= 0.22335\n"}
,{"stream_name":"stdout","time":2712.085974494,"data":"SECONDARY_EDGE_TTA_ACTIVE views= 8 weight= 0.75 mean_abs_feat_delta= 0.22335\n"}
,{"stream_name":"stdout","time":2712.669075452,"data":"EDGE_TTA_ACTIVE views= 8 mean_abs_feat_delta= 0.321154\n"}
,{"stream_name":"stdout","time":2712.871571069,"data":"EDGE_TTA_ACTIVE views= 8 mean_abs_feat_delta= 0.321154\n"}
,{"stream_name":"stdout","time":2712.989582514,"data":"EDGE_TTA_ACTIVE views= 8 mean_abs_feat_delta= 0.281801\n"}
,{"stream_name":"stdout","time":2713.192242347,"data":"EDGE_TTA_ACTIVE views= 8 mean_abs_feat_delta= 0.281801\n"}
,{"stream_name":"stdout","time":2713.630216858,"data":"SECONDARY_EDGE_TTA_ACTIVE views= 8 weight= 0.75 mean_abs_feat_delta= 0.240778\n"}
,{"stream_name":"stdout","time":2713.83339025,"data":"SECONDARY_EDGE_TTA_ACTIVE views= 8 weight= 0.75 mean_abs_feat_delta= 0.240778\n"}
,{"stream_name":"stdout","time":2713.951053549,"data":"SECONDARY_EDGE_TTA_ACTIVE views= 8 weight= 0.75 mean_abs_feat_delta= 0.223991\n"}
,{"stream_name":"stdout","time":2714.153488082,"data":"SECONDARY_EDGE_TTA_ACTIVE views= 8 weight= 0.75 mean_abs_feat_delta= 0.223991\n"}
,{"stream_name":"stdout","time":2714.676467116,"data":"EDGE_TTA_ACTIVE views= 8 mean_abs_feat_delta= 0.323674\n"}
,{"stream_name":"stdout","time":2714.878997066,"data":"EDGE_TTA_ACTIVE views= 8 mean_abs_feat_delta= 0.323674\n"}
,{"stream_name":"stdout","time":2715.025515498,"data":"EDGE_TTA_ACTIVE views= 8 mean_abs_feat_delta= 0.283172\n"}
,{"stream_name":"stdout","time":2715.228464152,"data":"EDGE_TTA_ACTIVE views= 8 mean_abs_feat_delta= 0.283172\n"}
,{"stream_name":"stdout","time":2715.63607605,"data":"SECONDARY_EDGE_TTA_ACTIVE views= 8 weight= 0.75 mean_abs_feat_delta= 0.237089\n"}
,{"stream_name":"stdout","time":2715.838707713,"data":"SECONDARY_EDGE_TTA_ACTIVE views= 8 weight= 0.75 mean_abs_feat_delta= 0.237089\n"}
,{"stream_name":"stdout","time":2715.994714249,"data":"SECONDARY_EDGE_TTA_ACTIVE views= 8 weight= 0.75 mean_abs_feat_delta= 0.226702\n"}
,{"stream_name":"stdout","time":2716.197262192,"data":"SECONDARY_EDGE_TTA_ACTIVE views= 8 weight= 0.75 mean_abs_feat_delta= 0.226702\n"}
,{"stream_name":"stdout","time":2716.691376433,"data":"EDGE_TTA_ACTIVE views= 8 mean_abs_feat_delta= 0.323378\n"}
,{"stream_name":"stdout","time":2716.89424732,"data":"EDGE_TTA_ACTIVE views= 8 mean_abs_feat_delta= 0.323378\n"}
,{"stream_name":"stdout","time":2717.086818448,"data":"EDGE_TTA_ACTIVE views= 8 mean_abs_feat_delta= 0.281577\n"}
,{"stream_name":"stdout","time":2717.289323577,"data":"EDGE_TTA_ACTIVE views= 8 mean_abs_feat_delta= 0.281577\n"}
,{"stream_name":"stdout","time":2717.658158797,"data":"SECONDARY_EDGE_TTA_ACTIVE views= 8 weight= 0.75 mean_abs_feat_delta= 0.235941\n"}
,{"stream_name":"stdout","time":2717.860893189,"data":"SECONDARY_EDGE_TTA_ACTIVE views= 8 weight= 0.75 mean_abs_feat_delta= 0.235941\n"}
,{"stream_name":"stdout","time":2718.058328905,"data":"SECONDARY_EDGE_TTA_ACTIVE views= 8 weight= 0.75 mean_abs_feat_delta= 0.212977\n"}
,{"stream_name":"stdout","time":2718.261163391,"data":"SECONDARY_EDGE_TTA_ACTIVE views= 8 weight= 0.75 mean_abs_feat_delta= 0.212977\n"}
,{"stream_name":"stdout","time":2718.68992771,"data":"EDGE_TTA_ACTIVE views= 8 mean_abs_feat_delta= 0.321629\n"}
,{"stream_name":"stdout","time":2718.892466016,"data":"EDGE_TTA_ACTIVE views= 8 mean_abs_feat_delta= 0.321629\n"}
,{"stream_name":"stdout","time":2719.15079378,"data":"EDGE_TTA_ACTIVE views= 8 mean_abs_feat_delta= 0.286587\n"}
,{"stream_name":"stdout","time":2719.353503883,"data":"EDGE_TTA_ACTIVE views= 8 mean_abs_feat_delta= 0.286587\n"}
,{"stream_name":"stdout","time":2719.650440386,"data":"SECONDARY_EDGE_TTA_ACTIVE views= 8 weight= 0.75 mean_abs_feat_delta= 0.235451\n"}
,{"stream_name":"stdout","time":2720.001435562,"data":"SECONDARY_EDGE_TTA_ACTIVE views= 8 weight= 0.75 mean_abs_feat_delta= 0.235451\n"}
,{"stream_name":"stdout","time":2720.123864234,"data":"SECONDARY_EDGE_TTA_ACTIVE views= 8 weight= 0.75 mean_abs_feat_delta= 0.21183\n"}
,{"stream_name":"stdout","time":2720.327156745,"data":"SECONDARY_EDGE_TTA_ACTIVE views= 8 weight= 0.75 mean_abs_feat_delta= 0.21183\n"}
,{"stream_name":"stdout","time":2720.693811252,"data":"EDGE_TTA_ACTIVE views= 8 mean_abs_feat_delta= 0.318921\n"}
,{"stream_name":"stdout","time":2720.896577215,"data":"EDGE_TTA_ACTIVE views= 8 mean_abs_feat_delta= 0.318921\n"}
,{"stream_name":"stdout","time":2721.194720635,"data":"EDGE_TTA_ACTIVE views= 8 mean_abs_feat_delta= 0.290972\n"}
,{"stream_name":"stdout","time":2721.397718441,"data":"EDGE_TTA_ACTIVE views= 8 mean_abs_feat_delta= 0.290972\n"}
,{"stream_name":"stdout","time":2721.65351645,"data":"SECONDARY_EDGE_TTA_ACTIVE views= 8 weight= 0.75 mean_abs_feat_delta= 0.232827\n"}
,{"stream_name":"stdout","time":2721.856186929,"data":"SECONDARY_EDGE_TTA_ACTIVE views= 8 weight= 0.75 mean_abs_feat_delta= 0.232827\n"}
,{"stream_name":"stdout","time":2722.167420034,"data":"SECONDARY_EDGE_TTA_ACTIVE views= 8 weight= 0.75 mean_abs_feat_delta= 0.224569\n"}
,{"stream_name":"stdout","time":2722.369964099,"data":"SECONDARY_EDGE_TTA_ACTIVE views= 8 weight= 0.75 mean_abs_feat_delta= 0.224569\n"}
,{"stream_name":"stdout","time":2722.702213669,"data":"EDGE_TTA_ACTIVE views= 8 mean_abs_feat_delta= 0.320734\n"}
,{"stream_name":"stdout","time":2722.904705391,"data":"EDGE_TTA_ACTIVE views= 8 mean_abs_feat_delta= 0.320734\n"}
,{"stream_name":"stdout","time":2723.299281132,"data":"EDGE_TTA_ACTIVE views= 8 mean_abs_feat_delta= 0.288332\n"}
,{"stream_name":"stdout","time":2723.501999018,"data":"EDGE_TTA_ACTIVE views= 8 mean_abs_feat_delta= 0.288332\n"}
,{"stream_name":"stdout","time":2723.662660276,"data":"SECONDARY_EDGE_TTA_ACTIVE views= 8 weight= 0.75 mean_abs_feat_delta= 0.235531\n"}
,{"stream_name":"stdout","time":2723.86539324,"data":"SECONDARY_EDGE_TTA_ACTIVE views= 8 weight= 0.75 mean_abs_feat_delta= 0.235531\n"}
,{"stream_name":"stdout","time":2724.271107786,"data":"SECONDARY_EDGE_TTA_ACTIVE views= 8 weight= 0.75 mean_abs_feat_delta= 0.225751\n"}
,{"stream_name":"stdout","time":2724.473980848,"data":"SECONDARY_EDGE_TTA_ACTIVE views= 8 weight= 0.75 mean_abs_feat_delta= 0.225751\n"}
,{"stream_name":"stdout","time":2724.728069109,"data":"EDGE_TTA_ACTIVE views= 8 mean_abs_feat_delta= 0.323839\n"}
,{"stream_name":"stdout","time":2724.930855191,"data":"EDGE_TTA_ACTIVE views= 8 mean_abs_feat_delta= 0.323839\n"}
,{"stream_name":"stdout","time":2725.363989347,"data":"EDGE_TTA_ACTIVE views= 8 mean_abs_feat_delta= 0.29016\n"}
,{"stream_name":"stdout","time":2725.566836244,"data":"EDGE_TTA_ACTIVE views= 8 mean_abs_feat_delta= 0.29016\n"}
,{"stream_name":"stdout","time":2725.688015041,"data":"SECONDARY_EDGE_TTA_ACTIVE views= 8 weight= 0.75 mean_abs_feat_delta= 0.232285\n"}
,{"stream_name":"stdout","time":2725.890737037,"data":"SECONDARY_EDGE_TTA_ACTIVE views= 8 weight= 0.75 mean_abs_feat_delta= 0.232285\n"}
,{"stream_name":"stdout","time":2726.334428124,"data":"SECONDARY_EDGE_TTA_ACTIVE views= 8 weight= 0.75 mean_abs_feat_delta= 0.228961\n"}
,{"stream_name":"stdout","time":2726.53707306,"data":"SECONDARY_EDGE_TTA_ACTIVE views= 8 weight= 0.75 mean_abs_feat_delta= 0.228961\n"}
,{"stream_name":"stdout","time":2726.791651924,"data":"EDGE_TTA_ACTIVE views= 8 mean_abs_feat_delta= 0.322788\n"}
,{"stream_name":"stdout","time":2726.994308007,"data":"EDGE_TTA_ACTIVE views= 8 mean_abs_feat_delta= 0.322788\n"}
,{"stream_name":"stdout","time":2727.448024469,"data":"EDGE_TTA_ACTIVE views= 8 mean_abs_feat_delta= 0.292393\n"}
,{"stream_name":"stdout","time":2727.651036223,"data":"EDGE_TTA_ACTIVE views= 8 mean_abs_feat_delta= 0.292393\n"}
,{"stream_name":"stdout","time":2727.750796893,"data":"SECONDARY_EDGE_TTA_ACTIVE views= 8 weight= 0.75 mean_abs_feat_delta= 0.230336\n"}
,{"stream_name":"stdout","time":2727.953432163,"data":"SECONDARY_EDGE_TTA_ACTIVE views= 8 weight= 0.75 mean_abs_feat_delta= 0.230336\n"}
,{"stream_name":"stdout","time":2728.418125854,"data":"SECONDARY_EDGE_TTA_ACTIVE views= 8 weight= 0.75 mean_abs_feat_delta= 0.223144\n"}
,{"stream_name":"stdout","time":2728.620603043,"data":"SECONDARY_EDGE_TTA_ACTIVE views= 8 weight= 0.75 mean_abs_feat_delta= 0.223144\n"}
,{"stream_name":"stdout","time":2728.828916713,"data":"EDGE_TTA_ACTIVE views= 8 mean_abs_feat_delta= 0.32248\n"}
,{"stream_name":"stdout","time":2729.031470456,"data":"EDGE_TTA_ACTIVE views= 8 mean_abs_feat_delta= 0.32248\n"}
,{"stream_name":"stdout","time":2729.51141427,"data":"EDGE_TTA_ACTIVE views= 8 mean_abs_feat_delta= 0.284525\n"}
,{"stream_name":"stdout","time":2729.713889563,"data":"EDGE_TTA_ACTIVE views= 8 mean_abs_feat_delta= 0.284525\n"}
,{"stream_name":"stdout","time":2729.795924728,"data":"SECONDARY_EDGE_TTA_ACTIVE views= 8 weight= 0.75 mean_abs_feat_delta= 0.230028\n"}
,{"stream_name":"stdout","time":2729.998739503,"data":"SECONDARY_EDGE_TTA_ACTIVE views= 8 weight= 0.75 mean_abs_feat_delta= 0.230028\n"}
,{"stream_name":"stdout","time":2730.482970241,"data":"SECONDARY_EDGE_TTA_ACTIVE views= 8 weight= 0.75 mean_abs_feat_delta= 0.24042\n"}
,{"stream_name":"stdout","time":2730.685328897,"data":"SECONDARY_EDGE_TTA_ACTIVE views= 8 weight= 0.75 mean_abs_feat_delta= 0.24042\n"}
,{"stream_name":"stdout","time":2730.860171949,"data":"EDGE_TTA_ACTIVE views= 8 mean_abs_feat_delta= 0.319289\n"}
,{"stream_name":"stdout","time":2731.063109311,"data":"EDGE_TTA_ACTIVE views= 8 mean_abs_feat_delta= 0.319289\n"}
,{"stream_name":"stdout","time":2731.821444078,"data":"SECONDARY_EDGE_TTA_ACTIVE views= 8 weight= 0.75 mean_abs_feat_delta= 0.22852\n"}
,{"stream_name":"stdout","time":2732.024202934,"data":"SECONDARY_EDGE_TTA_ACTIVE views= 8 weight= 0.75 mean_abs_feat_delta= 0.22852\n"}
,{"stream_name":"stdout","time":2732.868059476,"data":"EDGE_TTA_ACTIVE views= 8 mean_abs_feat_delta= 0.321281\n"}
,{"stream_name":"stdout","time":2733.070847701,"data":"EDGE_TTA_ACTIVE views= 8 mean_abs_feat_delta= 0.321281\n"}
,{"stream_name":"stdout","time":2733.827501657,"data":"SECONDARY_EDGE_TTA_ACTIVE views= 8 weight= 0.75 mean_abs_feat_delta= 0.229654\n"}
,{"stream_name":"stdout","time":2734.030462706,"data":"SECONDARY_EDGE_TTA_ACTIVE views= 8 weight= 0.75 mean_abs_feat_delta= 0.229654\n"}
,{"stream_name":"stdout","time":2734.934097514,"data":"EDGE_TTA_ACTIVE views= 8 mean_abs_feat_delta= 0.320096\n"}
,{"stream_name":"stdout","time":2735.136827534,"data":"EDGE_TTA_ACTIVE views= 8 mean_abs_feat_delta= 0.320096\n"}
,{"stream_name":"stdout","time":2735.89379334,"data":"SECONDARY_EDGE_TTA_ACTIVE views= 8 weight= 0.75 mean_abs_feat_delta= 0.233875\n"}
,{"stream_name":"stdout","time":2736.096835203,"data":"SECONDARY_EDGE_TTA_ACTIVE views= 8 weight= 0.75 mean_abs_feat_delta= 0.233875\n"}
,{"stream_name":"stdout","time":2736.966482849,"data":"EDGE_TTA_ACTIVE views= 8 mean_abs_feat_delta= 0.322533\n"}
,{"stream_name":"stdout","time":2737.17038644,"data":"EDGE_TTA_ACTIVE views= 8 mean_abs_feat_delta= 0.322533\n"}
,{"stream_name":"stdout","time":2737.935700744,"data":"SECONDARY_EDGE_TTA_ACTIVE views= 8 weight= 0.75 mean_abs_feat_delta= 0.236398\n"}
,{"stream_name":"stdout","time":2738.138302924,"data":"SECONDARY_EDGE_TTA_ACTIVE views= 8 weight= 0.75 mean_abs_feat_delta= 0.236398\n"}
,{"stream_name":"stdout","time":2739.026372543,"data":"EDGE_TTA_ACTIVE views= 8 mean_abs_feat_delta= 0.324871\n"}
,{"stream_name":"stdout","time":2739.229267303,"data":"EDGE_TTA_ACTIVE views= 8 mean_abs_feat_delta= 0.324871\n"}
,{"stream_name":"stdout","time":2739.986095573,"data":"SECONDARY_EDGE_TTA_ACTIVE views= 8 weight= 0.75 mean_abs_feat_delta= 0.231312\n"}
,{"stream_name":"stdout","time":2740.188623243,"data":"SECONDARY_EDGE_TTA_ACTIVE views= 8 weight= 0.75 mean_abs_feat_delta= 0.231312\n"}
,{"stream_name":"stdout","time":2741.077381005,"data":"EDGE_TTA_ACTIVE views= 8 mean_abs_feat_delta= 0.322556\n"}
,{"stream_name":"stdout","time":2741.28004174,"data":"EDGE_TTA_ACTIVE views= 8 mean_abs_feat_delta= 0.322556\n"}
,{"stream_name":"stdout","time":2742.044972812,"data":"SECONDARY_EDGE_TTA_ACTIVE views= 8 weight= 0.75 mean_abs_feat_delta= 0.231049\n"}
,{"stream_name":"stdout","time":2742.247438791,"data":"SECONDARY_EDGE_TTA_ACTIVE views= 8 weight= 0.75 mean_abs_feat_delta= 0.231049\n"}
,{"stream_name":"stdout","time":2743.101725512,"data":"EDGE_TTA_ACTIVE views= 8 mean_abs_feat_delta= 0.320114\n"}
,{"stream_name":"stdout","time":2743.304273527,"data":"EDGE_TTA_ACTIVE views= 8 mean_abs_feat_delta= 0.320114\n"}
,{"stream_name":"stdout","time":2744.062792313,"data":"SECONDARY_EDGE_TTA_ACTIVE views= 8 weight= 0.75 mean_abs_feat_delta= 0.231387\n"}
,{"stream_name":"stdout","time":2744.265295544,"data":"SECONDARY_EDGE_TTA_ACTIVE views= 8 weight= 0.75 mean_abs_feat_delta= 0.231387\n"}
,{"stream_name":"stdout","time":2745.110293944,"data":"EDGE_TTA_ACTIVE views= 8 mean_abs_feat_delta= 0.318514\n"}
,{"stream_name":"stdout","time":2745.313076864,"data":"EDGE_TTA_ACTIVE views= 8 mean_abs_feat_delta= 0.318514\n"}
,{"stream_name":"stdout","time":2746.072852422,"data":"SECONDARY_EDGE_TTA_ACTIVE views= 8 weight= 0.75 mean_abs_feat_delta= 0.228925\n"}
,{"stream_name":"stdout","time":2746.275695591,"data":"SECONDARY_EDGE_TTA_ACTIVE views= 8 weight= 0.75 mean_abs_feat_delta= 0.228925\n"}
,{"stream_name":"stdout","time":2747.114529224,"data":"EDGE_TTA_ACTIVE views= 8 mean_abs_feat_delta= 0.322403\n"}
,{"stream_name":"stdout","time":2747.317380818,"data":"EDGE_TTA_ACTIVE views= 8 mean_abs_feat_delta= 0.322403\n"}
,{"stream_name":"stdout","time":2748.079656819,"data":"SECONDARY_EDGE_TTA_ACTIVE views= 8 weight= 0.75 mean_abs_feat_delta= 0.233001\n"}
,{"stream_name":"stdout","time":2748.282635617,"data":"SECONDARY_EDGE_TTA_ACTIVE views= 8 weight= 0.75 mean_abs_feat_delta= 0.233001\n"}
,{"stream_name":"stdout","time":2749.133323053,"data":"EDGE_TTA_ACTIVE views= 8 mean_abs_feat_delta= 0.320312\n"}
,{"stream_name":"stdout","time":2749.336343451,"data":"EDGE_TTA_ACTIVE views= 8 mean_abs_feat_delta= 0.320312\n"}
,{"stream_name":"stdout","time":2750.092810882,"data":"SECONDARY_EDGE_TTA_ACTIVE views= 8 weight= 0.75 mean_abs_feat_delta= 0.231556\n"}
,{"stream_name":"stdout","time":2750.442740906,"data":"SECONDARY_EDGE_TTA_ACTIVE views= 8 weight= 0.75 mean_abs_feat_delta= 0.231556\n"}
,{"stream_name":"stdout","time":2751.1389431,"data":"EDGE_TTA_ACTIVE views= 8 mean_abs_feat_delta= 0.324015\n"}
,{"stream_name":"stdout","time":2751.342149293,"data":"EDGE_TTA_ACTIVE views= 8 mean_abs_feat_delta= 0.324015\n"}
,{"stream_name":"stdout","time":2752.100692973,"data":"SECONDARY_EDGE_TTA_ACTIVE views= 8 weight= 0.75 mean_abs_feat_delta= 0.231264\n"}
,{"stream_name":"stdout","time":2752.303256779,"data":"SECONDARY_EDGE_TTA_ACTIVE views= 8 weight= 0.75 mean_abs_feat_delta= 0.231264\n"}
,{"stream_name":"stdout","time":2753.146211575,"data":"EDGE_TTA_ACTIVE views= 8 mean_abs_feat_delta= 0.326506\n"}
,{"stream_name":"stdout","time":2753.349081387,"data":"EDGE_TTA_ACTIVE views= 8 mean_abs_feat_delta= 0.326506\n"}
,{"stream_name":"stdout","time":2754.107627528,"data":"SECONDARY_EDGE_TTA_ACTIVE views= 8 weight= 0.75 mean_abs_feat_delta= 0.229436\n"}
,{"stream_name":"stdout","time":2754.310350332,"data":"SECONDARY_EDGE_TTA_ACTIVE views= 8 weight= 0.75 mean_abs_feat_delta= 0.229436\n"}
,{"stream_name":"stdout","time":2755.152476864,"data":"EDGE_TTA_ACTIVE views= 8 mean_abs_feat_delta= 0.326088\n"}
,{"stream_name":"stdout","time":2755.355472042,"data":"EDGE_TTA_ACTIVE views= 8 mean_abs_feat_delta= 0.326088\n"}
,{"stream_name":"stdout","time":2756.114509348,"data":"SECONDARY_EDGE_TTA_ACTIVE views= 8 weight= 0.75 mean_abs_feat_delta= 0.229138\n"}
,{"stream_name":"stdout","time":2756.317623445,"data":"SECONDARY_EDGE_TTA_ACTIVE views= 8 weight= 0.75 mean_abs_feat_delta= 0.229138\n"}
,{"stream_name":"stdout","time":2757.170882445,"data":"EDGE_TTA_ACTIVE views= 8 mean_abs_feat_delta= 0.325667\n"}
,{"stream_name":"stdout","time":2757.373683508,"data":"EDGE_TTA_ACTIVE views= 8 mean_abs_feat_delta= 0.325667\n"}
,{"stream_name":"stdout","time":2758.142563429,"data":"SECONDARY_EDGE_TTA_ACTIVE views= 8 weight= 0.75 mean_abs_feat_delta= 0.22983\n"}
,{"stream_name":"stdout","time":2758.345278475,"data":"SECONDARY_EDGE_TTA_ACTIVE views= 8 weight= 0.75 mean_abs_feat_delta= 0.22983\n"}
,{"stream_name":"stdout","time":2759.208397699,"data":"EDGE_TTA_ACTIVE views= 8 mean_abs_feat_delta= 0.328685\n"}
,{"stream_name":"stdout","time":2759.410889413,"data":"EDGE_TTA_ACTIVE views= 8 mean_abs_feat_delta= 0.328685\n"}
,{"stream_name":"stdout","time":2760.171721947,"data":"SECONDARY_EDGE_TTA_ACTIVE views= 8 weight= 0.75 mean_abs_feat_delta= 0.230204\n"}
,{"stream_name":"stdout","time":2760.374281074,"data":"SECONDARY_EDGE_TTA_ACTIVE views= 8 weight= 0.75 mean_abs_feat_delta= 0.230204\n"}
,{"stream_name":"stdout","time":2761.207624982,"data":"EDGE_TTA_ACTIVE views= 8 mean_abs_feat_delta= 0.327838\n"}
,{"stream_name":"stdout","time":2761.410122447,"data":"EDGE_TTA_ACTIVE views= 8 mean_abs_feat_delta= 0.327838\n"}
,{"stream_name":"stdout","time":2761.526172572,"data":"Saved 4 predictions to /kaggle/working/tracking_repo/predictions/unknown/unet_transformer_val_gpu1/split_0\n"}
,{"stream_name":"stdout","time":2761.728800336,"data":"Saved 4 predictions to /kaggle/working/tracking_repo/predictions/unknown/unet_transformer_val_gpu1/split_0\n"}
,{"stream_name":"stdout","time":2762.17950787,"data":"SECONDARY_EDGE_TTA_ACTIVE views= 8 weight= 0.75 mean_abs_feat_delta= 0.230942\n"}
,{"stream_name":"stdout","time":2762.382331445,"data":"SECONDARY_EDGE_TTA_ACTIVE views= 8 weight= 0.75 mean_abs_feat_delta= 0.230942\n"}
,{"stream_name":"stdout","time":2763.22886032,"data":"EDGE_TTA_ACTIVE views= 8 mean_abs_feat_delta= 0.330718\n"}
,{"stream_name":"stdout","time":2763.431129181,"data":"EDGE_TTA_ACTIVE views= 8 mean_abs_feat_delta= 0.330718\n"}
,{"stream_name":"stdout","time":2764.196803105,"data":"SECONDARY_EDGE_TTA_ACTIVE views= 8 weight= 0.75 mean_abs_feat_delta= 0.226047\n"}
,{"stream_name":"stdout","time":2764.399280774,"data":"SECONDARY_EDGE_TTA_ACTIVE views= 8 weight= 0.75 mean_abs_feat_delta= 0.226047\n"}
,{"stream_name":"stdout","time":2770.936415565,"data":"Saved 4 predictions to /kaggle/working/tracking_repo/predictions/unknown/unet_transformer_val_gpu0/split_0\n"}
,{"stream_name":"stdout","time":2771.139205275,"data":"Saved 4 predictions to /kaggle/working/tracking_repo/predictions/unknown/unet_transformer_val_gpu0/split_0\n"}
,{"stream_name":"stdout","time":2772.268809138,"data":"VALIDATOR: merged 8 prediction graphs into /kaggle/working/tracking_repo/predictions/unknown/unet_transformer_val/split_0\n"}
,{"stream_name":"stdout","time":2772.268838832,"data":"VALIDATOR: prediction completed in 15.35 minutes\n"}
,{"stream_name":"stdout","time":2772.858458714,"data":"Post-process base configuration (public 0.939):\n"}
,{"stream_name":"stdout","time":2772.858500069,"data":"  SAFE_DIV_MAX_UM                          9.0\n"}
,{"stream_name":"stdout","time":2772.858504443,"data":"  SAFE_DIV_SISTER_MAX_UM                   14.0\n"}
,{"stream_name":"stdout","time":2772.858508003,"data":"  SAFE_DIV_DIVERGE_UM                      2.25\n"}
,{"stream_name":"stdout","time":2772.85851214,"data":"  SAFE_DIV_SISTER_SYMMETRY_TAU             0.6\n"}
,{"stream_name":"stdout","time":2772.858531245,"data":"  SAFE_DIV_EXISTING_CHILD_MAX_UM           10.0\n"}
,{"stream_name":"stdout","time":2772.858536822,"data":"  SAFE_DIV_FRAME_FRAC_CAP                  0.0076\n"}
,{"stream_name":"stdout","time":2772.858542303,"data":"  SAFE_DIV_GLOBAL_FRAC_CAP                 0.00375\n"}
,{"stream_name":"stdout","time":2772.858575051,"data":"  DEEPCENTER_SAFE_DIV_THRESHOLD            0.25\n"}
,{"stream_name":"stdout","time":2772.858585075,"data":"  DEEPCENTER_GAP_THRESHOLD                 0.25\n"}
,{"stream_name":"stdout","time":2772.858587681,"data":"  GAP_CLOSE_UM                             5.0\n"}
,{"stream_name":"stdout","time":2772.858590137,"data":"  OUTPUT_MIN_TRACK_LEN                     6\n"}
,{"stream_name":"stdout","time":2772.858592511,"data":"  SHORT_TRACK_RESCUE_MIN_MEAN_EDGE_PROB    0.88\n"}
,{"stream_name":"stdout","time":2772.858594987,"data":"  MOTION_RELINK_TIGHT_UM                   6.0\n"}
,{"stream_name":"stdout","time":2772.858597355,"data":"  MOTION_RELINK_RELAXED_UM                 10.0\n"}
,{"stream_name":"stdout","time":2772.858599757,"data":"  GAP2_MAX_STEP_UM                         4.4\n"}
,{"stream_name":"stdout","time":2772.858602129,"data":"  GAP2_MAX_TOTAL_UM                        10.2\n"}
,{"stream_name":"stdout","time":2772.858604762,"data":"  MOTION_RELINK_LEARNED_BONUS              1.0\n"}
,{"stream_name":"stdout","time":2772.858607174,"data":"  MOTION_RELINK_VELOCITY_WEIGHT            0.5\n"}
,{"stream_name":"stdout","time":2772.858609541,"data":"  GAP_CLOSE_REUSE_UM                       3.2\n"}
,{"stream_name":"stdout","time":2772.858611936,"data":"  OUTPUT_EDGE_MAX_UM                       14.0\n"}
,{"stream_name":"stdout","time":2777.704610595,"data":"VALIDATOR: cached 8 raw prediction graphs + GT\n"}
,{"stream_name":"stdout","time":2777.704656406,"data":"\n"}
,{"stream_name":"stdout","time":2777.704661211,"data":"==============================================================================\n"}
,{"stream_name":"stdout","time":2777.704665036,"data":"LOCAL VALIDATOR -- base configuration (public 0.939), official metric formula\n"}
,{"stream_name":"stdout","time":2777.704668469,"data":"(https://github.com/royerlab/kaggle-cell-tracking-competition/blob/main/metrics.md)\n"}
,{"stream_name":"stdout","time":2777.704672028,"data":"==============================================================================\n"}
,{"stream_name":"stdout","time":2843.937895602,"data":"  [44b6_12dfb391] after edge-filter+motion-relink: 45351 nodes, 43045 edges\n"}
,{"stream_name":"stdout","time":2857.166916859,"data":"  [44b6_12dfb391] after gap-closing (single-frame + gap2): 46006 nodes, 44284 edges\n"}
,{"stream_name":"stdout","time":2880.807556267,"data":"  [44b6_12dfb391] after safe-division repair: 46006 nodes, 44302 edges (geometric_candidates=150, deepcenter_rejected=132, post_veto_candidates=18, added=18, cap_skipped=0, mutual_nn_rejected=59, divergence_rejected=1557)\n"}
,{"stream_name":"stdout","time":2880.807595525,"data":"  [44b6_12dfb391] after division-geometry-filter+prune-isolated: 46004 nodes, 44302 edges\n"}
,{"stream_name":"stdout","time":2880.80760277,"data":"  [44b6_12dfb391] after short-track filtering: 44953 nodes, 43488 edges (components_removed=237)\n"}
,{"stream_name":"stdout","time":2890.50231329,"data":"  [44b6_12dfb391] FINAL: 44953 nodes, 43488 edges\n"}
,{"stream_name":"stdout","time":2908.544878127,"data":"  [44b6_267148e4] after edge-filter+motion-relink: 22829 nodes, 21448 edges\n"}
,{"stream_name":"stdout","time":2919.402162546,"data":"  [44b6_267148e4] after gap-closing (single-frame + gap2): 23070 nodes, 21883 edges\n"}
,{"stream_name":"stdout","time":2942.743175887,"data":"  [44b6_267148e4] after safe-division repair: 23070 nodes, 21899 edges (geometric_candidates=207, deepcenter_rejected=185, post_veto_candidates=22, added=16, cap_skipped=0, mutual_nn_rejected=133, divergence_rejected=1057)\n"}
,{"stream_name":"stdout","time":2942.743220626,"data":"  [44b6_267148e4] after division-geometry-filter+prune-isolated: 23010 nodes, 21899 edges\n"}
,{"stream_name":"stdout","time":2942.743250181,"data":"  [44b6_267148e4] after short-track filtering: 22247 nodes, 21320 edges (components_removed=184)\n"}
,{"stream_name":"stdout","time":2947.097732884,"data":"  [44b6_267148e4] FINAL: 22247 nodes, 21320 edges\n"}
,{"stream_name":"stdout","time":2998.973824381,"data":"  [44b6_2a2eff9f] after edge-filter+motion-relink: 40928 nodes, 38433 edges\n"}
,{"stream_name":"stdout","time":3014.428521603,"data":"  [44b6_2a2eff9f] after gap-closing (single-frame + gap2): 41455 nodes, 39412 edges\n"}
,{"stream_name":"stdout","time":3044.862203712,"data":"  [44b6_2a2eff9f] after safe-division repair: 41455 nodes, 39444 edges (geometric_candidates=291, deepcenter_rejected=259, post_veto_candidates=32, added=32, cap_skipped=0, mutual_nn_rejected=74, divergence_rejected=1655)\n"}
,{"stream_name":"stdout","time":3044.862250922,"data":"  [44b6_2a2eff9f] after division-geometry-filter+prune-isolated: 41451 nodes, 39444 edges\n"}
,{"stream_name":"stdout","time":3044.862257547,"data":"  [44b6_2a2eff9f] after short-track filtering: 40137 nodes, 38426 edges (components_removed=296)\n"}
,{"stream_name":"stdout","time":3053.384803835,"data":"  [44b6_2a2eff9f] FINAL: 40137 nodes, 38426 edges\n"}
,{"stream_name":"stdout","time":3056.277406454,"data":"  [44b6_341df25f] after edge-filter+motion-relink: 8523 nodes, 8210 edges\n"}
,{"stream_name":"stdout","time":3058.045437359,"data":"  [44b6_341df25f] after gap-closing (single-frame + gap2): 8569 nodes, 8290 edges\n"}
,{"stream_name":"stdout","time":3067.645159133,"data":"  [44b6_341df25f] after safe-division repair: 8569 nodes, 8301 edges (geometric_candidates=36, deepcenter_rejected=23, post_veto_candidates=13, added=11, cap_skipped=0, mutual_nn_rejected=3, divergence_rejected=140)\n"}
,{"stream_name":"stdout","time":3067.645213922,"data":"  [44b6_341df25f] after division-geometry-filter+prune-isolated: 8569 nodes, 8301 edges\n"}
,{"stream_name":"stdout","time":3067.645220058,"data":"  [44b6_341df25f] after short-track filtering: 8413 nodes, 8179 edges (components_removed=34)\n"}
,{"stream_name":"stdout","time":3069.384053546,"data":"  [44b6_341df25f] FINAL: 8413 nodes, 8179 edges\n"}
,{"stream_name":"stdout","time":3070.774469041,"data":"  [6bba_062c8d37] after edge-filter+motion-relink: 5997 nodes, 5645 edges\n"}
,{"stream_name":"stdout","time":3071.937269324,"data":"  [6bba_062c8d37] after gap-closing (single-frame + gap2): 6048 nodes, 5740 edges\n"}
,{"stream_name":"stdout","time":3075.950918626,"data":"  [6bba_062c8d37] after safe-division repair: 6048 nodes, 5744 edges (geometric_candidates=15, deepcenter_rejected=11, post_veto_candidates=4, added=4, cap_skipped=0, mutual_nn_rejected=3, divergence_rejected=66)\n"}
,{"stream_name":"stdout","time":3075.950954678,"data":"  [6bba_062c8d37] after division-geometry-filter+prune-isolated: 6022 nodes, 5744 edges\n"}
,{"stream_name":"stdout","time":3075.950961098,"data":"  [6bba_062c8d37] after short-track filtering: 5853 nodes, 5620 edges (components_removed=45)\n"}
,{"stream_name":"stdout","time":3077.083158522,"data":"  [6bba_062c8d37] FINAL: 5853 nodes, 5620 edges\n"}
,{"stream_name":"stdout","time":3105.625124442,"data":"  [6bba_07e24132] after edge-filter+motion-relink: 29751 nodes, 28214 edges\n"}
,{"stream_name":"stdout","time":3115.867986082,"data":"  [6bba_07e24132] after gap-closing (single-frame + gap2): 30087 nodes, 28828 edges\n"}
,{"stream_name":"stdout","time":3133.892642228,"data":"  [6bba_07e24132] after safe-division repair: 30087 nodes, 28831 edges (geometric_candidates=118, deepcenter_rejected=115, post_veto_candidates=3, added=3, cap_skipped=0, mutual_nn_rejected=69, divergence_rejected=1006)\n"}
,{"stream_name":"stdout","time":3133.892697586,"data":"  [6bba_07e24132] after division-geometry-filter+prune-isolated: 30080 nodes, 28831 edges\n"}
,{"stream_name":"stdout","time":3133.892728352,"data":"  [6bba_07e24132] after short-track filtering: 29181 nodes, 28140 edges (components_removed=208)\n"}
,{"stream_name":"stdout","time":3140.04615612,"data":"  [6bba_07e24132] FINAL: 29181 nodes, 28140 edges\n"}
,{"stream_name":"stdout","time":3142.996268015,"data":"  [6bba_085bf656] after edge-filter+motion-relink: 8417 nodes, 8092 edges\n"}
,{"stream_name":"stdout","time":3143.786697376,"data":"  [6bba_085bf656] after gap-closing (single-frame + gap2): 8438 nodes, 8131 edges\n"}
,{"stream_name":"stdout","time":3149.571907839,"data":"  [6bba_085bf656] after safe-division repair: 8438 nodes, 8134 edges (geometric_candidates=21, deepcenter_rejected=18, post_veto_candidates=3, added=3, cap_skipped=0, mutual_nn_rejected=4, divergence_rejected=102)\n"}
,{"stream_name":"stdout","time":3149.571986054,"data":"  [6bba_085bf656] after division-geometry-filter+prune-isolated: 8435 nodes, 8134 edges\n"}
,{"stream_name":"stdout","time":3149.571996273,"data":"  [6bba_085bf656] after short-track filtering: 8300 nodes, 8029 edges (components_removed=30)\n"}
,{"stream_name":"stdout","time":3151.344299447,"data":"  [6bba_085bf656] FINAL: 8300 nodes, 8029 edges\n"}
,{"stream_name":"stdout","time":3180.561082173,"data":"  [6bba_09961292] after edge-filter+motion-relink: 29955 nodes, 28814 edges\n"}
,{"stream_name":"stdout","time":3188.960666985,"data":"  [6bba_09961292] after gap-closing (single-frame + gap2): 30171 nodes, 29207 edges\n"}
,{"stream_name":"stdout","time":3203.696086237,"data":"  [6bba_09961292] after safe-division repair: 30171 nodes, 29231 edges (geometric_candidates=97, deepcenter_rejected=69, post_veto_candidates=28, added=24, cap_skipped=0, mutual_nn_rejected=73, divergence_rejected=989)\n"}
,{"stream_name":"stdout","time":3203.696152404,"data":"  [6bba_09961292] after division-geometry-filter+prune-isolated: 30165 nodes, 29231 edges\n"}
,{"stream_name":"stdout","time":3203.696159354,"data":"  [6bba_09961292] after short-track filtering: 29753 nodes, 28917 edges (components_removed=98)\n"}
,{"stream_name":"stdout","time":3210.111188916,"data":"  [6bba_09961292] FINAL: 29753 nodes, 28917 edges\n"}
,{"stream_name":"stdout","time":3210.170859911,"data":"  44b6_12dfb391                edge_jaccard=0.9256 adj=0.9472 T_pred=44953 T_true=58672.0 div(tp/fp/fn)=(0/0/1) safe_div_added=18\n"}
,{"stream_name":"stdout","time":3210.170911611,"data":"  44b6_267148e4                edge_jaccard=0.8182 adj=0.8049 T_pred=22247 T_true=19130.0 div(tp/fp/fn)=(0/0/1) safe_div_added=16\n"}
,{"stream_name":"stdout","time":3210.170919624,"data":"  44b6_2a2eff9f                edge_jaccard=0.8571 adj=0.8818 T_pred=40137 T_true=56367.0 div(tp/fp/fn)=(1/1/0) safe_div_added=32\n"}
,{"stream_name":"stdout","time":3210.170925046,"data":"  44b6_341df25f                edge_jaccard=0.9904 adj=0.9774 T_pred=8413 T_true=7436.0 div(tp/fp/fn)=(1/0/0) safe_div_added=11\n"}
,{"stream_name":"stdout","time":3210.170930881,"data":"  6bba_062c8d37                edge_jaccard=0.9801 adj=0.9830 T_pred=5853 T_true=6030.0 div(tp/fp/fn)=(1/0/0) safe_div_added=4\n"}
,{"stream_name":"stdout","time":3210.170936863,"data":"  6bba_07e24132                edge_jaccard=0.8384 adj=0.8083 T_pred=29181 T_true=21485.0 div(tp/fp/fn)=(0/0/2) safe_div_added=3\n"}
,{"stream_name":"stdout","time":3210.170941967,"data":"  6bba_085bf656                edge_jaccard=0.9932 adj=0.9951 T_pred=8300 T_true=8463.0 div(tp/fp/fn)=(0/0/1) safe_div_added=3\n"}
,{"stream_name":"stdout","time":3210.17094728,"data":"  6bba_09961292                edge_jaccard=0.8872 adj=0.8911 T_pred=29753 T_true=31117.0 div(tp/fp/fn)=(0/0/4) safe_div_added=24\n"}
,{"stream_name":"stdout","time":3210.170953689,"data":"[base] n=8 adjusted_edge_jaccard=0.9260 division_jaccard=0.2308 (tp/fp/fn=3/1/9) PROXY_SCORE=0.9490  [7.2 min]\n"}
,{"stream_name":"stdout","time":3210.170977455,"data":"Per-sample validator rows written to /kaggle/working/validator_results.csv\n"}
,{"stream_name":"stdout","time":3210.414326505,"data":"==============================================================================\n"}
,{"stream_name":"stdout","time":3210.41435797,"data":"POST-PROCESS SWEEP -- 7 candidates x 8 held-out videos\n"}
,{"stream_name":"stdout","time":3210.414363018,"data":"==============================================================================\n"}
,{"stream_name":"stdout","time":3276.319049268,"data":"  [44b6_12dfb391] after edge-filter+motion-relink: 45351 nodes, 43045 edges\n"}
,{"stream_name":"stdout","time":3286.145202186,"data":"  [44b6_12dfb391] after gap-closing (single-frame + gap2): 46001 nodes, 44273 edges\n"}
,{"stream_name":"stdout","time":3309.287464662,"data":"  [44b6_12dfb391] after safe-division repair: 46001 nodes, 44291 edges (geometric_candidates=151, deepcenter_rejected=133, post_veto_candidates=18, added=18, cap_skipped=0, mutual_nn_rejected=60, divergence_rejected=1568)\n"}
,{"stream_name":"stdout","time":3309.287517316,"data":"  [44b6_12dfb391] after division-geometry-filter+prune-isolated: 45999 nodes, 44291 edges\n"}
,{"stream_name":"stdout","time":3309.287530842,"data":"  [44b6_12dfb391] after short-track filtering: 44939 nodes, 43470 edges (components_removed=239)\n"}
,{"stream_name":"stdout","time":3318.770440004,"data":"  [44b6_12dfb391] FINAL: 44939 nodes, 43470 edges\n"}
,{"stream_name":"stdout","time":3337.062170716,"data":"  [44b6_267148e4] after edge-filter+motion-relink: 22829 nodes, 21448 edges\n"}
,{"stream_name":"stdout","time":3344.232708226,"data":"  [44b6_267148e4] after gap-closing (single-frame + gap2): 23061 nodes, 21865 edges\n"}
,{"stream_name":"stdout","time":3367.247124725,"data":"  [44b6_267148e4] after safe-division repair: 23061 nodes, 21882 edges (geometric_candidates=209, deepcenter_rejected=186, post_veto_candidates=23, added=17, cap_skipped=0, mutual_nn_rejected=138, divergence_rejected=1064)\n"}
,{"stream_name":"stdout","time":3367.247174554,"data":"  [44b6_267148e4] after division-geometry-filter+prune-isolated: 23001 nodes, 21882 edges\n"}
,{"stream_name":"stdout","time":3367.247183717,"data":"  [44b6_267148e4] after short-track filtering: 22228 nodes, 21295 edges (components_removed=186)\n"}
,{"stream_name":"stdout","time":3371.870124111,"data":"  [44b6_267148e4] FINAL: 22228 nodes, 21295 edges\n"}
,{"stream_name":"stdout","time":3424.655715245,"data":"  [44b6_2a2eff9f] after edge-filter+motion-relink: 40928 nodes, 38433 edges\n"}
,{"stream_name":"stdout","time":3434.387728852,"data":"  [44b6_2a2eff9f] after gap-closing (single-frame + gap2): 41445 nodes, 39392 edges\n"}
,{"stream_name":"stdout","time":3463.142129969,"data":"  [44b6_2a2eff9f] after safe-division repair: 41445 nodes, 39425 edges (geometric_candidates=294, deepcenter_rejected=261, post_veto_candidates=33, added=33, cap_skipped=0, mutual_nn_rejected=75, divergence_rejected=1669)\n"}
,{"stream_name":"stdout","time":3463.142172665,"data":"  [44b6_2a2eff9f] after division-geometry-filter+prune-isolated: 41441 nodes, 39425 edges\n"}
,{"stream_name":"stdout","time":3463.142179366,"data":"  [44b6_2a2eff9f] after short-track filtering: 40119 nodes, 38401 edges (components_removed=298)\n"}
,{"stream_name":"stdout","time":3471.59443702,"data":"  [44b6_2a2eff9f] FINAL: 40119 nodes, 38401 edges\n"}
,{"stream_name":"stdout","time":3474.257228474,"data":"  [44b6_341df25f] after edge-filter+motion-relink: 8523 nodes, 8210 edges\n"}
,{"stream_name":"stdout","time":3475.359189126,"data":"  [44b6_341df25f] after gap-closing (single-frame + gap2): 8568 nodes, 8288 edges\n"}
,{"stream_name":"stdout","time":3484.790185922,"data":"  [44b6_341df25f] after safe-division repair: 8568 nodes, 8299 edges (geometric_candidates=36, deepcenter_rejected=23, post_veto_candidates=13, added=11, cap_skipped=0, mutual_nn_rejected=3, divergence_rejected=141)\n"}
,{"stream_name":"stdout","time":3484.790261508,"data":"  [44b6_341df25f] after division-geometry-filter+prune-isolated: 8568 nodes, 8299 edges\n"}
,{"stream_name":"stdout","time":3484.790269693,"data":"  [44b6_341df25f] after short-track filtering: 8409 nodes, 8175 edges (components_removed=35)\n"}
,{"stream_name":"stdout","time":3486.511280445,"data":"  [44b6_341df25f] FINAL: 8409 nodes, 8175 edges\n"}
,{"stream_name":"stdout","time":3487.962136248,"data":"  [6bba_062c8d37] after edge-filter+motion-relink: 5997 nodes, 5645 edges\n"}
,{"stream_name":"stdout","time":3489.133915485,"data":"  [6bba_062c8d37] after gap-closing (single-frame + gap2): 6048 nodes, 5740 edges\n"}
,{"stream_name":"stdout","time":3492.967517059,"data":"  [6bba_062c8d37] after safe-division repair: 6048 nodes, 5744 edges (geometric_candidates=15, deepcenter_rejected=11, post_veto_candidates=4, added=4, cap_skipped=0, mutual_nn_rejected=3, divergence_rejected=66)\n"}
,{"stream_name":"stdout","time":3492.967568908,"data":"  [6bba_062c8d37] after division-geometry-filter+prune-isolated: 6022 nodes, 5744 edges\n"}
,{"stream_name":"stdout","time":3492.967577032,"data":"  [6bba_062c8d37] after short-track filtering: 5853 nodes, 5620 edges (components_removed=45)\n"}
,{"stream_name":"stdout","time":3494.296894356,"data":"  [6bba_062c8d37] FINAL: 5853 nodes, 5620 edges\n"}
,{"stream_name":"stdout","time":3522.690077505,"data":"  [6bba_07e24132] after edge-filter+motion-relink: 29751 nodes, 28214 edges\n"}
,{"stream_name":"stdout","time":3530.116366496,"data":"  [6bba_07e24132] after gap-closing (single-frame + gap2): 30087 nodes, 28828 edges\n"}
,{"stream_name":"stdout","time":3547.699328236,"data":"  [6bba_07e24132] after safe-division repair: 30087 nodes, 28831 edges (geometric_candidates=118, deepcenter_rejected=115, post_veto_candidates=3, added=3, cap_skipped=0, mutual_nn_rejected=69, divergence_rejected=1006)\n"}
,{"stream_name":"stdout","time":3547.6994072,"data":"  [6bba_07e24132] after division-geometry-filter+prune-isolated: 30080 nodes, 28831 edges\n"}
,{"stream_name":"stdout","time":3547.699415845,"data":"  [6bba_07e24132] after short-track filtering: 29181 nodes, 28140 edges (components_removed=208)\n"}
,{"stream_name":"stdout","time":3553.825868607,"data":"  [6bba_07e24132] FINAL: 29181 nodes, 28140 edges\n"}
,{"stream_name":"stdout","time":3556.509251948,"data":"  [6bba_085bf656] after edge-filter+motion-relink: 8417 nodes, 8092 edges\n"}
,{"stream_name":"stdout","time":3557.161575541,"data":"  [6bba_085bf656] after gap-closing (single-frame + gap2): 8438 nodes, 8131 edges\n"}
,{"stream_name":"stdout","time":3562.697724375,"data":"  [6bba_085bf656] after safe-division repair: 8438 nodes, 8134 edges (geometric_candidates=21, deepcenter_rejected=18, post_veto_candidates=3, added=3, cap_skipped=0, mutual_nn_rejected=4, divergence_rejected=102)\n"}
,{"stream_name":"stdout","time":3562.697772255,"data":"  [6bba_085bf656] after division-geometry-filter+prune-isolated: 8435 nodes, 8134 edges\n"}
,{"stream_name":"stdout","time":3562.697780722,"data":"  [6bba_085bf656] after short-track filtering: 8300 nodes, 8029 edges (components_removed=30)\n"}
,{"stream_name":"stdout","time":3564.380591243,"data":"  [6bba_085bf656] FINAL: 8300 nodes, 8029 edges\n"}
,{"stream_name":"stdout","time":3593.624114394,"data":"  [6bba_09961292] after edge-filter+motion-relink: 29955 nodes, 28814 edges\n"}
,{"stream_name":"stdout","time":3598.130502718,"data":"  [6bba_09961292] after gap-closing (single-frame + gap2): 30165 nodes, 29195 edges\n"}
,{"stream_name":"stdout","time":3612.583182647,"data":"  [6bba_09961292] after safe-division repair: 30165 nodes, 29220 edges (geometric_candidates=98, deepcenter_rejected=69, post_veto_candidates=29, added=25, cap_skipped=0, mutual_nn_rejected=76, divergence_rejected=1004)\n"}
,{"stream_name":"stdout","time":3612.583260056,"data":"  [6bba_09961292] after division-geometry-filter+prune-isolated: 30159 nodes, 29220 edges\n"}
,{"stream_name":"stdout","time":3612.583265973,"data":"  [6bba_09961292] after short-track filtering: 29742 nodes, 28902 edges (components_removed=99)\n"}
,{"stream_name":"stdout","time":3618.993465299,"data":"  [6bba_09961292] FINAL: 29742 nodes, 28902 edges\n"}
,{"stream_name":"stdout","time":3619.274651254,"data":"[gap45] n=8 adjusted_edge_jaccard=0.9260 division_jaccard=0.2308 (tp/fp/fn=3/1/9) PROXY_SCORE=0.9491  [6.8 min]\n"}
,{"stream_name":"stdout","time":3682.64718462,"data":"  [44b6_12dfb391] after edge-filter+motion-relink: 45351 nodes, 43042 edges\n"}
,{"stream_name":"stdout","time":3695.097466004,"data":"  [44b6_12dfb391] after gap-closing (single-frame + gap2): 46007 nodes, 44283 edges\n"}
,{"stream_name":"stdout","time":3718.326604146,"data":"  [44b6_12dfb391] after safe-division repair: 46007 nodes, 44301 edges (geometric_candidates=150, deepcenter_rejected=132, post_veto_candidates=18, added=18, cap_skipped=0, mutual_nn_rejected=59, divergence_rejected=1566)\n"}
,{"stream_name":"stdout","time":3718.326686361,"data":"  [44b6_12dfb391] after division-geometry-filter+prune-isolated: 46005 nodes, 44301 edges\n"}
,{"stream_name":"stdout","time":3718.326696426,"data":"  [44b6_12dfb391] after short-track filtering: 44959 nodes, 43491 edges (components_removed=236)\n"}
,{"stream_name":"stdout","time":3727.418051514,"data":"  [44b6_12dfb391] FINAL: 44959 nodes, 43491 edges\n"}
,{"stream_name":"stdout","time":3745.583054449,"data":"  [44b6_267148e4] after edge-filter+motion-relink: 22829 nodes, 21464 edges\n"}
,{"stream_name":"stdout","time":3757.01215527,"data":"  [44b6_267148e4] after gap-closing (single-frame + gap2): 23063 nodes, 21888 edges\n"}
,{"stream_name":"stdout","time":3781.192990017,"data":"  [44b6_267148e4] after safe-division repair: 23063 nodes, 21905 edges (geometric_candidates=210, deepcenter_rejected=188, post_veto_candidates=22, added=17, cap_skipped=0, mutual_nn_rejected=117, divergence_rejected=1048)\n"}
,{"stream_name":"stdout","time":3781.193043049,"data":"  [44b6_267148e4] after division-geometry-filter+prune-isolated: 23009 nodes, 21905 edges\n"}
,{"stream_name":"stdout","time":3781.193051674,"data":"  [44b6_267148e4] after short-track filtering: 22273 nodes, 21349 edges (components_removed=180)\n"}
,{"stream_name":"stdout","time":3785.86043276,"data":"  [44b6_267148e4] FINAL: 22273 nodes, 21349 edges\n"}
,{"stream_name":"stdout","time":3838.889854206,"data":"  [44b6_2a2eff9f] after edge-filter+motion-relink: 40928 nodes, 38430 edges\n"}
,{"stream_name":"stdout","time":3853.708151284,"data":"  [44b6_2a2eff9f] after gap-closing (single-frame + gap2): 41457 nodes, 39413 edges\n"}
,{"stream_name":"stdout","time":3882.801983537,"data":"  [44b6_2a2eff9f] after safe-division repair: 41457 nodes, 39445 edges (geometric_candidates=293, deepcenter_rejected=261, post_veto_candidates=32, added=32, cap_skipped=0, mutual_nn_rejected=74, divergence_rejected=1659)\n"}
,{"stream_name":"stdout","time":3882.802027912,"data":"  [44b6_2a2eff9f] after division-geometry-filter+prune-isolated: 41453 nodes, 39445 edges\n"}
,{"stream_name":"stdout","time":3882.802036106,"data":"  [44b6_2a2eff9f] after short-track filtering: 40124 nodes, 38416 edges (components_removed=300)\n"}
,{"stream_name":"stdout","time":3891.063024648,"data":"  [44b6_2a2eff9f] FINAL: 40124 nodes, 38416 edges\n"}
,{"stream_name":"stdout","time":3893.967710256,"data":"  [44b6_341df25f] after edge-filter+motion-relink: 8523 nodes, 8210 edges\n"}
,{"stream_name":"stdout","time":3895.690745827,"data":"  [44b6_341df25f] after gap-closing (single-frame + gap2): 8569 nodes, 8290 edges\n"}
,{"stream_name":"stdout","time":3905.092220444,"data":"  [44b6_341df25f] after safe-division repair: 8569 nodes, 8301 edges (geometric_candidates=36, deepcenter_rejected=23, post_veto_candidates=13, added=11, cap_skipped=0, mutual_nn_rejected=3, divergence_rejected=140)\n"}
,{"stream_name":"stdout","time":3905.092404945,"data":"  [44b6_341df25f] after division-geometry-filter+prune-isolated: 8569 nodes, 8301 edges\n"}
,{"stream_name":"stdout","time":3905.093388795,"data":"  [44b6_341df25f] after short-track filtering: 8413 nodes, 8179 edges (components_removed=34)\n"}
,{"stream_name":"stdout","time":3906.833967209,"data":"  [44b6_341df25f] FINAL: 8413 nodes, 8179 edges\n"}
,{"stream_name":"stdout","time":3908.380863524,"data":"  [6bba_062c8d37] after edge-filter+motion-relink: 5997 nodes, 5648 edges\n"}
,{"stream_name":"stdout","time":3909.550378405,"data":"  [6bba_062c8d37] after gap-closing (single-frame + gap2): 6048 nodes, 5743 edges\n"}
,{"stream_name":"stdout","time":3913.462180187,"data":"  [6bba_062c8d37] after safe-division repair: 6048 nodes, 5747 edges (geometric_candidates=15, deepcenter_rejected=11, post_veto_candidates=4, added=4, cap_skipped=0, mutual_nn_rejected=3, divergence_rejected=63)\n"}
,{"stream_name":"stdout","time":3913.462223459,"data":"  [6bba_062c8d37] after division-geometry-filter+prune-isolated: 6022 nodes, 5747 edges\n"}
,{"stream_name":"stdout","time":3913.462231826,"data":"  [6bba_062c8d37] after short-track filtering: 5853 nodes, 5623 edges (components_removed=45)\n"}
,{"stream_name":"stdout","time":3914.640572469,"data":"  [6bba_062c8d37] FINAL: 5853 nodes, 5623 edges\n"}
,{"stream_name":"stdout","time":3943.013461435,"data":"  [6bba_07e24132] after edge-filter+motion-relink: 29751 nodes, 28212 edges\n"}
,{"stream_name":"stdout","time":3953.115141701,"data":"  [6bba_07e24132] after gap-closing (single-frame + gap2): 30088 nodes, 28828 edges\n"}
,{"stream_name":"stdout","time":3970.984663268,"data":"  [6bba_07e24132] after safe-division repair: 30088 nodes, 28831 edges (geometric_candidates=117, deepcenter_rejected=114, post_veto_candidates=3, added=3, cap_skipped=0, mutual_nn_rejected=68, divergence_rejected=1011)\n"}
,{"stream_name":"stdout","time":3970.984702682,"data":"  [6bba_07e24132] after division-geometry-filter+prune-isolated: 30079 nodes, 28831 edges\n"}
,{"stream_name":"stdout","time":3970.984709347,"data":"  [6bba_07e24132] after short-track filtering: 29179 nodes, 28139 edges (components_removed=208)\n"}
,{"stream_name":"stdout","time":3977.169081592,"data":"  [6bba_07e24132] FINAL: 29179 nodes, 28139 edges\n"}
,{"stream_name":"stdout","time":3979.814317738,"data":"  [6bba_085bf656] after edge-filter+motion-relink: 8417 nodes, 8092 edges\n"}
,{"stream_name":"stdout","time":3980.467043118,"data":"  [6bba_085bf656] after gap-closing (single-frame + gap2): 8438 nodes, 8131 edges\n"}
,{"stream_name":"stdout","time":3985.96570308,"data":"  [6bba_085bf656] after safe-division repair: 8438 nodes, 8134 edges (geometric_candidates=21, deepcenter_rejected=18, post_veto_candidates=3, added=3, cap_skipped=0, mutual_nn_rejected=4, divergence_rejected=102)\n"}
,{"stream_name":"stdout","time":3985.965735154,"data":"  [6bba_085bf656] after division-geometry-filter+prune-isolated: 8435 nodes, 8134 edges\n"}
,{"stream_name":"stdout","time":3985.965741221,"data":"  [6bba_085bf656] after short-track filtering: 8300 nodes, 8029 edges (components_removed=30)\n"}
,{"stream_name":"stdout","time":3987.486238812,"data":"  [6bba_085bf656] FINAL: 8300 nodes, 8029 edges\n"}
,{"stream_name":"stdout","time":4015.964021528,"data":"  [6bba_09961292] after edge-filter+motion-relink: 29955 nodes, 28827 edges\n"}
,{"stream_name":"stdout","time":4024.418631272,"data":"  [6bba_09961292] after gap-closing (single-frame + gap2): 30167 nodes, 29212 edges\n"}
,{"stream_name":"stdout","time":4038.937986266,"data":"  [6bba_09961292] after safe-division repair: 30167 nodes, 29236 edges (geometric_candidates=92, deepcenter_rejected=67, post_veto_candidates=25, added=24, cap_skipped=0, mutual_nn_rejected=66, divergence_rejected=972)\n"}
,{"stream_name":"stdout","time":4038.938059652,"data":"  [6bba_09961292] after division-geometry-filter+prune-isolated: 30163 nodes, 29236 edges\n"}
,{"stream_name":"stdout","time":4038.938068766,"data":"  [6bba_09961292] after short-track filtering: 29742 nodes, 28915 edges (components_removed=100)\n"}
,{"stream_name":"stdout","time":4045.115630438,"data":"  [6bba_09961292] FINAL: 29742 nodes, 28915 edges\n"}
,{"stream_name":"stdout","time":4045.115680524,"data":"[tight55] n=8 adjusted_edge_jaccard=0.9280 division_jaccard=0.2308 (tp/fp/fn=3/1/9) PROXY_SCORE=0.9511  [7.1 min]\n"}
,{"stream_name":"stdout","time":4110.949939947,"data":"  [44b6_12dfb391] after edge-filter+motion-relink: 45351 nodes, 43007 edges\n"}
,{"stream_name":"stdout","time":4124.033921773,"data":"  [44b6_12dfb391] after gap-closing (single-frame + gap2): 46032 nodes, 44295 edges\n"}
,{"stream_name":"stdout","time":4147.119824915,"data":"  [44b6_12dfb391] after safe-division repair: 46032 nodes, 44313 edges (geometric_candidates=150, deepcenter_rejected=132, post_veto_candidates=18, added=18, cap_skipped=0, mutual_nn_rejected=58, divergence_rejected=1560)\n"}
,{"stream_name":"stdout","time":4147.119883863,"data":"  [44b6_12dfb391] after division-geometry-filter+prune-isolated: 46030 nodes, 44313 edges\n"}
,{"stream_name":"stdout","time":4147.11989224,"data":"  [44b6_12dfb391] after short-track filtering: 44951 nodes, 43478 edges (components_removed=244)\n"}
,{"stream_name":"stdout","time":4156.569787474,"data":"  [44b6_12dfb391] FINAL: 44951 nodes, 43478 edges\n"}
,{"stream_name":"stdout","time":4175.74798966,"data":"  [44b6_267148e4] after edge-filter+motion-relink: 22829 nodes, 21382 edges\n"}
,{"stream_name":"stdout","time":4187.343703942,"data":"  [44b6_267148e4] after gap-closing (single-frame + gap2): 23093 nodes, 21863 edges\n"}
,{"stream_name":"stdout","time":4210.086821098,"data":"  [44b6_267148e4] after safe-division repair: 23093 nodes, 21879 edges (geometric_candidates=209, deepcenter_rejected=186, post_veto_candidates=23, added=16, cap_skipped=0, mutual_nn_rejected=146, divergence_rejected=1093)\n"}
,{"stream_name":"stdout","time":4210.086872982,"data":"  [44b6_267148e4] after division-geometry-filter+prune-isolated: 23028 nodes, 21879 edges\n"}
,{"stream_name":"stdout","time":4210.086882005,"data":"  [44b6_267148e4] after short-track filtering: 22248 nodes, 21291 edges (components_removed=192)\n"}
,{"stream_name":"stdout","time":4214.840266573,"data":"  [44b6_267148e4] FINAL: 22248 nodes, 21291 edges\n"}
,{"stream_name":"stdout","time":4267.910212688,"data":"  [44b6_2a2eff9f] after edge-filter+motion-relink: 40928 nodes, 38395 edges\n"}
,{"stream_name":"stdout","time":4283.123477857,"data":"  [44b6_2a2eff9f] after gap-closing (single-frame + gap2): 41470 nodes, 39404 edges\n"}
,{"stream_name":"stdout","time":4311.969563036,"data":"  [44b6_2a2eff9f] after safe-division repair: 41470 nodes, 39436 edges (geometric_candidates=292, deepcenter_rejected=260, post_veto_candidates=32, added=32, cap_skipped=0, mutual_nn_rejected=72, divergence_rejected=1689)\n"}
,{"stream_name":"stdout","time":4311.969615402,"data":"  [44b6_2a2eff9f] after division-geometry-filter+prune-isolated: 41465 nodes, 39436 edges\n"}
,{"stream_name":"stdout","time":4311.969623941,"data":"  [44b6_2a2eff9f] after short-track filtering: 40114 nodes, 38390 edges (components_removed=305)\n"}
,{"stream_name":"stdout","time":4320.554175818,"data":"  [44b6_2a2eff9f] FINAL: 40114 nodes, 38390 edges\n"}
,{"stream_name":"stdout","time":4323.340496509,"data":"  [44b6_341df25f] after edge-filter+motion-relink: 8523 nodes, 8208 edges\n"}
,{"stream_name":"stdout","time":4325.199603522,"data":"  [44b6_341df25f] after gap-closing (single-frame + gap2): 8571 nodes, 8291 edges\n"}
,{"stream_name":"stdout","time":4334.845622977,"data":"  [44b6_341df25f] after safe-division repair: 8571 nodes, 8302 edges (geometric_candidates=37, deepcenter_rejected=24, post_veto_candidates=13, added=11, cap_skipped=0, mutual_nn_rejected=3, divergence_rejected=140)\n"}
,{"stream_name":"stdout","time":4334.845678777,"data":"  [44b6_341df25f] after division-geometry-filter+prune-isolated: 8571 nodes, 8302 edges\n"}
,{"stream_name":"stdout","time":4334.845687609,"data":"  [44b6_341df25f] after short-track filtering: 8411 nodes, 8177 edges (components_removed=35)\n"}
,{"stream_name":"stdout","time":4336.579158079,"data":"  [44b6_341df25f] FINAL: 8411 nodes, 8177 edges\n"}
,{"stream_name":"stdout","time":4338.114859104,"data":"  [6bba_062c8d37] after edge-filter+motion-relink: 5997 nodes, 5618 edges\n"}
,{"stream_name":"stdout","time":4339.992947258,"data":"  [6bba_062c8d37] after gap-closing (single-frame + gap2): 6054 nodes, 5723 edges\n"}
,{"stream_name":"stdout","time":4343.893250044,"data":"  [6bba_062c8d37] after safe-division repair: 6054 nodes, 5726 edges (geometric_candidates=14, deepcenter_rejected=11, post_veto_candidates=3, added=3, cap_skipped=0, mutual_nn_rejected=3, divergence_rejected=67)\n"}
,{"stream_name":"stdout","time":4343.893282374,"data":"  [6bba_062c8d37] after division-geometry-filter+prune-isolated: 6029 nodes, 5726 edges\n"}
,{"stream_name":"stdout","time":4343.893288172,"data":"  [6bba_062c8d37] after short-track filtering: 5829 nodes, 5581 edges (components_removed=55)\n"}
,{"stream_name":"stdout","time":4345.029371092,"data":"  [6bba_062c8d37] FINAL: 5829 nodes, 5581 edges\n"}
,{"stream_name":"stdout","time":4374.465180421,"data":"  [6bba_07e24132] after edge-filter+motion-relink: 29751 nodes, 28153 edges\n"}
,{"stream_name":"stdout","time":4384.756597931,"data":"  [6bba_07e24132] after gap-closing (single-frame + gap2): 30103 nodes, 28799 edges\n"}
,{"stream_name":"stdout","time":4402.681920322,"data":"  [6bba_07e24132] after safe-division repair: 30103 nodes, 28806 edges (geometric_candidates=126, deepcenter_rejected=116, post_veto_candidates=10, added=7, cap_skipped=0, mutual_nn_rejected=82, divergence_rejected=1018)\n"}
,{"stream_name":"stdout","time":4402.681967122,"data":"  [6bba_07e24132] after division-geometry-filter+prune-isolated: 30091 nodes, 28806 edges\n"}
,{"stream_name":"stdout","time":4402.681972809,"data":"  [6bba_07e24132] after short-track filtering: 29193 nodes, 28117 edges (components_removed=209)\n"}
,{"stream_name":"stdout","time":4408.500328025,"data":"  [6bba_07e24132] FINAL: 29193 nodes, 28117 edges\n"}
,{"stream_name":"stdout","time":4411.228851745,"data":"  [6bba_085bf656] after edge-filter+motion-relink: 8417 nodes, 8085 edges\n"}
,{"stream_name":"stdout","time":4411.955757265,"data":"  [6bba_085bf656] after gap-closing (single-frame + gap2): 8442 nodes, 8130 edges\n"}
,{"stream_name":"stdout","time":4417.173634616,"data":"  [6bba_085bf656] after safe-division repair: 8442 nodes, 8132 edges (geometric_candidates=20, deepcenter_rejected=18, post_veto_candidates=2, added=2, cap_skipped=0, mutual_nn_rejected=4, divergence_rejected=102)\n"}
,{"stream_name":"stdout","time":4417.173678666,"data":"  [6bba_085bf656] after division-geometry-filter+prune-isolated: 8438 nodes, 8132 edges\n"}
,{"stream_name":"stdout","time":4417.173694051,"data":"  [6bba_085bf656] after short-track filtering: 8290 nodes, 8019 edges (components_removed=35)\n"}
,{"stream_name":"stdout","time":4418.840240243,"data":"  [6bba_085bf656] FINAL: 8290 nodes, 8019 edges\n"}
,{"stream_name":"stdout","time":4446.602142226,"data":"  [6bba_09961292] after edge-filter+motion-relink: 29955 nodes, 28780 edges\n"}
,{"stream_name":"stdout","time":4455.113408872,"data":"  [6bba_09961292] after gap-closing (single-frame + gap2): 30186 nodes, 29202 edges\n"}
,{"stream_name":"stdout","time":4469.759382091,"data":"  [6bba_09961292] after safe-division repair: 30186 nodes, 29228 edges (geometric_candidates=101, deepcenter_rejected=69, post_veto_candidates=32, added=26, cap_skipped=0, mutual_nn_rejected=80, divergence_rejected=1017)\n"}
,{"stream_name":"stdout","time":4469.75943021,"data":"  [6bba_09961292] after division-geometry-filter+prune-isolated: 30178 nodes, 29228 edges\n"}
,{"stream_name":"stdout","time":4469.759439225,"data":"  [6bba_09961292] after short-track filtering: 29754 nodes, 28904 edges (components_removed=100)\n"}
,{"stream_name":"stdout","time":4476.096140584,"data":"  [6bba_09961292] FINAL: 29754 nodes, 28904 edges\n"}
,{"stream_name":"stdout","time":4476.096182661,"data":"[relaxed9] n=8 adjusted_edge_jaccard=0.9266 division_jaccard=0.2143 (tp/fp/fn=3/2/9) PROXY_SCORE=0.9480  [7.2 min]\n"}
,{"stream_name":"stdout","time":4542.777532928,"data":"  [44b6_12dfb391] after edge-filter+motion-relink: 45351 nodes, 43045 edges\n"}
,{"stream_name":"stdout","time":4556.013376504,"data":"  [44b6_12dfb391] after gap-closing (single-frame + gap2): 46006 nodes, 44284 edges\n"}
,{"stream_name":"stdout","time":4579.764313502,"data":"  [44b6_12dfb391] after safe-division repair: 46006 nodes, 44302 edges (geometric_candidates=150, deepcenter_rejected=132, post_veto_candidates=18, added=18, cap_skipped=0, mutual_nn_rejected=58, divergence_rejected=1557)\n"}
,{"stream_name":"stdout","time":4579.7643594,"data":"  [44b6_12dfb391] after division-geometry-filter+prune-isolated: 46004 nodes, 44302 edges\n"}
,{"stream_name":"stdout","time":4579.764367892,"data":"  [44b6_12dfb391] after short-track filtering: 44948 nodes, 43484 edges (components_removed=238)\n"}
,{"stream_name":"stdout","time":4589.301601144,"data":"  [44b6_12dfb391] FINAL: 44948 nodes, 43484 edges\n"}
,{"stream_name":"stdout","time":4607.044403358,"data":"  [44b6_267148e4] after edge-filter+motion-relink: 22829 nodes, 21452 edges\n"}
,{"stream_name":"stdout","time":4618.127564527,"data":"  [44b6_267148e4] after gap-closing (single-frame + gap2): 23071 nodes, 21889 edges\n"}
,{"stream_name":"stdout","time":4641.600701738,"data":"  [44b6_267148e4] after safe-division repair: 23071 nodes, 21904 edges (geometric_candidates=205, deepcenter_rejected=186, post_veto_candidates=19, added=15, cap_skipped=0, mutual_nn_rejected=132, divergence_rejected=1053)\n"}
,{"stream_name":"stdout","time":4641.600788986,"data":"  [44b6_267148e4] after division-geometry-filter+prune-isolated: 23011 nodes, 21904 edges\n"}
,{"stream_name":"stdout","time":4641.600798587,"data":"  [44b6_267148e4] after short-track filtering: 22234 nodes, 21314 edges (components_removed=187)\n"}
,{"stream_name":"stdout","time":4646.410172224,"data":"  [44b6_267148e4] FINAL: 22234 nodes, 21314 edges\n"}
,{"stream_name":"stdout","time":4700.831897357,"data":"  [44b6_2a2eff9f] after edge-filter+motion-relink: 40928 nodes, 38433 edges\n"}
,{"stream_name":"stdout","time":4716.194461652,"data":"  [44b6_2a2eff9f] after gap-closing (single-frame + gap2): 41459 nodes, 39419 edges\n"}
,{"stream_name":"stdout","time":4745.216027792,"data":"  [44b6_2a2eff9f] after safe-division repair: 41459 nodes, 39451 edges (geometric_candidates=290, deepcenter_rejected=258, post_veto_candidates=32, added=32, cap_skipped=0, mutual_nn_rejected=74, divergence_rejected=1651)\n"}
,{"stream_name":"stdout","time":4745.216071858,"data":"  [44b6_2a2eff9f] after division-geometry-filter+prune-isolated: 41455 nodes, 39451 edges\n"}
,{"stream_name":"stdout","time":4745.216090374,"data":"  [44b6_2a2eff9f] after short-track filtering: 40149 nodes, 38439 edges (components_removed=294)\n"}
,{"stream_name":"stdout","time":4753.785298623,"data":"  [44b6_2a2eff9f] FINAL: 40149 nodes, 38439 edges\n"}
,{"stream_name":"stdout","time":4756.513203032,"data":"  [44b6_341df25f] after edge-filter+motion-relink: 8523 nodes, 8210 edges\n"}
,{"stream_name":"stdout","time":4758.579041927,"data":"  [44b6_341df25f] after gap-closing (single-frame + gap2): 8569 nodes, 8290 edges\n"}
,{"stream_name":"stdout","time":4768.026093902,"data":"  [44b6_341df25f] after safe-division repair: 8569 nodes, 8301 edges (geometric_candidates=36, deepcenter_rejected=23, post_veto_candidates=13, added=11, cap_skipped=0, mutual_nn_rejected=3, divergence_rejected=140)\n"}
,{"stream_name":"stdout","time":4768.02614194,"data":"  [44b6_341df25f] after division-geometry-filter+prune-isolated: 8569 nodes, 8301 edges\n"}
,{"stream_name":"stdout","time":4768.026149427,"data":"  [44b6_341df25f] after short-track filtering: 8413 nodes, 8179 edges (components_removed=34)\n"}
,{"stream_name":"stdout","time":4769.770150996,"data":"  [44b6_341df25f] FINAL: 8413 nodes, 8179 edges\n"}
,{"stream_name":"stdout","time":4771.191606099,"data":"  [6bba_062c8d37] after edge-filter+motion-relink: 5997 nodes, 5645 edges\n"}
,{"stream_name":"stdout","time":4772.426802974,"data":"  [6bba_062c8d37] after gap-closing (single-frame + gap2): 6048 nodes, 5740 edges\n"}
,{"stream_name":"stdout","time":4776.40377052,"data":"  [6bba_062c8d37] after safe-division repair: 6048 nodes, 5744 edges (geometric_candidates=15, deepcenter_rejected=11, post_veto_candidates=4, added=4, cap_skipped=0, mutual_nn_rejected=3, divergence_rejected=66)\n"}
,{"stream_name":"stdout","time":4776.403807005,"data":"  [6bba_062c8d37] after division-geometry-filter+prune-isolated: 6022 nodes, 5744 edges\n"}
,{"stream_name":"stdout","time":4776.403813105,"data":"  [6bba_062c8d37] after short-track filtering: 5853 nodes, 5620 edges (components_removed=45)\n"}
,{"stream_name":"stdout","time":4777.551768744,"data":"  [6bba_062c8d37] FINAL: 5853 nodes, 5620 edges\n"}
,{"stream_name":"stdout","time":4807.096737629,"data":"  [6bba_07e24132] after edge-filter+motion-relink: 29751 nodes, 28214 edges\n"}
,{"stream_name":"stdout","time":4817.25731468,"data":"  [6bba_07e24132] after gap-closing (single-frame + gap2): 30086 nodes, 28826 edges\n"}
,{"stream_name":"stdout","time":4835.302597359,"data":"  [6bba_07e24132] after safe-division repair: 30086 nodes, 28830 edges (geometric_candidates=119, deepcenter_rejected=115, post_veto_candidates=4, added=4, cap_skipped=0, mutual_nn_rejected=73, divergence_rejected=1005)\n"}
,{"stream_name":"stdout","time":4835.302644483,"data":"  [6bba_07e24132] after division-geometry-filter+prune-isolated: 30080 nodes, 28830 edges\n"}
,{"stream_name":"stdout","time":4835.302651913,"data":"  [6bba_07e24132] after short-track filtering: 29191 nodes, 28147 edges (components_removed=206)\n"}
,{"stream_name":"stdout","time":4841.69658177,"data":"  [6bba_07e24132] FINAL: 29191 nodes, 28147 edges\n"}
,{"stream_name":"stdout","time":4844.39089375,"data":"  [6bba_085bf656] after edge-filter+motion-relink: 8417 nodes, 8092 edges\n"}
,{"stream_name":"stdout","time":4845.088265565,"data":"  [6bba_085bf656] after gap-closing (single-frame + gap2): 8438 nodes, 8131 edges\n"}
,{"stream_name":"stdout","time":4850.595662044,"data":"  [6bba_085bf656] after safe-division repair: 8438 nodes, 8134 edges (geometric_candidates=21, deepcenter_rejected=18, post_veto_candidates=3, added=3, cap_skipped=0, mutual_nn_rejected=4, divergence_rejected=102)\n"}
,{"stream_name":"stdout","time":4850.595708438,"data":"  [6bba_085bf656] after division-geometry-filter+prune-isolated: 8435 nodes, 8134 edges\n"}
,{"stream_name":"stdout","time":4850.595750459,"data":"  [6bba_085bf656] after short-track filtering: 8300 nodes, 8029 edges (components_removed=30)\n"}
,{"stream_name":"stdout","time":4852.404338684,"data":"  [6bba_085bf656] FINAL: 8300 nodes, 8029 edges\n"}
,{"stream_name":"stdout","time":4881.251466625,"data":"  [6bba_09961292] after edge-filter+motion-relink: 29955 nodes, 28814 edges\n"}
,{"stream_name":"stdout","time":4890.100901956,"data":"  [6bba_09961292] after gap-closing (single-frame + gap2): 30171 nodes, 29207 edges\n"}
,{"stream_name":"stdout","time":4904.90337339,"data":"  [6bba_09961292] after safe-division repair: 30171 nodes, 29231 edges (geometric_candidates=97, deepcenter_rejected=69, post_veto_candidates=28, added=24, cap_skipped=0, mutual_nn_rejected=72, divergence_rejected=989)\n"}
,{"stream_name":"stdout","time":4904.903440459,"data":"  [6bba_09961292] after division-geometry-filter+prune-isolated: 30165 nodes, 29231 edges\n"}
,{"stream_name":"stdout","time":4904.903449391,"data":"  [6bba_09961292] after short-track filtering: 29745 nodes, 28911 edges (components_removed=100)\n"}
,{"stream_name":"stdout","time":4911.488082696,"data":"  [6bba_09961292] FINAL: 29745 nodes, 28911 edges\n"}
,{"stream_name":"stdout","time":4911.488117335,"data":"[bonus125] n=8 adjusted_edge_jaccard=0.9260 division_jaccard=0.2308 (tp/fp/fn=3/1/9) PROXY_SCORE=0.9490  [7.3 min]\n"}
,{"stream_name":"stdout","time":4977.978350193,"data":"  [44b6_12dfb391] after edge-filter+motion-relink: 45351 nodes, 43045 edges\n"}
,{"stream_name":"stdout","time":4991.484769715,"data":"  [44b6_12dfb391] after gap-closing (single-frame + gap2): 46006 nodes, 44284 edges\n"}
,{"stream_name":"stdout","time":5014.750575966,"data":"  [44b6_12dfb391] after safe-division repair: 46006 nodes, 44302 edges (geometric_candidates=150, deepcenter_rejected=132, post_veto_candidates=18, added=18, cap_skipped=0, mutual_nn_rejected=59, divergence_rejected=1557)\n"}
,{"stream_name":"stdout","time":5014.750614963,"data":"  [44b6_12dfb391] after division-geometry-filter+prune-isolated: 46004 nodes, 44302 edges\n"}
,{"stream_name":"stdout","time":5014.750622103,"data":"  [44b6_12dfb391] after short-track filtering: 44953 nodes, 43488 edges (components_removed=237)\n"}
,{"stream_name":"stdout","time":5024.250677098,"data":"  [44b6_12dfb391] FINAL: 44953 nodes, 43488 edges\n"}
,{"stream_name":"stdout","time":5042.341181325,"data":"  [44b6_267148e4] after edge-filter+motion-relink: 22829 nodes, 21448 edges\n"}
,{"stream_name":"stdout","time":5053.548899459,"data":"  [44b6_267148e4] after gap-closing (single-frame + gap2): 23070 nodes, 21883 edges\n"}
,{"stream_name":"stdout","time":5076.626822013,"data":"  [44b6_267148e4] after safe-division repair: 23070 nodes, 21899 edges (geometric_candidates=207, deepcenter_rejected=185, post_veto_candidates=22, added=16, cap_skipped=0, mutual_nn_rejected=133, divergence_rejected=1057)\n"}
,{"stream_name":"stdout","time":5076.626879752,"data":"  [44b6_267148e4] after division-geometry-filter+prune-isolated: 23010 nodes, 21899 edges\n"}
,{"stream_name":"stdout","time":5076.626888092,"data":"  [44b6_267148e4] after short-track filtering: 22247 nodes, 21320 edges (components_removed=184)\n"}
,{"stream_name":"stdout","time":5081.476014071,"data":"  [44b6_267148e4] FINAL: 22247 nodes, 21320 edges\n"}
,{"stream_name":"stdout","time":5134.864313497,"data":"  [44b6_2a2eff9f] after edge-filter+motion-relink: 40928 nodes, 38433 edges\n"}
,{"stream_name":"stdout","time":5149.166689888,"data":"  [44b6_2a2eff9f] after gap-closing (single-frame + gap2): 41455 nodes, 39412 edges\n"}
,{"stream_name":"stdout","time":5178.180043397,"data":"  [44b6_2a2eff9f] after safe-division repair: 41455 nodes, 39444 edges (geometric_candidates=291, deepcenter_rejected=259, post_veto_candidates=32, added=32, cap_skipped=0, mutual_nn_rejected=74, divergence_rejected=1655)\n"}
,{"stream_name":"stdout","time":5178.180098289,"data":"  [44b6_2a2eff9f] after division-geometry-filter+prune-isolated: 41451 nodes, 39444 edges\n"}
,{"stream_name":"stdout","time":5178.180102651,"data":"  [44b6_2a2eff9f] after short-track filtering: 40137 nodes, 38426 edges (components_removed=296)\n"}
,{"stream_name":"stdout","time":5186.236058218,"data":"  [44b6_2a2eff9f] FINAL: 40137 nodes, 38426 edges\n"}
,{"stream_name":"stdout","time":5189.038747014,"data":"  [44b6_341df25f] after edge-filter+motion-relink: 8523 nodes, 8210 edges\n"}
,{"stream_name":"stdout","time":5190.771535556,"data":"  [44b6_341df25f] after gap-closing (single-frame + gap2): 8569 nodes, 8290 edges\n"}
,{"stream_name":"stdout","time":5200.506418345,"data":"  [44b6_341df25f] after safe-division repair: 8569 nodes, 8301 edges (geometric_candidates=36, deepcenter_rejected=23, post_veto_candidates=13, added=11, cap_skipped=0, mutual_nn_rejected=3, divergence_rejected=140)\n"}
,{"stream_name":"stdout","time":5200.506461249,"data":"  [44b6_341df25f] after division-geometry-filter+prune-isolated: 8569 nodes, 8301 edges\n"}
,{"stream_name":"stdout","time":5200.506466913,"data":"  [44b6_341df25f] after short-track filtering: 8413 nodes, 8179 edges (components_removed=34)\n"}
,{"stream_name":"stdout","time":5202.371833671,"data":"  [44b6_341df25f] FINAL: 8413 nodes, 8179 edges\n"}
,{"stream_name":"stdout","time":5203.714734987,"data":"  [6bba_062c8d37] after edge-filter+motion-relink: 5997 nodes, 5645 edges\n"}
,{"stream_name":"stdout","time":5204.835819351,"data":"  [6bba_062c8d37] after gap-closing (single-frame + gap2): 6048 nodes, 5740 edges\n"}
,{"stream_name":"stdout","time":5208.890052682,"data":"  [6bba_062c8d37] after safe-division repair: 6048 nodes, 5744 edges (geometric_candidates=15, deepcenter_rejected=11, post_veto_candidates=4, added=4, cap_skipped=0, mutual_nn_rejected=3, divergence_rejected=66)\n"}
,{"stream_name":"stdout","time":5208.890095137,"data":"  [6bba_062c8d37] after division-geometry-filter+prune-isolated: 6022 nodes, 5744 edges\n"}
,{"stream_name":"stdout","time":5208.890104203,"data":"  [6bba_062c8d37] after short-track filtering: 5853 nodes, 5620 edges (components_removed=45)\n"}
,{"stream_name":"stdout","time":5210.042675984,"data":"  [6bba_062c8d37] FINAL: 5853 nodes, 5620 edges\n"}
,{"stream_name":"stdout","time":5239.199072002,"data":"  [6bba_07e24132] after edge-filter+motion-relink: 29751 nodes, 28214 edges\n"}
,{"stream_name":"stdout","time":5249.568231899,"data":"  [6bba_07e24132] after gap-closing (single-frame + gap2): 30087 nodes, 28828 edges\n"}
,{"stream_name":"stdout","time":5267.979163863,"data":"  [6bba_07e24132] after safe-division repair: 30087 nodes, 28831 edges (geometric_candidates=118, deepcenter_rejected=115, post_veto_candidates=3, added=3, cap_skipped=0, mutual_nn_rejected=69, divergence_rejected=1006)\n"}
,{"stream_name":"stdout","time":5267.979217793,"data":"  [6bba_07e24132] after division-geometry-filter+prune-isolated: 30080 nodes, 28831 edges\n"}
,{"stream_name":"stdout","time":5267.979224085,"data":"  [6bba_07e24132] after short-track filtering: 29181 nodes, 28140 edges (components_removed=208)\n"}
,{"stream_name":"stdout","time":5274.475233462,"data":"  [6bba_07e24132] FINAL: 29181 nodes, 28140 edges\n"}
,{"stream_name":"stdout","time":5277.316049683,"data":"  [6bba_085bf656] after edge-filter+motion-relink: 8417 nodes, 8092 edges\n"}
,{"stream_name":"stdout","time":5278.065190653,"data":"  [6bba_085bf656] after gap-closing (single-frame + gap2): 8438 nodes, 8131 edges\n"}
,{"stream_name":"stdout","time":5283.676644565,"data":"  [6bba_085bf656] after safe-division repair: 8438 nodes, 8134 edges (geometric_candidates=21, deepcenter_rejected=18, post_veto_candidates=3, added=3, cap_skipped=0, mutual_nn_rejected=4, divergence_rejected=102)\n"}
,{"stream_name":"stdout","time":5283.676758033,"data":"  [6bba_085bf656] after division-geometry-filter+prune-isolated: 8435 nodes, 8134 edges\n"}
,{"stream_name":"stdout","time":5283.676766454,"data":"  [6bba_085bf656] after short-track filtering: 8300 nodes, 8029 edges (components_removed=30)\n"}
,{"stream_name":"stdout","time":5285.43439093,"data":"  [6bba_085bf656] FINAL: 8300 nodes, 8029 edges\n"}
,{"stream_name":"stdout","time":5315.104599843,"data":"  [6bba_09961292] after edge-filter+motion-relink: 29955 nodes, 28814 edges\n"}
,{"stream_name":"stdout","time":5323.771168555,"data":"  [6bba_09961292] after gap-closing (single-frame + gap2): 30171 nodes, 29207 edges\n"}
,{"stream_name":"stdout","time":5338.650675763,"data":"  [6bba_09961292] after safe-division repair: 30171 nodes, 29231 edges (geometric_candidates=97, deepcenter_rejected=69, post_veto_candidates=28, added=24, cap_skipped=0, mutual_nn_rejected=73, divergence_rejected=989)\n"}
,{"stream_name":"stdout","time":5338.650734071,"data":"  [6bba_09961292] after division-geometry-filter+prune-isolated: 30165 nodes, 29231 edges\n"}
,{"stream_name":"stdout","time":5338.650743796,"data":"  [6bba_09961292] after short-track filtering: 29753 nodes, 28917 edges (components_removed=98)\n"}
,{"stream_name":"stdout","time":5344.858227272,"data":"  [6bba_09961292] FINAL: 29753 nodes, 28917 edges\n"}
,{"stream_name":"stdout","time":5344.858319011,"data":"[gap2step40] n=8 adjusted_edge_jaccard=0.9260 division_jaccard=0.2308 (tp/fp/fn=3/1/9) PROXY_SCORE=0.9490  [7.2 min]\n"}
,{"stream_name":"stdout","time":5410.529127338,"data":"  [44b6_12dfb391] after edge-filter+motion-relink: 45351 nodes, 43045 edges\n"}
,{"stream_name":"stdout","time":5423.670448352,"data":"  [44b6_12dfb391] after gap-closing (single-frame + gap2): 46006 nodes, 44284 edges\n"}
,{"stream_name":"stdout","time":5447.026819657,"data":"  [44b6_12dfb391] after safe-division repair: 46006 nodes, 44302 edges (geometric_candidates=150, deepcenter_rejected=132, post_veto_candidates=18, added=18, cap_skipped=0, mutual_nn_rejected=59, divergence_rejected=1557)\n"}
,{"stream_name":"stdout","time":5447.026865213,"data":"  [44b6_12dfb391] after division-geometry-filter+prune-isolated: 46004 nodes, 44302 edges\n"}
,{"stream_name":"stdout","time":5447.026874364,"data":"  [44b6_12dfb391] after short-track filtering: 44953 nodes, 43488 edges (components_removed=237)\n"}
,{"stream_name":"stdout","time":5456.621308953,"data":"  [44b6_12dfb391] FINAL: 44953 nodes, 43488 edges\n"}
,{"stream_name":"stdout","time":5474.330490079,"data":"  [44b6_267148e4] after edge-filter+motion-relink: 22829 nodes, 21448 edges\n"}
,{"stream_name":"stdout","time":5485.350535972,"data":"  [44b6_267148e4] after gap-closing (single-frame + gap2): 23070 nodes, 21883 edges\n"}
,{"stream_name":"stdout","time":5508.76641303,"data":"  [44b6_267148e4] after safe-division repair: 23070 nodes, 21899 edges (geometric_candidates=207, deepcenter_rejected=185, post_veto_candidates=22, added=16, cap_skipped=0, mutual_nn_rejected=133, divergence_rejected=1057)\n"}
,{"stream_name":"stdout","time":5508.76646233,"data":"  [44b6_267148e4] after division-geometry-filter+prune-isolated: 23010 nodes, 21899 edges\n"}
,{"stream_name":"stdout","time":5508.766468693,"data":"  [44b6_267148e4] after short-track filtering: 22247 nodes, 21320 edges (components_removed=184)\n"}
,{"stream_name":"stdout","time":5513.6762298,"data":"  [44b6_267148e4] FINAL: 22247 nodes, 21320 edges\n"}
,{"stream_name":"stdout","time":5567.910354682,"data":"  [44b6_2a2eff9f] after edge-filter+motion-relink: 40928 nodes, 38433 edges\n"}
,{"stream_name":"stdout","time":5582.60350292,"data":"  [44b6_2a2eff9f] after gap-closing (single-frame + gap2): 41455 nodes, 39412 edges\n"}
,{"stream_name":"stdout","time":5611.60050183,"data":"  [44b6_2a2eff9f] after safe-division repair: 41455 nodes, 39444 edges (geometric_candidates=291, deepcenter_rejected=259, post_veto_candidates=32, added=32, cap_skipped=0, mutual_nn_rejected=74, divergence_rejected=1655)\n"}
,{"stream_name":"stdout","time":5611.600543689,"data":"  [44b6_2a2eff9f] after division-geometry-filter+prune-isolated: 41451 nodes, 39444 edges\n"}
,{"stream_name":"stdout","time":5611.600550875,"data":"  [44b6_2a2eff9f] after short-track filtering: 40137 nodes, 38426 edges (components_removed=296)\n"}
,{"stream_name":"stdout","time":5619.972351622,"data":"  [44b6_2a2eff9f] FINAL: 40137 nodes, 38426 edges\n"}
,{"stream_name":"stdout","time":5622.909690246,"data":"  [44b6_341df25f] after edge-filter+motion-relink: 8523 nodes, 8210 edges\n"}
,{"stream_name":"stdout","time":5624.662839465,"data":"  [44b6_341df25f] after gap-closing (single-frame + gap2): 8569 nodes, 8290 edges\n"}
,{"stream_name":"stdout","time":5634.111197447,"data":"  [44b6_341df25f] after safe-division repair: 8569 nodes, 8301 edges (geometric_candidates=36, deepcenter_rejected=23, post_veto_candidates=13, added=11, cap_skipped=0, mutual_nn_rejected=3, divergence_rejected=140)\n"}
,{"stream_name":"stdout","time":5634.111244773,"data":"  [44b6_341df25f] after division-geometry-filter+prune-isolated: 8569 nodes, 8301 edges\n"}
,{"stream_name":"stdout","time":5634.111252819,"data":"  [44b6_341df25f] after short-track filtering: 8413 nodes, 8179 edges (components_removed=34)\n"}
,{"stream_name":"stdout","time":5636.036887233,"data":"  [44b6_341df25f] FINAL: 8413 nodes, 8179 edges\n"}
,{"stream_name":"stdout","time":5637.569814766,"data":"  [6bba_062c8d37] after edge-filter+motion-relink: 5997 nodes, 5645 edges\n"}
,{"stream_name":"stdout","time":5638.698551277,"data":"  [6bba_062c8d37] after gap-closing (single-frame + gap2): 6048 nodes, 5740 edges\n"}
,{"stream_name":"stdout","time":5642.761542576,"data":"  [6bba_062c8d37] after safe-division repair: 6048 nodes, 5744 edges (geometric_candidates=15, deepcenter_rejected=11, post_veto_candidates=4, added=4, cap_skipped=0, mutual_nn_rejected=3, divergence_rejected=66)\n"}
,{"stream_name":"stdout","time":5642.761579975,"data":"  [6bba_062c8d37] after division-geometry-filter+prune-isolated: 6022 nodes, 5744 edges\n"}
,{"stream_name":"stdout","time":5642.761586403,"data":"  [6bba_062c8d37] after short-track filtering: 5853 nodes, 5620 edges (components_removed=45)\n"}
,{"stream_name":"stdout","time":5643.906203871,"data":"  [6bba_062c8d37] FINAL: 5853 nodes, 5620 edges\n"}
,{"stream_name":"stdout","time":5672.571789362,"data":"  [6bba_07e24132] after edge-filter+motion-relink: 29751 nodes, 28214 edges\n"}
,{"stream_name":"stdout","time":5683.201401516,"data":"  [6bba_07e24132] after gap-closing (single-frame + gap2): 30087 nodes, 28828 edges\n"}
,{"stream_name":"stdout","time":5701.129159408,"data":"  [6bba_07e24132] after safe-division repair: 30087 nodes, 28831 edges (geometric_candidates=118, deepcenter_rejected=115, post_veto_candidates=3, added=3, cap_skipped=0, mutual_nn_rejected=69, divergence_rejected=1006)\n"}
,{"stream_name":"stdout","time":5701.129213478,"data":"  [6bba_07e24132] after division-geometry-filter+prune-isolated: 30080 nodes, 28831 edges\n"}
,{"stream_name":"stdout","time":5701.129218607,"data":"  [6bba_07e24132] after short-track filtering: 29181 nodes, 28140 edges (components_removed=208)\n"}
,{"stream_name":"stdout","time":5707.386160057,"data":"  [6bba_07e24132] FINAL: 29181 nodes, 28140 edges\n"}
,{"stream_name":"stdout","time":5710.288445061,"data":"  [6bba_085bf656] after edge-filter+motion-relink: 8417 nodes, 8092 edges\n"}
,{"stream_name":"stdout","time":5711.02631232,"data":"  [6bba_085bf656] after gap-closing (single-frame + gap2): 8438 nodes, 8131 edges\n"}
,{"stream_name":"stdout","time":5716.682242175,"data":"  [6bba_085bf656] after safe-division repair: 8438 nodes, 8134 edges (geometric_candidates=21, deepcenter_rejected=18, post_veto_candidates=3, added=3, cap_skipped=0, mutual_nn_rejected=4, divergence_rejected=102)\n"}
,{"stream_name":"stdout","time":5716.682280269,"data":"  [6bba_085bf656] after division-geometry-filter+prune-isolated: 8435 nodes, 8134 edges\n"}
,{"stream_name":"stdout","time":5716.682288011,"data":"  [6bba_085bf656] after short-track filtering: 8300 nodes, 8029 edges (components_removed=30)\n"}
,{"stream_name":"stdout","time":5718.349774705,"data":"  [6bba_085bf656] FINAL: 8300 nodes, 8029 edges\n"}
,{"stream_name":"stdout","time":5747.23897622,"data":"  [6bba_09961292] after edge-filter+motion-relink: 29955 nodes, 28814 edges\n"}
,{"stream_name":"stdout","time":5755.816548942,"data":"  [6bba_09961292] after gap-closing (single-frame + gap2): 30171 nodes, 29207 edges\n"}
,{"stream_name":"stdout","time":5770.715743636,"data":"  [6bba_09961292] after safe-division repair: 30171 nodes, 29231 edges (geometric_candidates=97, deepcenter_rejected=69, post_veto_candidates=28, added=24, cap_skipped=0, mutual_nn_rejected=73, divergence_rejected=989)\n"}
,{"stream_name":"stdout","time":5770.715817759,"data":"  [6bba_09961292] after division-geometry-filter+prune-isolated: 30165 nodes, 29231 edges\n"}
,{"stream_name":"stdout","time":5770.715826007,"data":"  [6bba_09961292] after short-track filtering: 29753 nodes, 28917 edges (components_removed=98)\n"}
,{"stream_name":"stdout","time":5777.028199917,"data":"  [6bba_09961292] FINAL: 29753 nodes, 28917 edges\n"}
,{"stream_name":"stdout","time":5777.028248717,"data":"[reuse28] n=8 adjusted_edge_jaccard=0.9260 division_jaccard=0.2308 (tp/fp/fn=3/1/9) PROXY_SCORE=0.9490  [7.2 min]\n"}
,{"stream_name":"stdout","time":5843.27710193,"data":"  [44b6_12dfb391] after edge-filter+motion-relink: 45351 nodes, 43045 edges\n"}
,{"stream_name":"stdout","time":5856.285015575,"data":"  [44b6_12dfb391] after gap-closing (single-frame + gap2): 45994 nodes, 44259 edges\n"}
,{"stream_name":"stdout","time":5879.592047721,"data":"  [44b6_12dfb391] after safe-division repair: 45994 nodes, 44278 edges (geometric_candidates=151, deepcenter_rejected=132, post_veto_candidates=19, added=19, cap_skipped=0, mutual_nn_rejected=60, divergence_rejected=1571)\n"}
,{"stream_name":"stdout","time":5879.592090828,"data":"  [44b6_12dfb391] after division-geometry-filter+prune-isolated: 45992 nodes, 44278 edges\n"}
,{"stream_name":"stdout","time":5879.592097536,"data":"  [44b6_12dfb391] after short-track filtering: 44923 nodes, 43450 edges (components_removed=241)\n"}
,{"stream_name":"stdout","time":5888.426684325,"data":"  [44b6_12dfb391] FINAL: 44923 nodes, 43450 edges\n"}
,{"stream_name":"stdout","time":5907.240522032,"data":"  [44b6_267148e4] after edge-filter+motion-relink: 22829 nodes, 21448 edges\n"}
,{"stream_name":"stdout","time":5918.112584466,"data":"  [44b6_267148e4] after gap-closing (single-frame + gap2): 23063 nodes, 21869 edges\n"}
,{"stream_name":"stdout","time":5941.373810025,"data":"  [44b6_267148e4] after safe-division repair: 23063 nodes, 21886 edges (geometric_candidates=209, deepcenter_rejected=186, post_veto_candidates=23, added=17, cap_skipped=0, mutual_nn_rejected=133, divergence_rejected=1066)\n"}
,{"stream_name":"stdout","time":5941.373858963,"data":"  [44b6_267148e4] after division-geometry-filter+prune-isolated: 23002 nodes, 21886 edges\n"}
,{"stream_name":"stdout","time":5941.373867034,"data":"  [44b6_267148e4] after short-track filtering: 22231 nodes, 21301 edges (components_removed=186)\n"}
,{"stream_name":"stdout","time":5946.007417989,"data":"  [44b6_267148e4] FINAL: 22231 nodes, 21301 edges\n"}
,{"stream_name":"stdout","time":6000.352098629,"data":"  [44b6_2a2eff9f] after edge-filter+motion-relink: 40928 nodes, 38433 edges\n"}
,{"stream_name":"stdout","time":6015.215401165,"data":"  [44b6_2a2eff9f] after gap-closing (single-frame + gap2): 41440 nodes, 39382 edges\n"}
,{"stream_name":"stdout","time":6044.778085552,"data":"  [44b6_2a2eff9f] after safe-division repair: 41440 nodes, 39415 edges (geometric_candidates=295, deepcenter_rejected=262, post_veto_candidates=33, added=33, cap_skipped=0, mutual_nn_rejected=75, divergence_rejected=1675)\n"}
,{"stream_name":"stdout","time":6044.778126597,"data":"  [44b6_2a2eff9f] after division-geometry-filter+prune-isolated: 41436 nodes, 39415 edges\n"}
,{"stream_name":"stdout","time":6044.778133188,"data":"  [44b6_2a2eff9f] after short-track filtering: 40104 nodes, 38383 edges (components_removed=300)\n"}
,{"stream_name":"stdout","time":6053.165142851,"data":"  [44b6_2a2eff9f] FINAL: 40104 nodes, 38383 edges\n"}
,{"stream_name":"stdout","time":6055.842128328,"data":"  [44b6_341df25f] after edge-filter+motion-relink: 8523 nodes, 8210 edges\n"}
,{"stream_name":"stdout","time":6057.673188458,"data":"  [44b6_341df25f] after gap-closing (single-frame + gap2): 8569 nodes, 8290 edges\n"}
,{"stream_name":"stdout","time":6067.15965803,"data":"  [44b6_341df25f] after safe-division repair: 8569 nodes, 8301 edges (geometric_candidates=36, deepcenter_rejected=23, post_veto_candidates=13, added=11, cap_skipped=0, mutual_nn_rejected=3, divergence_rejected=140)\n"}
,{"stream_name":"stdout","time":6067.159714365,"data":"  [44b6_341df25f] after division-geometry-filter+prune-isolated: 8569 nodes, 8301 edges\n"}
,{"stream_name":"stdout","time":6067.15972384,"data":"  [44b6_341df25f] after short-track filtering: 8413 nodes, 8179 edges (components_removed=34)\n"}
,{"stream_name":"stdout","time":6068.918071097,"data":"  [44b6_341df25f] FINAL: 8413 nodes, 8179 edges\n"}
,{"stream_name":"stdout","time":6070.373857437,"data":"  [6bba_062c8d37] after edge-filter+motion-relink: 5997 nodes, 5645 edges\n"}
,{"stream_name":"stdout","time":6071.542639154,"data":"  [6bba_062c8d37] after gap-closing (single-frame + gap2): 6048 nodes, 5740 edges\n"}
,{"stream_name":"stdout","time":6075.525022985,"data":"  [6bba_062c8d37] after safe-division repair: 6048 nodes, 5744 edges (geometric_candidates=15, deepcenter_rejected=11, post_veto_candidates=4, added=4, cap_skipped=0, mutual_nn_rejected=3, divergence_rejected=66)\n"}
,{"stream_name":"stdout","time":6075.525065363,"data":"  [6bba_062c8d37] after division-geometry-filter+prune-isolated: 6022 nodes, 5744 edges\n"}
,{"stream_name":"stdout","time":6075.525074661,"data":"  [6bba_062c8d37] after short-track filtering: 5853 nodes, 5620 edges (components_removed=45)\n"}
,{"stream_name":"stdout","time":6076.683869745,"data":"  [6bba_062c8d37] FINAL: 5853 nodes, 5620 edges\n"}
,{"stream_name":"stdout","time":6105.211877236,"data":"  [6bba_07e24132] after edge-filter+motion-relink: 29751 nodes, 28214 edges\n"}
,{"stream_name":"stdout","time":6115.653465878,"data":"  [6bba_07e24132] after gap-closing (single-frame + gap2): 30085 nodes, 28824 edges\n"}
,{"stream_name":"stdout","time":6133.81046958,"data":"  [6bba_07e24132] after safe-division repair: 30085 nodes, 28828 edges (geometric_candidates=119, deepcenter_rejected=115, post_veto_candidates=4, added=4, cap_skipped=0, mutual_nn_rejected=69, divergence_rejected=1007)\n"}
,{"stream_name":"stdout","time":6133.810523634,"data":"  [6bba_07e24132] after division-geometry-filter+prune-isolated: 30078 nodes, 28828 edges\n"}
,{"stream_name":"stdout","time":6133.810545151,"data":"  [6bba_07e24132] after short-track filtering: 29179 nodes, 28137 edges (components_removed=208)\n"}
,{"stream_name":"stdout","time":6140.146450638,"data":"  [6bba_07e24132] FINAL: 29179 nodes, 28137 edges\n"}
,{"stream_name":"stdout","time":6143.03513965,"data":"  [6bba_085bf656] after edge-filter+motion-relink: 8417 nodes, 8092 edges\n"}
,{"stream_name":"stdout","time":6143.777366139,"data":"  [6bba_085bf656] after gap-closing (single-frame + gap2): 8438 nodes, 8131 edges\n"}
,{"stream_name":"stdout","time":6149.558684835,"data":"  [6bba_085bf656] after safe-division repair: 8438 nodes, 8134 edges (geometric_candidates=21, deepcenter_rejected=18, post_veto_candidates=3, added=3, cap_skipped=0, mutual_nn_rejected=4, divergence_rejected=102)\n"}
,{"stream_name":"stdout","time":6149.558720474,"data":"  [6bba_085bf656] after division-geometry-filter+prune-isolated: 8435 nodes, 8134 edges\n"}
,{"stream_name":"stdout","time":6149.558726605,"data":"  [6bba_085bf656] after short-track filtering: 8300 nodes, 8029 edges (components_removed=30)\n"}
,{"stream_name":"stdout","time":6151.292416357,"data":"  [6bba_085bf656] FINAL: 8300 nodes, 8029 edges\n"}
,{"stream_name":"stdout","time":6180.416918793,"data":"  [6bba_09961292] after edge-filter+motion-relink: 29955 nodes, 28814 edges\n"}
,{"stream_name":"stdout","time":6189.088340863,"data":"  [6bba_09961292] after gap-closing (single-frame + gap2): 30167 nodes, 29199 edges\n"}
,{"stream_name":"stdout","time":6203.90583385,"data":"  [6bba_09961292] after safe-division repair: 30167 nodes, 29223 edges (geometric_candidates=97, deepcenter_rejected=69, post_veto_candidates=28, added=24, cap_skipped=0, mutual_nn_rejected=73, divergence_rejected=999)\n"}
,{"stream_name":"stdout","time":6203.905893828,"data":"  [6bba_09961292] after division-geometry-filter+prune-isolated: 30161 nodes, 29223 edges\n"}
,{"stream_name":"stdout","time":6203.90590198,"data":"  [6bba_09961292] after short-track filtering: 29747 nodes, 28908 edges (components_removed=99)\n"}
,{"stream_name":"stdout","time":6210.220733414,"data":"  [6bba_09961292] FINAL: 29747 nodes, 28908 edges\n"}
,{"stream_name":"stdout","time":6210.220801706,"data":"[dcgap035] n=8 adjusted_edge_jaccard=0.9260 division_jaccard=0.2308 (tp/fp/fn=3/1/9) PROXY_SCORE=0.9491  [7.2 min]\n"}
,{"stream_name":"stdout","time":6210.220809666,"data":"\n"}
,{"stream_name":"stdout","time":6210.220815152,"data":"==============================================================================\n"}
,{"stream_name":"stdout","time":6210.2208206,"data":"SWEEP TABLE (sorted by PROXY_SCORE)\n"}
,{"stream_name":"stdout","time":6210.220825823,"data":"==============================================================================\n"}
,{"stream_name":"stdout","time":6210.220831133,"data":"  tight55                                  proxy=0.9511 (+0.0021)  adj=0.9280  divJ=0.2308 (tp/fp/fn=3/1/9)\n"}
,{"stream_name":"stdout","time":6210.22083657,"data":"  gap45                                    proxy=0.9491 (+0.0000)  adj=0.9260  divJ=0.2308 (tp/fp/fn=3/1/9)\n"}
,{"stream_name":"stdout","time":6210.220842541,"data":"  dcgap035                                 proxy=0.9491 (+0.0000)  adj=0.9260  divJ=0.2308 (tp/fp/fn=3/1/9)\n"}
,{"stream_name":"stdout","time":6210.220848575,"data":"  bonus125                                 proxy=0.9490 (+0.0000)  adj=0.9260  divJ=0.2308 (tp/fp/fn=3/1/9)\n"}
,{"stream_name":"stdout","time":6210.22085376,"data":"  base                                     proxy=0.9490 (+0.0000)  adj=0.9260  divJ=0.2308 (tp/fp/fn=3/1/9)\n"}
,{"stream_name":"stdout","time":6210.220859169,"data":"  gap2step40                               proxy=0.9490 (+0.0000)  adj=0.9260  divJ=0.2308 (tp/fp/fn=3/1/9)\n"}
,{"stream_name":"stdout","time":6210.220864659,"data":"  reuse28                                  proxy=0.9490 (+0.0000)  adj=0.9260  divJ=0.2308 (tp/fp/fn=3/1/9)\n"}
,{"stream_name":"stdout","time":6210.220870178,"data":"  relaxed9                                 proxy=0.9480 (-0.0010)  adj=0.9266  divJ=0.2143 (tp/fp/fn=3/2/9)\n"}
,{"stream_name":"stdout","time":6210.220893407,"data":"\n"}
,{"stream_name":"stdout","time":6210.220898003,"data":"SELECTED: tight55  overrides={'MOTION_RELINK_TIGHT_UM': 5.5}  (margin rule: \u003e= +0.001 proxy and adj loss \u003c= 0.0005)\n"}
,{"stream_name":"stdout","time":6210.220903015,"data":"  base     proxy=0.9490 adj=0.9260 divJ=0.2308\n"}
,{"stream_name":"stdout","time":6210.22090692,"data":"  selected proxy=0.9511 adj=0.9280 divJ=0.2308\n"}
,{"stream_name":"stdout","time":6210.220910881,"data":"\n"}
,{"stream_name":"stdout","time":6210.220914802,"data":"Re-writing submission.csv with the selected post-process configuration: tight55\n"}
,{"stream_name":"stdout","time":6210.220918945,"data":"Found 4 prediction graphs\n"}
,{"stream_name":"stdout","time":6232.727059859,"data":"  [44b6_0113de3b] after edge-filter+motion-relink: 25822 nodes, 24951 edges\n"}
,{"stream_name":"stdout","time":6235.382448011,"data":"  [44b6_0113de3b] after gap-closing (single-frame + gap2): 25882 nodes, 25063 edges\n"}
,{"stream_name":"stdout","time":6260.50853585,"data":"  [44b6_0113de3b] after safe-division repair: 25882 nodes, 25111 edges (geometric_candidates=172, deepcenter_rejected=115, post_veto_candidates=57, added=48, cap_skipped=0, mutual_nn_rejected=60, divergence_rejected=535)\n"}
,{"stream_name":"stdout","time":6260.508590676,"data":"  [44b6_0113de3b] after division-geometry-filter+prune-isolated: 25877 nodes, 25111 edges\n"}
,{"stream_name":"stdout","time":6260.508598956,"data":"  [44b6_0113de3b] after short-track filtering: 25637 nodes, 24926 edges (components_removed=55)\n"}
,{"stream_name":"stdout","time":6266.094354708,"data":"  [44b6_0113de3b] FINAL: 25637 nodes, 24926 edges\n"}
,{"stream_name":"stdout","time":6283.620586634,"data":"  [44b6_0b24845f] after edge-filter+motion-relink: 22491 nodes, 20375 edges\n"}
,{"stream_name":"stdout","time":6300.924634377,"data":"  [44b6_0b24845f] after gap-closing (single-frame + gap2): 22873 nodes, 21067 edges\n"}
,{"stream_name":"stdout","time":6326.664318581,"data":"  [44b6_0b24845f] after safe-division repair: 22873 nodes, 21082 edges (geometric_candidates=232, deepcenter_rejected=213, post_veto_candidates=19, added=15, cap_skipped=0, mutual_nn_rejected=56, divergence_rejected=913)\n"}
,{"stream_name":"stdout","time":6326.664374755,"data":"  [44b6_0b24845f] after division-geometry-filter+prune-isolated: 22858 nodes, 21082 edges\n"}
,{"stream_name":"stdout","time":6326.664381289,"data":"  [44b6_0b24845f] after short-track filtering: 20721 nodes, 19433 edges (components_removed=488)\n"}
,{"stream_name":"stdout","time":6331.364454774,"data":"  [44b6_0b24845f] FINAL: 20721 nodes, 19433 edges\n"}
,{"stream_name":"stdout","time":6333.026722797,"data":"  [6bba_05b6850b] after edge-filter+motion-relink: 6305 nodes, 6032 edges\n"}
,{"stream_name":"stdout","time":6334.396368108,"data":"  [6bba_05b6850b] after gap-closing (single-frame + gap2): 6336 nodes, 6088 edges\n"}
,{"stream_name":"stdout","time":6340.325837902,"data":"  [6bba_05b6850b] after safe-division repair: 6336 nodes, 6097 edges (geometric_candidates=22, deepcenter_rejected=13, post_veto_candidates=9, added=9, cap_skipped=0, mutual_nn_rejected=5, divergence_rejected=82)\n"}
,{"stream_name":"stdout","time":6340.325885366,"data":"  [6bba_05b6850b] after division-geometry-filter+prune-isolated: 6335 nodes, 6097 edges\n"}
,{"stream_name":"stdout","time":6340.325899755,"data":"  [6bba_05b6850b] after short-track filtering: 6152 nodes, 5957 edges (components_removed=43)\n"}
,{"stream_name":"stdout","time":6341.665741499,"data":"  [6bba_05b6850b] FINAL: 6152 nodes, 5957 edges\n"}
,{"stream_name":"stdout","time":6500.842442143,"data":"  [6bba_05db0fb1] after edge-filter+motion-relink: 70687 nodes, 67990 edges\n"}
,{"stream_name":"stdout","time":6517.220666389,"data":"  [6bba_05db0fb1] after gap-closing (single-frame + gap2): 71114 nodes, 68785 edges\n"}
,{"stream_name":"stdout","time":6541.821894312,"data":"  [6bba_05db0fb1] after safe-division repair: 71114 nodes, 68812 edges (geometric_candidates=304, deepcenter_rejected=273, post_veto_candidates=31, added=27, cap_skipped=0, mutual_nn_rejected=256, divergence_rejected=2642)\n"}
,{"stream_name":"stdout","time":6541.821931669,"data":"  [6bba_05db0fb1] after division-geometry-filter+prune-isolated: 71087 nodes, 68812 edges\n"}
,{"stream_name":"stdout","time":6541.983190125,"data":"  [6bba_05db0fb1] after short-track filtering: 70284 nodes, 68196 edges (components_removed=187)\n"}
,{"stream_name":"stdout","time":6556.643618697,"data":"  [6bba_05db0fb1] FINAL: 70284 nodes, 68196 edges\n"}
,{"stream_name":"stdout","time":6557.099305015,"data":"Wrote /kaggle/working/submission.csv with 241,306 rows\n"}
,{"stream_name":"stdout","time":6557.099342988,"data":"Node rows: 122,794 | edge rows: 118,512\n"}
,{"stream_name":"stdout","time":6557.099349704,"data":"Wrote /kaggle/working/run_stats.csv\n"}
,{"stream_name":"stdout","time":6557.574108773,"data":"  44b6_0113de3b: nodes=25637 edges=24926 divisions=48\n"}
,{"stream_name":"stdout","time":6557.574166267,"data":"  44b6_0b24845f: nodes=20721 edges=19433 divisions=15\n"}
,{"stream_name":"stdout","time":6557.574173899,"data":"  6bba_05b6850b: nodes=6152 edges=5957 divisions=9\n"}
,{"stream_name":"stdout","time":6557.57417955,"data":"  6bba_05db0fb1: nodes=70284 edges=68196 divisions=27\n"}
,{"stream_name":"stdout","time":6557.574184822,"data":"Final submission.csv rows=241306  config=tight55\n"}
,{"stream_name":"stdout","time":6557.76090553,"data":"==============================================================================\n"}
,{"stream_name":"stdout","time":6557.760935534,"data":"PIPELINE MANIFEST -- resolved state, not just config\n"}
,{"stream_name":"stdout","time":6557.760942965,"data":"==============================================================================\n"}
,{"stream_name":"stdout","time":6557.760948549,"data":"Dual-seed ensemble:      requested=True  weights_found=True\n"}
,{"stream_name":"stdout","time":6557.760953494,"data":"Bidirectional fusion:    weight=0.15  active=True  mode=harmonic_probability\n"}
,{"stream_name":"stdout","time":6557.760959136,"data":"DeepCenter veto:         requested=True  loaded=True\n"}
,{"stream_name":"stdout","time":6557.760964666,"data":"  - checkpoint file:     /kaggle/input/datasets/pilkwang/biohub-deepcenter-unet3d-center-prior-v1/weights/full_frame_center/best.pt\n"}
,{"stream_name":"stdout","time":6557.76097067,"data":"  - expected epoch:      2\n"}
,{"stream_name":"stdout","time":6557.76097536,"data":"  - gap veto:            True\n"}
,{"stream_name":"stdout","time":6557.760980148,"data":"  - safe-div veto:       True\n"}
,{"stream_name":"stdout","time":6557.760991204,"data":"Safe-div thresholds:     parent\u003c=9.0um  sister\u003c=14.0um  global_cap=0.00375  frame_cap=0.0076\n"}
,{"stream_name":"stdout","time":6557.760995484,"data":"Validator:               enabled=True  held_out_samples=8  match_radius=7.0um\n"}
,{"stream_name":"stdout","time":6557.761001328,"data":"==============================================================================\n"}
,{"stream_name":"stderr","time":6563.90333674,"data":"/usr/local/lib/python3.12/dist-packages/mistune.py:435: SyntaxWarning: invalid escape sequence '\\|'\n"}
,{"stream_name":"stderr","time":6563.903372518,"data":"  cells[i][c] = re.sub('\\\\\\\\\\|', '|', cell)\n"}
,{"stream_name":"stderr","time":6564.047905798,"data":"/usr/local/lib/python3.12/dist-packages/nbconvert/filters/filter_links.py:36: SyntaxWarning: invalid escape sequence '\\_'\n"}
,{"stream_name":"stderr","time":6564.047947578,"data":"  text = re.sub(r'_', '\\_', text) # Escape underscores in display text\n"}
,{"stream_name":"stderr","time":6564.837116776,"data":"[NbConvertApp] Converting notebook __notebook__.ipynb to notebook\n"}
,{"stream_name":"stderr","time":6565.462033691,"data":"[NbConvertApp] Writing 574662 bytes to __notebook__.ipynb\n"}
,{"stream_name":"stderr","time":6568.172338922,"data":"[NbConvertApp] Converting notebook __notebook__.ipynb to html\n"}
,{"stream_name":"stderr","time":6569.803317397,"data":"[NbConvertApp] Writing 1458196 bytes to __results__.html\n"}
]