[{"stream_name":"stderr","time":6.801375941,"data":"0.00s - Debugger warning: It seems that frozen modules are being used, which may\n"}
,{"stream_name":"stderr","time":6.801446794,"data":"0.00s - make the debugger miss breakpoints. Please pass -Xfrozen_modules=off\n"}
,{"stream_name":"stderr","time":6.801453941,"data":"0.00s - to python to disable frozen modules.\n"}
,{"stream_name":"stderr","time":6.801458211,"data":"0.00s - Note: Debugging will proceed. Set PYDEVD_DISABLE_FILE_VALIDATION=1 to disable this validation.\n"}
,{"stream_name":"stderr","time":7.392830251,"data":"0.00s - Debugger warning: It seems that frozen modules are being used, which may\n"}
,{"stream_name":"stderr","time":7.392860553,"data":"0.00s - make the debugger miss breakpoints. Please pass -Xfrozen_modules=off\n"}
,{"stream_name":"stderr","time":7.392866355,"data":"0.00s - to python to disable frozen modules.\n"}
,{"stream_name":"stderr","time":7.392870963,"data":"0.00s - Note: Debugging will proceed. Set PYDEVD_DISABLE_FILE_VALIDATION=1 to disable this validation.\n"}
,{"stream_name":"stdout","time":9.134089023,"data":"BIOHUB_PRESET: harmonic_v3_division_wide\n"}
,{"stream_name":"stdout","time":9.134161082,"data":"BIOHUB_SCORE_AXIS: 0.933 baseline -\u003e 0.934 harmonic fusion -\u003e 0.939 wider divisions/calmer fusion -\u003e 0.941 repair adaptation -\u003e 0.946 primary edge-feature TTA -\u003e 0.947 secondary feature TTA + DeepCenter TTA\n"}
,{"stream_name":"stdout","time":9.13417025,"data":"Configuration guard: PASS\n"}
,{"stream_name":"stdout","time":9.134174139,"data":"Verified score progression: 0.933 -\u003e 0.934 -\u003e 0.939 -\u003e 0.941 -\u003e 0.946 -\u003e 0.947\n"}
,{"stream_name":"stdout","time":9.134178626,"data":"Previous verified configuration: public LB 0.946\n"}
,{"stream_name":"stdout","time":9.134182489,"data":"Current verified configuration: public LB 0.947\n"}
,{"stream_name":"stdout","time":9.13418632,"data":"0.946 primary edge-feature TTA retained with eight aligned D4 views\n"}
,{"stream_name":"stdout","time":9.134190138,"data":"0.947 change: secondary feature TTA blend 0.75 + DeepCenter TTA + safe-div threshold 0.20\n"}
,{"stream_name":"stdout","time":9.134194105,"data":"Reverse-time association weight retained at 0.150\n"}
,{"stream_name":"stdout","time":10.031915484,"data":"Biohub learned UNet + node-transformer + ILP submission\n"}
,{"stream_name":"stdout","time":10.031940457,"data":"COMP_DIR: /kaggle/input/competitions/biohub-cell-tracking-during-development exists: True\n"}
,{"stream_name":"stdout","time":10.031945095,"data":"TEST_DIR: /kaggle/input/competitions/biohub-cell-tracking-during-development/test exists: True\n"}
,{"stream_name":"stdout","time":10.031949257,"data":"{\n"}
,{"stream_name":"stdout","time":10.031952947,"data":"  \"adaptive_short_track_rescue\": true,\n"}
,{"stream_name":"stdout","time":10.03195696,"data":"  \"allow_artifact_fallback\": true,\n"}
,{"stream_name":"stdout","time":10.03196094,"data":"  \"allow_pip_install\": false,\n"}
,{"stream_name":"stdout","time":10.031964229,"data":"  \"deepcenter_checkpoint_default\": \"/kaggle/input/biohub-deepcenter-unet3d-center-prior-v1/weights/full_frame_center/best.pt\",\n"}
,{"stream_name":"stdout","time":10.031968217,"data":"  \"deepcenter_expected_epoch\": 2,\n"}
,{"stream_name":"stdout","time":10.031971778,"data":"  \"deepcenter_gap_add_gate\": true,\n"}
,{"stream_name":"stdout","time":10.031975463,"data":"  \"deepcenter_gap_confirm_min_span_um\": 8.5,\n"}
,{"stream_name":"stdout","time":10.031979365,"data":"  \"deepcenter_gap_threshold\": 0.25,\n"}
,{"stream_name":"stdout","time":10.031983532,"data":"  \"deepcenter_safe_div_add_gate\": true,\n"}
,{"stream_name":"stdout","time":10.032000226,"data":"  \"deepcenter_safe_div_threshold\": 0.2,\n"}
,{"stream_name":"stdout","time":10.032004584,"data":"  \"deepcenter_tta\": true,\n"}
,{"stream_name":"stdout","time":10.032007868,"data":"  \"det_threshold\": 0.965,\n"}
,{"stream_name":"stdout","time":10.032011229,"data":"  \"div_drop_to_single_if_bad\": true,\n"}
,{"stream_name":"stdout","time":10.032014597,"data":"  \"div_parent_max_um\": 10.5,\n"}
,{"stream_name":"stdout","time":10.032018003,"data":"  \"div_sister_max_um\": 8.0,\n"}
,{"stream_name":"stdout","time":10.032021404,"data":"  \"experiment_tag\": \"secondary_deepcenter_tta_0947\",\n"}
,{"stream_name":"stdout","time":10.032025004,"data":"  \"gap2_frame_frac_cap\": 0.006,\n"}
,{"stream_name":"stdout","time":10.032028487,"data":"  \"gap2_max_links_abs\": 180,\n"}
,{"stream_name":"stdout","time":10.032031867,"data":"  \"gap2_max_links_frac\": 0.0045,\n"}
,{"stream_name":"stdout","time":10.032035245,"data":"  \"gap2_max_step_um\": 4.4,\n"}
,{"stream_name":"stdout","time":10.03203876,"data":"  \"gap2_max_total_um\": 10.2,\n"}
,{"stream_name":"stdout","time":10.032042157,"data":"  \"gap2_require_context\": true,\n"}
,{"stream_name":"stdout","time":10.032045768,"data":"  \"gap_close_effective_max_gap\": 1,\n"}
,{"stream_name":"stdout","time":10.032049755,"data":"  \"gap_close_max_added_abs\": 2000,\n"}
,{"stream_name":"stdout","time":10.032053765,"data":"  \"gap_close_max_added_frac\": 0.05,\n"}
,{"stream_name":"stdout","time":10.03205726,"data":"  \"gap_close_max_gap\": 2,\n"}
,{"stream_name":"stdout","time":10.032060535,"data":"  \"gap_close_reuse_existing\": true,\n"}
,{"stream_name":"stdout","time":10.032063682,"data":"  \"gap_close_reuse_um\": 3.2,\n"}
,{"stream_name":"stdout","time":10.032067541,"data":"  \"gap_close_um\": 5.0,\n"}
,{"stream_name":"stdout","time":10.032071556,"data":"  \"gap_density_adaptive\": true,\n"}
,{"stream_name":"stdout","time":10.032075459,"data":"  \"gap_density_gain\": 0.04,\n"}
,{"stream_name":"stdout","time":10.032078606,"data":"  \"gap_density_max_step_delta_um\": 0.125,\n"}
,{"stream_name":"stdout","time":10.032082048,"data":"  \"gap_density_neighbors\": 3,\n"}
,{"stream_name":"stdout","time":10.032085289,"data":"  \"gap_density_reference_um\": 6.5,\n"}
,{"stream_name":"stdout","time":10.032088779,"data":"  \"gap_refine_max_shift_um\": 3.2,\n"}
,{"stream_name":"stdout","time":10.032092552,"data":"  \"gap_refine_synthetic\": true,\n"}
,{"stream_name":"stdout","time":10.032096425,"data":"  \"gap_refine_win_yx\": 3,\n"}
,{"stream_name":"stdout","time":10.032100471,"data":"  \"gap_refine_win_z\": 1,\n"}
,{"stream_name":"stdout","time":10.032104445,"data":"  \"ilp_appearance_weight\": 0.0,\n"}
,{"stream_name":"stdout","time":10.032107694,"data":"  \"ilp_disappearance_weight\": 2.0,\n"}
,{"stream_name":"stdout","time":10.032111377,"data":"  \"ilp_division_weight\": 1.2,\n"}
,{"stream_name":"stdout","time":10.032115308,"data":"  \"ilp_edge_weight\": -1.0,\n"}
,{"stream_name":"stdout","time":10.03211907,"data":"  \"method\": \"unet_transformer\",\n"}
,{"stream_name":"stdout","time":10.03212304,"data":"  \"motion_relink_learned_bonus\": 1.0,\n"}
,{"stream_name":"stdout","time":10.032126845,"data":"  \"motion_relink_max_frame_nodes\": 2600,\n"}
,{"stream_name":"stdout","time":10.03213047,"data":"  \"motion_relink_relaxed_um\": 10.0,\n"}
,{"stream_name":"stdout","time":10.03213408,"data":"  \"motion_relink_tight_um\": 6.0,\n"}
,{"stream_name":"stdout","time":10.032138301,"data":"  \"motion_relink_velocity_weight\": 0.5,\n"}
,{"stream_name":"stdout","time":10.032141884,"data":"  \"output_division_geometry_filter\": false,\n"}
,{"stream_name":"stdout","time":10.032151011,"data":"  \"output_edge_max_um\": 14.0,\n"}
,{"stream_name":"stdout","time":10.032155153,"data":"  \"output_enforce_next_frame\": true,\n"}
,{"stream_name":"stdout","time":10.032161201,"data":"  \"output_filter_short_tracks\": true,\n"}
,{"stream_name":"stdout","time":10.032165189,"data":"  \"output_gap2_recovery\": true,\n"}
,{"stream_name":"stdout","time":10.032168837,"data":"  \"output_gap_close\": true,\n"}
,{"stream_name":"stdout","time":10.032172171,"data":"  \"output_keep_division_components\": true,\n"}
,{"stream_name":"stdout","time":10.032175592,"data":"  \"output_linefit_smooth\": true,\n"}
,{"stream_name":"stdout","time":10.032179618,"data":"  \"output_linefit_weight\": 0.8,\n"}
,{"stream_name":"stdout","time":10.032183529,"data":"  \"output_linefit_window\": 2,\n"}
,{"stream_name":"stdout","time":10.032186868,"data":"  \"output_min_track_len\": 6,\n"}
,{"stream_name":"stdout","time":10.0321902,"data":"  \"output_motion_relink\": false,\n"}
,{"stream_name":"stdout","time":10.032193352,"data":"  \"output_prune_isolated\": true,\n"}
,{"stream_name":"stdout","time":10.032198378,"data":"  \"output_safe_divisions\": true,\n"}
,{"stream_name":"stdout","time":10.032206342,"data":"  \"output_single_child_repair\": false,\n"}
,{"stream_name":"stdout","time":10.032209317,"data":"  \"output_single_parent_repair\": true,\n"}
,{"stream_name":"stdout","time":10.032211603,"data":"  \"primary_artifact_manifest\": \"/kaggle/input/datasets/pilkwang/biohub-tracking-support-pack-50ep-v1/ARTIFACT_MANIFEST.json\",\n"}
,{"stream_name":"stdout","time":10.032214099,"data":"  \"safe_div_existing_child_max_um\": 10.0,\n"}
,{"stream_name":"stdout","time":10.0322164,"data":"  \"safe_div_frame_frac_cap\": 0.0076,\n"}
,{"stream_name":"stdout","time":10.032218674,"data":"  \"safe_div_global_frac_cap\": 0.00375,\n"}
,{"stream_name":"stdout","time":10.0322239,"data":"  \"safe_div_max_um\": 9.0,\n"}
,{"stream_name":"stdout","time":10.032226155,"data":"  \"safe_div_sister_max_um\": 14.0,\n"}
,{"stream_name":"stdout","time":10.032228384,"data":"  \"secondary_edge_feature_tta\": true,\n"}
,{"stream_name":"stdout","time":10.032230649,"data":"  \"secondary_edge_feature_tta_weight\": 0.75,\n"}
,{"stream_name":"stdout","time":10.032233015,"data":"  \"short_track_rescue_max_mean_edge_dist_um\": 3.0,\n"}
,{"stream_name":"stdout","time":10.032235291,"data":"  \"short_track_rescue_max_nodes_abs\": 120,\n"}
,{"stream_name":"stdout","time":10.032237542,"data":"  \"short_track_rescue_max_nodes_frac\": 0.012,\n"}
,{"stream_name":"stdout","time":10.0322398,"data":"  \"short_track_rescue_min_len\": 4,\n"}
,{"stream_name":"stdout","time":10.032242118,"data":"  \"short_track_rescue_min_mean_edge_prob\": 0.88,\n"}
,{"stream_name":"stdout","time":10.032244532,"data":"  \"short_track_rescue_trigger_removed_frac\": 0.1,\n"}
,{"stream_name":"stdout","time":10.032247868,"data":"  \"slice\": \"\",\n"}
,{"stream_name":"stdout","time":10.032270321,"data":"  \"target_artifact_slug\": \"biohub-tracking-support-pack\",\n"}
,{"stream_name":"stdout","time":10.032274314,"data":"  \"unet_batch_size\": 4,\n"}
,{"stream_name":"stdout","time":10.032278268,"data":"  \"use_deepcenter_add_only_gate\": true,\n"}
,{"stream_name":"stdout","time":10.032282145,"data":"  \"use_ilp\": true,\n"}
,{"stream_name":"stdout","time":10.032286056,"data":"  \"weights\": \"weights/unet_transformer/split_0/edge_predictor_best.pth\"\n"}
,{"stream_name":"stdout","time":10.032290237,"data":"}\n"}
,{"stream_name":"stdout","time":10.032293552,"data":"ARTIFACTS: /kaggle/input/datasets/pilkwang/biohub-tracking-support-pack-50ep-v1\n"}
,{"stream_name":"stdout","time":10.032301202,"data":"Has offline wheels: True\n"}
,{"stream_name":"stdout","time":10.032304728,"data":"Artifact name: biohub-tracking-support-pack-400ep-snapshot-v1\n"}
,{"stream_name":"stdout","time":10.032313287,"data":"Weight sha256: 12f6881ee3620a831697ca098ff8f48e687a24225f4e048b538deec3562fe771\n"}
,{"stream_name":"stdout","time":10.032316379,"data":"Weight path: weights/unet_transformer/split_0/edge_predictor_best.pth\n"}
,{"stream_name":"stdout","time":10.670088006,"data":"Installing missing packages from offline package dirs: ['polars']\n"}
,{"stream_name":"stdout","time":10.670116147,"data":"Dependency resolver is disabled with --no-deps to avoid replacing Kaggle numpy/scipy in a live kernel.\n"}
,{"stream_name":"stdout","time":10.670122119,"data":"Offline package dirs: ['/kaggle/input/datasets/pilkwang/biohub-tracking-support-pack-50ep-v1/wheels']\n"}
,{"stream_name":"stdout","time":15.999297511,"data":"Offline dependency install succeeded.\n"}
,{"stream_name":"stdout","time":15.999337515,"data":"Installing missing packages from offline package dirs: ['tracksdata', 'zarr', 'pyscipopt', 'geff', 'geff_spec', 'ilpy', 'imagecodecs', 'rustworkx', 'numcodecs', 'donfig', 'bidict']\n"}
,{"stream_name":"stdout","time":15.999345293,"data":"Dependency resolver is disabled with --no-deps to avoid replacing Kaggle numpy/scipy in a live kernel.\n"}
,{"stream_name":"stdout","time":15.999350577,"data":"Offline package dirs: ['/kaggle/input/datasets/pilkwang/biohub-tracking-support-pack-50ep-v1/wheels']\n"}
,{"stream_name":"stdout","time":41.081505106,"data":"Offline dependency install succeeded.\n"}
,{"stream_name":"stderr","time":48.46519897,"data":"/usr/local/lib/python3.12/dist-packages/dask/array/image.py:7: FutureWarning: `find_available_plugins` is deprecated since version 0.25 and will be removed in version 0.27. The plugin infrastructure of `skimage.io` is deprecated. Instead, use `imageio` or other I/O packages directly.\n"}
,{"stream_name":"stderr","time":48.465233765,"data":"  from skimage.io import imread as sk_imread\n"}
,{"stream_name":"stderr","time":48.465239773,"data":"/usr/lib/python3.12/importlib/__init__.py:90: FutureWarning: `reset_plugins` is deprecated since version 0.25 and will be removed in version 0.27. The plugin infrastructure of `skimage.io` is deprecated. Instead, use `imageio` or other I/O packages directly.\n"}
,{"stream_name":"stderr","time":48.465245072,"data":"  return _bootstrap._gcd_import(name[level:], package, level)\n"}
,{"stream_name":"stderr","time":48.46524983,"data":"\n"}
,{"stream_name":"stderr","time":48.465260647,"data":"/usr/local/lib/python3.12/dist-packages/dask/array/image.py:7: FutureWarning: `find_available_plugins` is deprecated since version 0.25 and will be removed in version 0.27. The plugin infrastructure of `skimage.io` is deprecated. Instead, use `imageio` or other I/O packages directly.\n"}
,{"stream_name":"stderr","time":48.465264625,"data":"  from skimage.io import imread as sk_imread\n"}
,{"stream_name":"stderr","time":48.465267556,"data":"/usr/lib/python3.12/importlib/__init__.py:90: FutureWarning: `reset_plugins` is deprecated since version 0.25 and will be removed in version 0.27. The plugin infrastructure of `skimage.io` is deprecated. Instead, use `imageio` or other I/O packages directly.\n"}
,{"stream_name":"stderr","time":48.465270871,"data":"  return _bootstrap._gcd_import(name[level:], package, level)\n"}
,{"stream_name":"stdout","time":48.666128184,"data":"Required graph/Zarr/ILP packages import successfully.\n"}
,{"stream_name":"stdout","time":48.66615596,"data":"Inference repo: /kaggle/working/tracking_repo\n"}
,{"stream_name":"stdout","time":48.6661748,"data":"Weights: /kaggle/working/tracking_repo/weights/unet_transformer/split_0/edge_predictor_best.pth\n"}
,{"stream_name":"stdout","time":49.139501563,"data":"Support repo Python manifest SHA256: 978b626d1fd1e7397435a437dfe68691defe1572fc3c20e61012d7c9b52ed029\n"}
,{"stream_name":"stdout","time":49.13953554,"data":"Primary materialized SHA256: 12f6881ee3620a831697ca098ff8f48e687a24225f4e048b538deec3562fe771\n"}
,{"stream_name":"stdout","time":49.139540758,"data":"DeepCenter materialized SHA256: 8040999a92f6b7bbd98fa8cf458141e045c0f9ad7c936bdb3b18e1f7edafe2a0\n"}
,{"stream_name":"stdout","time":339.671011192,"data":"Secondary artifact: /kaggle/input/datasets/pilkwang/biohub-temporal-unet3d-seed314159-v1\n"}
,{"stream_name":"stdout","time":339.671047417,"data":"Secondary weight: /kaggle/working/secondary_seed_weights/unet_transformer/split_0/edge_predictor_best.pth\n"}
,{"stream_name":"stdout","time":339.671054347,"data":"Secondary SHA256: 9bac2fa0dadc4a6fc1899e0caf187f4b553e0a7cd90ba1261a68b35ffe9e305f\n"}
,{"stream_name":"stdout","time":339.671059673,"data":"Secondary edge-logit weight: 0.15\n"}
,{"stream_name":"stdout","time":339.671064605,"data":"Secondary edge-feature TTA blend: 0.75\n"}
,{"stream_name":"stdout","time":339.671069049,"data":"Runtime integrity receipt: /kaggle/working/bidirectional_production_runtime_integrity.json\n"}
,{"stream_name":"stdout","time":343.516086033,"data":"CUDA device: Tesla T4\n"}
,{"stream_name":"stdout","time":343.516118013,"data":"Eight-view D4 detection TTA patch applied\n"}
,{"stream_name":"stdout","time":343.516125166,"data":"Calibrated dual-seed runtime patch applied\n"}
,{"stream_name":"stdout","time":343.516131179,"data":"Frozen frame retention guard applied at 0.90\n"}
,{"stream_name":"stdout","time":343.516137296,"data":"Bidirectional harmonic-probability association fusion applied | weight: 0.15\n"}
,{"stream_name":"stdout","time":343.516143224,"data":"Pre-ILP detector-coordinate manifest hook applied\n"}
,{"stream_name":"stdout","time":343.516148989,"data":"Edge-feature TTA patch installed and enabled\n"}
,{"stream_name":"stdout","time":343.516155086,"data":"Found 4 test videos\n"}
,{"stream_name":"stdout","time":343.516160577,"data":"['44b6_0113de3b', '44b6_0b24845f', '6bba_05b6850b', '6bba_05db0fb1']\n"}
,{"stream_name":"stdout","time":343.516166552,"data":"Launching 2 independent video shards on CUDA devices ['0', '1']\n"}
,{"stream_name":"stdout","time":343.516172942,"data":"GPU shard 0: CUDA_VISIBLE_DEVICES = 0 | /usr/bin/python3 scripts/predict_unet_transformer.py --data-dir /kaggle/input/competitions/biohub-cell-tracking-during-development/test --splits kaggle_test_splits_50ep.json --split 0 --weights weights/unet_transformer/split_0/edge_predictor_best.pth --unet-batch-size 4 --det-threshold 0.965 --ilp-edge-weight -1.0 --ilp-appearance-weight 0.0 --ilp-disappearance-weight 2.0 --ilp-division-weight 1.2 --use-ilp --method unet_transformer_gpu0 --slice 0::2\n"}
,{"stream_name":"stdout","time":343.518089856,"data":"GPU shard 1: CUDA_VISIBLE_DEVICES = 1 | /usr/bin/python3 scripts/predict_unet_transformer.py --data-dir /kaggle/input/competitions/biohub-cell-tracking-during-development/test --splits kaggle_test_splits_50ep.json --split 0 --weights weights/unet_transformer/split_0/edge_predictor_best.pth --unet-batch-size 4 --det-threshold 0.965 --ilp-edge-weight -1.0 --ilp-appearance-weight 0.0 --ilp-disappearance-weight 2.0 --ilp-division-weight 1.2 --use-ilp --method unet_transformer_gpu1 --slice 1::2\n"}
,{"stream_name":"stdout","time":348.853598453,"data":"/usr/local/lib/python3.12/dist-packages/dask/array/image.py:7: FutureWarning: `find_available_plugins` is deprecated since version 0.25 and will be removed in version 0.27. The plugin infrastructure of `skimage.io` is deprecated. Instead, use `imageio` or other I/O packages directly.\n"}
,{"stream_name":"stdout","time":348.854906226,"data":"  from skimage.io import imread as sk_imread\n"}
,{"stream_name":"stdout","time":348.858686991,"data":"/usr/lib/python3.12/importlib/__init__.py:90: FutureWarning: `reset_plugins` is deprecated since version 0.25 and will be removed in version 0.27. The plugin infrastructure of `skimage.io` is deprecated. Instead, use `imageio` or other I/O packages directly.\n"}
,{"stream_name":"stdout","time":348.859947201,"data":"  return _bootstrap._gcd_import(name[level:], package, level)\n"}
,{"stream_name":"stdout","time":349.019154742,"data":"/usr/local/lib/python3.12/dist-packages/dask/array/image.py:7: FutureWarning: `find_available_plugins` is deprecated since version 0.25 and will be removed in version 0.27. The plugin infrastructure of `skimage.io` is deprecated. Instead, use `imageio` or other I/O packages directly.\n"}
,{"stream_name":"stdout","time":349.019928204,"data":"  from skimage.io import imread as sk_imread\n"}
,{"stream_name":"stdout","time":349.024767624,"data":"/usr/lib/python3.12/importlib/__init__.py:90: FutureWarning: `reset_plugins` is deprecated since version 0.25 and will be removed in version 0.27. The plugin infrastructure of `skimage.io` is deprecated. Instead, use `imageio` or other I/O packages directly.\n"}
,{"stream_name":"stdout","time":349.025851087,"data":"  return _bootstrap._gcd_import(name[level:], package, level)\n"}
,{"stream_name":"stdout","time":349.565265754,"data":"Secondary model: /kaggle/working/secondary_seed_weights/unet_transformer/split_0/edge_predictor_best.pth | edge weight = 0.150 | detection weight = 0.800 | link mode = low_margin_consensus | temperature = 1.000 | low-margin max = 0.350 | edge threshold = 0.480\n"}
,{"stream_name":"stdout","time":349.566521699,"data":"Fold 0: 2 datasets | weights=weights/unet_transformer/split_0/edge_predictor_best.pth | device=cuda | window_size=2 | pool_kernel_um=3.0\n"}
,{"stream_name":"stdout","time":349.573030475,"data":"Secondary model: /kaggle/working/secondary_seed_weights/unet_transformer/split_0/edge_predictor_best.pth | edge weight = 0.150 | detection weight = 0.800 | link mode = low_margin_consensus | temperature = 1.000 | low-margin max = 0.350 | edge threshold = 0.480\n"}
,{"stream_name":"stdout","time":349.573925509,"data":"Fold 0: 2 datasets | weights=weights/unet_transformer/split_0/edge_predictor_best.pth | device=cuda | window_size=2 | pool_kernel_um=3.0\n"}
,{"stream_name":"stdout","time":351.582700723,"data":"EDGE_TTA_ACTIVE views = 8 mean_abs_feat_delta = 0.323238\n"}
,{"stream_name":"stdout","time":351.599374902,"data":"EDGE_TTA_ACTIVE views = 8 mean_abs_feat_delta = 0.360585\n"}
,{"stream_name":"stdout","time":352.439400109,"data":"SECONDARY_EDGE_TTA_ACTIVE views = 8 weight = 0.75 mean_abs_feat_delta = 0.230737\n"}
,{"stream_name":"stdout","time":352.473807615,"data":"SECONDARY_EDGE_TTA_ACTIVE views = 8 weight = 0.75 mean_abs_feat_delta = 0.28166\n"}
,{"stream_name":"stdout","time":352.566237914,"data":"BIOHUB_RETENTION_GUARD {\"blended_candidates\": 387, \"dataset\": \"44b6_0b24845f\", \"frame\": 0, \"minimum_retention\": 0.9, \"primary_candidates\": 465, \"retention\": 0.832258064516129, \"use_primary\": true}\n"}
,{"stream_name":"stdout","time":352.567820223,"data":"BIOHUB_RETENTION_GUARD {\"blended_candidates\": 391, \"dataset\": \"44b6_0b24845f\", \"frame\": 1, \"minimum_retention\": 0.9, \"primary_candidates\": 444, \"retention\": 0.8806306306306306, \"use_primary\": true}\n"}
,{"stream_name":"stdout","time":356.654663384,"data":"EDGE_TTA_ACTIVE views = 8 mean_abs_feat_delta = 0.328294\n"}
,{"stream_name":"stdout","time":356.725427172,"data":"EDGE_TTA_ACTIVE views = 8 mean_abs_feat_delta = 0.361891\n"}
,{"stream_name":"stdout","time":357.507933834,"data":"SECONDARY_EDGE_TTA_ACTIVE views = 8 weight = 0.75 mean_abs_feat_delta = 0.23209\n"}
,{"stream_name":"stdout","time":357.602468744,"data":"SECONDARY_EDGE_TTA_ACTIVE views = 8 weight = 0.75 mean_abs_feat_delta = 0.288809\n"}
,{"stream_name":"stdout","time":357.606004504,"data":"BIOHUB_RETENTION_GUARD {\"blended_candidates\": 333, \"dataset\": \"44b6_0b24845f\", \"frame\": 2, \"minimum_retention\": 0.9, \"primary_candidates\": 390, \"retention\": 0.8538461538461538, \"use_primary\": true}\n"}
,{"stream_name":"stdout","time":358.490680852,"data":"EDGE_TTA_ACTIVE views = 8 mean_abs_feat_delta = 0.326314\n"}
,{"stream_name":"stdout","time":358.681575978,"data":"EDGE_TTA_ACTIVE views = 8 mean_abs_feat_delta = 0.354206\n"}
,{"stream_name":"stdout","time":359.347383551,"data":"SECONDARY_EDGE_TTA_ACTIVE views = 8 weight = 0.75 mean_abs_feat_delta = 0.232786\n"}
,{"stream_name":"stdout","time":359.570525118,"data":"SECONDARY_EDGE_TTA_ACTIVE views = 8 weight = 0.75 mean_abs_feat_delta = 0.287127\n"}
,{"stream_name":"stdout","time":359.574530527,"data":"BIOHUB_RETENTION_GUARD {\"blended_candidates\": 362, \"dataset\": \"44b6_0b24845f\", \"frame\": 3, \"minimum_retention\": 0.9, \"primary_candidates\": 421, \"retention\": 0.8598574821852731, \"use_primary\": true}\n"}
,{"stream_name":"stdout","time":360.346321047,"data":"EDGE_TTA_ACTIVE views = 8 mean_abs_feat_delta = 0.32686\n"}
,{"stream_name":"stdout","time":360.622846344,"data":"EDGE_TTA_ACTIVE views = 8 mean_abs_feat_delta = 0.358867\n"}
,{"stream_name":"stdout","time":361.206503185,"data":"SECONDARY_EDGE_TTA_ACTIVE views = 8 weight = 0.75 mean_abs_feat_delta = 0.232764\n"}
,{"stream_name":"stdout","time":361.521324021,"data":"SECONDARY_EDGE_TTA_ACTIVE views = 8 weight = 0.75 mean_abs_feat_delta = 0.283303\n"}
,{"stream_name":"stdout","time":361.525184062,"data":"BIOHUB_RETENTION_GUARD {\"blended_candidates\": 341, \"dataset\": \"44b6_0b24845f\", \"frame\": 4, \"minimum_retention\": 0.9, \"primary_candidates\": 404, \"retention\": 0.844059405940594, \"use_primary\": true}\n"}
,{"stream_name":"stdout","time":362.166458277,"data":"EDGE_TTA_ACTIVE views = 8 mean_abs_feat_delta = 0.327781\n"}
,{"stream_name":"stdout","time":362.54587244,"data":"EDGE_TTA_ACTIVE views = 8 mean_abs_feat_delta = 0.362463\n"}
,{"stream_name":"stdout","time":363.028878588,"data":"SECONDARY_EDGE_TTA_ACTIVE views = 8 weight = 0.75 mean_abs_feat_delta = 0.236445\n"}
,{"stream_name":"stdout","time":363.43069447,"data":"SECONDARY_EDGE_TTA_ACTIVE views = 8 weight = 0.75 mean_abs_feat_delta = 0.289665\n"}
,{"stream_name":"stdout","time":363.434700349,"data":"BIOHUB_RETENTION_GUARD {\"blended_candidates\": 326, \"dataset\": \"44b6_0b24845f\", \"frame\": 5, \"minimum_retention\": 0.9, \"primary_candidates\": 383, \"retention\": 0.8511749347258486, \"use_primary\": true}\n"}
,{"stream_name":"stdout","time":364.047177093,"data":"EDGE_TTA_ACTIVE views = 8 mean_abs_feat_delta = 0.332086\n"}
,{"stream_name":"stdout","time":364.484819105,"data":"EDGE_TTA_ACTIVE views = 8 mean_abs_feat_delta = 0.363112\n"}
,{"stream_name":"stdout","time":364.910411709,"data":"SECONDARY_EDGE_TTA_ACTIVE views = 8 weight = 0.75 mean_abs_feat_delta = 0.236059\n"}
,{"stream_name":"stdout","time":365.370268352,"data":"SECONDARY_EDGE_TTA_ACTIVE views = 8 weight = 0.75 mean_abs_feat_delta = 0.296162\n"}
,{"stream_name":"stdout","time":365.374068118,"data":"BIOHUB_RETENTION_GUARD {\"blended_candidates\": 333, \"dataset\": \"44b6_0b24845f\", \"frame\": 6, \"minimum_retention\": 0.9, \"primary_candidates\": 403, \"retention\": 0.826302729528536, \"use_primary\": true}\n"}
,{"stream_name":"stdout","time":365.906676037,"data":"EDGE_TTA_ACTIVE views = 8 mean_abs_feat_delta = 0.337311\n"}
,{"stream_name":"stdout","time":366.397116361,"data":"EDGE_TTA_ACTIVE views = 8 mean_abs_feat_delta = 0.363947\n"}
,{"stream_name":"stdout","time":366.773224456,"data":"SECONDARY_EDGE_TTA_ACTIVE views = 8 weight = 0.75 mean_abs_feat_delta = 0.242392\n"}
,{"stream_name":"stdout","time":367.288702938,"data":"SECONDARY_EDGE_TTA_ACTIVE views = 8 weight = 0.75 mean_abs_feat_delta = 0.297976\n"}
,{"stream_name":"stdout","time":367.29276224,"data":"BIOHUB_RETENTION_GUARD {\"blended_candidates\": 309, \"dataset\": \"44b6_0b24845f\", \"frame\": 7, \"minimum_retention\": 0.9, \"primary_candidates\": 390, \"retention\": 0.7923076923076923, \"use_primary\": true}\n"}
,{"stream_name":"stdout","time":367.751221722,"data":"EDGE_TTA_ACTIVE views = 8 mean_abs_feat_delta = 0.336476\n"}
,{"stream_name":"stdout","time":368.341450156,"data":"EDGE_TTA_ACTIVE views = 8 mean_abs_feat_delta = 0.368841\n"}
,{"stream_name":"stdout","time":368.620926813,"data":"SECONDARY_EDGE_TTA_ACTIVE views = 8 weight = 0.75 mean_abs_feat_delta = 0.241164\n"}
,{"stream_name":"stdout","time":369.235091242,"data":"SECONDARY_EDGE_TTA_ACTIVE views = 8 weight = 0.75 mean_abs_feat_delta = 0.292587\n"}
,{"stream_name":"stdout","time":369.238968396,"data":"BIOHUB_RETENTION_GUARD {\"blended_candidates\": 378, \"dataset\": \"44b6_0b24845f\", \"frame\": 8, \"minimum_retention\": 0.9, \"primary_candidates\": 443, \"retention\": 0.8532731376975169, \"use_primary\": true}\n"}
,{"stream_name":"stdout","time":369.622409331,"data":"EDGE_TTA_ACTIVE views = 8 mean_abs_feat_delta = 0.33307\n"}
,{"stream_name":"stdout","time":370.289613668,"data":"EDGE_TTA_ACTIVE views = 8 mean_abs_feat_delta = 0.372442\n"}
,{"stream_name":"stdout","time":370.492720322,"data":"SECONDARY_EDGE_TTA_ACTIVE views = 8 weight = 0.75 mean_abs_feat_delta = 0.240446\n"}
,{"stream_name":"stdout","time":371.167696228,"data":"SECONDARY_EDGE_TTA_ACTIVE views = 8 weight = 0.75 mean_abs_feat_delta = 0.291168\n"}
,{"stream_name":"stdout","time":371.171496268,"data":"BIOHUB_RETENTION_GUARD {\"blended_candidates\": 362, \"dataset\": \"44b6_0b24845f\", \"frame\": 9, \"minimum_retention\": 0.9, \"primary_candidates\": 429, \"retention\": 0.8438228438228438, \"use_primary\": true}\n"}
,{"stream_name":"stdout","time":371.488285513,"data":"EDGE_TTA_ACTIVE views = 8 mean_abs_feat_delta = 0.333216\n"}
,{"stream_name":"stdout","time":372.239540127,"data":"EDGE_TTA_ACTIVE views = 8 mean_abs_feat_delta = 0.36599\n"}
,{"stream_name":"stdout","time":372.361183037,"data":"SECONDARY_EDGE_TTA_ACTIVE views = 8 weight = 0.75 mean_abs_feat_delta = 0.24216\n"}
,{"stream_name":"stdout","time":373.145473941,"data":"SECONDARY_EDGE_TTA_ACTIVE views = 8 weight = 0.75 mean_abs_feat_delta = 0.301242\n"}
,{"stream_name":"stdout","time":373.149113878,"data":"BIOHUB_RETENTION_GUARD {\"blended_candidates\": 331, \"dataset\": \"44b6_0b24845f\", \"frame\": 10, \"minimum_retention\": 0.9, \"primary_candidates\": 419, \"retention\": 0.7899761336515513, \"use_primary\": true}\n"}
,{"stream_name":"stdout","time":373.368633228,"data":"EDGE_TTA_ACTIVE views = 8 mean_abs_feat_delta = 0.341654\n"}
,{"stream_name":"stdout","time":374.196468352,"data":"EDGE_TTA_ACTIVE views = 8 mean_abs_feat_delta = 0.358411\n"}
,{"stream_name":"stdout","time":374.245337595,"data":"SECONDARY_EDGE_TTA_ACTIVE views = 8 weight = 0.75 mean_abs_feat_delta = 0.243727\n"}
,{"stream_name":"stdout","time":375.096350287,"data":"SECONDARY_EDGE_TTA_ACTIVE views = 8 weight = 0.75 mean_abs_feat_delta = 0.289865\n"}
,{"stream_name":"stdout","time":375.100351929,"data":"BIOHUB_RETENTION_GUARD {\"blended_candidates\": 376, \"dataset\": \"44b6_0b24845f\", \"frame\": 11, \"minimum_retention\": 0.9, \"primary_candidates\": 441, \"retention\": 0.8526077097505669, \"use_primary\": true}\n"}
,{"stream_name":"stdout","time":375.255201751,"data":"EDGE_TTA_ACTIVE views = 8 mean_abs_feat_delta = 0.334228\n"}
,{"stream_name":"stdout","time":376.133179896,"data":"SECONDARY_EDGE_TTA_ACTIVE views = 8 weight = 0.75 mean_abs_feat_delta = 0.241899\n"}
,{"stream_name":"stdout","time":376.176915924,"data":"EDGE_TTA_ACTIVE views = 8 mean_abs_feat_delta = 0.361758\n"}
,{"stream_name":"stdout","time":377.080057241,"data":"SECONDARY_EDGE_TTA_ACTIVE views = 8 weight = 0.75 mean_abs_feat_delta = 0.298743\n"}
,{"stream_name":"stdout","time":377.083767709,"data":"BIOHUB_RETENTION_GUARD {\"blended_candidates\": 304, \"dataset\": \"44b6_0b24845f\", \"frame\": 12, \"minimum_retention\": 0.9, \"primary_candidates\": 361, \"retention\": 0.8421052631578947, \"use_primary\": true}\n"}
,{"stream_name":"stdout","time":377.110084292,"data":"EDGE_TTA_ACTIVE views = 8 mean_abs_feat_delta = 0.335161\n"}
,{"stream_name":"stdout","time":377.995231234,"data":"SECONDARY_EDGE_TTA_ACTIVE views = 8 weight = 0.75 mean_abs_feat_delta = 0.237416\n"}
,{"stream_name":"stdout","time":378.19332682,"data":"EDGE_TTA_ACTIVE views = 8 mean_abs_feat_delta = 0.368237\n"}
,{"stream_name":"stdout","time":378.975861922,"data":"EDGE_TTA_ACTIVE views = 8 mean_abs_feat_delta = 0.330752\n"}
,{"stream_name":"stdout","time":379.100776538,"data":"SECONDARY_EDGE_TTA_ACTIVE views = 8 weight = 0.75 mean_abs_feat_delta = 0.295579\n"}
,{"stream_name":"stdout","time":379.104679595,"data":"BIOHUB_RETENTION_GUARD {\"blended_candidates\": 314, \"dataset\": \"44b6_0b24845f\", \"frame\": 13, \"minimum_retention\": 0.9, \"primary_candidates\": 382, \"retention\": 0.8219895287958116, \"use_primary\": true}\n"}
,{"stream_name":"stdout","time":379.855945094,"data":"SECONDARY_EDGE_TTA_ACTIVE views = 8 weight = 0.75 mean_abs_feat_delta = 0.238386\n"}
,{"stream_name":"stdout","time":380.174302152,"data":"EDGE_TTA_ACTIVE views = 8 mean_abs_feat_delta = 0.366311\n"}
,{"stream_name":"stdout","time":380.843264528,"data":"EDGE_TTA_ACTIVE views = 8 mean_abs_feat_delta = 0.32964\n"}
,{"stream_name":"stdout","time":381.080831898,"data":"SECONDARY_EDGE_TTA_ACTIVE views = 8 weight = 0.75 mean_abs_feat_delta = 0.29037\n"}
,{"stream_name":"stdout","time":381.084545637,"data":"BIOHUB_RETENTION_GUARD {\"blended_candidates\": 330, \"dataset\": \"44b6_0b24845f\", \"frame\": 14, \"minimum_retention\": 0.9, \"primary_candidates\": 378, \"retention\": 0.873015873015873, \"use_primary\": true}\n"}
,{"stream_name":"stdout","time":381.726824324,"data":"SECONDARY_EDGE_TTA_ACTIVE views = 8 weight = 0.75 mean_abs_feat_delta = 0.238478\n"}
,{"stream_name":"stdout","time":382.128873014,"data":"EDGE_TTA_ACTIVE views = 8 mean_abs_feat_delta = 0.362666\n"}
,{"stream_name":"stdout","time":382.749192849,"data":"EDGE_TTA_ACTIVE views = 8 mean_abs_feat_delta = 0.32447\n"}
,{"stream_name":"stdout","time":383.041662625,"data":"SECONDARY_EDGE_TTA_ACTIVE views = 8 weight = 0.75 mean_abs_feat_delta = 0.286822\n"}
,{"stream_name":"stdout","time":383.637819631,"data":"SECONDARY_EDGE_TTA_ACTIVE views = 8 weight = 0.75 mean_abs_feat_delta = 0.234529\n"}
,{"stream_name":"stdout","time":384.107858405,"data":"EDGE_TTA_ACTIVE views = 8 mean_abs_feat_delta = 0.368515\n"}
,{"stream_name":"stdout","time":384.632029262,"data":"EDGE_TTA_ACTIVE views = 8 mean_abs_feat_delta = 0.325522\n"}
,{"stream_name":"stdout","time":385.023930365,"data":"SECONDARY_EDGE_TTA_ACTIVE views = 8 weight = 0.75 mean_abs_feat_delta = 0.282972\n"}
,{"stream_name":"stdout","time":385.520241985,"data":"SECONDARY_EDGE_TTA_ACTIVE views = 8 weight = 0.75 mean_abs_feat_delta = 0.238533\n"}
,{"stream_name":"stdout","time":386.081486002,"data":"EDGE_TTA_ACTIVE views = 8 mean_abs_feat_delta = 0.37163\n"}
,{"stream_name":"stdout","time":386.509957099,"data":"EDGE_TTA_ACTIVE views = 8 mean_abs_feat_delta = 0.319866\n"}
,{"stream_name":"stdout","time":386.997733704,"data":"SECONDARY_EDGE_TTA_ACTIVE views = 8 weight = 0.75 mean_abs_feat_delta = 0.284899\n"}
,{"stream_name":"stdout","time":387.400840459,"data":"SECONDARY_EDGE_TTA_ACTIVE views = 8 weight = 0.75 mean_abs_feat_delta = 0.239819\n"}
,{"stream_name":"stdout","time":388.055256999,"data":"EDGE_TTA_ACTIVE views = 8 mean_abs_feat_delta = 0.367306\n"}
,{"stream_name":"stdout","time":388.387451903,"data":"EDGE_TTA_ACTIVE views = 8 mean_abs_feat_delta = 0.323582\n"}
,{"stream_name":"stdout","time":388.97448441,"data":"SECONDARY_EDGE_TTA_ACTIVE views = 8 weight = 0.75 mean_abs_feat_delta = 0.276632\n"}
,{"stream_name":"stdout","time":389.28204374,"data":"SECONDARY_EDGE_TTA_ACTIVE views = 8 weight = 0.75 mean_abs_feat_delta = 0.242037\n"}
,{"stream_name":"stdout","time":390.016321943,"data":"EDGE_TTA_ACTIVE views = 8 mean_abs_feat_delta = 0.356982\n"}
,{"stream_name":"stdout","time":390.279598305,"data":"EDGE_TTA_ACTIVE views = 8 mean_abs_feat_delta = 0.326415\n"}
,{"stream_name":"stdout","time":390.954524207,"data":"SECONDARY_EDGE_TTA_ACTIVE views = 8 weight = 0.75 mean_abs_feat_delta = 0.278285\n"}
,{"stream_name":"stdout","time":391.176895362,"data":"SECONDARY_EDGE_TTA_ACTIVE views = 8 weight = 0.75 mean_abs_feat_delta = 0.241724\n"}
,{"stream_name":"stdout","time":392.016086791,"data":"EDGE_TTA_ACTIVE views = 8 mean_abs_feat_delta = 0.354988\n"}
,{"stream_name":"stdout","time":392.228263167,"data":"EDGE_TTA_ACTIVE views = 8 mean_abs_feat_delta = 0.32326\n"}
,{"stream_name":"stdout","time":392.93768122,"data":"SECONDARY_EDGE_TTA_ACTIVE views = 8 weight = 0.75 mean_abs_feat_delta = 0.280197\n"}
,{"stream_name":"stdout","time":392.941171167,"data":"BIOHUB_RETENTION_GUARD {\"blended_candidates\": 285, \"dataset\": \"44b6_0b24845f\", \"frame\": 20, \"minimum_retention\": 0.9, \"primary_candidates\": 317, \"retention\": 0.8990536277602523, \"use_primary\": true}\n"}
,{"stream_name":"stdout","time":393.131385056,"data":"SECONDARY_EDGE_TTA_ACTIVE views = 8 weight = 0.75 mean_abs_feat_delta = 0.234753\n"}
,{"stream_name":"stdout","time":394.02992603,"data":"EDGE_TTA_ACTIVE views = 8 mean_abs_feat_delta = 0.355885\n"}
,{"stream_name":"stdout","time":394.185430132,"data":"EDGE_TTA_ACTIVE views = 8 mean_abs_feat_delta = 0.324888\n"}
,{"stream_name":"stdout","time":394.958970026,"data":"SECONDARY_EDGE_TTA_ACTIVE views = 8 weight = 0.75 mean_abs_feat_delta = 0.281334\n"}
,{"stream_name":"stdout","time":394.962987681,"data":"BIOHUB_RETENTION_GUARD {\"blended_candidates\": 265, \"dataset\": \"44b6_0b24845f\", \"frame\": 21, \"minimum_retention\": 0.9, \"primary_candidates\": 325, \"retention\": 0.8153846153846154, \"use_primary\": true}\n"}
,{"stream_name":"stdout","time":395.090738364,"data":"SECONDARY_EDGE_TTA_ACTIVE views = 8 weight = 0.75 mean_abs_feat_delta = 0.238746\n"}
,{"stream_name":"stdout","time":396.01341839,"data":"EDGE_TTA_ACTIVE views = 8 mean_abs_feat_delta = 0.357492\n"}
,{"stream_name":"stdout","time":396.104877534,"data":"EDGE_TTA_ACTIVE views = 8 mean_abs_feat_delta = 0.325752\n"}
,{"stream_name":"stdout","time":396.943446089,"data":"SECONDARY_EDGE_TTA_ACTIVE views = 8 weight = 0.75 mean_abs_feat_delta = 0.280031\n"}
,{"stream_name":"stdout","time":396.947306697,"data":"BIOHUB_RETENTION_GUARD {\"blended_candidates\": 286, \"dataset\": \"44b6_0b24845f\", \"frame\": 22, \"minimum_retention\": 0.9, \"primary_candidates\": 326, \"retention\": 0.8773006134969326, \"use_primary\": true}\n"}
,{"stream_name":"stdout","time":397.013414898,"data":"SECONDARY_EDGE_TTA_ACTIVE views = 8 weight = 0.75 mean_abs_feat_delta = 0.238954\n"}
,{"stream_name":"stdout","time":398.002620055,"data":"EDGE_TTA_ACTIVE views = 8 mean_abs_feat_delta = 0.361386\n"}
,{"stream_name":"stdout","time":398.092591284,"data":"EDGE_TTA_ACTIVE views = 8 mean_abs_feat_delta = 0.330364\n"}
,{"stream_name":"stdout","time":398.935092288,"data":"SECONDARY_EDGE_TTA_ACTIVE views = 8 weight = 0.75 mean_abs_feat_delta = 0.277655\n"}
,{"stream_name":"stdout","time":399.003081399,"data":"SECONDARY_EDGE_TTA_ACTIVE views = 8 weight = 0.75 mean_abs_feat_delta = 0.235145\n"}
,{"stream_name":"stdout","time":399.993791916,"data":"EDGE_TTA_ACTIVE views = 8 mean_abs_feat_delta = 0.361052\n"}
,{"stream_name":"stdout","time":400.029914783,"data":"EDGE_TTA_ACTIVE views = 8 mean_abs_feat_delta = 0.329773\n"}
,{"stream_name":"stdout","time":400.94987214,"data":"SECONDARY_EDGE_TTA_ACTIVE views = 8 weight = 0.75 mean_abs_feat_delta = 0.282322\n"}
,{"stream_name":"stdout","time":400.950239152,"data":"BIOHUB_RETENTION_GUARD {\"blended_candidates\": 261, \"dataset\": \"44b6_0b24845f\", \"frame\": 24, \"minimum_retention\": 0.9, \"primary_candidates\": 306, \"retention\": 0.8529411764705882, \"use_primary\": true}\n"}
,{"stream_name":"stdout","time":400.951385219,"data":"SECONDARY_EDGE_TTA_ACTIVE views = 8 weight = 0.75 mean_abs_feat_delta = 0.236219\n"}
,{"stream_name":"stdout","time":401.980827734,"data":"EDGE_TTA_ACTIVE views = 8 mean_abs_feat_delta = 0.325156\n"}
,{"stream_name":"stdout","time":402.006520608,"data":"EDGE_TTA_ACTIVE views = 8 mean_abs_feat_delta = 0.36198\n"}
,{"stream_name":"stdout","time":402.911900896,"data":"SECONDARY_EDGE_TTA_ACTIVE views = 8 weight = 0.75 mean_abs_feat_delta = 0.234985\n"}
,{"stream_name":"stdout","time":402.941632633,"data":"SECONDARY_EDGE_TTA_ACTIVE views = 8 weight = 0.75 mean_abs_feat_delta = 0.280181\n"}
,{"stream_name":"stdout","time":403.925543491,"data":"EDGE_TTA_ACTIVE views = 8 mean_abs_feat_delta = 0.328005\n"}
,{"stream_name":"stdout","time":404.002439941,"data":"EDGE_TTA_ACTIVE views = 8 mean_abs_feat_delta = 0.365963\n"}
,{"stream_name":"stdout","time":404.845336575,"data":"SECONDARY_EDGE_TTA_ACTIVE views = 8 weight = 0.75 mean_abs_feat_delta = 0.230623\n"}
,{"stream_name":"stdout","time":404.942507292,"data":"SECONDARY_EDGE_TTA_ACTIVE views = 8 weight = 0.75 mean_abs_feat_delta = 0.284381\n"}
,{"stream_name":"stdout","time":404.947550666,"data":"BIOHUB_RETENTION_GUARD {\"blended_candidates\": 273, \"dataset\": \"44b6_0b24845f\", \"frame\": 26, \"minimum_retention\": 0.9, \"primary_candidates\": 309, \"retention\": 0.883495145631068, \"use_primary\": true}\n"}
,{"stream_name":"stdout","time":405.883123297,"data":"EDGE_TTA_ACTIVE views = 8 mean_abs_feat_delta = 0.332057\n"}
,{"stream_name":"stdout","time":406.018304847,"data":"EDGE_TTA_ACTIVE views = 8 mean_abs_feat_delta = 0.369614\n"}
,{"stream_name":"stdout","time":406.804773383,"data":"SECONDARY_EDGE_TTA_ACTIVE views = 8 weight = 0.75 mean_abs_feat_delta = 0.233514\n"}
,{"stream_name":"stdout","time":406.964095868,"data":"SECONDARY_EDGE_TTA_ACTIVE views = 8 weight = 0.75 mean_abs_feat_delta = 0.289602\n"}
,{"stream_name":"stdout","time":406.967835632,"data":"BIOHUB_RETENTION_GUARD {\"blended_candidates\": 258, \"dataset\": \"44b6_0b24845f\", \"frame\": 27, \"minimum_retention\": 0.9, \"primary_candidates\": 302, \"retention\": 0.8543046357615894, \"use_primary\": true}\n"}
,{"stream_name":"stdout","time":407.8774648,"data":"EDGE_TTA_ACTIVE views = 8 mean_abs_feat_delta = 0.327244\n"}
,{"stream_name":"stdout","time":408.061171209,"data":"EDGE_TTA_ACTIVE views = 8 mean_abs_feat_delta = 0.365619\n"}
,{"stream_name":"stdout","time":408.798008839,"data":"SECONDARY_EDGE_TTA_ACTIVE views = 8 weight = 0.75 mean_abs_feat_delta = 0.236419\n"}
,{"stream_name":"stdout","time":409.006328717,"data":"SECONDARY_EDGE_TTA_ACTIVE views = 8 weight = 0.75 mean_abs_feat_delta = 0.291319\n"}
,{"stream_name":"stdout","time":409.893448934,"data":"EDGE_TTA_ACTIVE views = 8 mean_abs_feat_delta = 0.331491\n"}
,{"stream_name":"stdout","time":410.099651029,"data":"EDGE_TTA_ACTIVE views = 8 mean_abs_feat_delta = 0.366332\n"}
,{"stream_name":"stdout","time":410.822871627,"data":"SECONDARY_EDGE_TTA_ACTIVE views = 8 weight = 0.75 mean_abs_feat_delta = 0.240106\n"}
,{"stream_name":"stdout","time":411.049339792,"data":"SECONDARY_EDGE_TTA_ACTIVE views = 8 weight = 0.75 mean_abs_feat_delta = 0.283865\n"}
,{"stream_name":"stdout","time":411.905816589,"data":"EDGE_TTA_ACTIVE views = 8 mean_abs_feat_delta = 0.332767\n"}
,{"stream_name":"stdout","time":412.151930458,"data":"EDGE_TTA_ACTIVE views = 8 mean_abs_feat_delta = 0.364134\n"}
,{"stream_name":"stdout","time":412.830004162,"data":"SECONDARY_EDGE_TTA_ACTIVE views = 8 weight = 0.75 mean_abs_feat_delta = 0.251196\n"}
,{"stream_name":"stdout","time":413.102729394,"data":"SECONDARY_EDGE_TTA_ACTIVE views = 8 weight = 0.75 mean_abs_feat_delta = 0.282155\n"}
,{"stream_name":"stdout","time":413.898619018,"data":"EDGE_TTA_ACTIVE views = 8 mean_abs_feat_delta = 0.333532\n"}
,{"stream_name":"stdout","time":414.177478076,"data":"EDGE_TTA_ACTIVE views = 8 mean_abs_feat_delta = 0.359711\n"}
,{"stream_name":"stdout","time":414.826139975,"data":"SECONDARY_EDGE_TTA_ACTIVE views = 8 weight = 0.75 mean_abs_feat_delta = 0.251416\n"}
,{"stream_name":"stdout","time":415.129813311,"data":"SECONDARY_EDGE_TTA_ACTIVE views = 8 weight = 0.75 mean_abs_feat_delta = 0.283753\n"}
,{"stream_name":"stdout","time":415.871068789,"data":"EDGE_TTA_ACTIVE views = 8 mean_abs_feat_delta = 0.339086\n"}
,{"stream_name":"stdout","time":416.191818123,"data":"EDGE_TTA_ACTIVE views = 8 mean_abs_feat_delta = 0.362505\n"}
,{"stream_name":"stdout","time":416.80353635,"data":"SECONDARY_EDGE_TTA_ACTIVE views = 8 weight = 0.75 mean_abs_feat_delta = 0.251129\n"}
,{"stream_name":"stdout","time":417.149460809,"data":"SECONDARY_EDGE_TTA_ACTIVE views = 8 weight = 0.75 mean_abs_feat_delta = 0.282429\n"}
,{"stream_name":"stdout","time":417.153126095,"data":"BIOHUB_RETENTION_GUARD {\"blended_candidates\": 249, \"dataset\": \"44b6_0b24845f\", \"frame\": 32, \"minimum_retention\": 0.9, \"primary_candidates\": 293, \"retention\": 0.8498293515358362, \"use_primary\": true}\n"}
,{"stream_name":"stdout","time":417.967507998,"data":"EDGE_TTA_ACTIVE views = 8 mean_abs_feat_delta = 0.336421\n"}
,{"stream_name":"stdout","time":418.261361291,"data":"EDGE_TTA_ACTIVE views = 8 mean_abs_feat_delta = 0.364903\n"}
,{"stream_name":"stdout","time":418.902876012,"data":"SECONDARY_EDGE_TTA_ACTIVE views = 8 weight = 0.75 mean_abs_feat_delta = 0.248917\n"}
,{"stream_name":"stdout","time":419.225701771,"data":"SECONDARY_EDGE_TTA_ACTIVE views = 8 weight = 0.75 mean_abs_feat_delta = 0.280468\n"}
,{"stream_name":"stdout","time":419.229492264,"data":"BIOHUB_RETENTION_GUARD {\"blended_candidates\": 234, \"dataset\": \"44b6_0b24845f\", \"frame\": 33, \"minimum_retention\": 0.9, \"primary_candidates\": 276, \"retention\": 0.8478260869565217, \"use_primary\": true}\n"}
,{"stream_name":"stdout","time":419.992645855,"data":"EDGE_TTA_ACTIVE views = 8 mean_abs_feat_delta = 0.329875\n"}
,{"stream_name":"stdout","time":420.353936818,"data":"EDGE_TTA_ACTIVE views = 8 mean_abs_feat_delta = 0.364198\n"}
,{"stream_name":"stdout","time":420.933595527,"data":"SECONDARY_EDGE_TTA_ACTIVE views = 8 weight = 0.75 mean_abs_feat_delta = 0.248317\n"}
,{"stream_name":"stdout","time":421.316528433,"data":"SECONDARY_EDGE_TTA_ACTIVE views = 8 weight = 0.75 mean_abs_feat_delta = 0.273313\n"}
,{"stream_name":"stdout","time":422.02916312,"data":"EDGE_TTA_ACTIVE views = 8 mean_abs_feat_delta = 0.328572\n"}
,{"stream_name":"stdout","time":422.43139902,"data":"EDGE_TTA_ACTIVE views = 8 mean_abs_feat_delta = 0.362852\n"}
,{"stream_name":"stdout","time":422.969563474,"data":"SECONDARY_EDGE_TTA_ACTIVE views = 8 weight = 0.75 mean_abs_feat_delta = 0.247468\n"}
,{"stream_name":"stdout","time":423.405846588,"data":"SECONDARY_EDGE_TTA_ACTIVE views = 8 weight = 0.75 mean_abs_feat_delta = 0.27435\n"}
,{"stream_name":"stdout","time":424.044992371,"data":"EDGE_TTA_ACTIVE views = 8 mean_abs_feat_delta = 0.326071\n"}
,{"stream_name":"stdout","time":424.562474904,"data":"EDGE_TTA_ACTIVE views = 8 mean_abs_feat_delta = 0.373852\n"}
,{"stream_name":"stdout","time":424.991811394,"data":"SECONDARY_EDGE_TTA_ACTIVE views = 8 weight = 0.75 mean_abs_feat_delta = 0.246968\n"}
,{"stream_name":"stdout","time":425.534690439,"data":"SECONDARY_EDGE_TTA_ACTIVE views = 8 weight = 0.75 mean_abs_feat_delta = 0.28122\n"}
,{"stream_name":"stdout","time":426.089682544,"data":"EDGE_TTA_ACTIVE views = 8 mean_abs_feat_delta = 0.328178\n"}
,{"stream_name":"stdout","time":426.688847468,"data":"EDGE_TTA_ACTIVE views = 8 mean_abs_feat_delta = 0.368966\n"}
,{"stream_name":"stdout","time":427.038711443,"data":"SECONDARY_EDGE_TTA_ACTIVE views = 8 weight = 0.75 mean_abs_feat_delta = 0.250361\n"}
,{"stream_name":"stdout","time":427.663306861,"data":"SECONDARY_EDGE_TTA_ACTIVE views = 8 weight = 0.75 mean_abs_feat_delta = 0.277064\n"}
,{"stream_name":"stdout","time":428.19581287,"data":"EDGE_TTA_ACTIVE views = 8 mean_abs_feat_delta = 0.331242\n"}
,{"stream_name":"stdout","time":428.776692342,"data":"EDGE_TTA_ACTIVE views = 8 mean_abs_feat_delta = 0.366559\n"}
,{"stream_name":"stdout","time":429.149716785,"data":"SECONDARY_EDGE_TTA_ACTIVE views = 8 weight = 0.75 mean_abs_feat_delta = 0.24375\n"}
,{"stream_name":"stdout","time":429.748284639,"data":"SECONDARY_EDGE_TTA_ACTIVE views = 8 weight = 0.75 mean_abs_feat_delta = 0.274933\n"}
,{"stream_name":"stdout","time":430.265614421,"data":"EDGE_TTA_ACTIVE views = 8 mean_abs_feat_delta = 0.332742\n"}
,{"stream_name":"stdout","time":430.923554656,"data":"EDGE_TTA_ACTIVE views = 8 mean_abs_feat_delta = 0.370597\n"}
,{"stream_name":"stdout","time":431.242677694,"data":"SECONDARY_EDGE_TTA_ACTIVE views = 8 weight = 0.75 mean_abs_feat_delta = 0.239566\n"}
,{"stream_name":"stdout","time":431.897392899,"data":"SECONDARY_EDGE_TTA_ACTIVE views = 8 weight = 0.75 mean_abs_feat_delta = 0.278308\n"}
,{"stream_name":"stdout","time":432.275956596,"data":"EDGE_TTA_ACTIVE views = 8 mean_abs_feat_delta = 0.325998\n"}
,{"stream_name":"stdout","time":433.011816848,"data":"EDGE_TTA_ACTIVE views = 8 mean_abs_feat_delta = 0.372674\n"}
,{"stream_name":"stdout","time":433.243473823,"data":"SECONDARY_EDGE_TTA_ACTIVE views = 8 weight = 0.75 mean_abs_feat_delta = 0.242074\n"}
,{"stream_name":"stdout","time":433.967600327,"data":"SECONDARY_EDGE_TTA_ACTIVE views = 8 weight = 0.75 mean_abs_feat_delta = 0.285352\n"}
,{"stream_name":"stdout","time":434.305054839,"data":"EDGE_TTA_ACTIVE views = 8 mean_abs_feat_delta = 0.326187\n"}
,{"stream_name":"stdout","time":435.060943757,"data":"EDGE_TTA_ACTIVE views = 8 mean_abs_feat_delta = 0.367938\n"}
,{"stream_name":"stdout","time":435.27361912,"data":"SECONDARY_EDGE_TTA_ACTIVE views = 8 weight = 0.75 mean_abs_feat_delta = 0.24388\n"}
,{"stream_name":"stdout","time":436.040557935,"data":"SECONDARY_EDGE_TTA_ACTIVE views = 8 weight = 0.75 mean_abs_feat_delta = 0.280788\n"}
,{"stream_name":"stdout","time":436.439097019,"data":"EDGE_TTA_ACTIVE views = 8 mean_abs_feat_delta = 0.329641\n"}
,{"stream_name":"stdout","time":437.189947727,"data":"EDGE_TTA_ACTIVE views = 8 mean_abs_feat_delta = 0.364834\n"}
,{"stream_name":"stdout","time":437.403663701,"data":"SECONDARY_EDGE_TTA_ACTIVE views = 8 weight = 0.75 mean_abs_feat_delta = 0.242396\n"}
,{"stream_name":"stdout","time":438.174164535,"data":"SECONDARY_EDGE_TTA_ACTIVE views = 8 weight = 0.75 mean_abs_feat_delta = 0.282166\n"}
,{"stream_name":"stdout","time":438.50935408,"data":"EDGE_TTA_ACTIVE views = 8 mean_abs_feat_delta = 0.331184\n"}
,{"stream_name":"stdout","time":439.298684577,"data":"EDGE_TTA_ACTIVE views = 8 mean_abs_feat_delta = 0.36801\n"}
,{"stream_name":"stdout","time":439.484056846,"data":"SECONDARY_EDGE_TTA_ACTIVE views = 8 weight = 0.75 mean_abs_feat_delta = 0.24245\n"}
,{"stream_name":"stdout","time":440.289592741,"data":"SECONDARY_EDGE_TTA_ACTIVE views = 8 weight = 0.75 mean_abs_feat_delta = 0.283823\n"}
,{"stream_name":"stdout","time":440.565009965,"data":"EDGE_TTA_ACTIVE views = 8 mean_abs_feat_delta = 0.330506\n"}
,{"stream_name":"stdout","time":441.41190311,"data":"EDGE_TTA_ACTIVE views = 8 mean_abs_feat_delta = 0.367877\n"}
,{"stream_name":"stdout","time":441.539803323,"data":"SECONDARY_EDGE_TTA_ACTIVE views = 8 weight = 0.75 mean_abs_feat_delta = 0.246663\n"}
,{"stream_name":"stdout","time":442.404217583,"data":"SECONDARY_EDGE_TTA_ACTIVE views = 8 weight = 0.75 mean_abs_feat_delta = 0.281373\n"}
,{"stream_name":"stdout","time":442.611191748,"data":"EDGE_TTA_ACTIVE views = 8 mean_abs_feat_delta = 0.326851\n"}
,{"stream_name":"stdout","time":443.499988399,"data":"EDGE_TTA_ACTIVE views = 8 mean_abs_feat_delta = 0.368248\n"}
,{"stream_name":"stdout","time":443.587340503,"data":"SECONDARY_EDGE_TTA_ACTIVE views = 8 weight = 0.75 mean_abs_feat_delta = 0.248161\n"}
,{"stream_name":"stdout","time":444.498495648,"data":"SECONDARY_EDGE_TTA_ACTIVE views = 8 weight = 0.75 mean_abs_feat_delta = 0.281151\n"}
,{"stream_name":"stdout","time":444.658898939,"data":"EDGE_TTA_ACTIVE views = 8 mean_abs_feat_delta = 0.32759\n"}
,{"stream_name":"stdout","time":445.614012533,"data":"EDGE_TTA_ACTIVE views = 8 mean_abs_feat_delta = 0.366473\n"}
,{"stream_name":"stdout","time":445.633462556,"data":"SECONDARY_EDGE_TTA_ACTIVE views = 8 weight = 0.75 mean_abs_feat_delta = 0.244572\n"}
,{"stream_name":"stdout","time":446.614573561,"data":"SECONDARY_EDGE_TTA_ACTIVE views = 8 weight = 0.75 mean_abs_feat_delta = 0.288338\n"}
,{"stream_name":"stdout","time":446.749221509,"data":"EDGE_TTA_ACTIVE views = 8 mean_abs_feat_delta = 0.323605\n"}
,{"stream_name":"stdout","time":447.729449492,"data":"EDGE_TTA_ACTIVE views = 8 mean_abs_feat_delta = 0.369227\n"}
,{"stream_name":"stdout","time":447.747375758,"data":"SECONDARY_EDGE_TTA_ACTIVE views = 8 weight = 0.75 mean_abs_feat_delta = 0.244253\n"}
,{"stream_name":"stdout","time":448.737469237,"data":"SECONDARY_EDGE_TTA_ACTIVE views = 8 weight = 0.75 mean_abs_feat_delta = 0.292434\n"}
,{"stream_name":"stdout","time":448.741689687,"data":"BIOHUB_RETENTION_GUARD {\"blended_candidates\": 264, \"dataset\": \"44b6_0b24845f\", \"frame\": 47, \"minimum_retention\": 0.9, \"primary_candidates\": 307, \"retention\": 0.8599348534201955, \"use_primary\": true}\n"}
,{"stream_name":"stdout","time":448.840528287,"data":"EDGE_TTA_ACTIVE views = 8 mean_abs_feat_delta = 0.332571\n"}
,{"stream_name":"stdout","time":449.832728282,"data":"SECONDARY_EDGE_TTA_ACTIVE views = 8 weight = 0.75 mean_abs_feat_delta = 0.251298\n"}
,{"stream_name":"stdout","time":449.861904373,"data":"EDGE_TTA_ACTIVE views = 8 mean_abs_feat_delta = 0.376915\n"}
,{"stream_name":"stdout","time":450.868618416,"data":"SECONDARY_EDGE_TTA_ACTIVE views = 8 weight = 0.75 mean_abs_feat_delta = 0.288129\n"}
,{"stream_name":"stdout","time":450.928261993,"data":"EDGE_TTA_ACTIVE views = 8 mean_abs_feat_delta = 0.328319\n"}
,{"stream_name":"stdout","time":451.920235789,"data":"SECONDARY_EDGE_TTA_ACTIVE views = 8 weight = 0.75 mean_abs_feat_delta = 0.241945\n"}
,{"stream_name":"stdout","time":452.024616106,"data":"EDGE_TTA_ACTIVE views = 8 mean_abs_feat_delta = 0.373149\n"}
,{"stream_name":"stdout","time":453.02011633,"data":"EDGE_TTA_ACTIVE views = 8 mean_abs_feat_delta = 0.327289\n"}
,{"stream_name":"stdout","time":453.038774603,"data":"SECONDARY_EDGE_TTA_ACTIVE views = 8 weight = 0.75 mean_abs_feat_delta = 0.299885\n"}
,{"stream_name":"stdout","time":454.018592876,"data":"SECONDARY_EDGE_TTA_ACTIVE views = 8 weight = 0.75 mean_abs_feat_delta = 0.241039\n"}
,{"stream_name":"stdout","time":454.168012573,"data":"EDGE_TTA_ACTIVE views = 8 mean_abs_feat_delta = 0.373289\n"}
,{"stream_name":"stdout","time":455.156260483,"data":"EDGE_TTA_ACTIVE views = 8 mean_abs_feat_delta = 0.337614\n"}
,{"stream_name":"stdout","time":455.186216164,"data":"SECONDARY_EDGE_TTA_ACTIVE views = 8 weight = 0.75 mean_abs_feat_delta = 0.305548\n"}
,{"stream_name":"stdout","time":455.190286546,"data":"BIOHUB_RETENTION_GUARD {\"blended_candidates\": 253, \"dataset\": \"44b6_0b24845f\", \"frame\": 50, \"minimum_retention\": 0.9, \"primary_candidates\": 285, \"retention\": 0.887719298245614, \"use_primary\": true}\n"}
,{"stream_name":"stdout","time":456.157614664,"data":"SECONDARY_EDGE_TTA_ACTIVE views = 8 weight = 0.75 mean_abs_feat_delta = 0.250851\n"}
,{"stream_name":"stdout","time":456.317577582,"data":"EDGE_TTA_ACTIVE views = 8 mean_abs_feat_delta = 0.372374\n"}
,{"stream_name":"stdout","time":457.27086438,"data":"EDGE_TTA_ACTIVE views = 8 mean_abs_feat_delta = 0.338693\n"}
,{"stream_name":"stdout","time":457.334827073,"data":"SECONDARY_EDGE_TTA_ACTIVE views = 8 weight = 0.75 mean_abs_feat_delta = 0.296505\n"}
,{"stream_name":"stdout","time":457.338829974,"data":"BIOHUB_RETENTION_GUARD {\"blended_candidates\": 321, \"dataset\": \"44b6_0b24845f\", \"frame\": 51, \"minimum_retention\": 0.9, \"primary_candidates\": 361, \"retention\": 0.889196675900277, \"use_primary\": true}\n"}
,{"stream_name":"stdout","time":458.28037628,"data":"SECONDARY_EDGE_TTA_ACTIVE views = 8 weight = 0.75 mean_abs_feat_delta = 0.253217\n"}
,{"stream_name":"stdout","time":458.490321251,"data":"EDGE_TTA_ACTIVE views = 8 mean_abs_feat_delta = 0.36791\n"}
,{"stream_name":"stdout","time":459.399136309,"data":"EDGE_TTA_ACTIVE views = 8 mean_abs_feat_delta = 0.338257\n"}
,{"stream_name":"stdout","time":459.512223447,"data":"SECONDARY_EDGE_TTA_ACTIVE views = 8 weight = 0.75 mean_abs_feat_delta = 0.295986\n"}
,{"stream_name":"stdout","time":460.409697793,"data":"SECONDARY_EDGE_TTA_ACTIVE views = 8 weight = 0.75 mean_abs_feat_delta = 0.261342\n"}
,{"stream_name":"stdout","time":460.659599637,"data":"EDGE_TTA_ACTIVE views = 8 mean_abs_feat_delta = 0.370709\n"}
,{"stream_name":"stdout","time":461.543371253,"data":"EDGE_TTA_ACTIVE views = 8 mean_abs_feat_delta = 0.33887\n"}
,{"stream_name":"stdout","time":461.68931376,"data":"SECONDARY_EDGE_TTA_ACTIVE views = 8 weight = 0.75 mean_abs_feat_delta = 0.30285\n"}
,{"stream_name":"stdout","time":461.693235203,"data":"BIOHUB_RETENTION_GUARD {\"blended_candidates\": 305, \"dataset\": \"44b6_0b24845f\", \"frame\": 53, \"minimum_retention\": 0.9, \"primary_candidates\": 342, \"retention\": 0.8918128654970761, \"use_primary\": true}\n"}
,{"stream_name":"stdout","time":462.529900129,"data":"SECONDARY_EDGE_TTA_ACTIVE views = 8 weight = 0.75 mean_abs_feat_delta = 0.263655\n"}
,{"stream_name":"stdout","time":462.846960554,"data":"EDGE_TTA_ACTIVE views = 8 mean_abs_feat_delta = 0.369503\n"}
,{"stream_name":"stdout","time":463.699794661,"data":"EDGE_TTA_ACTIVE views = 8 mean_abs_feat_delta = 0.339106\n"}
,{"stream_name":"stdout","time":463.876201967,"data":"SECONDARY_EDGE_TTA_ACTIVE views = 8 weight = 0.75 mean_abs_feat_delta = 0.30254\n"}
,{"stream_name":"stdout","time":463.880095918,"data":"BIOHUB_RETENTION_GUARD {\"blended_candidates\": 321, \"dataset\": \"44b6_0b24845f\", \"frame\": 54, \"minimum_retention\": 0.9, \"primary_candidates\": 362, \"retention\": 0.8867403314917127, \"use_primary\": true}\n"}
,{"stream_name":"stdout","time":464.711303135,"data":"SECONDARY_EDGE_TTA_ACTIVE views = 8 weight = 0.75 mean_abs_feat_delta = 0.264049\n"}
,{"stream_name":"stdout","time":465.031381051,"data":"EDGE_TTA_ACTIVE views = 8 mean_abs_feat_delta = 0.3697\n"}
,{"stream_name":"stdout","time":465.823124875,"data":"EDGE_TTA_ACTIVE views = 8 mean_abs_feat_delta = 0.341611\n"}
,{"stream_name":"stdout","time":466.059692141,"data":"SECONDARY_EDGE_TTA_ACTIVE views = 8 weight = 0.75 mean_abs_feat_delta = 0.304896\n"}
,{"stream_name":"stdout","time":466.841225285,"data":"SECONDARY_EDGE_TTA_ACTIVE views = 8 weight = 0.75 mean_abs_feat_delta = 0.262185\n"}
,{"stream_name":"stdout","time":467.21217292,"data":"EDGE_TTA_ACTIVE views = 8 mean_abs_feat_delta = 0.37301\n"}
,{"stream_name":"stdout","time":467.954662096,"data":"EDGE_TTA_ACTIVE views = 8 mean_abs_feat_delta = 0.346143\n"}
,{"stream_name":"stdout","time":468.244243504,"data":"SECONDARY_EDGE_TTA_ACTIVE views = 8 weight = 0.75 mean_abs_feat_delta = 0.308335\n"}
,{"stream_name":"stdout","time":468.969338783,"data":"SECONDARY_EDGE_TTA_ACTIVE views = 8 weight = 0.75 mean_abs_feat_delta = 0.257653\n"}
,{"stream_name":"stdout","time":469.499949955,"data":"EDGE_TTA_ACTIVE views = 8 mean_abs_feat_delta = 0.367347\n"}
,{"stream_name":"stdout","time":470.080653784,"data":"EDGE_TTA_ACTIVE views = 8 mean_abs_feat_delta = 0.340083\n"}
,{"stream_name":"stdout","time":470.528911214,"data":"SECONDARY_EDGE_TTA_ACTIVE views = 8 weight = 0.75 mean_abs_feat_delta = 0.3079\n"}
,{"stream_name":"stdout","time":471.090304083,"data":"SECONDARY_EDGE_TTA_ACTIVE views = 8 weight = 0.75 mean_abs_feat_delta = 0.252778\n"}
,{"stream_name":"stdout","time":471.724790402,"data":"EDGE_TTA_ACTIVE views = 8 mean_abs_feat_delta = 0.36398\n"}
,{"stream_name":"stdout","time":472.205200454,"data":"EDGE_TTA_ACTIVE views = 8 mean_abs_feat_delta = 0.339203\n"}
,{"stream_name":"stdout","time":472.747254132,"data":"SECONDARY_EDGE_TTA_ACTIVE views = 8 weight = 0.75 mean_abs_feat_delta = 0.304751\n"}
,{"stream_name":"stdout","time":472.751365205,"data":"BIOHUB_RETENTION_GUARD {\"blended_candidates\": 263, \"dataset\": \"44b6_0b24845f\", \"frame\": 58, \"minimum_retention\": 0.9, \"primary_candidates\": 312, \"retention\": 0.842948717948718, \"use_primary\": true}\n"}
,{"stream_name":"stdout","time":473.216134907,"data":"SECONDARY_EDGE_TTA_ACTIVE views = 8 weight = 0.75 mean_abs_feat_delta = 0.255196\n"}
,{"stream_name":"stdout","time":473.904165141,"data":"EDGE_TTA_ACTIVE views = 8 mean_abs_feat_delta = 0.366206\n"}
,{"stream_name":"stdout","time":474.316239057,"data":"EDGE_TTA_ACTIVE views = 8 mean_abs_feat_delta = 0.336994\n"}
,{"stream_name":"stdout","time":474.927541349,"data":"SECONDARY_EDGE_TTA_ACTIVE views = 8 weight = 0.75 mean_abs_feat_delta = 0.300835\n"}
,{"stream_name":"stdout","time":474.931742693,"data":"BIOHUB_RETENTION_GUARD {\"blended_candidates\": 303, \"dataset\": \"44b6_0b24845f\", \"frame\": 59, \"minimum_retention\": 0.9, \"primary_candidates\": 346, \"retention\": 0.8757225433526011, \"use_primary\": true}\n"}
,{"stream_name":"stdout","time":475.324377931,"data":"SECONDARY_EDGE_TTA_ACTIVE views = 8 weight = 0.75 mean_abs_feat_delta = 0.255652\n"}
,{"stream_name":"stdout","time":476.065762785,"data":"EDGE_TTA_ACTIVE views = 8 mean_abs_feat_delta = 0.36887\n"}
,{"stream_name":"stdout","time":476.426883424,"data":"EDGE_TTA_ACTIVE views = 8 mean_abs_feat_delta = 0.342499\n"}
,{"stream_name":"stdout","time":477.082594891,"data":"SECONDARY_EDGE_TTA_ACTIVE views = 8 weight = 0.75 mean_abs_feat_delta = 0.300158\n"}
,{"stream_name":"stdout","time":477.086870585,"data":"BIOHUB_RETENTION_GUARD {\"blended_candidates\": 335, \"dataset\": \"44b6_0b24845f\", \"frame\": 60, \"minimum_retention\": 0.9, \"primary_candidates\": 393, \"retention\": 0.8524173027989822, \"use_primary\": true}\n"}
,{"stream_name":"stdout","time":477.427068587,"data":"SECONDARY_EDGE_TTA_ACTIVE views = 8 weight = 0.75 mean_abs_feat_delta = 0.256616\n"}
,{"stream_name":"stdout","time":478.23795191,"data":"EDGE_TTA_ACTIVE views = 8 mean_abs_feat_delta = 0.365386\n"}
,{"stream_name":"stdout","time":478.548915822,"data":"EDGE_TTA_ACTIVE views = 8 mean_abs_feat_delta = 0.346059\n"}
,{"stream_name":"stdout","time":479.252019423,"data":"SECONDARY_EDGE_TTA_ACTIVE views = 8 weight = 0.75 mean_abs_feat_delta = 0.300168\n"}
,{"stream_name":"stdout","time":479.255950883,"data":"BIOHUB_RETENTION_GUARD {\"blended_candidates\": 275, \"dataset\": \"44b6_0b24845f\", \"frame\": 61, \"minimum_retention\": 0.9, \"primary_candidates\": 333, \"retention\": 0.8258258258258259, \"use_primary\": true}\n"}
,{"stream_name":"stdout","time":479.546346,"data":"SECONDARY_EDGE_TTA_ACTIVE views = 8 weight = 0.75 mean_abs_feat_delta = 0.257121\n"}
,{"stream_name":"stdout","time":480.438246683,"data":"EDGE_TTA_ACTIVE views = 8 mean_abs_feat_delta = 0.366621\n"}
,{"stream_name":"stdout","time":480.660307646,"data":"EDGE_TTA_ACTIVE views = 8 mean_abs_feat_delta = 0.346159\n"}
,{"stream_name":"stdout","time":481.451155561,"data":"SECONDARY_EDGE_TTA_ACTIVE views = 8 weight = 0.75 mean_abs_feat_delta = 0.300845\n"}
,{"stream_name":"stdout","time":481.454993387,"data":"BIOHUB_RETENTION_GUARD {\"blended_candidates\": 298, \"dataset\": \"44b6_0b24845f\", \"frame\": 62, \"minimum_retention\": 0.9, \"primary_candidates\": 345, \"retention\": 0.863768115942029, \"use_primary\": true}\n"}
,{"stream_name":"stdout","time":481.650751672,"data":"SECONDARY_EDGE_TTA_ACTIVE views = 8 weight = 0.75 mean_abs_feat_delta = 0.257896\n"}
,{"stream_name":"stdout","time":482.608525128,"data":"EDGE_TTA_ACTIVE views = 8 mean_abs_feat_delta = 0.373908\n"}
,{"stream_name":"stdout","time":482.737611301,"data":"EDGE_TTA_ACTIVE views = 8 mean_abs_feat_delta = 0.345426\n"}
,{"stream_name":"stdout","time":483.619361321,"data":"SECONDARY_EDGE_TTA_ACTIVE views = 8 weight = 0.75 mean_abs_feat_delta = 0.303221\n"}
,{"stream_name":"stdout","time":483.731357575,"data":"SECONDARY_EDGE_TTA_ACTIVE views = 8 weight = 0.75 mean_abs_feat_delta = 0.259858\n"}
,{"stream_name":"stdout","time":484.742002188,"data":"EDGE_TTA_ACTIVE views = 8 mean_abs_feat_delta = 0.368494\n"}
,{"stream_name":"stdout","time":484.857712257,"data":"EDGE_TTA_ACTIVE views = 8 mean_abs_feat_delta = 0.344989\n"}
,{"stream_name":"stdout","time":485.749808912,"data":"SECONDARY_EDGE_TTA_ACTIVE views = 8 weight = 0.75 mean_abs_feat_delta = 0.299317\n"}
,{"stream_name":"stdout","time":485.753497517,"data":"BIOHUB_RETENTION_GUARD {\"blended_candidates\": 295, \"dataset\": \"44b6_0b24845f\", \"frame\": 64, \"minimum_retention\": 0.9, \"primary_candidates\": 344, \"retention\": 0.8575581395348837, \"use_primary\": true}\n"}
,{"stream_name":"stdout","time":485.850742905,"data":"SECONDARY_EDGE_TTA_ACTIVE views = 8 weight = 0.75 mean_abs_feat_delta = 0.25507\n"}
,{"stream_name":"stdout","time":486.90266592,"data":"EDGE_TTA_ACTIVE views = 8 mean_abs_feat_delta = 0.370026\n"}
,{"stream_name":"stdout","time":486.93486589,"data":"EDGE_TTA_ACTIVE views = 8 mean_abs_feat_delta = 0.343404\n"}
,{"stream_name":"stdout","time":487.901825855,"data":"SECONDARY_EDGE_TTA_ACTIVE views = 8 weight = 0.75 mean_abs_feat_delta = 0.299955\n"}
,{"stream_name":"stdout","time":487.905578847,"data":"BIOHUB_RETENTION_GUARD {\"blended_candidates\": 335, \"dataset\": \"44b6_0b24845f\", \"frame\": 65, \"minimum_retention\": 0.9, \"primary_candidates\": 378, \"retention\": 0.8862433862433863, \"use_primary\": true}\n"}
,{"stream_name":"stdout","time":487.9248186,"data":"SECONDARY_EDGE_TTA_ACTIVE views = 8 weight = 0.75 mean_abs_feat_delta = 0.262098\n"}
,{"stream_name":"stdout","time":489.038452802,"data":"EDGE_TTA_ACTIVE views = 8 mean_abs_feat_delta = 0.341221\n"}
,{"stream_name":"stdout","time":489.053599055,"data":"EDGE_TTA_ACTIVE views = 8 mean_abs_feat_delta = 0.369253\n"}
,{"stream_name":"stdout","time":490.020194728,"data":"SECONDARY_EDGE_TTA_ACTIVE views = 8 weight = 0.75 mean_abs_feat_delta = 0.262847\n"}
,{"stream_name":"stdout","time":490.059846596,"data":"SECONDARY_EDGE_TTA_ACTIVE views = 8 weight = 0.75 mean_abs_feat_delta = 0.296912\n"}
,{"stream_name":"stdout","time":490.063559868,"data":"BIOHUB_RETENTION_GUARD {\"blended_candidates\": 324, \"dataset\": \"44b6_0b24845f\", \"frame\": 66, \"minimum_retention\": 0.9, \"primary_candidates\": 375, \"retention\": 0.864, \"use_primary\": true}\n"}
,{"stream_name":"stdout","time":491.104822442,"data":"EDGE_TTA_ACTIVE views = 8 mean_abs_feat_delta = 0.343003\n"}
,{"stream_name":"stdout","time":491.191350713,"data":"EDGE_TTA_ACTIVE views = 8 mean_abs_feat_delta = 0.365768\n"}
,{"stream_name":"stdout","time":492.10850699,"data":"SECONDARY_EDGE_TTA_ACTIVE views = 8 weight = 0.75 mean_abs_feat_delta = 0.261047\n"}
,{"stream_name":"stdout","time":492.19234967,"data":"SECONDARY_EDGE_TTA_ACTIVE views = 8 weight = 0.75 mean_abs_feat_delta = 0.291366\n"}
,{"stream_name":"stdout","time":493.192271684,"data":"EDGE_TTA_ACTIVE views = 8 mean_abs_feat_delta = 0.343125\n"}
,{"stream_name":"stdout","time":493.351648217,"data":"EDGE_TTA_ACTIVE views = 8 mean_abs_feat_delta = 0.365075\n"}
,{"stream_name":"stdout","time":494.16645574,"data":"SECONDARY_EDGE_TTA_ACTIVE views = 8 weight = 0.75 mean_abs_feat_delta = 0.257455\n"}
,{"stream_name":"stdout","time":494.349135471,"data":"SECONDARY_EDGE_TTA_ACTIVE views = 8 weight = 0.75 mean_abs_feat_delta = 0.293296\n"}
,{"stream_name":"stdout","time":495.298193616,"data":"EDGE_TTA_ACTIVE views = 8 mean_abs_feat_delta = 0.337095\n"}
,{"stream_name":"stdout","time":495.517334638,"data":"EDGE_TTA_ACTIVE views = 8 mean_abs_feat_delta = 0.366016\n"}
,{"stream_name":"stdout","time":496.273591149,"data":"SECONDARY_EDGE_TTA_ACTIVE views = 8 weight = 0.75 mean_abs_feat_delta = 0.254838\n"}
,{"stream_name":"stdout","time":496.517108485,"data":"SECONDARY_EDGE_TTA_ACTIVE views = 8 weight = 0.75 mean_abs_feat_delta = 0.301719\n"}
,{"stream_name":"stdout","time":497.386579444,"data":"EDGE_TTA_ACTIVE views = 8 mean_abs_feat_delta = 0.337123\n"}
,{"stream_name":"stdout","time":497.630761537,"data":"EDGE_TTA_ACTIVE views = 8 mean_abs_feat_delta = 0.365231\n"}
,{"stream_name":"stdout","time":498.361454745,"data":"SECONDARY_EDGE_TTA_ACTIVE views = 8 weight = 0.75 mean_abs_feat_delta = 0.260524\n"}
,{"stream_name":"stdout","time":498.62413339,"data":"SECONDARY_EDGE_TTA_ACTIVE views = 8 weight = 0.75 mean_abs_feat_delta = 0.301488\n"}
,{"stream_name":"stdout","time":498.628111174,"data":"BIOHUB_RETENTION_GUARD {\"blended_candidates\": 260, \"dataset\": \"44b6_0b24845f\", \"frame\": 70, \"minimum_retention\": 0.9, \"primary_candidates\": 305, \"retention\": 0.8524590163934426, \"use_primary\": true}\n"}
,{"stream_name":"stdout","time":499.451573736,"data":"EDGE_TTA_ACTIVE views = 8 mean_abs_feat_delta = 0.338112\n"}
,{"stream_name":"stdout","time":499.756124027,"data":"EDGE_TTA_ACTIVE views = 8 mean_abs_feat_delta = 0.36009\n"}
,{"stream_name":"stdout","time":500.425391992,"data":"SECONDARY_EDGE_TTA_ACTIVE views = 8 weight = 0.75 mean_abs_feat_delta = 0.262847\n"}
,{"stream_name":"stdout","time":500.747891721,"data":"SECONDARY_EDGE_TTA_ACTIVE views = 8 weight = 0.75 mean_abs_feat_delta = 0.299423\n"}
,{"stream_name":"stdout","time":501.496366119,"data":"EDGE_TTA_ACTIVE views = 8 mean_abs_feat_delta = 0.338704\n"}
,{"stream_name":"stdout","time":501.86545895,"data":"EDGE_TTA_ACTIVE views = 8 mean_abs_feat_delta = 0.360462\n"}
,{"stream_name":"stdout","time":502.469504028,"data":"SECONDARY_EDGE_TTA_ACTIVE views = 8 weight = 0.75 mean_abs_feat_delta = 0.260131\n"}
,{"stream_name":"stdout","time":502.858151763,"data":"SECONDARY_EDGE_TTA_ACTIVE views = 8 weight = 0.75 mean_abs_feat_delta = 0.301712\n"}
,{"stream_name":"stdout","time":503.54158281,"data":"EDGE_TTA_ACTIVE views = 8 mean_abs_feat_delta = 0.340176\n"}
,{"stream_name":"stdout","time":503.950929423,"data":"EDGE_TTA_ACTIVE views = 8 mean_abs_feat_delta = 0.359757\n"}
,{"stream_name":"stdout","time":504.513532095,"data":"SECONDARY_EDGE_TTA_ACTIVE views = 8 weight = 0.75 mean_abs_feat_delta = 0.256523\n"}
,{"stream_name":"stdout","time":504.941827226,"data":"SECONDARY_EDGE_TTA_ACTIVE views = 8 weight = 0.75 mean_abs_feat_delta = 0.305584\n"}
,{"stream_name":"stdout","time":504.945524346,"data":"BIOHUB_RETENTION_GUARD {\"blended_candidates\": 197, \"dataset\": \"44b6_0b24845f\", \"frame\": 73, \"minimum_retention\": 0.9, \"primary_candidates\": 262, \"retention\": 0.7519083969465649, \"use_primary\": true}\n"}
,{"stream_name":"stdout","time":505.600734443,"data":"EDGE_TTA_ACTIVE views = 8 mean_abs_feat_delta = 0.346094\n"}
,{"stream_name":"stdout","time":506.036954618,"data":"EDGE_TTA_ACTIVE views = 8 mean_abs_feat_delta = 0.368022\n"}
,{"stream_name":"stdout","time":506.575910212,"data":"SECONDARY_EDGE_TTA_ACTIVE views = 8 weight = 0.75 mean_abs_feat_delta = 0.265074\n"}
,{"stream_name":"stdout","time":507.029191208,"data":"SECONDARY_EDGE_TTA_ACTIVE views = 8 weight = 0.75 mean_abs_feat_delta = 0.304789\n"}
,{"stream_name":"stdout","time":507.032986093,"data":"BIOHUB_RETENTION_GUARD {\"blended_candidates\": 224, \"dataset\": \"44b6_0b24845f\", \"frame\": 74, \"minimum_retention\": 0.9, \"primary_candidates\": 291, \"retention\": 0.7697594501718213, \"use_primary\": true}\n"}
,{"stream_name":"stdout","time":507.690176804,"data":"EDGE_TTA_ACTIVE views = 8 mean_abs_feat_delta = 0.348292\n"}
,{"stream_name":"stdout","time":508.180525238,"data":"EDGE_TTA_ACTIVE views = 8 mean_abs_feat_delta = 0.358754\n"}
,{"stream_name":"stdout","time":508.665269741,"data":"SECONDARY_EDGE_TTA_ACTIVE views = 8 weight = 0.75 mean_abs_feat_delta = 0.26712\n"}
,{"stream_name":"stdout","time":509.169090047,"data":"SECONDARY_EDGE_TTA_ACTIVE views = 8 weight = 0.75 mean_abs_feat_delta = 0.299735\n"}
,{"stream_name":"stdout","time":509.172746143,"data":"BIOHUB_RETENTION_GUARD {\"blended_candidates\": 325, \"dataset\": \"44b6_0b24845f\", \"frame\": 75, \"minimum_retention\": 0.9, \"primary_candidates\": 374, \"retention\": 0.8689839572192514, \"use_primary\": true}\n"}
,{"stream_name":"stdout","time":509.737761815,"data":"EDGE_TTA_ACTIVE views = 8 mean_abs_feat_delta = 0.344312\n"}
,{"stream_name":"stdout","time":510.296266392,"data":"EDGE_TTA_ACTIVE views = 8 mean_abs_feat_delta = 0.358919\n"}
,{"stream_name":"stdout","time":510.709821761,"data":"SECONDARY_EDGE_TTA_ACTIVE views = 8 weight = 0.75 mean_abs_feat_delta = 0.263739\n"}
,{"stream_name":"stdout","time":511.288194305,"data":"SECONDARY_EDGE_TTA_ACTIVE views = 8 weight = 0.75 mean_abs_feat_delta = 0.295727\n"}
,{"stream_name":"stdout","time":511.292549205,"data":"BIOHUB_RETENTION_GUARD {\"blended_candidates\": 321, \"dataset\": \"44b6_0b24845f\", \"frame\": 76, \"minimum_retention\": 0.9, \"primary_candidates\": 379, \"retention\": 0.8469656992084432, \"use_primary\": true}\n"}
,{"stream_name":"stdout","time":511.807955436,"data":"EDGE_TTA_ACTIVE views = 8 mean_abs_feat_delta = 0.341477\n"}
,{"stream_name":"stdout","time":512.406042356,"data":"EDGE_TTA_ACTIVE views = 8 mean_abs_feat_delta = 0.361097\n"}
,{"stream_name":"stdout","time":512.777046137,"data":"SECONDARY_EDGE_TTA_ACTIVE views = 8 weight = 0.75 mean_abs_feat_delta = 0.262727\n"}
,{"stream_name":"stdout","time":513.396683773,"data":"SECONDARY_EDGE_TTA_ACTIVE views = 8 weight = 0.75 mean_abs_feat_delta = 0.301815\n"}
,{"stream_name":"stdout","time":513.401134132,"data":"BIOHUB_RETENTION_GUARD {\"blended_candidates\": 243, \"dataset\": \"44b6_0b24845f\", \"frame\": 77, \"minimum_retention\": 0.9, \"primary_candidates\": 331, \"retention\": 0.7341389728096677, \"use_primary\": true}\n"}
,{"stream_name":"stdout","time":513.848912975,"data":"EDGE_TTA_ACTIVE views = 8 mean_abs_feat_delta = 0.34091\n"}
,{"stream_name":"stdout","time":514.571400097,"data":"EDGE_TTA_ACTIVE views = 8 mean_abs_feat_delta = 0.36529\n"}
,{"stream_name":"stdout","time":514.823315021,"data":"SECONDARY_EDGE_TTA_ACTIVE views = 8 weight = 0.75 mean_abs_feat_delta = 0.256411\n"}
,{"stream_name":"stdout","time":515.560253703,"data":"SECONDARY_EDGE_TTA_ACTIVE views = 8 weight = 0.75 mean_abs_feat_delta = 0.305391\n"}
,{"stream_name":"stdout","time":515.56474653,"data":"BIOHUB_RETENTION_GUARD {\"blended_candidates\": 284, \"dataset\": \"44b6_0b24845f\", \"frame\": 78, \"minimum_retention\": 0.9, \"primary_candidates\": 392, \"retention\": 0.7244897959183674, \"use_primary\": true}\n"}
,{"stream_name":"stdout","time":515.895196908,"data":"EDGE_TTA_ACTIVE views = 8 mean_abs_feat_delta = 0.337156\n"}
,{"stream_name":"stdout","time":516.721490647,"data":"EDGE_TTA_ACTIVE views = 8 mean_abs_feat_delta = 0.365892\n"}
,{"stream_name":"stdout","time":516.866820408,"data":"SECONDARY_EDGE_TTA_ACTIVE views = 8 weight = 0.75 mean_abs_feat_delta = 0.260031\n"}
,{"stream_name":"stdout","time":517.707502063,"data":"SECONDARY_EDGE_TTA_ACTIVE views = 8 weight = 0.75 mean_abs_feat_delta = 0.302826\n"}
,{"stream_name":"stdout","time":517.711324894,"data":"BIOHUB_RETENTION_GUARD {\"blended_candidates\": 298, \"dataset\": \"44b6_0b24845f\", \"frame\": 79, \"minimum_retention\": 0.9, \"primary_candidates\": 424, \"retention\": 0.7028301886792453, \"use_primary\": true}\n"}
,{"stream_name":"stdout","time":517.972540073,"data":"EDGE_TTA_ACTIVE views = 8 mean_abs_feat_delta = 0.339841\n"}
,{"stream_name":"stdout","time":518.868775433,"data":"EDGE_TTA_ACTIVE views = 8 mean_abs_feat_delta = 0.365633\n"}
,{"stream_name":"stdout","time":518.946467205,"data":"SECONDARY_EDGE_TTA_ACTIVE views = 8 weight = 0.75 mean_abs_feat_delta = 0.262153\n"}
,{"stream_name":"stdout","time":519.860142418,"data":"SECONDARY_EDGE_TTA_ACTIVE views = 8 weight = 0.75 mean_abs_feat_delta = 0.303473\n"}
,{"stream_name":"stdout","time":519.863927205,"data":"BIOHUB_RETENTION_GUARD {\"blended_candidates\": 291, \"dataset\": \"44b6_0b24845f\", \"frame\": 80, \"minimum_retention\": 0.9, \"primary_candidates\": 388, \"retention\": 0.75, \"use_primary\": true}\n"}
,{"stream_name":"stdout","time":520.027136688,"data":"EDGE_TTA_ACTIVE views = 8 mean_abs_feat_delta = 0.34054\n"}
,{"stream_name":"stdout","time":520.996093482,"data":"EDGE_TTA_ACTIVE views = 8 mean_abs_feat_delta = 0.369442\n"}
,{"stream_name":"stdout","time":520.999098589,"data":"SECONDARY_EDGE_TTA_ACTIVE views = 8 weight = 0.75 mean_abs_feat_delta = 0.258925\n"}
,{"stream_name":"stdout","time":521.985886848,"data":"SECONDARY_EDGE_TTA_ACTIVE views = 8 weight = 0.75 mean_abs_feat_delta = 0.308215\n"}
,{"stream_name":"stdout","time":521.989464846,"data":"BIOHUB_RETENTION_GUARD {\"blended_candidates\": 294, \"dataset\": \"44b6_0b24845f\", \"frame\": 81, \"minimum_retention\": 0.9, \"primary_candidates\": 382, \"retention\": 0.7696335078534031, \"use_primary\": true}\n"}
,{"stream_name":"stdout","time":522.163321527,"data":"EDGE_TTA_ACTIVE views = 8 mean_abs_feat_delta = 0.345761\n"}
,{"stream_name":"stdout","time":523.10594459,"data":"SECONDARY_EDGE_TTA_ACTIVE views = 8 weight = 0.75 mean_abs_feat_delta = 0.260799\n"}
,{"stream_name":"stdout","time":523.12203516,"data":"EDGE_TTA_ACTIVE views = 8 mean_abs_feat_delta = 0.373979\n"}
,{"stream_name":"stdout","time":524.108709832,"data":"SECONDARY_EDGE_TTA_ACTIVE views = 8 weight = 0.75 mean_abs_feat_delta = 0.312577\n"}
,{"stream_name":"stdout","time":524.112574941,"data":"BIOHUB_RETENTION_GUARD {\"blended_candidates\": 277, \"dataset\": \"44b6_0b24845f\", \"frame\": 82, \"minimum_retention\": 0.9, \"primary_candidates\": 385, \"retention\": 0.7194805194805195, \"use_primary\": true}\n"}
,{"stream_name":"stdout","time":524.238381958,"data":"EDGE_TTA_ACTIVE views = 8 mean_abs_feat_delta = 0.34535\n"}
,{"stream_name":"stdout","time":525.21290049,"data":"SECONDARY_EDGE_TTA_ACTIVE views = 8 weight = 0.75 mean_abs_feat_delta = 0.261693\n"}
,{"stream_name":"stdout","time":525.229496675,"data":"EDGE_TTA_ACTIVE views = 8 mean_abs_feat_delta = 0.365009\n"}
,{"stream_name":"stdout","time":526.222861766,"data":"SECONDARY_EDGE_TTA_ACTIVE views = 8 weight = 0.75 mean_abs_feat_delta = 0.311063\n"}
,{"stream_name":"stdout","time":526.227102558,"data":"BIOHUB_RETENTION_GUARD {\"blended_candidates\": 268, \"dataset\": \"44b6_0b24845f\", \"frame\": 83, \"minimum_retention\": 0.9, \"primary_candidates\": 379, \"retention\": 0.7071240105540897, \"use_primary\": true}\n"}
,{"stream_name":"stdout","time":526.344370598,"data":"EDGE_TTA_ACTIVE views = 8 mean_abs_feat_delta = 0.345018\n"}
,{"stream_name":"stdout","time":527.317205214,"data":"SECONDARY_EDGE_TTA_ACTIVE views = 8 weight = 0.75 mean_abs_feat_delta = 0.264586\n"}
,{"stream_name":"stdout","time":527.34596455,"data":"EDGE_TTA_ACTIVE views = 8 mean_abs_feat_delta = 0.36654\n"}
,{"stream_name":"stdout","time":528.341326206,"data":"SECONDARY_EDGE_TTA_ACTIVE views = 8 weight = 0.75 mean_abs_feat_delta = 0.311139\n"}
,{"stream_name":"stdout","time":528.34510656,"data":"BIOHUB_RETENTION_GUARD {\"blended_candidates\": 287, \"dataset\": \"44b6_0b24845f\", \"frame\": 84, \"minimum_retention\": 0.9, \"primary_candidates\": 361, \"retention\": 0.7950138504155124, \"use_primary\": true}\n"}
,{"stream_name":"stdout","time":528.409544496,"data":"EDGE_TTA_ACTIVE views = 8 mean_abs_feat_delta = 0.339492\n"}
,{"stream_name":"stdout","time":529.383703645,"data":"SECONDARY_EDGE_TTA_ACTIVE views = 8 weight = 0.75 mean_abs_feat_delta = 0.262994\n"}
,{"stream_name":"stdout","time":529.451187417,"data":"EDGE_TTA_ACTIVE views = 8 mean_abs_feat_delta = 0.364996\n"}
,{"stream_name":"stdout","time":530.444954849,"data":"SECONDARY_EDGE_TTA_ACTIVE views = 8 weight = 0.75 mean_abs_feat_delta = 0.312248\n"}
,{"stream_name":"stdout","time":530.448835402,"data":"BIOHUB_RETENTION_GUARD {\"blended_candidates\": 198, \"dataset\": \"44b6_0b24845f\", \"frame\": 85, \"minimum_retention\": 0.9, \"primary_candidates\": 294, \"retention\": 0.673469387755102, \"use_primary\": true}\n"}
,{"stream_name":"stdout","time":530.491258152,"data":"EDGE_TTA_ACTIVE views = 8 mean_abs_feat_delta = 0.333718\n"}
,{"stream_name":"stdout","time":531.47260938,"data":"SECONDARY_EDGE_TTA_ACTIVE views = 8 weight = 0.75 mean_abs_feat_delta = 0.257147\n"}
,{"stream_name":"stdout","time":531.544625992,"data":"EDGE_TTA_ACTIVE views = 8 mean_abs_feat_delta = 0.364819\n"}
,{"stream_name":"stdout","time":532.540204695,"data":"SECONDARY_EDGE_TTA_ACTIVE views = 8 weight = 0.75 mean_abs_feat_delta = 0.317294\n"}
,{"stream_name":"stdout","time":532.54402167,"data":"BIOHUB_RETENTION_GUARD {\"blended_candidates\": 169, \"dataset\": \"44b6_0b24845f\", \"frame\": 86, \"minimum_retention\": 0.9, \"primary_candidates\": 282, \"retention\": 0.599290780141844, \"use_primary\": true}\n"}
,{"stream_name":"stdout","time":532.566844165,"data":"EDGE_TTA_ACTIVE views = 8 mean_abs_feat_delta = 0.334199\n"}
,{"stream_name":"stdout","time":533.543700128,"data":"SECONDARY_EDGE_TTA_ACTIVE views = 8 weight = 0.75 mean_abs_feat_delta = 0.259374\n"}
,{"stream_name":"stdout","time":533.660804318,"data":"EDGE_TTA_ACTIVE views = 8 mean_abs_feat_delta = 0.360555\n"}
,{"stream_name":"stdout","time":534.63543627,"data":"EDGE_TTA_ACTIVE views = 8 mean_abs_feat_delta = 0.338008\n"}
,{"stream_name":"stdout","time":534.658735357,"data":"SECONDARY_EDGE_TTA_ACTIVE views = 8 weight = 0.75 mean_abs_feat_delta = 0.318325\n"}
,{"stream_name":"stdout","time":534.662725451,"data":"BIOHUB_RETENTION_GUARD {\"blended_candidates\": 232, \"dataset\": \"44b6_0b24845f\", \"frame\": 87, \"minimum_retention\": 0.9, \"primary_candidates\": 323, \"retention\": 0.718266253869969, \"use_primary\": true}\n"}
,{"stream_name":"stdout","time":535.612394458,"data":"SECONDARY_EDGE_TTA_ACTIVE views = 8 weight = 0.75 mean_abs_feat_delta = 0.257413\n"}
,{"stream_name":"stdout","time":535.774208473,"data":"EDGE_TTA_ACTIVE views = 8 mean_abs_feat_delta = 0.367991\n"}
,{"stream_name":"stdout","time":536.725276012,"data":"EDGE_TTA_ACTIVE views = 8 mean_abs_feat_delta = 0.338144\n"}
,{"stream_name":"stdout","time":536.771333973,"data":"SECONDARY_EDGE_TTA_ACTIVE views = 8 weight = 0.75 mean_abs_feat_delta = 0.319785\n"}
,{"stream_name":"stdout","time":536.77528155,"data":"BIOHUB_RETENTION_GUARD {\"blended_candidates\": 287, \"dataset\": \"44b6_0b24845f\", \"frame\": 88, \"minimum_retention\": 0.9, \"primary_candidates\": 363, \"retention\": 0.790633608815427, \"use_primary\": true}\n"}
,{"stream_name":"stdout","time":537.70348959,"data":"SECONDARY_EDGE_TTA_ACTIVE views = 8 weight = 0.75 mean_abs_feat_delta = 0.257555\n"}
,{"stream_name":"stdout","time":537.949026088,"data":"EDGE_TTA_ACTIVE views = 8 mean_abs_feat_delta = 0.374613\n"}
,{"stream_name":"stdout","time":538.85461689,"data":"EDGE_TTA_ACTIVE views = 8 mean_abs_feat_delta = 0.336404\n"}
,{"stream_name":"stdout","time":538.945415517,"data":"SECONDARY_EDGE_TTA_ACTIVE views = 8 weight = 0.75 mean_abs_feat_delta = 0.325312\n"}
,{"stream_name":"stdout","time":538.949265397,"data":"BIOHUB_RETENTION_GUARD {\"blended_candidates\": 219, \"dataset\": \"44b6_0b24845f\", \"frame\": 89, \"minimum_retention\": 0.9, \"primary_candidates\": 322, \"retention\": 0.6801242236024845, \"use_primary\": true}\n"}
,{"stream_name":"stdout","time":539.832339857,"data":"SECONDARY_EDGE_TTA_ACTIVE views = 8 weight = 0.75 mean_abs_feat_delta = 0.253368\n"}
,{"stream_name":"stdout","time":540.093060548,"data":"EDGE_TTA_ACTIVE views = 8 mean_abs_feat_delta = 0.362102\n"}
,{"stream_name":"stdout","time":540.939697371,"data":"EDGE_TTA_ACTIVE views = 8 mean_abs_feat_delta = 0.336923\n"}
,{"stream_name":"stdout","time":541.092302406,"data":"SECONDARY_EDGE_TTA_ACTIVE views = 8 weight = 0.75 mean_abs_feat_delta = 0.321967\n"}
,{"stream_name":"stdout","time":541.095932454,"data":"BIOHUB_RETENTION_GUARD {\"blended_candidates\": 175, \"dataset\": \"44b6_0b24845f\", \"frame\": 90, \"minimum_retention\": 0.9, \"primary_candidates\": 269, \"retention\": 0.6505576208178439, \"use_primary\": true}\n"}
,{"stream_name":"stdout","time":541.919630088,"data":"SECONDARY_EDGE_TTA_ACTIVE views = 8 weight = 0.75 mean_abs_feat_delta = 0.253968\n"}
,{"stream_name":"stdout","time":542.22272988,"data":"EDGE_TTA_ACTIVE views = 8 mean_abs_feat_delta = 0.362535\n"}
,{"stream_name":"stdout","time":542.996876654,"data":"EDGE_TTA_ACTIVE views = 8 mean_abs_feat_delta = 0.340204\n"}
,{"stream_name":"stdout","time":543.219796625,"data":"SECONDARY_EDGE_TTA_ACTIVE views = 8 weight = 0.75 mean_abs_feat_delta = 0.320952\n"}
,{"stream_name":"stdout","time":543.224323654,"data":"BIOHUB_RETENTION_GUARD {\"blended_candidates\": 136, \"dataset\": \"44b6_0b24845f\", \"frame\": 91, \"minimum_retention\": 0.9, \"primary_candidates\": 237, \"retention\": 0.5738396624472574, \"use_primary\": true}\n"}
,{"stream_name":"stdout","time":543.971499688,"data":"SECONDARY_EDGE_TTA_ACTIVE views = 8 weight = 0.75 mean_abs_feat_delta = 0.25869\n"}
,{"stream_name":"stdout","time":544.353759843,"data":"EDGE_TTA_ACTIVE views = 8 mean_abs_feat_delta = 0.36442\n"}
,{"stream_name":"stdout","time":545.064809132,"data":"EDGE_TTA_ACTIVE views = 8 mean_abs_feat_delta = 0.343273\n"}
,{"stream_name":"stdout","time":545.354271516,"data":"SECONDARY_EDGE_TTA_ACTIVE views = 8 weight = 0.75 mean_abs_feat_delta = 0.322162\n"}
,{"stream_name":"stdout","time":545.358399713,"data":"BIOHUB_RETENTION_GUARD {\"blended_candidates\": 151, \"dataset\": \"44b6_0b24845f\", \"frame\": 92, \"minimum_retention\": 0.9, \"primary_candidates\": 286, \"retention\": 0.527972027972028, \"use_primary\": true}\n"}
,{"stream_name":"stdout","time":546.039870642,"data":"SECONDARY_EDGE_TTA_ACTIVE views = 8 weight = 0.75 mean_abs_feat_delta = 0.249107\n"}
,{"stream_name":"stdout","time":546.454120074,"data":"EDGE_TTA_ACTIVE views = 8 mean_abs_feat_delta = 0.357811\n"}
,{"stream_name":"stdout","time":547.112373108,"data":"EDGE_TTA_ACTIVE views = 8 mean_abs_feat_delta = 0.340039\n"}
,{"stream_name":"stdout","time":547.45533006,"data":"SECONDARY_EDGE_TTA_ACTIVE views = 8 weight = 0.75 mean_abs_feat_delta = 0.314236\n"}
,{"stream_name":"stdout","time":547.459539895,"data":"BIOHUB_RETENTION_GUARD {\"blended_candidates\": 133, \"dataset\": \"44b6_0b24845f\", \"frame\": 93, \"minimum_retention\": 0.9, \"primary_candidates\": 253, \"retention\": 0.525691699604743, \"use_primary\": true}\n"}
,{"stream_name":"stdout","time":548.088815361,"data":"SECONDARY_EDGE_TTA_ACTIVE views = 8 weight = 0.75 mean_abs_feat_delta = 0.250998\n"}
,{"stream_name":"stdout","time":548.564615895,"data":"EDGE_TTA_ACTIVE views = 8 mean_abs_feat_delta = 0.3551\n"}
,{"stream_name":"stdout","time":549.220484329,"data":"EDGE_TTA_ACTIVE views = 8 mean_abs_feat_delta = 0.338922\n"}
,{"stream_name":"stdout","time":549.568051709,"data":"SECONDARY_EDGE_TTA_ACTIVE views = 8 weight = 0.75 mean_abs_feat_delta = 0.314665\n"}
,{"stream_name":"stdout","time":549.572292166,"data":"BIOHUB_RETENTION_GUARD {\"blended_candidates\": 168, \"dataset\": \"44b6_0b24845f\", \"frame\": 94, \"minimum_retention\": 0.9, \"primary_candidates\": 290, \"retention\": 0.5793103448275863, \"use_primary\": true}\n"}
,{"stream_name":"stdout","time":550.198940066,"data":"SECONDARY_EDGE_TTA_ACTIVE views = 8 weight = 0.75 mean_abs_feat_delta = 0.249091\n"}
,{"stream_name":"stdout","time":550.675513593,"data":"EDGE_TTA_ACTIVE views = 8 mean_abs_feat_delta = 0.362482\n"}
,{"stream_name":"stdout","time":551.272614049,"data":"EDGE_TTA_ACTIVE views = 8 mean_abs_feat_delta = 0.342488\n"}
,{"stream_name":"stdout","time":551.679573022,"data":"SECONDARY_EDGE_TTA_ACTIVE views = 8 weight = 0.75 mean_abs_feat_delta = 0.321701\n"}
,{"stream_name":"stdout","time":551.683363463,"data":"BIOHUB_RETENTION_GUARD {\"blended_candidates\": 140, \"dataset\": \"44b6_0b24845f\", \"frame\": 95, \"minimum_retention\": 0.9, \"primary_candidates\": 309, \"retention\": 0.45307443365695793, \"use_primary\": true}\n"}
,{"stream_name":"stdout","time":552.288579585,"data":"SECONDARY_EDGE_TTA_ACTIVE views = 8 weight = 0.75 mean_abs_feat_delta = 0.25058\n"}
,{"stream_name":"stdout","time":552.797497699,"data":"EDGE_TTA_ACTIVE views = 8 mean_abs_feat_delta = 0.358614\n"}
,{"stream_name":"stdout","time":553.36154827,"data":"EDGE_TTA_ACTIVE views = 8 mean_abs_feat_delta = 0.341683\n"}
,{"stream_name":"stdout","time":553.796960078,"data":"SECONDARY_EDGE_TTA_ACTIVE views = 8 weight = 0.75 mean_abs_feat_delta = 0.325788\n"}
,{"stream_name":"stdout","time":553.800747938,"data":"BIOHUB_RETENTION_GUARD {\"blended_candidates\": 124, \"dataset\": \"44b6_0b24845f\", \"frame\": 96, \"minimum_retention\": 0.9, \"primary_candidates\": 273, \"retention\": 0.4542124542124542, \"use_primary\": true}\n"}
,{"stream_name":"stdout","time":554.33840224,"data":"SECONDARY_EDGE_TTA_ACTIVE views = 8 weight = 0.75 mean_abs_feat_delta = 0.25428\n"}
,{"stream_name":"stdout","time":554.924455528,"data":"EDGE_TTA_ACTIVE views = 8 mean_abs_feat_delta = 0.354717\n"}
,{"stream_name":"stdout","time":555.931454033,"data":"SECONDARY_EDGE_TTA_ACTIVE views = 8 weight = 0.75 mean_abs_feat_delta = 0.328691\n"}
,{"stream_name":"stdout","time":555.934611003,"data":"BIOHUB_RETENTION_GUARD {\"blended_candidates\": 181, \"dataset\": \"44b6_0b24845f\", \"frame\": 97, \"minimum_retention\": 0.9, \"primary_candidates\": 328, \"retention\": 0.551829268292683, \"use_primary\": true}\n"}
,{"stream_name":"stdout","time":557.172941011,"data":"EDGE_TTA_ACTIVE views = 8 mean_abs_feat_delta = 0.362901\n"}
,{"stream_name":"stdout","time":558.179202253,"data":"SECONDARY_EDGE_TTA_ACTIVE views = 8 weight = 0.75 mean_abs_feat_delta = 0.327921\n"}
,{"stream_name":"stdout","time":558.184180043,"data":"BIOHUB_RETENTION_GUARD {\"blended_candidates\": 153, \"dataset\": \"44b6_0b24845f\", \"frame\": 98, \"minimum_retention\": 0.9, \"primary_candidates\": 295, \"retention\": 0.5186440677966102, \"use_primary\": true}\n"}
,{"stream_name":"stdout","time":559.36488741,"data":"EDGE_TTA_ACTIVE views = 8 mean_abs_feat_delta = 0.362405\n"}
,{"stream_name":"stdout","time":560.368285525,"data":"SECONDARY_EDGE_TTA_ACTIVE views = 8 weight = 0.75 mean_abs_feat_delta = 0.328126\n"}
,{"stream_name":"stdout","time":560.372669298,"data":"BIOHUB_RETENTION_GUARD {\"blended_candidates\": 111, \"dataset\": \"44b6_0b24845f\", \"frame\": 99, \"minimum_retention\": 0.9, \"primary_candidates\": 224, \"retention\": 0.4955357142857143, \"use_primary\": true}\n"}
,{"stream_name":"stdout","time":581.858658885,"data":"EDGE_TTA_ACTIVE views = 8 mean_abs_feat_delta = 0.336457\n"}
,{"stream_name":"stdout","time":582.871328886,"data":"SECONDARY_EDGE_TTA_ACTIVE views = 8 weight = 0.75 mean_abs_feat_delta = 0.229228\n"}
,{"stream_name":"stdout","time":583.655008334,"data":"EDGE_TTA_ACTIVE views = 8 mean_abs_feat_delta = 0.353265\n"}
,{"stream_name":"stdout","time":584.193884462,"data":"EDGE_TTA_ACTIVE views = 8 mean_abs_feat_delta = 0.33652\n"}
,{"stream_name":"stdout","time":584.622179786,"data":"SECONDARY_EDGE_TTA_ACTIVE views = 8 weight = 0.75 mean_abs_feat_delta = 0.229197\n"}
,{"stream_name":"stdout","time":585.186094197,"data":"SECONDARY_EDGE_TTA_ACTIVE views = 8 weight = 0.75 mean_abs_feat_delta = 0.231364\n"}
,{"stream_name":"stdout","time":585.67894057,"data":"EDGE_TTA_ACTIVE views = 8 mean_abs_feat_delta = 0.356556\n"}
,{"stream_name":"stdout","time":586.589516722,"data":"EDGE_TTA_ACTIVE views = 8 mean_abs_feat_delta = 0.334504\n"}
,{"stream_name":"stdout","time":586.640212186,"data":"SECONDARY_EDGE_TTA_ACTIVE views = 8 weight = 0.75 mean_abs_feat_delta = 0.228531\n"}
,{"stream_name":"stdout","time":587.584697061,"data":"SECONDARY_EDGE_TTA_ACTIVE views = 8 weight = 0.75 mean_abs_feat_delta = 0.231505\n"}
,{"stream_name":"stdout","time":587.712599294,"data":"EDGE_TTA_ACTIVE views = 8 mean_abs_feat_delta = 0.359353\n"}
,{"stream_name":"stdout","time":588.67627696,"data":"SECONDARY_EDGE_TTA_ACTIVE views = 8 weight = 0.75 mean_abs_feat_delta = 0.232233\n"}
,{"stream_name":"stdout","time":588.940128761,"data":"EDGE_TTA_ACTIVE views = 8 mean_abs_feat_delta = 0.331503\n"}
,{"stream_name":"stdout","time":589.713418619,"data":"EDGE_TTA_ACTIVE views = 8 mean_abs_feat_delta = 0.361838\n"}
,{"stream_name":"stdout","time":589.942855726,"data":"SECONDARY_EDGE_TTA_ACTIVE views = 8 weight = 0.75 mean_abs_feat_delta = 0.233103\n"}
,{"stream_name":"stdout","time":590.683637901,"data":"SECONDARY_EDGE_TTA_ACTIVE views = 8 weight = 0.75 mean_abs_feat_delta = 0.231136\n"}
,{"stream_name":"stdout","time":591.306809305,"data":"EDGE_TTA_ACTIVE views = 8 mean_abs_feat_delta = 0.334571\n"}
,{"stream_name":"stdout","time":591.721543394,"data":"EDGE_TTA_ACTIVE views = 8 mean_abs_feat_delta = 0.349332\n"}
,{"stream_name":"stdout","time":592.31715492,"data":"SECONDARY_EDGE_TTA_ACTIVE views = 8 weight = 0.75 mean_abs_feat_delta = 0.230713\n"}
,{"stream_name":"stdout","time":592.69477274,"data":"SECONDARY_EDGE_TTA_ACTIVE views = 8 weight = 0.75 mean_abs_feat_delta = 0.237962\n"}
,{"stream_name":"stdout","time":593.656979085,"data":"EDGE_TTA_ACTIVE views = 8 mean_abs_feat_delta = 0.333844\n"}
,{"stream_name":"stdout","time":593.766578502,"data":"EDGE_TTA_ACTIVE views = 8 mean_abs_feat_delta = 0.36765\n"}
,{"stream_name":"stdout","time":594.670038669,"data":"SECONDARY_EDGE_TTA_ACTIVE views = 8 weight = 0.75 mean_abs_feat_delta = 0.228063\n"}
,{"stream_name":"stdout","time":594.741233773,"data":"SECONDARY_EDGE_TTA_ACTIVE views = 8 weight = 0.75 mean_abs_feat_delta = 0.23324\n"}
,{"stream_name":"stdout","time":595.79486531,"data":"EDGE_TTA_ACTIVE views = 8 mean_abs_feat_delta = 0.37095\n"}
,{"stream_name":"stdout","time":596.031897251,"data":"EDGE_TTA_ACTIVE views = 8 mean_abs_feat_delta = 0.333957\n"}
,{"stream_name":"stdout","time":596.790871228,"data":"SECONDARY_EDGE_TTA_ACTIVE views = 8 weight = 0.75 mean_abs_feat_delta = 0.233703\n"}
,{"stream_name":"stdout","time":597.05037552,"data":"SECONDARY_EDGE_TTA_ACTIVE views = 8 weight = 0.75 mean_abs_feat_delta = 0.23148\n"}
,{"stream_name":"stdout","time":597.843428155,"data":"EDGE_TTA_ACTIVE views = 8 mean_abs_feat_delta = 0.362298\n"}
,{"stream_name":"stdout","time":598.413169907,"data":"EDGE_TTA_ACTIVE views = 8 mean_abs_feat_delta = 0.333005\n"}
,{"stream_name":"stdout","time":598.825413697,"data":"SECONDARY_EDGE_TTA_ACTIVE views = 8 weight = 0.75 mean_abs_feat_delta = 0.23047\n"}
,{"stream_name":"stdout","time":599.43364214,"data":"SECONDARY_EDGE_TTA_ACTIVE views = 8 weight = 0.75 mean_abs_feat_delta = 0.226861\n"}
,{"stream_name":"stdout","time":599.880392163,"data":"EDGE_TTA_ACTIVE views = 8 mean_abs_feat_delta = 0.357762\n"}
,{"stream_name":"stdout","time":600.802829245,"data":"EDGE_TTA_ACTIVE views = 8 mean_abs_feat_delta = 0.335609\n"}
,{"stream_name":"stdout","time":600.87162233,"data":"SECONDARY_EDGE_TTA_ACTIVE views = 8 weight = 0.75 mean_abs_feat_delta = 0.222866\n"}
,{"stream_name":"stdout","time":601.845114626,"data":"SECONDARY_EDGE_TTA_ACTIVE views = 8 weight = 0.75 mean_abs_feat_delta = 0.226753\n"}
,{"stream_name":"stdout","time":601.977686504,"data":"EDGE_TTA_ACTIVE views = 8 mean_abs_feat_delta = 0.360193\n"}
,{"stream_name":"stdout","time":602.974621424,"data":"SECONDARY_EDGE_TTA_ACTIVE views = 8 weight = 0.75 mean_abs_feat_delta = 0.223297\n"}
,{"stream_name":"stdout","time":603.216736697,"data":"EDGE_TTA_ACTIVE views = 8 mean_abs_feat_delta = 0.338411\n"}
,{"stream_name":"stdout","time":604.050378507,"data":"EDGE_TTA_ACTIVE views = 8 mean_abs_feat_delta = 0.35856\n"}
,{"stream_name":"stdout","time":604.249612953,"data":"SECONDARY_EDGE_TTA_ACTIVE views = 8 weight = 0.75 mean_abs_feat_delta = 0.229067\n"}
,{"stream_name":"stdout","time":605.052834717,"data":"SECONDARY_EDGE_TTA_ACTIVE views = 8 weight = 0.75 mean_abs_feat_delta = 0.226482\n"}
,{"stream_name":"stdout","time":605.659513805,"data":"EDGE_TTA_ACTIVE views = 8 mean_abs_feat_delta = 0.33357\n"}
,{"stream_name":"stdout","time":606.168359466,"data":"EDGE_TTA_ACTIVE views = 8 mean_abs_feat_delta = 0.365065\n"}
,{"stream_name":"stdout","time":606.695010786,"data":"SECONDARY_EDGE_TTA_ACTIVE views = 8 weight = 0.75 mean_abs_feat_delta = 0.224805\n"}
,{"stream_name":"stdout","time":607.175721062,"data":"SECONDARY_EDGE_TTA_ACTIVE views = 8 weight = 0.75 mean_abs_feat_delta = 0.229453\n"}
,{"stream_name":"stdout","time":608.075630552,"data":"EDGE_TTA_ACTIVE views = 8 mean_abs_feat_delta = 0.328392\n"}
,{"stream_name":"stdout","time":608.251237907,"data":"EDGE_TTA_ACTIVE views = 8 mean_abs_feat_delta = 0.353373\n"}
,{"stream_name":"stdout","time":609.11490342,"data":"SECONDARY_EDGE_TTA_ACTIVE views = 8 weight = 0.75 mean_abs_feat_delta = 0.22475\n"}
,{"stream_name":"stdout","time":609.255685065,"data":"SECONDARY_EDGE_TTA_ACTIVE views = 8 weight = 0.75 mean_abs_feat_delta = 0.233899\n"}
,{"stream_name":"stdout","time":610.345507035,"data":"EDGE_TTA_ACTIVE views = 8 mean_abs_feat_delta = 0.366767\n"}
,{"stream_name":"stdout","time":610.555013099,"data":"EDGE_TTA_ACTIVE views = 8 mean_abs_feat_delta = 0.329088\n"}
,{"stream_name":"stdout","time":611.359609673,"data":"SECONDARY_EDGE_TTA_ACTIVE views = 8 weight = 0.75 mean_abs_feat_delta = 0.228562\n"}
,{"stream_name":"stdout","time":611.600832296,"data":"SECONDARY_EDGE_TTA_ACTIVE views = 8 weight = 0.75 mean_abs_feat_delta = 0.223629\n"}
,{"stream_name":"stdout","time":612.470663205,"data":"EDGE_TTA_ACTIVE views = 8 mean_abs_feat_delta = 0.360859\n"}
,{"stream_name":"stdout","time":613.102711024,"data":"EDGE_TTA_ACTIVE views = 8 mean_abs_feat_delta = 0.331454\n"}
,{"stream_name":"stdout","time":613.483324398,"data":"SECONDARY_EDGE_TTA_ACTIVE views = 8 weight = 0.75 mean_abs_feat_delta = 0.229373\n"}
,{"stream_name":"stdout","time":614.109366622,"data":"SECONDARY_EDGE_TTA_ACTIVE views = 8 weight = 0.75 mean_abs_feat_delta = 0.221381\n"}
,{"stream_name":"stdout","time":614.570648866,"data":"EDGE_TTA_ACTIVE views = 8 mean_abs_feat_delta = 0.358711\n"}
,{"stream_name":"stdout","time":615.523930967,"data":"EDGE_TTA_ACTIVE views = 8 mean_abs_feat_delta = 0.332081\n"}
,{"stream_name":"stdout","time":615.585055984,"data":"SECONDARY_EDGE_TTA_ACTIVE views = 8 weight = 0.75 mean_abs_feat_delta = 0.228983\n"}
,{"stream_name":"stdout","time":616.570823321,"data":"SECONDARY_EDGE_TTA_ACTIVE views = 8 weight = 0.75 mean_abs_feat_delta = 0.220825\n"}
,{"stream_name":"stdout","time":616.695149895,"data":"EDGE_TTA_ACTIVE views = 8 mean_abs_feat_delta = 0.357908\n"}
,{"stream_name":"stdout","time":617.710304597,"data":"SECONDARY_EDGE_TTA_ACTIVE views = 8 weight = 0.75 mean_abs_feat_delta = 0.22723\n"}
,{"stream_name":"stdout","time":617.983866947,"data":"EDGE_TTA_ACTIVE views = 8 mean_abs_feat_delta = 0.331331\n"}
,{"stream_name":"stdout","time":618.784664613,"data":"EDGE_TTA_ACTIVE views = 8 mean_abs_feat_delta = 0.36076\n"}
,{"stream_name":"stdout","time":619.027773064,"data":"SECONDARY_EDGE_TTA_ACTIVE views = 8 weight = 0.75 mean_abs_feat_delta = 0.220942\n"}
,{"stream_name":"stdout","time":619.795553706,"data":"SECONDARY_EDGE_TTA_ACTIVE views = 8 weight = 0.75 mean_abs_feat_delta = 0.227184\n"}
,{"stream_name":"stdout","time":620.416013782,"data":"EDGE_TTA_ACTIVE views = 8 mean_abs_feat_delta = 0.331316\n"}
,{"stream_name":"stdout","time":620.876325203,"data":"EDGE_TTA_ACTIVE views = 8 mean_abs_feat_delta = 0.363026\n"}
,{"stream_name":"stdout","time":621.452620122,"data":"SECONDARY_EDGE_TTA_ACTIVE views = 8 weight = 0.75 mean_abs_feat_delta = 0.220064\n"}
,{"stream_name":"stdout","time":621.886417943,"data":"SECONDARY_EDGE_TTA_ACTIVE views = 8 weight = 0.75 mean_abs_feat_delta = 0.228674\n"}
,{"stream_name":"stdout","time":622.84721028,"data":"EDGE_TTA_ACTIVE views = 8 mean_abs_feat_delta = 0.331281\n"}
,{"stream_name":"stdout","time":622.964632566,"data":"EDGE_TTA_ACTIVE views = 8 mean_abs_feat_delta = 0.36528\n"}
,{"stream_name":"stdout","time":623.880619038,"data":"SECONDARY_EDGE_TTA_ACTIVE views = 8 weight = 0.75 mean_abs_feat_delta = 0.219385\n"}
,{"stream_name":"stdout","time":623.970026539,"data":"SECONDARY_EDGE_TTA_ACTIVE views = 8 weight = 0.75 mean_abs_feat_delta = 0.22969\n"}
,{"stream_name":"stdout","time":625.03981118,"data":"EDGE_TTA_ACTIVE views = 8 mean_abs_feat_delta = 0.365255\n"}
,{"stream_name":"stdout","time":625.270810106,"data":"EDGE_TTA_ACTIVE views = 8 mean_abs_feat_delta = 0.332495\n"}
,{"stream_name":"stdout","time":626.040726156,"data":"SECONDARY_EDGE_TTA_ACTIVE views = 8 weight = 0.75 mean_abs_feat_delta = 0.227887\n"}
,{"stream_name":"stdout","time":626.298930764,"data":"SECONDARY_EDGE_TTA_ACTIVE views = 8 weight = 0.75 mean_abs_feat_delta = 0.221891\n"}
,{"stream_name":"stdout","time":627.159917102,"data":"EDGE_TTA_ACTIVE views = 8 mean_abs_feat_delta = 0.364292\n"}
,{"stream_name":"stdout","time":627.71380304,"data":"EDGE_TTA_ACTIVE views = 8 mean_abs_feat_delta = 0.326164\n"}
,{"stream_name":"stdout","time":628.156401152,"data":"SECONDARY_EDGE_TTA_ACTIVE views = 8 weight = 0.75 mean_abs_feat_delta = 0.229597\n"}
,{"stream_name":"stdout","time":628.733907851,"data":"SECONDARY_EDGE_TTA_ACTIVE views = 8 weight = 0.75 mean_abs_feat_delta = 0.22287\n"}
,{"stream_name":"stdout","time":629.271857629,"data":"EDGE_TTA_ACTIVE views = 8 mean_abs_feat_delta = 0.369457\n"}
,{"stream_name":"stdout","time":630.107054318,"data":"EDGE_TTA_ACTIVE views = 8 mean_abs_feat_delta = 0.3318\n"}
,{"stream_name":"stdout","time":630.263983832,"data":"SECONDARY_EDGE_TTA_ACTIVE views = 8 weight = 0.75 mean_abs_feat_delta = 0.229355\n"}
,{"stream_name":"stdout","time":631.122991516,"data":"SECONDARY_EDGE_TTA_ACTIVE views = 8 weight = 0.75 mean_abs_feat_delta = 0.226905\n"}
,{"stream_name":"stdout","time":631.353047637,"data":"EDGE_TTA_ACTIVE views = 8 mean_abs_feat_delta = 0.366989\n"}
,{"stream_name":"stdout","time":632.344806207,"data":"SECONDARY_EDGE_TTA_ACTIVE views = 8 weight = 0.75 mean_abs_feat_delta = 0.228164\n"}
,{"stream_name":"stdout","time":632.494970119,"data":"EDGE_TTA_ACTIVE views = 8 mean_abs_feat_delta = 0.332454\n"}
,{"stream_name":"stdout","time":633.399104702,"data":"EDGE_TTA_ACTIVE views = 8 mean_abs_feat_delta = 0.364738\n"}
,{"stream_name":"stdout","time":633.507744377,"data":"SECONDARY_EDGE_TTA_ACTIVE views = 8 weight = 0.75 mean_abs_feat_delta = 0.227329\n"}
,{"stream_name":"stdout","time":634.385427717,"data":"SECONDARY_EDGE_TTA_ACTIVE views = 8 weight = 0.75 mean_abs_feat_delta = 0.230204\n"}
,{"stream_name":"stdout","time":634.889273343,"data":"EDGE_TTA_ACTIVE views = 8 mean_abs_feat_delta = 0.329795\n"}
,{"stream_name":"stdout","time":635.429944779,"data":"EDGE_TTA_ACTIVE views = 8 mean_abs_feat_delta = 0.368159\n"}
,{"stream_name":"stdout","time":635.896154424,"data":"SECONDARY_EDGE_TTA_ACTIVE views = 8 weight = 0.75 mean_abs_feat_delta = 0.227094\n"}
,{"stream_name":"stdout","time":636.415121701,"data":"SECONDARY_EDGE_TTA_ACTIVE views = 8 weight = 0.75 mean_abs_feat_delta = 0.229792\n"}
,{"stream_name":"stdout","time":637.28438516,"data":"EDGE_TTA_ACTIVE views = 8 mean_abs_feat_delta = 0.330008\n"}
,{"stream_name":"stdout","time":637.491860386,"data":"EDGE_TTA_ACTIVE views = 8 mean_abs_feat_delta = 0.370711\n"}
,{"stream_name":"stdout","time":638.28456309,"data":"SECONDARY_EDGE_TTA_ACTIVE views = 8 weight = 0.75 mean_abs_feat_delta = 0.228038\n"}
,{"stream_name":"stdout","time":638.468176465,"data":"SECONDARY_EDGE_TTA_ACTIVE views = 8 weight = 0.75 mean_abs_feat_delta = 0.231598\n"}
,{"stream_name":"stdout","time":639.514946874,"data":"EDGE_TTA_ACTIVE views = 8 mean_abs_feat_delta = 0.360618\n"}
,{"stream_name":"stdout","time":639.690312806,"data":"EDGE_TTA_ACTIVE views = 8 mean_abs_feat_delta = 0.327924\n"}
,{"stream_name":"stdout","time":640.490476025,"data":"SECONDARY_EDGE_TTA_ACTIVE views = 8 weight = 0.75 mean_abs_feat_delta = 0.237748\n"}
,{"stream_name":"stdout","time":640.692848266,"data":"SECONDARY_EDGE_TTA_ACTIVE views = 8 weight = 0.75 mean_abs_feat_delta = 0.226869\n"}
,{"stream_name":"stdout","time":641.543460309,"data":"EDGE_TTA_ACTIVE views = 8 mean_abs_feat_delta = 0.372812\n"}
,{"stream_name":"stdout","time":642.098639968,"data":"EDGE_TTA_ACTIVE views = 8 mean_abs_feat_delta = 0.324294\n"}
,{"stream_name":"stdout","time":642.514543968,"data":"SECONDARY_EDGE_TTA_ACTIVE views = 8 weight = 0.75 mean_abs_feat_delta = 0.229174\n"}
,{"stream_name":"stdout","time":643.099079248,"data":"SECONDARY_EDGE_TTA_ACTIVE views = 8 weight = 0.75 mean_abs_feat_delta = 0.219975\n"}
,{"stream_name":"stdout","time":643.609846786,"data":"EDGE_TTA_ACTIVE views = 8 mean_abs_feat_delta = 0.374406\n"}
,{"stream_name":"stdout","time":644.476638597,"data":"EDGE_TTA_ACTIVE views = 8 mean_abs_feat_delta = 0.329966\n"}
,{"stream_name":"stdout","time":644.538366148,"data":"SECONDARY_EDGE_TTA_ACTIVE views = 8 weight = 0.75 mean_abs_feat_delta = 0.23239\n"}
,{"stream_name":"stdout","time":645.473617224,"data":"SECONDARY_EDGE_TTA_ACTIVE views = 8 weight = 0.75 mean_abs_feat_delta = 0.22725\n"}
,{"stream_name":"stdout","time":645.631133029,"data":"EDGE_TTA_ACTIVE views = 8 mean_abs_feat_delta = 0.3777\n"}
,{"stream_name":"stdout","time":646.603533395,"data":"SECONDARY_EDGE_TTA_ACTIVE views = 8 weight = 0.75 mean_abs_feat_delta = 0.233543\n"}
,{"stream_name":"stdout","time":646.856125458,"data":"EDGE_TTA_ACTIVE views = 8 mean_abs_feat_delta = 0.322964\n"}
,{"stream_name":"stdout","time":647.67570295,"data":"EDGE_TTA_ACTIVE views = 8 mean_abs_feat_delta = 0.376339\n"}
,{"stream_name":"stdout","time":647.850031125,"data":"SECONDARY_EDGE_TTA_ACTIVE views = 8 weight = 0.75 mean_abs_feat_delta = 0.225732\n"}
,{"stream_name":"stdout","time":648.645862262,"data":"SECONDARY_EDGE_TTA_ACTIVE views = 8 weight = 0.75 mean_abs_feat_delta = 0.230711\n"}
,{"stream_name":"stdout","time":649.193311045,"data":"EDGE_TTA_ACTIVE views = 8 mean_abs_feat_delta = 0.329623\n"}
,{"stream_name":"stdout","time":649.714126221,"data":"EDGE_TTA_ACTIVE views = 8 mean_abs_feat_delta = 0.369146\n"}
,{"stream_name":"stdout","time":650.181889314,"data":"SECONDARY_EDGE_TTA_ACTIVE views = 8 weight = 0.75 mean_abs_feat_delta = 0.229625\n"}
,{"stream_name":"stdout","time":650.686980777,"data":"SECONDARY_EDGE_TTA_ACTIVE views = 8 weight = 0.75 mean_abs_feat_delta = 0.230076\n"}
,{"stream_name":"stdout","time":651.521612808,"data":"EDGE_TTA_ACTIVE views = 8 mean_abs_feat_delta = 0.33189\n"}
,{"stream_name":"stdout","time":651.726103403,"data":"EDGE_TTA_ACTIVE views = 8 mean_abs_feat_delta = 0.367025\n"}
,{"stream_name":"stdout","time":652.512915688,"data":"SECONDARY_EDGE_TTA_ACTIVE views = 8 weight = 0.75 mean_abs_feat_delta = 0.229021\n"}
,{"stream_name":"stdout","time":652.697409232,"data":"SECONDARY_EDGE_TTA_ACTIVE views = 8 weight = 0.75 mean_abs_feat_delta = 0.23\n"}
,{"stream_name":"stdout","time":653.76487874,"data":"EDGE_TTA_ACTIVE views = 8 mean_abs_feat_delta = 0.371094\n"}
,{"stream_name":"stdout","time":653.870366822,"data":"EDGE_TTA_ACTIVE views = 8 mean_abs_feat_delta = 0.328077\n"}
,{"stream_name":"stdout","time":654.736178861,"data":"SECONDARY_EDGE_TTA_ACTIVE views = 8 weight = 0.75 mean_abs_feat_delta = 0.231427\n"}
,{"stream_name":"stdout","time":654.860384242,"data":"SECONDARY_EDGE_TTA_ACTIVE views = 8 weight = 0.75 mean_abs_feat_delta = 0.229917\n"}
,{"stream_name":"stdout","time":655.77652851,"data":"EDGE_TTA_ACTIVE views = 8 mean_abs_feat_delta = 0.375255\n"}
,{"stream_name":"stdout","time":656.199898469,"data":"EDGE_TTA_ACTIVE views = 8 mean_abs_feat_delta = 0.330658\n"}
,{"stream_name":"stdout","time":656.749395742,"data":"SECONDARY_EDGE_TTA_ACTIVE views = 8 weight = 0.75 mean_abs_feat_delta = 0.229981\n"}
,{"stream_name":"stdout","time":657.191275242,"data":"SECONDARY_EDGE_TTA_ACTIVE views = 8 weight = 0.75 mean_abs_feat_delta = 0.232737\n"}
,{"stream_name":"stdout","time":657.794063568,"data":"EDGE_TTA_ACTIVE views = 8 mean_abs_feat_delta = 0.373994\n"}
,{"stream_name":"stdout","time":658.550015823,"data":"EDGE_TTA_ACTIVE views = 8 mean_abs_feat_delta = 0.330195\n"}
,{"stream_name":"stdout","time":658.767941712,"data":"SECONDARY_EDGE_TTA_ACTIVE views = 8 weight = 0.75 mean_abs_feat_delta = 0.229437\n"}
,{"stream_name":"stdout","time":659.533551263,"data":"SECONDARY_EDGE_TTA_ACTIVE views = 8 weight = 0.75 mean_abs_feat_delta = 0.227525\n"}
,{"stream_name":"stdout","time":659.82901925,"data":"EDGE_TTA_ACTIVE views = 8 mean_abs_feat_delta = 0.366011\n"}
,{"stream_name":"stdout","time":660.80193491,"data":"SECONDARY_EDGE_TTA_ACTIVE views = 8 weight = 0.75 mean_abs_feat_delta = 0.229485\n"}
,{"stream_name":"stdout","time":660.902221011,"data":"EDGE_TTA_ACTIVE views = 8 mean_abs_feat_delta = 0.332086\n"}
,{"stream_name":"stdout","time":661.858551274,"data":"EDGE_TTA_ACTIVE views = 8 mean_abs_feat_delta = 0.364698\n"}
,{"stream_name":"stdout","time":661.889150085,"data":"SECONDARY_EDGE_TTA_ACTIVE views = 8 weight = 0.75 mean_abs_feat_delta = 0.228923\n"}
,{"stream_name":"stdout","time":662.82762162,"data":"SECONDARY_EDGE_TTA_ACTIVE views = 8 weight = 0.75 mean_abs_feat_delta = 0.234306\n"}
,{"stream_name":"stdout","time":663.251510253,"data":"EDGE_TTA_ACTIVE views = 8 mean_abs_feat_delta = 0.334902\n"}
,{"stream_name":"stdout","time":663.878575306,"data":"EDGE_TTA_ACTIVE views = 8 mean_abs_feat_delta = 0.366732\n"}
,{"stream_name":"stdout","time":664.235278095,"data":"SECONDARY_EDGE_TTA_ACTIVE views = 8 weight = 0.75 mean_abs_feat_delta = 0.234703\n"}
,{"stream_name":"stdout","time":664.852147564,"data":"SECONDARY_EDGE_TTA_ACTIVE views = 8 weight = 0.75 mean_abs_feat_delta = 0.235733\n"}
,{"stream_name":"stdout","time":665.580694133,"data":"EDGE_TTA_ACTIVE views = 8 mean_abs_feat_delta = 0.331026\n"}
,{"stream_name":"stdout","time":665.883867583,"data":"EDGE_TTA_ACTIVE views = 8 mean_abs_feat_delta = 0.370041\n"}
,{"stream_name":"stdout","time":666.569363416,"data":"SECONDARY_EDGE_TTA_ACTIVE views = 8 weight = 0.75 mean_abs_feat_delta = 0.228868\n"}
,{"stream_name":"stdout","time":666.856214866,"data":"SECONDARY_EDGE_TTA_ACTIVE views = 8 weight = 0.75 mean_abs_feat_delta = 0.231775\n"}
,{"stream_name":"stdout","time":667.928537554,"data":"EDGE_TTA_ACTIVE views = 8 mean_abs_feat_delta = 0.367914\n"}
,{"stream_name":"stdout","time":667.931156175,"data":"EDGE_TTA_ACTIVE views = 8 mean_abs_feat_delta = 0.33352\n"}
,{"stream_name":"stdout","time":668.904065754,"data":"SECONDARY_EDGE_TTA_ACTIVE views = 8 weight = 0.75 mean_abs_feat_delta = 0.227854\n"}
,{"stream_name":"stdout","time":668.923012561,"data":"SECONDARY_EDGE_TTA_ACTIVE views = 8 weight = 0.75 mean_abs_feat_delta = 0.229406\n"}
,{"stream_name":"stdout","time":669.979368319,"data":"EDGE_TTA_ACTIVE views = 8 mean_abs_feat_delta = 0.352519\n"}
,{"stream_name":"stdout","time":670.266255202,"data":"EDGE_TTA_ACTIVE views = 8 mean_abs_feat_delta = 0.333668\n"}
,{"stream_name":"stdout","time":670.957847744,"data":"SECONDARY_EDGE_TTA_ACTIVE views = 8 weight = 0.75 mean_abs_feat_delta = 0.232249\n"}
,{"stream_name":"stdout","time":670.958209076,"data":"BIOHUB_RETENTION_GUARD {\"blended_candidates\": 66, \"dataset\": \"6bba_05b6850b\", \"frame\": 43, \"minimum_retention\": 0.9, \"primary_candidates\": 74, \"retention\": 0.8918918918918919, \"use_primary\": true}\n"}
,{"stream_name":"stdout","time":671.257826837,"data":"SECONDARY_EDGE_TTA_ACTIVE views = 8 weight = 0.75 mean_abs_feat_delta = 0.228734\n"}
,{"stream_name":"stdout","time":672.066067508,"data":"EDGE_TTA_ACTIVE views = 8 mean_abs_feat_delta = 0.36891\n"}
,{"stream_name":"stdout","time":672.638404909,"data":"EDGE_TTA_ACTIVE views = 8 mean_abs_feat_delta = 0.326117\n"}
,{"stream_name":"stdout","time":673.039432325,"data":"SECONDARY_EDGE_TTA_ACTIVE views = 8 weight = 0.75 mean_abs_feat_delta = 0.226463\n"}
,{"stream_name":"stdout","time":673.673153135,"data":"SECONDARY_EDGE_TTA_ACTIVE views = 8 weight = 0.75 mean_abs_feat_delta = 0.227258\n"}
,{"stream_name":"stdout","time":674.115859463,"data":"EDGE_TTA_ACTIVE views = 8 mean_abs_feat_delta = 0.372785\n"}
,{"stream_name":"stdout","time":674.953400865,"data":"EDGE_TTA_ACTIVE views = 8 mean_abs_feat_delta = 0.327201\n"}
,{"stream_name":"stdout","time":675.087652882,"data":"SECONDARY_EDGE_TTA_ACTIVE views = 8 weight = 0.75 mean_abs_feat_delta = 0.232529\n"}
,{"stream_name":"stdout","time":675.944848517,"data":"SECONDARY_EDGE_TTA_ACTIVE views = 8 weight = 0.75 mean_abs_feat_delta = 0.232919\n"}
,{"stream_name":"stdout","time":676.14367139,"data":"EDGE_TTA_ACTIVE views = 8 mean_abs_feat_delta = 0.372432\n"}
,{"stream_name":"stdout","time":677.11462053,"data":"SECONDARY_EDGE_TTA_ACTIVE views = 8 weight = 0.75 mean_abs_feat_delta = 0.234792\n"}
,{"stream_name":"stdout","time":677.353903929,"data":"EDGE_TTA_ACTIVE views = 8 mean_abs_feat_delta = 0.330095\n"}
,{"stream_name":"stdout","time":678.150734751,"data":"EDGE_TTA_ACTIVE views = 8 mean_abs_feat_delta = 0.371331\n"}
,{"stream_name":"stdout","time":678.348020478,"data":"SECONDARY_EDGE_TTA_ACTIVE views = 8 weight = 0.75 mean_abs_feat_delta = 0.237762\n"}
,{"stream_name":"stdout","time":679.12287436,"data":"SECONDARY_EDGE_TTA_ACTIVE views = 8 weight = 0.75 mean_abs_feat_delta = 0.233309\n"}
,{"stream_name":"stdout","time":679.68442121,"data":"EDGE_TTA_ACTIVE views = 8 mean_abs_feat_delta = 0.333419\n"}
,{"stream_name":"stdout","time":680.298988047,"data":"EDGE_TTA_ACTIVE views = 8 mean_abs_feat_delta = 0.369641\n"}
,{"stream_name":"stdout","time":680.679906072,"data":"SECONDARY_EDGE_TTA_ACTIVE views = 8 weight = 0.75 mean_abs_feat_delta = 0.238631\n"}
,{"stream_name":"stdout","time":681.271456823,"data":"SECONDARY_EDGE_TTA_ACTIVE views = 8 weight = 0.75 mean_abs_feat_delta = 0.231091\n"}
,{"stream_name":"stdout","time":682.099479258,"data":"EDGE_TTA_ACTIVE views = 8 mean_abs_feat_delta = 0.338616\n"}
,{"stream_name":"stdout","time":682.357837298,"data":"EDGE_TTA_ACTIVE views = 8 mean_abs_feat_delta = 0.371647\n"}
,{"stream_name":"stdout","time":683.096851402,"data":"SECONDARY_EDGE_TTA_ACTIVE views = 8 weight = 0.75 mean_abs_feat_delta = 0.236776\n"}
,{"stream_name":"stdout","time":683.338039216,"data":"SECONDARY_EDGE_TTA_ACTIVE views = 8 weight = 0.75 mean_abs_feat_delta = 0.231415\n"}
,{"stream_name":"stdout","time":684.456552498,"data":"EDGE_TTA_ACTIVE views = 8 mean_abs_feat_delta = 0.368025\n"}
,{"stream_name":"stdout","time":684.464408546,"data":"EDGE_TTA_ACTIVE views = 8 mean_abs_feat_delta = 0.335349\n"}
,{"stream_name":"stdout","time":685.431090106,"data":"SECONDARY_EDGE_TTA_ACTIVE views = 8 weight = 0.75 mean_abs_feat_delta = 0.232042\n"}
,{"stream_name":"stdout","time":685.464151598,"data":"SECONDARY_EDGE_TTA_ACTIVE views = 8 weight = 0.75 mean_abs_feat_delta = 0.233805\n"}
,{"stream_name":"stdout","time":686.505689198,"data":"EDGE_TTA_ACTIVE views = 8 mean_abs_feat_delta = 0.362922\n"}
,{"stream_name":"stdout","time":686.870692727,"data":"EDGE_TTA_ACTIVE views = 8 mean_abs_feat_delta = 0.337635\n"}
,{"stream_name":"stdout","time":687.481028844,"data":"SECONDARY_EDGE_TTA_ACTIVE views = 8 weight = 0.75 mean_abs_feat_delta = 0.232766\n"}
,{"stream_name":"stdout","time":687.870947804,"data":"SECONDARY_EDGE_TTA_ACTIVE views = 8 weight = 0.75 mean_abs_feat_delta = 0.2393\n"}
,{"stream_name":"stdout","time":688.529151407,"data":"EDGE_TTA_ACTIVE views = 8 mean_abs_feat_delta = 0.352705\n"}
,{"stream_name":"stdout","time":689.231279456,"data":"EDGE_TTA_ACTIVE views = 8 mean_abs_feat_delta = 0.336677\n"}
,{"stream_name":"stdout","time":689.508223589,"data":"SECONDARY_EDGE_TTA_ACTIVE views = 8 weight = 0.75 mean_abs_feat_delta = 0.235979\n"}
,{"stream_name":"stdout","time":690.234467077,"data":"SECONDARY_EDGE_TTA_ACTIVE views = 8 weight = 0.75 mean_abs_feat_delta = 0.241418\n"}
,{"stream_name":"stdout","time":690.581697478,"data":"EDGE_TTA_ACTIVE views = 8 mean_abs_feat_delta = 0.336896\n"}
,{"stream_name":"stdout","time":691.567589627,"data":"SECONDARY_EDGE_TTA_ACTIVE views = 8 weight = 0.75 mean_abs_feat_delta = 0.241376\n"}
,{"stream_name":"stdout","time":691.583165443,"data":"EDGE_TTA_ACTIVE views = 8 mean_abs_feat_delta = 0.334169\n"}
,{"stream_name":"stdout","time":692.588523824,"data":"SECONDARY_EDGE_TTA_ACTIVE views = 8 weight = 0.75 mean_abs_feat_delta = 0.240548\n"}
,{"stream_name":"stdout","time":692.611538964,"data":"EDGE_TTA_ACTIVE views = 8 mean_abs_feat_delta = 0.34476\n"}
,{"stream_name":"stdout","time":693.598161289,"data":"SECONDARY_EDGE_TTA_ACTIVE views = 8 weight = 0.75 mean_abs_feat_delta = 0.233304\n"}
,{"stream_name":"stdout","time":693.892818006,"data":"EDGE_TTA_ACTIVE views = 8 mean_abs_feat_delta = 0.334586\n"}
,{"stream_name":"stdout","time":694.677921699,"data":"EDGE_TTA_ACTIVE views = 8 mean_abs_feat_delta = 0.351291\n"}
,{"stream_name":"stdout","time":694.897706518,"data":"SECONDARY_EDGE_TTA_ACTIVE views = 8 weight = 0.75 mean_abs_feat_delta = 0.239217\n"}
,{"stream_name":"stdout","time":695.652743043,"data":"SECONDARY_EDGE_TTA_ACTIVE views = 8 weight = 0.75 mean_abs_feat_delta = 0.237349\n"}
,{"stream_name":"stdout","time":696.279112057,"data":"EDGE_TTA_ACTIVE views = 8 mean_abs_feat_delta = 0.333591\n"}
,{"stream_name":"stdout","time":696.705596008,"data":"EDGE_TTA_ACTIVE views = 8 mean_abs_feat_delta = 0.350787\n"}
,{"stream_name":"stdout","time":697.28510529,"data":"SECONDARY_EDGE_TTA_ACTIVE views = 8 weight = 0.75 mean_abs_feat_delta = 0.238117\n"}
,{"stream_name":"stdout","time":697.695210464,"data":"SECONDARY_EDGE_TTA_ACTIVE views = 8 weight = 0.75 mean_abs_feat_delta = 0.237192\n"}
,{"stream_name":"stdout","time":698.657152036,"data":"EDGE_TTA_ACTIVE views = 8 mean_abs_feat_delta = 0.333424\n"}
,{"stream_name":"stdout","time":698.752728629,"data":"EDGE_TTA_ACTIVE views = 8 mean_abs_feat_delta = 0.352459\n"}
,{"stream_name":"stdout","time":699.664873009,"data":"SECONDARY_EDGE_TTA_ACTIVE views = 8 weight = 0.75 mean_abs_feat_delta = 0.241111\n"}
,{"stream_name":"stdout","time":699.743701334,"data":"SECONDARY_EDGE_TTA_ACTIVE views = 8 weight = 0.75 mean_abs_feat_delta = 0.23579\n"}
,{"stream_name":"stdout","time":700.898230898,"data":"EDGE_TTA_ACTIVE views = 8 mean_abs_feat_delta = 0.343926\n"}
,{"stream_name":"stdout","time":701.078925559,"data":"EDGE_TTA_ACTIVE views = 8 mean_abs_feat_delta = 0.329672\n"}
,{"stream_name":"stdout","time":701.885591489,"data":"SECONDARY_EDGE_TTA_ACTIVE views = 8 weight = 0.75 mean_abs_feat_delta = 0.245733\n"}
,{"stream_name":"stdout","time":702.086856186,"data":"SECONDARY_EDGE_TTA_ACTIVE views = 8 weight = 0.75 mean_abs_feat_delta = 0.233408\n"}
,{"stream_name":"stdout","time":702.985012079,"data":"EDGE_TTA_ACTIVE views = 8 mean_abs_feat_delta = 0.361961\n"}
,{"stream_name":"stdout","time":703.449132747,"data":"EDGE_TTA_ACTIVE views = 8 mean_abs_feat_delta = 0.330847\n"}
,{"stream_name":"stdout","time":704.026310074,"data":"SECONDARY_EDGE_TTA_ACTIVE views = 8 weight = 0.75 mean_abs_feat_delta = 0.237609\n"}
,{"stream_name":"stdout","time":704.456226211,"data":"SECONDARY_EDGE_TTA_ACTIVE views = 8 weight = 0.75 mean_abs_feat_delta = 0.236893\n"}
,{"stream_name":"stdout","time":705.087158432,"data":"EDGE_TTA_ACTIVE views = 8 mean_abs_feat_delta = 0.359198\n"}
,{"stream_name":"stdout","time":705.848738764,"data":"EDGE_TTA_ACTIVE views = 8 mean_abs_feat_delta = 0.332545\n"}
,{"stream_name":"stdout","time":706.071660005,"data":"SECONDARY_EDGE_TTA_ACTIVE views = 8 weight = 0.75 mean_abs_feat_delta = 0.24975\n"}
,{"stream_name":"stdout","time":706.85774019,"data":"SECONDARY_EDGE_TTA_ACTIVE views = 8 weight = 0.75 mean_abs_feat_delta = 0.244446\n"}
,{"stream_name":"stdout","time":707.139945322,"data":"EDGE_TTA_ACTIVE views = 8 mean_abs_feat_delta = 0.364122\n"}
,{"stream_name":"stdout","time":708.130865239,"data":"SECONDARY_EDGE_TTA_ACTIVE views = 8 weight = 0.75 mean_abs_feat_delta = 0.23735\n"}
,{"stream_name":"stdout","time":708.253844094,"data":"EDGE_TTA_ACTIVE views = 8 mean_abs_feat_delta = 0.333406\n"}
,{"stream_name":"stdout","time":709.245926072,"data":"EDGE_TTA_ACTIVE views = 8 mean_abs_feat_delta = 0.357428\n"}
,{"stream_name":"stdout","time":709.262662768,"data":"SECONDARY_EDGE_TTA_ACTIVE views = 8 weight = 0.75 mean_abs_feat_delta = 0.249633\n"}
,{"stream_name":"stdout","time":710.236861447,"data":"SECONDARY_EDGE_TTA_ACTIVE views = 8 weight = 0.75 mean_abs_feat_delta = 0.239857\n"}
,{"stream_name":"stdout","time":710.603756516,"data":"EDGE_TTA_ACTIVE views = 8 mean_abs_feat_delta = 0.33416\n"}
,{"stream_name":"stdout","time":711.35347244,"data":"EDGE_TTA_ACTIVE views = 8 mean_abs_feat_delta = 0.343652\n"}
,{"stream_name":"stdout","time":711.609931839,"data":"SECONDARY_EDGE_TTA_ACTIVE views = 8 weight = 0.75 mean_abs_feat_delta = 0.246702\n"}
,{"stream_name":"stdout","time":712.338447397,"data":"SECONDARY_EDGE_TTA_ACTIVE views = 8 weight = 0.75 mean_abs_feat_delta = 0.246472\n"}
,{"stream_name":"stdout","time":712.964683819,"data":"EDGE_TTA_ACTIVE views = 8 mean_abs_feat_delta = 0.335015\n"}
,{"stream_name":"stdout","time":713.457707862,"data":"EDGE_TTA_ACTIVE views = 8 mean_abs_feat_delta = 0.355033\n"}
,{"stream_name":"stdout","time":713.969410035,"data":"SECONDARY_EDGE_TTA_ACTIVE views = 8 weight = 0.75 mean_abs_feat_delta = 0.239557\n"}
,{"stream_name":"stdout","time":714.439035443,"data":"SECONDARY_EDGE_TTA_ACTIVE views = 8 weight = 0.75 mean_abs_feat_delta = 0.23837\n"}
,{"stream_name":"stdout","time":715.3378621,"data":"EDGE_TTA_ACTIVE views = 8 mean_abs_feat_delta = 0.342511\n"}
,{"stream_name":"stdout","time":715.531430637,"data":"EDGE_TTA_ACTIVE views = 8 mean_abs_feat_delta = 0.351347\n"}
,{"stream_name":"stdout","time":716.344680748,"data":"SECONDARY_EDGE_TTA_ACTIVE views = 8 weight = 0.75 mean_abs_feat_delta = 0.238104\n"}
,{"stream_name":"stdout","time":716.517883437,"data":"SECONDARY_EDGE_TTA_ACTIVE views = 8 weight = 0.75 mean_abs_feat_delta = 0.23794\n"}
,{"stream_name":"stdout","time":717.612742346,"data":"EDGE_TTA_ACTIVE views = 8 mean_abs_feat_delta = 0.353252\n"}
,{"stream_name":"stdout","time":717.691595285,"data":"EDGE_TTA_ACTIVE views = 8 mean_abs_feat_delta = 0.342159\n"}
,{"stream_name":"stdout","time":718.597756591,"data":"SECONDARY_EDGE_TTA_ACTIVE views = 8 weight = 0.75 mean_abs_feat_delta = 0.237401\n"}
,{"stream_name":"stdout","time":718.695560499,"data":"SECONDARY_EDGE_TTA_ACTIVE views = 8 weight = 0.75 mean_abs_feat_delta = 0.239919\n"}
,{"stream_name":"stdout","time":719.699965172,"data":"EDGE_TTA_ACTIVE views = 8 mean_abs_feat_delta = 0.33905\n"}
,{"stream_name":"stdout","time":720.026536091,"data":"EDGE_TTA_ACTIVE views = 8 mean_abs_feat_delta = 0.340811\n"}
,{"stream_name":"stdout","time":720.678220931,"data":"SECONDARY_EDGE_TTA_ACTIVE views = 8 weight = 0.75 mean_abs_feat_delta = 0.245673\n"}
,{"stream_name":"stdout","time":721.0305667,"data":"SECONDARY_EDGE_TTA_ACTIVE views = 8 weight = 0.75 mean_abs_feat_delta = 0.238456\n"}
,{"stream_name":"stdout","time":721.767111569,"data":"EDGE_TTA_ACTIVE views = 8 mean_abs_feat_delta = 0.354422\n"}
,{"stream_name":"stdout","time":722.388480829,"data":"EDGE_TTA_ACTIVE views = 8 mean_abs_feat_delta = 0.349582\n"}
,{"stream_name":"stdout","time":722.740113013,"data":"SECONDARY_EDGE_TTA_ACTIVE views = 8 weight = 0.75 mean_abs_feat_delta = 0.235875\n"}
,{"stream_name":"stdout","time":723.391242896,"data":"SECONDARY_EDGE_TTA_ACTIVE views = 8 weight = 0.75 mean_abs_feat_delta = 0.237938\n"}
,{"stream_name":"stdout","time":723.871052808,"data":"EDGE_TTA_ACTIVE views = 8 mean_abs_feat_delta = 0.359708\n"}
,{"stream_name":"stdout","time":724.806008988,"data":"EDGE_TTA_ACTIVE views = 8 mean_abs_feat_delta = 0.350508\n"}
,{"stream_name":"stdout","time":724.847010343,"data":"SECONDARY_EDGE_TTA_ACTIVE views = 8 weight = 0.75 mean_abs_feat_delta = 0.241531\n"}
,{"stream_name":"stdout","time":725.807854739,"data":"SECONDARY_EDGE_TTA_ACTIVE views = 8 weight = 0.75 mean_abs_feat_delta = 0.242027\n"}
,{"stream_name":"stdout","time":725.901035215,"data":"EDGE_TTA_ACTIVE views = 8 mean_abs_feat_delta = 0.359515\n"}
,{"stream_name":"stdout","time":726.87312596,"data":"SECONDARY_EDGE_TTA_ACTIVE views = 8 weight = 0.75 mean_abs_feat_delta = 0.238654\n"}
,{"stream_name":"stdout","time":727.122436511,"data":"EDGE_TTA_ACTIVE views = 8 mean_abs_feat_delta = 0.347721\n"}
,{"stream_name":"stdout","time":727.964051866,"data":"EDGE_TTA_ACTIVE views = 8 mean_abs_feat_delta = 0.356987\n"}
,{"stream_name":"stdout","time":728.121998663,"data":"SECONDARY_EDGE_TTA_ACTIVE views = 8 weight = 0.75 mean_abs_feat_delta = 0.244117\n"}
,{"stream_name":"stdout","time":728.939115004,"data":"SECONDARY_EDGE_TTA_ACTIVE views = 8 weight = 0.75 mean_abs_feat_delta = 0.235897\n"}
,{"stream_name":"stdout","time":729.49604041,"data":"EDGE_TTA_ACTIVE views = 8 mean_abs_feat_delta = 0.347752\n"}
,{"stream_name":"stdout","time":730.050911402,"data":"EDGE_TTA_ACTIVE views = 8 mean_abs_feat_delta = 0.358806\n"}
,{"stream_name":"stdout","time":730.496003275,"data":"SECONDARY_EDGE_TTA_ACTIVE views = 8 weight = 0.75 mean_abs_feat_delta = 0.243325\n"}
,{"stream_name":"stdout","time":731.027259568,"data":"SECONDARY_EDGE_TTA_ACTIVE views = 8 weight = 0.75 mean_abs_feat_delta = 0.232787\n"}
,{"stream_name":"stdout","time":731.931414531,"data":"EDGE_TTA_ACTIVE views = 8 mean_abs_feat_delta = 0.347648\n"}
,{"stream_name":"stdout","time":732.160443585,"data":"EDGE_TTA_ACTIVE views = 8 mean_abs_feat_delta = 0.360605\n"}
,{"stream_name":"stdout","time":732.933357794,"data":"SECONDARY_EDGE_TTA_ACTIVE views = 8 weight = 0.75 mean_abs_feat_delta = 0.244042\n"}
,{"stream_name":"stdout","time":733.136536084,"data":"SECONDARY_EDGE_TTA_ACTIVE views = 8 weight = 0.75 mean_abs_feat_delta = 0.235419\n"}
,{"stream_name":"stdout","time":734.312936929,"data":"EDGE_TTA_ACTIVE views = 8 mean_abs_feat_delta = 0.350568\n"}
,{"stream_name":"stdout","time":734.313107334,"data":"EDGE_TTA_ACTIVE views = 8 mean_abs_feat_delta = 0.35888\n"}
,{"stream_name":"stdout","time":735.244558073,"data":"SECONDARY_EDGE_TTA_ACTIVE views = 8 weight = 0.75 mean_abs_feat_delta = 0.232021\n"}
,{"stream_name":"stdout","time":735.254093446,"data":"SECONDARY_EDGE_TTA_ACTIVE views = 8 weight = 0.75 mean_abs_feat_delta = 0.24973\n"}
,{"stream_name":"stdout","time":736.356092974,"data":"EDGE_TTA_ACTIVE views = 8 mean_abs_feat_delta = 0.364525\n"}
,{"stream_name":"stdout","time":736.661946351,"data":"EDGE_TTA_ACTIVE views = 8 mean_abs_feat_delta = 0.339277\n"}
,{"stream_name":"stdout","time":737.334806494,"data":"SECONDARY_EDGE_TTA_ACTIVE views = 8 weight = 0.75 mean_abs_feat_delta = 0.235438\n"}
,{"stream_name":"stdout","time":737.659626675,"data":"SECONDARY_EDGE_TTA_ACTIVE views = 8 weight = 0.75 mean_abs_feat_delta = 0.239339\n"}
,{"stream_name":"stdout","time":738.388288485,"data":"EDGE_TTA_ACTIVE views = 8 mean_abs_feat_delta = 0.367055\n"}
,{"stream_name":"stdout","time":739.054777864,"data":"EDGE_TTA_ACTIVE views = 8 mean_abs_feat_delta = 0.341866\n"}
,{"stream_name":"stdout","time":739.36573124,"data":"SECONDARY_EDGE_TTA_ACTIVE views = 8 weight = 0.75 mean_abs_feat_delta = 0.238512\n"}
,{"stream_name":"stdout","time":740.050107498,"data":"SECONDARY_EDGE_TTA_ACTIVE views = 8 weight = 0.75 mean_abs_feat_delta = 0.244666\n"}
,{"stream_name":"stdout","time":740.479333375,"data":"EDGE_TTA_ACTIVE views = 8 mean_abs_feat_delta = 0.351417\n"}
,{"stream_name":"stdout","time":741.386699598,"data":"EDGE_TTA_ACTIVE views = 8 mean_abs_feat_delta = 0.344401\n"}
,{"stream_name":"stdout","time":741.452763186,"data":"SECONDARY_EDGE_TTA_ACTIVE views = 8 weight = 0.75 mean_abs_feat_delta = 0.246384\n"}
,{"stream_name":"stdout","time":742.385689051,"data":"SECONDARY_EDGE_TTA_ACTIVE views = 8 weight = 0.75 mean_abs_feat_delta = 0.244039\n"}
,{"stream_name":"stdout","time":742.549092131,"data":"EDGE_TTA_ACTIVE views = 8 mean_abs_feat_delta = 0.363487\n"}
,{"stream_name":"stdout","time":743.525792499,"data":"SECONDARY_EDGE_TTA_ACTIVE views = 8 weight = 0.75 mean_abs_feat_delta = 0.234938\n"}
,{"stream_name":"stdout","time":743.703855222,"data":"EDGE_TTA_ACTIVE views = 8 mean_abs_feat_delta = 0.341738\n"}
,{"stream_name":"stdout","time":744.618973096,"data":"EDGE_TTA_ACTIVE views = 8 mean_abs_feat_delta = 0.361591\n"}
,{"stream_name":"stdout","time":744.701854658,"data":"SECONDARY_EDGE_TTA_ACTIVE views = 8 weight = 0.75 mean_abs_feat_delta = 0.245322\n"}
,{"stream_name":"stdout","time":745.592268717,"data":"SECONDARY_EDGE_TTA_ACTIVE views = 8 weight = 0.75 mean_abs_feat_delta = 0.237752\n"}
,{"stream_name":"stdout","time":745.990066208,"data":"EDGE_TTA_ACTIVE views = 8 mean_abs_feat_delta = 0.339738\n"}
,{"stream_name":"stdout","time":746.646012162,"data":"EDGE_TTA_ACTIVE views = 8 mean_abs_feat_delta = 0.35878\n"}
,{"stream_name":"stdout","time":746.98847053,"data":"SECONDARY_EDGE_TTA_ACTIVE views = 8 weight = 0.75 mean_abs_feat_delta = 0.2464\n"}
,{"stream_name":"stdout","time":747.618949014,"data":"SECONDARY_EDGE_TTA_ACTIVE views = 8 weight = 0.75 mean_abs_feat_delta = 0.23573\n"}
,{"stream_name":"stdout","time":748.333661369,"data":"EDGE_TTA_ACTIVE views = 8 mean_abs_feat_delta = 0.336334\n"}
,{"stream_name":"stdout","time":748.734622653,"data":"EDGE_TTA_ACTIVE views = 8 mean_abs_feat_delta = 0.361252\n"}
,{"stream_name":"stdout","time":749.330846903,"data":"SECONDARY_EDGE_TTA_ACTIVE views = 8 weight = 0.75 mean_abs_feat_delta = 0.244837\n"}
,{"stream_name":"stdout","time":749.710055783,"data":"SECONDARY_EDGE_TTA_ACTIVE views = 8 weight = 0.75 mean_abs_feat_delta = 0.235636\n"}
,{"stream_name":"stdout","time":750.687523514,"data":"EDGE_TTA_ACTIVE views = 8 mean_abs_feat_delta = 0.336552\n"}
,{"stream_name":"stdout","time":750.763657261,"data":"EDGE_TTA_ACTIVE views = 8 mean_abs_feat_delta = 0.357825\n"}
,{"stream_name":"stdout","time":751.682211282,"data":"SECONDARY_EDGE_TTA_ACTIVE views = 8 weight = 0.75 mean_abs_feat_delta = 0.249715\n"}
,{"stream_name":"stdout","time":751.738467913,"data":"SECONDARY_EDGE_TTA_ACTIVE views = 8 weight = 0.75 mean_abs_feat_delta = 0.23299\n"}
,{"stream_name":"stdout","time":752.832497986,"data":"EDGE_TTA_ACTIVE views = 8 mean_abs_feat_delta = 0.356818\n"}
,{"stream_name":"stdout","time":752.971602979,"data":"EDGE_TTA_ACTIVE views = 8 mean_abs_feat_delta = 0.336751\n"}
,{"stream_name":"stdout","time":753.804537202,"data":"SECONDARY_EDGE_TTA_ACTIVE views = 8 weight = 0.75 mean_abs_feat_delta = 0.232458\n"}
,{"stream_name":"stdout","time":753.967767271,"data":"SECONDARY_EDGE_TTA_ACTIVE views = 8 weight = 0.75 mean_abs_feat_delta = 0.246366\n"}
,{"stream_name":"stdout","time":754.857679601,"data":"EDGE_TTA_ACTIVE views = 8 mean_abs_feat_delta = 0.358323\n"}
,{"stream_name":"stdout","time":755.251502581,"data":"EDGE_TTA_ACTIVE views = 8 mean_abs_feat_delta = 0.342229\n"}
,{"stream_name":"stdout","time":755.832094839,"data":"SECONDARY_EDGE_TTA_ACTIVE views = 8 weight = 0.75 mean_abs_feat_delta = 0.232166\n"}
,{"stream_name":"stdout","time":756.248508122,"data":"SECONDARY_EDGE_TTA_ACTIVE views = 8 weight = 0.75 mean_abs_feat_delta = 0.250553\n"}
,{"stream_name":"stdout","time":756.884564901,"data":"EDGE_TTA_ACTIVE views = 8 mean_abs_feat_delta = 0.352135\n"}
,{"stream_name":"stdout","time":757.577697032,"data":"EDGE_TTA_ACTIVE views = 8 mean_abs_feat_delta = 0.34433\n"}
,{"stream_name":"stdout","time":757.85875651,"data":"SECONDARY_EDGE_TTA_ACTIVE views = 8 weight = 0.75 mean_abs_feat_delta = 0.232609\n"}
,{"stream_name":"stdout","time":758.576619689,"data":"SECONDARY_EDGE_TTA_ACTIVE views = 8 weight = 0.75 mean_abs_feat_delta = 0.253052\n"}
,{"stream_name":"stdout","time":758.931089171,"data":"EDGE_TTA_ACTIVE views = 8 mean_abs_feat_delta = 0.351911\n"}
,{"stream_name":"stdout","time":759.84922478,"data":"EDGE_TTA_ACTIVE views = 8 mean_abs_feat_delta = 0.338919\n"}
,{"stream_name":"stdout","time":759.904406938,"data":"SECONDARY_EDGE_TTA_ACTIVE views = 8 weight = 0.75 mean_abs_feat_delta = 0.232939\n"}
,{"stream_name":"stdout","time":760.848212811,"data":"SECONDARY_EDGE_TTA_ACTIVE views = 8 weight = 0.75 mean_abs_feat_delta = 0.249056\n"}
,{"stream_name":"stdout","time":760.957551005,"data":"EDGE_TTA_ACTIVE views = 8 mean_abs_feat_delta = 0.356519\n"}
,{"stream_name":"stdout","time":761.930223063,"data":"SECONDARY_EDGE_TTA_ACTIVE views = 8 weight = 0.75 mean_abs_feat_delta = 0.231872\n"}
,{"stream_name":"stdout","time":762.184088569,"data":"EDGE_TTA_ACTIVE views = 8 mean_abs_feat_delta = 0.334467\n"}
,{"stream_name":"stdout","time":763.001565926,"data":"EDGE_TTA_ACTIVE views = 8 mean_abs_feat_delta = 0.353385\n"}
,{"stream_name":"stdout","time":763.180250456,"data":"SECONDARY_EDGE_TTA_ACTIVE views = 8 weight = 0.75 mean_abs_feat_delta = 0.249429\n"}
,{"stream_name":"stdout","time":763.975510632,"data":"SECONDARY_EDGE_TTA_ACTIVE views = 8 weight = 0.75 mean_abs_feat_delta = 0.232685\n"}
,{"stream_name":"stdout","time":764.579936627,"data":"EDGE_TTA_ACTIVE views = 8 mean_abs_feat_delta = 0.334048\n"}
,{"stream_name":"stdout","time":765.106935746,"data":"EDGE_TTA_ACTIVE views = 8 mean_abs_feat_delta = 0.351229\n"}
,{"stream_name":"stdout","time":765.522158931,"data":"SECONDARY_EDGE_TTA_ACTIVE views = 8 weight = 0.75 mean_abs_feat_delta = 0.246018\n"}
,{"stream_name":"stdout","time":766.081773416,"data":"SECONDARY_EDGE_TTA_ACTIVE views = 8 weight = 0.75 mean_abs_feat_delta = 0.233018\n"}
,{"stream_name":"stdout","time":766.897295804,"data":"EDGE_TTA_ACTIVE views = 8 mean_abs_feat_delta = 0.334845\n"}
,{"stream_name":"stdout","time":767.174850284,"data":"EDGE_TTA_ACTIVE views = 8 mean_abs_feat_delta = 0.350705\n"}
,{"stream_name":"stdout","time":767.893435785,"data":"SECONDARY_EDGE_TTA_ACTIVE views = 8 weight = 0.75 mean_abs_feat_delta = 0.244333\n"}
,{"stream_name":"stdout","time":768.148168289,"data":"SECONDARY_EDGE_TTA_ACTIVE views = 8 weight = 0.75 mean_abs_feat_delta = 0.234885\n"}
,{"stream_name":"stdout","time":769.220123288,"data":"EDGE_TTA_ACTIVE views = 8 mean_abs_feat_delta = 0.353278\n"}
,{"stream_name":"stdout","time":769.268002066,"data":"EDGE_TTA_ACTIVE views = 8 mean_abs_feat_delta = 0.334767\n"}
,{"stream_name":"stdout","time":770.192915684,"data":"SECONDARY_EDGE_TTA_ACTIVE views = 8 weight = 0.75 mean_abs_feat_delta = 0.232744\n"}
,{"stream_name":"stdout","time":770.265729495,"data":"SECONDARY_EDGE_TTA_ACTIVE views = 8 weight = 0.75 mean_abs_feat_delta = 0.248241\n"}
,{"stream_name":"stdout","time":771.24418238,"data":"EDGE_TTA_ACTIVE views = 8 mean_abs_feat_delta = 0.358064\n"}
,{"stream_name":"stdout","time":771.639768398,"data":"EDGE_TTA_ACTIVE views = 8 mean_abs_feat_delta = 0.330452\n"}
,{"stream_name":"stdout","time":772.219244173,"data":"SECONDARY_EDGE_TTA_ACTIVE views = 8 weight = 0.75 mean_abs_feat_delta = 0.229484\n"}
,{"stream_name":"stdout","time":772.640096444,"data":"SECONDARY_EDGE_TTA_ACTIVE views = 8 weight = 0.75 mean_abs_feat_delta = 0.239474\n"}
,{"stream_name":"stdout","time":773.352334561,"data":"EDGE_TTA_ACTIVE views = 8 mean_abs_feat_delta = 0.35946\n"}
,{"stream_name":"stdout","time":773.932013491,"data":"EDGE_TTA_ACTIVE views = 8 mean_abs_feat_delta = 0.33197\n"}
,{"stream_name":"stdout","time":774.32764673,"data":"SECONDARY_EDGE_TTA_ACTIVE views = 8 weight = 0.75 mean_abs_feat_delta = 0.231302\n"}
,{"stream_name":"stdout","time":774.929173828,"data":"SECONDARY_EDGE_TTA_ACTIVE views = 8 weight = 0.75 mean_abs_feat_delta = 0.247447\n"}
,{"stream_name":"stdout","time":775.401179728,"data":"EDGE_TTA_ACTIVE views = 8 mean_abs_feat_delta = 0.357537\n"}
,{"stream_name":"stdout","time":776.374697405,"data":"SECONDARY_EDGE_TTA_ACTIVE views = 8 weight = 0.75 mean_abs_feat_delta = 0.233885\n"}
,{"stream_name":"stdout","time":776.399312682,"data":"EDGE_TTA_ACTIVE views = 8 mean_abs_feat_delta = 0.33369\n"}
,{"stream_name":"stdout","time":777.401562558,"data":"SECONDARY_EDGE_TTA_ACTIVE views = 8 weight = 0.75 mean_abs_feat_delta = 0.242876\n"}
,{"stream_name":"stdout","time":777.449258199,"data":"EDGE_TTA_ACTIVE views = 8 mean_abs_feat_delta = 0.357561\n"}
,{"stream_name":"stdout","time":778.42368847,"data":"SECONDARY_EDGE_TTA_ACTIVE views = 8 weight = 0.75 mean_abs_feat_delta = 0.235923\n"}
,{"stream_name":"stdout","time":778.685919827,"data":"EDGE_TTA_ACTIVE views = 8 mean_abs_feat_delta = 0.335249\n"}
,{"stream_name":"stdout","time":779.495290209,"data":"EDGE_TTA_ACTIVE views = 8 mean_abs_feat_delta = 0.356691\n"}
,{"stream_name":"stdout","time":779.690890572,"data":"SECONDARY_EDGE_TTA_ACTIVE views = 8 weight = 0.75 mean_abs_feat_delta = 0.249719\n"}
,{"stream_name":"stdout","time":780.470828063,"data":"SECONDARY_EDGE_TTA_ACTIVE views = 8 weight = 0.75 mean_abs_feat_delta = 0.236514\n"}
,{"stream_name":"stdout","time":781.049192396,"data":"EDGE_TTA_ACTIVE views = 8 mean_abs_feat_delta = 0.33665\n"}
,{"stream_name":"stdout","time":781.563726913,"data":"EDGE_TTA_ACTIVE views = 8 mean_abs_feat_delta = 0.360713\n"}
,{"stream_name":"stdout","time":782.047771598,"data":"SECONDARY_EDGE_TTA_ACTIVE views = 8 weight = 0.75 mean_abs_feat_delta = 0.250474\n"}
,{"stream_name":"stdout","time":782.538152011,"data":"SECONDARY_EDGE_TTA_ACTIVE views = 8 weight = 0.75 mean_abs_feat_delta = 0.236886\n"}
,{"stream_name":"stdout","time":783.357166137,"data":"EDGE_TTA_ACTIVE views = 8 mean_abs_feat_delta = 0.338336\n"}
,{"stream_name":"stdout","time":783.632675611,"data":"EDGE_TTA_ACTIVE views = 8 mean_abs_feat_delta = 0.361191\n"}
,{"stream_name":"stdout","time":784.357589803,"data":"SECONDARY_EDGE_TTA_ACTIVE views = 8 weight = 0.75 mean_abs_feat_delta = 0.243806\n"}
,{"stream_name":"stdout","time":784.607820914,"data":"SECONDARY_EDGE_TTA_ACTIVE views = 8 weight = 0.75 mean_abs_feat_delta = 0.236659\n"}
,{"stream_name":"stdout","time":785.665841159,"data":"EDGE_TTA_ACTIVE views = 8 mean_abs_feat_delta = 0.337788\n"}
,{"stream_name":"stdout","time":785.677252871,"data":"EDGE_TTA_ACTIVE views = 8 mean_abs_feat_delta = 0.363957\n"}
,{"stream_name":"stdout","time":786.655502454,"data":"SECONDARY_EDGE_TTA_ACTIVE views = 8 weight = 0.75 mean_abs_feat_delta = 0.238038\n"}
,{"stream_name":"stdout","time":786.666882533,"data":"SECONDARY_EDGE_TTA_ACTIVE views = 8 weight = 0.75 mean_abs_feat_delta = 0.245508\n"}
,{"stream_name":"stdout","time":788.086228386,"data":"EDGE_TTA_ACTIVE views = 8 mean_abs_feat_delta = 0.325091\n"}
,{"stream_name":"stdout","time":789.085530228,"data":"SECONDARY_EDGE_TTA_ACTIVE views = 8 weight = 0.75 mean_abs_feat_delta = 0.241957\n"}
,{"stream_name":"stdout","time":790.430265559,"data":"EDGE_TTA_ACTIVE views = 8 mean_abs_feat_delta = 0.32712\n"}
,{"stream_name":"stdout","time":791.430774461,"data":"SECONDARY_EDGE_TTA_ACTIVE views = 8 weight = 0.75 mean_abs_feat_delta = 0.252361\n"}
,{"stream_name":"stdout","time":791.439928971,"data":"Saved 2 predictions to /kaggle/working/tracking_repo/predictions/unknown/unet_transformer_gpu0/split_0\n"}
,{"stream_name":"stdout","time":792.748316555,"data":"EDGE_TTA_ACTIVE views = 8 mean_abs_feat_delta = 0.323213\n"}
,{"stream_name":"stdout","time":793.748400047,"data":"SECONDARY_EDGE_TTA_ACTIVE views = 8 weight = 0.75 mean_abs_feat_delta = 0.245152\n"}
,{"stream_name":"stdout","time":795.127004961,"data":"EDGE_TTA_ACTIVE views = 8 mean_abs_feat_delta = 0.321976\n"}
,{"stream_name":"stdout","time":796.092885937,"data":"SECONDARY_EDGE_TTA_ACTIVE views = 8 weight = 0.75 mean_abs_feat_delta = 0.249767\n"}
,{"stream_name":"stdout","time":797.361151643,"data":"EDGE_TTA_ACTIVE views = 8 mean_abs_feat_delta = 0.323768\n"}
,{"stream_name":"stdout","time":798.361830181,"data":"SECONDARY_EDGE_TTA_ACTIVE views = 8 weight = 0.75 mean_abs_feat_delta = 0.251085\n"}
,{"stream_name":"stdout","time":799.679625505,"data":"EDGE_TTA_ACTIVE views = 8 mean_abs_feat_delta = 0.324838\n"}
,{"stream_name":"stdout","time":800.684505813,"data":"SECONDARY_EDGE_TTA_ACTIVE views = 8 weight = 0.75 mean_abs_feat_delta = 0.239244\n"}
,{"stream_name":"stdout","time":802.018051534,"data":"EDGE_TTA_ACTIVE views = 8 mean_abs_feat_delta = 0.323094\n"}
,{"stream_name":"stdout","time":803.021312342,"data":"SECONDARY_EDGE_TTA_ACTIVE views = 8 weight = 0.75 mean_abs_feat_delta = 0.247015\n"}
,{"stream_name":"stdout","time":804.299672325,"data":"EDGE_TTA_ACTIVE views = 8 mean_abs_feat_delta = 0.322603\n"}
,{"stream_name":"stdout","time":805.304436426,"data":"SECONDARY_EDGE_TTA_ACTIVE views = 8 weight = 0.75 mean_abs_feat_delta = 0.251849\n"}
,{"stream_name":"stdout","time":806.668340878,"data":"EDGE_TTA_ACTIVE views = 8 mean_abs_feat_delta = 0.325152\n"}
,{"stream_name":"stdout","time":807.674812767,"data":"SECONDARY_EDGE_TTA_ACTIVE views = 8 weight = 0.75 mean_abs_feat_delta = 0.251093\n"}
,{"stream_name":"stdout","time":809.021415822,"data":"EDGE_TTA_ACTIVE views = 8 mean_abs_feat_delta = 0.328347\n"}
,{"stream_name":"stdout","time":810.029361761,"data":"SECONDARY_EDGE_TTA_ACTIVE views = 8 weight = 0.75 mean_abs_feat_delta = 0.244661\n"}
,{"stream_name":"stdout","time":811.35997124,"data":"EDGE_TTA_ACTIVE views = 8 mean_abs_feat_delta = 0.328262\n"}
,{"stream_name":"stdout","time":812.368662337,"data":"SECONDARY_EDGE_TTA_ACTIVE views = 8 weight = 0.75 mean_abs_feat_delta = 0.243635\n"}
,{"stream_name":"stdout","time":813.680701609,"data":"EDGE_TTA_ACTIVE views = 8 mean_abs_feat_delta = 0.327618\n"}
,{"stream_name":"stdout","time":814.688059059,"data":"SECONDARY_EDGE_TTA_ACTIVE views = 8 weight = 0.75 mean_abs_feat_delta = 0.248058\n"}
,{"stream_name":"stdout","time":897.266440914,"data":"Saved 2 predictions to /kaggle/working/tracking_repo/predictions/unknown/unet_transformer_gpu1/split_0\n"}
,{"stream_name":"stdout","time":899.797840074,"data":"Merged 4 prediction graphs into /kaggle/working/tracking_repo/predictions/unknown/unet_transformer/split_0\n"}
,{"stream_name":"stdout","time":899.797875052,"data":"Prediction completed in 9.27 minutes\n"}
,{"stream_name":"stdout","time":1195.217852023,"data":"Trying DeepCenter add-only gate checkpoint: /kaggle/input/datasets/pilkwang/biohub-deepcenter-unet3d-center-prior-v1/weights/full_frame_center/best.pt\n"}
,{"stream_name":"stdout","time":1195.512170057,"data":"Loaded DeepCenter add-only gate checkpoint: /kaggle/input/datasets/pilkwang/biohub-deepcenter-unet3d-center-prior-v1/weights/full_frame_center/best.pt\n"}
,{"stream_name":"stdout","time":1195.512206042,"data":"DeepCenter checkpoint epoch: 2 best_score: -0.04500306242456039\n"}
,{"stream_name":"stdout","time":1195.512210222,"data":"Found 4 prediction graphs\n"}
,{"stream_name":"stdout","time":1195.893411209,"data":"[44b6_0113de3b] after edge-filter+motion-relink: 25822 nodes, 24996 edges\n"}
,{"stream_name":"stdout","time":1197.153915811,"data":"DEEPCENTER_TTA_ACTIVE views = 8 mean_abs_logit_delta = 0.128065\n"}
,{"stream_name":"stdout","time":1199.309590807,"data":"[44b6_0113de3b] after gap-closing (single-frame + gap2): 25885 nodes, 25113 edges\n"}
,{"stream_name":"stdout","time":1223.956325608,"data":"[44b6_0113de3b] after safe-division repair: 25885 nodes, 25162 edges (geometric_candidates = 171, deepcenter_rejected = 117, post_veto_candidates = 54, added = 49, cap_skipped = 0, mutual_nn_rejected = 63, divergence_rejected = 476)\n"}
,{"stream_name":"stdout","time":1223.956394538,"data":"[44b6_0113de3b] after division-geometry-filter+prune-isolated: 25883 nodes, 25162 edges\n"}
,{"stream_name":"stdout","time":1223.956403394,"data":"[44b6_0113de3b] after short-track filtering: 25648 nodes, 24979 edges (components_removed = 52)\n"}
,{"stream_name":"stdout","time":1228.997444714,"data":"[44b6_0113de3b] FINAL: 25648 nodes, 24979 edges\n"}
,{"stream_name":"stdout","time":1229.49089253,"data":"[44b6_0b24845f] after edge-filter+motion-relink: 22491 nodes, 20143 edges\n"}
,{"stream_name":"stdout","time":1247.409768367,"data":"[44b6_0b24845f] after gap-closing (single-frame + gap2): 22922 nodes, 20929 edges\n"}
,{"stream_name":"stdout","time":1273.705707987,"data":"[44b6_0b24845f] after safe-division repair: 22922 nodes, 20958 edges (geometric_candidates = 260, deepcenter_rejected = 227, post_veto_candidates = 33, added = 29, cap_skipped = 0, mutual_nn_rejected = 68, divergence_rejected = 1037)\n"}
,{"stream_name":"stdout","time":1273.70575338,"data":"[44b6_0b24845f] after division-geometry-filter+prune-isolated: 22922 nodes, 20958 edges\n"}
,{"stream_name":"stdout","time":1273.705761463,"data":"[44b6_0b24845f] after short-track filtering: 20501 nodes, 19080 edges (components_removed = 543)\n"}
,{"stream_name":"stdout","time":1277.634214247,"data":"[44b6_0b24845f] FINAL: 20501 nodes, 19080 edges\n"}
,{"stream_name":"stdout","time":1278.036116365,"data":"[6bba_05b6850b] after edge-filter+motion-relink: 6305 nodes, 6012 edges\n"}
,{"stream_name":"stdout","time":1279.520187819,"data":"[6bba_05b6850b] after gap-closing (single-frame + gap2): 6338 nodes, 6072 edges\n"}
,{"stream_name":"stdout","time":1285.5965622,"data":"[6bba_05b6850b] after safe-division repair: 6338 nodes, 6082 edges (geometric_candidates = 22, deepcenter_rejected = 12, post_veto_candidates = 10, added = 10, cap_skipped = 0, mutual_nn_rejected = 5, divergence_rejected = 91)\n"}
,{"stream_name":"stdout","time":1285.596636664,"data":"[6bba_05b6850b] after division-geometry-filter+prune-isolated: 6337 nodes, 6082 edges\n"}
,{"stream_name":"stdout","time":1285.596644494,"data":"[6bba_05b6850b] after short-track filtering: 6106 nodes, 5902 edges (components_removed = 51)\n"}
,{"stream_name":"stdout","time":1286.766037311,"data":"[6bba_05b6850b] FINAL: 6106 nodes, 5902 edges\n"}
,{"stream_name":"stdout","time":1287.671140159,"data":"[6bba_05db0fb1] after edge-filter+motion-relink: 70687 nodes, 67238 edges\n"}
,{"stream_name":"stdout","time":1306.33815349,"data":"[6bba_05db0fb1] after gap-closing (single-frame + gap2): 71224 nodes, 68252 edges\n"}
,{"stream_name":"stdout","time":1334.904461117,"data":"[6bba_05db0fb1] after safe-division repair: 71224 nodes, 68298 edges (geometric_candidates = 401, deepcenter_rejected = 354, post_veto_candidates = 47, added = 46, cap_skipped = 0, mutual_nn_rejected = 628, divergence_rejected = 3152)\n"}
,{"stream_name":"stdout","time":1334.904515581,"data":"[6bba_05db0fb1] after division-geometry-filter+prune-isolated: 71223 nodes, 68298 edges\n"}
,{"stream_name":"stdout","time":1335.170399047,"data":"[6bba_05db0fb1] after short-track filtering: 69753 nodes, 67147 edges (components_removed = 319)\n"}
,{"stream_name":"stdout","time":1348.572511365,"data":"[6bba_05db0fb1] FINAL: 69753 nodes, 67147 edges\n"}
,{"stream_name":"stdout","time":1349.060473906,"data":"Wrote /kaggle/working/submission.csv with 239,116 rows\n"}
,{"stream_name":"stdout","time":1349.06050057,"data":"Node rows: 122,008 | edge rows: 117,108\n"}
,{"stream_name":"stdout","time":1349.060505875,"data":"Wrote /kaggle/working/run_stats.csv\n"}
,{"stream_name":"stdout","time":1399.997144763,"data":"/usr/local/lib/python3.12/dist-packages/dask/array/image.py:7: FutureWarning: `find_available_plugins` is deprecated since version 0.25 and will be removed in version 0.27. The plugin infrastructure of `skimage.io` is deprecated. Instead, use `imageio` or other I/O packages directly.\n"}
,{"stream_name":"stdout","time":1399.998648472,"data":"  from skimage.io import imread as sk_imread\n"}
,{"stream_name":"stdout","time":1399.999843724,"data":"/usr/lib/python3.12/importlib/__init__.py:90: FutureWarning: `reset_plugins` is deprecated since version 0.25 and will be removed in version 0.27. The plugin infrastructure of `skimage.io` is deprecated. Instead, use `imageio` or other I/O packages directly.\n"}
,{"stream_name":"stdout","time":1400.001011773,"data":"  return _bootstrap._gcd_import(name[level:], package, level)\n"}
,{"stream_name":"stdout","time":1400.002121127,"data":"/usr/local/lib/python3.12/dist-packages/dask/array/image.py:7: FutureWarning: `find_available_plugins` is deprecated since version 0.25 and will be removed in version 0.27. The plugin infrastructure of `skimage.io` is deprecated. Instead, use `imageio` or other I/O packages directly.\n"}
,{"stream_name":"stdout","time":1400.002968027,"data":"  from skimage.io import imread as sk_imread\n"}
,{"stream_name":"stdout","time":1400.004098279,"data":"/usr/lib/python3.12/importlib/__init__.py:90: FutureWarning: `reset_plugins` is deprecated since version 0.25 and will be removed in version 0.27. The plugin infrastructure of `skimage.io` is deprecated. Instead, use `imageio` or other I/O packages directly.\n"}
,{"stream_name":"stdout","time":1400.004980216,"data":"  return _bootstrap._gcd_import(name[level:], package, level)\n"}
,{"stream_name":"stdout","time":1400.509369765,"data":"Secondary model: /kaggle/working/secondary_seed_weights/unet_transformer/split_0/edge_predictor_best.pth | edge weight = 0.150 | detection weight = 0.800 | link mode = low_margin_consensus | temperature = 1.000 | low-margin max = 0.350 | edge threshold = 0.480\n"}
,{"stream_name":"stdout","time":1400.510442868,"data":"Fold 0: 4 datasets | weights=weights/unet_transformer/split_0/edge_predictor_best.pth | device=cuda | window_size=2 | pool_kernel_um=3.0\n"}
,{"stream_name":"stdout","time":1400.53763965,"data":"Secondary model: /kaggle/working/secondary_seed_weights/unet_transformer/split_0/edge_predictor_best.pth | edge weight = 0.150 | detection weight = 0.800 | link mode = low_margin_consensus | temperature = 1.000 | low-margin max = 0.350 | edge threshold = 0.480\n"}
,{"stream_name":"stdout","time":1400.538576886,"data":"Fold 0: 4 datasets | weights=weights/unet_transformer/split_0/edge_predictor_best.pth | device=cuda | window_size=2 | pool_kernel_um=3.0\n"}
,{"stream_name":"stdout","time":1401.927836311,"data":"EDGE_TTA_ACTIVE views = 8 mean_abs_feat_delta = 0.392767\n"}
,{"stream_name":"stdout","time":1402.001908486,"data":"EDGE_TTA_ACTIVE views = 8 mean_abs_feat_delta = 0.34981\n"}
,{"stream_name":"stdout","time":1402.812492571,"data":"SECONDARY_EDGE_TTA_ACTIVE views = 8 weight = 0.75 mean_abs_feat_delta = 0.25325\n"}
,{"stream_name":"stdout","time":1402.96992041,"data":"SECONDARY_EDGE_TTA_ACTIVE views = 8 weight = 0.75 mean_abs_feat_delta = 0.248181\n"}
,{"stream_name":"stdout","time":1404.401218937,"data":"EDGE_TTA_ACTIVE views = 8 mean_abs_feat_delta = 0.399438\n"}
,{"stream_name":"stdout","time":1404.655329867,"data":"EDGE_TTA_ACTIVE views = 8 mean_abs_feat_delta = 0.348323\n"}
,{"stream_name":"stdout","time":1405.275213829,"data":"SECONDARY_EDGE_TTA_ACTIVE views = 8 weight = 0.75 mean_abs_feat_delta = 0.251396\n"}
,{"stream_name":"stdout","time":1405.62492182,"data":"SECONDARY_EDGE_TTA_ACTIVE views = 8 weight = 0.75 mean_abs_feat_delta = 0.247023\n"}
,{"stream_name":"stdout","time":1406.245612345,"data":"EDGE_TTA_ACTIVE views = 8 mean_abs_feat_delta = 0.403568\n"}
,{"stream_name":"stdout","time":1406.778893478,"data":"EDGE_TTA_ACTIVE views = 8 mean_abs_feat_delta = 0.347872\n"}
,{"stream_name":"stdout","time":1407.121211706,"data":"SECONDARY_EDGE_TTA_ACTIVE views = 8 weight = 0.75 mean_abs_feat_delta = 0.261829\n"}
,{"stream_name":"stdout","time":1407.753201115,"data":"SECONDARY_EDGE_TTA_ACTIVE views = 8 weight = 0.75 mean_abs_feat_delta = 0.246602\n"}
,{"stream_name":"stdout","time":1408.102023559,"data":"EDGE_TTA_ACTIVE views = 8 mean_abs_feat_delta = 0.396848\n"}
,{"stream_name":"stdout","time":1408.872014883,"data":"EDGE_TTA_ACTIVE views = 8 mean_abs_feat_delta = 0.351487\n"}
,{"stream_name":"stdout","time":1408.982771287,"data":"SECONDARY_EDGE_TTA_ACTIVE views = 8 weight = 0.75 mean_abs_feat_delta = 0.263394\n"}
,{"stream_name":"stdout","time":1409.849191781,"data":"SECONDARY_EDGE_TTA_ACTIVE views = 8 weight = 0.75 mean_abs_feat_delta = 0.246793\n"}
,{"stream_name":"stdout","time":1409.950994084,"data":"EDGE_TTA_ACTIVE views = 8 mean_abs_feat_delta = 0.405804\n"}
,{"stream_name":"stdout","time":1410.836773854,"data":"SECONDARY_EDGE_TTA_ACTIVE views = 8 weight = 0.75 mean_abs_feat_delta = 0.265155\n"}
,{"stream_name":"stdout","time":1410.968814623,"data":"EDGE_TTA_ACTIVE views = 8 mean_abs_feat_delta = 0.349843\n"}
,{"stream_name":"stdout","time":1411.8364829,"data":"EDGE_TTA_ACTIVE views = 8 mean_abs_feat_delta = 0.406637\n"}
,{"stream_name":"stdout","time":1411.941409053,"data":"SECONDARY_EDGE_TTA_ACTIVE views = 8 weight = 0.75 mean_abs_feat_delta = 0.248773\n"}
,{"stream_name":"stdout","time":1412.717882268,"data":"SECONDARY_EDGE_TTA_ACTIVE views = 8 weight = 0.75 mean_abs_feat_delta = 0.26828\n"}
,{"stream_name":"stdout","time":1413.097727119,"data":"EDGE_TTA_ACTIVE views = 8 mean_abs_feat_delta = 0.348101\n"}
,{"stream_name":"stdout","time":1413.698631798,"data":"EDGE_TTA_ACTIVE views = 8 mean_abs_feat_delta = 0.406976\n"}
,{"stream_name":"stdout","time":1414.084270918,"data":"SECONDARY_EDGE_TTA_ACTIVE views = 8 weight = 0.75 mean_abs_feat_delta = 0.251248\n"}
,{"stream_name":"stdout","time":1414.587485097,"data":"SECONDARY_EDGE_TTA_ACTIVE views = 8 weight = 0.75 mean_abs_feat_delta = 0.266278\n"}
,{"stream_name":"stdout","time":1415.234463389,"data":"EDGE_TTA_ACTIVE views = 8 mean_abs_feat_delta = 0.351882\n"}
,{"stream_name":"stdout","time":1415.566077724,"data":"EDGE_TTA_ACTIVE views = 8 mean_abs_feat_delta = 0.402713\n"}
,{"stream_name":"stdout","time":1416.230334092,"data":"SECONDARY_EDGE_TTA_ACTIVE views = 8 weight = 0.75 mean_abs_feat_delta = 0.248045\n"}
,{"stream_name":"stdout","time":1416.456834618,"data":"SECONDARY_EDGE_TTA_ACTIVE views = 8 weight = 0.75 mean_abs_feat_delta = 0.265313\n"}
,{"stream_name":"stdout","time":1417.401056185,"data":"EDGE_TTA_ACTIVE views = 8 mean_abs_feat_delta = 0.352461\n"}
,{"stream_name":"stdout","time":1417.438915808,"data":"EDGE_TTA_ACTIVE views = 8 mean_abs_feat_delta = 0.409078\n"}
,{"stream_name":"stdout","time":1418.331123027,"data":"SECONDARY_EDGE_TTA_ACTIVE views = 8 weight = 0.75 mean_abs_feat_delta = 0.269693\n"}
,{"stream_name":"stdout","time":1418.398231573,"data":"SECONDARY_EDGE_TTA_ACTIVE views = 8 weight = 0.75 mean_abs_feat_delta = 0.24889\n"}
,{"stream_name":"stdout","time":1419.31160847,"data":"EDGE_TTA_ACTIVE views = 8 mean_abs_feat_delta = 0.408625\n"}
,{"stream_name":"stdout","time":1419.57317305,"data":"EDGE_TTA_ACTIVE views = 8 mean_abs_feat_delta = 0.352873\n"}
,{"stream_name":"stdout","time":1420.220711365,"data":"SECONDARY_EDGE_TTA_ACTIVE views = 8 weight = 0.75 mean_abs_feat_delta = 0.268201\n"}
,{"stream_name":"stdout","time":1420.582453228,"data":"SECONDARY_EDGE_TTA_ACTIVE views = 8 weight = 0.75 mean_abs_feat_delta = 0.252126\n"}
,{"stream_name":"stdout","time":1421.274304354,"data":"EDGE_TTA_ACTIVE views = 8 mean_abs_feat_delta = 0.39904\n"}
,{"stream_name":"stdout","time":1421.773161676,"data":"EDGE_TTA_ACTIVE views = 8 mean_abs_feat_delta = 0.354101\n"}
,{"stream_name":"stdout","time":1422.171963352,"data":"SECONDARY_EDGE_TTA_ACTIVE views = 8 weight = 0.75 mean_abs_feat_delta = 0.270173\n"}
,{"stream_name":"stdout","time":1422.788346917,"data":"SECONDARY_EDGE_TTA_ACTIVE views = 8 weight = 0.75 mean_abs_feat_delta = 0.254643\n"}
,{"stream_name":"stdout","time":1423.191775557,"data":"EDGE_TTA_ACTIVE views = 8 mean_abs_feat_delta = 0.400016\n"}
,{"stream_name":"stdout","time":1423.938964345,"data":"EDGE_TTA_ACTIVE views = 8 mean_abs_feat_delta = 0.353493\n"}
,{"stream_name":"stdout","time":1424.099184131,"data":"SECONDARY_EDGE_TTA_ACTIVE views = 8 weight = 0.75 mean_abs_feat_delta = 0.274836\n"}
,{"stream_name":"stdout","time":1424.95533556,"data":"SECONDARY_EDGE_TTA_ACTIVE views = 8 weight = 0.75 mean_abs_feat_delta = 0.252923\n"}
,{"stream_name":"stdout","time":1425.103041899,"data":"EDGE_TTA_ACTIVE views = 8 mean_abs_feat_delta = 0.392897\n"}
,{"stream_name":"stdout","time":1426.005867463,"data":"SECONDARY_EDGE_TTA_ACTIVE views = 8 weight = 0.75 mean_abs_feat_delta = 0.275465\n"}
,{"stream_name":"stdout","time":1426.179543102,"data":"EDGE_TTA_ACTIVE views = 8 mean_abs_feat_delta = 0.351325\n"}
,{"stream_name":"stdout","time":1427.034812098,"data":"EDGE_TTA_ACTIVE views = 8 mean_abs_feat_delta = 0.386155\n"}
,{"stream_name":"stdout","time":1427.220120653,"data":"SECONDARY_EDGE_TTA_ACTIVE views = 8 weight = 0.75 mean_abs_feat_delta = 0.254734\n"}
,{"stream_name":"stdout","time":1427.93936326,"data":"SECONDARY_EDGE_TTA_ACTIVE views = 8 weight = 0.75 mean_abs_feat_delta = 0.276966\n"}
,{"stream_name":"stdout","time":1428.418716718,"data":"EDGE_TTA_ACTIVE views = 8 mean_abs_feat_delta = 0.348177\n"}
,{"stream_name":"stdout","time":1428.940507001,"data":"EDGE_TTA_ACTIVE views = 8 mean_abs_feat_delta = 0.384551\n"}
,{"stream_name":"stdout","time":1429.44630728,"data":"SECONDARY_EDGE_TTA_ACTIVE views = 8 weight = 0.75 mean_abs_feat_delta = 0.253579\n"}
,{"stream_name":"stdout","time":1429.846718363,"data":"SECONDARY_EDGE_TTA_ACTIVE views = 8 weight = 0.75 mean_abs_feat_delta = 0.281272\n"}
,{"stream_name":"stdout","time":1430.675243717,"data":"EDGE_TTA_ACTIVE views = 8 mean_abs_feat_delta = 0.350577\n"}
,{"stream_name":"stdout","time":1430.853902559,"data":"EDGE_TTA_ACTIVE views = 8 mean_abs_feat_delta = 0.380346\n"}
,{"stream_name":"stdout","time":1431.635638983,"data":"SECONDARY_EDGE_TTA_ACTIVE views = 8 weight = 0.75 mean_abs_feat_delta = 0.25103\n"}
,{"stream_name":"stdout","time":1431.761777992,"data":"SECONDARY_EDGE_TTA_ACTIVE views = 8 weight = 0.75 mean_abs_feat_delta = 0.285887\n"}
,{"stream_name":"stdout","time":1432.77346291,"data":"EDGE_TTA_ACTIVE views = 8 mean_abs_feat_delta = 0.37911\n"}
,{"stream_name":"stdout","time":1432.797340142,"data":"EDGE_TTA_ACTIVE views = 8 mean_abs_feat_delta = 0.351302\n"}
,{"stream_name":"stdout","time":1433.684051417,"data":"SECONDARY_EDGE_TTA_ACTIVE views = 8 weight = 0.75 mean_abs_feat_delta = 0.286323\n"}
,{"stream_name":"stdout","time":1433.825241221,"data":"SECONDARY_EDGE_TTA_ACTIVE views = 8 weight = 0.75 mean_abs_feat_delta = 0.25233\n"}
,{"stream_name":"stdout","time":1434.726103139,"data":"EDGE_TTA_ACTIVE views = 8 mean_abs_feat_delta = 0.388444\n"}
,{"stream_name":"stdout","time":1434.985081965,"data":"EDGE_TTA_ACTIVE views = 8 mean_abs_feat_delta = 0.349328\n"}
,{"stream_name":"stdout","time":1435.638910615,"data":"SECONDARY_EDGE_TTA_ACTIVE views = 8 weight = 0.75 mean_abs_feat_delta = 0.289269\n"}
,{"stream_name":"stdout","time":1436.007961892,"data":"SECONDARY_EDGE_TTA_ACTIVE views = 8 weight = 0.75 mean_abs_feat_delta = 0.251184\n"}
,{"stream_name":"stdout","time":1436.646105341,"data":"EDGE_TTA_ACTIVE views = 8 mean_abs_feat_delta = 0.38137\n"}
,{"stream_name":"stdout","time":1437.168072721,"data":"EDGE_TTA_ACTIVE views = 8 mean_abs_feat_delta = 0.347529\n"}
,{"stream_name":"stdout","time":1437.557261294,"data":"SECONDARY_EDGE_TTA_ACTIVE views = 8 weight = 0.75 mean_abs_feat_delta = 0.293139\n"}
,{"stream_name":"stdout","time":1438.184112212,"data":"SECONDARY_EDGE_TTA_ACTIVE views = 8 weight = 0.75 mean_abs_feat_delta = 0.24962\n"}
,{"stream_name":"stdout","time":1438.567933795,"data":"EDGE_TTA_ACTIVE views = 8 mean_abs_feat_delta = 0.380845\n"}
,{"stream_name":"stdout","time":1439.34374075,"data":"EDGE_TTA_ACTIVE views = 8 mean_abs_feat_delta = 0.34733\n"}
,{"stream_name":"stdout","time":1439.478173151,"data":"SECONDARY_EDGE_TTA_ACTIVE views = 8 weight = 0.75 mean_abs_feat_delta = 0.293928\n"}
,{"stream_name":"stdout","time":1440.353736486,"data":"SECONDARY_EDGE_TTA_ACTIVE views = 8 weight = 0.75 mean_abs_feat_delta = 0.253407\n"}
,{"stream_name":"stdout","time":1440.490233265,"data":"EDGE_TTA_ACTIVE views = 8 mean_abs_feat_delta = 0.378817\n"}
,{"stream_name":"stdout","time":1441.406913783,"data":"SECONDARY_EDGE_TTA_ACTIVE views = 8 weight = 0.75 mean_abs_feat_delta = 0.297484\n"}
,{"stream_name":"stdout","time":1441.506309723,"data":"EDGE_TTA_ACTIVE views = 8 mean_abs_feat_delta = 0.346983\n"}
,{"stream_name":"stdout","time":1442.416674936,"data":"EDGE_TTA_ACTIVE views = 8 mean_abs_feat_delta = 0.370246\n"}
,{"stream_name":"stdout","time":1442.513614766,"data":"SECONDARY_EDGE_TTA_ACTIVE views = 8 weight = 0.75 mean_abs_feat_delta = 0.2512\n"}
,{"stream_name":"stdout","time":1443.328044325,"data":"SECONDARY_EDGE_TTA_ACTIVE views = 8 weight = 0.75 mean_abs_feat_delta = 0.295002\n"}
,{"stream_name":"stdout","time":1443.658766395,"data":"EDGE_TTA_ACTIVE views = 8 mean_abs_feat_delta = 0.343153\n"}
,{"stream_name":"stdout","time":1444.345129832,"data":"EDGE_TTA_ACTIVE views = 8 mean_abs_feat_delta = 0.364454\n"}
,{"stream_name":"stdout","time":1444.659370118,"data":"SECONDARY_EDGE_TTA_ACTIVE views = 8 weight = 0.75 mean_abs_feat_delta = 0.24607\n"}
,{"stream_name":"stdout","time":1445.255150762,"data":"SECONDARY_EDGE_TTA_ACTIVE views = 8 weight = 0.75 mean_abs_feat_delta = 0.297522\n"}
,{"stream_name":"stdout","time":1445.833652538,"data":"EDGE_TTA_ACTIVE views = 8 mean_abs_feat_delta = 0.343379\n"}
,{"stream_name":"stdout","time":1446.268081115,"data":"EDGE_TTA_ACTIVE views = 8 mean_abs_feat_delta = 0.372022\n"}
,{"stream_name":"stdout","time":1446.830272132,"data":"SECONDARY_EDGE_TTA_ACTIVE views = 8 weight = 0.75 mean_abs_feat_delta = 0.246416\n"}
,{"stream_name":"stdout","time":1447.184153771,"data":"SECONDARY_EDGE_TTA_ACTIVE views = 8 weight = 0.75 mean_abs_feat_delta = 0.294151\n"}
,{"stream_name":"stdout","time":1448.008479774,"data":"EDGE_TTA_ACTIVE views = 8 mean_abs_feat_delta = 0.345181\n"}
,{"stream_name":"stdout","time":1448.230622353,"data":"EDGE_TTA_ACTIVE views = 8 mean_abs_feat_delta = 0.367153\n"}
,{"stream_name":"stdout","time":1449.001676163,"data":"SECONDARY_EDGE_TTA_ACTIVE views = 8 weight = 0.75 mean_abs_feat_delta = 0.248144\n"}
,{"stream_name":"stdout","time":1449.005883361,"data":"BIOHUB_RETENTION_GUARD {\"blended_candidates\": 431, \"dataset\": \"44b6_12dfb391\", \"frame\": 22, \"minimum_retention\": 0.9, \"primary_candidates\": 484, \"retention\": 0.890495867768595, \"use_primary\": true}\n"}
,{"stream_name":"stdout","time":1449.14535169,"data":"SECONDARY_EDGE_TTA_ACTIVE views = 8 weight = 0.75 mean_abs_feat_delta = 0.291229\n"}
,{"stream_name":"stdout","time":1450.192464418,"data":"EDGE_TTA_ACTIVE views = 8 mean_abs_feat_delta = 0.343644\n"}
,{"stream_name":"stdout","time":1450.197670591,"data":"EDGE_TTA_ACTIVE views = 8 mean_abs_feat_delta = 0.366124\n"}
,{"stream_name":"stdout","time":1451.11452889,"data":"SECONDARY_EDGE_TTA_ACTIVE views = 8 weight = 0.75 mean_abs_feat_delta = 0.288452\n"}
,{"stream_name":"stdout","time":1451.185437877,"data":"SECONDARY_EDGE_TTA_ACTIVE views = 8 weight = 0.75 mean_abs_feat_delta = 0.251758\n"}
,{"stream_name":"stdout","time":1451.189631121,"data":"BIOHUB_RETENTION_GUARD {\"blended_candidates\": 433, \"dataset\": \"44b6_12dfb391\", \"frame\": 23, \"minimum_retention\": 0.9, \"primary_candidates\": 484, \"retention\": 0.8946280991735537, \"use_primary\": true}\n"}
,{"stream_name":"stdout","time":1452.137438966,"data":"EDGE_TTA_ACTIVE views = 8 mean_abs_feat_delta = 0.36912\n"}
,{"stream_name":"stdout","time":1452.339731832,"data":"EDGE_TTA_ACTIVE views = 8 mean_abs_feat_delta = 0.346576\n"}
,{"stream_name":"stdout","time":1453.05563289,"data":"SECONDARY_EDGE_TTA_ACTIVE views = 8 weight = 0.75 mean_abs_feat_delta = 0.291278\n"}
,{"stream_name":"stdout","time":1453.329872661,"data":"SECONDARY_EDGE_TTA_ACTIVE views = 8 weight = 0.75 mean_abs_feat_delta = 0.255124\n"}
,{"stream_name":"stdout","time":1454.10997778,"data":"EDGE_TTA_ACTIVE views = 8 mean_abs_feat_delta = 0.364666\n"}
,{"stream_name":"stdout","time":1454.485749337,"data":"EDGE_TTA_ACTIVE views = 8 mean_abs_feat_delta = 0.351385\n"}
,{"stream_name":"stdout","time":1455.027601796,"data":"SECONDARY_EDGE_TTA_ACTIVE views = 8 weight = 0.75 mean_abs_feat_delta = 0.28858\n"}
,{"stream_name":"stdout","time":1455.462743563,"data":"SECONDARY_EDGE_TTA_ACTIVE views = 8 weight = 0.75 mean_abs_feat_delta = 0.253738\n"}
,{"stream_name":"stdout","time":1456.052456252,"data":"EDGE_TTA_ACTIVE views = 8 mean_abs_feat_delta = 0.35307\n"}
,{"stream_name":"stdout","time":1456.576788001,"data":"EDGE_TTA_ACTIVE views = 8 mean_abs_feat_delta = 0.352556\n"}
,{"stream_name":"stdout","time":1456.969230527,"data":"SECONDARY_EDGE_TTA_ACTIVE views = 8 weight = 0.75 mean_abs_feat_delta = 0.279262\n"}
,{"stream_name":"stdout","time":1457.550731333,"data":"SECONDARY_EDGE_TTA_ACTIVE views = 8 weight = 0.75 mean_abs_feat_delta = 0.254963\n"}
,{"stream_name":"stdout","time":1457.990020506,"data":"EDGE_TTA_ACTIVE views = 8 mean_abs_feat_delta = 0.342104\n"}
,{"stream_name":"stdout","time":1458.725489311,"data":"EDGE_TTA_ACTIVE views = 8 mean_abs_feat_delta = 0.350435\n"}
,{"stream_name":"stdout","time":1458.917231124,"data":"SECONDARY_EDGE_TTA_ACTIVE views = 8 weight = 0.75 mean_abs_feat_delta = 0.277317\n"}
,{"stream_name":"stdout","time":1459.699868045,"data":"SECONDARY_EDGE_TTA_ACTIVE views = 8 weight = 0.75 mean_abs_feat_delta = 0.253821\n"}
,{"stream_name":"stdout","time":1459.704231754,"data":"BIOHUB_RETENTION_GUARD {\"blended_candidates\": 451, \"dataset\": \"44b6_12dfb391\", \"frame\": 27, \"minimum_retention\": 0.9, \"primary_candidates\": 504, \"retention\": 0.8948412698412699, \"use_primary\": true}\n"}
,{"stream_name":"stdout","time":1459.946870915,"data":"EDGE_TTA_ACTIVE views = 8 mean_abs_feat_delta = 0.340484\n"}
,{"stream_name":"stdout","time":1460.936592439,"data":"SECONDARY_EDGE_TTA_ACTIVE views = 8 weight = 0.75 mean_abs_feat_delta = 0.289551\n"}
,{"stream_name":"stdout","time":1460.937801521,"data":"EDGE_TTA_ACTIVE views = 8 mean_abs_feat_delta = 0.351638\n"}
,{"stream_name":"stdout","time":1461.845909024,"data":"SECONDARY_EDGE_TTA_ACTIVE views = 8 weight = 0.75 mean_abs_feat_delta = 0.252121\n"}
,{"stream_name":"stdout","time":1461.925004708,"data":"EDGE_TTA_ACTIVE views = 8 mean_abs_feat_delta = 0.356776\n"}
,{"stream_name":"stdout","time":1462.8459192,"data":"SECONDARY_EDGE_TTA_ACTIVE views = 8 weight = 0.75 mean_abs_feat_delta = 0.298782\n"}
,{"stream_name":"stdout","time":1462.999627182,"data":"EDGE_TTA_ACTIVE views = 8 mean_abs_feat_delta = 0.3532\n"}
,{"stream_name":"stdout","time":1463.896713955,"data":"EDGE_TTA_ACTIVE views = 8 mean_abs_feat_delta = 0.355165\n"}
,{"stream_name":"stdout","time":1463.972187092,"data":"SECONDARY_EDGE_TTA_ACTIVE views = 8 weight = 0.75 mean_abs_feat_delta = 0.254307\n"}
,{"stream_name":"stdout","time":1464.818253287,"data":"SECONDARY_EDGE_TTA_ACTIVE views = 8 weight = 0.75 mean_abs_feat_delta = 0.295177\n"}
,{"stream_name":"stdout","time":1465.126063484,"data":"EDGE_TTA_ACTIVE views = 8 mean_abs_feat_delta = 0.350487\n"}
,{"stream_name":"stdout","time":1465.876009497,"data":"EDGE_TTA_ACTIVE views = 8 mean_abs_feat_delta = 0.355677\n"}
,{"stream_name":"stdout","time":1466.098731156,"data":"SECONDARY_EDGE_TTA_ACTIVE views = 8 weight = 0.75 mean_abs_feat_delta = 0.254731\n"}
,{"stream_name":"stdout","time":1466.796724563,"data":"SECONDARY_EDGE_TTA_ACTIVE views = 8 weight = 0.75 mean_abs_feat_delta = 0.303441\n"}
,{"stream_name":"stdout","time":1467.230711465,"data":"EDGE_TTA_ACTIVE views = 8 mean_abs_feat_delta = 0.348036\n"}
,{"stream_name":"stdout","time":1467.842876945,"data":"EDGE_TTA_ACTIVE views = 8 mean_abs_feat_delta = 0.358773\n"}
,{"stream_name":"stdout","time":1468.202033201,"data":"SECONDARY_EDGE_TTA_ACTIVE views = 8 weight = 0.75 mean_abs_feat_delta = 0.251975\n"}
,{"stream_name":"stdout","time":1468.761983203,"data":"SECONDARY_EDGE_TTA_ACTIVE views = 8 weight = 0.75 mean_abs_feat_delta = 0.292043\n"}
,{"stream_name":"stdout","time":1469.334492526,"data":"EDGE_TTA_ACTIVE views = 8 mean_abs_feat_delta = 0.346153\n"}
,{"stream_name":"stdout","time":1469.791663599,"data":"EDGE_TTA_ACTIVE views = 8 mean_abs_feat_delta = 0.357316\n"}
,{"stream_name":"stdout","time":1470.307397639,"data":"SECONDARY_EDGE_TTA_ACTIVE views = 8 weight = 0.75 mean_abs_feat_delta = 0.2518\n"}
,{"stream_name":"stdout","time":1470.711901982,"data":"SECONDARY_EDGE_TTA_ACTIVE views = 8 weight = 0.75 mean_abs_feat_delta = 0.28185\n"}
,{"stream_name":"stdout","time":1471.430132316,"data":"EDGE_TTA_ACTIVE views = 8 mean_abs_feat_delta = 0.343208\n"}
,{"stream_name":"stdout","time":1471.745288983,"data":"EDGE_TTA_ACTIVE views = 8 mean_abs_feat_delta = 0.358984\n"}
,{"stream_name":"stdout","time":1472.397672659,"data":"SECONDARY_EDGE_TTA_ACTIVE views = 8 weight = 0.75 mean_abs_feat_delta = 0.253283\n"}
,{"stream_name":"stdout","time":1472.666507863,"data":"SECONDARY_EDGE_TTA_ACTIVE views = 8 weight = 0.75 mean_abs_feat_delta = 0.283606\n"}
,{"stream_name":"stdout","time":1473.523460092,"data":"EDGE_TTA_ACTIVE views = 8 mean_abs_feat_delta = 0.345655\n"}
,{"stream_name":"stdout","time":1473.701364766,"data":"EDGE_TTA_ACTIVE views = 8 mean_abs_feat_delta = 0.372369\n"}
,{"stream_name":"stdout","time":1474.489160651,"data":"SECONDARY_EDGE_TTA_ACTIVE views = 8 weight = 0.75 mean_abs_feat_delta = 0.249597\n"}
,{"stream_name":"stdout","time":1474.621386086,"data":"SECONDARY_EDGE_TTA_ACTIVE views = 8 weight = 0.75 mean_abs_feat_delta = 0.287079\n"}
,{"stream_name":"stdout","time":1475.634569855,"data":"EDGE_TTA_ACTIVE views = 8 mean_abs_feat_delta = 0.348487\n"}
,{"stream_name":"stdout","time":1475.721302059,"data":"EDGE_TTA_ACTIVE views = 8 mean_abs_feat_delta = 0.382121\n"}
,{"stream_name":"stdout","time":1476.599116909,"data":"SECONDARY_EDGE_TTA_ACTIVE views = 8 weight = 0.75 mean_abs_feat_delta = 0.249809\n"}
,{"stream_name":"stdout","time":1476.60321236,"data":"BIOHUB_RETENTION_GUARD {\"blended_candidates\": 449, \"dataset\": \"44b6_12dfb391\", \"frame\": 35, \"minimum_retention\": 0.9, \"primary_candidates\": 506, \"retention\": 0.8873517786561265, \"use_primary\": true}\n"}
,{"stream_name":"stdout","time":1476.643266475,"data":"SECONDARY_EDGE_TTA_ACTIVE views = 8 weight = 0.75 mean_abs_feat_delta = 0.288642\n"}
,{"stream_name":"stdout","time":1477.720488758,"data":"EDGE_TTA_ACTIVE views = 8 mean_abs_feat_delta = 0.389142\n"}
,{"stream_name":"stdout","time":1477.772596388,"data":"EDGE_TTA_ACTIVE views = 8 mean_abs_feat_delta = 0.348239\n"}
,{"stream_name":"stdout","time":1478.642232198,"data":"SECONDARY_EDGE_TTA_ACTIVE views = 8 weight = 0.75 mean_abs_feat_delta = 0.300535\n"}
,{"stream_name":"stdout","time":1478.745327525,"data":"SECONDARY_EDGE_TTA_ACTIVE views = 8 weight = 0.75 mean_abs_feat_delta = 0.253116\n"}
,{"stream_name":"stdout","time":1478.749086354,"data":"BIOHUB_RETENTION_GUARD {\"blended_candidates\": 452, \"dataset\": \"44b6_12dfb391\", \"frame\": 36, \"minimum_retention\": 0.9, \"primary_candidates\": 510, \"retention\": 0.8862745098039215, \"use_primary\": true}\n"}
,{"stream_name":"stdout","time":1479.703305963,"data":"EDGE_TTA_ACTIVE views = 8 mean_abs_feat_delta = 0.415695\n"}
,{"stream_name":"stdout","time":1479.919678654,"data":"EDGE_TTA_ACTIVE views = 8 mean_abs_feat_delta = 0.347637\n"}
,{"stream_name":"stdout","time":1480.632115871,"data":"SECONDARY_EDGE_TTA_ACTIVE views = 8 weight = 0.75 mean_abs_feat_delta = 0.294357\n"}
,{"stream_name":"stdout","time":1480.894240378,"data":"SECONDARY_EDGE_TTA_ACTIVE views = 8 weight = 0.75 mean_abs_feat_delta = 0.255726\n"}
,{"stream_name":"stdout","time":1480.899163592,"data":"BIOHUB_RETENTION_GUARD {\"blended_candidates\": 459, \"dataset\": \"44b6_12dfb391\", \"frame\": 37, \"minimum_retention\": 0.9, \"primary_candidates\": 517, \"retention\": 0.8878143133462283, \"use_primary\": true}\n"}
,{"stream_name":"stdout","time":1481.670720112,"data":"EDGE_TTA_ACTIVE views = 8 mean_abs_feat_delta = 0.401917\n"}
,{"stream_name":"stdout","time":1482.066351556,"data":"EDGE_TTA_ACTIVE views = 8 mean_abs_feat_delta = 0.347183\n"}
,{"stream_name":"stdout","time":1482.597819148,"data":"SECONDARY_EDGE_TTA_ACTIVE views = 8 weight = 0.75 mean_abs_feat_delta = 0.293557\n"}
,{"stream_name":"stdout","time":1483.037505596,"data":"SECONDARY_EDGE_TTA_ACTIVE views = 8 weight = 0.75 mean_abs_feat_delta = 0.255591\n"}
,{"stream_name":"stdout","time":1483.634764095,"data":"EDGE_TTA_ACTIVE views = 8 mean_abs_feat_delta = 0.408829\n"}
,{"stream_name":"stdout","time":1484.17867986,"data":"EDGE_TTA_ACTIVE views = 8 mean_abs_feat_delta = 0.347762\n"}
,{"stream_name":"stdout","time":1484.56379448,"data":"SECONDARY_EDGE_TTA_ACTIVE views = 8 weight = 0.75 mean_abs_feat_delta = 0.30141\n"}
,{"stream_name":"stdout","time":1485.153462573,"data":"SECONDARY_EDGE_TTA_ACTIVE views = 8 weight = 0.75 mean_abs_feat_delta = 0.252775\n"}
,{"stream_name":"stdout","time":1485.609627611,"data":"EDGE_TTA_ACTIVE views = 8 mean_abs_feat_delta = 0.405254\n"}
,{"stream_name":"stdout","time":1486.288081757,"data":"EDGE_TTA_ACTIVE views = 8 mean_abs_feat_delta = 0.349684\n"}
,{"stream_name":"stdout","time":1486.537631622,"data":"SECONDARY_EDGE_TTA_ACTIVE views = 8 weight = 0.75 mean_abs_feat_delta = 0.297647\n"}
,{"stream_name":"stdout","time":1487.261641618,"data":"SECONDARY_EDGE_TTA_ACTIVE views = 8 weight = 0.75 mean_abs_feat_delta = 0.252485\n"}
,{"stream_name":"stdout","time":1487.574492493,"data":"EDGE_TTA_ACTIVE views = 8 mean_abs_feat_delta = 0.414187\n"}
,{"stream_name":"stdout","time":1488.416334364,"data":"EDGE_TTA_ACTIVE views = 8 mean_abs_feat_delta = 0.352443\n"}
,{"stream_name":"stdout","time":1488.503799954,"data":"SECONDARY_EDGE_TTA_ACTIVE views = 8 weight = 0.75 mean_abs_feat_delta = 0.296096\n"}
,{"stream_name":"stdout","time":1489.389848394,"data":"SECONDARY_EDGE_TTA_ACTIVE views = 8 weight = 0.75 mean_abs_feat_delta = 0.248666\n"}
,{"stream_name":"stdout","time":1489.531535284,"data":"EDGE_TTA_ACTIVE views = 8 mean_abs_feat_delta = 0.407156\n"}
,{"stream_name":"stdout","time":1490.463262498,"data":"SECONDARY_EDGE_TTA_ACTIVE views = 8 weight = 0.75 mean_abs_feat_delta = 0.296439\n"}
,{"stream_name":"stdout","time":1490.530441925,"data":"EDGE_TTA_ACTIVE views = 8 mean_abs_feat_delta = 0.352904\n"}
,{"stream_name":"stdout","time":1491.574373391,"data":"EDGE_TTA_ACTIVE views = 8 mean_abs_feat_delta = 0.390532\n"}
,{"stream_name":"stdout","time":1491.575583755,"data":"SECONDARY_EDGE_TTA_ACTIVE views = 8 weight = 0.75 mean_abs_feat_delta = 0.248396\n"}
,{"stream_name":"stdout","time":1492.427179311,"data":"SECONDARY_EDGE_TTA_ACTIVE views = 8 weight = 0.75 mean_abs_feat_delta = 0.27503\n"}
,{"stream_name":"stdout","time":1492.672169911,"data":"EDGE_TTA_ACTIVE views = 8 mean_abs_feat_delta = 0.355994\n"}
,{"stream_name":"stdout","time":1493.45916694,"data":"EDGE_TTA_ACTIVE views = 8 mean_abs_feat_delta = 0.375064\n"}
,{"stream_name":"stdout","time":1493.646150892,"data":"SECONDARY_EDGE_TTA_ACTIVE views = 8 weight = 0.75 mean_abs_feat_delta = 0.252977\n"}
,{"stream_name":"stdout","time":1494.39509479,"data":"SECONDARY_EDGE_TTA_ACTIVE views = 8 weight = 0.75 mean_abs_feat_delta = 0.274185\n"}
,{"stream_name":"stdout","time":1494.852015671,"data":"EDGE_TTA_ACTIVE views = 8 mean_abs_feat_delta = 0.362223\n"}
,{"stream_name":"stdout","time":1495.438267,"data":"EDGE_TTA_ACTIVE views = 8 mean_abs_feat_delta = 0.357722\n"}
,{"stream_name":"stdout","time":1495.827437196,"data":"SECONDARY_EDGE_TTA_ACTIVE views = 8 weight = 0.75 mean_abs_feat_delta = 0.253495\n"}
,{"stream_name":"stdout","time":1496.37232398,"data":"SECONDARY_EDGE_TTA_ACTIVE views = 8 weight = 0.75 mean_abs_feat_delta = 0.285894\n"}
,{"stream_name":"stdout","time":1496.983129395,"data":"EDGE_TTA_ACTIVE views = 8 mean_abs_feat_delta = 0.364163\n"}
,{"stream_name":"stdout","time":1497.426201492,"data":"EDGE_TTA_ACTIVE views = 8 mean_abs_feat_delta = 0.377175\n"}
,{"stream_name":"stdout","time":1497.962921156,"data":"SECONDARY_EDGE_TTA_ACTIVE views = 8 weight = 0.75 mean_abs_feat_delta = 0.253609\n"}
,{"stream_name":"stdout","time":1498.362604399,"data":"SECONDARY_EDGE_TTA_ACTIVE views = 8 weight = 0.75 mean_abs_feat_delta = 0.29469\n"}
,{"stream_name":"stdout","time":1499.11501953,"data":"EDGE_TTA_ACTIVE views = 8 mean_abs_feat_delta = 0.360264\n"}
,{"stream_name":"stdout","time":1499.407686759,"data":"EDGE_TTA_ACTIVE views = 8 mean_abs_feat_delta = 0.370458\n"}
,{"stream_name":"stdout","time":1500.091792685,"data":"SECONDARY_EDGE_TTA_ACTIVE views = 8 weight = 0.75 mean_abs_feat_delta = 0.251736\n"}
,{"stream_name":"stdout","time":1500.345906994,"data":"SECONDARY_EDGE_TTA_ACTIVE views = 8 weight = 0.75 mean_abs_feat_delta = 0.297902\n"}
,{"stream_name":"stdout","time":1501.225457357,"data":"EDGE_TTA_ACTIVE views = 8 mean_abs_feat_delta = 0.356608\n"}
,{"stream_name":"stdout","time":1501.404147685,"data":"EDGE_TTA_ACTIVE views = 8 mean_abs_feat_delta = 0.358848\n"}
,{"stream_name":"stdout","time":1502.198483619,"data":"SECONDARY_EDGE_TTA_ACTIVE views = 8 weight = 0.75 mean_abs_feat_delta = 0.252387\n"}
,{"stream_name":"stdout","time":1502.348663906,"data":"SECONDARY_EDGE_TTA_ACTIVE views = 8 weight = 0.75 mean_abs_feat_delta = 0.292079\n"}
,{"stream_name":"stdout","time":1503.3519151,"data":"EDGE_TTA_ACTIVE views = 8 mean_abs_feat_delta = 0.354367\n"}
,{"stream_name":"stdout","time":1503.426873099,"data":"EDGE_TTA_ACTIVE views = 8 mean_abs_feat_delta = 0.382742\n"}
,{"stream_name":"stdout","time":1504.326571644,"data":"SECONDARY_EDGE_TTA_ACTIVE views = 8 weight = 0.75 mean_abs_feat_delta = 0.254964\n"}
,{"stream_name":"stdout","time":1504.37394682,"data":"SECONDARY_EDGE_TTA_ACTIVE views = 8 weight = 0.75 mean_abs_feat_delta = 0.305102\n"}
,{"stream_name":"stdout","time":1505.459099835,"data":"EDGE_TTA_ACTIVE views = 8 mean_abs_feat_delta = 0.415987\n"}
,{"stream_name":"stdout","time":1505.478032304,"data":"EDGE_TTA_ACTIVE views = 8 mean_abs_feat_delta = 0.354144\n"}
,{"stream_name":"stdout","time":1506.415172491,"data":"SECONDARY_EDGE_TTA_ACTIVE views = 8 weight = 0.75 mean_abs_feat_delta = 0.311069\n"}
,{"stream_name":"stdout","time":1506.45380919,"data":"SECONDARY_EDGE_TTA_ACTIVE views = 8 weight = 0.75 mean_abs_feat_delta = 0.255942\n"}
,{"stream_name":"stdout","time":1507.46747379,"data":"EDGE_TTA_ACTIVE views = 8 mean_abs_feat_delta = 0.378636\n"}
,{"stream_name":"stdout","time":1507.64920288,"data":"EDGE_TTA_ACTIVE views = 8 mean_abs_feat_delta = 0.352179\n"}
,{"stream_name":"stdout","time":1508.416610955,"data":"SECONDARY_EDGE_TTA_ACTIVE views = 8 weight = 0.75 mean_abs_feat_delta = 0.306551\n"}
,{"stream_name":"stdout","time":1508.62293935,"data":"SECONDARY_EDGE_TTA_ACTIVE views = 8 weight = 0.75 mean_abs_feat_delta = 0.258443\n"}
,{"stream_name":"stdout","time":1509.506534278,"data":"EDGE_TTA_ACTIVE views = 8 mean_abs_feat_delta = 0.374978\n"}
,{"stream_name":"stdout","time":1509.774950001,"data":"EDGE_TTA_ACTIVE views = 8 mean_abs_feat_delta = 0.354896\n"}
,{"stream_name":"stdout","time":1510.453475293,"data":"SECONDARY_EDGE_TTA_ACTIVE views = 8 weight = 0.75 mean_abs_feat_delta = 0.306449\n"}
,{"stream_name":"stdout","time":1510.751498121,"data":"SECONDARY_EDGE_TTA_ACTIVE views = 8 weight = 0.75 mean_abs_feat_delta = 0.262635\n"}
,{"stream_name":"stdout","time":1511.53592087,"data":"EDGE_TTA_ACTIVE views = 8 mean_abs_feat_delta = 0.383634\n"}
,{"stream_name":"stdout","time":1511.945454565,"data":"EDGE_TTA_ACTIVE views = 8 mean_abs_feat_delta = 0.350365\n"}
,{"stream_name":"stdout","time":1512.488850583,"data":"SECONDARY_EDGE_TTA_ACTIVE views = 8 weight = 0.75 mean_abs_feat_delta = 0.308174\n"}
,{"stream_name":"stdout","time":1512.920297404,"data":"SECONDARY_EDGE_TTA_ACTIVE views = 8 weight = 0.75 mean_abs_feat_delta = 0.258198\n"}
,{"stream_name":"stdout","time":1513.54468907,"data":"EDGE_TTA_ACTIVE views = 8 mean_abs_feat_delta = 0.382868\n"}
,{"stream_name":"stdout","time":1514.074871725,"data":"EDGE_TTA_ACTIVE views = 8 mean_abs_feat_delta = 0.347874\n"}
,{"stream_name":"stdout","time":1514.497709584,"data":"SECONDARY_EDGE_TTA_ACTIVE views = 8 weight = 0.75 mean_abs_feat_delta = 0.31087\n"}
,{"stream_name":"stdout","time":1515.048002482,"data":"SECONDARY_EDGE_TTA_ACTIVE views = 8 weight = 0.75 mean_abs_feat_delta = 0.253125\n"}
,{"stream_name":"stdout","time":1515.558699245,"data":"EDGE_TTA_ACTIVE views = 8 mean_abs_feat_delta = 0.371306\n"}
,{"stream_name":"stdout","time":1516.202087766,"data":"EDGE_TTA_ACTIVE views = 8 mean_abs_feat_delta = 0.349339\n"}
,{"stream_name":"stdout","time":1516.510697725,"data":"SECONDARY_EDGE_TTA_ACTIVE views = 8 weight = 0.75 mean_abs_feat_delta = 0.30185\n"}
,{"stream_name":"stdout","time":1517.189893038,"data":"SECONDARY_EDGE_TTA_ACTIVE views = 8 weight = 0.75 mean_abs_feat_delta = 0.252199\n"}
,{"stream_name":"stdout","time":1517.619360563,"data":"EDGE_TTA_ACTIVE views = 8 mean_abs_feat_delta = 0.370302\n"}
,{"stream_name":"stdout","time":1518.330645496,"data":"EDGE_TTA_ACTIVE views = 8 mean_abs_feat_delta = 0.350442\n"}
,{"stream_name":"stdout","time":1518.572204748,"data":"SECONDARY_EDGE_TTA_ACTIVE views = 8 weight = 0.75 mean_abs_feat_delta = 0.299542\n"}
,{"stream_name":"stdout","time":1519.318151162,"data":"SECONDARY_EDGE_TTA_ACTIVE views = 8 weight = 0.75 mean_abs_feat_delta = 0.255465\n"}
,{"stream_name":"stdout","time":1519.32239942,"data":"BIOHUB_RETENTION_GUARD {\"blended_candidates\": 471, \"dataset\": \"44b6_12dfb391\", \"frame\": 55, \"minimum_retention\": 0.9, \"primary_candidates\": 525, \"retention\": 0.8971428571428571, \"use_primary\": true}\n"}
,{"stream_name":"stdout","time":1519.630796319,"data":"EDGE_TTA_ACTIVE views = 8 mean_abs_feat_delta = 0.37583\n"}
,{"stream_name":"stdout","time":1520.476661314,"data":"EDGE_TTA_ACTIVE views = 8 mean_abs_feat_delta = 0.350606\n"}
,{"stream_name":"stdout","time":1520.581948386,"data":"SECONDARY_EDGE_TTA_ACTIVE views = 8 weight = 0.75 mean_abs_feat_delta = 0.303905\n"}
,{"stream_name":"stdout","time":1521.452632593,"data":"SECONDARY_EDGE_TTA_ACTIVE views = 8 weight = 0.75 mean_abs_feat_delta = 0.258276\n"}
,{"stream_name":"stdout","time":1521.456452994,"data":"BIOHUB_RETENTION_GUARD {\"blended_candidates\": 466, \"dataset\": \"44b6_12dfb391\", \"frame\": 56, \"minimum_retention\": 0.9, \"primary_candidates\": 529, \"retention\": 0.8809073724007561, \"use_primary\": true}\n"}
,{"stream_name":"stdout","time":1521.78942825,"data":"EDGE_TTA_ACTIVE views = 8 mean_abs_feat_delta = 0.368756\n"}
,{"stream_name":"stdout","time":1522.647099179,"data":"EDGE_TTA_ACTIVE views = 8 mean_abs_feat_delta = 0.351002\n"}
,{"stream_name":"stdout","time":1522.664613433,"data":"SECONDARY_EDGE_TTA_ACTIVE views = 8 weight = 0.75 mean_abs_feat_delta = 0.306369\n"}
,{"stream_name":"stdout","time":1523.637771572,"data":"SECONDARY_EDGE_TTA_ACTIVE views = 8 weight = 0.75 mean_abs_feat_delta = 0.259739\n"}
,{"stream_name":"stdout","time":1523.641804058,"data":"BIOHUB_RETENTION_GUARD {\"blended_candidates\": 463, \"dataset\": \"44b6_12dfb391\", \"frame\": 57, \"minimum_retention\": 0.9, \"primary_candidates\": 525, \"retention\": 0.8819047619047619, \"use_primary\": true}\n"}
,{"stream_name":"stdout","time":1523.756284258,"data":"EDGE_TTA_ACTIVE views = 8 mean_abs_feat_delta = 0.352766\n"}
,{"stream_name":"stdout","time":1524.712530136,"data":"SECONDARY_EDGE_TTA_ACTIVE views = 8 weight = 0.75 mean_abs_feat_delta = 0.308458\n"}
,{"stream_name":"stdout","time":1524.834156391,"data":"EDGE_TTA_ACTIVE views = 8 mean_abs_feat_delta = 0.351435\n"}
,{"stream_name":"stdout","time":1525.811846728,"data":"EDGE_TTA_ACTIVE views = 8 mean_abs_feat_delta = 0.366005\n"}
,{"stream_name":"stdout","time":1525.824544982,"data":"SECONDARY_EDGE_TTA_ACTIVE views = 8 weight = 0.75 mean_abs_feat_delta = 0.258261\n"}
,{"stream_name":"stdout","time":1525.828670931,"data":"BIOHUB_RETENTION_GUARD {\"blended_candidates\": 462, \"dataset\": \"44b6_12dfb391\", \"frame\": 58, \"minimum_retention\": 0.9, \"primary_candidates\": 524, \"retention\": 0.8816793893129771, \"use_primary\": true}\n"}
,{"stream_name":"stdout","time":1526.77224346,"data":"SECONDARY_EDGE_TTA_ACTIVE views = 8 weight = 0.75 mean_abs_feat_delta = 0.30506\n"}
,{"stream_name":"stdout","time":1527.000805183,"data":"EDGE_TTA_ACTIVE views = 8 mean_abs_feat_delta = 0.350102\n"}
,{"stream_name":"stdout","time":1527.834749875,"data":"EDGE_TTA_ACTIVE views = 8 mean_abs_feat_delta = 0.365954\n"}
,{"stream_name":"stdout","time":1527.990534781,"data":"SECONDARY_EDGE_TTA_ACTIVE views = 8 weight = 0.75 mean_abs_feat_delta = 0.257837\n"}
,{"stream_name":"stdout","time":1527.994602834,"data":"BIOHUB_RETENTION_GUARD {\"blended_candidates\": 458, \"dataset\": \"44b6_12dfb391\", \"frame\": 59, \"minimum_retention\": 0.9, \"primary_candidates\": 532, \"retention\": 0.8609022556390977, \"use_primary\": true}\n"}
,{"stream_name":"stdout","time":1528.792502285,"data":"SECONDARY_EDGE_TTA_ACTIVE views = 8 weight = 0.75 mean_abs_feat_delta = 0.301287\n"}
,{"stream_name":"stdout","time":1529.185420317,"data":"EDGE_TTA_ACTIVE views = 8 mean_abs_feat_delta = 0.347603\n"}
,{"stream_name":"stdout","time":1529.873472392,"data":"EDGE_TTA_ACTIVE views = 8 mean_abs_feat_delta = 0.362198\n"}
,{"stream_name":"stdout","time":1530.174563346,"data":"SECONDARY_EDGE_TTA_ACTIVE views = 8 weight = 0.75 mean_abs_feat_delta = 0.256754\n"}
,{"stream_name":"stdout","time":1530.830967254,"data":"SECONDARY_EDGE_TTA_ACTIVE views = 8 weight = 0.75 mean_abs_feat_delta = 0.294341\n"}
,{"stream_name":"stdout","time":1531.351170801,"data":"EDGE_TTA_ACTIVE views = 8 mean_abs_feat_delta = 0.347903\n"}
,{"stream_name":"stdout","time":1531.934640377,"data":"EDGE_TTA_ACTIVE views = 8 mean_abs_feat_delta = 0.35614\n"}
,{"stream_name":"stdout","time":1532.32848783,"data":"SECONDARY_EDGE_TTA_ACTIVE views = 8 weight = 0.75 mean_abs_feat_delta = 0.257976\n"}
,{"stream_name":"stdout","time":1532.332406711,"data":"BIOHUB_RETENTION_GUARD {\"blended_candidates\": 462, \"dataset\": \"44b6_12dfb391\", \"frame\": 61, \"minimum_retention\": 0.9, \"primary_candidates\": 543, \"retention\": 0.850828729281768, \"use_primary\": true}\n"}
,{"stream_name":"stdout","time":1532.895971333,"data":"SECONDARY_EDGE_TTA_ACTIVE views = 8 weight = 0.75 mean_abs_feat_delta = 0.294633\n"}
,{"stream_name":"stdout","time":1533.480689573,"data":"EDGE_TTA_ACTIVE views = 8 mean_abs_feat_delta = 0.346794\n"}
,{"stream_name":"stdout","time":1533.951039671,"data":"EDGE_TTA_ACTIVE views = 8 mean_abs_feat_delta = 0.360441\n"}
,{"stream_name":"stdout","time":1534.454039298,"data":"SECONDARY_EDGE_TTA_ACTIVE views = 8 weight = 0.75 mean_abs_feat_delta = 0.26024\n"}
,{"stream_name":"stdout","time":1534.906983199,"data":"SECONDARY_EDGE_TTA_ACTIVE views = 8 weight = 0.75 mean_abs_feat_delta = 0.298228\n"}
,{"stream_name":"stdout","time":1535.624956494,"data":"EDGE_TTA_ACTIVE views = 8 mean_abs_feat_delta = 0.347265\n"}
,{"stream_name":"stdout","time":1535.964848956,"data":"EDGE_TTA_ACTIVE views = 8 mean_abs_feat_delta = 0.346937\n"}
,{"stream_name":"stdout","time":1536.601499523,"data":"SECONDARY_EDGE_TTA_ACTIVE views = 8 weight = 0.75 mean_abs_feat_delta = 0.260445\n"}
,{"stream_name":"stdout","time":1536.605571406,"data":"BIOHUB_RETENTION_GUARD {\"blended_candidates\": 491, \"dataset\": \"44b6_12dfb391\", \"frame\": 63, \"minimum_retention\": 0.9, \"primary_candidates\": 548, \"retention\": 0.8959854014598541, \"use_primary\": true}\n"}
,{"stream_name":"stdout","time":1536.93212026,"data":"SECONDARY_EDGE_TTA_ACTIVE views = 8 weight = 0.75 mean_abs_feat_delta = 0.293231\n"}
,{"stream_name":"stdout","time":1537.77416995,"data":"EDGE_TTA_ACTIVE views = 8 mean_abs_feat_delta = 0.354895\n"}
,{"stream_name":"stdout","time":1537.979045556,"data":"EDGE_TTA_ACTIVE views = 8 mean_abs_feat_delta = 0.351835\n"}
,{"stream_name":"stdout","time":1538.752121495,"data":"SECONDARY_EDGE_TTA_ACTIVE views = 8 weight = 0.75 mean_abs_feat_delta = 0.262205\n"}
,{"stream_name":"stdout","time":1538.938108427,"data":"SECONDARY_EDGE_TTA_ACTIVE views = 8 weight = 0.75 mean_abs_feat_delta = 0.292217\n"}
,{"stream_name":"stdout","time":1539.904686146,"data":"EDGE_TTA_ACTIVE views = 8 mean_abs_feat_delta = 0.354989\n"}
,{"stream_name":"stdout","time":1539.988533898,"data":"EDGE_TTA_ACTIVE views = 8 mean_abs_feat_delta = 0.354093\n"}
,{"stream_name":"stdout","time":1540.881965798,"data":"SECONDARY_EDGE_TTA_ACTIVE views = 8 weight = 0.75 mean_abs_feat_delta = 0.266095\n"}
,{"stream_name":"stdout","time":1540.953312889,"data":"SECONDARY_EDGE_TTA_ACTIVE views = 8 weight = 0.75 mean_abs_feat_delta = 0.278595\n"}
,{"stream_name":"stdout","time":1542.014603589,"data":"EDGE_TTA_ACTIVE views = 8 mean_abs_feat_delta = 0.359817\n"}
,{"stream_name":"stdout","time":1542.074794365,"data":"EDGE_TTA_ACTIVE views = 8 mean_abs_feat_delta = 0.351351\n"}
,{"stream_name":"stdout","time":1542.973671602,"data":"SECONDARY_EDGE_TTA_ACTIVE views = 8 weight = 0.75 mean_abs_feat_delta = 0.264409\n"}
,{"stream_name":"stdout","time":1543.050348968,"data":"SECONDARY_EDGE_TTA_ACTIVE views = 8 weight = 0.75 mean_abs_feat_delta = 0.263703\n"}
,{"stream_name":"stdout","time":1544.031916044,"data":"EDGE_TTA_ACTIVE views = 8 mean_abs_feat_delta = 0.357588\n"}
,{"stream_name":"stdout","time":1544.227922876,"data":"EDGE_TTA_ACTIVE views = 8 mean_abs_feat_delta = 0.35502\n"}
,{"stream_name":"stdout","time":1544.998580699,"data":"SECONDARY_EDGE_TTA_ACTIVE views = 8 weight = 0.75 mean_abs_feat_delta = 0.267459\n"}
,{"stream_name":"stdout","time":1545.203592298,"data":"SECONDARY_EDGE_TTA_ACTIVE views = 8 weight = 0.75 mean_abs_feat_delta = 0.26367\n"}
,{"stream_name":"stdout","time":1546.050602591,"data":"EDGE_TTA_ACTIVE views = 8 mean_abs_feat_delta = 0.349183\n"}
,{"stream_name":"stdout","time":1546.413547872,"data":"EDGE_TTA_ACTIVE views = 8 mean_abs_feat_delta = 0.359205\n"}
,{"stream_name":"stdout","time":1547.015326273,"data":"SECONDARY_EDGE_TTA_ACTIVE views = 8 weight = 0.75 mean_abs_feat_delta = 0.266307\n"}
,{"stream_name":"stdout","time":1547.393319427,"data":"SECONDARY_EDGE_TTA_ACTIVE views = 8 weight = 0.75 mean_abs_feat_delta = 0.258506\n"}
,{"stream_name":"stdout","time":1547.397025145,"data":"BIOHUB_RETENTION_GUARD {\"blended_candidates\": 500, \"dataset\": \"44b6_12dfb391\", \"frame\": 68, \"minimum_retention\": 0.9, \"primary_candidates\": 560, \"retention\": 0.8928571428571429, \"use_primary\": true}\n"}
,{"stream_name":"stdout","time":1548.071722892,"data":"EDGE_TTA_ACTIVE views = 8 mean_abs_feat_delta = 0.36472\n"}
,{"stream_name":"stdout","time":1548.550068184,"data":"EDGE_TTA_ACTIVE views = 8 mean_abs_feat_delta = 0.360613\n"}
,{"stream_name":"stdout","time":1549.029721285,"data":"SECONDARY_EDGE_TTA_ACTIVE views = 8 weight = 0.75 mean_abs_feat_delta = 0.277175\n"}
,{"stream_name":"stdout","time":1549.525921353,"data":"SECONDARY_EDGE_TTA_ACTIVE views = 8 weight = 0.75 mean_abs_feat_delta = 0.259032\n"}
,{"stream_name":"stdout","time":1549.529630342,"data":"BIOHUB_RETENTION_GUARD {\"blended_candidates\": 482, \"dataset\": \"44b6_12dfb391\", \"frame\": 69, \"minimum_retention\": 0.9, \"primary_candidates\": 570, \"retention\": 0.8456140350877193, \"use_primary\": true}\n"}
,{"stream_name":"stdout","time":1550.082004595,"data":"EDGE_TTA_ACTIVE views = 8 mean_abs_feat_delta = 0.367291\n"}
,{"stream_name":"stdout","time":1550.759059211,"data":"EDGE_TTA_ACTIVE views = 8 mean_abs_feat_delta = 0.361421\n"}
,{"stream_name":"stdout","time":1551.039295354,"data":"SECONDARY_EDGE_TTA_ACTIVE views = 8 weight = 0.75 mean_abs_feat_delta = 0.279843\n"}
,{"stream_name":"stdout","time":1551.735946788,"data":"SECONDARY_EDGE_TTA_ACTIVE views = 8 weight = 0.75 mean_abs_feat_delta = 0.262899\n"}
,{"stream_name":"stdout","time":1551.740126505,"data":"BIOHUB_RETENTION_GUARD {\"blended_candidates\": 471, \"dataset\": \"44b6_12dfb391\", \"frame\": 70, \"minimum_retention\": 0.9, \"primary_candidates\": 545, \"retention\": 0.8642201834862385, \"use_primary\": true}\n"}
,{"stream_name":"stdout","time":1552.175981176,"data":"EDGE_TTA_ACTIVE views = 8 mean_abs_feat_delta = 0.353095\n"}
,{"stream_name":"stdout","time":1552.968485292,"data":"EDGE_TTA_ACTIVE views = 8 mean_abs_feat_delta = 0.357184\n"}
,{"stream_name":"stdout","time":1553.050653886,"data":"SECONDARY_EDGE_TTA_ACTIVE views = 8 weight = 0.75 mean_abs_feat_delta = 0.274385\n"}
,{"stream_name":"stdout","time":1553.946648895,"data":"SECONDARY_EDGE_TTA_ACTIVE views = 8 weight = 0.75 mean_abs_feat_delta = 0.262505\n"}
,{"stream_name":"stdout","time":1553.950478483,"data":"BIOHUB_RETENTION_GUARD {\"blended_candidates\": 488, \"dataset\": \"44b6_12dfb391\", \"frame\": 71, \"minimum_retention\": 0.9, \"primary_candidates\": 555, \"retention\": 0.8792792792792793, \"use_primary\": true}\n"}
,{"stream_name":"stdout","time":1554.102193722,"data":"EDGE_TTA_ACTIVE views = 8 mean_abs_feat_delta = 0.338254\n"}
,{"stream_name":"stdout","time":1555.071046586,"data":"SECONDARY_EDGE_TTA_ACTIVE views = 8 weight = 0.75 mean_abs_feat_delta = 0.269188\n"}
,{"stream_name":"stdout","time":1555.138455872,"data":"EDGE_TTA_ACTIVE views = 8 mean_abs_feat_delta = 0.360613\n"}
,{"stream_name":"stdout","time":1556.113112479,"data":"SECONDARY_EDGE_TTA_ACTIVE views = 8 weight = 0.75 mean_abs_feat_delta = 0.260539\n"}
,{"stream_name":"stdout","time":1556.117013382,"data":"BIOHUB_RETENTION_GUARD {\"blended_candidates\": 487, \"dataset\": \"44b6_12dfb391\", \"frame\": 72, \"minimum_retention\": 0.9, \"primary_candidates\": 555, \"retention\": 0.8774774774774775, \"use_primary\": true}\n"}
,{"stream_name":"stdout","time":1556.167164496,"data":"EDGE_TTA_ACTIVE views = 8 mean_abs_feat_delta = 0.335377\n"}
,{"stream_name":"stdout","time":1557.12747023,"data":"SECONDARY_EDGE_TTA_ACTIVE views = 8 weight = 0.75 mean_abs_feat_delta = 0.281449\n"}
,{"stream_name":"stdout","time":1557.34930891,"data":"EDGE_TTA_ACTIVE views = 8 mean_abs_feat_delta = 0.361988\n"}
,{"stream_name":"stdout","time":1558.183596852,"data":"EDGE_TTA_ACTIVE views = 8 mean_abs_feat_delta = 0.332103\n"}
,{"stream_name":"stdout","time":1558.32448821,"data":"SECONDARY_EDGE_TTA_ACTIVE views = 8 weight = 0.75 mean_abs_feat_delta = 0.259945\n"}
,{"stream_name":"stdout","time":1559.155734959,"data":"SECONDARY_EDGE_TTA_ACTIVE views = 8 weight = 0.75 mean_abs_feat_delta = 0.283078\n"}
,{"stream_name":"stdout","time":1559.479090748,"data":"EDGE_TTA_ACTIVE views = 8 mean_abs_feat_delta = 0.361343\n"}
,{"stream_name":"stdout","time":1560.212647559,"data":"EDGE_TTA_ACTIVE views = 8 mean_abs_feat_delta = 0.336056\n"}
,{"stream_name":"stdout","time":1560.454618018,"data":"SECONDARY_EDGE_TTA_ACTIVE views = 8 weight = 0.75 mean_abs_feat_delta = 0.259606\n"}
,{"stream_name":"stdout","time":1560.458407363,"data":"BIOHUB_RETENTION_GUARD {\"blended_candidates\": 504, \"dataset\": \"44b6_12dfb391\", \"frame\": 74, \"minimum_retention\": 0.9, \"primary_candidates\": 564, \"retention\": 0.8936170212765957, \"use_primary\": true}\n"}
,{"stream_name":"stdout","time":1561.182604754,"data":"SECONDARY_EDGE_TTA_ACTIVE views = 8 weight = 0.75 mean_abs_feat_delta = 0.269824\n"}
,{"stream_name":"stdout","time":1561.668409727,"data":"EDGE_TTA_ACTIVE views = 8 mean_abs_feat_delta = 0.364735\n"}
,{"stream_name":"stdout","time":1562.261904944,"data":"EDGE_TTA_ACTIVE views = 8 mean_abs_feat_delta = 0.338817\n"}
,{"stream_name":"stdout","time":1562.642833072,"data":"SECONDARY_EDGE_TTA_ACTIVE views = 8 weight = 0.75 mean_abs_feat_delta = 0.262319\n"}
,{"stream_name":"stdout","time":1562.646282958,"data":"BIOHUB_RETENTION_GUARD {\"blended_candidates\": 468, \"dataset\": \"44b6_12dfb391\", \"frame\": 75, \"minimum_retention\": 0.9, \"primary_candidates\": 565, \"retention\": 0.8283185840707965, \"use_primary\": true}\n"}
,{"stream_name":"stdout","time":1563.234012,"data":"SECONDARY_EDGE_TTA_ACTIVE views = 8 weight = 0.75 mean_abs_feat_delta = 0.276964\n"}
,{"stream_name":"stdout","time":1563.854515171,"data":"EDGE_TTA_ACTIVE views = 8 mean_abs_feat_delta = 0.359082\n"}
,{"stream_name":"stdout","time":1564.286799483,"data":"EDGE_TTA_ACTIVE views = 8 mean_abs_feat_delta = 0.334961\n"}
,{"stream_name":"stdout","time":1564.829326666,"data":"SECONDARY_EDGE_TTA_ACTIVE views = 8 weight = 0.75 mean_abs_feat_delta = 0.263571\n"}
,{"stream_name":"stdout","time":1564.833109766,"data":"BIOHUB_RETENTION_GUARD {\"blended_candidates\": 507, \"dataset\": \"44b6_12dfb391\", \"frame\": 76, \"minimum_retention\": 0.9, \"primary_candidates\": 579, \"retention\": 0.8756476683937824, \"use_primary\": true}\n"}
,{"stream_name":"stdout","time":1565.258435788,"data":"SECONDARY_EDGE_TTA_ACTIVE views = 8 weight = 0.75 mean_abs_feat_delta = 0.266526\n"}
,{"stream_name":"stdout","time":1566.040526704,"data":"EDGE_TTA_ACTIVE views = 8 mean_abs_feat_delta = 0.356314\n"}
,{"stream_name":"stdout","time":1566.306474457,"data":"EDGE_TTA_ACTIVE views = 8 mean_abs_feat_delta = 0.344979\n"}
,{"stream_name":"stdout","time":1567.014427418,"data":"SECONDARY_EDGE_TTA_ACTIVE views = 8 weight = 0.75 mean_abs_feat_delta = 0.264168\n"}
,{"stream_name":"stdout","time":1567.018248251,"data":"BIOHUB_RETENTION_GUARD {\"blended_candidates\": 503, \"dataset\": \"44b6_12dfb391\", \"frame\": 77, \"minimum_retention\": 0.9, \"primary_candidates\": 582, \"retention\": 0.8642611683848798, \"use_primary\": true}\n"}
,{"stream_name":"stdout","time":1567.26718969,"data":"SECONDARY_EDGE_TTA_ACTIVE views = 8 weight = 0.75 mean_abs_feat_delta = 0.270012\n"}
,{"stream_name":"stdout","time":1568.190121008,"data":"EDGE_TTA_ACTIVE views = 8 mean_abs_feat_delta = 0.35617\n"}
,{"stream_name":"stdout","time":1568.355576012,"data":"EDGE_TTA_ACTIVE views = 8 mean_abs_feat_delta = 0.347989\n"}
,{"stream_name":"stdout","time":1569.162089427,"data":"SECONDARY_EDGE_TTA_ACTIVE views = 8 weight = 0.75 mean_abs_feat_delta = 0.26695\n"}
,{"stream_name":"stdout","time":1569.165937241,"data":"BIOHUB_RETENTION_GUARD {\"blended_candidates\": 519, \"dataset\": \"44b6_12dfb391\", \"frame\": 78, \"minimum_retention\": 0.9, \"primary_candidates\": 585, \"retention\": 0.8871794871794871, \"use_primary\": true}\n"}
,{"stream_name":"stdout","time":1569.317527249,"data":"SECONDARY_EDGE_TTA_ACTIVE views = 8 weight = 0.75 mean_abs_feat_delta = 0.271069\n"}
,{"stream_name":"stdout","time":1570.36666795,"data":"EDGE_TTA_ACTIVE views = 8 mean_abs_feat_delta = 0.350829\n"}
,{"stream_name":"stdout","time":1570.372715179,"data":"EDGE_TTA_ACTIVE views = 8 mean_abs_feat_delta = 0.351982\n"}
,{"stream_name":"stdout","time":1571.336228124,"data":"SECONDARY_EDGE_TTA_ACTIVE views = 8 weight = 0.75 mean_abs_feat_delta = 0.275012\n"}
,{"stream_name":"stdout","time":1571.347837189,"data":"SECONDARY_EDGE_TTA_ACTIVE views = 8 weight = 0.75 mean_abs_feat_delta = 0.263744\n"}
,{"stream_name":"stdout","time":1572.393050723,"data":"EDGE_TTA_ACTIVE views = 8 mean_abs_feat_delta = 0.344987\n"}
,{"stream_name":"stdout","time":1572.538438744,"data":"EDGE_TTA_ACTIVE views = 8 mean_abs_feat_delta = 0.35395\n"}
,{"stream_name":"stdout","time":1573.364115239,"data":"SECONDARY_EDGE_TTA_ACTIVE views = 8 weight = 0.75 mean_abs_feat_delta = 0.273804\n"}
,{"stream_name":"stdout","time":1573.512880125,"data":"SECONDARY_EDGE_TTA_ACTIVE views = 8 weight = 0.75 mean_abs_feat_delta = 0.262774\n"}
,{"stream_name":"stdout","time":1574.436027699,"data":"EDGE_TTA_ACTIVE views = 8 mean_abs_feat_delta = 0.329788\n"}
,{"stream_name":"stdout","time":1574.745597117,"data":"EDGE_TTA_ACTIVE views = 8 mean_abs_feat_delta = 0.35797\n"}
,{"stream_name":"stdout","time":1575.409220267,"data":"SECONDARY_EDGE_TTA_ACTIVE views = 8 weight = 0.75 mean_abs_feat_delta = 0.278785\n"}
,{"stream_name":"stdout","time":1575.720404775,"data":"SECONDARY_EDGE_TTA_ACTIVE views = 8 weight = 0.75 mean_abs_feat_delta = 0.263553\n"}
,{"stream_name":"stdout","time":1576.502709548,"data":"EDGE_TTA_ACTIVE views = 8 mean_abs_feat_delta = 0.329665\n"}
,{"stream_name":"stdout","time":1576.912175828,"data":"EDGE_TTA_ACTIVE views = 8 mean_abs_feat_delta = 0.358939\n"}
,{"stream_name":"stdout","time":1577.474601776,"data":"SECONDARY_EDGE_TTA_ACTIVE views = 8 weight = 0.75 mean_abs_feat_delta = 0.270084\n"}
,{"stream_name":"stdout","time":1577.887890166,"data":"SECONDARY_EDGE_TTA_ACTIVE views = 8 weight = 0.75 mean_abs_feat_delta = 0.264177\n"}
,{"stream_name":"stdout","time":1578.526525987,"data":"EDGE_TTA_ACTIVE views = 8 mean_abs_feat_delta = 0.325406\n"}
,{"stream_name":"stdout","time":1579.040026174,"data":"EDGE_TTA_ACTIVE views = 8 mean_abs_feat_delta = 0.362662\n"}
,{"stream_name":"stdout","time":1579.498618498,"data":"SECONDARY_EDGE_TTA_ACTIVE views = 8 weight = 0.75 mean_abs_feat_delta = 0.271662\n"}
,{"stream_name":"stdout","time":1580.013402718,"data":"SECONDARY_EDGE_TTA_ACTIVE views = 8 weight = 0.75 mean_abs_feat_delta = 0.267502\n"}
,{"stream_name":"stdout","time":1580.017221641,"data":"BIOHUB_RETENTION_GUARD {\"blended_candidates\": 478, \"dataset\": \"44b6_12dfb391\", \"frame\": 83, \"minimum_retention\": 0.9, \"primary_candidates\": 555, \"retention\": 0.8612612612612612, \"use_primary\": true}\n"}
,{"stream_name":"stdout","time":1580.549871612,"data":"EDGE_TTA_ACTIVE views = 8 mean_abs_feat_delta = 0.337377\n"}
,{"stream_name":"stdout","time":1581.260202097,"data":"EDGE_TTA_ACTIVE views = 8 mean_abs_feat_delta = 0.363086\n"}
,{"stream_name":"stdout","time":1581.523081779,"data":"SECONDARY_EDGE_TTA_ACTIVE views = 8 weight = 0.75 mean_abs_feat_delta = 0.269101\n"}
,{"stream_name":"stdout","time":1582.33103741,"data":"SECONDARY_EDGE_TTA_ACTIVE views = 8 weight = 0.75 mean_abs_feat_delta = 0.268865\n"}
,{"stream_name":"stdout","time":1582.331945702,"data":"BIOHUB_RETENTION_GUARD {\"blended_candidates\": 501, \"dataset\": \"44b6_12dfb391\", \"frame\": 84, \"minimum_retention\": 0.9, \"primary_candidates\": 566, \"retention\": 0.8851590106007067, \"use_primary\": true}\n"}
,{"stream_name":"stdout","time":1582.57386265,"data":"EDGE_TTA_ACTIVE views = 8 mean_abs_feat_delta = 0.336612\n"}
,{"stream_name":"stdout","time":1583.49434682,"data":"EDGE_TTA_ACTIVE views = 8 mean_abs_feat_delta = 0.364785\n"}
,{"stream_name":"stdout","time":1583.546091089,"data":"SECONDARY_EDGE_TTA_ACTIVE views = 8 weight = 0.75 mean_abs_feat_delta = 0.273421\n"}
,{"stream_name":"stdout","time":1584.468274746,"data":"SECONDARY_EDGE_TTA_ACTIVE views = 8 weight = 0.75 mean_abs_feat_delta = 0.27301\n"}
,{"stream_name":"stdout","time":1584.619674881,"data":"EDGE_TTA_ACTIVE views = 8 mean_abs_feat_delta = 0.340573\n"}
,{"stream_name":"stdout","time":1585.59190481,"data":"SECONDARY_EDGE_TTA_ACTIVE views = 8 weight = 0.75 mean_abs_feat_delta = 0.271772\n"}
,{"stream_name":"stdout","time":1585.703153606,"data":"EDGE_TTA_ACTIVE views = 8 mean_abs_feat_delta = 0.363892\n"}
,{"stream_name":"stdout","time":1586.646530846,"data":"EDGE_TTA_ACTIVE views = 8 mean_abs_feat_delta = 0.34851\n"}
,{"stream_name":"stdout","time":1586.677558161,"data":"SECONDARY_EDGE_TTA_ACTIVE views = 8 weight = 0.75 mean_abs_feat_delta = 0.2723\n"}
,{"stream_name":"stdout","time":1587.61923663,"data":"SECONDARY_EDGE_TTA_ACTIVE views = 8 weight = 0.75 mean_abs_feat_delta = 0.268085\n"}
,{"stream_name":"stdout","time":1587.903883355,"data":"EDGE_TTA_ACTIVE views = 8 mean_abs_feat_delta = 0.362041\n"}
,{"stream_name":"stdout","time":1588.671024014,"data":"EDGE_TTA_ACTIVE views = 8 mean_abs_feat_delta = 0.344922\n"}
,{"stream_name":"stdout","time":1588.886271366,"data":"SECONDARY_EDGE_TTA_ACTIVE views = 8 weight = 0.75 mean_abs_feat_delta = 0.26849\n"}
,{"stream_name":"stdout","time":1589.643887695,"data":"SECONDARY_EDGE_TTA_ACTIVE views = 8 weight = 0.75 mean_abs_feat_delta = 0.263722\n"}
,{"stream_name":"stdout","time":1590.044905813,"data":"EDGE_TTA_ACTIVE views = 8 mean_abs_feat_delta = 0.364393\n"}
,{"stream_name":"stdout","time":1590.717460804,"data":"EDGE_TTA_ACTIVE views = 8 mean_abs_feat_delta = 0.345806\n"}
,{"stream_name":"stdout","time":1591.017286605,"data":"SECONDARY_EDGE_TTA_ACTIVE views = 8 weight = 0.75 mean_abs_feat_delta = 0.26742\n"}
,{"stream_name":"stdout","time":1591.689836532,"data":"SECONDARY_EDGE_TTA_ACTIVE views = 8 weight = 0.75 mean_abs_feat_delta = 0.263509\n"}
,{"stream_name":"stdout","time":1592.249616619,"data":"EDGE_TTA_ACTIVE views = 8 mean_abs_feat_delta = 0.36832\n"}
,{"stream_name":"stdout","time":1592.736126815,"data":"EDGE_TTA_ACTIVE views = 8 mean_abs_feat_delta = 0.333012\n"}
,{"stream_name":"stdout","time":1593.22539507,"data":"SECONDARY_EDGE_TTA_ACTIVE views = 8 weight = 0.75 mean_abs_feat_delta = 0.266839\n"}
,{"stream_name":"stdout","time":1593.229463001,"data":"BIOHUB_RETENTION_GUARD {\"blended_candidates\": 539, \"dataset\": \"44b6_12dfb391\", \"frame\": 89, \"minimum_retention\": 0.9, \"primary_candidates\": 618, \"retention\": 0.872168284789644, \"use_primary\": true}\n"}
,{"stream_name":"stdout","time":1593.710221714,"data":"SECONDARY_EDGE_TTA_ACTIVE views = 8 weight = 0.75 mean_abs_feat_delta = 0.270685\n"}
,{"stream_name":"stdout","time":1594.497291774,"data":"EDGE_TTA_ACTIVE views = 8 mean_abs_feat_delta = 0.372337\n"}
,{"stream_name":"stdout","time":1594.750683484,"data":"EDGE_TTA_ACTIVE views = 8 mean_abs_feat_delta = 0.332183\n"}
,{"stream_name":"stdout","time":1595.47238858,"data":"SECONDARY_EDGE_TTA_ACTIVE views = 8 weight = 0.75 mean_abs_feat_delta = 0.26897\n"}
,{"stream_name":"stdout","time":1595.476306114,"data":"BIOHUB_RETENTION_GUARD {\"blended_candidates\": 532, \"dataset\": \"44b6_12dfb391\", \"frame\": 90, \"minimum_retention\": 0.9, \"primary_candidates\": 595, \"retention\": 0.8941176470588236, \"use_primary\": true}\n"}
,{"stream_name":"stdout","time":1595.722959497,"data":"SECONDARY_EDGE_TTA_ACTIVE views = 8 weight = 0.75 mean_abs_feat_delta = 0.253224\n"}
,{"stream_name":"stdout","time":1596.727160774,"data":"EDGE_TTA_ACTIVE views = 8 mean_abs_feat_delta = 0.372351\n"}
,{"stream_name":"stdout","time":1596.851544926,"data":"EDGE_TTA_ACTIVE views = 8 mean_abs_feat_delta = 0.322487\n"}
,{"stream_name":"stdout","time":1597.701837052,"data":"SECONDARY_EDGE_TTA_ACTIVE views = 8 weight = 0.75 mean_abs_feat_delta = 0.269254\n"}
,{"stream_name":"stdout","time":1597.831918196,"data":"SECONDARY_EDGE_TTA_ACTIVE views = 8 weight = 0.75 mean_abs_feat_delta = 0.262155\n"}
,{"stream_name":"stdout","time":1598.963265845,"data":"EDGE_TTA_ACTIVE views = 8 mean_abs_feat_delta = 0.376977\n"}
,{"stream_name":"stdout","time":1599.951073038,"data":"SECONDARY_EDGE_TTA_ACTIVE views = 8 weight = 0.75 mean_abs_feat_delta = 0.273908\n"}
,{"stream_name":"stdout","time":1601.283877744,"data":"EDGE_TTA_ACTIVE views = 8 mean_abs_feat_delta = 0.379308\n"}
,{"stream_name":"stdout","time":1602.259443911,"data":"SECONDARY_EDGE_TTA_ACTIVE views = 8 weight = 0.75 mean_abs_feat_delta = 0.28036\n"}
,{"stream_name":"stdout","time":1603.572038567,"data":"EDGE_TTA_ACTIVE views = 8 mean_abs_feat_delta = 0.375447\n"}
,{"stream_name":"stdout","time":1604.549773526,"data":"SECONDARY_EDGE_TTA_ACTIVE views = 8 weight = 0.75 mean_abs_feat_delta = 0.279645\n"}
,{"stream_name":"stdout","time":1604.555382074,"data":"BIOHUB_RETENTION_GUARD {\"blended_candidates\": 520, \"dataset\": \"44b6_12dfb391\", \"frame\": 94, \"minimum_retention\": 0.9, \"primary_candidates\": 583, \"retention\": 0.8919382504288165, \"use_primary\": true}\n"}
,{"stream_name":"stdout","time":1605.865094731,"data":"EDGE_TTA_ACTIVE views = 8 mean_abs_feat_delta = 0.369974\n"}
,{"stream_name":"stdout","time":1606.83987318,"data":"SECONDARY_EDGE_TTA_ACTIVE views = 8 weight = 0.75 mean_abs_feat_delta = 0.279886\n"}
,{"stream_name":"stdout","time":1608.014843429,"data":"EDGE_TTA_ACTIVE views = 8 mean_abs_feat_delta = 0.373122\n"}
,{"stream_name":"stdout","time":1608.990865186,"data":"SECONDARY_EDGE_TTA_ACTIVE views = 8 weight = 0.75 mean_abs_feat_delta = 0.279253\n"}
,{"stream_name":"stdout","time":1610.185644429,"data":"EDGE_TTA_ACTIVE views = 8 mean_abs_feat_delta = 0.371747\n"}
,{"stream_name":"stdout","time":1611.164198568,"data":"SECONDARY_EDGE_TTA_ACTIVE views = 8 weight = 0.75 mean_abs_feat_delta = 0.27536\n"}
,{"stream_name":"stdout","time":1612.429195791,"data":"EDGE_TTA_ACTIVE views = 8 mean_abs_feat_delta = 0.369424\n"}
,{"stream_name":"stdout","time":1613.313601052,"data":"SECONDARY_EDGE_TTA_ACTIVE views = 8 weight = 0.75 mean_abs_feat_delta = 0.271751\n"}
,{"stream_name":"stdout","time":1614.509656393,"data":"EDGE_TTA_ACTIVE views = 8 mean_abs_feat_delta = 0.372871\n"}
,{"stream_name":"stdout","time":1615.484258147,"data":"SECONDARY_EDGE_TTA_ACTIVE views = 8 weight = 0.75 mean_abs_feat_delta = 0.271724\n"}
,{"stream_name":"stdout","time":1616.495838219,"data":"EDGE_TTA_ACTIVE views = 8 mean_abs_feat_delta = 0.311164\n"}
,{"stream_name":"stdout","time":1617.471891347,"data":"SECONDARY_EDGE_TTA_ACTIVE views = 8 weight = 0.75 mean_abs_feat_delta = 0.261033\n"}
,{"stream_name":"stdout","time":1618.592427894,"data":"EDGE_TTA_ACTIVE views = 8 mean_abs_feat_delta = 0.314772\n"}
,{"stream_name":"stdout","time":1619.559833206,"data":"SECONDARY_EDGE_TTA_ACTIVE views = 8 weight = 0.75 mean_abs_feat_delta = 0.260558\n"}
,{"stream_name":"stdout","time":1620.675955676,"data":"EDGE_TTA_ACTIVE views = 8 mean_abs_feat_delta = 0.32\n"}
,{"stream_name":"stdout","time":1621.637349275,"data":"SECONDARY_EDGE_TTA_ACTIVE views = 8 weight = 0.75 mean_abs_feat_delta = 0.261329\n"}
,{"stream_name":"stdout","time":1622.711847594,"data":"EDGE_TTA_ACTIVE views = 8 mean_abs_feat_delta = 0.316482\n"}
,{"stream_name":"stdout","time":1623.683887258,"data":"SECONDARY_EDGE_TTA_ACTIVE views = 8 weight = 0.75 mean_abs_feat_delta = 0.267255\n"}
,{"stream_name":"stdout","time":1624.802545622,"data":"EDGE_TTA_ACTIVE views = 8 mean_abs_feat_delta = 0.312516\n"}
,{"stream_name":"stdout","time":1625.778153407,"data":"SECONDARY_EDGE_TTA_ACTIVE views = 8 weight = 0.75 mean_abs_feat_delta = 0.269103\n"}
,{"stream_name":"stdout","time":1626.962266713,"data":"EDGE_TTA_ACTIVE views = 8 mean_abs_feat_delta = 0.310284\n"}
,{"stream_name":"stdout","time":1627.930776057,"data":"SECONDARY_EDGE_TTA_ACTIVE views = 8 weight = 0.75 mean_abs_feat_delta = 0.270231\n"}
,{"stream_name":"stdout","time":1629.02651712,"data":"EDGE_TTA_ACTIVE views = 8 mean_abs_feat_delta = 0.315039\n"}
,{"stream_name":"stdout","time":1629.996359137,"data":"SECONDARY_EDGE_TTA_ACTIVE views = 8 weight = 0.75 mean_abs_feat_delta = 0.27087\n"}
,{"stream_name":"stdout","time":1631.050380551,"data":"EDGE_TTA_ACTIVE views = 8 mean_abs_feat_delta = 0.322123\n"}
,{"stream_name":"stdout","time":1632.022599593,"data":"SECONDARY_EDGE_TTA_ACTIVE views = 8 weight = 0.75 mean_abs_feat_delta = 0.268311\n"}
,{"stream_name":"stdout","time":1633.096933709,"data":"EDGE_TTA_ACTIVE views = 8 mean_abs_feat_delta = 0.315226\n"}
,{"stream_name":"stdout","time":1634.071350276,"data":"SECONDARY_EDGE_TTA_ACTIVE views = 8 weight = 0.75 mean_abs_feat_delta = 0.262145\n"}
,{"stream_name":"stdout","time":1635.158616247,"data":"EDGE_TTA_ACTIVE views = 8 mean_abs_feat_delta = 0.313017\n"}
,{"stream_name":"stdout","time":1636.139711259,"data":"SECONDARY_EDGE_TTA_ACTIVE views = 8 weight = 0.75 mean_abs_feat_delta = 0.258401\n"}
,{"stream_name":"stdout","time":1637.191193198,"data":"EDGE_TTA_ACTIVE views = 8 mean_abs_feat_delta = 0.312427\n"}
,{"stream_name":"stdout","time":1638.166667145,"data":"SECONDARY_EDGE_TTA_ACTIVE views = 8 weight = 0.75 mean_abs_feat_delta = 0.259952\n"}
,{"stream_name":"stdout","time":1639.249599808,"data":"EDGE_TTA_ACTIVE views = 8 mean_abs_feat_delta = 0.312244\n"}
,{"stream_name":"stdout","time":1640.241984066,"data":"SECONDARY_EDGE_TTA_ACTIVE views = 8 weight = 0.75 mean_abs_feat_delta = 0.251585\n"}
,{"stream_name":"stdout","time":1641.283701023,"data":"EDGE_TTA_ACTIVE views = 8 mean_abs_feat_delta = 0.312161\n"}
,{"stream_name":"stdout","time":1642.280322807,"data":"SECONDARY_EDGE_TTA_ACTIVE views = 8 weight = 0.75 mean_abs_feat_delta = 0.254847\n"}
,{"stream_name":"stdout","time":1643.466872769,"data":"EDGE_TTA_ACTIVE views = 8 mean_abs_feat_delta = 0.311033\n"}
,{"stream_name":"stdout","time":1644.380351496,"data":"SECONDARY_EDGE_TTA_ACTIVE views = 8 weight = 0.75 mean_abs_feat_delta = 0.254101\n"}
,{"stream_name":"stdout","time":1645.462956488,"data":"EDGE_TTA_ACTIVE views = 8 mean_abs_feat_delta = 0.322725\n"}
,{"stream_name":"stdout","time":1646.469400746,"data":"SECONDARY_EDGE_TTA_ACTIVE views = 8 weight = 0.75 mean_abs_feat_delta = 0.254681\n"}
,{"stream_name":"stdout","time":1647.551276582,"data":"EDGE_TTA_ACTIVE views = 8 mean_abs_feat_delta = 0.325293\n"}
,{"stream_name":"stdout","time":1648.567176016,"data":"SECONDARY_EDGE_TTA_ACTIVE views = 8 weight = 0.75 mean_abs_feat_delta = 0.264267\n"}
,{"stream_name":"stdout","time":1649.657893968,"data":"EDGE_TTA_ACTIVE views = 8 mean_abs_feat_delta = 0.323346\n"}
,{"stream_name":"stdout","time":1650.676291735,"data":"SECONDARY_EDGE_TTA_ACTIVE views = 8 weight = 0.75 mean_abs_feat_delta = 0.263395\n"}
,{"stream_name":"stdout","time":1651.763526381,"data":"EDGE_TTA_ACTIVE views = 8 mean_abs_feat_delta = 0.325491\n"}
,{"stream_name":"stdout","time":1652.781321936,"data":"SECONDARY_EDGE_TTA_ACTIVE views = 8 weight = 0.75 mean_abs_feat_delta = 0.261321\n"}
,{"stream_name":"stdout","time":1653.878583861,"data":"EDGE_TTA_ACTIVE views = 8 mean_abs_feat_delta = 0.330746\n"}
,{"stream_name":"stdout","time":1654.901696164,"data":"SECONDARY_EDGE_TTA_ACTIVE views = 8 weight = 0.75 mean_abs_feat_delta = 0.265991\n"}
,{"stream_name":"stdout","time":1656.007002227,"data":"EDGE_TTA_ACTIVE views = 8 mean_abs_feat_delta = 0.322777\n"}
,{"stream_name":"stdout","time":1657.037040737,"data":"SECONDARY_EDGE_TTA_ACTIVE views = 8 weight = 0.75 mean_abs_feat_delta = 0.269935\n"}
,{"stream_name":"stdout","time":1658.137323507,"data":"EDGE_TTA_ACTIVE views = 8 mean_abs_feat_delta = 0.325178\n"}
,{"stream_name":"stdout","time":1659.167387187,"data":"SECONDARY_EDGE_TTA_ACTIVE views = 8 weight = 0.75 mean_abs_feat_delta = 0.267969\n"}
,{"stream_name":"stdout","time":1660.276357288,"data":"EDGE_TTA_ACTIVE views = 8 mean_abs_feat_delta = 0.329767\n"}
,{"stream_name":"stdout","time":1660.828829857,"data":"EDGE_TTA_ACTIVE views = 8 mean_abs_feat_delta = 0.354264\n"}
,{"stream_name":"stdout","time":1661.311705535,"data":"SECONDARY_EDGE_TTA_ACTIVE views = 8 weight = 0.75 mean_abs_feat_delta = 0.266969\n"}
,{"stream_name":"stdout","time":1661.790612306,"data":"SECONDARY_EDGE_TTA_ACTIVE views = 8 weight = 0.75 mean_abs_feat_delta = 0.316074\n"}
,{"stream_name":"stdout","time":1661.793575629,"data":"BIOHUB_RETENTION_GUARD {\"blended_candidates\": 460, \"dataset\": \"44b6_2a2eff9f\", \"frame\": 0, \"minimum_retention\": 0.9, \"primary_candidates\": 559, \"retention\": 0.8228980322003577, \"use_primary\": true}\n"}
,{"stream_name":"stdout","time":1661.79496125,"data":"BIOHUB_RETENTION_GUARD {\"blended_candidates\": 460, \"dataset\": \"44b6_2a2eff9f\", \"frame\": 1, \"minimum_retention\": 0.9, \"primary_candidates\": 536, \"retention\": 0.8582089552238806, \"use_primary\": true}\n"}
,{"stream_name":"stdout","time":1662.423912181,"data":"EDGE_TTA_ACTIVE views = 8 mean_abs_feat_delta = 0.326202\n"}
,{"stream_name":"stdout","time":1662.933270306,"data":"EDGE_TTA_ACTIVE views = 8 mean_abs_feat_delta = 0.353629\n"}
,{"stream_name":"stdout","time":1663.461750861,"data":"SECONDARY_EDGE_TTA_ACTIVE views = 8 weight = 0.75 mean_abs_feat_delta = 0.26568\n"}
,{"stream_name":"stdout","time":1663.900732804,"data":"SECONDARY_EDGE_TTA_ACTIVE views = 8 weight = 0.75 mean_abs_feat_delta = 0.31712\n"}
,{"stream_name":"stdout","time":1663.904559553,"data":"BIOHUB_RETENTION_GUARD {\"blended_candidates\": 448, \"dataset\": \"44b6_2a2eff9f\", \"frame\": 2, \"minimum_retention\": 0.9, \"primary_candidates\": 529, \"retention\": 0.8468809073724007, \"use_primary\": true}\n"}
,{"stream_name":"stdout","time":1664.572139875,"data":"EDGE_TTA_ACTIVE views = 8 mean_abs_feat_delta = 0.317502\n"}
,{"stream_name":"stdout","time":1665.041402102,"data":"EDGE_TTA_ACTIVE views = 8 mean_abs_feat_delta = 0.354199\n"}
,{"stream_name":"stdout","time":1665.608775333,"data":"SECONDARY_EDGE_TTA_ACTIVE views = 8 weight = 0.75 mean_abs_feat_delta = 0.259521\n"}
,{"stream_name":"stdout","time":1666.012409275,"data":"SECONDARY_EDGE_TTA_ACTIVE views = 8 weight = 0.75 mean_abs_feat_delta = 0.31716\n"}
,{"stream_name":"stdout","time":1666.016307326,"data":"BIOHUB_RETENTION_GUARD {\"blended_candidates\": 428, \"dataset\": \"44b6_2a2eff9f\", \"frame\": 3, \"minimum_retention\": 0.9, \"primary_candidates\": 515, \"retention\": 0.8310679611650486, \"use_primary\": true}\n"}
,{"stream_name":"stdout","time":1666.721649451,"data":"EDGE_TTA_ACTIVE views = 8 mean_abs_feat_delta = 0.323159\n"}
,{"stream_name":"stdout","time":1667.164151802,"data":"EDGE_TTA_ACTIVE views = 8 mean_abs_feat_delta = 0.351342\n"}
,{"stream_name":"stdout","time":1667.761027643,"data":"SECONDARY_EDGE_TTA_ACTIVE views = 8 weight = 0.75 mean_abs_feat_delta = 0.261188\n"}
,{"stream_name":"stdout","time":1668.13710249,"data":"SECONDARY_EDGE_TTA_ACTIVE views = 8 weight = 0.75 mean_abs_feat_delta = 0.31653\n"}
,{"stream_name":"stdout","time":1668.141332682,"data":"BIOHUB_RETENTION_GUARD {\"blended_candidates\": 456, \"dataset\": \"44b6_2a2eff9f\", \"frame\": 4, \"minimum_retention\": 0.9, \"primary_candidates\": 542, \"retention\": 0.8413284132841329, \"use_primary\": true}\n"}
,{"stream_name":"stdout","time":1668.871329804,"data":"EDGE_TTA_ACTIVE views = 8 mean_abs_feat_delta = 0.330965\n"}
,{"stream_name":"stdout","time":1669.304014894,"data":"EDGE_TTA_ACTIVE views = 8 mean_abs_feat_delta = 0.353535\n"}
,{"stream_name":"stdout","time":1669.910307579,"data":"SECONDARY_EDGE_TTA_ACTIVE views = 8 weight = 0.75 mean_abs_feat_delta = 0.263495\n"}
,{"stream_name":"stdout","time":1670.280262526,"data":"SECONDARY_EDGE_TTA_ACTIVE views = 8 weight = 0.75 mean_abs_feat_delta = 0.316364\n"}
,{"stream_name":"stdout","time":1670.28424409,"data":"BIOHUB_RETENTION_GUARD {\"blended_candidates\": 451, \"dataset\": \"44b6_2a2eff9f\", \"frame\": 5, \"minimum_retention\": 0.9, \"primary_candidates\": 542, \"retention\": 0.8321033210332104, \"use_primary\": true}\n"}
,{"stream_name":"stdout","time":1671.031914562,"data":"EDGE_TTA_ACTIVE views = 8 mean_abs_feat_delta = 0.32822\n"}
,{"stream_name":"stdout","time":1671.435733922,"data":"EDGE_TTA_ACTIVE views = 8 mean_abs_feat_delta = 0.355109\n"}
,{"stream_name":"stdout","time":1672.069084421,"data":"SECONDARY_EDGE_TTA_ACTIVE views = 8 weight = 0.75 mean_abs_feat_delta = 0.261978\n"}
,{"stream_name":"stdout","time":1672.073336663,"data":"BIOHUB_RETENTION_GUARD {\"blended_candidates\": 93, \"dataset\": \"44b6_341df25f\", \"frame\": 27, \"minimum_retention\": 0.9, \"primary_candidates\": 104, \"retention\": 0.8942307692307693, \"use_primary\": true}\n"}
,{"stream_name":"stdout","time":1672.410916009,"data":"SECONDARY_EDGE_TTA_ACTIVE views = 8 weight = 0.75 mean_abs_feat_delta = 0.317147\n"}
,{"stream_name":"stdout","time":1672.41470721,"data":"BIOHUB_RETENTION_GUARD {\"blended_candidates\": 449, \"dataset\": \"44b6_2a2eff9f\", \"frame\": 6, \"minimum_retention\": 0.9, \"primary_candidates\": 544, \"retention\": 0.8253676470588235, \"use_primary\": true}\n"}
,{"stream_name":"stdout","time":1673.176906909,"data":"EDGE_TTA_ACTIVE views = 8 mean_abs_feat_delta = 0.333586\n"}
,{"stream_name":"stdout","time":1673.670475213,"data":"EDGE_TTA_ACTIVE views = 8 mean_abs_feat_delta = 0.359732\n"}
,{"stream_name":"stdout","time":1674.210811051,"data":"SECONDARY_EDGE_TTA_ACTIVE views = 8 weight = 0.75 mean_abs_feat_delta = 0.264674\n"}
,{"stream_name":"stdout","time":1674.546156077,"data":"SECONDARY_EDGE_TTA_ACTIVE views = 8 weight = 0.75 mean_abs_feat_delta = 0.314941\n"}
,{"stream_name":"stdout","time":1674.54987577,"data":"BIOHUB_RETENTION_GUARD {\"blended_candidates\": 419, \"dataset\": \"44b6_2a2eff9f\", \"frame\": 7, \"minimum_retention\": 0.9, \"primary_candidates\": 531, \"retention\": 0.7890772128060264, \"use_primary\": true}\n"}
,{"stream_name":"stdout","time":1675.3175202,"data":"EDGE_TTA_ACTIVE views = 8 mean_abs_feat_delta = 0.335857\n"}
,{"stream_name":"stdout","time":1675.700581427,"data":"EDGE_TTA_ACTIVE views = 8 mean_abs_feat_delta = 0.367188\n"}
,{"stream_name":"stdout","time":1676.348825093,"data":"SECONDARY_EDGE_TTA_ACTIVE views = 8 weight = 0.75 mean_abs_feat_delta = 0.266123\n"}
,{"stream_name":"stdout","time":1676.675524496,"data":"SECONDARY_EDGE_TTA_ACTIVE views = 8 weight = 0.75 mean_abs_feat_delta = 0.315928\n"}
,{"stream_name":"stdout","time":1676.67967655,"data":"BIOHUB_RETENTION_GUARD {\"blended_candidates\": 426, \"dataset\": \"44b6_2a2eff9f\", \"frame\": 8, \"minimum_retention\": 0.9, \"primary_candidates\": 524, \"retention\": 0.8129770992366412, \"use_primary\": true}\n"}
,{"stream_name":"stdout","time":1677.449846587,"data":"EDGE_TTA_ACTIVE views = 8 mean_abs_feat_delta = 0.332258\n"}
,{"stream_name":"stdout","time":1677.826946879,"data":"EDGE_TTA_ACTIVE views = 8 mean_abs_feat_delta = 0.367144\n"}
,{"stream_name":"stdout","time":1678.478540798,"data":"SECONDARY_EDGE_TTA_ACTIVE views = 8 weight = 0.75 mean_abs_feat_delta = 0.26614\n"}
,{"stream_name":"stdout","time":1678.803425803,"data":"SECONDARY_EDGE_TTA_ACTIVE views = 8 weight = 0.75 mean_abs_feat_delta = 0.318801\n"}
,{"stream_name":"stdout","time":1678.807598716,"data":"BIOHUB_RETENTION_GUARD {\"blended_candidates\": 432, \"dataset\": \"44b6_2a2eff9f\", \"frame\": 9, \"minimum_retention\": 0.9, \"primary_candidates\": 530, \"retention\": 0.8150943396226416, \"use_primary\": true}\n"}
,{"stream_name":"stdout","time":1679.578546305,"data":"EDGE_TTA_ACTIVE views = 8 mean_abs_feat_delta = 0.331192\n"}
,{"stream_name":"stdout","time":1679.955105765,"data":"EDGE_TTA_ACTIVE views = 8 mean_abs_feat_delta = 0.36704\n"}
,{"stream_name":"stdout","time":1680.603532381,"data":"SECONDARY_EDGE_TTA_ACTIVE views = 8 weight = 0.75 mean_abs_feat_delta = 0.263399\n"}
,{"stream_name":"stdout","time":1680.932363285,"data":"SECONDARY_EDGE_TTA_ACTIVE views = 8 weight = 0.75 mean_abs_feat_delta = 0.315955\n"}
,{"stream_name":"stdout","time":1680.937944523,"data":"BIOHUB_RETENTION_GUARD {\"blended_candidates\": 412, \"dataset\": \"44b6_2a2eff9f\", \"frame\": 10, \"minimum_retention\": 0.9, \"primary_candidates\": 516, \"retention\": 0.7984496124031008, \"use_primary\": true}\n"}
,{"stream_name":"stdout","time":1681.705748433,"data":"EDGE_TTA_ACTIVE views = 8 mean_abs_feat_delta = 0.331813\n"}
,{"stream_name":"stdout","time":1682.079308306,"data":"EDGE_TTA_ACTIVE views = 8 mean_abs_feat_delta = 0.361712\n"}
,{"stream_name":"stdout","time":1682.727809406,"data":"SECONDARY_EDGE_TTA_ACTIVE views = 8 weight = 0.75 mean_abs_feat_delta = 0.258884\n"}
,{"stream_name":"stdout","time":1683.043889743,"data":"SECONDARY_EDGE_TTA_ACTIVE views = 8 weight = 0.75 mean_abs_feat_delta = 0.314358\n"}
,{"stream_name":"stdout","time":1683.047697251,"data":"BIOHUB_RETENTION_GUARD {\"blended_candidates\": 456, \"dataset\": \"44b6_2a2eff9f\", \"frame\": 11, \"minimum_retention\": 0.9, \"primary_candidates\": 534, \"retention\": 0.8539325842696629, \"use_primary\": true}\n"}
,{"stream_name":"stdout","time":1683.817214438,"data":"EDGE_TTA_ACTIVE views = 8 mean_abs_feat_delta = 0.327911\n"}
,{"stream_name":"stdout","time":1684.192309249,"data":"EDGE_TTA_ACTIVE views = 8 mean_abs_feat_delta = 0.36232\n"}
,{"stream_name":"stdout","time":1684.833613636,"data":"SECONDARY_EDGE_TTA_ACTIVE views = 8 weight = 0.75 mean_abs_feat_delta = 0.259992\n"}
,{"stream_name":"stdout","time":1685.160325131,"data":"SECONDARY_EDGE_TTA_ACTIVE views = 8 weight = 0.75 mean_abs_feat_delta = 0.319932\n"}
,{"stream_name":"stdout","time":1685.164107782,"data":"BIOHUB_RETENTION_GUARD {\"blended_candidates\": 425, \"dataset\": \"44b6_2a2eff9f\", \"frame\": 12, \"minimum_retention\": 0.9, \"primary_candidates\": 508, \"retention\": 0.8366141732283464, \"use_primary\": true}\n"}
,{"stream_name":"stdout","time":1685.922872052,"data":"EDGE_TTA_ACTIVE views = 8 mean_abs_feat_delta = 0.330714\n"}
,{"stream_name":"stdout","time":1686.346743584,"data":"EDGE_TTA_ACTIVE views = 8 mean_abs_feat_delta = 0.361858\n"}
,{"stream_name":"stdout","time":1686.934921752,"data":"SECONDARY_EDGE_TTA_ACTIVE views = 8 weight = 0.75 mean_abs_feat_delta = 0.261061\n"}
,{"stream_name":"stdout","time":1687.315127229,"data":"SECONDARY_EDGE_TTA_ACTIVE views = 8 weight = 0.75 mean_abs_feat_delta = 0.31824\n"}
,{"stream_name":"stdout","time":1687.318986924,"data":"BIOHUB_RETENTION_GUARD {\"blended_candidates\": 407, \"dataset\": \"44b6_2a2eff9f\", \"frame\": 13, \"minimum_retention\": 0.9, \"primary_candidates\": 504, \"retention\": 0.8075396825396826, \"use_primary\": true}\n"}
,{"stream_name":"stdout","time":1688.018861486,"data":"EDGE_TTA_ACTIVE views = 8 mean_abs_feat_delta = 0.32934\n"}
,{"stream_name":"stdout","time":1688.456404754,"data":"EDGE_TTA_ACTIVE views = 8 mean_abs_feat_delta = 0.358521\n"}
,{"stream_name":"stdout","time":1689.029451982,"data":"SECONDARY_EDGE_TTA_ACTIVE views = 8 weight = 0.75 mean_abs_feat_delta = 0.260977\n"}
,{"stream_name":"stdout","time":1689.421759997,"data":"SECONDARY_EDGE_TTA_ACTIVE views = 8 weight = 0.75 mean_abs_feat_delta = 0.320361\n"}
,{"stream_name":"stdout","time":1689.425824431,"data":"BIOHUB_RETENTION_GUARD {\"blended_candidates\": 403, \"dataset\": \"44b6_2a2eff9f\", \"frame\": 14, \"minimum_retention\": 0.9, \"primary_candidates\": 499, \"retention\": 0.8076152304609219, \"use_primary\": true}\n"}
,{"stream_name":"stdout","time":1690.115649555,"data":"EDGE_TTA_ACTIVE views = 8 mean_abs_feat_delta = 0.333566\n"}
,{"stream_name":"stdout","time":1690.56049891,"data":"EDGE_TTA_ACTIVE views = 8 mean_abs_feat_delta = 0.360482\n"}
,{"stream_name":"stdout","time":1691.121754554,"data":"SECONDARY_EDGE_TTA_ACTIVE views = 8 weight = 0.75 mean_abs_feat_delta = 0.25823\n"}
,{"stream_name":"stdout","time":1691.51990225,"data":"SECONDARY_EDGE_TTA_ACTIVE views = 8 weight = 0.75 mean_abs_feat_delta = 0.322986\n"}
,{"stream_name":"stdout","time":1691.523623521,"data":"BIOHUB_RETENTION_GUARD {\"blended_candidates\": 388, \"dataset\": \"44b6_2a2eff9f\", \"frame\": 15, \"minimum_retention\": 0.9, \"primary_candidates\": 479, \"retention\": 0.8100208768267223, \"use_primary\": true}\n"}
,{"stream_name":"stdout","time":1692.199429629,"data":"EDGE_TTA_ACTIVE views = 8 mean_abs_feat_delta = 0.336507\n"}
,{"stream_name":"stdout","time":1692.646082556,"data":"EDGE_TTA_ACTIVE views = 8 mean_abs_feat_delta = 0.362679\n"}
,{"stream_name":"stdout","time":1693.206172364,"data":"SECONDARY_EDGE_TTA_ACTIVE views = 8 weight = 0.75 mean_abs_feat_delta = 0.25435\n"}
,{"stream_name":"stdout","time":1693.608108161,"data":"SECONDARY_EDGE_TTA_ACTIVE views = 8 weight = 0.75 mean_abs_feat_delta = 0.323504\n"}
,{"stream_name":"stdout","time":1693.61363709,"data":"BIOHUB_RETENTION_GUARD {\"blended_candidates\": 357, \"dataset\": \"44b6_2a2eff9f\", \"frame\": 16, \"minimum_retention\": 0.9, \"primary_candidates\": 478, \"retention\": 0.7468619246861925, \"use_primary\": true}\n"}
,{"stream_name":"stdout","time":1694.27283241,"data":"EDGE_TTA_ACTIVE views = 8 mean_abs_feat_delta = 0.3358\n"}
,{"stream_name":"stdout","time":1694.719664806,"data":"EDGE_TTA_ACTIVE views = 8 mean_abs_feat_delta = 0.361583\n"}
,{"stream_name":"stdout","time":1695.277518231,"data":"SECONDARY_EDGE_TTA_ACTIVE views = 8 weight = 0.75 mean_abs_feat_delta = 0.256804\n"}
,{"stream_name":"stdout","time":1695.677740144,"data":"SECONDARY_EDGE_TTA_ACTIVE views = 8 weight = 0.75 mean_abs_feat_delta = 0.321225\n"}
,{"stream_name":"stdout","time":1695.681412048,"data":"BIOHUB_RETENTION_GUARD {\"blended_candidates\": 328, \"dataset\": \"44b6_2a2eff9f\", \"frame\": 17, \"minimum_retention\": 0.9, \"primary_candidates\": 458, \"retention\": 0.7161572052401747, \"use_primary\": true}\n"}
,{"stream_name":"stdout","time":1696.35596358,"data":"EDGE_TTA_ACTIVE views = 8 mean_abs_feat_delta = 0.32024\n"}
,{"stream_name":"stdout","time":1696.796641519,"data":"EDGE_TTA_ACTIVE views = 8 mean_abs_feat_delta = 0.359303\n"}
,{"stream_name":"stdout","time":1697.361962824,"data":"SECONDARY_EDGE_TTA_ACTIVE views = 8 weight = 0.75 mean_abs_feat_delta = 0.264014\n"}
,{"stream_name":"stdout","time":1697.758988989,"data":"SECONDARY_EDGE_TTA_ACTIVE views = 8 weight = 0.75 mean_abs_feat_delta = 0.322611\n"}
,{"stream_name":"stdout","time":1697.76338229,"data":"BIOHUB_RETENTION_GUARD {\"blended_candidates\": 408, \"dataset\": \"44b6_2a2eff9f\", \"frame\": 18, \"minimum_retention\": 0.9, \"primary_candidates\": 486, \"retention\": 0.8395061728395061, \"use_primary\": true}\n"}
,{"stream_name":"stdout","time":1698.432964294,"data":"EDGE_TTA_ACTIVE views = 8 mean_abs_feat_delta = 0.325944\n"}
,{"stream_name":"stdout","time":1698.877272512,"data":"EDGE_TTA_ACTIVE views = 8 mean_abs_feat_delta = 0.357931\n"}
,{"stream_name":"stdout","time":1699.432591525,"data":"SECONDARY_EDGE_TTA_ACTIVE views = 8 weight = 0.75 mean_abs_feat_delta = 0.261728\n"}
,{"stream_name":"stdout","time":1699.835366196,"data":"SECONDARY_EDGE_TTA_ACTIVE views = 8 weight = 0.75 mean_abs_feat_delta = 0.327667\n"}
,{"stream_name":"stdout","time":1699.839419968,"data":"BIOHUB_RETENTION_GUARD {\"blended_candidates\": 382, \"dataset\": \"44b6_2a2eff9f\", \"frame\": 19, \"minimum_retention\": 0.9, \"primary_candidates\": 474, \"retention\": 0.8059071729957806, \"use_primary\": true}\n"}
,{"stream_name":"stdout","time":1700.523381696,"data":"EDGE_TTA_ACTIVE views = 8 mean_abs_feat_delta = 0.328686\n"}
,{"stream_name":"stdout","time":1700.969634814,"data":"EDGE_TTA_ACTIVE views = 8 mean_abs_feat_delta = 0.35399\n"}
,{"stream_name":"stdout","time":1701.521365541,"data":"SECONDARY_EDGE_TTA_ACTIVE views = 8 weight = 0.75 mean_abs_feat_delta = 0.257823\n"}
,{"stream_name":"stdout","time":1701.926196232,"data":"SECONDARY_EDGE_TTA_ACTIVE views = 8 weight = 0.75 mean_abs_feat_delta = 0.323004\n"}
,{"stream_name":"stdout","time":1701.929844058,"data":"BIOHUB_RETENTION_GUARD {\"blended_candidates\": 404, \"dataset\": \"44b6_2a2eff9f\", \"frame\": 20, \"minimum_retention\": 0.9, \"primary_candidates\": 504, \"retention\": 0.8015873015873016, \"use_primary\": true}\n"}
,{"stream_name":"stdout","time":1702.587389854,"data":"EDGE_TTA_ACTIVE views = 8 mean_abs_feat_delta = 0.327204\n"}
,{"stream_name":"stdout","time":1703.054418645,"data":"EDGE_TTA_ACTIVE views = 8 mean_abs_feat_delta = 0.354644\n"}
,{"stream_name":"stdout","time":1703.582651808,"data":"SECONDARY_EDGE_TTA_ACTIVE views = 8 weight = 0.75 mean_abs_feat_delta = 0.260305\n"}
,{"stream_name":"stdout","time":1704.10497375,"data":"SECONDARY_EDGE_TTA_ACTIVE views = 8 weight = 0.75 mean_abs_feat_delta = 0.323896\n"}
,{"stream_name":"stdout","time":1704.105752652,"data":"BIOHUB_RETENTION_GUARD {\"blended_candidates\": 413, \"dataset\": \"44b6_2a2eff9f\", \"frame\": 21, \"minimum_retention\": 0.9, \"primary_candidates\": 491, \"retention\": 0.8411405295315683, \"use_primary\": true}\n"}
,{"stream_name":"stdout","time":1704.651669912,"data":"EDGE_TTA_ACTIVE views = 8 mean_abs_feat_delta = 0.333242\n"}
,{"stream_name":"stdout","time":1705.123845288,"data":"EDGE_TTA_ACTIVE views = 8 mean_abs_feat_delta = 0.354923\n"}
,{"stream_name":"stdout","time":1705.647474571,"data":"SECONDARY_EDGE_TTA_ACTIVE views = 8 weight = 0.75 mean_abs_feat_delta = 0.258707\n"}
,{"stream_name":"stdout","time":1706.078715262,"data":"SECONDARY_EDGE_TTA_ACTIVE views = 8 weight = 0.75 mean_abs_feat_delta = 0.316583\n"}
,{"stream_name":"stdout","time":1706.082782204,"data":"BIOHUB_RETENTION_GUARD {\"blended_candidates\": 362, \"dataset\": \"44b6_2a2eff9f\", \"frame\": 22, \"minimum_retention\": 0.9, \"primary_candidates\": 470, \"retention\": 0.7702127659574468, \"use_primary\": true}\n"}
,{"stream_name":"stdout","time":1706.721910612,"data":"EDGE_TTA_ACTIVE views = 8 mean_abs_feat_delta = 0.335356\n"}
,{"stream_name":"stdout","time":1707.196821853,"data":"EDGE_TTA_ACTIVE views = 8 mean_abs_feat_delta = 0.354804\n"}
,{"stream_name":"stdout","time":1707.716815783,"data":"SECONDARY_EDGE_TTA_ACTIVE views = 8 weight = 0.75 mean_abs_feat_delta = 0.258868\n"}
,{"stream_name":"stdout","time":1708.155921488,"data":"SECONDARY_EDGE_TTA_ACTIVE views = 8 weight = 0.75 mean_abs_feat_delta = 0.316862\n"}
,{"stream_name":"stdout","time":1708.159839723,"data":"BIOHUB_RETENTION_GUARD {\"blended_candidates\": 377, \"dataset\": \"44b6_2a2eff9f\", \"frame\": 23, \"minimum_retention\": 0.9, \"primary_candidates\": 467, \"retention\": 0.8072805139186295, \"use_primary\": true}\n"}
,{"stream_name":"stdout","time":1708.855255494,"data":"EDGE_TTA_ACTIVE views = 8 mean_abs_feat_delta = 0.333142\n"}
,{"stream_name":"stdout","time":1709.264924136,"data":"EDGE_TTA_ACTIVE views = 8 mean_abs_feat_delta = 0.354254\n"}
,{"stream_name":"stdout","time":1709.849394812,"data":"SECONDARY_EDGE_TTA_ACTIVE views = 8 weight = 0.75 mean_abs_feat_delta = 0.257552\n"}
,{"stream_name":"stdout","time":1710.222514779,"data":"SECONDARY_EDGE_TTA_ACTIVE views = 8 weight = 0.75 mean_abs_feat_delta = 0.326296\n"}
,{"stream_name":"stdout","time":1710.226194933,"data":"BIOHUB_RETENTION_GUARD {\"blended_candidates\": 378, \"dataset\": \"44b6_2a2eff9f\", \"frame\": 24, \"minimum_retention\": 0.9, \"primary_candidates\": 467, \"retention\": 0.8094218415417559, \"use_primary\": true}\n"}
,{"stream_name":"stdout","time":1710.942911192,"data":"EDGE_TTA_ACTIVE views = 8 mean_abs_feat_delta = 0.328461\n"}
,{"stream_name":"stdout","time":1711.362309627,"data":"EDGE_TTA_ACTIVE views = 8 mean_abs_feat_delta = 0.361493\n"}
,{"stream_name":"stdout","time":1711.934237163,"data":"SECONDARY_EDGE_TTA_ACTIVE views = 8 weight = 0.75 mean_abs_feat_delta = 0.260048\n"}
,{"stream_name":"stdout","time":1712.31812406,"data":"SECONDARY_EDGE_TTA_ACTIVE views = 8 weight = 0.75 mean_abs_feat_delta = 0.325891\n"}
,{"stream_name":"stdout","time":1712.32210407,"data":"BIOHUB_RETENTION_GUARD {\"blended_candidates\": 363, \"dataset\": \"44b6_2a2eff9f\", \"frame\": 25, \"minimum_retention\": 0.9, \"primary_candidates\": 449, \"retention\": 0.8084632516703786, \"use_primary\": true}\n"}
,{"stream_name":"stdout","time":1713.001808256,"data":"EDGE_TTA_ACTIVE views = 8 mean_abs_feat_delta = 0.328834\n"}
,{"stream_name":"stdout","time":1713.430227704,"data":"EDGE_TTA_ACTIVE views = 8 mean_abs_feat_delta = 0.367501\n"}
,{"stream_name":"stdout","time":1713.992865533,"data":"SECONDARY_EDGE_TTA_ACTIVE views = 8 weight = 0.75 mean_abs_feat_delta = 0.25594\n"}
,{"stream_name":"stdout","time":1714.383322466,"data":"SECONDARY_EDGE_TTA_ACTIVE views = 8 weight = 0.75 mean_abs_feat_delta = 0.322369\n"}
,{"stream_name":"stdout","time":1714.387275995,"data":"BIOHUB_RETENTION_GUARD {\"blended_candidates\": 348, \"dataset\": \"44b6_2a2eff9f\", \"frame\": 26, \"minimum_retention\": 0.9, \"primary_candidates\": 438, \"retention\": 0.7945205479452054, \"use_primary\": true}\n"}
,{"stream_name":"stdout","time":1715.055109951,"data":"EDGE_TTA_ACTIVE views = 8 mean_abs_feat_delta = 0.33524\n"}
,{"stream_name":"stdout","time":1715.492575418,"data":"EDGE_TTA_ACTIVE views = 8 mean_abs_feat_delta = 0.364694\n"}
,{"stream_name":"stdout","time":1716.049292772,"data":"SECONDARY_EDGE_TTA_ACTIVE views = 8 weight = 0.75 mean_abs_feat_delta = 0.255182\n"}
,{"stream_name":"stdout","time":1716.447718777,"data":"SECONDARY_EDGE_TTA_ACTIVE views = 8 weight = 0.75 mean_abs_feat_delta = 0.322571\n"}
,{"stream_name":"stdout","time":1716.451666873,"data":"BIOHUB_RETENTION_GUARD {\"blended_candidates\": 357, \"dataset\": \"44b6_2a2eff9f\", \"frame\": 27, \"minimum_retention\": 0.9, \"primary_candidates\": 475, \"retention\": 0.751578947368421, \"use_primary\": true}\n"}
,{"stream_name":"stdout","time":1717.114153039,"data":"EDGE_TTA_ACTIVE views = 8 mean_abs_feat_delta = 0.330644\n"}
,{"stream_name":"stdout","time":1717.549146358,"data":"EDGE_TTA_ACTIVE views = 8 mean_abs_feat_delta = 0.36466\n"}
,{"stream_name":"stdout","time":1718.107910018,"data":"SECONDARY_EDGE_TTA_ACTIVE views = 8 weight = 0.75 mean_abs_feat_delta = 0.255678\n"}
,{"stream_name":"stdout","time":1718.505825515,"data":"SECONDARY_EDGE_TTA_ACTIVE views = 8 weight = 0.75 mean_abs_feat_delta = 0.321971\n"}
,{"stream_name":"stdout","time":1718.509765707,"data":"BIOHUB_RETENTION_GUARD {\"blended_candidates\": 349, \"dataset\": \"44b6_2a2eff9f\", \"frame\": 28, \"minimum_retention\": 0.9, \"primary_candidates\": 461, \"retention\": 0.7570498915401301, \"use_primary\": true}\n"}
,{"stream_name":"stdout","time":1719.172774798,"data":"EDGE_TTA_ACTIVE views = 8 mean_abs_feat_delta = 0.329724\n"}
,{"stream_name":"stdout","time":1719.624902777,"data":"EDGE_TTA_ACTIVE views = 8 mean_abs_feat_delta = 0.364232\n"}
,{"stream_name":"stdout","time":1720.166810614,"data":"SECONDARY_EDGE_TTA_ACTIVE views = 8 weight = 0.75 mean_abs_feat_delta = 0.25659\n"}
,{"stream_name":"stdout","time":1720.579986531,"data":"SECONDARY_EDGE_TTA_ACTIVE views = 8 weight = 0.75 mean_abs_feat_delta = 0.323261\n"}
,{"stream_name":"stdout","time":1720.583985395,"data":"BIOHUB_RETENTION_GUARD {\"blended_candidates\": 352, \"dataset\": \"44b6_2a2eff9f\", \"frame\": 29, \"minimum_retention\": 0.9, \"primary_candidates\": 467, \"retention\": 0.7537473233404711, \"use_primary\": true}\n"}
,{"stream_name":"stdout","time":1721.229439753,"data":"EDGE_TTA_ACTIVE views = 8 mean_abs_feat_delta = 0.328509\n"}
,{"stream_name":"stdout","time":1721.708498523,"data":"EDGE_TTA_ACTIVE views = 8 mean_abs_feat_delta = 0.369005\n"}
,{"stream_name":"stdout","time":1722.221686953,"data":"SECONDARY_EDGE_TTA_ACTIVE views = 8 weight = 0.75 mean_abs_feat_delta = 0.261519\n"}
,{"stream_name":"stdout","time":1722.665657679,"data":"SECONDARY_EDGE_TTA_ACTIVE views = 8 weight = 0.75 mean_abs_feat_delta = 0.325997\n"}
,{"stream_name":"stdout","time":1722.669522781,"data":"BIOHUB_RETENTION_GUARD {\"blended_candidates\": 342, \"dataset\": \"44b6_2a2eff9f\", \"frame\": 30, \"minimum_retention\": 0.9, \"primary_candidates\": 460, \"retention\": 0.7434782608695653, \"use_primary\": true}\n"}
,{"stream_name":"stdout","time":1723.284537096,"data":"EDGE_TTA_ACTIVE views = 8 mean_abs_feat_delta = 0.328824\n"}
,{"stream_name":"stdout","time":1723.789084905,"data":"EDGE_TTA_ACTIVE views = 8 mean_abs_feat_delta = 0.371568\n"}
,{"stream_name":"stdout","time":1724.275878314,"data":"SECONDARY_EDGE_TTA_ACTIVE views = 8 weight = 0.75 mean_abs_feat_delta = 0.261581\n"}
,{"stream_name":"stdout","time":1724.746769134,"data":"SECONDARY_EDGE_TTA_ACTIVE views = 8 weight = 0.75 mean_abs_feat_delta = 0.322858\n"}
,{"stream_name":"stdout","time":1724.75062052,"data":"BIOHUB_RETENTION_GUARD {\"blended_candidates\": 360, \"dataset\": \"44b6_2a2eff9f\", \"frame\": 31, \"minimum_retention\": 0.9, \"primary_candidates\": 457, \"retention\": 0.787746170678337, \"use_primary\": true}\n"}
,{"stream_name":"stdout","time":1725.356375654,"data":"EDGE_TTA_ACTIVE views = 8 mean_abs_feat_delta = 0.333453\n"}
,{"stream_name":"stdout","time":1725.875975298,"data":"EDGE_TTA_ACTIVE views = 8 mean_abs_feat_delta = 0.373964\n"}
,{"stream_name":"stdout","time":1726.348629527,"data":"SECONDARY_EDGE_TTA_ACTIVE views = 8 weight = 0.75 mean_abs_feat_delta = 0.257374\n"}
,{"stream_name":"stdout","time":1726.83365713,"data":"SECONDARY_EDGE_TTA_ACTIVE views = 8 weight = 0.75 mean_abs_feat_delta = 0.322245\n"}
,{"stream_name":"stdout","time":1726.837607212,"data":"BIOHUB_RETENTION_GUARD {\"blended_candidates\": 361, \"dataset\": \"44b6_2a2eff9f\", \"frame\": 32, \"minimum_retention\": 0.9, \"primary_candidates\": 461, \"retention\": 0.7830802603036876, \"use_primary\": true}\n"}
,{"stream_name":"stdout","time":1727.4173162,"data":"EDGE_TTA_ACTIVE views = 8 mean_abs_feat_delta = 0.33049\n"}
,{"stream_name":"stdout","time":1727.956608622,"data":"EDGE_TTA_ACTIVE views = 8 mean_abs_feat_delta = 0.375985\n"}
,{"stream_name":"stdout","time":1728.40825751,"data":"SECONDARY_EDGE_TTA_ACTIVE views = 8 weight = 0.75 mean_abs_feat_delta = 0.256553\n"}
,{"stream_name":"stdout","time":1728.919183402,"data":"SECONDARY_EDGE_TTA_ACTIVE views = 8 weight = 0.75 mean_abs_feat_delta = 0.323643\n"}
,{"stream_name":"stdout","time":1728.923050422,"data":"BIOHUB_RETENTION_GUARD {\"blended_candidates\": 336, \"dataset\": \"44b6_2a2eff9f\", \"frame\": 33, \"minimum_retention\": 0.9, \"primary_candidates\": 455, \"retention\": 0.7384615384615385, \"use_primary\": true}\n"}
,{"stream_name":"stdout","time":1729.489687806,"data":"EDGE_TTA_ACTIVE views = 8 mean_abs_feat_delta = 0.330532\n"}
,{"stream_name":"stdout","time":1730.037312861,"data":"EDGE_TTA_ACTIVE views = 8 mean_abs_feat_delta = 0.370885\n"}
,{"stream_name":"stdout","time":1730.486138082,"data":"SECONDARY_EDGE_TTA_ACTIVE views = 8 weight = 0.75 mean_abs_feat_delta = 0.254743\n"}
,{"stream_name":"stdout","time":1730.997378679,"data":"SECONDARY_EDGE_TTA_ACTIVE views = 8 weight = 0.75 mean_abs_feat_delta = 0.325514\n"}
,{"stream_name":"stdout","time":1731.00130465,"data":"BIOHUB_RETENTION_GUARD {\"blended_candidates\": 344, \"dataset\": \"44b6_2a2eff9f\", \"frame\": 34, \"minimum_retention\": 0.9, \"primary_candidates\": 470, \"retention\": 0.7319148936170212, \"use_primary\": true}\n"}
,{"stream_name":"stdout","time":1731.555569148,"data":"EDGE_TTA_ACTIVE views = 8 mean_abs_feat_delta = 0.336898\n"}
,{"stream_name":"stdout","time":1732.110534708,"data":"EDGE_TTA_ACTIVE views = 8 mean_abs_feat_delta = 0.36672\n"}
,{"stream_name":"stdout","time":1732.552642332,"data":"SECONDARY_EDGE_TTA_ACTIVE views = 8 weight = 0.75 mean_abs_feat_delta = 0.25812\n"}
,{"stream_name":"stdout","time":1733.077250015,"data":"SECONDARY_EDGE_TTA_ACTIVE views = 8 weight = 0.75 mean_abs_feat_delta = 0.32951\n"}
,{"stream_name":"stdout","time":1733.081203516,"data":"BIOHUB_RETENTION_GUARD {\"blended_candidates\": 339, \"dataset\": \"44b6_2a2eff9f\", \"frame\": 35, \"minimum_retention\": 0.9, \"primary_candidates\": 461, \"retention\": 0.735357917570499, \"use_primary\": true}\n"}
,{"stream_name":"stdout","time":1733.616383798,"data":"EDGE_TTA_ACTIVE views = 8 mean_abs_feat_delta = 0.339093\n"}
,{"stream_name":"stdout","time":1734.301547122,"data":"EDGE_TTA_ACTIVE views = 8 mean_abs_feat_delta = 0.364845\n"}
,{"stream_name":"stdout","time":1734.61374511,"data":"SECONDARY_EDGE_TTA_ACTIVE views = 8 weight = 0.75 mean_abs_feat_delta = 0.258084\n"}
,{"stream_name":"stdout","time":1735.152637684,"data":"SECONDARY_EDGE_TTA_ACTIVE views = 8 weight = 0.75 mean_abs_feat_delta = 0.33226\n"}
,{"stream_name":"stdout","time":1735.15625292,"data":"BIOHUB_RETENTION_GUARD {\"blended_candidates\": 344, \"dataset\": \"44b6_2a2eff9f\", \"frame\": 36, \"minimum_retention\": 0.9, \"primary_candidates\": 451, \"retention\": 0.7627494456762749, \"use_primary\": true}\n"}
,{"stream_name":"stdout","time":1735.686580356,"data":"EDGE_TTA_ACTIVE views = 8 mean_abs_feat_delta = 0.334928\n"}
,{"stream_name":"stdout","time":1736.276364616,"data":"EDGE_TTA_ACTIVE views = 8 mean_abs_feat_delta = 0.365471\n"}
,{"stream_name":"stdout","time":1736.683691111,"data":"SECONDARY_EDGE_TTA_ACTIVE views = 8 weight = 0.75 mean_abs_feat_delta = 0.253733\n"}
,{"stream_name":"stdout","time":1737.240151218,"data":"SECONDARY_EDGE_TTA_ACTIVE views = 8 weight = 0.75 mean_abs_feat_delta = 0.334845\n"}
,{"stream_name":"stdout","time":1737.243987459,"data":"BIOHUB_RETENTION_GUARD {\"blended_candidates\": 329, \"dataset\": \"44b6_2a2eff9f\", \"frame\": 37, \"minimum_retention\": 0.9, \"primary_candidates\": 430, \"retention\": 0.7651162790697674, \"use_primary\": true}\n"}
,{"stream_name":"stdout","time":1737.757815528,"data":"EDGE_TTA_ACTIVE views = 8 mean_abs_feat_delta = 0.334762\n"}
,{"stream_name":"stdout","time":1738.351411012,"data":"EDGE_TTA_ACTIVE views = 8 mean_abs_feat_delta = 0.367895\n"}
,{"stream_name":"stdout","time":1738.757752587,"data":"SECONDARY_EDGE_TTA_ACTIVE views = 8 weight = 0.75 mean_abs_feat_delta = 0.257496\n"}
,{"stream_name":"stdout","time":1739.324495303,"data":"SECONDARY_EDGE_TTA_ACTIVE views = 8 weight = 0.75 mean_abs_feat_delta = 0.338455\n"}
,{"stream_name":"stdout","time":1739.328559182,"data":"BIOHUB_RETENTION_GUARD {\"blended_candidates\": 321, \"dataset\": \"44b6_2a2eff9f\", \"frame\": 38, \"minimum_retention\": 0.9, \"primary_candidates\": 432, \"retention\": 0.7430555555555556, \"use_primary\": true}\n"}
,{"stream_name":"stdout","time":1739.823670506,"data":"EDGE_TTA_ACTIVE views = 8 mean_abs_feat_delta = 0.343229\n"}
,{"stream_name":"stdout","time":1740.441579801,"data":"EDGE_TTA_ACTIVE views = 8 mean_abs_feat_delta = 0.369509\n"}
,{"stream_name":"stdout","time":1740.825398249,"data":"SECONDARY_EDGE_TTA_ACTIVE views = 8 weight = 0.75 mean_abs_feat_delta = 0.258866\n"}
,{"stream_name":"stdout","time":1741.414390364,"data":"SECONDARY_EDGE_TTA_ACTIVE views = 8 weight = 0.75 mean_abs_feat_delta = 0.343458\n"}
,{"stream_name":"stdout","time":1741.418208672,"data":"BIOHUB_RETENTION_GUARD {\"blended_candidates\": 347, \"dataset\": \"44b6_2a2eff9f\", \"frame\": 39, \"minimum_retention\": 0.9, \"primary_candidates\": 430, \"retention\": 0.8069767441860465, \"use_primary\": true}\n"}
,{"stream_name":"stdout","time":1741.907073731,"data":"EDGE_TTA_ACTIVE views = 8 mean_abs_feat_delta = 0.34071\n"}
,{"stream_name":"stdout","time":1742.529854002,"data":"EDGE_TTA_ACTIVE views = 8 mean_abs_feat_delta = 0.369407\n"}
,{"stream_name":"stdout","time":1742.912296825,"data":"SECONDARY_EDGE_TTA_ACTIVE views = 8 weight = 0.75 mean_abs_feat_delta = 0.256585\n"}
,{"stream_name":"stdout","time":1743.504355151,"data":"SECONDARY_EDGE_TTA_ACTIVE views = 8 weight = 0.75 mean_abs_feat_delta = 0.339895\n"}
,{"stream_name":"stdout","time":1743.50861766,"data":"BIOHUB_RETENTION_GUARD {\"blended_candidates\": 338, \"dataset\": \"44b6_2a2eff9f\", \"frame\": 40, \"minimum_retention\": 0.9, \"primary_candidates\": 423, \"retention\": 0.7990543735224587, \"use_primary\": true}\n"}
,{"stream_name":"stdout","time":1743.985623558,"data":"EDGE_TTA_ACTIVE views = 8 mean_abs_feat_delta = 0.337284\n"}
,{"stream_name":"stdout","time":1744.649450939,"data":"EDGE_TTA_ACTIVE views = 8 mean_abs_feat_delta = 0.366559\n"}
,{"stream_name":"stdout","time":1744.993902748,"data":"SECONDARY_EDGE_TTA_ACTIVE views = 8 weight = 0.75 mean_abs_feat_delta = 0.255835\n"}
,{"stream_name":"stdout","time":1745.61463359,"data":"SECONDARY_EDGE_TTA_ACTIVE views = 8 weight = 0.75 mean_abs_feat_delta = 0.336794\n"}
,{"stream_name":"stdout","time":1745.618989996,"data":"BIOHUB_RETENTION_GUARD {\"blended_candidates\": 356, \"dataset\": \"44b6_2a2eff9f\", \"frame\": 41, \"minimum_retention\": 0.9, \"primary_candidates\": 439, \"retention\": 0.8109339407744874, \"use_primary\": true}\n"}
,{"stream_name":"stdout","time":1746.073016546,"data":"EDGE_TTA_ACTIVE views = 8 mean_abs_feat_delta = 0.340637\n"}
,{"stream_name":"stdout","time":1746.730806674,"data":"EDGE_TTA_ACTIVE views = 8 mean_abs_feat_delta = 0.365076\n"}
,{"stream_name":"stdout","time":1747.081141767,"data":"SECONDARY_EDGE_TTA_ACTIVE views = 8 weight = 0.75 mean_abs_feat_delta = 0.251669\n"}
,{"stream_name":"stdout","time":1747.706324488,"data":"SECONDARY_EDGE_TTA_ACTIVE views = 8 weight = 0.75 mean_abs_feat_delta = 0.337964\n"}
,{"stream_name":"stdout","time":1747.710625107,"data":"BIOHUB_RETENTION_GUARD {\"blended_candidates\": 348, \"dataset\": \"44b6_2a2eff9f\", \"frame\": 42, \"minimum_retention\": 0.9, \"primary_candidates\": 424, \"retention\": 0.8207547169811321, \"use_primary\": true}\n"}
,{"stream_name":"stdout","time":1748.147345988,"data":"EDGE_TTA_ACTIVE views = 8 mean_abs_feat_delta = 0.338061\n"}
,{"stream_name":"stdout","time":1748.820868987,"data":"EDGE_TTA_ACTIVE views = 8 mean_abs_feat_delta = 0.363489\n"}
,{"stream_name":"stdout","time":1749.154375673,"data":"SECONDARY_EDGE_TTA_ACTIVE views = 8 weight = 0.75 mean_abs_feat_delta = 0.249524\n"}
,{"stream_name":"stdout","time":1749.794367844,"data":"SECONDARY_EDGE_TTA_ACTIVE views = 8 weight = 0.75 mean_abs_feat_delta = 0.335927\n"}
,{"stream_name":"stdout","time":1749.798669472,"data":"BIOHUB_RETENTION_GUARD {\"blended_candidates\": 325, \"dataset\": \"44b6_2a2eff9f\", \"frame\": 43, \"minimum_retention\": 0.9, \"primary_candidates\": 418, \"retention\": 0.777511961722488, \"use_primary\": true}\n"}
,{"stream_name":"stdout","time":1750.233310536,"data":"EDGE_TTA_ACTIVE views = 8 mean_abs_feat_delta = 0.345326\n"}
,{"stream_name":"stdout","time":1750.910161911,"data":"EDGE_TTA_ACTIVE views = 8 mean_abs_feat_delta = 0.365601\n"}
,{"stream_name":"stdout","time":1751.237684163,"data":"SECONDARY_EDGE_TTA_ACTIVE views = 8 weight = 0.75 mean_abs_feat_delta = 0.249871\n"}
,{"stream_name":"stdout","time":1751.880571812,"data":"SECONDARY_EDGE_TTA_ACTIVE views = 8 weight = 0.75 mean_abs_feat_delta = 0.333679\n"}
,{"stream_name":"stdout","time":1751.884667209,"data":"BIOHUB_RETENTION_GUARD {\"blended_candidates\": 329, \"dataset\": \"44b6_2a2eff9f\", \"frame\": 44, \"minimum_retention\": 0.9, \"primary_candidates\": 441, \"retention\": 0.746031746031746, \"use_primary\": true}\n"}
,{"stream_name":"stdout","time":1752.310440458,"data":"EDGE_TTA_ACTIVE views = 8 mean_abs_feat_delta = 0.349698\n"}
,{"stream_name":"stdout","time":1752.994803968,"data":"EDGE_TTA_ACTIVE views = 8 mean_abs_feat_delta = 0.366265\n"}
,{"stream_name":"stdout","time":1753.317900646,"data":"SECONDARY_EDGE_TTA_ACTIVE views = 8 weight = 0.75 mean_abs_feat_delta = 0.257627\n"}
,{"stream_name":"stdout","time":1753.96897459,"data":"SECONDARY_EDGE_TTA_ACTIVE views = 8 weight = 0.75 mean_abs_feat_delta = 0.336494\n"}
,{"stream_name":"stdout","time":1753.972886206,"data":"BIOHUB_RETENTION_GUARD {\"blended_candidates\": 318, \"dataset\": \"44b6_2a2eff9f\", \"frame\": 45, \"minimum_retention\": 0.9, \"primary_candidates\": 424, \"retention\": 0.75, \"use_primary\": true}\n"}
,{"stream_name":"stdout","time":1754.399125492,"data":"EDGE_TTA_ACTIVE views = 8 mean_abs_feat_delta = 0.349809\n"}
,{"stream_name":"stdout","time":1755.093206933,"data":"EDGE_TTA_ACTIVE views = 8 mean_abs_feat_delta = 0.362606\n"}
,{"stream_name":"stdout","time":1755.408818935,"data":"SECONDARY_EDGE_TTA_ACTIVE views = 8 weight = 0.75 mean_abs_feat_delta = 0.255032\n"}
,{"stream_name":"stdout","time":1756.059321873,"data":"SECONDARY_EDGE_TTA_ACTIVE views = 8 weight = 0.75 mean_abs_feat_delta = 0.332437\n"}
,{"stream_name":"stdout","time":1756.063435565,"data":"BIOHUB_RETENTION_GUARD {\"blended_candidates\": 329, \"dataset\": \"44b6_2a2eff9f\", \"frame\": 46, \"minimum_retention\": 0.9, \"primary_candidates\": 435, \"retention\": 0.7563218390804598, \"use_primary\": true}\n"}
,{"stream_name":"stdout","time":1756.486443552,"data":"EDGE_TTA_ACTIVE views = 8 mean_abs_feat_delta = 0.338556\n"}
,{"stream_name":"stdout","time":1757.171713521,"data":"EDGE_TTA_ACTIVE views = 8 mean_abs_feat_delta = 0.353238\n"}
,{"stream_name":"stdout","time":1757.498509589,"data":"SECONDARY_EDGE_TTA_ACTIVE views = 8 weight = 0.75 mean_abs_feat_delta = 0.253313\n"}
,{"stream_name":"stdout","time":1758.145922953,"data":"SECONDARY_EDGE_TTA_ACTIVE views = 8 weight = 0.75 mean_abs_feat_delta = 0.319389\n"}
,{"stream_name":"stdout","time":1758.149715831,"data":"BIOHUB_RETENTION_GUARD {\"blended_candidates\": 410, \"dataset\": \"44b6_2a2eff9f\", \"frame\": 47, \"minimum_retention\": 0.9, \"primary_candidates\": 487, \"retention\": 0.8418891170431212, \"use_primary\": true}\n"}
,{"stream_name":"stdout","time":1758.579061418,"data":"EDGE_TTA_ACTIVE views = 8 mean_abs_feat_delta = 0.340267\n"}
,{"stream_name":"stdout","time":1759.299899139,"data":"EDGE_TTA_ACTIVE views = 8 mean_abs_feat_delta = 0.360268\n"}
,{"stream_name":"stdout","time":1759.588308042,"data":"SECONDARY_EDGE_TTA_ACTIVE views = 8 weight = 0.75 mean_abs_feat_delta = 0.253223\n"}
,{"stream_name":"stdout","time":1760.273649771,"data":"SECONDARY_EDGE_TTA_ACTIVE views = 8 weight = 0.75 mean_abs_feat_delta = 0.328147\n"}
,{"stream_name":"stdout","time":1760.277536672,"data":"BIOHUB_RETENTION_GUARD {\"blended_candidates\": 294, \"dataset\": \"44b6_2a2eff9f\", \"frame\": 48, \"minimum_retention\": 0.9, \"primary_candidates\": 419, \"retention\": 0.7016706443914081, \"use_primary\": true}\n"}
,{"stream_name":"stdout","time":1760.699069722,"data":"EDGE_TTA_ACTIVE views = 8 mean_abs_feat_delta = 0.344133\n"}
,{"stream_name":"stdout","time":1761.404820309,"data":"EDGE_TTA_ACTIVE views = 8 mean_abs_feat_delta = 0.366748\n"}
,{"stream_name":"stdout","time":1761.711534096,"data":"SECONDARY_EDGE_TTA_ACTIVE views = 8 weight = 0.75 mean_abs_feat_delta = 0.251983\n"}
,{"stream_name":"stdout","time":1762.380649839,"data":"SECONDARY_EDGE_TTA_ACTIVE views = 8 weight = 0.75 mean_abs_feat_delta = 0.329076\n"}
,{"stream_name":"stdout","time":1762.384376105,"data":"BIOHUB_RETENTION_GUARD {\"blended_candidates\": 266, \"dataset\": \"44b6_2a2eff9f\", \"frame\": 49, \"minimum_retention\": 0.9, \"primary_candidates\": 410, \"retention\": 0.6487804878048781, \"use_primary\": true}\n"}
,{"stream_name":"stdout","time":1762.796885262,"data":"EDGE_TTA_ACTIVE views = 8 mean_abs_feat_delta = 0.337296\n"}
,{"stream_name":"stdout","time":1763.493285794,"data":"EDGE_TTA_ACTIVE views = 8 mean_abs_feat_delta = 0.370945\n"}
,{"stream_name":"stdout","time":1763.806326407,"data":"SECONDARY_EDGE_TTA_ACTIVE views = 8 weight = 0.75 mean_abs_feat_delta = 0.251603\n"}
,{"stream_name":"stdout","time":1764.57490287,"data":"SECONDARY_EDGE_TTA_ACTIVE views = 8 weight = 0.75 mean_abs_feat_delta = 0.334363\n"}
,{"stream_name":"stdout","time":1764.575524021,"data":"BIOHUB_RETENTION_GUARD {\"blended_candidates\": 264, \"dataset\": \"44b6_2a2eff9f\", \"frame\": 50, \"minimum_retention\": 0.9, \"primary_candidates\": 409, \"retention\": 0.6454767726161369, \"use_primary\": true}\n"}
,{"stream_name":"stdout","time":1764.886286465,"data":"EDGE_TTA_ACTIVE views = 8 mean_abs_feat_delta = 0.340359\n"}
,{"stream_name":"stdout","time":1765.578077,"data":"EDGE_TTA_ACTIVE views = 8 mean_abs_feat_delta = 0.366217\n"}
,{"stream_name":"stdout","time":1765.89673667,"data":"SECONDARY_EDGE_TTA_ACTIVE views = 8 weight = 0.75 mean_abs_feat_delta = 0.252902\n"}
,{"stream_name":"stdout","time":1766.550541145,"data":"SECONDARY_EDGE_TTA_ACTIVE views = 8 weight = 0.75 mean_abs_feat_delta = 0.33668\n"}
,{"stream_name":"stdout","time":1766.556044619,"data":"BIOHUB_RETENTION_GUARD {\"blended_candidates\": 284, \"dataset\": \"44b6_2a2eff9f\", \"frame\": 51, \"minimum_retention\": 0.9, \"primary_candidates\": 407, \"retention\": 0.6977886977886978, \"use_primary\": true}\n"}
,{"stream_name":"stdout","time":1766.988775811,"data":"EDGE_TTA_ACTIVE views = 8 mean_abs_feat_delta = 0.328718\n"}
,{"stream_name":"stdout","time":1767.663508695,"data":"EDGE_TTA_ACTIVE views = 8 mean_abs_feat_delta = 0.362563\n"}
,{"stream_name":"stdout","time":1767.998060227,"data":"SECONDARY_EDGE_TTA_ACTIVE views = 8 weight = 0.75 mean_abs_feat_delta = 0.251763\n"}
,{"stream_name":"stdout","time":1768.637698105,"data":"SECONDARY_EDGE_TTA_ACTIVE views = 8 weight = 0.75 mean_abs_feat_delta = 0.331129\n"}
,{"stream_name":"stdout","time":1768.641632489,"data":"BIOHUB_RETENTION_GUARD {\"blended_candidates\": 269, \"dataset\": \"44b6_2a2eff9f\", \"frame\": 52, \"minimum_retention\": 0.9, \"primary_candidates\": 406, \"retention\": 0.6625615763546798, \"use_primary\": true}\n"}
,{"stream_name":"stdout","time":1769.080911685,"data":"EDGE_TTA_ACTIVE views = 8 mean_abs_feat_delta = 0.332662\n"}
,{"stream_name":"stdout","time":1769.750475293,"data":"EDGE_TTA_ACTIVE views = 8 mean_abs_feat_delta = 0.366037\n"}
,{"stream_name":"stdout","time":1770.087869076,"data":"SECONDARY_EDGE_TTA_ACTIVE views = 8 weight = 0.75 mean_abs_feat_delta = 0.252662\n"}
,{"stream_name":"stdout","time":1770.723753266,"data":"SECONDARY_EDGE_TTA_ACTIVE views = 8 weight = 0.75 mean_abs_feat_delta = 0.333002\n"}
,{"stream_name":"stdout","time":1770.727493073,"data":"BIOHUB_RETENTION_GUARD {\"blended_candidates\": 288, \"dataset\": \"44b6_2a2eff9f\", \"frame\": 53, \"minimum_retention\": 0.9, \"primary_candidates\": 418, \"retention\": 0.6889952153110048, \"use_primary\": true}\n"}
,{"stream_name":"stdout","time":1771.172922304,"data":"EDGE_TTA_ACTIVE views = 8 mean_abs_feat_delta = 0.336965\n"}
,{"stream_name":"stdout","time":1771.835824636,"data":"EDGE_TTA_ACTIVE views = 8 mean_abs_feat_delta = 0.364649\n"}
,{"stream_name":"stdout","time":1772.178746421,"data":"SECONDARY_EDGE_TTA_ACTIVE views = 8 weight = 0.75 mean_abs_feat_delta = 0.25307\n"}
,{"stream_name":"stdout","time":1772.808407553,"data":"SECONDARY_EDGE_TTA_ACTIVE views = 8 weight = 0.75 mean_abs_feat_delta = 0.335485\n"}
,{"stream_name":"stdout","time":1772.812381899,"data":"BIOHUB_RETENTION_GUARD {\"blended_candidates\": 243, \"dataset\": \"44b6_2a2eff9f\", \"frame\": 54, \"minimum_retention\": 0.9, \"primary_candidates\": 392, \"retention\": 0.6198979591836735, \"use_primary\": true}\n"}
,{"stream_name":"stdout","time":1773.286170739,"data":"EDGE_TTA_ACTIVE views = 8 mean_abs_feat_delta = 0.33779\n"}
,{"stream_name":"stdout","time":1773.920438735,"data":"EDGE_TTA_ACTIVE views = 8 mean_abs_feat_delta = 0.361135\n"}
,{"stream_name":"stdout","time":1774.291817014,"data":"SECONDARY_EDGE_TTA_ACTIVE views = 8 weight = 0.75 mean_abs_feat_delta = 0.253586\n"}
,{"stream_name":"stdout","time":1774.893651969,"data":"SECONDARY_EDGE_TTA_ACTIVE views = 8 weight = 0.75 mean_abs_feat_delta = 0.330638\n"}
,{"stream_name":"stdout","time":1774.897297913,"data":"BIOHUB_RETENTION_GUARD {\"blended_candidates\": 255, \"dataset\": \"44b6_2a2eff9f\", \"frame\": 55, \"minimum_retention\": 0.9, \"primary_candidates\": 409, \"retention\": 0.6234718826405868, \"use_primary\": true}\n"}
,{"stream_name":"stdout","time":1775.378339806,"data":"EDGE_TTA_ACTIVE views = 8 mean_abs_feat_delta = 0.342767\n"}
,{"stream_name":"stdout","time":1776.02502248,"data":"EDGE_TTA_ACTIVE views = 8 mean_abs_feat_delta = 0.359041\n"}
,{"stream_name":"stdout","time":1776.382356674,"data":"SECONDARY_EDGE_TTA_ACTIVE views = 8 weight = 0.75 mean_abs_feat_delta = 0.254472\n"}
,{"stream_name":"stdout","time":1776.997901041,"data":"SECONDARY_EDGE_TTA_ACTIVE views = 8 weight = 0.75 mean_abs_feat_delta = 0.327924\n"}
,{"stream_name":"stdout","time":1777.00207828,"data":"BIOHUB_RETENTION_GUARD {\"blended_candidates\": 271, \"dataset\": \"44b6_2a2eff9f\", \"frame\": 56, \"minimum_retention\": 0.9, \"primary_candidates\": 424, \"retention\": 0.6391509433962265, \"use_primary\": true}\n"}
,{"stream_name":"stdout","time":1777.464372597,"data":"EDGE_TTA_ACTIVE views = 8 mean_abs_feat_delta = 0.341057\n"}
,{"stream_name":"stdout","time":1778.123059362,"data":"EDGE_TTA_ACTIVE views = 8 mean_abs_feat_delta = 0.360113\n"}
,{"stream_name":"stdout","time":1778.469868641,"data":"SECONDARY_EDGE_TTA_ACTIVE views = 8 weight = 0.75 mean_abs_feat_delta = 0.251768\n"}
,{"stream_name":"stdout","time":1779.096867936,"data":"SECONDARY_EDGE_TTA_ACTIVE views = 8 weight = 0.75 mean_abs_feat_delta = 0.327605\n"}
,{"stream_name":"stdout","time":1779.100857198,"data":"BIOHUB_RETENTION_GUARD {\"blended_candidates\": 282, \"dataset\": \"44b6_2a2eff9f\", \"frame\": 57, \"minimum_retention\": 0.9, \"primary_candidates\": 451, \"retention\": 0.6252771618625277, \"use_primary\": true}\n"}
,{"stream_name":"stdout","time":1779.550564404,"data":"EDGE_TTA_ACTIVE views = 8 mean_abs_feat_delta = 0.336331\n"}
,{"stream_name":"stdout","time":1780.21273867,"data":"EDGE_TTA_ACTIVE views = 8 mean_abs_feat_delta = 0.365191\n"}
,{"stream_name":"stdout","time":1780.555080523,"data":"SECONDARY_EDGE_TTA_ACTIVE views = 8 weight = 0.75 mean_abs_feat_delta = 0.249247\n"}
,{"stream_name":"stdout","time":1781.187377916,"data":"SECONDARY_EDGE_TTA_ACTIVE views = 8 weight = 0.75 mean_abs_feat_delta = 0.329719\n"}
,{"stream_name":"stdout","time":1781.190878185,"data":"BIOHUB_RETENTION_GUARD {\"blended_candidates\": 270, \"dataset\": \"44b6_2a2eff9f\", \"frame\": 58, \"minimum_retention\": 0.9, \"primary_candidates\": 429, \"retention\": 0.6293706293706294, \"use_primary\": true}\n"}
,{"stream_name":"stdout","time":1781.634984583,"data":"EDGE_TTA_ACTIVE views = 8 mean_abs_feat_delta = 0.334957\n"}
,{"stream_name":"stdout","time":1782.30671501,"data":"EDGE_TTA_ACTIVE views = 8 mean_abs_feat_delta = 0.369054\n"}
,{"stream_name":"stdout","time":1782.639767627,"data":"SECONDARY_EDGE_TTA_ACTIVE views = 8 weight = 0.75 mean_abs_feat_delta = 0.249987\n"}
,{"stream_name":"stdout","time":1783.277667649,"data":"SECONDARY_EDGE_TTA_ACTIVE views = 8 weight = 0.75 mean_abs_feat_delta = 0.330811\n"}
,{"stream_name":"stdout","time":1783.281612789,"data":"BIOHUB_RETENTION_GUARD {\"blended_candidates\": 335, \"dataset\": \"44b6_2a2eff9f\", \"frame\": 59, \"minimum_retention\": 0.9, \"primary_candidates\": 469, \"retention\": 0.7142857142857143, \"use_primary\": true}\n"}
,{"stream_name":"stdout","time":1783.707158301,"data":"EDGE_TTA_ACTIVE views = 8 mean_abs_feat_delta = 0.341619\n"}
,{"stream_name":"stdout","time":1784.405741348,"data":"EDGE_TTA_ACTIVE views = 8 mean_abs_feat_delta = 0.371614\n"}
,{"stream_name":"stdout","time":1784.710218835,"data":"SECONDARY_EDGE_TTA_ACTIVE views = 8 weight = 0.75 mean_abs_feat_delta = 0.250903\n"}
,{"stream_name":"stdout","time":1785.37916124,"data":"SECONDARY_EDGE_TTA_ACTIVE views = 8 weight = 0.75 mean_abs_feat_delta = 0.331977\n"}
,{"stream_name":"stdout","time":1785.382735748,"data":"BIOHUB_RETENTION_GUARD {\"blended_candidates\": 284, \"dataset\": \"44b6_2a2eff9f\", \"frame\": 60, \"minimum_retention\": 0.9, \"primary_candidates\": 436, \"retention\": 0.6513761467889908, \"use_primary\": true}\n"}
,{"stream_name":"stdout","time":1785.789717032,"data":"EDGE_TTA_ACTIVE views = 8 mean_abs_feat_delta = 0.337701\n"}
,{"stream_name":"stdout","time":1786.504307896,"data":"EDGE_TTA_ACTIVE views = 8 mean_abs_feat_delta = 0.368199\n"}
,{"stream_name":"stdout","time":1786.793808495,"data":"SECONDARY_EDGE_TTA_ACTIVE views = 8 weight = 0.75 mean_abs_feat_delta = 0.251856\n"}
,{"stream_name":"stdout","time":1787.472132075,"data":"SECONDARY_EDGE_TTA_ACTIVE views = 8 weight = 0.75 mean_abs_feat_delta = 0.326439\n"}
,{"stream_name":"stdout","time":1787.476129455,"data":"BIOHUB_RETENTION_GUARD {\"blended_candidates\": 321, \"dataset\": \"44b6_2a2eff9f\", \"frame\": 61, \"minimum_retention\": 0.9, \"primary_candidates\": 451, \"retention\": 0.7117516629711752, \"use_primary\": true}\n"}
,{"stream_name":"stdout","time":1787.918447181,"data":"EDGE_TTA_ACTIVE views = 8 mean_abs_feat_delta = 0.333193\n"}
,{"stream_name":"stdout","time":1788.624021468,"data":"EDGE_TTA_ACTIVE views = 8 mean_abs_feat_delta = 0.36467\n"}
,{"stream_name":"stdout","time":1788.919165718,"data":"SECONDARY_EDGE_TTA_ACTIVE views = 8 weight = 0.75 mean_abs_feat_delta = 0.252863\n"}
,{"stream_name":"stdout","time":1789.596464515,"data":"SECONDARY_EDGE_TTA_ACTIVE views = 8 weight = 0.75 mean_abs_feat_delta = 0.326516\n"}
,{"stream_name":"stdout","time":1789.600557386,"data":"BIOHUB_RETENTION_GUARD {\"blended_candidates\": 420, \"dataset\": \"44b6_2a2eff9f\", \"frame\": 62, \"minimum_retention\": 0.9, \"primary_candidates\": 490, \"retention\": 0.8571428571428571, \"use_primary\": true}\n"}
,{"stream_name":"stdout","time":1789.995223088,"data":"EDGE_TTA_ACTIVE views = 8 mean_abs_feat_delta = 0.336337\n"}
,{"stream_name":"stdout","time":1790.765549847,"data":"EDGE_TTA_ACTIVE views = 8 mean_abs_feat_delta = 0.365175\n"}
,{"stream_name":"stdout","time":1790.997395093,"data":"SECONDARY_EDGE_TTA_ACTIVE views = 8 weight = 0.75 mean_abs_feat_delta = 0.248811\n"}
,{"stream_name":"stdout","time":1791.736013848,"data":"SECONDARY_EDGE_TTA_ACTIVE views = 8 weight = 0.75 mean_abs_feat_delta = 0.335461\n"}
,{"stream_name":"stdout","time":1791.739907792,"data":"BIOHUB_RETENTION_GUARD {\"blended_candidates\": 337, \"dataset\": \"44b6_2a2eff9f\", \"frame\": 63, \"minimum_retention\": 0.9, \"primary_candidates\": 473, \"retention\": 0.7124735729386892, \"use_primary\": true}\n"}
,{"stream_name":"stdout","time":1792.088534353,"data":"EDGE_TTA_ACTIVE views = 8 mean_abs_feat_delta = 0.340775\n"}
,{"stream_name":"stdout","time":1792.891308925,"data":"EDGE_TTA_ACTIVE views = 8 mean_abs_feat_delta = 0.363902\n"}
,{"stream_name":"stdout","time":1793.088544071,"data":"SECONDARY_EDGE_TTA_ACTIVE views = 8 weight = 0.75 mean_abs_feat_delta = 0.245586\n"}
,{"stream_name":"stdout","time":1793.862280355,"data":"SECONDARY_EDGE_TTA_ACTIVE views = 8 weight = 0.75 mean_abs_feat_delta = 0.330483\n"}
,{"stream_name":"stdout","time":1793.866178137,"data":"BIOHUB_RETENTION_GUARD {\"blended_candidates\": 333, \"dataset\": \"44b6_2a2eff9f\", \"frame\": 64, \"minimum_retention\": 0.9, \"primary_candidates\": 464, \"retention\": 0.7176724137931034, \"use_primary\": true}\n"}
,{"stream_name":"stdout","time":1794.156807548,"data":"EDGE_TTA_ACTIVE views = 8 mean_abs_feat_delta = 0.340687\n"}
,{"stream_name":"stdout","time":1795.132932583,"data":"EDGE_TTA_ACTIVE views = 8 mean_abs_feat_delta = 0.365061\n"}
,{"stream_name":"stdout","time":1795.156916593,"data":"SECONDARY_EDGE_TTA_ACTIVE views = 8 weight = 0.75 mean_abs_feat_delta = 0.249088\n"}
,{"stream_name":"stdout","time":1795.990720195,"data":"SECONDARY_EDGE_TTA_ACTIVE views = 8 weight = 0.75 mean_abs_feat_delta = 0.325601\n"}
,{"stream_name":"stdout","time":1795.99467522,"data":"BIOHUB_RETENTION_GUARD {\"blended_candidates\": 363, \"dataset\": \"44b6_2a2eff9f\", \"frame\": 65, \"minimum_retention\": 0.9, \"primary_candidates\": 495, \"retention\": 0.7333333333333333, \"use_primary\": true}\n"}
,{"stream_name":"stdout","time":1796.283163982,"data":"EDGE_TTA_ACTIVE views = 8 mean_abs_feat_delta = 0.335059\n"}
,{"stream_name":"stdout","time":1797.14984431,"data":"EDGE_TTA_ACTIVE views = 8 mean_abs_feat_delta = 0.365762\n"}
,{"stream_name":"stdout","time":1797.282885877,"data":"SECONDARY_EDGE_TTA_ACTIVE views = 8 weight = 0.75 mean_abs_feat_delta = 0.248363\n"}
,{"stream_name":"stdout","time":1798.12280491,"data":"SECONDARY_EDGE_TTA_ACTIVE views = 8 weight = 0.75 mean_abs_feat_delta = 0.323744\n"}
,{"stream_name":"stdout","time":1798.126720358,"data":"BIOHUB_RETENTION_GUARD {\"blended_candidates\": 341, \"dataset\": \"44b6_2a2eff9f\", \"frame\": 66, \"minimum_retention\": 0.9, \"primary_candidates\": 457, \"retention\": 0.7461706783369803, \"use_primary\": true}\n"}
,{"stream_name":"stdout","time":1798.409047572,"data":"EDGE_TTA_ACTIVE views = 8 mean_abs_feat_delta = 0.332462\n"}
,{"stream_name":"stdout","time":1799.25132877,"data":"EDGE_TTA_ACTIVE views = 8 mean_abs_feat_delta = 0.367265\n"}
,{"stream_name":"stdout","time":1799.409070289,"data":"SECONDARY_EDGE_TTA_ACTIVE views = 8 weight = 0.75 mean_abs_feat_delta = 0.249044\n"}
,{"stream_name":"stdout","time":1800.221992198,"data":"SECONDARY_EDGE_TTA_ACTIVE views = 8 weight = 0.75 mean_abs_feat_delta = 0.323117\n"}
,{"stream_name":"stdout","time":1800.225860994,"data":"BIOHUB_RETENTION_GUARD {\"blended_candidates\": 360, \"dataset\": \"44b6_2a2eff9f\", \"frame\": 67, \"minimum_retention\": 0.9, \"primary_candidates\": 460, \"retention\": 0.782608695652174, \"use_primary\": true}\n"}
,{"stream_name":"stdout","time":1800.480615376,"data":"EDGE_TTA_ACTIVE views = 8 mean_abs_feat_delta = 0.330292\n"}
,{"stream_name":"stdout","time":1801.351216458,"data":"EDGE_TTA_ACTIVE views = 8 mean_abs_feat_delta = 0.368968\n"}
,{"stream_name":"stdout","time":1801.478831819,"data":"SECONDARY_EDGE_TTA_ACTIVE views = 8 weight = 0.75 mean_abs_feat_delta = 0.247402\n"}
,{"stream_name":"stdout","time":1802.316973647,"data":"SECONDARY_EDGE_TTA_ACTIVE views = 8 weight = 0.75 mean_abs_feat_delta = 0.325646\n"}
,{"stream_name":"stdout","time":1802.321140041,"data":"BIOHUB_RETENTION_GUARD {\"blended_candidates\": 333, \"dataset\": \"44b6_2a2eff9f\", \"frame\": 68, \"minimum_retention\": 0.9, \"primary_candidates\": 457, \"retention\": 0.7286652078774617, \"use_primary\": true}\n"}
,{"stream_name":"stdout","time":1802.550833935,"data":"EDGE_TTA_ACTIVE views = 8 mean_abs_feat_delta = 0.330247\n"}
,{"stream_name":"stdout","time":1803.470588717,"data":"EDGE_TTA_ACTIVE views = 8 mean_abs_feat_delta = 0.371411\n"}
,{"stream_name":"stdout","time":1803.551311987,"data":"SECONDARY_EDGE_TTA_ACTIVE views = 8 weight = 0.75 mean_abs_feat_delta = 0.246196\n"}
,{"stream_name":"stdout","time":1804.441997403,"data":"SECONDARY_EDGE_TTA_ACTIVE views = 8 weight = 0.75 mean_abs_feat_delta = 0.321799\n"}
,{"stream_name":"stdout","time":1804.445915868,"data":"BIOHUB_RETENTION_GUARD {\"blended_candidates\": 343, \"dataset\": \"44b6_2a2eff9f\", \"frame\": 69, \"minimum_retention\": 0.9, \"primary_candidates\": 458, \"retention\": 0.7489082969432315, \"use_primary\": true}\n"}
,{"stream_name":"stdout","time":1804.62434306,"data":"EDGE_TTA_ACTIVE views = 8 mean_abs_feat_delta = 0.330898\n"}
,{"stream_name":"stdout","time":1805.566871641,"data":"EDGE_TTA_ACTIVE views = 8 mean_abs_feat_delta = 0.367712\n"}
,{"stream_name":"stdout","time":1805.624226276,"data":"SECONDARY_EDGE_TTA_ACTIVE views = 8 weight = 0.75 mean_abs_feat_delta = 0.246797\n"}
,{"stream_name":"stdout","time":1806.533879426,"data":"SECONDARY_EDGE_TTA_ACTIVE views = 8 weight = 0.75 mean_abs_feat_delta = 0.319894\n"}
,{"stream_name":"stdout","time":1806.538047617,"data":"BIOHUB_RETENTION_GUARD {\"blended_candidates\": 392, \"dataset\": \"44b6_2a2eff9f\", \"frame\": 70, \"minimum_retention\": 0.9, \"primary_candidates\": 501, \"retention\": 0.782435129740519, \"use_primary\": true}\n"}
,{"stream_name":"stdout","time":1806.697082369,"data":"EDGE_TTA_ACTIVE views = 8 mean_abs_feat_delta = 0.328729\n"}
,{"stream_name":"stdout","time":1807.697648723,"data":"SECONDARY_EDGE_TTA_ACTIVE views = 8 weight = 0.75 mean_abs_feat_delta = 0.247817\n"}
,{"stream_name":"stdout","time":1807.698931825,"data":"EDGE_TTA_ACTIVE views = 8 mean_abs_feat_delta = 0.369529\n"}
,{"stream_name":"stdout","time":1808.67198974,"data":"SECONDARY_EDGE_TTA_ACTIVE views = 8 weight = 0.75 mean_abs_feat_delta = 0.326641\n"}
,{"stream_name":"stdout","time":1808.675746009,"data":"BIOHUB_RETENTION_GUARD {\"blended_candidates\": 325, \"dataset\": \"44b6_2a2eff9f\", \"frame\": 71, \"minimum_retention\": 0.9, \"primary_candidates\": 454, \"retention\": 0.7158590308370044, \"use_primary\": true}\n"}
,{"stream_name":"stdout","time":1808.768611888,"data":"EDGE_TTA_ACTIVE views = 8 mean_abs_feat_delta = 0.332801\n"}
,{"stream_name":"stdout","time":1809.767338962,"data":"SECONDARY_EDGE_TTA_ACTIVE views = 8 weight = 0.75 mean_abs_feat_delta = 0.246115\n"}
,{"stream_name":"stdout","time":1809.809174596,"data":"EDGE_TTA_ACTIVE views = 8 mean_abs_feat_delta = 0.372852\n"}
,{"stream_name":"stdout","time":1810.782373912,"data":"SECONDARY_EDGE_TTA_ACTIVE views = 8 weight = 0.75 mean_abs_feat_delta = 0.331958\n"}
,{"stream_name":"stdout","time":1810.785943591,"data":"BIOHUB_RETENTION_GUARD {\"blended_candidates\": 319, \"dataset\": \"44b6_2a2eff9f\", \"frame\": 72, \"minimum_retention\": 0.9, \"primary_candidates\": 479, \"retention\": 0.6659707724425887, \"use_primary\": true}\n"}
,{"stream_name":"stdout","time":1810.841655097,"data":"EDGE_TTA_ACTIVE views = 8 mean_abs_feat_delta = 0.336225\n"}
,{"stream_name":"stdout","time":1811.841385684,"data":"SECONDARY_EDGE_TTA_ACTIVE views = 8 weight = 0.75 mean_abs_feat_delta = 0.246368\n"}
,{"stream_name":"stdout","time":1811.920611314,"data":"EDGE_TTA_ACTIVE views = 8 mean_abs_feat_delta = 0.372623\n"}
,{"stream_name":"stdout","time":1812.895276917,"data":"SECONDARY_EDGE_TTA_ACTIVE views = 8 weight = 0.75 mean_abs_feat_delta = 0.336114\n"}
,{"stream_name":"stdout","time":1812.899135915,"data":"BIOHUB_RETENTION_GUARD {\"blended_candidates\": 267, \"dataset\": \"44b6_2a2eff9f\", \"frame\": 73, \"minimum_retention\": 0.9, \"primary_candidates\": 429, \"retention\": 0.6223776223776224, \"use_primary\": true}\n"}
,{"stream_name":"stdout","time":1812.905459427,"data":"EDGE_TTA_ACTIVE views = 8 mean_abs_feat_delta = 0.333529\n"}
,{"stream_name":"stdout","time":1813.90710968,"data":"SECONDARY_EDGE_TTA_ACTIVE views = 8 weight = 0.75 mean_abs_feat_delta = 0.248276\n"}
,{"stream_name":"stdout","time":1814.027051467,"data":"EDGE_TTA_ACTIVE views = 8 mean_abs_feat_delta = 0.372378\n"}
,{"stream_name":"stdout","time":1814.980247808,"data":"EDGE_TTA_ACTIVE views = 8 mean_abs_feat_delta = 0.334563\n"}
,{"stream_name":"stdout","time":1814.998523706,"data":"SECONDARY_EDGE_TTA_ACTIVE views = 8 weight = 0.75 mean_abs_feat_delta = 0.336279\n"}
,{"stream_name":"stdout","time":1815.002560279,"data":"BIOHUB_RETENTION_GUARD {\"blended_candidates\": 299, \"dataset\": \"44b6_2a2eff9f\", \"frame\": 74, \"minimum_retention\": 0.9, \"primary_candidates\": 451, \"retention\": 0.6629711751662971, \"use_primary\": true}\n"}
,{"stream_name":"stdout","time":1815.979912209,"data":"SECONDARY_EDGE_TTA_ACTIVE views = 8 weight = 0.75 mean_abs_feat_delta = 0.246163\n"}
,{"stream_name":"stdout","time":1816.120844106,"data":"EDGE_TTA_ACTIVE views = 8 mean_abs_feat_delta = 0.373635\n"}
,{"stream_name":"stdout","time":1817.053737984,"data":"EDGE_TTA_ACTIVE views = 8 mean_abs_feat_delta = 0.333359\n"}
,{"stream_name":"stdout","time":1817.091830799,"data":"SECONDARY_EDGE_TTA_ACTIVE views = 8 weight = 0.75 mean_abs_feat_delta = 0.342354\n"}
,{"stream_name":"stdout","time":1817.096019617,"data":"BIOHUB_RETENTION_GUARD {\"blended_candidates\": 272, \"dataset\": \"44b6_2a2eff9f\", \"frame\": 75, \"minimum_retention\": 0.9, \"primary_candidates\": 452, \"retention\": 0.6017699115044248, \"use_primary\": true}\n"}
,{"stream_name":"stdout","time":1818.057407973,"data":"SECONDARY_EDGE_TTA_ACTIVE views = 8 weight = 0.75 mean_abs_feat_delta = 0.245654\n"}
,{"stream_name":"stdout","time":1818.240537745,"data":"EDGE_TTA_ACTIVE views = 8 mean_abs_feat_delta = 0.373002\n"}
,{"stream_name":"stdout","time":1819.122127853,"data":"EDGE_TTA_ACTIVE views = 8 mean_abs_feat_delta = 0.329517\n"}
,{"stream_name":"stdout","time":1819.208608416,"data":"SECONDARY_EDGE_TTA_ACTIVE views = 8 weight = 0.75 mean_abs_feat_delta = 0.344323\n"}
,{"stream_name":"stdout","time":1819.212712203,"data":"BIOHUB_RETENTION_GUARD {\"blended_candidates\": 249, \"dataset\": \"44b6_2a2eff9f\", \"frame\": 76, \"minimum_retention\": 0.9, \"primary_candidates\": 455, \"retention\": 0.5472527472527473, \"use_primary\": true}\n"}
,{"stream_name":"stdout","time":1820.122634901,"data":"SECONDARY_EDGE_TTA_ACTIVE views = 8 weight = 0.75 mean_abs_feat_delta = 0.249452\n"}
,{"stream_name":"stdout","time":1820.340724195,"data":"EDGE_TTA_ACTIVE views = 8 mean_abs_feat_delta = 0.37058\n"}
,{"stream_name":"stdout","time":1821.193981575,"data":"EDGE_TTA_ACTIVE views = 8 mean_abs_feat_delta = 0.327674\n"}
,{"stream_name":"stdout","time":1821.316952739,"data":"SECONDARY_EDGE_TTA_ACTIVE views = 8 weight = 0.75 mean_abs_feat_delta = 0.341175\n"}
,{"stream_name":"stdout","time":1821.32124231,"data":"BIOHUB_RETENTION_GUARD {\"blended_candidates\": 268, \"dataset\": \"44b6_2a2eff9f\", \"frame\": 77, \"minimum_retention\": 0.9, \"primary_candidates\": 447, \"retention\": 0.5995525727069351, \"use_primary\": true}\n"}
,{"stream_name":"stdout","time":1822.19585878,"data":"SECONDARY_EDGE_TTA_ACTIVE views = 8 weight = 0.75 mean_abs_feat_delta = 0.247601\n"}
,{"stream_name":"stdout","time":1822.436442732,"data":"EDGE_TTA_ACTIVE views = 8 mean_abs_feat_delta = 0.364196\n"}
,{"stream_name":"stdout","time":1823.406651482,"data":"SECONDARY_EDGE_TTA_ACTIVE views = 8 weight = 0.75 mean_abs_feat_delta = 0.343476\n"}
,{"stream_name":"stdout","time":1823.411267908,"data":"BIOHUB_RETENTION_GUARD {\"blended_candidates\": 363, \"dataset\": \"44b6_2a2eff9f\", \"frame\": 78, \"minimum_retention\": 0.9, \"primary_candidates\": 496, \"retention\": 0.7318548387096774, \"use_primary\": true}\n"}
,{"stream_name":"stdout","time":1824.634615985,"data":"EDGE_TTA_ACTIVE views = 8 mean_abs_feat_delta = 0.362629\n"}
,{"stream_name":"stdout","time":1825.730962545,"data":"SECONDARY_EDGE_TTA_ACTIVE views = 8 weight = 0.75 mean_abs_feat_delta = 0.34125\n"}
,{"stream_name":"stdout","time":1825.73231588,"data":"BIOHUB_RETENTION_GUARD {\"blended_candidates\": 380, \"dataset\": \"44b6_2a2eff9f\", \"frame\": 79, \"minimum_retention\": 0.9, \"primary_candidates\": 504, \"retention\": 0.753968253968254, \"use_primary\": true}\n"}
,{"stream_name":"stdout","time":1826.791462104,"data":"EDGE_TTA_ACTIVE views = 8 mean_abs_feat_delta = 0.368271\n"}
,{"stream_name":"stdout","time":1827.765049137,"data":"SECONDARY_EDGE_TTA_ACTIVE views = 8 weight = 0.75 mean_abs_feat_delta = 0.342222\n"}
,{"stream_name":"stdout","time":1827.768747174,"data":"BIOHUB_RETENTION_GUARD {\"blended_candidates\": 305, \"dataset\": \"44b6_2a2eff9f\", \"frame\": 80, \"minimum_retention\": 0.9, \"primary_candidates\": 469, \"retention\": 0.650319829424307, \"use_primary\": true}\n"}
,{"stream_name":"stdout","time":1828.898014523,"data":"EDGE_TTA_ACTIVE views = 8 mean_abs_feat_delta = 0.364769\n"}
,{"stream_name":"stdout","time":1829.488062087,"data":"EDGE_TTA_ACTIVE views = 8 mean_abs_feat_delta = 0.354392\n"}
,{"stream_name":"stdout","time":1829.869554228,"data":"SECONDARY_EDGE_TTA_ACTIVE views = 8 weight = 0.75 mean_abs_feat_delta = 0.336419\n"}
,{"stream_name":"stdout","time":1829.873469189,"data":"BIOHUB_RETENTION_GUARD {\"blended_candidates\": 316, \"dataset\": \"44b6_2a2eff9f\", \"frame\": 81, \"minimum_retention\": 0.9, \"primary_candidates\": 463, \"retention\": 0.6825053995680346, \"use_primary\": true}\n"}
,{"stream_name":"stdout","time":1830.472028001,"data":"SECONDARY_EDGE_TTA_ACTIVE views = 8 weight = 0.75 mean_abs_feat_delta = 0.268187\n"}
,{"stream_name":"stdout","time":1831.003926619,"data":"EDGE_TTA_ACTIVE views = 8 mean_abs_feat_delta = 0.365921\n"}
,{"stream_name":"stdout","time":1831.636466841,"data":"EDGE_TTA_ACTIVE views = 8 mean_abs_feat_delta = 0.354989\n"}
,{"stream_name":"stdout","time":1831.976034863,"data":"SECONDARY_EDGE_TTA_ACTIVE views = 8 weight = 0.75 mean_abs_feat_delta = 0.332057\n"}
,{"stream_name":"stdout","time":1831.979849818,"data":"BIOHUB_RETENTION_GUARD {\"blended_candidates\": 303, \"dataset\": \"44b6_2a2eff9f\", \"frame\": 82, \"minimum_retention\": 0.9, \"primary_candidates\": 462, \"retention\": 0.6558441558441559, \"use_primary\": true}\n"}
,{"stream_name":"stdout","time":1832.631805826,"data":"SECONDARY_EDGE_TTA_ACTIVE views = 8 weight = 0.75 mean_abs_feat_delta = 0.270508\n"}
,{"stream_name":"stdout","time":1833.169757487,"data":"EDGE_TTA_ACTIVE views = 8 mean_abs_feat_delta = 0.368883\n"}
,{"stream_name":"stdout","time":1833.751475192,"data":"EDGE_TTA_ACTIVE views = 8 mean_abs_feat_delta = 0.348797\n"}
,{"stream_name":"stdout","time":1834.141498991,"data":"SECONDARY_EDGE_TTA_ACTIVE views = 8 weight = 0.75 mean_abs_feat_delta = 0.32949\n"}
,{"stream_name":"stdout","time":1834.14534265,"data":"BIOHUB_RETENTION_GUARD {\"blended_candidates\": 264, \"dataset\": \"44b6_2a2eff9f\", \"frame\": 83, \"minimum_retention\": 0.9, \"primary_candidates\": 434, \"retention\": 0.6082949308755761, \"use_primary\": true}\n"}
,{"stream_name":"stdout","time":1834.742956344,"data":"SECONDARY_EDGE_TTA_ACTIVE views = 8 weight = 0.75 mean_abs_feat_delta = 0.266832\n"}
,{"stream_name":"stdout","time":1835.294487282,"data":"EDGE_TTA_ACTIVE views = 8 mean_abs_feat_delta = 0.368343\n"}
,{"stream_name":"stdout","time":1835.924867845,"data":"EDGE_TTA_ACTIVE views = 8 mean_abs_feat_delta = 0.344096\n"}
,{"stream_name":"stdout","time":1836.267316946,"data":"SECONDARY_EDGE_TTA_ACTIVE views = 8 weight = 0.75 mean_abs_feat_delta = 0.326369\n"}
,{"stream_name":"stdout","time":1836.27113297,"data":"BIOHUB_RETENTION_GUARD {\"blended_candidates\": 290, \"dataset\": \"44b6_2a2eff9f\", \"frame\": 84, \"minimum_retention\": 0.9, \"primary_candidates\": 458, \"retention\": 0.6331877729257642, \"use_primary\": true}\n"}
,{"stream_name":"stdout","time":1836.92087938,"data":"SECONDARY_EDGE_TTA_ACTIVE views = 8 weight = 0.75 mean_abs_feat_delta = 0.264193\n"}
,{"stream_name":"stdout","time":1837.478517959,"data":"EDGE_TTA_ACTIVE views = 8 mean_abs_feat_delta = 0.365564\n"}
,{"stream_name":"stdout","time":1838.15965667,"data":"EDGE_TTA_ACTIVE views = 8 mean_abs_feat_delta = 0.343236\n"}
,{"stream_name":"stdout","time":1838.45359232,"data":"SECONDARY_EDGE_TTA_ACTIVE views = 8 weight = 0.75 mean_abs_feat_delta = 0.325046\n"}
,{"stream_name":"stdout","time":1838.457458746,"data":"BIOHUB_RETENTION_GUARD {\"blended_candidates\": 328, \"dataset\": \"44b6_2a2eff9f\", \"frame\": 85, \"minimum_retention\": 0.9, \"primary_candidates\": 478, \"retention\": 0.6861924686192469, \"use_primary\": true}\n"}
,{"stream_name":"stdout","time":1839.156639093,"data":"SECONDARY_EDGE_TTA_ACTIVE views = 8 weight = 0.75 mean_abs_feat_delta = 0.2659\n"}
,{"stream_name":"stdout","time":1839.605922581,"data":"EDGE_TTA_ACTIVE views = 8 mean_abs_feat_delta = 0.362074\n"}
,{"stream_name":"stdout","time":1840.311010659,"data":"EDGE_TTA_ACTIVE views = 8 mean_abs_feat_delta = 0.346139\n"}
,{"stream_name":"stdout","time":1840.581314894,"data":"SECONDARY_EDGE_TTA_ACTIVE views = 8 weight = 0.75 mean_abs_feat_delta = 0.327764\n"}
,{"stream_name":"stdout","time":1840.585231055,"data":"BIOHUB_RETENTION_GUARD {\"blended_candidates\": 362, \"dataset\": \"44b6_2a2eff9f\", \"frame\": 86, \"minimum_retention\": 0.9, \"primary_candidates\": 489, \"retention\": 0.7402862985685071, \"use_primary\": true}\n"}
,{"stream_name":"stdout","time":1841.31860076,"data":"SECONDARY_EDGE_TTA_ACTIVE views = 8 weight = 0.75 mean_abs_feat_delta = 0.268655\n"}
,{"stream_name":"stdout","time":1841.763286146,"data":"EDGE_TTA_ACTIVE views = 8 mean_abs_feat_delta = 0.362517\n"}
,{"stream_name":"stdout","time":1842.44855507,"data":"EDGE_TTA_ACTIVE views = 8 mean_abs_feat_delta = 0.345393\n"}
,{"stream_name":"stdout","time":1842.746509255,"data":"SECONDARY_EDGE_TTA_ACTIVE views = 8 weight = 0.75 mean_abs_feat_delta = 0.33329\n"}
,{"stream_name":"stdout","time":1842.750421794,"data":"BIOHUB_RETENTION_GUARD {\"blended_candidates\": 343, \"dataset\": \"44b6_2a2eff9f\", \"frame\": 87, \"minimum_retention\": 0.9, \"primary_candidates\": 480, \"retention\": 0.7145833333333333, \"use_primary\": true}\n"}
,{"stream_name":"stdout","time":1843.449129749,"data":"SECONDARY_EDGE_TTA_ACTIVE views = 8 weight = 0.75 mean_abs_feat_delta = 0.274098\n"}
,{"stream_name":"stdout","time":1843.906115774,"data":"EDGE_TTA_ACTIVE views = 8 mean_abs_feat_delta = 0.359453\n"}
,{"stream_name":"stdout","time":1844.629250694,"data":"EDGE_TTA_ACTIVE views = 8 mean_abs_feat_delta = 0.343626\n"}
,{"stream_name":"stdout","time":1844.880181227,"data":"SECONDARY_EDGE_TTA_ACTIVE views = 8 weight = 0.75 mean_abs_feat_delta = 0.336504\n"}
,{"stream_name":"stdout","time":1844.884152019,"data":"BIOHUB_RETENTION_GUARD {\"blended_candidates\": 254, \"dataset\": \"44b6_2a2eff9f\", \"frame\": 88, \"minimum_retention\": 0.9, \"primary_candidates\": 444, \"retention\": 0.5720720720720721, \"use_primary\": true}\n"}
,{"stream_name":"stdout","time":1845.635031114,"data":"SECONDARY_EDGE_TTA_ACTIVE views = 8 weight = 0.75 mean_abs_feat_delta = 0.270171\n"}
,{"stream_name":"stdout","time":1846.013180844,"data":"EDGE_TTA_ACTIVE views = 8 mean_abs_feat_delta = 0.360125\n"}
,{"stream_name":"stdout","time":1846.768881758,"data":"EDGE_TTA_ACTIVE views = 8 mean_abs_feat_delta = 0.347614\n"}
,{"stream_name":"stdout","time":1846.989399195,"data":"SECONDARY_EDGE_TTA_ACTIVE views = 8 weight = 0.75 mean_abs_feat_delta = 0.333294\n"}
,{"stream_name":"stdout","time":1846.993082397,"data":"BIOHUB_RETENTION_GUARD {\"blended_candidates\": 285, \"dataset\": \"44b6_2a2eff9f\", \"frame\": 89, \"minimum_retention\": 0.9, \"primary_candidates\": 472, \"retention\": 0.6038135593220338, \"use_primary\": true}\n"}
,{"stream_name":"stdout","time":1847.769750142,"data":"SECONDARY_EDGE_TTA_ACTIVE views = 8 weight = 0.75 mean_abs_feat_delta = 0.269192\n"}
,{"stream_name":"stdout","time":1848.121373725,"data":"EDGE_TTA_ACTIVE views = 8 mean_abs_feat_delta = 0.35614\n"}
,{"stream_name":"stdout","time":1848.910291681,"data":"EDGE_TTA_ACTIVE views = 8 mean_abs_feat_delta = 0.350892\n"}
,{"stream_name":"stdout","time":1849.09590049,"data":"SECONDARY_EDGE_TTA_ACTIVE views = 8 weight = 0.75 mean_abs_feat_delta = 0.331259\n"}
,{"stream_name":"stdout","time":1849.099863007,"data":"BIOHUB_RETENTION_GUARD {\"blended_candidates\": 340, \"dataset\": \"44b6_2a2eff9f\", \"frame\": 90, \"minimum_retention\": 0.9, \"primary_candidates\": 473, \"retention\": 0.718816067653277, \"use_primary\": true}\n"}
,{"stream_name":"stdout","time":1849.915983778,"data":"SECONDARY_EDGE_TTA_ACTIVE views = 8 weight = 0.75 mean_abs_feat_delta = 0.272914\n"}
,{"stream_name":"stdout","time":1850.228867102,"data":"EDGE_TTA_ACTIVE views = 8 mean_abs_feat_delta = 0.356719\n"}
,{"stream_name":"stdout","time":1851.073900906,"data":"EDGE_TTA_ACTIVE views = 8 mean_abs_feat_delta = 0.351945\n"}
,{"stream_name":"stdout","time":1851.201914863,"data":"SECONDARY_EDGE_TTA_ACTIVE views = 8 weight = 0.75 mean_abs_feat_delta = 0.334726\n"}
,{"stream_name":"stdout","time":1851.205905068,"data":"BIOHUB_RETENTION_GUARD {\"blended_candidates\": 348, \"dataset\": \"44b6_2a2eff9f\", \"frame\": 91, \"minimum_retention\": 0.9, \"primary_candidates\": 476, \"retention\": 0.7310924369747899, \"use_primary\": true}\n"}
,{"stream_name":"stdout","time":1852.082740608,"data":"SECONDARY_EDGE_TTA_ACTIVE views = 8 weight = 0.75 mean_abs_feat_delta = 0.273035\n"}
,{"stream_name":"stdout","time":1852.355019358,"data":"EDGE_TTA_ACTIVE views = 8 mean_abs_feat_delta = 0.359241\n"}
,{"stream_name":"stdout","time":1853.287275135,"data":"EDGE_TTA_ACTIVE views = 8 mean_abs_feat_delta = 0.349374\n"}
,{"stream_name":"stdout","time":1853.329811083,"data":"SECONDARY_EDGE_TTA_ACTIVE views = 8 weight = 0.75 mean_abs_feat_delta = 0.334156\n"}
,{"stream_name":"stdout","time":1853.333737081,"data":"BIOHUB_RETENTION_GUARD {\"blended_candidates\": 340, \"dataset\": \"44b6_2a2eff9f\", \"frame\": 92, \"minimum_retention\": 0.9, \"primary_candidates\": 467, \"retention\": 0.728051391862955, \"use_primary\": true}\n"}
,{"stream_name":"stdout","time":1854.295606351,"data":"SECONDARY_EDGE_TTA_ACTIVE views = 8 weight = 0.75 mean_abs_feat_delta = 0.271935\n"}
,{"stream_name":"stdout","time":1854.501167811,"data":"EDGE_TTA_ACTIVE views = 8 mean_abs_feat_delta = 0.357767\n"}
,{"stream_name":"stdout","time":1855.446510172,"data":"EDGE_TTA_ACTIVE views = 8 mean_abs_feat_delta = 0.351376\n"}
,{"stream_name":"stdout","time":1855.477499616,"data":"SECONDARY_EDGE_TTA_ACTIVE views = 8 weight = 0.75 mean_abs_feat_delta = 0.328842\n"}
,{"stream_name":"stdout","time":1855.48164028,"data":"BIOHUB_RETENTION_GUARD {\"blended_candidates\": 344, \"dataset\": \"44b6_2a2eff9f\", \"frame\": 93, \"minimum_retention\": 0.9, \"primary_candidates\": 489, \"retention\": 0.7034764826175869, \"use_primary\": true}\n"}
,{"stream_name":"stdout","time":1856.577245874,"data":"SECONDARY_EDGE_TTA_ACTIVE views = 8 weight = 0.75 mean_abs_feat_delta = 0.26942\n"}
,{"stream_name":"stdout","time":1856.63228312,"data":"EDGE_TTA_ACTIVE views = 8 mean_abs_feat_delta = 0.358418\n"}
,{"stream_name":"stdout","time":1857.611371652,"data":"SECONDARY_EDGE_TTA_ACTIVE views = 8 weight = 0.75 mean_abs_feat_delta = 0.327008\n"}
,{"stream_name":"stdout","time":1857.611398739,"data":"EDGE_TTA_ACTIVE views = 8 mean_abs_feat_delta = 0.35564\n"}
,{"stream_name":"stdout","time":1857.613721022,"data":"BIOHUB_RETENTION_GUARD {\"blended_candidates\": 360, \"dataset\": \"44b6_2a2eff9f\", \"frame\": 94, \"minimum_retention\": 0.9, \"primary_candidates\": 495, \"retention\": 0.7272727272727273, \"use_primary\": true}\n"}
,{"stream_name":"stdout","time":1858.620928428,"data":"SECONDARY_EDGE_TTA_ACTIVE views = 8 weight = 0.75 mean_abs_feat_delta = 0.267667\n"}
,{"stream_name":"stdout","time":1858.763637382,"data":"EDGE_TTA_ACTIVE views = 8 mean_abs_feat_delta = 0.359717\n"}
,{"stream_name":"stdout","time":1859.737523365,"data":"SECONDARY_EDGE_TTA_ACTIVE views = 8 weight = 0.75 mean_abs_feat_delta = 0.330388\n"}
,{"stream_name":"stdout","time":1859.741224857,"data":"BIOHUB_RETENTION_GUARD {\"blended_candidates\": 351, \"dataset\": \"44b6_2a2eff9f\", \"frame\": 95, \"minimum_retention\": 0.9, \"primary_candidates\": 480, \"retention\": 0.73125, \"use_primary\": true}\n"}
,{"stream_name":"stdout","time":1859.771007846,"data":"EDGE_TTA_ACTIVE views = 8 mean_abs_feat_delta = 0.352377\n"}
,{"stream_name":"stdout","time":1860.78125199,"data":"SECONDARY_EDGE_TTA_ACTIVE views = 8 weight = 0.75 mean_abs_feat_delta = 0.272442\n"}
,{"stream_name":"stdout","time":1860.889008383,"data":"EDGE_TTA_ACTIVE views = 8 mean_abs_feat_delta = 0.362555\n"}
,{"stream_name":"stdout","time":1861.866839254,"data":"SECONDARY_EDGE_TTA_ACTIVE views = 8 weight = 0.75 mean_abs_feat_delta = 0.336283\n"}
,{"stream_name":"stdout","time":1861.870466727,"data":"BIOHUB_RETENTION_GUARD {\"blended_candidates\": 323, \"dataset\": \"44b6_2a2eff9f\", \"frame\": 96, \"minimum_retention\": 0.9, \"primary_candidates\": 467, \"retention\": 0.6916488222698073, \"use_primary\": true}\n"}
,{"stream_name":"stdout","time":1861.959832452,"data":"EDGE_TTA_ACTIVE views = 8 mean_abs_feat_delta = 0.352809\n"}
,{"stream_name":"stdout","time":1862.971327093,"data":"SECONDARY_EDGE_TTA_ACTIVE views = 8 weight = 0.75 mean_abs_feat_delta = 0.274668\n"}
,{"stream_name":"stdout","time":1863.036382313,"data":"EDGE_TTA_ACTIVE views = 8 mean_abs_feat_delta = 0.361436\n"}
,{"stream_name":"stdout","time":1864.014118965,"data":"SECONDARY_EDGE_TTA_ACTIVE views = 8 weight = 0.75 mean_abs_feat_delta = 0.336744\n"}
,{"stream_name":"stdout","time":1864.018453374,"data":"BIOHUB_RETENTION_GUARD {\"blended_candidates\": 285, \"dataset\": \"44b6_2a2eff9f\", \"frame\": 97, \"minimum_retention\": 0.9, \"primary_candidates\": 446, \"retention\": 0.6390134529147982, \"use_primary\": true}\n"}
,{"stream_name":"stdout","time":1864.121447186,"data":"EDGE_TTA_ACTIVE views = 8 mean_abs_feat_delta = 0.347118\n"}
,{"stream_name":"stdout","time":1865.132917407,"data":"SECONDARY_EDGE_TTA_ACTIVE views = 8 weight = 0.75 mean_abs_feat_delta = 0.278564\n"}
,{"stream_name":"stdout","time":1865.163620352,"data":"EDGE_TTA_ACTIVE views = 8 mean_abs_feat_delta = 0.35858\n"}
,{"stream_name":"stdout","time":1866.141982833,"data":"SECONDARY_EDGE_TTA_ACTIVE views = 8 weight = 0.75 mean_abs_feat_delta = 0.328176\n"}
,{"stream_name":"stdout","time":1866.146233486,"data":"BIOHUB_RETENTION_GUARD {\"blended_candidates\": 333, \"dataset\": \"44b6_2a2eff9f\", \"frame\": 98, \"minimum_retention\": 0.9, \"primary_candidates\": 495, \"retention\": 0.6727272727272727, \"use_primary\": true}\n"}
,{"stream_name":"stdout","time":1866.262811432,"data":"EDGE_TTA_ACTIVE views = 8 mean_abs_feat_delta = 0.353642\n"}
,{"stream_name":"stdout","time":1867.270178431,"data":"SECONDARY_EDGE_TTA_ACTIVE views = 8 weight = 0.75 mean_abs_feat_delta = 0.276498\n"}
,{"stream_name":"stdout","time":1867.292709009,"data":"EDGE_TTA_ACTIVE views = 8 mean_abs_feat_delta = 0.354435\n"}
,{"stream_name":"stdout","time":1868.270623323,"data":"SECONDARY_EDGE_TTA_ACTIVE views = 8 weight = 0.75 mean_abs_feat_delta = 0.329228\n"}
,{"stream_name":"stdout","time":1868.274590732,"data":"BIOHUB_RETENTION_GUARD {\"blended_candidates\": 268, \"dataset\": \"44b6_2a2eff9f\", \"frame\": 99, \"minimum_retention\": 0.9, \"primary_candidates\": 455, \"retention\": 0.589010989010989, \"use_primary\": true}\n"}
,{"stream_name":"stdout","time":1868.440861769,"data":"EDGE_TTA_ACTIVE views = 8 mean_abs_feat_delta = 0.351185\n"}
,{"stream_name":"stdout","time":1869.45249505,"data":"SECONDARY_EDGE_TTA_ACTIVE views = 8 weight = 0.75 mean_abs_feat_delta = 0.279183\n"}
,{"stream_name":"stdout","time":1870.601751324,"data":"EDGE_TTA_ACTIVE views = 8 mean_abs_feat_delta = 0.348389\n"}
,{"stream_name":"stdout","time":1871.604309946,"data":"SECONDARY_EDGE_TTA_ACTIVE views = 8 weight = 0.75 mean_abs_feat_delta = 0.278205\n"}
,{"stream_name":"stdout","time":1872.882543928,"data":"EDGE_TTA_ACTIVE views = 8 mean_abs_feat_delta = 0.351443\n"}
,{"stream_name":"stdout","time":1873.889335808,"data":"SECONDARY_EDGE_TTA_ACTIVE views = 8 weight = 0.75 mean_abs_feat_delta = 0.274986\n"}
,{"stream_name":"stdout","time":1875.143527588,"data":"EDGE_TTA_ACTIVE views = 8 mean_abs_feat_delta = 0.355512\n"}
,{"stream_name":"stdout","time":1876.154890896,"data":"SECONDARY_EDGE_TTA_ACTIVE views = 8 weight = 0.75 mean_abs_feat_delta = 0.274203\n"}
,{"stream_name":"stdout","time":1877.355771433,"data":"EDGE_TTA_ACTIVE views = 8 mean_abs_feat_delta = 0.348668\n"}
,{"stream_name":"stdout","time":1878.364352092,"data":"SECONDARY_EDGE_TTA_ACTIVE views = 8 weight = 0.75 mean_abs_feat_delta = 0.273582\n"}
,{"stream_name":"stdout","time":1879.61141101,"data":"EDGE_TTA_ACTIVE views = 8 mean_abs_feat_delta = 0.346939\n"}
,{"stream_name":"stdout","time":1880.618087429,"data":"SECONDARY_EDGE_TTA_ACTIVE views = 8 weight = 0.75 mean_abs_feat_delta = 0.274097\n"}
,{"stream_name":"stdout","time":1881.889011512,"data":"EDGE_TTA_ACTIVE views = 8 mean_abs_feat_delta = 0.342592\n"}
,{"stream_name":"stdout","time":1882.891990279,"data":"SECONDARY_EDGE_TTA_ACTIVE views = 8 weight = 0.75 mean_abs_feat_delta = 0.277442\n"}
,{"stream_name":"stdout","time":1884.016498664,"data":"EDGE_TTA_ACTIVE views = 8 mean_abs_feat_delta = 0.347841\n"}
,{"stream_name":"stdout","time":1885.020398734,"data":"SECONDARY_EDGE_TTA_ACTIVE views = 8 weight = 0.75 mean_abs_feat_delta = 0.271551\n"}
,{"stream_name":"stdout","time":1886.141902372,"data":"EDGE_TTA_ACTIVE views = 8 mean_abs_feat_delta = 0.345072\n"}
,{"stream_name":"stdout","time":1887.383506694,"data":"SECONDARY_EDGE_TTA_ACTIVE views = 8 weight = 0.75 mean_abs_feat_delta = 0.268445\n"}
,{"stream_name":"stdout","time":1888.325100781,"data":"EDGE_TTA_ACTIVE views = 8 mean_abs_feat_delta = 0.344896\n"}
,{"stream_name":"stdout","time":1889.325670952,"data":"SECONDARY_EDGE_TTA_ACTIVE views = 8 weight = 0.75 mean_abs_feat_delta = 0.270607\n"}
,{"stream_name":"stdout","time":1890.560921654,"data":"EDGE_TTA_ACTIVE views = 8 mean_abs_feat_delta = 0.348324\n"}
,{"stream_name":"stdout","time":1891.563000114,"data":"SECONDARY_EDGE_TTA_ACTIVE views = 8 weight = 0.75 mean_abs_feat_delta = 0.275814\n"}
,{"stream_name":"stdout","time":1892.732238467,"data":"EDGE_TTA_ACTIVE views = 8 mean_abs_feat_delta = 0.346953\n"}
,{"stream_name":"stdout","time":1893.729417212,"data":"SECONDARY_EDGE_TTA_ACTIVE views = 8 weight = 0.75 mean_abs_feat_delta = 0.273692\n"}
,{"stream_name":"stdout","time":1894.942212129,"data":"EDGE_TTA_ACTIVE views = 8 mean_abs_feat_delta = 0.344214\n"}
,{"stream_name":"stdout","time":1895.940293225,"data":"SECONDARY_EDGE_TTA_ACTIVE views = 8 weight = 0.75 mean_abs_feat_delta = 0.270608\n"}
,{"stream_name":"stdout","time":1897.056833592,"data":"EDGE_TTA_ACTIVE views = 8 mean_abs_feat_delta = 0.345782\n"}
,{"stream_name":"stdout","time":1898.060871158,"data":"SECONDARY_EDGE_TTA_ACTIVE views = 8 weight = 0.75 mean_abs_feat_delta = 0.27426\n"}
,{"stream_name":"stdout","time":1898.06475684,"data":"BIOHUB_RETENTION_GUARD {\"blended_candidates\": 342, \"dataset\": \"6bba_07e24132\", \"frame\": 32, \"minimum_retention\": 0.9, \"primary_candidates\": 392, \"retention\": 0.8724489795918368, \"use_primary\": true}\n"}
,{"stream_name":"stdout","time":1899.182109057,"data":"EDGE_TTA_ACTIVE views = 8 mean_abs_feat_delta = 0.345884\n"}
,{"stream_name":"stdout","time":1900.180875018,"data":"SECONDARY_EDGE_TTA_ACTIVE views = 8 weight = 0.75 mean_abs_feat_delta = 0.271994\n"}
,{"stream_name":"stdout","time":1901.297203287,"data":"EDGE_TTA_ACTIVE views = 8 mean_abs_feat_delta = 0.349488\n"}
,{"stream_name":"stdout","time":1902.301506087,"data":"SECONDARY_EDGE_TTA_ACTIVE views = 8 weight = 0.75 mean_abs_feat_delta = 0.27163\n"}
,{"stream_name":"stdout","time":1903.196701633,"data":"EDGE_TTA_ACTIVE views = 8 mean_abs_feat_delta = 0.288475\n"}
,{"stream_name":"stdout","time":1903.450163645,"data":"EDGE_TTA_ACTIVE views = 8 mean_abs_feat_delta = 0.344998\n"}
,{"stream_name":"stdout","time":1904.120347333,"data":"SECONDARY_EDGE_TTA_ACTIVE views = 8 weight = 0.75 mean_abs_feat_delta = 0.217553\n"}
,{"stream_name":"stdout","time":1904.449315087,"data":"SECONDARY_EDGE_TTA_ACTIVE views = 8 weight = 0.75 mean_abs_feat_delta = 0.273802\n"}
,{"stream_name":"stdout","time":1905.135847722,"data":"EDGE_TTA_ACTIVE views = 8 mean_abs_feat_delta = 0.287561\n"}
,{"stream_name":"stdout","time":1905.568475591,"data":"EDGE_TTA_ACTIVE views = 8 mean_abs_feat_delta = 0.344112\n"}
,{"stream_name":"stdout","time":1906.061909894,"data":"SECONDARY_EDGE_TTA_ACTIVE views = 8 weight = 0.75 mean_abs_feat_delta = 0.216934\n"}
,{"stream_name":"stdout","time":1906.56834285,"data":"SECONDARY_EDGE_TTA_ACTIVE views = 8 weight = 0.75 mean_abs_feat_delta = 0.271976\n"}
,{"stream_name":"stdout","time":1907.068383312,"data":"EDGE_TTA_ACTIVE views = 8 mean_abs_feat_delta = 0.288963\n"}
,{"stream_name":"stdout","time":1907.689528083,"data":"EDGE_TTA_ACTIVE views = 8 mean_abs_feat_delta = 0.344058\n"}
,{"stream_name":"stdout","time":1907.997945222,"data":"SECONDARY_EDGE_TTA_ACTIVE views = 8 weight = 0.75 mean_abs_feat_delta = 0.213178\n"}
,{"stream_name":"stdout","time":1908.690706153,"data":"SECONDARY_EDGE_TTA_ACTIVE views = 8 weight = 0.75 mean_abs_feat_delta = 0.27149\n"}
,{"stream_name":"stdout","time":1909.013013094,"data":"EDGE_TTA_ACTIVE views = 8 mean_abs_feat_delta = 0.284378\n"}
,{"stream_name":"stdout","time":1909.944545685,"data":"EDGE_TTA_ACTIVE views = 8 mean_abs_feat_delta = 0.342413\n"}
,{"stream_name":"stdout","time":1909.948041088,"data":"SECONDARY_EDGE_TTA_ACTIVE views = 8 weight = 0.75 mean_abs_feat_delta = 0.21734\n"}
,{"stream_name":"stdout","time":1910.945629378,"data":"SECONDARY_EDGE_TTA_ACTIVE views = 8 weight = 0.75 mean_abs_feat_delta = 0.268044\n"}
,{"stream_name":"stdout","time":1910.967162328,"data":"EDGE_TTA_ACTIVE views = 8 mean_abs_feat_delta = 0.287813\n"}
,{"stream_name":"stdout","time":1911.903654312,"data":"SECONDARY_EDGE_TTA_ACTIVE views = 8 weight = 0.75 mean_abs_feat_delta = 0.213892\n"}
,{"stream_name":"stdout","time":1912.109770659,"data":"EDGE_TTA_ACTIVE views = 8 mean_abs_feat_delta = 0.339014\n"}
,{"stream_name":"stdout","time":1912.937425519,"data":"EDGE_TTA_ACTIVE views = 8 mean_abs_feat_delta = 0.287261\n"}
,{"stream_name":"stdout","time":1913.110272884,"data":"SECONDARY_EDGE_TTA_ACTIVE views = 8 weight = 0.75 mean_abs_feat_delta = 0.262923\n"}
,{"stream_name":"stdout","time":1913.865219066,"data":"SECONDARY_EDGE_TTA_ACTIVE views = 8 weight = 0.75 mean_abs_feat_delta = 0.21242\n"}
,{"stream_name":"stdout","time":1914.323544222,"data":"EDGE_TTA_ACTIVE views = 8 mean_abs_feat_delta = 0.331895\n"}
,{"stream_name":"stdout","time":1914.882522832,"data":"EDGE_TTA_ACTIVE views = 8 mean_abs_feat_delta = 0.28741\n"}
,{"stream_name":"stdout","time":1915.320075875,"data":"SECONDARY_EDGE_TTA_ACTIVE views = 8 weight = 0.75 mean_abs_feat_delta = 0.264978\n"}
,{"stream_name":"stdout","time":1915.817077552,"data":"SECONDARY_EDGE_TTA_ACTIVE views = 8 weight = 0.75 mean_abs_feat_delta = 0.213947\n"}
,{"stream_name":"stdout","time":1916.474416007,"data":"EDGE_TTA_ACTIVE views = 8 mean_abs_feat_delta = 0.34071\n"}
,{"stream_name":"stdout","time":1916.870359926,"data":"EDGE_TTA_ACTIVE views = 8 mean_abs_feat_delta = 0.291909\n"}
,{"stream_name":"stdout","time":1917.594068505,"data":"SECONDARY_EDGE_TTA_ACTIVE views = 8 weight = 0.75 mean_abs_feat_delta = 0.260415\n"}
,{"stream_name":"stdout","time":1917.803826259,"data":"SECONDARY_EDGE_TTA_ACTIVE views = 8 weight = 0.75 mean_abs_feat_delta = 0.227253\n"}
,{"stream_name":"stdout","time":1918.616332429,"data":"EDGE_TTA_ACTIVE views = 8 mean_abs_feat_delta = 0.344597\n"}
,{"stream_name":"stdout","time":1918.816160204,"data":"EDGE_TTA_ACTIVE views = 8 mean_abs_feat_delta = 0.291947\n"}
,{"stream_name":"stdout","time":1919.615650433,"data":"SECONDARY_EDGE_TTA_ACTIVE views = 8 weight = 0.75 mean_abs_feat_delta = 0.26243\n"}
,{"stream_name":"stdout","time":1919.751085051,"data":"SECONDARY_EDGE_TTA_ACTIVE views = 8 weight = 0.75 mean_abs_feat_delta = 0.212589\n"}
,{"stream_name":"stdout","time":1920.746562862,"data":"EDGE_TTA_ACTIVE views = 8 mean_abs_feat_delta = 0.347949\n"}
,{"stream_name":"stdout","time":1920.783854848,"data":"EDGE_TTA_ACTIVE views = 8 mean_abs_feat_delta = 0.291055\n"}
,{"stream_name":"stdout","time":1921.72238086,"data":"SECONDARY_EDGE_TTA_ACTIVE views = 8 weight = 0.75 mean_abs_feat_delta = 0.218146\n"}
,{"stream_name":"stdout","time":1921.745448933,"data":"SECONDARY_EDGE_TTA_ACTIVE views = 8 weight = 0.75 mean_abs_feat_delta = 0.263794\n"}
,{"stream_name":"stdout","time":1922.775810085,"data":"EDGE_TTA_ACTIVE views = 8 mean_abs_feat_delta = 0.28982\n"}
,{"stream_name":"stdout","time":1922.888653624,"data":"EDGE_TTA_ACTIVE views = 8 mean_abs_feat_delta = 0.343395\n"}
,{"stream_name":"stdout","time":1923.713489706,"data":"SECONDARY_EDGE_TTA_ACTIVE views = 8 weight = 0.75 mean_abs_feat_delta = 0.214342\n"}
,{"stream_name":"stdout","time":1923.889504737,"data":"SECONDARY_EDGE_TTA_ACTIVE views = 8 weight = 0.75 mean_abs_feat_delta = 0.261742\n"}
,{"stream_name":"stdout","time":1924.736163122,"data":"EDGE_TTA_ACTIVE views = 8 mean_abs_feat_delta = 0.288198\n"}
,{"stream_name":"stdout","time":1925.042286747,"data":"EDGE_TTA_ACTIVE views = 8 mean_abs_feat_delta = 0.342938\n"}
,{"stream_name":"stdout","time":1925.677345054,"data":"SECONDARY_EDGE_TTA_ACTIVE views = 8 weight = 0.75 mean_abs_feat_delta = 0.215677\n"}
,{"stream_name":"stdout","time":1926.043935268,"data":"SECONDARY_EDGE_TTA_ACTIVE views = 8 weight = 0.75 mean_abs_feat_delta = 0.262384\n"}
,{"stream_name":"stdout","time":1926.708524838,"data":"EDGE_TTA_ACTIVE views = 8 mean_abs_feat_delta = 0.280635\n"}
,{"stream_name":"stdout","time":1927.192438096,"data":"EDGE_TTA_ACTIVE views = 8 mean_abs_feat_delta = 0.34073\n"}
,{"stream_name":"stdout","time":1927.650809789,"data":"SECONDARY_EDGE_TTA_ACTIVE views = 8 weight = 0.75 mean_abs_feat_delta = 0.231796\n"}
,{"stream_name":"stdout","time":1928.194133239,"data":"SECONDARY_EDGE_TTA_ACTIVE views = 8 weight = 0.75 mean_abs_feat_delta = 0.263048\n"}
,{"stream_name":"stdout","time":1928.683464339,"data":"EDGE_TTA_ACTIVE views = 8 mean_abs_feat_delta = 0.283807\n"}
,{"stream_name":"stdout","time":1929.319646804,"data":"EDGE_TTA_ACTIVE views = 8 mean_abs_feat_delta = 0.337223\n"}
,{"stream_name":"stdout","time":1929.628921491,"data":"SECONDARY_EDGE_TTA_ACTIVE views = 8 weight = 0.75 mean_abs_feat_delta = 0.220564\n"}
,{"stream_name":"stdout","time":1930.32132013,"data":"SECONDARY_EDGE_TTA_ACTIVE views = 8 weight = 0.75 mean_abs_feat_delta = 0.265915\n"}
,{"stream_name":"stdout","time":1930.676383326,"data":"EDGE_TTA_ACTIVE views = 8 mean_abs_feat_delta = 0.288234\n"}
,{"stream_name":"stdout","time":1931.448417153,"data":"EDGE_TTA_ACTIVE views = 8 mean_abs_feat_delta = 0.338214\n"}
,{"stream_name":"stdout","time":1931.620491653,"data":"SECONDARY_EDGE_TTA_ACTIVE views = 8 weight = 0.75 mean_abs_feat_delta = 0.221951\n"}
,{"stream_name":"stdout","time":1932.452342167,"data":"SECONDARY_EDGE_TTA_ACTIVE views = 8 weight = 0.75 mean_abs_feat_delta = 0.26675\n"}
,{"stream_name":"stdout","time":1932.650923156,"data":"EDGE_TTA_ACTIVE views = 8 mean_abs_feat_delta = 0.286344\n"}
,{"stream_name":"stdout","time":1933.594036932,"data":"EDGE_TTA_ACTIVE views = 8 mean_abs_feat_delta = 0.343058\n"}
,{"stream_name":"stdout","time":1933.59718836,"data":"SECONDARY_EDGE_TTA_ACTIVE views = 8 weight = 0.75 mean_abs_feat_delta = 0.217021\n"}
,{"stream_name":"stdout","time":1934.599825785,"data":"SECONDARY_EDGE_TTA_ACTIVE views = 8 weight = 0.75 mean_abs_feat_delta = 0.26723\n"}
,{"stream_name":"stdout","time":1934.62295196,"data":"EDGE_TTA_ACTIVE views = 8 mean_abs_feat_delta = 0.281856\n"}
,{"stream_name":"stdout","time":1935.572334355,"data":"SECONDARY_EDGE_TTA_ACTIVE views = 8 weight = 0.75 mean_abs_feat_delta = 0.219424\n"}
,{"stream_name":"stdout","time":1935.741698911,"data":"EDGE_TTA_ACTIVE views = 8 mean_abs_feat_delta = 0.343211\n"}
,{"stream_name":"stdout","time":1936.594082734,"data":"EDGE_TTA_ACTIVE views = 8 mean_abs_feat_delta = 0.277556\n"}
,{"stream_name":"stdout","time":1936.74444353,"data":"SECONDARY_EDGE_TTA_ACTIVE views = 8 weight = 0.75 mean_abs_feat_delta = 0.262509\n"}
,{"stream_name":"stdout","time":1937.545362676,"data":"SECONDARY_EDGE_TTA_ACTIVE views = 8 weight = 0.75 mean_abs_feat_delta = 0.225892\n"}
,{"stream_name":"stdout","time":1937.893629097,"data":"EDGE_TTA_ACTIVE views = 8 mean_abs_feat_delta = 0.340682\n"}
,{"stream_name":"stdout","time":1938.562687687,"data":"EDGE_TTA_ACTIVE views = 8 mean_abs_feat_delta = 0.277451\n"}
,{"stream_name":"stdout","time":1938.896017356,"data":"SECONDARY_EDGE_TTA_ACTIVE views = 8 weight = 0.75 mean_abs_feat_delta = 0.258469\n"}
,{"stream_name":"stdout","time":1939.513417996,"data":"SECONDARY_EDGE_TTA_ACTIVE views = 8 weight = 0.75 mean_abs_feat_delta = 0.227464\n"}
,{"stream_name":"stdout","time":1940.0573778,"data":"EDGE_TTA_ACTIVE views = 8 mean_abs_feat_delta = 0.338135\n"}
,{"stream_name":"stdout","time":1940.531590899,"data":"EDGE_TTA_ACTIVE views = 8 mean_abs_feat_delta = 0.278448\n"}
,{"stream_name":"stdout","time":1941.058559015,"data":"SECONDARY_EDGE_TTA_ACTIVE views = 8 weight = 0.75 mean_abs_feat_delta = 0.261611\n"}
,{"stream_name":"stdout","time":1941.483516695,"data":"SECONDARY_EDGE_TTA_ACTIVE views = 8 weight = 0.75 mean_abs_feat_delta = 0.224003\n"}
,{"stream_name":"stdout","time":1942.211021751,"data":"EDGE_TTA_ACTIVE views = 8 mean_abs_feat_delta = 0.333565\n"}
,{"stream_name":"stdout","time":1942.56472369,"data":"EDGE_TTA_ACTIVE views = 8 mean_abs_feat_delta = 0.279406\n"}
,{"stream_name":"stdout","time":1943.213936879,"data":"SECONDARY_EDGE_TTA_ACTIVE views = 8 weight = 0.75 mean_abs_feat_delta = 0.260486\n"}
,{"stream_name":"stdout","time":1943.516023566,"data":"SECONDARY_EDGE_TTA_ACTIVE views = 8 weight = 0.75 mean_abs_feat_delta = 0.22521\n"}
,{"stream_name":"stdout","time":1944.396117437,"data":"EDGE_TTA_ACTIVE views = 8 mean_abs_feat_delta = 0.337448\n"}
,{"stream_name":"stdout","time":1944.585824861,"data":"EDGE_TTA_ACTIVE views = 8 mean_abs_feat_delta = 0.28314\n"}
,{"stream_name":"stdout","time":1945.395459619,"data":"SECONDARY_EDGE_TTA_ACTIVE views = 8 weight = 0.75 mean_abs_feat_delta = 0.260845\n"}
,{"stream_name":"stdout","time":1945.539664813,"data":"SECONDARY_EDGE_TTA_ACTIVE views = 8 weight = 0.75 mean_abs_feat_delta = 0.223172\n"}
,{"stream_name":"stdout","time":1946.527775272,"data":"EDGE_TTA_ACTIVE views = 8 mean_abs_feat_delta = 0.337377\n"}
,{"stream_name":"stdout","time":1946.558873233,"data":"EDGE_TTA_ACTIVE views = 8 mean_abs_feat_delta = 0.290562\n"}
,{"stream_name":"stdout","time":1947.510501217,"data":"SECONDARY_EDGE_TTA_ACTIVE views = 8 weight = 0.75 mean_abs_feat_delta = 0.22398\n"}
,{"stream_name":"stdout","time":1947.527537006,"data":"SECONDARY_EDGE_TTA_ACTIVE views = 8 weight = 0.75 mean_abs_feat_delta = 0.265026\n"}
,{"stream_name":"stdout","time":1948.675904942,"data":"EDGE_TTA_ACTIVE views = 8 mean_abs_feat_delta = 0.288456\n"}
,{"stream_name":"stdout","time":1948.697759004,"data":"EDGE_TTA_ACTIVE views = 8 mean_abs_feat_delta = 0.334616\n"}
,{"stream_name":"stdout","time":1949.502808297,"data":"SECONDARY_EDGE_TTA_ACTIVE views = 8 weight = 0.75 mean_abs_feat_delta = 0.222267\n"}
,{"stream_name":"stdout","time":1949.703633377,"data":"SECONDARY_EDGE_TTA_ACTIVE views = 8 weight = 0.75 mean_abs_feat_delta = 0.261566\n"}
,{"stream_name":"stdout","time":1950.520106551,"data":"EDGE_TTA_ACTIVE views = 8 mean_abs_feat_delta = 0.286395\n"}
,{"stream_name":"stdout","time":1950.890470089,"data":"EDGE_TTA_ACTIVE views = 8 mean_abs_feat_delta = 0.333661\n"}
,{"stream_name":"stdout","time":1951.477914028,"data":"SECONDARY_EDGE_TTA_ACTIVE views = 8 weight = 0.75 mean_abs_feat_delta = 0.216743\n"}
,{"stream_name":"stdout","time":1951.891548799,"data":"SECONDARY_EDGE_TTA_ACTIVE views = 8 weight = 0.75 mean_abs_feat_delta = 0.260007\n"}
,{"stream_name":"stdout","time":1952.493106518,"data":"EDGE_TTA_ACTIVE views = 8 mean_abs_feat_delta = 0.294338\n"}
,{"stream_name":"stdout","time":1953.044700226,"data":"EDGE_TTA_ACTIVE views = 8 mean_abs_feat_delta = 0.339485\n"}
,{"stream_name":"stdout","time":1953.448150764,"data":"SECONDARY_EDGE_TTA_ACTIVE views = 8 weight = 0.75 mean_abs_feat_delta = 0.215333\n"}
,{"stream_name":"stdout","time":1954.051941302,"data":"SECONDARY_EDGE_TTA_ACTIVE views = 8 weight = 0.75 mean_abs_feat_delta = 0.259371\n"}
,{"stream_name":"stdout","time":1954.495477318,"data":"EDGE_TTA_ACTIVE views = 8 mean_abs_feat_delta = 0.290596\n"}
,{"stream_name":"stdout","time":1955.196381784,"data":"EDGE_TTA_ACTIVE views = 8 mean_abs_feat_delta = 0.337706\n"}
,{"stream_name":"stdout","time":1955.454821887,"data":"SECONDARY_EDGE_TTA_ACTIVE views = 8 weight = 0.75 mean_abs_feat_delta = 0.212684\n"}
,{"stream_name":"stdout","time":1956.20024678,"data":"SECONDARY_EDGE_TTA_ACTIVE views = 8 weight = 0.75 mean_abs_feat_delta = 0.258997\n"}
,{"stream_name":"stdout","time":1956.490812972,"data":"EDGE_TTA_ACTIVE views = 8 mean_abs_feat_delta = 0.288951\n"}
,{"stream_name":"stdout","time":1957.327675653,"data":"EDGE_TTA_ACTIVE views = 8 mean_abs_feat_delta = 0.337246\n"}
,{"stream_name":"stdout","time":1957.4498161,"data":"SECONDARY_EDGE_TTA_ACTIVE views = 8 weight = 0.75 mean_abs_feat_delta = 0.219589\n"}
,{"stream_name":"stdout","time":1958.333569466,"data":"SECONDARY_EDGE_TTA_ACTIVE views = 8 weight = 0.75 mean_abs_feat_delta = 0.258125\n"}
,{"stream_name":"stdout","time":1958.50884704,"data":"EDGE_TTA_ACTIVE views = 8 mean_abs_feat_delta = 0.287622\n"}
,{"stream_name":"stdout","time":1959.459078593,"data":"EDGE_TTA_ACTIVE views = 8 mean_abs_feat_delta = 0.339272\n"}
,{"stream_name":"stdout","time":1959.465699769,"data":"SECONDARY_EDGE_TTA_ACTIVE views = 8 weight = 0.75 mean_abs_feat_delta = 0.221772\n"}
,{"stream_name":"stdout","time":1960.467071151,"data":"SECONDARY_EDGE_TTA_ACTIVE views = 8 weight = 0.75 mean_abs_feat_delta = 0.26158\n"}
,{"stream_name":"stdout","time":1960.512667256,"data":"EDGE_TTA_ACTIVE views = 8 mean_abs_feat_delta = 0.288395\n"}
,{"stream_name":"stdout","time":1961.471501175,"data":"SECONDARY_EDGE_TTA_ACTIVE views = 8 weight = 0.75 mean_abs_feat_delta = 0.228785\n"}
,{"stream_name":"stdout","time":1961.578588886,"data":"EDGE_TTA_ACTIVE views = 8 mean_abs_feat_delta = 0.342159\n"}
,{"stream_name":"stdout","time":1962.499875472,"data":"EDGE_TTA_ACTIVE views = 8 mean_abs_feat_delta = 0.286202\n"}
,{"stream_name":"stdout","time":1962.579987793,"data":"SECONDARY_EDGE_TTA_ACTIVE views = 8 weight = 0.75 mean_abs_feat_delta = 0.265431\n"}
,{"stream_name":"stdout","time":1963.458400649,"data":"SECONDARY_EDGE_TTA_ACTIVE views = 8 weight = 0.75 mean_abs_feat_delta = 0.227519\n"}
,{"stream_name":"stdout","time":1963.70209771,"data":"EDGE_TTA_ACTIVE views = 8 mean_abs_feat_delta = 0.343625\n"}
,{"stream_name":"stdout","time":1964.484171999,"data":"EDGE_TTA_ACTIVE views = 8 mean_abs_feat_delta = 0.287794\n"}
,{"stream_name":"stdout","time":1964.70932242,"data":"SECONDARY_EDGE_TTA_ACTIVE views = 8 weight = 0.75 mean_abs_feat_delta = 0.267836\n"}
,{"stream_name":"stdout","time":1965.446841221,"data":"SECONDARY_EDGE_TTA_ACTIVE views = 8 weight = 0.75 mean_abs_feat_delta = 0.226443\n"}
,{"stream_name":"stdout","time":1965.824879977,"data":"EDGE_TTA_ACTIVE views = 8 mean_abs_feat_delta = 0.343102\n"}
,{"stream_name":"stdout","time":1966.476504404,"data":"EDGE_TTA_ACTIVE views = 8 mean_abs_feat_delta = 0.288107\n"}
,{"stream_name":"stdout","time":1966.83044721,"data":"SECONDARY_EDGE_TTA_ACTIVE views = 8 weight = 0.75 mean_abs_feat_delta = 0.265852\n"}
,{"stream_name":"stdout","time":1967.435774187,"data":"SECONDARY_EDGE_TTA_ACTIVE views = 8 weight = 0.75 mean_abs_feat_delta = 0.223466\n"}
,{"stream_name":"stdout","time":1967.94176561,"data":"EDGE_TTA_ACTIVE views = 8 mean_abs_feat_delta = 0.338878\n"}
,{"stream_name":"stdout","time":1968.462729065,"data":"EDGE_TTA_ACTIVE views = 8 mean_abs_feat_delta = 0.292464\n"}
,{"stream_name":"stdout","time":1968.948295758,"data":"SECONDARY_EDGE_TTA_ACTIVE views = 8 weight = 0.75 mean_abs_feat_delta = 0.26636\n"}
,{"stream_name":"stdout","time":1969.420494688,"data":"SECONDARY_EDGE_TTA_ACTIVE views = 8 weight = 0.75 mean_abs_feat_delta = 0.228632\n"}
,{"stream_name":"stdout","time":1970.066813023,"data":"EDGE_TTA_ACTIVE views = 8 mean_abs_feat_delta = 0.344788\n"}
,{"stream_name":"stdout","time":1970.453799855,"data":"EDGE_TTA_ACTIVE views = 8 mean_abs_feat_delta = 0.292965\n"}
,{"stream_name":"stdout","time":1971.074161291,"data":"SECONDARY_EDGE_TTA_ACTIVE views = 8 weight = 0.75 mean_abs_feat_delta = 0.262382\n"}
,{"stream_name":"stdout","time":1971.418949077,"data":"SECONDARY_EDGE_TTA_ACTIVE views = 8 weight = 0.75 mean_abs_feat_delta = 0.234289\n"}
,{"stream_name":"stdout","time":1972.190153176,"data":"EDGE_TTA_ACTIVE views = 8 mean_abs_feat_delta = 0.33784\n"}
,{"stream_name":"stdout","time":1972.451053649,"data":"EDGE_TTA_ACTIVE views = 8 mean_abs_feat_delta = 0.287195\n"}
,{"stream_name":"stdout","time":1973.195334156,"data":"SECONDARY_EDGE_TTA_ACTIVE views = 8 weight = 0.75 mean_abs_feat_delta = 0.260303\n"}
,{"stream_name":"stdout","time":1973.411169219,"data":"SECONDARY_EDGE_TTA_ACTIVE views = 8 weight = 0.75 mean_abs_feat_delta = 0.231866\n"}
,{"stream_name":"stdout","time":1974.323645602,"data":"EDGE_TTA_ACTIVE views = 8 mean_abs_feat_delta = 0.339211\n"}
,{"stream_name":"stdout","time":1974.443080336,"data":"EDGE_TTA_ACTIVE views = 8 mean_abs_feat_delta = 0.283498\n"}
,{"stream_name":"stdout","time":1975.330892196,"data":"SECONDARY_EDGE_TTA_ACTIVE views = 8 weight = 0.75 mean_abs_feat_delta = 0.25763\n"}
,{"stream_name":"stdout","time":1975.41021391,"data":"SECONDARY_EDGE_TTA_ACTIVE views = 8 weight = 0.75 mean_abs_feat_delta = 0.248174\n"}
,{"stream_name":"stdout","time":1976.460091511,"data":"EDGE_TTA_ACTIVE views = 8 mean_abs_feat_delta = 0.283498\n"}
,{"stream_name":"stdout","time":1976.495434979,"data":"EDGE_TTA_ACTIVE views = 8 mean_abs_feat_delta = 0.339533\n"}
,{"stream_name":"stdout","time":1977.422540802,"data":"SECONDARY_EDGE_TTA_ACTIVE views = 8 weight = 0.75 mean_abs_feat_delta = 0.248174\n"}
,{"stream_name":"stdout","time":1977.500507405,"data":"SECONDARY_EDGE_TTA_ACTIVE views = 8 weight = 0.75 mean_abs_feat_delta = 0.255911\n"}
,{"stream_name":"stdout","time":1978.459279962,"data":"EDGE_TTA_ACTIVE views = 8 mean_abs_feat_delta = 0.283498\n"}
,{"stream_name":"stdout","time":1978.621315181,"data":"EDGE_TTA_ACTIVE views = 8 mean_abs_feat_delta = 0.333552\n"}
,{"stream_name":"stdout","time":1979.534194784,"data":"SECONDARY_EDGE_TTA_ACTIVE views = 8 weight = 0.75 mean_abs_feat_delta = 0.248174\n"}
,{"stream_name":"stdout","time":1979.629309369,"data":"SECONDARY_EDGE_TTA_ACTIVE views = 8 weight = 0.75 mean_abs_feat_delta = 0.253381\n"}
,{"stream_name":"stdout","time":1980.477840122,"data":"EDGE_TTA_ACTIVE views = 8 mean_abs_feat_delta = 0.315338\n"}
,{"stream_name":"stdout","time":1980.751515487,"data":"EDGE_TTA_ACTIVE views = 8 mean_abs_feat_delta = 0.342836\n"}
,{"stream_name":"stdout","time":1981.445229062,"data":"SECONDARY_EDGE_TTA_ACTIVE views = 8 weight = 0.75 mean_abs_feat_delta = 0.220212\n"}
,{"stream_name":"stdout","time":1981.755966348,"data":"SECONDARY_EDGE_TTA_ACTIVE views = 8 weight = 0.75 mean_abs_feat_delta = 0.254871\n"}
,{"stream_name":"stdout","time":1982.521160581,"data":"EDGE_TTA_ACTIVE views = 8 mean_abs_feat_delta = 0.316057\n"}
,{"stream_name":"stdout","time":1982.963664031,"data":"EDGE_TTA_ACTIVE views = 8 mean_abs_feat_delta = 0.340752\n"}
,{"stream_name":"stdout","time":1983.485171168,"data":"SECONDARY_EDGE_TTA_ACTIVE views = 8 weight = 0.75 mean_abs_feat_delta = 0.218752\n"}
,{"stream_name":"stdout","time":1983.965482788,"data":"SECONDARY_EDGE_TTA_ACTIVE views = 8 weight = 0.75 mean_abs_feat_delta = 0.258877\n"}
,{"stream_name":"stdout","time":1984.515155436,"data":"EDGE_TTA_ACTIVE views = 8 mean_abs_feat_delta = 0.289165\n"}
,{"stream_name":"stdout","time":1985.107628183,"data":"EDGE_TTA_ACTIVE views = 8 mean_abs_feat_delta = 0.33721\n"}
,{"stream_name":"stdout","time":1985.483837772,"data":"SECONDARY_EDGE_TTA_ACTIVE views = 8 weight = 0.75 mean_abs_feat_delta = 0.231963\n"}
,{"stream_name":"stdout","time":1986.113868828,"data":"SECONDARY_EDGE_TTA_ACTIVE views = 8 weight = 0.75 mean_abs_feat_delta = 0.25536\n"}
,{"stream_name":"stdout","time":1986.551127504,"data":"EDGE_TTA_ACTIVE views = 8 mean_abs_feat_delta = 0.28309\n"}
,{"stream_name":"stdout","time":1987.272925319,"data":"EDGE_TTA_ACTIVE views = 8 mean_abs_feat_delta = 0.331794\n"}
,{"stream_name":"stdout","time":1987.512199419,"data":"SECONDARY_EDGE_TTA_ACTIVE views = 8 weight = 0.75 mean_abs_feat_delta = 0.243456\n"}
,{"stream_name":"stdout","time":1988.27993097,"data":"SECONDARY_EDGE_TTA_ACTIVE views = 8 weight = 0.75 mean_abs_feat_delta = 0.254742\n"}
,{"stream_name":"stdout","time":1988.539033153,"data":"EDGE_TTA_ACTIVE views = 8 mean_abs_feat_delta = 0.28861\n"}
,{"stream_name":"stdout","time":1989.406368673,"data":"EDGE_TTA_ACTIVE views = 8 mean_abs_feat_delta = 0.328009\n"}
,{"stream_name":"stdout","time":1989.508332323,"data":"SECONDARY_EDGE_TTA_ACTIVE views = 8 weight = 0.75 mean_abs_feat_delta = 0.227548\n"}
,{"stream_name":"stdout","time":1990.411187849,"data":"SECONDARY_EDGE_TTA_ACTIVE views = 8 weight = 0.75 mean_abs_feat_delta = 0.254648\n"}
,{"stream_name":"stdout","time":1990.568189915,"data":"EDGE_TTA_ACTIVE views = 8 mean_abs_feat_delta = 0.287751\n"}
,{"stream_name":"stdout","time":1991.541536138,"data":"SECONDARY_EDGE_TTA_ACTIVE views = 8 weight = 0.75 mean_abs_feat_delta = 0.231141\n"}
,{"stream_name":"stdout","time":1991.563993691,"data":"EDGE_TTA_ACTIVE views = 8 mean_abs_feat_delta = 0.334781\n"}
,{"stream_name":"stdout","time":1992.565502029,"data":"SECONDARY_EDGE_TTA_ACTIVE views = 8 weight = 0.75 mean_abs_feat_delta = 0.254139\n"}
,{"stream_name":"stdout","time":1992.607410896,"data":"EDGE_TTA_ACTIVE views = 8 mean_abs_feat_delta = 0.285257\n"}
,{"stream_name":"stdout","time":1993.567857527,"data":"SECONDARY_EDGE_TTA_ACTIVE views = 8 weight = 0.75 mean_abs_feat_delta = 0.227609\n"}
,{"stream_name":"stdout","time":1993.707661226,"data":"EDGE_TTA_ACTIVE views = 8 mean_abs_feat_delta = 0.331889\n"}
,{"stream_name":"stdout","time":1994.596503572,"data":"EDGE_TTA_ACTIVE views = 8 mean_abs_feat_delta = 0.288217\n"}
,{"stream_name":"stdout","time":1994.710319191,"data":"SECONDARY_EDGE_TTA_ACTIVE views = 8 weight = 0.75 mean_abs_feat_delta = 0.253521\n"}
,{"stream_name":"stdout","time":1995.564622605,"data":"SECONDARY_EDGE_TTA_ACTIVE views = 8 weight = 0.75 mean_abs_feat_delta = 0.225185\n"}
,{"stream_name":"stdout","time":1995.91214781,"data":"EDGE_TTA_ACTIVE views = 8 mean_abs_feat_delta = 0.324439\n"}
,{"stream_name":"stdout","time":1996.60681214,"data":"EDGE_TTA_ACTIVE views = 8 mean_abs_feat_delta = 0.293359\n"}
,{"stream_name":"stdout","time":1996.915549122,"data":"SECONDARY_EDGE_TTA_ACTIVE views = 8 weight = 0.75 mean_abs_feat_delta = 0.251163\n"}
,{"stream_name":"stdout","time":1997.57814203,"data":"SECONDARY_EDGE_TTA_ACTIVE views = 8 weight = 0.75 mean_abs_feat_delta = 0.231144\n"}
,{"stream_name":"stdout","time":1998.081475751,"data":"EDGE_TTA_ACTIVE views = 8 mean_abs_feat_delta = 0.320074\n"}
,{"stream_name":"stdout","time":1998.627936348,"data":"EDGE_TTA_ACTIVE views = 8 mean_abs_feat_delta = 0.288773\n"}
,{"stream_name":"stdout","time":1999.087241196,"data":"SECONDARY_EDGE_TTA_ACTIVE views = 8 weight = 0.75 mean_abs_feat_delta = 0.252768\n"}
,{"stream_name":"stdout","time":1999.596458672,"data":"SECONDARY_EDGE_TTA_ACTIVE views = 8 weight = 0.75 mean_abs_feat_delta = 0.233017\n"}
,{"stream_name":"stdout","time":2000.217679821,"data":"EDGE_TTA_ACTIVE views = 8 mean_abs_feat_delta = 0.322734\n"}
,{"stream_name":"stdout","time":2000.637237769,"data":"EDGE_TTA_ACTIVE views = 8 mean_abs_feat_delta = 0.2831\n"}
,{"stream_name":"stdout","time":2001.218444687,"data":"SECONDARY_EDGE_TTA_ACTIVE views = 8 weight = 0.75 mean_abs_feat_delta = 0.25256\n"}
,{"stream_name":"stdout","time":2001.609318788,"data":"SECONDARY_EDGE_TTA_ACTIVE views = 8 weight = 0.75 mean_abs_feat_delta = 0.231237\n"}
,{"stream_name":"stdout","time":2002.372593489,"data":"EDGE_TTA_ACTIVE views = 8 mean_abs_feat_delta = 0.326182\n"}
,{"stream_name":"stdout","time":2002.677538719,"data":"EDGE_TTA_ACTIVE views = 8 mean_abs_feat_delta = 0.28566\n"}
,{"stream_name":"stdout","time":2003.379469178,"data":"SECONDARY_EDGE_TTA_ACTIVE views = 8 weight = 0.75 mean_abs_feat_delta = 0.257037\n"}
,{"stream_name":"stdout","time":2003.648224615,"data":"SECONDARY_EDGE_TTA_ACTIVE views = 8 weight = 0.75 mean_abs_feat_delta = 0.240429\n"}
,{"stream_name":"stdout","time":2004.508131115,"data":"EDGE_TTA_ACTIVE views = 8 mean_abs_feat_delta = 0.327903\n"}
,{"stream_name":"stdout","time":2004.708043528,"data":"EDGE_TTA_ACTIVE views = 8 mean_abs_feat_delta = 0.288947\n"}
,{"stream_name":"stdout","time":2005.51158662,"data":"SECONDARY_EDGE_TTA_ACTIVE views = 8 weight = 0.75 mean_abs_feat_delta = 0.259034\n"}
,{"stream_name":"stdout","time":2005.680110158,"data":"SECONDARY_EDGE_TTA_ACTIVE views = 8 weight = 0.75 mean_abs_feat_delta = 0.229597\n"}
,{"stream_name":"stdout","time":2006.645743165,"data":"EDGE_TTA_ACTIVE views = 8 mean_abs_feat_delta = 0.336297\n"}
,{"stream_name":"stdout","time":2006.712539438,"data":"EDGE_TTA_ACTIVE views = 8 mean_abs_feat_delta = 0.290047\n"}
,{"stream_name":"stdout","time":2007.6466872,"data":"SECONDARY_EDGE_TTA_ACTIVE views = 8 weight = 0.75 mean_abs_feat_delta = 0.262107\n"}
,{"stream_name":"stdout","time":2007.684224846,"data":"SECONDARY_EDGE_TTA_ACTIVE views = 8 weight = 0.75 mean_abs_feat_delta = 0.231285\n"}
,{"stream_name":"stdout","time":2008.75671023,"data":"EDGE_TTA_ACTIVE views = 8 mean_abs_feat_delta = 0.293125\n"}
,{"stream_name":"stdout","time":2008.776855729,"data":"EDGE_TTA_ACTIVE views = 8 mean_abs_feat_delta = 0.339382\n"}
,{"stream_name":"stdout","time":2009.84103699,"data":"SECONDARY_EDGE_TTA_ACTIVE views = 8 weight = 0.75 mean_abs_feat_delta = 0.226972\n"}
,{"stream_name":"stdout","time":2009.842219463,"data":"SECONDARY_EDGE_TTA_ACTIVE views = 8 weight = 0.75 mean_abs_feat_delta = 0.258084\n"}
,{"stream_name":"stdout","time":2010.779249722,"data":"EDGE_TTA_ACTIVE views = 8 mean_abs_feat_delta = 0.295461\n"}
,{"stream_name":"stdout","time":2010.949217835,"data":"EDGE_TTA_ACTIVE views = 8 mean_abs_feat_delta = 0.333216\n"}
,{"stream_name":"stdout","time":2011.748836059,"data":"SECONDARY_EDGE_TTA_ACTIVE views = 8 weight = 0.75 mean_abs_feat_delta = 0.235491\n"}
,{"stream_name":"stdout","time":2011.953053413,"data":"SECONDARY_EDGE_TTA_ACTIVE views = 8 weight = 0.75 mean_abs_feat_delta = 0.256287\n"}
,{"stream_name":"stdout","time":2012.828514597,"data":"EDGE_TTA_ACTIVE views = 8 mean_abs_feat_delta = 0.294354\n"}
,{"stream_name":"stdout","time":2013.091002049,"data":"EDGE_TTA_ACTIVE views = 8 mean_abs_feat_delta = 0.335556\n"}
,{"stream_name":"stdout","time":2013.801662252,"data":"SECONDARY_EDGE_TTA_ACTIVE views = 8 weight = 0.75 mean_abs_feat_delta = 0.22461\n"}
,{"stream_name":"stdout","time":2014.096426668,"data":"SECONDARY_EDGE_TTA_ACTIVE views = 8 weight = 0.75 mean_abs_feat_delta = 0.254402\n"}
,{"stream_name":"stdout","time":2014.858523285,"data":"EDGE_TTA_ACTIVE views = 8 mean_abs_feat_delta = 0.290361\n"}
,{"stream_name":"stdout","time":2015.211579168,"data":"EDGE_TTA_ACTIVE views = 8 mean_abs_feat_delta = 0.337468\n"}
,{"stream_name":"stdout","time":2015.832685188,"data":"SECONDARY_EDGE_TTA_ACTIVE views = 8 weight = 0.75 mean_abs_feat_delta = 0.225307\n"}
,{"stream_name":"stdout","time":2016.216609448,"data":"SECONDARY_EDGE_TTA_ACTIVE views = 8 weight = 0.75 mean_abs_feat_delta = 0.255109\n"}
,{"stream_name":"stdout","time":2016.905510608,"data":"EDGE_TTA_ACTIVE views = 8 mean_abs_feat_delta = 0.290141\n"}
,{"stream_name":"stdout","time":2017.357107212,"data":"EDGE_TTA_ACTIVE views = 8 mean_abs_feat_delta = 0.334122\n"}
,{"stream_name":"stdout","time":2017.880491941,"data":"SECONDARY_EDGE_TTA_ACTIVE views = 8 weight = 0.75 mean_abs_feat_delta = 0.222402\n"}
,{"stream_name":"stdout","time":2018.360460568,"data":"SECONDARY_EDGE_TTA_ACTIVE views = 8 weight = 0.75 mean_abs_feat_delta = 0.25132\n"}
,{"stream_name":"stdout","time":2018.9228743,"data":"EDGE_TTA_ACTIVE views = 8 mean_abs_feat_delta = 0.292561\n"}
,{"stream_name":"stdout","time":2019.502196915,"data":"EDGE_TTA_ACTIVE views = 8 mean_abs_feat_delta = 0.328651\n"}
,{"stream_name":"stdout","time":2019.888852647,"data":"SECONDARY_EDGE_TTA_ACTIVE views = 8 weight = 0.75 mean_abs_feat_delta = 0.223337\n"}
,{"stream_name":"stdout","time":2020.505068528,"data":"SECONDARY_EDGE_TTA_ACTIVE views = 8 weight = 0.75 mean_abs_feat_delta = 0.250811\n"}
,{"stream_name":"stdout","time":2020.924500167,"data":"EDGE_TTA_ACTIVE views = 8 mean_abs_feat_delta = 0.288988\n"}
,{"stream_name":"stdout","time":2021.632817119,"data":"EDGE_TTA_ACTIVE views = 8 mean_abs_feat_delta = 0.336868\n"}
,{"stream_name":"stdout","time":2021.8940755,"data":"SECONDARY_EDGE_TTA_ACTIVE views = 8 weight = 0.75 mean_abs_feat_delta = 0.234632\n"}
,{"stream_name":"stdout","time":2022.638703054,"data":"SECONDARY_EDGE_TTA_ACTIVE views = 8 weight = 0.75 mean_abs_feat_delta = 0.252583\n"}
,{"stream_name":"stdout","time":2022.927567468,"data":"EDGE_TTA_ACTIVE views = 8 mean_abs_feat_delta = 0.294653\n"}
,{"stream_name":"stdout","time":2023.770496304,"data":"EDGE_TTA_ACTIVE views = 8 mean_abs_feat_delta = 0.335702\n"}
,{"stream_name":"stdout","time":2023.901413394,"data":"SECONDARY_EDGE_TTA_ACTIVE views = 8 weight = 0.75 mean_abs_feat_delta = 0.225509\n"}
,{"stream_name":"stdout","time":2024.777867061,"data":"SECONDARY_EDGE_TTA_ACTIVE views = 8 weight = 0.75 mean_abs_feat_delta = 0.250294\n"}
,{"stream_name":"stdout","time":2024.933430897,"data":"EDGE_TTA_ACTIVE views = 8 mean_abs_feat_delta = 0.296121\n"}
,{"stream_name":"stdout","time":2025.896038823,"data":"EDGE_TTA_ACTIVE views = 8 mean_abs_feat_delta = 0.334886\n"}
,{"stream_name":"stdout","time":2025.907298265,"data":"SECONDARY_EDGE_TTA_ACTIVE views = 8 weight = 0.75 mean_abs_feat_delta = 0.233373\n"}
,{"stream_name":"stdout","time":2026.905884813,"data":"SECONDARY_EDGE_TTA_ACTIVE views = 8 weight = 0.75 mean_abs_feat_delta = 0.247088\n"}
,{"stream_name":"stdout","time":2026.946776827,"data":"EDGE_TTA_ACTIVE views = 8 mean_abs_feat_delta = 0.296872\n"}
,{"stream_name":"stdout","time":2027.915509217,"data":"SECONDARY_EDGE_TTA_ACTIVE views = 8 weight = 0.75 mean_abs_feat_delta = 0.237159\n"}
,{"stream_name":"stdout","time":2028.020380588,"data":"EDGE_TTA_ACTIVE views = 8 mean_abs_feat_delta = 0.337301\n"}
,{"stream_name":"stdout","time":2029.00724845,"data":"EDGE_TTA_ACTIVE views = 8 mean_abs_feat_delta = 0.294509\n"}
,{"stream_name":"stdout","time":2029.022306734,"data":"SECONDARY_EDGE_TTA_ACTIVE views = 8 weight = 0.75 mean_abs_feat_delta = 0.248444\n"}
,{"stream_name":"stdout","time":2029.98345194,"data":"SECONDARY_EDGE_TTA_ACTIVE views = 8 weight = 0.75 mean_abs_feat_delta = 0.239483\n"}
,{"stream_name":"stdout","time":2030.138958036,"data":"EDGE_TTA_ACTIVE views = 8 mean_abs_feat_delta = 0.342168\n"}
,{"stream_name":"stdout","time":2031.016098839,"data":"EDGE_TTA_ACTIVE views = 8 mean_abs_feat_delta = 0.288279\n"}
,{"stream_name":"stdout","time":2031.145115774,"data":"SECONDARY_EDGE_TTA_ACTIVE views = 8 weight = 0.75 mean_abs_feat_delta = 0.249705\n"}
,{"stream_name":"stdout","time":2031.989737718,"data":"SECONDARY_EDGE_TTA_ACTIVE views = 8 weight = 0.75 mean_abs_feat_delta = 0.237082\n"}
,{"stream_name":"stdout","time":2032.287488068,"data":"EDGE_TTA_ACTIVE views = 8 mean_abs_feat_delta = 0.343137\n"}
,{"stream_name":"stdout","time":2033.037691095,"data":"EDGE_TTA_ACTIVE views = 8 mean_abs_feat_delta = 0.289803\n"}
,{"stream_name":"stdout","time":2033.294154231,"data":"SECONDARY_EDGE_TTA_ACTIVE views = 8 weight = 0.75 mean_abs_feat_delta = 0.249871\n"}
,{"stream_name":"stdout","time":2034.011253489,"data":"SECONDARY_EDGE_TTA_ACTIVE views = 8 weight = 0.75 mean_abs_feat_delta = 0.234585\n"}
,{"stream_name":"stdout","time":2034.410424595,"data":"EDGE_TTA_ACTIVE views = 8 mean_abs_feat_delta = 0.338761\n"}
,{"stream_name":"stdout","time":2035.047482592,"data":"EDGE_TTA_ACTIVE views = 8 mean_abs_feat_delta = 0.292365\n"}
,{"stream_name":"stdout","time":2035.415178294,"data":"SECONDARY_EDGE_TTA_ACTIVE views = 8 weight = 0.75 mean_abs_feat_delta = 0.247264\n"}
,{"stream_name":"stdout","time":2036.020281542,"data":"SECONDARY_EDGE_TTA_ACTIVE views = 8 weight = 0.75 mean_abs_feat_delta = 0.240166\n"}
,{"stream_name":"stdout","time":2036.533466893,"data":"EDGE_TTA_ACTIVE views = 8 mean_abs_feat_delta = 0.338145\n"}
,{"stream_name":"stdout","time":2037.056539784,"data":"EDGE_TTA_ACTIVE views = 8 mean_abs_feat_delta = 0.29779\n"}
,{"stream_name":"stdout","time":2037.540520566,"data":"SECONDARY_EDGE_TTA_ACTIVE views = 8 weight = 0.75 mean_abs_feat_delta = 0.243393\n"}
,{"stream_name":"stdout","time":2038.028005406,"data":"SECONDARY_EDGE_TTA_ACTIVE views = 8 weight = 0.75 mean_abs_feat_delta = 0.23071\n"}
,{"stream_name":"stdout","time":2038.65321502,"data":"EDGE_TTA_ACTIVE views = 8 mean_abs_feat_delta = 0.334551\n"}
,{"stream_name":"stdout","time":2039.101104042,"data":"EDGE_TTA_ACTIVE views = 8 mean_abs_feat_delta = 0.294017\n"}
,{"stream_name":"stdout","time":2039.65802139,"data":"SECONDARY_EDGE_TTA_ACTIVE views = 8 weight = 0.75 mean_abs_feat_delta = 0.246103\n"}
,{"stream_name":"stdout","time":2040.186823954,"data":"SECONDARY_EDGE_TTA_ACTIVE views = 8 weight = 0.75 mean_abs_feat_delta = 0.228603\n"}
,{"stream_name":"stdout","time":2040.776340754,"data":"EDGE_TTA_ACTIVE views = 8 mean_abs_feat_delta = 0.331854\n"}
,{"stream_name":"stdout","time":2041.11889357,"data":"EDGE_TTA_ACTIVE views = 8 mean_abs_feat_delta = 0.297003\n"}
,{"stream_name":"stdout","time":2041.779180815,"data":"SECONDARY_EDGE_TTA_ACTIVE views = 8 weight = 0.75 mean_abs_feat_delta = 0.246736\n"}
,{"stream_name":"stdout","time":2042.093503871,"data":"SECONDARY_EDGE_TTA_ACTIVE views = 8 weight = 0.75 mean_abs_feat_delta = 0.227822\n"}
,{"stream_name":"stdout","time":2043.134365731,"data":"EDGE_TTA_ACTIVE views = 8 mean_abs_feat_delta = 0.301009\n"}
,{"stream_name":"stdout","time":2044.107708438,"data":"SECONDARY_EDGE_TTA_ACTIVE views = 8 weight = 0.75 mean_abs_feat_delta = 0.230826\n"}
,{"stream_name":"stdout","time":2045.179753732,"data":"EDGE_TTA_ACTIVE views = 8 mean_abs_feat_delta = 0.301776\n"}
,{"stream_name":"stdout","time":2046.150107484,"data":"SECONDARY_EDGE_TTA_ACTIVE views = 8 weight = 0.75 mean_abs_feat_delta = 0.233825\n"}
,{"stream_name":"stdout","time":2047.319009582,"data":"EDGE_TTA_ACTIVE views = 8 mean_abs_feat_delta = 0.299256\n"}
,{"stream_name":"stdout","time":2048.29569095,"data":"SECONDARY_EDGE_TTA_ACTIVE views = 8 weight = 0.75 mean_abs_feat_delta = 0.231076\n"}
,{"stream_name":"stdout","time":2048.299214579,"data":"BIOHUB_RETENTION_GUARD {\"blended_candidates\": 59, \"dataset\": \"6bba_062c8d37\", \"frame\": 73, \"minimum_retention\": 0.9, \"primary_candidates\": 68, \"retention\": 0.8676470588235294, \"use_primary\": true}\n"}
,{"stream_name":"stdout","time":2049.372906667,"data":"EDGE_TTA_ACTIVE views = 8 mean_abs_feat_delta = 0.298114\n"}
,{"stream_name":"stdout","time":2050.345230401,"data":"SECONDARY_EDGE_TTA_ACTIVE views = 8 weight = 0.75 mean_abs_feat_delta = 0.231678\n"}
,{"stream_name":"stdout","time":2050.349355695,"data":"BIOHUB_RETENTION_GUARD {\"blended_candidates\": 62, \"dataset\": \"6bba_062c8d37\", \"frame\": 74, \"minimum_retention\": 0.9, \"primary_candidates\": 69, \"retention\": 0.8985507246376812, \"use_primary\": true}\n"}
,{"stream_name":"stdout","time":2051.430343931,"data":"EDGE_TTA_ACTIVE views = 8 mean_abs_feat_delta = 0.292995\n"}
,{"stream_name":"stdout","time":2052.406506261,"data":"SECONDARY_EDGE_TTA_ACTIVE views = 8 weight = 0.75 mean_abs_feat_delta = 0.232434\n"}
,{"stream_name":"stdout","time":2053.448359674,"data":"EDGE_TTA_ACTIVE views = 8 mean_abs_feat_delta = 0.29277\n"}
,{"stream_name":"stdout","time":2054.419600129,"data":"SECONDARY_EDGE_TTA_ACTIVE views = 8 weight = 0.75 mean_abs_feat_delta = 0.237438\n"}
,{"stream_name":"stdout","time":2055.469962922,"data":"EDGE_TTA_ACTIVE views = 8 mean_abs_feat_delta = 0.293275\n"}
,{"stream_name":"stdout","time":2056.444735563,"data":"SECONDARY_EDGE_TTA_ACTIVE views = 8 weight = 0.75 mean_abs_feat_delta = 0.236157\n"}
,{"stream_name":"stdout","time":2057.494514561,"data":"EDGE_TTA_ACTIVE views = 8 mean_abs_feat_delta = 0.291368\n"}
,{"stream_name":"stdout","time":2058.49266223,"data":"SECONDARY_EDGE_TTA_ACTIVE views = 8 weight = 0.75 mean_abs_feat_delta = 0.235416\n"}
,{"stream_name":"stdout","time":2059.544612201,"data":"EDGE_TTA_ACTIVE views = 8 mean_abs_feat_delta = 0.291014\n"}
,{"stream_name":"stdout","time":2060.519266797,"data":"SECONDARY_EDGE_TTA_ACTIVE views = 8 weight = 0.75 mean_abs_feat_delta = 0.232783\n"}
,{"stream_name":"stdout","time":2061.571142559,"data":"EDGE_TTA_ACTIVE views = 8 mean_abs_feat_delta = 0.295994\n"}
,{"stream_name":"stdout","time":2062.543236757,"data":"SECONDARY_EDGE_TTA_ACTIVE views = 8 weight = 0.75 mean_abs_feat_delta = 0.231063\n"}
,{"stream_name":"stdout","time":2063.59794225,"data":"EDGE_TTA_ACTIVE views = 8 mean_abs_feat_delta = 0.297096\n"}
,{"stream_name":"stdout","time":2064.571724899,"data":"SECONDARY_EDGE_TTA_ACTIVE views = 8 weight = 0.75 mean_abs_feat_delta = 0.234197\n"}
,{"stream_name":"stdout","time":2065.62417598,"data":"EDGE_TTA_ACTIVE views = 8 mean_abs_feat_delta = 0.299033\n"}
,{"stream_name":"stdout","time":2066.598991202,"data":"SECONDARY_EDGE_TTA_ACTIVE views = 8 weight = 0.75 mean_abs_feat_delta = 0.233029\n"}
,{"stream_name":"stdout","time":2067.688048714,"data":"EDGE_TTA_ACTIVE views = 8 mean_abs_feat_delta = 0.297557\n"}
,{"stream_name":"stdout","time":2067.921171415,"data":"EDGE_TTA_ACTIVE views = 8 mean_abs_feat_delta = 0.293417\n"}
,{"stream_name":"stdout","time":2068.665181741,"data":"SECONDARY_EDGE_TTA_ACTIVE views = 8 weight = 0.75 mean_abs_feat_delta = 0.236935\n"}
,{"stream_name":"stdout","time":2068.89083557,"data":"SECONDARY_EDGE_TTA_ACTIVE views = 8 weight = 0.75 mean_abs_feat_delta = 0.204909\n"}
,{"stream_name":"stdout","time":2069.740151578,"data":"EDGE_TTA_ACTIVE views = 8 mean_abs_feat_delta = 0.293406\n"}
,{"stream_name":"stdout","time":2070.005868809,"data":"EDGE_TTA_ACTIVE views = 8 mean_abs_feat_delta = 0.292063\n"}
,{"stream_name":"stdout","time":2070.872053716,"data":"SECONDARY_EDGE_TTA_ACTIVE views = 8 weight = 0.75 mean_abs_feat_delta = 0.234086\n"}
,{"stream_name":"stdout","time":2070.873030478,"data":"BIOHUB_RETENTION_GUARD {\"blended_candidates\": 64, \"dataset\": \"6bba_062c8d37\", \"frame\": 84, \"minimum_retention\": 0.9, \"primary_candidates\": 73, \"retention\": 0.8767123287671232, \"use_primary\": true}\n"}
,{"stream_name":"stdout","time":2070.981564372,"data":"SECONDARY_EDGE_TTA_ACTIVE views = 8 weight = 0.75 mean_abs_feat_delta = 0.201895\n"}
,{"stream_name":"stdout","time":2071.767120519,"data":"EDGE_TTA_ACTIVE views = 8 mean_abs_feat_delta = 0.295509\n"}
,{"stream_name":"stdout","time":2072.100602005,"data":"EDGE_TTA_ACTIVE views = 8 mean_abs_feat_delta = 0.290893\n"}
,{"stream_name":"stdout","time":2072.745205044,"data":"SECONDARY_EDGE_TTA_ACTIVE views = 8 weight = 0.75 mean_abs_feat_delta = 0.227107\n"}
,{"stream_name":"stdout","time":2073.067377825,"data":"SECONDARY_EDGE_TTA_ACTIVE views = 8 weight = 0.75 mean_abs_feat_delta = 0.204535\n"}
,{"stream_name":"stdout","time":2073.793687984,"data":"EDGE_TTA_ACTIVE views = 8 mean_abs_feat_delta = 0.29737\n"}
,{"stream_name":"stdout","time":2074.159291985,"data":"EDGE_TTA_ACTIVE views = 8 mean_abs_feat_delta = 0.289035\n"}
,{"stream_name":"stdout","time":2074.778838241,"data":"SECONDARY_EDGE_TTA_ACTIVE views = 8 weight = 0.75 mean_abs_feat_delta = 0.229753\n"}
,{"stream_name":"stdout","time":2075.132731473,"data":"SECONDARY_EDGE_TTA_ACTIVE views = 8 weight = 0.75 mean_abs_feat_delta = 0.203795\n"}
,{"stream_name":"stdout","time":2075.838209938,"data":"EDGE_TTA_ACTIVE views = 8 mean_abs_feat_delta = 0.297734\n"}
,{"stream_name":"stdout","time":2076.225465761,"data":"EDGE_TTA_ACTIVE views = 8 mean_abs_feat_delta = 0.292802\n"}
,{"stream_name":"stdout","time":2076.813582862,"data":"SECONDARY_EDGE_TTA_ACTIVE views = 8 weight = 0.75 mean_abs_feat_delta = 0.233349\n"}
,{"stream_name":"stdout","time":2077.198468287,"data":"SECONDARY_EDGE_TTA_ACTIVE views = 8 weight = 0.75 mean_abs_feat_delta = 0.202797\n"}
,{"stream_name":"stdout","time":2077.867824774,"data":"EDGE_TTA_ACTIVE views = 8 mean_abs_feat_delta = 0.297749\n"}
,{"stream_name":"stdout","time":2078.290098983,"data":"EDGE_TTA_ACTIVE views = 8 mean_abs_feat_delta = 0.289692\n"}
,{"stream_name":"stdout","time":2078.849409542,"data":"SECONDARY_EDGE_TTA_ACTIVE views = 8 weight = 0.75 mean_abs_feat_delta = 0.228601\n"}
,{"stream_name":"stdout","time":2079.265705525,"data":"SECONDARY_EDGE_TTA_ACTIVE views = 8 weight = 0.75 mean_abs_feat_delta = 0.205886\n"}
,{"stream_name":"stdout","time":2079.917331368,"data":"EDGE_TTA_ACTIVE views = 8 mean_abs_feat_delta = 0.299556\n"}
,{"stream_name":"stdout","time":2080.361200084,"data":"EDGE_TTA_ACTIVE views = 8 mean_abs_feat_delta = 0.288981\n"}
,{"stream_name":"stdout","time":2080.907266572,"data":"SECONDARY_EDGE_TTA_ACTIVE views = 8 weight = 0.75 mean_abs_feat_delta = 0.229547\n"}
,{"stream_name":"stdout","time":2081.335706916,"data":"SECONDARY_EDGE_TTA_ACTIVE views = 8 weight = 0.75 mean_abs_feat_delta = 0.205889\n"}
,{"stream_name":"stdout","time":2081.987926866,"data":"EDGE_TTA_ACTIVE views = 8 mean_abs_feat_delta = 0.298104\n"}
,{"stream_name":"stdout","time":2082.484017626,"data":"EDGE_TTA_ACTIVE views = 8 mean_abs_feat_delta = 0.294024\n"}
,{"stream_name":"stdout","time":2082.977699491,"data":"SECONDARY_EDGE_TTA_ACTIVE views = 8 weight = 0.75 mean_abs_feat_delta = 0.228595\n"}
,{"stream_name":"stdout","time":2083.467529227,"data":"SECONDARY_EDGE_TTA_ACTIVE views = 8 weight = 0.75 mean_abs_feat_delta = 0.208457\n"}
,{"stream_name":"stdout","time":2084.060110231,"data":"EDGE_TTA_ACTIVE views = 8 mean_abs_feat_delta = 0.296443\n"}
,{"stream_name":"stdout","time":2084.588928618,"data":"EDGE_TTA_ACTIVE views = 8 mean_abs_feat_delta = 0.291402\n"}
,{"stream_name":"stdout","time":2085.047298382,"data":"SECONDARY_EDGE_TTA_ACTIVE views = 8 weight = 0.75 mean_abs_feat_delta = 0.228195\n"}
,{"stream_name":"stdout","time":2085.572923065,"data":"SECONDARY_EDGE_TTA_ACTIVE views = 8 weight = 0.75 mean_abs_feat_delta = 0.210367\n"}
,{"stream_name":"stdout","time":2086.092008994,"data":"EDGE_TTA_ACTIVE views = 8 mean_abs_feat_delta = 0.293984\n"}
,{"stream_name":"stdout","time":2086.696757373,"data":"EDGE_TTA_ACTIVE views = 8 mean_abs_feat_delta = 0.293367\n"}
,{"stream_name":"stdout","time":2087.081715417,"data":"SECONDARY_EDGE_TTA_ACTIVE views = 8 weight = 0.75 mean_abs_feat_delta = 0.229762\n"}
,{"stream_name":"stdout","time":2087.672765446,"data":"SECONDARY_EDGE_TTA_ACTIVE views = 8 weight = 0.75 mean_abs_feat_delta = 0.208181\n"}
,{"stream_name":"stdout","time":2088.121664263,"data":"EDGE_TTA_ACTIVE views = 8 mean_abs_feat_delta = 0.293061\n"}
,{"stream_name":"stdout","time":2088.848392574,"data":"EDGE_TTA_ACTIVE views = 8 mean_abs_feat_delta = 0.286361\n"}
,{"stream_name":"stdout","time":2089.096499099,"data":"SECONDARY_EDGE_TTA_ACTIVE views = 8 weight = 0.75 mean_abs_feat_delta = 0.232584\n"}
,{"stream_name":"stdout","time":2089.824696032,"data":"SECONDARY_EDGE_TTA_ACTIVE views = 8 weight = 0.75 mean_abs_feat_delta = 0.20495\n"}
,{"stream_name":"stdout","time":2090.171301657,"data":"EDGE_TTA_ACTIVE views = 8 mean_abs_feat_delta = 0.297154\n"}
,{"stream_name":"stdout","time":2090.920396962,"data":"EDGE_TTA_ACTIVE views = 8 mean_abs_feat_delta = 0.284801\n"}
,{"stream_name":"stdout","time":2091.146562939,"data":"SECONDARY_EDGE_TTA_ACTIVE views = 8 weight = 0.75 mean_abs_feat_delta = 0.235095\n"}
,{"stream_name":"stdout","time":2091.896025754,"data":"SECONDARY_EDGE_TTA_ACTIVE views = 8 weight = 0.75 mean_abs_feat_delta = 0.212877\n"}
,{"stream_name":"stdout","time":2092.197914324,"data":"EDGE_TTA_ACTIVE views = 8 mean_abs_feat_delta = 0.301446\n"}
,{"stream_name":"stdout","time":2092.988710698,"data":"EDGE_TTA_ACTIVE views = 8 mean_abs_feat_delta = 0.287875\n"}
,{"stream_name":"stdout","time":2093.175679935,"data":"SECONDARY_EDGE_TTA_ACTIVE views = 8 weight = 0.75 mean_abs_feat_delta = 0.235651\n"}
,{"stream_name":"stdout","time":2093.965379994,"data":"SECONDARY_EDGE_TTA_ACTIVE views = 8 weight = 0.75 mean_abs_feat_delta = 0.207897\n"}
,{"stream_name":"stdout","time":2094.228872316,"data":"EDGE_TTA_ACTIVE views = 8 mean_abs_feat_delta = 0.301117\n"}
,{"stream_name":"stdout","time":2095.100237817,"data":"EDGE_TTA_ACTIVE views = 8 mean_abs_feat_delta = 0.285114\n"}
,{"stream_name":"stdout","time":2095.20400538,"data":"SECONDARY_EDGE_TTA_ACTIVE views = 8 weight = 0.75 mean_abs_feat_delta = 0.235513\n"}
,{"stream_name":"stdout","time":2096.075220444,"data":"SECONDARY_EDGE_TTA_ACTIVE views = 8 weight = 0.75 mean_abs_feat_delta = 0.205793\n"}
,{"stream_name":"stdout","time":2096.278542383,"data":"EDGE_TTA_ACTIVE views = 8 mean_abs_feat_delta = 0.301563\n"}
,{"stream_name":"stdout","time":2097.170530059,"data":"EDGE_TTA_ACTIVE views = 8 mean_abs_feat_delta = 0.284821\n"}
,{"stream_name":"stdout","time":2097.254935052,"data":"SECONDARY_EDGE_TTA_ACTIVE views = 8 weight = 0.75 mean_abs_feat_delta = 0.22943\n"}
,{"stream_name":"stdout","time":2098.147497803,"data":"SECONDARY_EDGE_TTA_ACTIVE views = 8 weight = 0.75 mean_abs_feat_delta = 0.210728\n"}
,{"stream_name":"stdout","time":2098.305028997,"data":"EDGE_TTA_ACTIVE views = 8 mean_abs_feat_delta = 0.298981\n"}
,{"stream_name":"stdout","time":2099.241392282,"data":"EDGE_TTA_ACTIVE views = 8 mean_abs_feat_delta = 0.287327\n"}
,{"stream_name":"stdout","time":2099.283613816,"data":"SECONDARY_EDGE_TTA_ACTIVE views = 8 weight = 0.75 mean_abs_feat_delta = 0.231691\n"}
,{"stream_name":"stdout","time":2100.215848926,"data":"SECONDARY_EDGE_TTA_ACTIVE views = 8 weight = 0.75 mean_abs_feat_delta = 0.208572\n"}
,{"stream_name":"stdout","time":2100.333384228,"data":"EDGE_TTA_ACTIVE views = 8 mean_abs_feat_delta = 0.297101\n"}
,{"stream_name":"stdout","time":2101.458967643,"data":"SECONDARY_EDGE_TTA_ACTIVE views = 8 weight = 0.75 mean_abs_feat_delta = 0.23213\n"}
,{"stream_name":"stdout","time":2101.459016894,"data":"EDGE_TTA_ACTIVE views = 8 mean_abs_feat_delta = 0.285857\n"}
,{"stream_name":"stdout","time":2102.309899562,"data":"SECONDARY_EDGE_TTA_ACTIVE views = 8 weight = 0.75 mean_abs_feat_delta = 0.20793\n"}
,{"stream_name":"stdout","time":2103.499898811,"data":"EDGE_TTA_ACTIVE views = 8 mean_abs_feat_delta = 0.283107\n"}
,{"stream_name":"stdout","time":2104.475427048,"data":"SECONDARY_EDGE_TTA_ACTIVE views = 8 weight = 0.75 mean_abs_feat_delta = 0.21153\n"}
,{"stream_name":"stdout","time":2105.568286515,"data":"EDGE_TTA_ACTIVE views = 8 mean_abs_feat_delta = 0.285156\n"}
,{"stream_name":"stdout","time":2106.364480551,"data":"EDGE_TTA_ACTIVE views = 8 mean_abs_feat_delta = 0.336571\n"}
,{"stream_name":"stdout","time":2106.545131977,"data":"SECONDARY_EDGE_TTA_ACTIVE views = 8 weight = 0.75 mean_abs_feat_delta = 0.215961\n"}
,{"stream_name":"stdout","time":2107.338053816,"data":"SECONDARY_EDGE_TTA_ACTIVE views = 8 weight = 0.75 mean_abs_feat_delta = 0.261628\n"}
,{"stream_name":"stdout","time":2107.636006489,"data":"EDGE_TTA_ACTIVE views = 8 mean_abs_feat_delta = 0.281307\n"}
,{"stream_name":"stdout","time":2108.419841707,"data":"EDGE_TTA_ACTIVE views = 8 mean_abs_feat_delta = 0.338746\n"}
,{"stream_name":"stdout","time":2108.618820219,"data":"SECONDARY_EDGE_TTA_ACTIVE views = 8 weight = 0.75 mean_abs_feat_delta = 0.210734\n"}
,{"stream_name":"stdout","time":2109.391737247,"data":"SECONDARY_EDGE_TTA_ACTIVE views = 8 weight = 0.75 mean_abs_feat_delta = 0.259644\n"}
,{"stream_name":"stdout","time":2109.721707086,"data":"EDGE_TTA_ACTIVE views = 8 mean_abs_feat_delta = 0.283345\n"}
,{"stream_name":"stdout","time":2110.457791612,"data":"EDGE_TTA_ACTIVE views = 8 mean_abs_feat_delta = 0.340952\n"}
,{"stream_name":"stdout","time":2110.702344289,"data":"SECONDARY_EDGE_TTA_ACTIVE views = 8 weight = 0.75 mean_abs_feat_delta = 0.210047\n"}
,{"stream_name":"stdout","time":2111.436419642,"data":"SECONDARY_EDGE_TTA_ACTIVE views = 8 weight = 0.75 mean_abs_feat_delta = 0.260273\n"}
,{"stream_name":"stdout","time":2111.791919288,"data":"EDGE_TTA_ACTIVE views = 8 mean_abs_feat_delta = 0.282739\n"}
,{"stream_name":"stdout","time":2112.512602801,"data":"EDGE_TTA_ACTIVE views = 8 mean_abs_feat_delta = 0.342027\n"}
,{"stream_name":"stdout","time":2112.778004277,"data":"SECONDARY_EDGE_TTA_ACTIVE views = 8 weight = 0.75 mean_abs_feat_delta = 0.208912\n"}
,{"stream_name":"stdout","time":2113.508500777,"data":"SECONDARY_EDGE_TTA_ACTIVE views = 8 weight = 0.75 mean_abs_feat_delta = 0.259018\n"}
,{"stream_name":"stdout","time":2113.879293558,"data":"EDGE_TTA_ACTIVE views = 8 mean_abs_feat_delta = 0.280872\n"}
,{"stream_name":"stdout","time":2114.603879259,"data":"EDGE_TTA_ACTIVE views = 8 mean_abs_feat_delta = 0.339705\n"}
,{"stream_name":"stdout","time":2114.878086991,"data":"SECONDARY_EDGE_TTA_ACTIVE views = 8 weight = 0.75 mean_abs_feat_delta = 0.208993\n"}
,{"stream_name":"stdout","time":2115.577579511,"data":"SECONDARY_EDGE_TTA_ACTIVE views = 8 weight = 0.75 mean_abs_feat_delta = 0.260044\n"}
,{"stream_name":"stdout","time":2115.980357821,"data":"EDGE_TTA_ACTIVE views = 8 mean_abs_feat_delta = 0.281118\n"}
,{"stream_name":"stdout","time":2116.632239466,"data":"EDGE_TTA_ACTIVE views = 8 mean_abs_feat_delta = 0.340104\n"}
,{"stream_name":"stdout","time":2116.968068672,"data":"SECONDARY_EDGE_TTA_ACTIVE views = 8 weight = 0.75 mean_abs_feat_delta = 0.20797\n"}
,{"stream_name":"stdout","time":2117.604430305,"data":"SECONDARY_EDGE_TTA_ACTIVE views = 8 weight = 0.75 mean_abs_feat_delta = 0.260377\n"}
,{"stream_name":"stdout","time":2118.060210325,"data":"EDGE_TTA_ACTIVE views = 8 mean_abs_feat_delta = 0.281355\n"}
,{"stream_name":"stdout","time":2118.656011966,"data":"EDGE_TTA_ACTIVE views = 8 mean_abs_feat_delta = 0.339763\n"}
,{"stream_name":"stdout","time":2119.053390313,"data":"SECONDARY_EDGE_TTA_ACTIVE views = 8 weight = 0.75 mean_abs_feat_delta = 0.209647\n"}
,{"stream_name":"stdout","time":2119.631620671,"data":"SECONDARY_EDGE_TTA_ACTIVE views = 8 weight = 0.75 mean_abs_feat_delta = 0.258496\n"}
,{"stream_name":"stdout","time":2120.154940144,"data":"EDGE_TTA_ACTIVE views = 8 mean_abs_feat_delta = 0.279058\n"}
,{"stream_name":"stdout","time":2120.696611395,"data":"EDGE_TTA_ACTIVE views = 8 mean_abs_feat_delta = 0.333526\n"}
,{"stream_name":"stdout","time":2121.143483048,"data":"SECONDARY_EDGE_TTA_ACTIVE views = 8 weight = 0.75 mean_abs_feat_delta = 0.209978\n"}
,{"stream_name":"stdout","time":2121.678895443,"data":"SECONDARY_EDGE_TTA_ACTIVE views = 8 weight = 0.75 mean_abs_feat_delta = 0.255413\n"}
,{"stream_name":"stdout","time":2122.242199089,"data":"EDGE_TTA_ACTIVE views = 8 mean_abs_feat_delta = 0.271242\n"}
,{"stream_name":"stdout","time":2122.749723727,"data":"EDGE_TTA_ACTIVE views = 8 mean_abs_feat_delta = 0.336952\n"}
,{"stream_name":"stdout","time":2123.236149232,"data":"SECONDARY_EDGE_TTA_ACTIVE views = 8 weight = 0.75 mean_abs_feat_delta = 0.226724\n"}
,{"stream_name":"stdout","time":2123.725982528,"data":"SECONDARY_EDGE_TTA_ACTIVE views = 8 weight = 0.75 mean_abs_feat_delta = 0.252694\n"}
,{"stream_name":"stdout","time":2124.338227492,"data":"EDGE_TTA_ACTIVE views = 8 mean_abs_feat_delta = 0.278583\n"}
,{"stream_name":"stdout","time":2124.798140225,"data":"EDGE_TTA_ACTIVE views = 8 mean_abs_feat_delta = 0.345093\n"}
,{"stream_name":"stdout","time":2125.337694614,"data":"SECONDARY_EDGE_TTA_ACTIVE views = 8 weight = 0.75 mean_abs_feat_delta = 0.212438\n"}
,{"stream_name":"stdout","time":2125.772380138,"data":"SECONDARY_EDGE_TTA_ACTIVE views = 8 weight = 0.75 mean_abs_feat_delta = 0.256998\n"}
,{"stream_name":"stdout","time":2126.434862238,"data":"EDGE_TTA_ACTIVE views = 8 mean_abs_feat_delta = 0.280712\n"}
,{"stream_name":"stdout","time":2126.864658892,"data":"EDGE_TTA_ACTIVE views = 8 mean_abs_feat_delta = 0.34152\n"}
,{"stream_name":"stdout","time":2127.430774111,"data":"SECONDARY_EDGE_TTA_ACTIVE views = 8 weight = 0.75 mean_abs_feat_delta = 0.217052\n"}
,{"stream_name":"stdout","time":2127.841827295,"data":"SECONDARY_EDGE_TTA_ACTIVE views = 8 weight = 0.75 mean_abs_feat_delta = 0.260222\n"}
,{"stream_name":"stdout","time":2128.530549163,"data":"EDGE_TTA_ACTIVE views = 8 mean_abs_feat_delta = 0.281412\n"}
,{"stream_name":"stdout","time":2128.913850677,"data":"EDGE_TTA_ACTIVE views = 8 mean_abs_feat_delta = 0.341151\n"}
,{"stream_name":"stdout","time":2129.528687255,"data":"SECONDARY_EDGE_TTA_ACTIVE views = 8 weight = 0.75 mean_abs_feat_delta = 0.214047\n"}
,{"stream_name":"stdout","time":2129.903444841,"data":"SECONDARY_EDGE_TTA_ACTIVE views = 8 weight = 0.75 mean_abs_feat_delta = 0.264548\n"}
,{"stream_name":"stdout","time":2130.628121478,"data":"EDGE_TTA_ACTIVE views = 8 mean_abs_feat_delta = 0.283284\n"}
,{"stream_name":"stdout","time":2131.019348138,"data":"EDGE_TTA_ACTIVE views = 8 mean_abs_feat_delta = 0.34019\n"}
,{"stream_name":"stdout","time":2131.772795609,"data":"SECONDARY_EDGE_TTA_ACTIVE views = 8 weight = 0.75 mean_abs_feat_delta = 0.208668\n"}
,{"stream_name":"stdout","time":2131.994760703,"data":"SECONDARY_EDGE_TTA_ACTIVE views = 8 weight = 0.75 mean_abs_feat_delta = 0.26289\n"}
,{"stream_name":"stdout","time":2132.77005748,"data":"EDGE_TTA_ACTIVE views = 8 mean_abs_feat_delta = 0.285807\n"}
,{"stream_name":"stdout","time":2133.083508363,"data":"EDGE_TTA_ACTIVE views = 8 mean_abs_feat_delta = 0.344388\n"}
,{"stream_name":"stdout","time":2133.769928444,"data":"SECONDARY_EDGE_TTA_ACTIVE views = 8 weight = 0.75 mean_abs_feat_delta = 0.210105\n"}
,{"stream_name":"stdout","time":2134.062607655,"data":"SECONDARY_EDGE_TTA_ACTIVE views = 8 weight = 0.75 mean_abs_feat_delta = 0.257635\n"}
,{"stream_name":"stdout","time":2134.899653302,"data":"EDGE_TTA_ACTIVE views = 8 mean_abs_feat_delta = 0.284166\n"}
,{"stream_name":"stdout","time":2135.116192459,"data":"EDGE_TTA_ACTIVE views = 8 mean_abs_feat_delta = 0.343422\n"}
,{"stream_name":"stdout","time":2135.899075414,"data":"SECONDARY_EDGE_TTA_ACTIVE views = 8 weight = 0.75 mean_abs_feat_delta = 0.213564\n"}
,{"stream_name":"stdout","time":2136.103413398,"data":"SECONDARY_EDGE_TTA_ACTIVE views = 8 weight = 0.75 mean_abs_feat_delta = 0.25605\n"}
,{"stream_name":"stdout","time":2137.005999282,"data":"EDGE_TTA_ACTIVE views = 8 mean_abs_feat_delta = 0.284946\n"}
,{"stream_name":"stdout","time":2137.183905995,"data":"EDGE_TTA_ACTIVE views = 8 mean_abs_feat_delta = 0.340401\n"}
,{"stream_name":"stdout","time":2138.00411855,"data":"SECONDARY_EDGE_TTA_ACTIVE views = 8 weight = 0.75 mean_abs_feat_delta = 0.21043\n"}
,{"stream_name":"stdout","time":2138.159944165,"data":"SECONDARY_EDGE_TTA_ACTIVE views = 8 weight = 0.75 mean_abs_feat_delta = 0.261539\n"}
,{"stream_name":"stdout","time":2139.119936017,"data":"EDGE_TTA_ACTIVE views = 8 mean_abs_feat_delta = 0.277939\n"}
,{"stream_name":"stdout","time":2139.228595695,"data":"EDGE_TTA_ACTIVE views = 8 mean_abs_feat_delta = 0.339951\n"}
,{"stream_name":"stdout","time":2140.117497249,"data":"SECONDARY_EDGE_TTA_ACTIVE views = 8 weight = 0.75 mean_abs_feat_delta = 0.224605\n"}
,{"stream_name":"stdout","time":2140.215418692,"data":"SECONDARY_EDGE_TTA_ACTIVE views = 8 weight = 0.75 mean_abs_feat_delta = 0.262505\n"}
,{"stream_name":"stdout","time":2141.223610101,"data":"EDGE_TTA_ACTIVE views = 8 mean_abs_feat_delta = 0.282273\n"}
,{"stream_name":"stdout","time":2141.276087659,"data":"EDGE_TTA_ACTIVE views = 8 mean_abs_feat_delta = 0.34749\n"}
,{"stream_name":"stdout","time":2142.220314847,"data":"SECONDARY_EDGE_TTA_ACTIVE views = 8 weight = 0.75 mean_abs_feat_delta = 0.210253\n"}
,{"stream_name":"stdout","time":2142.251517782,"data":"SECONDARY_EDGE_TTA_ACTIVE views = 8 weight = 0.75 mean_abs_feat_delta = 0.261831\n"}
,{"stream_name":"stdout","time":2143.305636808,"data":"EDGE_TTA_ACTIVE views = 8 mean_abs_feat_delta = 0.348728\n"}
,{"stream_name":"stdout","time":2143.33213016,"data":"EDGE_TTA_ACTIVE views = 8 mean_abs_feat_delta = 0.284153\n"}
,{"stream_name":"stdout","time":2144.29390741,"data":"SECONDARY_EDGE_TTA_ACTIVE views = 8 weight = 0.75 mean_abs_feat_delta = 0.264817\n"}
,{"stream_name":"stdout","time":2144.329651003,"data":"SECONDARY_EDGE_TTA_ACTIVE views = 8 weight = 0.75 mean_abs_feat_delta = 0.217533\n"}
,{"stream_name":"stdout","time":2145.390583017,"data":"EDGE_TTA_ACTIVE views = 8 mean_abs_feat_delta = 0.348915\n"}
,{"stream_name":"stdout","time":2145.436351346,"data":"EDGE_TTA_ACTIVE views = 8 mean_abs_feat_delta = 0.284297\n"}
,{"stream_name":"stdout","time":2146.367365481,"data":"SECONDARY_EDGE_TTA_ACTIVE views = 8 weight = 0.75 mean_abs_feat_delta = 0.26002\n"}
,{"stream_name":"stdout","time":2146.430612749,"data":"SECONDARY_EDGE_TTA_ACTIVE views = 8 weight = 0.75 mean_abs_feat_delta = 0.215734\n"}
,{"stream_name":"stdout","time":2147.432872099,"data":"EDGE_TTA_ACTIVE views = 8 mean_abs_feat_delta = 0.34756\n"}
,{"stream_name":"stdout","time":2147.550052948,"data":"EDGE_TTA_ACTIVE views = 8 mean_abs_feat_delta = 0.276563\n"}
,{"stream_name":"stdout","time":2148.413730227,"data":"SECONDARY_EDGE_TTA_ACTIVE views = 8 weight = 0.75 mean_abs_feat_delta = 0.259113\n"}
,{"stream_name":"stdout","time":2148.546720934,"data":"SECONDARY_EDGE_TTA_ACTIVE views = 8 weight = 0.75 mean_abs_feat_delta = 0.199979\n"}
,{"stream_name":"stdout","time":2149.477409307,"data":"EDGE_TTA_ACTIVE views = 8 mean_abs_feat_delta = 0.341564\n"}
,{"stream_name":"stdout","time":2149.653966042,"data":"EDGE_TTA_ACTIVE views = 8 mean_abs_feat_delta = 0.277027\n"}
,{"stream_name":"stdout","time":2150.461512769,"data":"SECONDARY_EDGE_TTA_ACTIVE views = 8 weight = 0.75 mean_abs_feat_delta = 0.257712\n"}
,{"stream_name":"stdout","time":2150.651045868,"data":"SECONDARY_EDGE_TTA_ACTIVE views = 8 weight = 0.75 mean_abs_feat_delta = 0.196398\n"}
,{"stream_name":"stdout","time":2151.519132954,"data":"EDGE_TTA_ACTIVE views = 8 mean_abs_feat_delta = 0.339453\n"}
,{"stream_name":"stdout","time":2151.75300626,"data":"EDGE_TTA_ACTIVE views = 8 mean_abs_feat_delta = 0.279545\n"}
,{"stream_name":"stdout","time":2152.495586573,"data":"SECONDARY_EDGE_TTA_ACTIVE views = 8 weight = 0.75 mean_abs_feat_delta = 0.252306\n"}
,{"stream_name":"stdout","time":2152.750432725,"data":"SECONDARY_EDGE_TTA_ACTIVE views = 8 weight = 0.75 mean_abs_feat_delta = 0.207084\n"}
,{"stream_name":"stdout","time":2153.549774999,"data":"EDGE_TTA_ACTIVE views = 8 mean_abs_feat_delta = 0.34454\n"}
,{"stream_name":"stdout","time":2153.851101378,"data":"EDGE_TTA_ACTIVE views = 8 mean_abs_feat_delta = 0.281065\n"}
,{"stream_name":"stdout","time":2154.524788419,"data":"SECONDARY_EDGE_TTA_ACTIVE views = 8 weight = 0.75 mean_abs_feat_delta = 0.251268\n"}
,{"stream_name":"stdout","time":2154.845591845,"data":"SECONDARY_EDGE_TTA_ACTIVE views = 8 weight = 0.75 mean_abs_feat_delta = 0.207082\n"}
,{"stream_name":"stdout","time":2155.579876754,"data":"EDGE_TTA_ACTIVE views = 8 mean_abs_feat_delta = 0.34235\n"}
,{"stream_name":"stdout","time":2155.943739027,"data":"EDGE_TTA_ACTIVE views = 8 mean_abs_feat_delta = 0.285064\n"}
,{"stream_name":"stdout","time":2156.555471263,"data":"SECONDARY_EDGE_TTA_ACTIVE views = 8 weight = 0.75 mean_abs_feat_delta = 0.248744\n"}
,{"stream_name":"stdout","time":2156.939267751,"data":"SECONDARY_EDGE_TTA_ACTIVE views = 8 weight = 0.75 mean_abs_feat_delta = 0.211819\n"}
,{"stream_name":"stdout","time":2157.609437484,"data":"EDGE_TTA_ACTIVE views = 8 mean_abs_feat_delta = 0.339835\n"}
,{"stream_name":"stdout","time":2158.042505191,"data":"EDGE_TTA_ACTIVE views = 8 mean_abs_feat_delta = 0.284192\n"}
,{"stream_name":"stdout","time":2158.583608476,"data":"SECONDARY_EDGE_TTA_ACTIVE views = 8 weight = 0.75 mean_abs_feat_delta = 0.250506\n"}
,{"stream_name":"stdout","time":2159.038024675,"data":"SECONDARY_EDGE_TTA_ACTIVE views = 8 weight = 0.75 mean_abs_feat_delta = 0.210743\n"}
,{"stream_name":"stdout","time":2159.656711585,"data":"EDGE_TTA_ACTIVE views = 8 mean_abs_feat_delta = 0.343666\n"}
,{"stream_name":"stdout","time":2160.131379845,"data":"EDGE_TTA_ACTIVE views = 8 mean_abs_feat_delta = 0.28167\n"}
,{"stream_name":"stdout","time":2160.633048712,"data":"SECONDARY_EDGE_TTA_ACTIVE views = 8 weight = 0.75 mean_abs_feat_delta = 0.249242\n"}
,{"stream_name":"stdout","time":2161.126325214,"data":"SECONDARY_EDGE_TTA_ACTIVE views = 8 weight = 0.75 mean_abs_feat_delta = 0.20555\n"}
,{"stream_name":"stdout","time":2161.975291144,"data":"EDGE_TTA_ACTIVE views = 8 mean_abs_feat_delta = 0.345266\n"}
,{"stream_name":"stdout","time":2162.218425425,"data":"EDGE_TTA_ACTIVE views = 8 mean_abs_feat_delta = 0.28237\n"}
,{"stream_name":"stdout","time":2162.801569381,"data":"SECONDARY_EDGE_TTA_ACTIVE views = 8 weight = 0.75 mean_abs_feat_delta = 0.252993\n"}
,{"stream_name":"stdout","time":2163.215256865,"data":"SECONDARY_EDGE_TTA_ACTIVE views = 8 weight = 0.75 mean_abs_feat_delta = 0.204003\n"}
,{"stream_name":"stdout","time":2163.868528822,"data":"EDGE_TTA_ACTIVE views = 8 mean_abs_feat_delta = 0.347232\n"}
,{"stream_name":"stdout","time":2164.312377968,"data":"EDGE_TTA_ACTIVE views = 8 mean_abs_feat_delta = 0.282802\n"}
,{"stream_name":"stdout","time":2164.848753325,"data":"SECONDARY_EDGE_TTA_ACTIVE views = 8 weight = 0.75 mean_abs_feat_delta = 0.255776\n"}
,{"stream_name":"stdout","time":2165.305587355,"data":"SECONDARY_EDGE_TTA_ACTIVE views = 8 weight = 0.75 mean_abs_feat_delta = 0.206577\n"}
,{"stream_name":"stdout","time":2165.900616514,"data":"EDGE_TTA_ACTIVE views = 8 mean_abs_feat_delta = 0.344073\n"}
,{"stream_name":"stdout","time":2166.413800601,"data":"EDGE_TTA_ACTIVE views = 8 mean_abs_feat_delta = 0.285432\n"}
,{"stream_name":"stdout","time":2166.876147448,"data":"SECONDARY_EDGE_TTA_ACTIVE views = 8 weight = 0.75 mean_abs_feat_delta = 0.255242\n"}
,{"stream_name":"stdout","time":2167.411215001,"data":"SECONDARY_EDGE_TTA_ACTIVE views = 8 weight = 0.75 mean_abs_feat_delta = 0.21238\n"}
,{"stream_name":"stdout","time":2167.930726593,"data":"EDGE_TTA_ACTIVE views = 8 mean_abs_feat_delta = 0.342224\n"}
,{"stream_name":"stdout","time":2168.506420905,"data":"EDGE_TTA_ACTIVE views = 8 mean_abs_feat_delta = 0.281029\n"}
,{"stream_name":"stdout","time":2168.904394812,"data":"SECONDARY_EDGE_TTA_ACTIVE views = 8 weight = 0.75 mean_abs_feat_delta = 0.2511\n"}
,{"stream_name":"stdout","time":2169.503608721,"data":"SECONDARY_EDGE_TTA_ACTIVE views = 8 weight = 0.75 mean_abs_feat_delta = 0.217798\n"}
,{"stream_name":"stdout","time":2169.956917318,"data":"EDGE_TTA_ACTIVE views = 8 mean_abs_feat_delta = 0.340766\n"}
,{"stream_name":"stdout","time":2170.595636405,"data":"EDGE_TTA_ACTIVE views = 8 mean_abs_feat_delta = 0.272919\n"}
,{"stream_name":"stdout","time":2170.934980972,"data":"SECONDARY_EDGE_TTA_ACTIVE views = 8 weight = 0.75 mean_abs_feat_delta = 0.249793\n"}
,{"stream_name":"stdout","time":2171.592012349,"data":"SECONDARY_EDGE_TTA_ACTIVE views = 8 weight = 0.75 mean_abs_feat_delta = 0.232881\n"}
,{"stream_name":"stdout","time":2172.004416878,"data":"EDGE_TTA_ACTIVE views = 8 mean_abs_feat_delta = 0.342603\n"}
,{"stream_name":"stdout","time":2172.68971723,"data":"EDGE_TTA_ACTIVE views = 8 mean_abs_feat_delta = 0.279365\n"}
,{"stream_name":"stdout","time":2172.978032194,"data":"SECONDARY_EDGE_TTA_ACTIVE views = 8 weight = 0.75 mean_abs_feat_delta = 0.252106\n"}
,{"stream_name":"stdout","time":2173.685812855,"data":"SECONDARY_EDGE_TTA_ACTIVE views = 8 weight = 0.75 mean_abs_feat_delta = 0.211001\n"}
,{"stream_name":"stdout","time":2174.050126706,"data":"EDGE_TTA_ACTIVE views = 8 mean_abs_feat_delta = 0.341082\n"}
,{"stream_name":"stdout","time":2174.782110121,"data":"EDGE_TTA_ACTIVE views = 8 mean_abs_feat_delta = 0.282084\n"}
,{"stream_name":"stdout","time":2175.028347507,"data":"SECONDARY_EDGE_TTA_ACTIVE views = 8 weight = 0.75 mean_abs_feat_delta = 0.256297\n"}
,{"stream_name":"stdout","time":2175.782580153,"data":"SECONDARY_EDGE_TTA_ACTIVE views = 8 weight = 0.75 mean_abs_feat_delta = 0.212616\n"}
,{"stream_name":"stdout","time":2176.079823818,"data":"EDGE_TTA_ACTIVE views = 8 mean_abs_feat_delta = 0.342531\n"}
,{"stream_name":"stdout","time":2176.888265087,"data":"EDGE_TTA_ACTIVE views = 8 mean_abs_feat_delta = 0.283885\n"}
,{"stream_name":"stdout","time":2177.053645339,"data":"SECONDARY_EDGE_TTA_ACTIVE views = 8 weight = 0.75 mean_abs_feat_delta = 0.259811\n"}
,{"stream_name":"stdout","time":2177.884111824,"data":"SECONDARY_EDGE_TTA_ACTIVE views = 8 weight = 0.75 mean_abs_feat_delta = 0.21261\n"}
,{"stream_name":"stdout","time":2178.107703248,"data":"EDGE_TTA_ACTIVE views = 8 mean_abs_feat_delta = 0.338261\n"}
,{"stream_name":"stdout","time":2179.013994408,"data":"EDGE_TTA_ACTIVE views = 8 mean_abs_feat_delta = 0.284012\n"}
,{"stream_name":"stdout","time":2179.080295795,"data":"SECONDARY_EDGE_TTA_ACTIVE views = 8 weight = 0.75 mean_abs_feat_delta = 0.255512\n"}
,{"stream_name":"stdout","time":2180.010535549,"data":"SECONDARY_EDGE_TTA_ACTIVE views = 8 weight = 0.75 mean_abs_feat_delta = 0.212811\n"}
,{"stream_name":"stdout","time":2180.155220049,"data":"EDGE_TTA_ACTIVE views = 8 mean_abs_feat_delta = 0.331504\n"}
,{"stream_name":"stdout","time":2181.12901242,"data":"SECONDARY_EDGE_TTA_ACTIVE views = 8 weight = 0.75 mean_abs_feat_delta = 0.249417\n"}
,{"stream_name":"stdout","time":2181.152223992,"data":"EDGE_TTA_ACTIVE views = 8 mean_abs_feat_delta = 0.28661\n"}
,{"stream_name":"stdout","time":2182.147525481,"data":"SECONDARY_EDGE_TTA_ACTIVE views = 8 weight = 0.75 mean_abs_feat_delta = 0.215936\n"}
,{"stream_name":"stdout","time":2182.221682622,"data":"EDGE_TTA_ACTIVE views = 8 mean_abs_feat_delta = 0.331413\n"}
,{"stream_name":"stdout","time":2183.19618914,"data":"SECONDARY_EDGE_TTA_ACTIVE views = 8 weight = 0.75 mean_abs_feat_delta = 0.247742\n"}
,{"stream_name":"stdout","time":2183.269758307,"data":"EDGE_TTA_ACTIVE views = 8 mean_abs_feat_delta = 0.287228\n"}
,{"stream_name":"stdout","time":2184.266315126,"data":"SECONDARY_EDGE_TTA_ACTIVE views = 8 weight = 0.75 mean_abs_feat_delta = 0.218047\n"}
,{"stream_name":"stdout","time":2184.330650682,"data":"EDGE_TTA_ACTIVE views = 8 mean_abs_feat_delta = 0.329218\n"}
,{"stream_name":"stdout","time":2185.305828104,"data":"SECONDARY_EDGE_TTA_ACTIVE views = 8 weight = 0.75 mean_abs_feat_delta = 0.242204\n"}
,{"stream_name":"stdout","time":2185.391343638,"data":"EDGE_TTA_ACTIVE views = 8 mean_abs_feat_delta = 0.285405\n"}
,{"stream_name":"stdout","time":2186.390651711,"data":"SECONDARY_EDGE_TTA_ACTIVE views = 8 weight = 0.75 mean_abs_feat_delta = 0.215395\n"}
,{"stream_name":"stdout","time":2186.437755537,"data":"EDGE_TTA_ACTIVE views = 8 mean_abs_feat_delta = 0.328908\n"}
,{"stream_name":"stdout","time":2187.411303496,"data":"SECONDARY_EDGE_TTA_ACTIVE views = 8 weight = 0.75 mean_abs_feat_delta = 0.245859\n"}
,{"stream_name":"stdout","time":2187.538841442,"data":"EDGE_TTA_ACTIVE views = 8 mean_abs_feat_delta = 0.28492\n"}
,{"stream_name":"stdout","time":2188.462612737,"data":"EDGE_TTA_ACTIVE views = 8 mean_abs_feat_delta = 0.327794\n"}
,{"stream_name":"stdout","time":2188.538090426,"data":"SECONDARY_EDGE_TTA_ACTIVE views = 8 weight = 0.75 mean_abs_feat_delta = 0.212795\n"}
,{"stream_name":"stdout","time":2189.437816954,"data":"SECONDARY_EDGE_TTA_ACTIVE views = 8 weight = 0.75 mean_abs_feat_delta = 0.252442\n"}
,{"stream_name":"stdout","time":2189.652543767,"data":"EDGE_TTA_ACTIVE views = 8 mean_abs_feat_delta = 0.283264\n"}
,{"stream_name":"stdout","time":2190.507828513,"data":"EDGE_TTA_ACTIVE views = 8 mean_abs_feat_delta = 0.325619\n"}
,{"stream_name":"stdout","time":2190.647108899,"data":"SECONDARY_EDGE_TTA_ACTIVE views = 8 weight = 0.75 mean_abs_feat_delta = 0.216027\n"}
,{"stream_name":"stdout","time":2191.482098999,"data":"SECONDARY_EDGE_TTA_ACTIVE views = 8 weight = 0.75 mean_abs_feat_delta = 0.24958\n"}
,{"stream_name":"stdout","time":2191.756890339,"data":"EDGE_TTA_ACTIVE views = 8 mean_abs_feat_delta = 0.283715\n"}
,{"stream_name":"stdout","time":2192.693329786,"data":"EDGE_TTA_ACTIVE views = 8 mean_abs_feat_delta = 0.326224\n"}
,{"stream_name":"stdout","time":2192.753407744,"data":"SECONDARY_EDGE_TTA_ACTIVE views = 8 weight = 0.75 mean_abs_feat_delta = 0.216681\n"}
,{"stream_name":"stdout","time":2193.509656846,"data":"SECONDARY_EDGE_TTA_ACTIVE views = 8 weight = 0.75 mean_abs_feat_delta = 0.247268\n"}
,{"stream_name":"stdout","time":2193.857575273,"data":"EDGE_TTA_ACTIVE views = 8 mean_abs_feat_delta = 0.283294\n"}
,{"stream_name":"stdout","time":2194.581051389,"data":"EDGE_TTA_ACTIVE views = 8 mean_abs_feat_delta = 0.321245\n"}
,{"stream_name":"stdout","time":2194.854088009,"data":"SECONDARY_EDGE_TTA_ACTIVE views = 8 weight = 0.75 mean_abs_feat_delta = 0.219376\n"}
,{"stream_name":"stdout","time":2195.556516364,"data":"SECONDARY_EDGE_TTA_ACTIVE views = 8 weight = 0.75 mean_abs_feat_delta = 0.245553\n"}
,{"stream_name":"stdout","time":2195.987451133,"data":"EDGE_TTA_ACTIVE views = 8 mean_abs_feat_delta = 0.286449\n"}
,{"stream_name":"stdout","time":2196.607356676,"data":"EDGE_TTA_ACTIVE views = 8 mean_abs_feat_delta = 0.319781\n"}
,{"stream_name":"stdout","time":2196.986441902,"data":"SECONDARY_EDGE_TTA_ACTIVE views = 8 weight = 0.75 mean_abs_feat_delta = 0.218097\n"}
,{"stream_name":"stdout","time":2197.581994889,"data":"SECONDARY_EDGE_TTA_ACTIVE views = 8 weight = 0.75 mean_abs_feat_delta = 0.244675\n"}
,{"stream_name":"stdout","time":2198.112866899,"data":"EDGE_TTA_ACTIVE views = 8 mean_abs_feat_delta = 0.290051\n"}
,{"stream_name":"stdout","time":2198.673999607,"data":"EDGE_TTA_ACTIVE views = 8 mean_abs_feat_delta = 0.322829\n"}
,{"stream_name":"stdout","time":2199.109376254,"data":"SECONDARY_EDGE_TTA_ACTIVE views = 8 weight = 0.75 mean_abs_feat_delta = 0.217645\n"}
,{"stream_name":"stdout","time":2199.648062221,"data":"SECONDARY_EDGE_TTA_ACTIVE views = 8 weight = 0.75 mean_abs_feat_delta = 0.246191\n"}
,{"stream_name":"stdout","time":2200.226465431,"data":"EDGE_TTA_ACTIVE views = 8 mean_abs_feat_delta = 0.289497\n"}
,{"stream_name":"stdout","time":2200.69948335,"data":"EDGE_TTA_ACTIVE views = 8 mean_abs_feat_delta = 0.326443\n"}
,{"stream_name":"stdout","time":2201.225896009,"data":"SECONDARY_EDGE_TTA_ACTIVE views = 8 weight = 0.75 mean_abs_feat_delta = 0.217868\n"}
,{"stream_name":"stdout","time":2201.673394466,"data":"SECONDARY_EDGE_TTA_ACTIVE views = 8 weight = 0.75 mean_abs_feat_delta = 0.240071\n"}
,{"stream_name":"stdout","time":2202.33388481,"data":"EDGE_TTA_ACTIVE views = 8 mean_abs_feat_delta = 0.282987\n"}
,{"stream_name":"stdout","time":2202.726155842,"data":"EDGE_TTA_ACTIVE views = 8 mean_abs_feat_delta = 0.326852\n"}
,{"stream_name":"stdout","time":2203.330382496,"data":"SECONDARY_EDGE_TTA_ACTIVE views = 8 weight = 0.75 mean_abs_feat_delta = 0.23668\n"}
,{"stream_name":"stdout","time":2203.700038517,"data":"SECONDARY_EDGE_TTA_ACTIVE views = 8 weight = 0.75 mean_abs_feat_delta = 0.239234\n"}
,{"stream_name":"stdout","time":2204.441181595,"data":"EDGE_TTA_ACTIVE views = 8 mean_abs_feat_delta = 0.285694\n"}
,{"stream_name":"stdout","time":2204.751107245,"data":"EDGE_TTA_ACTIVE views = 8 mean_abs_feat_delta = 0.329914\n"}
,{"stream_name":"stdout","time":2205.439356353,"data":"SECONDARY_EDGE_TTA_ACTIVE views = 8 weight = 0.75 mean_abs_feat_delta = 0.216736\n"}
,{"stream_name":"stdout","time":2205.725916904,"data":"SECONDARY_EDGE_TTA_ACTIVE views = 8 weight = 0.75 mean_abs_feat_delta = 0.23907\n"}
,{"stream_name":"stdout","time":2206.552639233,"data":"EDGE_TTA_ACTIVE views = 8 mean_abs_feat_delta = 0.282414\n"}
,{"stream_name":"stdout","time":2206.776883156,"data":"EDGE_TTA_ACTIVE views = 8 mean_abs_feat_delta = 0.3332\n"}
,{"stream_name":"stdout","time":2207.551868897,"data":"SECONDARY_EDGE_TTA_ACTIVE views = 8 weight = 0.75 mean_abs_feat_delta = 0.223107\n"}
,{"stream_name":"stdout","time":2207.751410167,"data":"SECONDARY_EDGE_TTA_ACTIVE views = 8 weight = 0.75 mean_abs_feat_delta = 0.240973\n"}
,{"stream_name":"stdout","time":2208.669402658,"data":"EDGE_TTA_ACTIVE views = 8 mean_abs_feat_delta = 0.285759\n"}
,{"stream_name":"stdout","time":2208.80183849,"data":"EDGE_TTA_ACTIVE views = 8 mean_abs_feat_delta = 0.326396\n"}
,{"stream_name":"stdout","time":2209.667655289,"data":"SECONDARY_EDGE_TTA_ACTIVE views = 8 weight = 0.75 mean_abs_feat_delta = 0.217137\n"}
,{"stream_name":"stdout","time":2209.776218931,"data":"SECONDARY_EDGE_TTA_ACTIVE views = 8 weight = 0.75 mean_abs_feat_delta = 0.241149\n"}
,{"stream_name":"stdout","time":2210.778920287,"data":"EDGE_TTA_ACTIVE views = 8 mean_abs_feat_delta = 0.283365\n"}
,{"stream_name":"stdout","time":2210.867869679,"data":"EDGE_TTA_ACTIVE views = 8 mean_abs_feat_delta = 0.327676\n"}
,{"stream_name":"stdout","time":2211.776297483,"data":"SECONDARY_EDGE_TTA_ACTIVE views = 8 weight = 0.75 mean_abs_feat_delta = 0.213965\n"}
,{"stream_name":"stdout","time":2211.842774132,"data":"SECONDARY_EDGE_TTA_ACTIVE views = 8 weight = 0.75 mean_abs_feat_delta = 0.239348\n"}
,{"stream_name":"stdout","time":2212.916809429,"data":"EDGE_TTA_ACTIVE views = 8 mean_abs_feat_delta = 0.330541\n"}
,{"stream_name":"stdout","time":2212.923607944,"data":"EDGE_TTA_ACTIVE views = 8 mean_abs_feat_delta = 0.283423\n"}
,{"stream_name":"stdout","time":2213.891160981,"data":"SECONDARY_EDGE_TTA_ACTIVE views = 8 weight = 0.75 mean_abs_feat_delta = 0.242865\n"}
,{"stream_name":"stdout","time":2213.921626795,"data":"SECONDARY_EDGE_TTA_ACTIVE views = 8 weight = 0.75 mean_abs_feat_delta = 0.217877\n"}
,{"stream_name":"stdout","time":2214.942824787,"data":"EDGE_TTA_ACTIVE views = 8 mean_abs_feat_delta = 0.335217\n"}
,{"stream_name":"stdout","time":2215.060712238,"data":"EDGE_TTA_ACTIVE views = 8 mean_abs_feat_delta = 0.280705\n"}
,{"stream_name":"stdout","time":2215.919532056,"data":"SECONDARY_EDGE_TTA_ACTIVE views = 8 weight = 0.75 mean_abs_feat_delta = 0.240063\n"}
,{"stream_name":"stdout","time":2216.055915733,"data":"SECONDARY_EDGE_TTA_ACTIVE views = 8 weight = 0.75 mean_abs_feat_delta = 0.214735\n"}
,{"stream_name":"stdout","time":2216.972248115,"data":"EDGE_TTA_ACTIVE views = 8 mean_abs_feat_delta = 0.33513\n"}
,{"stream_name":"stdout","time":2217.160918881,"data":"EDGE_TTA_ACTIVE views = 8 mean_abs_feat_delta = 0.284385\n"}
,{"stream_name":"stdout","time":2217.946193948,"data":"SECONDARY_EDGE_TTA_ACTIVE views = 8 weight = 0.75 mean_abs_feat_delta = 0.240997\n"}
,{"stream_name":"stdout","time":2218.158704917,"data":"SECONDARY_EDGE_TTA_ACTIVE views = 8 weight = 0.75 mean_abs_feat_delta = 0.214595\n"}
,{"stream_name":"stdout","time":2219.001164948,"data":"EDGE_TTA_ACTIVE views = 8 mean_abs_feat_delta = 0.328111\n"}
,{"stream_name":"stdout","time":2219.260610476,"data":"EDGE_TTA_ACTIVE views = 8 mean_abs_feat_delta = 0.285391\n"}
,{"stream_name":"stdout","time":2219.976135727,"data":"SECONDARY_EDGE_TTA_ACTIVE views = 8 weight = 0.75 mean_abs_feat_delta = 0.238986\n"}
,{"stream_name":"stdout","time":2220.261096499,"data":"SECONDARY_EDGE_TTA_ACTIVE views = 8 weight = 0.75 mean_abs_feat_delta = 0.214519\n"}
,{"stream_name":"stdout","time":2221.030454949,"data":"EDGE_TTA_ACTIVE views = 8 mean_abs_feat_delta = 0.326627\n"}
,{"stream_name":"stdout","time":2221.361534269,"data":"EDGE_TTA_ACTIVE views = 8 mean_abs_feat_delta = 0.282606\n"}
,{"stream_name":"stdout","time":2222.00485067,"data":"SECONDARY_EDGE_TTA_ACTIVE views = 8 weight = 0.75 mean_abs_feat_delta = 0.235807\n"}
,{"stream_name":"stdout","time":2222.357870841,"data":"SECONDARY_EDGE_TTA_ACTIVE views = 8 weight = 0.75 mean_abs_feat_delta = 0.221862\n"}
,{"stream_name":"stdout","time":2223.219903574,"data":"EDGE_TTA_ACTIVE views = 8 mean_abs_feat_delta = 0.329018\n"}
,{"stream_name":"stdout","time":2223.466607307,"data":"EDGE_TTA_ACTIVE views = 8 mean_abs_feat_delta = 0.275618\n"}
,{"stream_name":"stdout","time":2224.034407446,"data":"SECONDARY_EDGE_TTA_ACTIVE views = 8 weight = 0.75 mean_abs_feat_delta = 0.235973\n"}
,{"stream_name":"stdout","time":2224.463553224,"data":"SECONDARY_EDGE_TTA_ACTIVE views = 8 weight = 0.75 mean_abs_feat_delta = 0.241752\n"}
,{"stream_name":"stdout","time":2225.090101746,"data":"EDGE_TTA_ACTIVE views = 8 mean_abs_feat_delta = 0.333443\n"}
,{"stream_name":"stdout","time":2225.575863581,"data":"EDGE_TTA_ACTIVE views = 8 mean_abs_feat_delta = 0.28438\n"}
,{"stream_name":"stdout","time":2226.063370446,"data":"SECONDARY_EDGE_TTA_ACTIVE views = 8 weight = 0.75 mean_abs_feat_delta = 0.23251\n"}
,{"stream_name":"stdout","time":2226.574758895,"data":"SECONDARY_EDGE_TTA_ACTIVE views = 8 weight = 0.75 mean_abs_feat_delta = 0.223141\n"}
,{"stream_name":"stdout","time":2227.118522443,"data":"EDGE_TTA_ACTIVE views = 8 mean_abs_feat_delta = 0.336707\n"}
,{"stream_name":"stdout","time":2227.688716677,"data":"EDGE_TTA_ACTIVE views = 8 mean_abs_feat_delta = 0.289699\n"}
,{"stream_name":"stdout","time":2228.09357641,"data":"SECONDARY_EDGE_TTA_ACTIVE views = 8 weight = 0.75 mean_abs_feat_delta = 0.23487\n"}
,{"stream_name":"stdout","time":2228.687141609,"data":"SECONDARY_EDGE_TTA_ACTIVE views = 8 weight = 0.75 mean_abs_feat_delta = 0.222445\n"}
,{"stream_name":"stdout","time":2229.184817522,"data":"EDGE_TTA_ACTIVE views = 8 mean_abs_feat_delta = 0.335779\n"}
,{"stream_name":"stdout","time":2229.787087674,"data":"EDGE_TTA_ACTIVE views = 8 mean_abs_feat_delta = 0.289712\n"}
,{"stream_name":"stdout","time":2230.163401211,"data":"SECONDARY_EDGE_TTA_ACTIVE views = 8 weight = 0.75 mean_abs_feat_delta = 0.236062\n"}
,{"stream_name":"stdout","time":2230.784458726,"data":"SECONDARY_EDGE_TTA_ACTIVE views = 8 weight = 0.75 mean_abs_feat_delta = 0.221178\n"}
,{"stream_name":"stdout","time":2231.23551897,"data":"EDGE_TTA_ACTIVE views = 8 mean_abs_feat_delta = 0.328211\n"}
,{"stream_name":"stdout","time":2231.89404796,"data":"EDGE_TTA_ACTIVE views = 8 mean_abs_feat_delta = 0.28685\n"}
,{"stream_name":"stdout","time":2232.209587616,"data":"SECONDARY_EDGE_TTA_ACTIVE views = 8 weight = 0.75 mean_abs_feat_delta = 0.236109\n"}
,{"stream_name":"stdout","time":2232.891118572,"data":"SECONDARY_EDGE_TTA_ACTIVE views = 8 weight = 0.75 mean_abs_feat_delta = 0.2276\n"}
,{"stream_name":"stdout","time":2233.283178024,"data":"EDGE_TTA_ACTIVE views = 8 mean_abs_feat_delta = 0.323615\n"}
,{"stream_name":"stdout","time":2233.997935567,"data":"EDGE_TTA_ACTIVE views = 8 mean_abs_feat_delta = 0.276535\n"}
,{"stream_name":"stdout","time":2234.257351514,"data":"SECONDARY_EDGE_TTA_ACTIVE views = 8 weight = 0.75 mean_abs_feat_delta = 0.237271\n"}
,{"stream_name":"stdout","time":2234.997439326,"data":"SECONDARY_EDGE_TTA_ACTIVE views = 8 weight = 0.75 mean_abs_feat_delta = 0.249655\n"}
,{"stream_name":"stdout","time":2235.369708337,"data":"EDGE_TTA_ACTIVE views = 8 mean_abs_feat_delta = 0.324693\n"}
,{"stream_name":"stdout","time":2236.106641992,"data":"EDGE_TTA_ACTIVE views = 8 mean_abs_feat_delta = 0.287692\n"}
,{"stream_name":"stdout","time":2236.345547841,"data":"SECONDARY_EDGE_TTA_ACTIVE views = 8 weight = 0.75 mean_abs_feat_delta = 0.238368\n"}
,{"stream_name":"stdout","time":2237.105369063,"data":"SECONDARY_EDGE_TTA_ACTIVE views = 8 weight = 0.75 mean_abs_feat_delta = 0.222273\n"}
,{"stream_name":"stdout","time":2237.45586743,"data":"EDGE_TTA_ACTIVE views = 8 mean_abs_feat_delta = 0.32651\n"}
,{"stream_name":"stdout","time":2238.240661697,"data":"EDGE_TTA_ACTIVE views = 8 mean_abs_feat_delta = 0.280114\n"}
,{"stream_name":"stdout","time":2238.433033886,"data":"SECONDARY_EDGE_TTA_ACTIVE views = 8 weight = 0.75 mean_abs_feat_delta = 0.238582\n"}
,{"stream_name":"stdout","time":2239.239637124,"data":"SECONDARY_EDGE_TTA_ACTIVE views = 8 weight = 0.75 mean_abs_feat_delta = 0.238191\n"}
,{"stream_name":"stdout","time":2239.484665699,"data":"EDGE_TTA_ACTIVE views = 8 mean_abs_feat_delta = 0.328408\n"}
,{"stream_name":"stdout","time":2240.339653612,"data":"EDGE_TTA_ACTIVE views = 8 mean_abs_feat_delta = 0.287119\n"}
,{"stream_name":"stdout","time":2240.458308335,"data":"SECONDARY_EDGE_TTA_ACTIVE views = 8 weight = 0.75 mean_abs_feat_delta = 0.239577\n"}
,{"stream_name":"stdout","time":2241.336641601,"data":"SECONDARY_EDGE_TTA_ACTIVE views = 8 weight = 0.75 mean_abs_feat_delta = 0.222817\n"}
,{"stream_name":"stdout","time":2241.512067727,"data":"EDGE_TTA_ACTIVE views = 8 mean_abs_feat_delta = 0.328975\n"}
,{"stream_name":"stdout","time":2242.468336959,"data":"EDGE_TTA_ACTIVE views = 8 mean_abs_feat_delta = 0.282418\n"}
,{"stream_name":"stdout","time":2242.485331515,"data":"SECONDARY_EDGE_TTA_ACTIVE views = 8 weight = 0.75 mean_abs_feat_delta = 0.236484\n"}
,{"stream_name":"stdout","time":2243.468605624,"data":"SECONDARY_EDGE_TTA_ACTIVE views = 8 weight = 0.75 mean_abs_feat_delta = 0.228649\n"}
,{"stream_name":"stdout","time":2243.536987014,"data":"EDGE_TTA_ACTIVE views = 8 mean_abs_feat_delta = 0.329898\n"}
,{"stream_name":"stdout","time":2244.512637507,"data":"SECONDARY_EDGE_TTA_ACTIVE views = 8 weight = 0.75 mean_abs_feat_delta = 0.237993\n"}
,{"stream_name":"stdout","time":2244.646686447,"data":"EDGE_TTA_ACTIVE views = 8 mean_abs_feat_delta = 0.275023\n"}
,{"stream_name":"stdout","time":2245.553239497,"data":"EDGE_TTA_ACTIVE views = 8 mean_abs_feat_delta = 0.327894\n"}
,{"stream_name":"stdout","time":2245.648368892,"data":"SECONDARY_EDGE_TTA_ACTIVE views = 8 weight = 0.75 mean_abs_feat_delta = 0.244711\n"}
,{"stream_name":"stdout","time":2246.536947095,"data":"SECONDARY_EDGE_TTA_ACTIVE views = 8 weight = 0.75 mean_abs_feat_delta = 0.237807\n"}
,{"stream_name":"stdout","time":2246.791144885,"data":"EDGE_TTA_ACTIVE views = 8 mean_abs_feat_delta = 0.279236\n"}
,{"stream_name":"stdout","time":2247.588325993,"data":"EDGE_TTA_ACTIVE views = 8 mean_abs_feat_delta = 0.327075\n"}
,{"stream_name":"stdout","time":2247.792356086,"data":"SECONDARY_EDGE_TTA_ACTIVE views = 8 weight = 0.75 mean_abs_feat_delta = 0.224498\n"}
,{"stream_name":"stdout","time":2248.565174383,"data":"SECONDARY_EDGE_TTA_ACTIVE views = 8 weight = 0.75 mean_abs_feat_delta = 0.23964\n"}
,{"stream_name":"stdout","time":2248.890984652,"data":"EDGE_TTA_ACTIVE views = 8 mean_abs_feat_delta = 0.280951\n"}
,{"stream_name":"stdout","time":2249.638143403,"data":"EDGE_TTA_ACTIVE views = 8 mean_abs_feat_delta = 0.325235\n"}
,{"stream_name":"stdout","time":2249.892209939,"data":"SECONDARY_EDGE_TTA_ACTIVE views = 8 weight = 0.75 mean_abs_feat_delta = 0.222975\n"}
,{"stream_name":"stdout","time":2250.612504183,"data":"SECONDARY_EDGE_TTA_ACTIVE views = 8 weight = 0.75 mean_abs_feat_delta = 0.238017\n"}
,{"stream_name":"stdout","time":2251.003930496,"data":"EDGE_TTA_ACTIVE views = 8 mean_abs_feat_delta = 0.282683\n"}
,{"stream_name":"stdout","time":2251.665155775,"data":"EDGE_TTA_ACTIVE views = 8 mean_abs_feat_delta = 0.322041\n"}
,{"stream_name":"stdout","time":2252.001281314,"data":"SECONDARY_EDGE_TTA_ACTIVE views = 8 weight = 0.75 mean_abs_feat_delta = 0.216934\n"}
,{"stream_name":"stdout","time":2252.638949887,"data":"SECONDARY_EDGE_TTA_ACTIVE views = 8 weight = 0.75 mean_abs_feat_delta = 0.238274\n"}
,{"stream_name":"stdout","time":2253.133587203,"data":"EDGE_TTA_ACTIVE views = 8 mean_abs_feat_delta = 0.279078\n"}
,{"stream_name":"stdout","time":2253.854641842,"data":"EDGE_TTA_ACTIVE views = 8 mean_abs_feat_delta = 0.322646\n"}
,{"stream_name":"stdout","time":2254.134722389,"data":"SECONDARY_EDGE_TTA_ACTIVE views = 8 weight = 0.75 mean_abs_feat_delta = 0.233215\n"}
,{"stream_name":"stdout","time":2254.664929923,"data":"SECONDARY_EDGE_TTA_ACTIVE views = 8 weight = 0.75 mean_abs_feat_delta = 0.237859\n"}
,{"stream_name":"stdout","time":2255.254630286,"data":"EDGE_TTA_ACTIVE views = 8 mean_abs_feat_delta = 0.283394\n"}
,{"stream_name":"stdout","time":2255.715016431,"data":"EDGE_TTA_ACTIVE views = 8 mean_abs_feat_delta = 0.321154\n"}
,{"stream_name":"stdout","time":2256.25492558,"data":"SECONDARY_EDGE_TTA_ACTIVE views = 8 weight = 0.75 mean_abs_feat_delta = 0.22335\n"}
,{"stream_name":"stdout","time":2256.691705579,"data":"SECONDARY_EDGE_TTA_ACTIVE views = 8 weight = 0.75 mean_abs_feat_delta = 0.240778\n"}
,{"stream_name":"stdout","time":2257.365394635,"data":"EDGE_TTA_ACTIVE views = 8 mean_abs_feat_delta = 0.281801\n"}
,{"stream_name":"stdout","time":2257.742511865,"data":"EDGE_TTA_ACTIVE views = 8 mean_abs_feat_delta = 0.323674\n"}
,{"stream_name":"stdout","time":2258.365513207,"data":"SECONDARY_EDGE_TTA_ACTIVE views = 8 weight = 0.75 mean_abs_feat_delta = 0.223991\n"}
,{"stream_name":"stdout","time":2258.71615711,"data":"SECONDARY_EDGE_TTA_ACTIVE views = 8 weight = 0.75 mean_abs_feat_delta = 0.237089\n"}
,{"stream_name":"stdout","time":2259.472537762,"data":"EDGE_TTA_ACTIVE views = 8 mean_abs_feat_delta = 0.283172\n"}
,{"stream_name":"stdout","time":2259.766430313,"data":"EDGE_TTA_ACTIVE views = 8 mean_abs_feat_delta = 0.323378\n"}
,{"stream_name":"stdout","time":2260.475422942,"data":"SECONDARY_EDGE_TTA_ACTIVE views = 8 weight = 0.75 mean_abs_feat_delta = 0.226702\n"}
,{"stream_name":"stdout","time":2260.742899916,"data":"SECONDARY_EDGE_TTA_ACTIVE views = 8 weight = 0.75 mean_abs_feat_delta = 0.235941\n"}
,{"stream_name":"stdout","time":2261.578013751,"data":"EDGE_TTA_ACTIVE views = 8 mean_abs_feat_delta = 0.281577\n"}
,{"stream_name":"stdout","time":2261.793819189,"data":"EDGE_TTA_ACTIVE views = 8 mean_abs_feat_delta = 0.321629\n"}
,{"stream_name":"stdout","time":2262.580693018,"data":"SECONDARY_EDGE_TTA_ACTIVE views = 8 weight = 0.75 mean_abs_feat_delta = 0.212977\n"}
,{"stream_name":"stdout","time":2262.770494693,"data":"SECONDARY_EDGE_TTA_ACTIVE views = 8 weight = 0.75 mean_abs_feat_delta = 0.235451\n"}
,{"stream_name":"stdout","time":2263.712287435,"data":"EDGE_TTA_ACTIVE views = 8 mean_abs_feat_delta = 0.286587\n"}
,{"stream_name":"stdout","time":2263.820041064,"data":"EDGE_TTA_ACTIVE views = 8 mean_abs_feat_delta = 0.318921\n"}
,{"stream_name":"stdout","time":2264.713234642,"data":"SECONDARY_EDGE_TTA_ACTIVE views = 8 weight = 0.75 mean_abs_feat_delta = 0.21183\n"}
,{"stream_name":"stdout","time":2264.79825215,"data":"SECONDARY_EDGE_TTA_ACTIVE views = 8 weight = 0.75 mean_abs_feat_delta = 0.232827\n"}
,{"stream_name":"stdout","time":2265.813005481,"data":"EDGE_TTA_ACTIVE views = 8 mean_abs_feat_delta = 0.290972\n"}
,{"stream_name":"stdout","time":2265.851069841,"data":"EDGE_TTA_ACTIVE views = 8 mean_abs_feat_delta = 0.320734\n"}
,{"stream_name":"stdout","time":2266.814906864,"data":"SECONDARY_EDGE_TTA_ACTIVE views = 8 weight = 0.75 mean_abs_feat_delta = 0.224569\n"}
,{"stream_name":"stdout","time":2266.825860799,"data":"SECONDARY_EDGE_TTA_ACTIVE views = 8 weight = 0.75 mean_abs_feat_delta = 0.235531\n"}
,{"stream_name":"stdout","time":2267.899226867,"data":"EDGE_TTA_ACTIVE views = 8 mean_abs_feat_delta = 0.323839\n"}
,{"stream_name":"stdout","time":2267.914245176,"data":"EDGE_TTA_ACTIVE views = 8 mean_abs_feat_delta = 0.288332\n"}
,{"stream_name":"stdout","time":2268.873857003,"data":"SECONDARY_EDGE_TTA_ACTIVE views = 8 weight = 0.75 mean_abs_feat_delta = 0.232285\n"}
,{"stream_name":"stdout","time":2268.918193266,"data":"SECONDARY_EDGE_TTA_ACTIVE views = 8 weight = 0.75 mean_abs_feat_delta = 0.225751\n"}
,{"stream_name":"stdout","time":2269.946646396,"data":"EDGE_TTA_ACTIVE views = 8 mean_abs_feat_delta = 0.322788\n"}
,{"stream_name":"stdout","time":2270.060206223,"data":"EDGE_TTA_ACTIVE views = 8 mean_abs_feat_delta = 0.29016\n"}
,{"stream_name":"stdout","time":2270.922838851,"data":"SECONDARY_EDGE_TTA_ACTIVE views = 8 weight = 0.75 mean_abs_feat_delta = 0.230336\n"}
,{"stream_name":"stdout","time":2271.06477143,"data":"SECONDARY_EDGE_TTA_ACTIVE views = 8 weight = 0.75 mean_abs_feat_delta = 0.228961\n"}
,{"stream_name":"stdout","time":2272.013873629,"data":"EDGE_TTA_ACTIVE views = 8 mean_abs_feat_delta = 0.32248\n"}
,{"stream_name":"stdout","time":2272.177876791,"data":"EDGE_TTA_ACTIVE views = 8 mean_abs_feat_delta = 0.292393\n"}
,{"stream_name":"stdout","time":2272.989233692,"data":"SECONDARY_EDGE_TTA_ACTIVE views = 8 weight = 0.75 mean_abs_feat_delta = 0.230028\n"}
,{"stream_name":"stdout","time":2273.180748097,"data":"SECONDARY_EDGE_TTA_ACTIVE views = 8 weight = 0.75 mean_abs_feat_delta = 0.223144\n"}
,{"stream_name":"stdout","time":2274.040398093,"data":"EDGE_TTA_ACTIVE views = 8 mean_abs_feat_delta = 0.319289\n"}
,{"stream_name":"stdout","time":2274.316144335,"data":"EDGE_TTA_ACTIVE views = 8 mean_abs_feat_delta = 0.284525\n"}
,{"stream_name":"stdout","time":2275.015865394,"data":"SECONDARY_EDGE_TTA_ACTIVE views = 8 weight = 0.75 mean_abs_feat_delta = 0.22852\n"}
,{"stream_name":"stdout","time":2275.320417074,"data":"SECONDARY_EDGE_TTA_ACTIVE views = 8 weight = 0.75 mean_abs_feat_delta = 0.24042\n"}
,{"stream_name":"stdout","time":2276.110386204,"data":"EDGE_TTA_ACTIVE views = 8 mean_abs_feat_delta = 0.321281\n"}
,{"stream_name":"stdout","time":2277.086753893,"data":"SECONDARY_EDGE_TTA_ACTIVE views = 8 weight = 0.75 mean_abs_feat_delta = 0.229654\n"}
,{"stream_name":"stdout","time":2278.178516793,"data":"EDGE_TTA_ACTIVE views = 8 mean_abs_feat_delta = 0.320096\n"}
,{"stream_name":"stdout","time":2279.151023423,"data":"SECONDARY_EDGE_TTA_ACTIVE views = 8 weight = 0.75 mean_abs_feat_delta = 0.233875\n"}
,{"stream_name":"stdout","time":2280.263899725,"data":"EDGE_TTA_ACTIVE views = 8 mean_abs_feat_delta = 0.322533\n"}
,{"stream_name":"stdout","time":2281.239120872,"data":"SECONDARY_EDGE_TTA_ACTIVE views = 8 weight = 0.75 mean_abs_feat_delta = 0.236398\n"}
,{"stream_name":"stdout","time":2282.333091754,"data":"EDGE_TTA_ACTIVE views = 8 mean_abs_feat_delta = 0.324871\n"}
,{"stream_name":"stdout","time":2283.308331951,"data":"SECONDARY_EDGE_TTA_ACTIVE views = 8 weight = 0.75 mean_abs_feat_delta = 0.231312\n"}
,{"stream_name":"stdout","time":2284.669298563,"data":"EDGE_TTA_ACTIVE views = 8 mean_abs_feat_delta = 0.322556\n"}
,{"stream_name":"stdout","time":2285.378053217,"data":"SECONDARY_EDGE_TTA_ACTIVE views = 8 weight = 0.75 mean_abs_feat_delta = 0.231049\n"}
,{"stream_name":"stdout","time":2286.491471851,"data":"EDGE_TTA_ACTIVE views = 8 mean_abs_feat_delta = 0.320114\n"}
,{"stream_name":"stdout","time":2287.46685646,"data":"SECONDARY_EDGE_TTA_ACTIVE views = 8 weight = 0.75 mean_abs_feat_delta = 0.231387\n"}
,{"stream_name":"stdout","time":2288.573303516,"data":"EDGE_TTA_ACTIVE views = 8 mean_abs_feat_delta = 0.318514\n"}
,{"stream_name":"stdout","time":2289.555869454,"data":"SECONDARY_EDGE_TTA_ACTIVE views = 8 weight = 0.75 mean_abs_feat_delta = 0.228925\n"}
,{"stream_name":"stdout","time":2290.631625558,"data":"EDGE_TTA_ACTIVE views = 8 mean_abs_feat_delta = 0.322403\n"}
,{"stream_name":"stdout","time":2291.605955741,"data":"SECONDARY_EDGE_TTA_ACTIVE views = 8 weight = 0.75 mean_abs_feat_delta = 0.233001\n"}
,{"stream_name":"stdout","time":2292.659515321,"data":"EDGE_TTA_ACTIVE views = 8 mean_abs_feat_delta = 0.320312\n"}
,{"stream_name":"stdout","time":2293.634447307,"data":"SECONDARY_EDGE_TTA_ACTIVE views = 8 weight = 0.75 mean_abs_feat_delta = 0.231556\n"}
,{"stream_name":"stdout","time":2294.687727199,"data":"EDGE_TTA_ACTIVE views = 8 mean_abs_feat_delta = 0.324015\n"}
,{"stream_name":"stdout","time":2295.663523532,"data":"SECONDARY_EDGE_TTA_ACTIVE views = 8 weight = 0.75 mean_abs_feat_delta = 0.231264\n"}
,{"stream_name":"stdout","time":2296.717027654,"data":"EDGE_TTA_ACTIVE views = 8 mean_abs_feat_delta = 0.326506\n"}
,{"stream_name":"stdout","time":2297.693092361,"data":"SECONDARY_EDGE_TTA_ACTIVE views = 8 weight = 0.75 mean_abs_feat_delta = 0.229436\n"}
,{"stream_name":"stdout","time":2298.803233004,"data":"EDGE_TTA_ACTIVE views = 8 mean_abs_feat_delta = 0.326088\n"}
,{"stream_name":"stdout","time":2299.782466005,"data":"SECONDARY_EDGE_TTA_ACTIVE views = 8 weight = 0.75 mean_abs_feat_delta = 0.229138\n"}
,{"stream_name":"stdout","time":2300.818848181,"data":"EDGE_TTA_ACTIVE views = 8 mean_abs_feat_delta = 0.325667\n"}
,{"stream_name":"stdout","time":2301.793803187,"data":"SECONDARY_EDGE_TTA_ACTIVE views = 8 weight = 0.75 mean_abs_feat_delta = 0.22983\n"}
,{"stream_name":"stdout","time":2302.845812805,"data":"EDGE_TTA_ACTIVE views = 8 mean_abs_feat_delta = 0.328685\n"}
,{"stream_name":"stdout","time":2303.774120049,"data":"Saved 4 predictions to /kaggle/working/tracking_repo/predictions/unknown/unet_transformer_val_gpu1/split_0\n"}
,{"stream_name":"stdout","time":2303.821745527,"data":"SECONDARY_EDGE_TTA_ACTIVE views = 8 weight = 0.75 mean_abs_feat_delta = 0.230204\n"}
,{"stream_name":"stdout","time":2304.916473835,"data":"EDGE_TTA_ACTIVE views = 8 mean_abs_feat_delta = 0.327838\n"}
,{"stream_name":"stdout","time":2305.890111684,"data":"SECONDARY_EDGE_TTA_ACTIVE views = 8 weight = 0.75 mean_abs_feat_delta = 0.230942\n"}
,{"stream_name":"stdout","time":2306.943301776,"data":"EDGE_TTA_ACTIVE views = 8 mean_abs_feat_delta = 0.330718\n"}
,{"stream_name":"stdout","time":2307.917646131,"data":"SECONDARY_EDGE_TTA_ACTIVE views = 8 weight = 0.75 mean_abs_feat_delta = 0.226047\n"}
,{"stream_name":"stdout","time":2314.095018684,"data":"Saved 4 predictions to /kaggle/working/tracking_repo/predictions/unknown/unet_transformer_val_gpu0/split_0\n"}
,{"stream_name":"stdout","time":2316.638645098,"data":"VALIDATOR prediction minutes: 15.35\n"}
,{"stream_name":"stdout","time":2321.441615232,"data":"[44b6_12dfb391] after edge-filter+motion-relink: 45351 nodes, 42870 edges\n"}
,{"stream_name":"stdout","time":2334.550822312,"data":"[44b6_12dfb391] after gap-closing (single-frame + gap2): 46068 nodes, 44229 edges\n"}
,{"stream_name":"stdout","time":2361.05538266,"data":"[44b6_12dfb391] after safe-division repair: 46068 nodes, 44261 edges (geometric_candidates = 175, deepcenter_rejected = 143, post_veto_candidates = 32, added = 32, cap_skipped = 0, mutual_nn_rejected = 67, divergence_rejected = 1699)\n"}
,{"stream_name":"stdout","time":2361.055419533,"data":"[44b6_12dfb391] after division-geometry-filter+prune-isolated: 46068 nodes, 44261 edges\n"}
,{"stream_name":"stdout","time":2361.05542706,"data":"[44b6_12dfb391] after short-track filtering: 44814 nodes, 43289 edges (components_removed = 282)\n"}
,{"stream_name":"stdout","time":2369.573255922,"data":"[44b6_12dfb391] FINAL: 44814 nodes, 43289 edges\n"}
,{"stream_name":"stdout","time":2369.90691021,"data":"[44b6_267148e4] after edge-filter+motion-relink: 22829 nodes, 21426 edges\n"}
,{"stream_name":"stdout","time":2383.847679786,"data":"[44b6_267148e4] after gap-closing (single-frame + gap2): 23106 nodes, 21927 edges\n"}
,{"stream_name":"stdout","time":2409.062895356,"data":"[44b6_267148e4] after safe-division repair: 23106 nodes, 21957 edges (geometric_candidates = 224, deepcenter_rejected = 185, post_veto_candidates = 39, added = 30, cap_skipped = 0, mutual_nn_rejected = 127, divergence_rejected = 1038)\n"}
,{"stream_name":"stdout","time":2409.062936281,"data":"[44b6_267148e4] after division-geometry-filter+prune-isolated: 23105 nodes, 21957 edges\n"}
,{"stream_name":"stdout","time":2409.062944586,"data":"[44b6_267148e4] after short-track filtering: 22305 nodes, 21335 edges (components_removed = 178)\n"}
,{"stream_name":"stdout","time":2413.207944087,"data":"[44b6_267148e4] FINAL: 22305 nodes, 21335 edges\n"}
,{"stream_name":"stdout","time":2413.603909007,"data":"[44b6_2a2eff9f] after edge-filter+motion-relink: 40928 nodes, 38160 edges\n"}
,{"stream_name":"stdout","time":2429.168245645,"data":"[44b6_2a2eff9f] after gap-closing (single-frame + gap2): 41547 nodes, 39318 edges\n"}
,{"stream_name":"stdout","time":2459.617015657,"data":"[44b6_2a2eff9f] after safe-division repair: 41547 nodes, 39362 edges (geometric_candidates = 345, deepcenter_rejected = 301, post_veto_candidates = 44, added = 44, cap_skipped = 0, mutual_nn_rejected = 84, divergence_rejected = 1869)\n"}
,{"stream_name":"stdout","time":2459.617049828,"data":"[44b6_2a2eff9f] after division-geometry-filter+prune-isolated: 41547 nodes, 39362 edges\n"}
,{"stream_name":"stdout","time":2459.617056222,"data":"[44b6_2a2eff9f] after short-track filtering: 39951 nodes, 38122 edges (components_removed = 356)\n"}
,{"stream_name":"stdout","time":2467.109884716,"data":"[44b6_2a2eff9f] FINAL: 39951 nodes, 38122 edges\n"}
,{"stream_name":"stdout","time":2467.3103423,"data":"[44b6_341df25f] after edge-filter+motion-relink: 8523 nodes, 8186 edges\n"}
,{"stream_name":"stdout","time":2469.495488045,"data":"[44b6_341df25f] after gap-closing (single-frame + gap2): 8576 nodes, 8277 edges\n"}
,{"stream_name":"stdout","time":2480.205903424,"data":"[44b6_341df25f] after safe-division repair: 8576 nodes, 8289 edges (geometric_candidates = 41, deepcenter_rejected = 27, post_veto_candidates = 14, added = 12, cap_skipped = 0, mutual_nn_rejected = 4, divergence_rejected = 155)\n"}
,{"stream_name":"stdout","time":2480.205951928,"data":"[44b6_341df25f] after division-geometry-filter+prune-isolated: 8576 nodes, 8289 edges\n"}
,{"stream_name":"stdout","time":2480.205971927,"data":"[44b6_341df25f] after short-track filtering: 8382 nodes, 8138 edges (components_removed = 43)\n"}
,{"stream_name":"stdout","time":2482.000705119,"data":"[44b6_341df25f] FINAL: 8382 nodes, 8138 edges\n"}
,{"stream_name":"stdout","time":2482.000745841,"data":"[6bba_062c8d37] after edge-filter+motion-relink: 5997 nodes, 5657 edges\n"}
,{"stream_name":"stdout","time":2483.180097195,"data":"[6bba_062c8d37] after gap-closing (single-frame + gap2): 6050 nodes, 5755 edges\n"}
,{"stream_name":"stdout","time":2487.833817281,"data":"[6bba_062c8d37] after safe-division repair: 6050 nodes, 5761 edges (geometric_candidates = 19, deepcenter_rejected = 12, post_veto_candidates = 7, added = 6, cap_skipped = 0, mutual_nn_rejected = 2, divergence_rejected = 53)\n"}
,{"stream_name":"stdout","time":2487.833861284,"data":"[6bba_062c8d37] after division-geometry-filter+prune-isolated: 6029 nodes, 5761 edges\n"}
,{"stream_name":"stdout","time":2487.833865718,"data":"[6bba_062c8d37] after short-track filtering: 5901 nodes, 5663 edges (components_removed = 30)\n"}
,{"stream_name":"stdout","time":2488.984901074,"data":"[6bba_062c8d37] FINAL: 5901 nodes, 5663 edges\n"}
,{"stream_name":"stdout","time":2489.214453822,"data":"[6bba_07e24132] after edge-filter+motion-relink: 29751 nodes, 27967 edges\n"}
,{"stream_name":"stdout","time":2504.344866121,"data":"[6bba_07e24132] after gap-closing (single-frame + gap2): 30150 nodes, 28702 edges\n"}
,{"stream_name":"stdout","time":2523.889111459,"data":"[6bba_07e24132] after safe-division repair: 30150 nodes, 28712 edges (geometric_candidates = 130, deepcenter_rejected = 120, post_veto_candidates = 10, added = 10, cap_skipped = 0, mutual_nn_rejected = 98, divergence_rejected = 1196)\n"}
,{"stream_name":"stdout","time":2523.889159688,"data":"[6bba_07e24132] after division-geometry-filter+prune-isolated: 30150 nodes, 28712 edges\n"}
,{"stream_name":"stdout","time":2523.889164313,"data":"[6bba_07e24132] after short-track filtering: 29061 nodes, 27866 edges (components_removed = 243)\n"}
,{"stream_name":"stdout","time":2529.548260799,"data":"[6bba_07e24132] FINAL: 29061 nodes, 27866 edges\n"}
,{"stream_name":"stdout","time":2529.848395965,"data":"[6bba_085bf656] after edge-filter+motion-relink: 8417 nodes, 8082 edges\n"}
,{"stream_name":"stdout","time":2530.828428207,"data":"[6bba_085bf656] after gap-closing (single-frame + gap2): 8437 nodes, 8119 edges\n"}
,{"stream_name":"stdout","time":2536.845465567,"data":"[6bba_085bf656] after safe-division repair: 8437 nodes, 8123 edges (geometric_candidates = 22, deepcenter_rejected = 18, post_veto_candidates = 4, added = 4, cap_skipped = 0, mutual_nn_rejected = 4, divergence_rejected = 106)\n"}
,{"stream_name":"stdout","time":2536.845501877,"data":"[6bba_085bf656] after division-geometry-filter+prune-isolated: 8434 nodes, 8123 edges\n"}
,{"stream_name":"stdout","time":2536.845509722,"data":"[6bba_085bf656] after short-track filtering: 8271 nodes, 7995 edges (components_removed = 35)\n"}
,{"stream_name":"stdout","time":2538.349807046,"data":"[6bba_085bf656] FINAL: 8271 nodes, 7995 edges\n"}
,{"stream_name":"stdout","time":2538.605210389,"data":"[6bba_09961292] after edge-filter+motion-relink: 29955 nodes, 28653 edges\n"}
,{"stream_name":"stdout","time":2548.970956351,"data":"[6bba_09961292] after gap-closing (single-frame + gap2): 30229 nodes, 29156 edges\n"}
,{"stream_name":"stdout","time":2564.547793221,"data":"[6bba_09961292] after safe-division repair: 30229 nodes, 29186 edges (geometric_candidates = 125, deepcenter_rejected = 89, post_veto_candidates = 36, added = 30, cap_skipped = 0, mutual_nn_rejected = 95, divergence_rejected = 1112)\n"}
,{"stream_name":"stdout","time":2564.547838917,"data":"[6bba_09961292] after division-geometry-filter+prune-isolated: 30229 nodes, 29186 edges\n"}
,{"stream_name":"stdout","time":2564.547845091,"data":"[6bba_09961292] after short-track filtering: 29659 nodes, 28746 edges (components_removed = 130)\n"}
,{"stream_name":"stdout","time":2570.307056973,"data":"[6bba_09961292] FINAL: 29659 nodes, 28746 edges\n"}
,{"stream_name":"stdout","time":2570.307089757,"data":"VALIDATOR base proxy: 0.971506\n"}
,{"stream_name":"stdout","time":2570.307096274,"data":"VALIDATOR base adjusted edge: 0.940737\n"}
,{"stream_name":"stdout","time":2570.713070298,"data":"[44b6_12dfb391] after edge-filter+motion-relink: 45351 nodes, 42870 edges\n"}
,{"stream_name":"stdout","time":2580.181596341,"data":"[44b6_12dfb391] after gap-closing (single-frame + gap2): 46059 nodes, 44211 edges\n"}
,{"stream_name":"stdout","time":2606.325763648,"data":"[44b6_12dfb391] after safe-division repair: 46059 nodes, 44243 edges (geometric_candidates = 176, deepcenter_rejected = 144, post_veto_candidates = 32, added = 32, cap_skipped = 0, mutual_nn_rejected = 68, divergence_rejected = 1712)\n"}
,{"stream_name":"stdout","time":2606.32583327,"data":"[44b6_12dfb391] after division-geometry-filter+prune-isolated: 46059 nodes, 44243 edges\n"}
,{"stream_name":"stdout","time":2606.325844801,"data":"[44b6_12dfb391] after short-track filtering: 44791 nodes, 43260 edges (components_removed = 285)\n"}
,{"stream_name":"stdout","time":2615.003085623,"data":"[44b6_12dfb391] FINAL: 44791 nodes, 43260 edges\n"}
,{"stream_name":"stdout","time":2615.327046507,"data":"[44b6_267148e4] after edge-filter+motion-relink: 22829 nodes, 21426 edges\n"}
,{"stream_name":"stdout","time":2623.020280184,"data":"[44b6_267148e4] after gap-closing (single-frame + gap2): 23097 nodes, 21909 edges\n"}
,{"stream_name":"stdout","time":2648.625840454,"data":"[44b6_267148e4] after safe-division repair: 23097 nodes, 21939 edges (geometric_candidates = 223, deepcenter_rejected = 185, post_veto_candidates = 38, added = 30, cap_skipped = 0, mutual_nn_rejected = 129, divergence_rejected = 1049)\n"}
,{"stream_name":"stdout","time":2648.625878197,"data":"[44b6_267148e4] after division-geometry-filter+prune-isolated: 23096 nodes, 21939 edges\n"}
,{"stream_name":"stdout","time":2648.62588383,"data":"[44b6_267148e4] after short-track filtering: 22283 nodes, 21307 edges (components_removed = 181)\n"}
,{"stream_name":"stdout","time":2652.864834132,"data":"[44b6_267148e4] FINAL: 22283 nodes, 21307 edges\n"}
,{"stream_name":"stdout","time":2653.254924799,"data":"[44b6_2a2eff9f] after edge-filter+motion-relink: 40928 nodes, 38160 edges\n"}
,{"stream_name":"stdout","time":2663.762955283,"data":"[44b6_2a2eff9f] after gap-closing (single-frame + gap2): 41534 nodes, 39292 edges\n"}
,{"stream_name":"stdout","time":2694.068841878,"data":"[44b6_2a2eff9f] after safe-division repair: 41534 nodes, 39337 edges (geometric_candidates = 348, deepcenter_rejected = 303, post_veto_candidates = 45, added = 45, cap_skipped = 0, mutual_nn_rejected = 84, divergence_rejected = 1887)\n"}
,{"stream_name":"stdout","time":2694.06890553,"data":"[44b6_2a2eff9f] after division-geometry-filter+prune-isolated: 41534 nodes, 39337 edges\n"}
,{"stream_name":"stdout","time":2694.068913757,"data":"[44b6_2a2eff9f] after short-track filtering: 39909 nodes, 38075 edges (components_removed = 363)\n"}
,{"stream_name":"stdout","time":2701.879225913,"data":"[44b6_2a2eff9f] FINAL: 39909 nodes, 38075 edges\n"}
,{"stream_name":"stdout","time":2702.193707881,"data":"[44b6_341df25f] after edge-filter+motion-relink: 8523 nodes, 8186 edges\n"}
,{"stream_name":"stdout","time":2703.348885861,"data":"[44b6_341df25f] after gap-closing (single-frame + gap2): 8575 nodes, 8275 edges\n"}
,{"stream_name":"stdout","time":2714.372662676,"data":"[44b6_341df25f] after safe-division repair: 8575 nodes, 8287 edges (geometric_candidates = 41, deepcenter_rejected = 27, post_veto_candidates = 14, added = 12, cap_skipped = 0, mutual_nn_rejected = 4, divergence_rejected = 156)\n"}
,{"stream_name":"stdout","time":2714.372710464,"data":"[44b6_341df25f] after division-geometry-filter+prune-isolated: 8575 nodes, 8287 edges\n"}
,{"stream_name":"stdout","time":2714.372727633,"data":"[44b6_341df25f] after short-track filtering: 8378 nodes, 8134 edges (components_removed = 44)\n"}
,{"stream_name":"stdout","time":2715.962194888,"data":"[44b6_341df25f] FINAL: 8378 nodes, 8134 edges\n"}
,{"stream_name":"stdout","time":2715.96223635,"data":"[6bba_062c8d37] after edge-filter+motion-relink: 5997 nodes, 5657 edges\n"}
,{"stream_name":"stdout","time":2717.299570705,"data":"[6bba_062c8d37] after gap-closing (single-frame + gap2): 6050 nodes, 5755 edges\n"}
,{"stream_name":"stdout","time":2721.959415546,"data":"[6bba_062c8d37] after safe-division repair: 6050 nodes, 5761 edges (geometric_candidates = 19, deepcenter_rejected = 12, post_veto_candidates = 7, added = 6, cap_skipped = 0, mutual_nn_rejected = 2, divergence_rejected = 53)\n"}
,{"stream_name":"stdout","time":2721.959479417,"data":"[6bba_062c8d37] after division-geometry-filter+prune-isolated: 6029 nodes, 5761 edges\n"}
,{"stream_name":"stdout","time":2721.959486316,"data":"[6bba_062c8d37] after short-track filtering: 5901 nodes, 5663 edges (components_removed = 30)\n"}
,{"stream_name":"stdout","time":2723.102883684,"data":"[6bba_062c8d37] FINAL: 5901 nodes, 5663 edges\n"}
,{"stream_name":"stdout","time":2723.336911356,"data":"[6bba_07e24132] after edge-filter+motion-relink: 29751 nodes, 27967 edges\n"}
,{"stream_name":"stdout","time":2732.88306649,"data":"[6bba_07e24132] after gap-closing (single-frame + gap2): 30151 nodes, 28704 edges\n"}
,{"stream_name":"stdout","time":2752.65781356,"data":"[6bba_07e24132] after safe-division repair: 30151 nodes, 28715 edges (geometric_candidates = 131, deepcenter_rejected = 119, post_veto_candidates = 12, added = 11, cap_skipped = 0, mutual_nn_rejected = 96, divergence_rejected = 1195)\n"}
,{"stream_name":"stdout","time":2752.657862808,"data":"[6bba_07e24132] after division-geometry-filter+prune-isolated: 30151 nodes, 28715 edges\n"}
,{"stream_name":"stdout","time":2752.657867827,"data":"[6bba_07e24132] after short-track filtering: 29062 nodes, 27869 edges (components_removed = 243)\n"}
,{"stream_name":"stdout","time":2758.398004883,"data":"[6bba_07e24132] FINAL: 29062 nodes, 27869 edges\n"}
,{"stream_name":"stdout","time":2758.398055718,"data":"[6bba_085bf656] after edge-filter+motion-relink: 8417 nodes, 8082 edges\n"}
,{"stream_name":"stdout","time":2759.191340287,"data":"[6bba_085bf656] after gap-closing (single-frame + gap2): 8437 nodes, 8119 edges\n"}
,{"stream_name":"stdout","time":2765.290776089,"data":"[6bba_085bf656] after safe-division repair: 8437 nodes, 8123 edges (geometric_candidates = 22, deepcenter_rejected = 18, post_veto_candidates = 4, added = 4, cap_skipped = 0, mutual_nn_rejected = 4, divergence_rejected = 106)\n"}
,{"stream_name":"stdout","time":2765.290833422,"data":"[6bba_085bf656] after division-geometry-filter+prune-isolated: 8434 nodes, 8123 edges\n"}
,{"stream_name":"stdout","time":2765.29084166,"data":"[6bba_085bf656] after short-track filtering: 8271 nodes, 7995 edges (components_removed = 35)\n"}
,{"stream_name":"stdout","time":2766.74320223,"data":"[6bba_085bf656] FINAL: 8271 nodes, 7995 edges\n"}
,{"stream_name":"stdout","time":2767.000461282,"data":"[6bba_09961292] after edge-filter+motion-relink: 29955 nodes, 28653 edges\n"}
,{"stream_name":"stdout","time":2771.935570425,"data":"[6bba_09961292] after gap-closing (single-frame + gap2): 30225 nodes, 29147 edges\n"}
,{"stream_name":"stdout","time":2787.40057853,"data":"[6bba_09961292] after safe-division repair: 30225 nodes, 29177 edges (geometric_candidates = 127, deepcenter_rejected = 90, post_veto_candidates = 37, added = 30, cap_skipped = 0, mutual_nn_rejected = 96, divergence_rejected = 1121)\n"}
,{"stream_name":"stdout","time":2787.400629777,"data":"[6bba_09961292] after division-geometry-filter+prune-isolated: 30225 nodes, 29177 edges\n"}
,{"stream_name":"stdout","time":2787.40063798,"data":"[6bba_09961292] after short-track filtering: 29655 nodes, 28737 edges (components_removed = 130)\n"}
,{"stream_name":"stdout","time":2793.252322367,"data":"[6bba_09961292] FINAL: 29655 nodes, 28737 edges\n"}
,{"stream_name":"stdout","time":2793.252365691,"data":"VALIDATOR candidate: gap45 proxy = 0.971517 adjusted edge = 0.940747\n"}
,{"stream_name":"stdout","time":2793.748870677,"data":"[44b6_12dfb391] after edge-filter+motion-relink: 45351 nodes, 42870 edges\n"}
,{"stream_name":"stdout","time":2807.288818794,"data":"[44b6_12dfb391] after gap-closing (single-frame + gap2): 46068 nodes, 44229 edges\n"}
,{"stream_name":"stdout","time":2833.236578604,"data":"[44b6_12dfb391] after safe-division repair: 46068 nodes, 44261 edges (geometric_candidates = 175, deepcenter_rejected = 143, post_veto_candidates = 32, added = 32, cap_skipped = 0, mutual_nn_rejected = 67, divergence_rejected = 1699)\n"}
,{"stream_name":"stdout","time":2833.23662984,"data":"[44b6_12dfb391] after division-geometry-filter+prune-isolated: 46068 nodes, 44261 edges\n"}
,{"stream_name":"stdout","time":2833.236639984,"data":"[44b6_12dfb391] after short-track filtering: 44814 nodes, 43289 edges (components_removed = 282)\n"}
,{"stream_name":"stdout","time":2842.074944345,"data":"[44b6_12dfb391] FINAL: 44814 nodes, 43289 edges\n"}
,{"stream_name":"stdout","time":2842.420619981,"data":"[44b6_267148e4] after edge-filter+motion-relink: 22829 nodes, 21426 edges\n"}
,{"stream_name":"stdout","time":2856.435579224,"data":"[44b6_267148e4] after gap-closing (single-frame + gap2): 23106 nodes, 21927 edges\n"}
,{"stream_name":"stdout","time":2881.552808663,"data":"[44b6_267148e4] after safe-division repair: 23106 nodes, 21957 edges (geometric_candidates = 224, deepcenter_rejected = 185, post_veto_candidates = 39, added = 30, cap_skipped = 0, mutual_nn_rejected = 127, divergence_rejected = 1038)\n"}
,{"stream_name":"stdout","time":2881.552857535,"data":"[44b6_267148e4] after division-geometry-filter+prune-isolated: 23105 nodes, 21957 edges\n"}
,{"stream_name":"stdout","time":2881.552866835,"data":"[44b6_267148e4] after short-track filtering: 22305 nodes, 21335 edges (components_removed = 178)\n"}
,{"stream_name":"stdout","time":2885.789159923,"data":"[44b6_267148e4] FINAL: 22305 nodes, 21335 edges\n"}
,{"stream_name":"stdout","time":2886.18408314,"data":"[44b6_2a2eff9f] after edge-filter+motion-relink: 40928 nodes, 38160 edges\n"}
,{"stream_name":"stdout","time":2902.148519939,"data":"[44b6_2a2eff9f] after gap-closing (single-frame + gap2): 41547 nodes, 39318 edges\n"}
,{"stream_name":"stdout","time":2932.750515494,"data":"[44b6_2a2eff9f] after safe-division repair: 41547 nodes, 39362 edges (geometric_candidates = 345, deepcenter_rejected = 301, post_veto_candidates = 44, added = 44, cap_skipped = 0, mutual_nn_rejected = 84, divergence_rejected = 1869)\n"}
,{"stream_name":"stdout","time":2932.75055168,"data":"[44b6_2a2eff9f] after division-geometry-filter+prune-isolated: 41547 nodes, 39362 edges\n"}
,{"stream_name":"stdout","time":2932.750570494,"data":"[44b6_2a2eff9f] after short-track filtering: 39951 nodes, 38122 edges (components_removed = 356)\n"}
,{"stream_name":"stdout","time":2940.237453598,"data":"[44b6_2a2eff9f] FINAL: 39951 nodes, 38122 edges\n"}
,{"stream_name":"stdout","time":2940.439188225,"data":"[44b6_341df25f] after edge-filter+motion-relink: 8523 nodes, 8186 edges\n"}
,{"stream_name":"stdout","time":2942.616305625,"data":"[44b6_341df25f] after gap-closing (single-frame + gap2): 8576 nodes, 8277 edges\n"}
,{"stream_name":"stdout","time":2953.281140047,"data":"[44b6_341df25f] after safe-division repair: 8576 nodes, 8289 edges (geometric_candidates = 41, deepcenter_rejected = 27, post_veto_candidates = 14, added = 12, cap_skipped = 0, mutual_nn_rejected = 4, divergence_rejected = 155)\n"}
,{"stream_name":"stdout","time":2953.281183408,"data":"[44b6_341df25f] after division-geometry-filter+prune-isolated: 8576 nodes, 8289 edges\n"}
,{"stream_name":"stdout","time":2953.281191201,"data":"[44b6_341df25f] after short-track filtering: 8382 nodes, 8138 edges (components_removed = 43)\n"}
,{"stream_name":"stdout","time":2954.843722237,"data":"[44b6_341df25f] FINAL: 8382 nodes, 8138 edges\n"}
,{"stream_name":"stdout","time":2954.843756731,"data":"[6bba_062c8d37] after edge-filter+motion-relink: 5997 nodes, 5657 edges\n"}
,{"stream_name":"stdout","time":2956.094214643,"data":"[6bba_062c8d37] after gap-closing (single-frame + gap2): 6050 nodes, 5755 edges\n"}
,{"stream_name":"stdout","time":2960.752603654,"data":"[6bba_062c8d37] after safe-division repair: 6050 nodes, 5761 edges (geometric_candidates = 19, deepcenter_rejected = 12, post_veto_candidates = 7, added = 6, cap_skipped = 0, mutual_nn_rejected = 2, divergence_rejected = 53)\n"}
,{"stream_name":"stdout","time":2960.75264169,"data":"[6bba_062c8d37] after division-geometry-filter+prune-isolated: 6029 nodes, 5761 edges\n"}
,{"stream_name":"stdout","time":2960.752648658,"data":"[6bba_062c8d37] after short-track filtering: 5901 nodes, 5663 edges (components_removed = 30)\n"}
,{"stream_name":"stdout","time":2961.929406188,"data":"[6bba_062c8d37] FINAL: 5901 nodes, 5663 edges\n"}
,{"stream_name":"stdout","time":2962.161889025,"data":"[6bba_07e24132] after edge-filter+motion-relink: 29751 nodes, 27967 edges\n"}
,{"stream_name":"stdout","time":2977.543474555,"data":"[6bba_07e24132] after gap-closing (single-frame + gap2): 30150 nodes, 28702 edges\n"}
,{"stream_name":"stdout","time":2997.248581854,"data":"[6bba_07e24132] after safe-division repair: 30150 nodes, 28712 edges (geometric_candidates = 130, deepcenter_rejected = 120, post_veto_candidates = 10, added = 10, cap_skipped = 0, mutual_nn_rejected = 98, divergence_rejected = 1196)\n"}
,{"stream_name":"stdout","time":2997.248629766,"data":"[6bba_07e24132] after division-geometry-filter+prune-isolated: 30150 nodes, 28712 edges\n"}
,{"stream_name":"stdout","time":2997.248636836,"data":"[6bba_07e24132] after short-track filtering: 29061 nodes, 27866 edges (components_removed = 243)\n"}
,{"stream_name":"stdout","time":3002.7136927,"data":"[6bba_07e24132] FINAL: 29061 nodes, 27866 edges\n"}
,{"stream_name":"stdout","time":3002.71374391,"data":"[6bba_085bf656] after edge-filter+motion-relink: 8417 nodes, 8082 edges\n"}
,{"stream_name":"stdout","time":3003.915899488,"data":"[6bba_085bf656] after gap-closing (single-frame + gap2): 8437 nodes, 8119 edges\n"}
,{"stream_name":"stdout","time":3009.923262698,"data":"[6bba_085bf656] after safe-division repair: 8437 nodes, 8123 edges (geometric_candidates = 22, deepcenter_rejected = 18, post_veto_candidates = 4, added = 4, cap_skipped = 0, mutual_nn_rejected = 4, divergence_rejected = 106)\n"}
,{"stream_name":"stdout","time":3009.9233014,"data":"[6bba_085bf656] after division-geometry-filter+prune-isolated: 8434 nodes, 8123 edges\n"}
,{"stream_name":"stdout","time":3009.923320006,"data":"[6bba_085bf656] after short-track filtering: 8271 nodes, 7995 edges (components_removed = 35)\n"}
,{"stream_name":"stdout","time":3011.44238449,"data":"[6bba_085bf656] FINAL: 8271 nodes, 7995 edges\n"}
,{"stream_name":"stdout","time":3011.67266707,"data":"[6bba_09961292] after edge-filter+motion-relink: 29955 nodes, 28653 edges\n"}
,{"stream_name":"stdout","time":3022.313062524,"data":"[6bba_09961292] after gap-closing (single-frame + gap2): 30229 nodes, 29156 edges\n"}
,{"stream_name":"stdout","time":3037.814171994,"data":"[6bba_09961292] after safe-division repair: 30229 nodes, 29186 edges (geometric_candidates = 125, deepcenter_rejected = 89, post_veto_candidates = 36, added = 30, cap_skipped = 0, mutual_nn_rejected = 95, divergence_rejected = 1112)\n"}
,{"stream_name":"stdout","time":3037.81421292,"data":"[6bba_09961292] after division-geometry-filter+prune-isolated: 30229 nodes, 29186 edges\n"}
,{"stream_name":"stdout","time":3037.814220699,"data":"[6bba_09961292] after short-track filtering: 29659 nodes, 28746 edges (components_removed = 130)\n"}
,{"stream_name":"stdout","time":3043.58374578,"data":"[6bba_09961292] FINAL: 29659 nodes, 28746 edges\n"}
,{"stream_name":"stdout","time":3043.583867696,"data":"VALIDATOR candidate: tight55 proxy = 0.971506 adjusted edge = 0.940737\n"}
,{"stream_name":"stdout","time":3043.939475157,"data":"[44b6_12dfb391] after edge-filter+motion-relink: 45351 nodes, 42870 edges\n"}
,{"stream_name":"stdout","time":3057.615548265,"data":"[44b6_12dfb391] after gap-closing (single-frame + gap2): 46068 nodes, 44229 edges\n"}
,{"stream_name":"stdout","time":3083.947825378,"data":"[44b6_12dfb391] after safe-division repair: 46068 nodes, 44261 edges (geometric_candidates = 175, deepcenter_rejected = 143, post_veto_candidates = 32, added = 32, cap_skipped = 0, mutual_nn_rejected = 67, divergence_rejected = 1699)\n"}
,{"stream_name":"stdout","time":3083.947869043,"data":"[44b6_12dfb391] after division-geometry-filter+prune-isolated: 46068 nodes, 44261 edges\n"}
,{"stream_name":"stdout","time":3083.947877631,"data":"[44b6_12dfb391] after short-track filtering: 44814 nodes, 43289 edges (components_removed = 282)\n"}
,{"stream_name":"stdout","time":3092.574751416,"data":"[44b6_12dfb391] FINAL: 44814 nodes, 43289 edges\n"}
,{"stream_name":"stdout","time":3092.947159282,"data":"[44b6_267148e4] after edge-filter+motion-relink: 22829 nodes, 21426 edges\n"}
,{"stream_name":"stdout","time":3107.022530417,"data":"[44b6_267148e4] after gap-closing (single-frame + gap2): 23106 nodes, 21927 edges\n"}
,{"stream_name":"stdout","time":3132.240934776,"data":"[44b6_267148e4] after safe-division repair: 23106 nodes, 21957 edges (geometric_candidates = 224, deepcenter_rejected = 185, post_veto_candidates = 39, added = 30, cap_skipped = 0, mutual_nn_rejected = 127, divergence_rejected = 1038)\n"}
,{"stream_name":"stdout","time":3132.240973294,"data":"[44b6_267148e4] after division-geometry-filter+prune-isolated: 23105 nodes, 21957 edges\n"}
,{"stream_name":"stdout","time":3132.240984542,"data":"[44b6_267148e4] after short-track filtering: 22305 nodes, 21335 edges (components_removed = 178)\n"}
,{"stream_name":"stdout","time":3136.325249413,"data":"[44b6_267148e4] FINAL: 22305 nodes, 21335 edges\n"}
,{"stream_name":"stdout","time":3136.895712513,"data":"[44b6_2a2eff9f] after edge-filter+motion-relink: 40928 nodes, 38160 edges\n"}
,{"stream_name":"stdout","time":3152.562923825,"data":"[44b6_2a2eff9f] after gap-closing (single-frame + gap2): 41547 nodes, 39318 edges\n"}
,{"stream_name":"stdout","time":3183.013737323,"data":"[44b6_2a2eff9f] after safe-division repair: 41547 nodes, 39362 edges (geometric_candidates = 345, deepcenter_rejected = 301, post_veto_candidates = 44, added = 44, cap_skipped = 0, mutual_nn_rejected = 84, divergence_rejected = 1869)\n"}
,{"stream_name":"stdout","time":3183.013851975,"data":"[44b6_2a2eff9f] after division-geometry-filter+prune-isolated: 41547 nodes, 39362 edges\n"}
,{"stream_name":"stdout","time":3183.013865201,"data":"[44b6_2a2eff9f] after short-track filtering: 39951 nodes, 38122 edges (components_removed = 356)\n"}
,{"stream_name":"stdout","time":3190.53016222,"data":"[44b6_2a2eff9f] FINAL: 39951 nodes, 38122 edges\n"}
,{"stream_name":"stdout","time":3190.732604191,"data":"[44b6_341df25f] after edge-filter+motion-relink: 8523 nodes, 8186 edges\n"}
,{"stream_name":"stdout","time":3192.89805936,"data":"[44b6_341df25f] after gap-closing (single-frame + gap2): 8576 nodes, 8277 edges\n"}
,{"stream_name":"stdout","time":3203.533546484,"data":"[44b6_341df25f] after safe-division repair: 8576 nodes, 8289 edges (geometric_candidates = 41, deepcenter_rejected = 27, post_veto_candidates = 14, added = 12, cap_skipped = 0, mutual_nn_rejected = 4, divergence_rejected = 155)\n"}
,{"stream_name":"stdout","time":3203.533603144,"data":"[44b6_341df25f] after division-geometry-filter+prune-isolated: 8576 nodes, 8289 edges\n"}
,{"stream_name":"stdout","time":3203.533611819,"data":"[44b6_341df25f] after short-track filtering: 8382 nodes, 8138 edges (components_removed = 43)\n"}
,{"stream_name":"stdout","time":3205.103285367,"data":"[44b6_341df25f] FINAL: 8382 nodes, 8138 edges\n"}
,{"stream_name":"stdout","time":3205.103325291,"data":"[6bba_062c8d37] after edge-filter+motion-relink: 5997 nodes, 5657 edges\n"}
,{"stream_name":"stdout","time":3206.304510761,"data":"[6bba_062c8d37] after gap-closing (single-frame + gap2): 6050 nodes, 5755 edges\n"}
,{"stream_name":"stdout","time":3210.922978487,"data":"[6bba_062c8d37] after safe-division repair: 6050 nodes, 5761 edges (geometric_candidates = 19, deepcenter_rejected = 12, post_veto_candidates = 7, added = 6, cap_skipped = 0, mutual_nn_rejected = 2, divergence_rejected = 53)\n"}
,{"stream_name":"stdout","time":3210.923012912,"data":"[6bba_062c8d37] after division-geometry-filter+prune-isolated: 6029 nodes, 5761 edges\n"}
,{"stream_name":"stdout","time":3210.923019831,"data":"[6bba_062c8d37] after short-track filtering: 5901 nodes, 5663 edges (components_removed = 30)\n"}
,{"stream_name":"stdout","time":3212.024660957,"data":"[6bba_062c8d37] FINAL: 5901 nodes, 5663 edges\n"}
,{"stream_name":"stdout","time":3212.279659187,"data":"[6bba_07e24132] after edge-filter+motion-relink: 29751 nodes, 27967 edges\n"}
,{"stream_name":"stdout","time":3228.104561692,"data":"[6bba_07e24132] after gap-closing (single-frame + gap2): 30150 nodes, 28702 edges\n"}
,{"stream_name":"stdout","time":3247.651308861,"data":"[6bba_07e24132] after safe-division repair: 30150 nodes, 28712 edges (geometric_candidates = 130, deepcenter_rejected = 120, post_veto_candidates = 10, added = 10, cap_skipped = 0, mutual_nn_rejected = 98, divergence_rejected = 1196)\n"}
,{"stream_name":"stdout","time":3247.651364764,"data":"[6bba_07e24132] after division-geometry-filter+prune-isolated: 30150 nodes, 28712 edges\n"}
,{"stream_name":"stdout","time":3247.651385322,"data":"[6bba_07e24132] after short-track filtering: 29061 nodes, 27866 edges (components_removed = 243)\n"}
,{"stream_name":"stdout","time":3253.247836629,"data":"[6bba_07e24132] FINAL: 29061 nodes, 27866 edges\n"}
,{"stream_name":"stdout","time":3253.247877189,"data":"[6bba_085bf656] after edge-filter+motion-relink: 8417 nodes, 8082 edges\n"}
,{"stream_name":"stdout","time":3254.467498022,"data":"[6bba_085bf656] after gap-closing (single-frame + gap2): 8437 nodes, 8119 edges\n"}
,{"stream_name":"stdout","time":3260.539099896,"data":"[6bba_085bf656] after safe-division repair: 8437 nodes, 8123 edges (geometric_candidates = 22, deepcenter_rejected = 18, post_veto_candidates = 4, added = 4, cap_skipped = 0, mutual_nn_rejected = 4, divergence_rejected = 106)\n"}
,{"stream_name":"stdout","time":3260.539146005,"data":"[6bba_085bf656] after division-geometry-filter+prune-isolated: 8434 nodes, 8123 edges\n"}
,{"stream_name":"stdout","time":3260.539151256,"data":"[6bba_085bf656] after short-track filtering: 8271 nodes, 7995 edges (components_removed = 35)\n"}
,{"stream_name":"stdout","time":3262.23408877,"data":"[6bba_085bf656] FINAL: 8271 nodes, 7995 edges\n"}
,{"stream_name":"stdout","time":3262.491523814,"data":"[6bba_09961292] after edge-filter+motion-relink: 29955 nodes, 28653 edges\n"}
,{"stream_name":"stdout","time":3272.884057299,"data":"[6bba_09961292] after gap-closing (single-frame + gap2): 30229 nodes, 29156 edges\n"}
,{"stream_name":"stdout","time":3288.323408531,"data":"[6bba_09961292] after safe-division repair: 30229 nodes, 29186 edges (geometric_candidates = 125, deepcenter_rejected = 89, post_veto_candidates = 36, added = 30, cap_skipped = 0, mutual_nn_rejected = 95, divergence_rejected = 1112)\n"}
,{"stream_name":"stdout","time":3288.323449758,"data":"[6bba_09961292] after division-geometry-filter+prune-isolated: 30229 nodes, 29186 edges\n"}
,{"stream_name":"stdout","time":3288.323455882,"data":"[6bba_09961292] after short-track filtering: 29659 nodes, 28746 edges (components_removed = 130)\n"}
,{"stream_name":"stdout","time":3294.101560512,"data":"[6bba_09961292] FINAL: 29659 nodes, 28746 edges\n"}
,{"stream_name":"stdout","time":3294.288526603,"data":"VALIDATOR candidate: relaxed9 proxy = 0.971506 adjusted edge = 0.940737\n"}
,{"stream_name":"stdout","time":3294.636498526,"data":"[44b6_12dfb391] after edge-filter+motion-relink: 45351 nodes, 42870 edges\n"}
,{"stream_name":"stdout","time":3307.92507592,"data":"[44b6_12dfb391] after gap-closing (single-frame + gap2): 46068 nodes, 44229 edges\n"}
,{"stream_name":"stdout","time":3334.048921709,"data":"[44b6_12dfb391] after safe-division repair: 46068 nodes, 44261 edges (geometric_candidates = 175, deepcenter_rejected = 143, post_veto_candidates = 32, added = 32, cap_skipped = 0, mutual_nn_rejected = 67, divergence_rejected = 1699)\n"}
,{"stream_name":"stdout","time":3334.048956133,"data":"[44b6_12dfb391] after division-geometry-filter+prune-isolated: 46068 nodes, 44261 edges\n"}
,{"stream_name":"stdout","time":3334.048961687,"data":"[44b6_12dfb391] after short-track filtering: 44814 nodes, 43289 edges (components_removed = 282)\n"}
,{"stream_name":"stdout","time":3342.386622327,"data":"[44b6_12dfb391] FINAL: 44814 nodes, 43289 edges\n"}
,{"stream_name":"stdout","time":3342.700444612,"data":"[44b6_267148e4] after edge-filter+motion-relink: 22829 nodes, 21426 edges\n"}
,{"stream_name":"stdout","time":3357.054571342,"data":"[44b6_267148e4] after gap-closing (single-frame + gap2): 23106 nodes, 21927 edges\n"}
,{"stream_name":"stdout","time":3382.153111026,"data":"[44b6_267148e4] after safe-division repair: 23106 nodes, 21957 edges (geometric_candidates = 224, deepcenter_rejected = 185, post_veto_candidates = 39, added = 30, cap_skipped = 0, mutual_nn_rejected = 127, divergence_rejected = 1038)\n"}
,{"stream_name":"stdout","time":3382.153151836,"data":"[44b6_267148e4] after division-geometry-filter+prune-isolated: 23105 nodes, 21957 edges\n"}
,{"stream_name":"stdout","time":3382.153159051,"data":"[44b6_267148e4] after short-track filtering: 22305 nodes, 21335 edges (components_removed = 178)\n"}
,{"stream_name":"stdout","time":3386.231063645,"data":"[44b6_267148e4] FINAL: 22305 nodes, 21335 edges\n"}
,{"stream_name":"stdout","time":3386.605886544,"data":"[44b6_2a2eff9f] after edge-filter+motion-relink: 40928 nodes, 38160 edges\n"}
,{"stream_name":"stdout","time":3402.760586612,"data":"[44b6_2a2eff9f] after gap-closing (single-frame + gap2): 41547 nodes, 39318 edges\n"}
,{"stream_name":"stdout","time":3433.314003892,"data":"[44b6_2a2eff9f] after safe-division repair: 41547 nodes, 39362 edges (geometric_candidates = 345, deepcenter_rejected = 301, post_veto_candidates = 44, added = 44, cap_skipped = 0, mutual_nn_rejected = 84, divergence_rejected = 1869)\n"}
,{"stream_name":"stdout","time":3433.314042444,"data":"[44b6_2a2eff9f] after division-geometry-filter+prune-isolated: 41547 nodes, 39362 edges\n"}
,{"stream_name":"stdout","time":3433.314048834,"data":"[44b6_2a2eff9f] after short-track filtering: 39951 nodes, 38122 edges (components_removed = 356)\n"}
,{"stream_name":"stdout","time":3441.550873263,"data":"[44b6_2a2eff9f] FINAL: 39951 nodes, 38122 edges\n"}
,{"stream_name":"stdout","time":3441.868931309,"data":"[44b6_341df25f] after edge-filter+motion-relink: 8523 nodes, 8186 edges\n"}
,{"stream_name":"stdout","time":3444.099185379,"data":"[44b6_341df25f] after gap-closing (single-frame + gap2): 8576 nodes, 8277 edges\n"}
,{"stream_name":"stdout","time":3454.839532815,"data":"[44b6_341df25f] after safe-division repair: 8576 nodes, 8289 edges (geometric_candidates = 41, deepcenter_rejected = 27, post_veto_candidates = 14, added = 12, cap_skipped = 0, mutual_nn_rejected = 4, divergence_rejected = 155)\n"}
,{"stream_name":"stdout","time":3454.839575502,"data":"[44b6_341df25f] after division-geometry-filter+prune-isolated: 8576 nodes, 8289 edges\n"}
,{"stream_name":"stdout","time":3454.839590555,"data":"[44b6_341df25f] after short-track filtering: 8382 nodes, 8138 edges (components_removed = 43)\n"}
,{"stream_name":"stdout","time":3456.614722092,"data":"[44b6_341df25f] FINAL: 8382 nodes, 8138 edges\n"}
,{"stream_name":"stdout","time":3456.614758989,"data":"[6bba_062c8d37] after edge-filter+motion-relink: 5997 nodes, 5657 edges\n"}
,{"stream_name":"stdout","time":3457.9108605,"data":"[6bba_062c8d37] after gap-closing (single-frame + gap2): 6050 nodes, 5755 edges\n"}
,{"stream_name":"stdout","time":3462.65691461,"data":"[6bba_062c8d37] after safe-division repair: 6050 nodes, 5761 edges (geometric_candidates = 19, deepcenter_rejected = 12, post_veto_candidates = 7, added = 6, cap_skipped = 0, mutual_nn_rejected = 2, divergence_rejected = 53)\n"}
,{"stream_name":"stdout","time":3462.656962552,"data":"[6bba_062c8d37] after division-geometry-filter+prune-isolated: 6029 nodes, 5761 edges\n"}
,{"stream_name":"stdout","time":3462.656967295,"data":"[6bba_062c8d37] after short-track filtering: 5901 nodes, 5663 edges (components_removed = 30)\n"}
,{"stream_name":"stdout","time":3464.038862239,"data":"[6bba_062c8d37] FINAL: 5901 nodes, 5663 edges\n"}
,{"stream_name":"stdout","time":3464.186216558,"data":"[6bba_07e24132] after edge-filter+motion-relink: 29751 nodes, 27967 edges\n"}
,{"stream_name":"stdout","time":3479.803363131,"data":"[6bba_07e24132] after gap-closing (single-frame + gap2): 30150 nodes, 28702 edges\n"}
,{"stream_name":"stdout","time":3499.98419427,"data":"[6bba_07e24132] after safe-division repair: 30150 nodes, 28712 edges (geometric_candidates = 130, deepcenter_rejected = 120, post_veto_candidates = 10, added = 10, cap_skipped = 0, mutual_nn_rejected = 98, divergence_rejected = 1196)\n"}
,{"stream_name":"stdout","time":3499.98423156,"data":"[6bba_07e24132] after division-geometry-filter+prune-isolated: 30150 nodes, 28712 edges\n"}
,{"stream_name":"stdout","time":3499.984237881,"data":"[6bba_07e24132] after short-track filtering: 29061 nodes, 27866 edges (components_removed = 243)\n"}
,{"stream_name":"stdout","time":3506.159272386,"data":"[6bba_07e24132] FINAL: 29061 nodes, 27866 edges\n"}
,{"stream_name":"stdout","time":3506.159322693,"data":"[6bba_085bf656] after edge-filter+motion-relink: 8417 nodes, 8082 edges\n"}
,{"stream_name":"stdout","time":3507.430500295,"data":"[6bba_085bf656] after gap-closing (single-frame + gap2): 8437 nodes, 8119 edges\n"}
,{"stream_name":"stdout","time":3513.419610878,"data":"[6bba_085bf656] after safe-division repair: 8437 nodes, 8123 edges (geometric_candidates = 22, deepcenter_rejected = 18, post_veto_candidates = 4, added = 4, cap_skipped = 0, mutual_nn_rejected = 4, divergence_rejected = 106)\n"}
,{"stream_name":"stdout","time":3513.419666252,"data":"[6bba_085bf656] after division-geometry-filter+prune-isolated: 8434 nodes, 8123 edges\n"}
,{"stream_name":"stdout","time":3513.41967441,"data":"[6bba_085bf656] after short-track filtering: 8271 nodes, 7995 edges (components_removed = 35)\n"}
,{"stream_name":"stdout","time":3515.172101708,"data":"[6bba_085bf656] FINAL: 8271 nodes, 7995 edges\n"}
,{"stream_name":"stdout","time":3515.446950285,"data":"[6bba_09961292] after edge-filter+motion-relink: 29955 nodes, 28653 edges\n"}
,{"stream_name":"stdout","time":3526.174764223,"data":"[6bba_09961292] after gap-closing (single-frame + gap2): 30229 nodes, 29156 edges\n"}
,{"stream_name":"stdout","time":3542.126083394,"data":"[6bba_09961292] after safe-division repair: 30229 nodes, 29186 edges (geometric_candidates = 125, deepcenter_rejected = 89, post_veto_candidates = 36, added = 30, cap_skipped = 0, mutual_nn_rejected = 95, divergence_rejected = 1112)\n"}
,{"stream_name":"stdout","time":3542.126157837,"data":"[6bba_09961292] after division-geometry-filter+prune-isolated: 30229 nodes, 29186 edges\n"}
,{"stream_name":"stdout","time":3542.126169122,"data":"[6bba_09961292] after short-track filtering: 29659 nodes, 28746 edges (components_removed = 130)\n"}
,{"stream_name":"stdout","time":3548.598538388,"data":"[6bba_09961292] FINAL: 29659 nodes, 28746 edges\n"}
,{"stream_name":"stdout","time":3548.5985897,"data":"VALIDATOR candidate: bonus125 proxy = 0.971506 adjusted edge = 0.940737\n"}
,{"stream_name":"stdout","time":3549.151625568,"data":"[44b6_12dfb391] after edge-filter+motion-relink: 45351 nodes, 42870 edges\n"}
,{"stream_name":"stdout","time":3563.340775201,"data":"[44b6_12dfb391] after gap-closing (single-frame + gap2): 46068 nodes, 44229 edges\n"}
,{"stream_name":"stdout","time":3590.110811923,"data":"[44b6_12dfb391] after safe-division repair: 46068 nodes, 44261 edges (geometric_candidates = 175, deepcenter_rejected = 143, post_veto_candidates = 32, added = 32, cap_skipped = 0, mutual_nn_rejected = 67, divergence_rejected = 1699)\n"}
,{"stream_name":"stdout","time":3590.110855574,"data":"[44b6_12dfb391] after division-geometry-filter+prune-isolated: 46068 nodes, 44261 edges\n"}
,{"stream_name":"stdout","time":3590.11086455,"data":"[44b6_12dfb391] after short-track filtering: 44814 nodes, 43289 edges (components_removed = 282)\n"}
,{"stream_name":"stdout","time":3599.188544669,"data":"[44b6_12dfb391] FINAL: 44814 nodes, 43289 edges\n"}
,{"stream_name":"stdout","time":3599.583830237,"data":"[44b6_267148e4] after edge-filter+motion-relink: 22829 nodes, 21426 edges\n"}
,{"stream_name":"stdout","time":3613.77429341,"data":"[44b6_267148e4] after gap-closing (single-frame + gap2): 23106 nodes, 21927 edges\n"}
,{"stream_name":"stdout","time":3639.036160283,"data":"[44b6_267148e4] after safe-division repair: 23106 nodes, 21957 edges (geometric_candidates = 224, deepcenter_rejected = 185, post_veto_candidates = 39, added = 30, cap_skipped = 0, mutual_nn_rejected = 127, divergence_rejected = 1038)\n"}
,{"stream_name":"stdout","time":3639.036196549,"data":"[44b6_267148e4] after division-geometry-filter+prune-isolated: 23105 nodes, 21957 edges\n"}
,{"stream_name":"stdout","time":3639.036204453,"data":"[44b6_267148e4] after short-track filtering: 22305 nodes, 21335 edges (components_removed = 178)\n"}
,{"stream_name":"stdout","time":3643.626241612,"data":"[44b6_267148e4] FINAL: 22305 nodes, 21335 edges\n"}
,{"stream_name":"stdout","time":3644.067944211,"data":"[44b6_2a2eff9f] after edge-filter+motion-relink: 40928 nodes, 38160 edges\n"}
,{"stream_name":"stdout","time":3660.442537944,"data":"[44b6_2a2eff9f] after gap-closing (single-frame + gap2): 41547 nodes, 39318 edges\n"}
,{"stream_name":"stdout","time":3691.321877722,"data":"[44b6_2a2eff9f] after safe-division repair: 41547 nodes, 39362 edges (geometric_candidates = 345, deepcenter_rejected = 301, post_veto_candidates = 44, added = 44, cap_skipped = 0, mutual_nn_rejected = 84, divergence_rejected = 1869)\n"}
,{"stream_name":"stdout","time":3691.321943932,"data":"[44b6_2a2eff9f] after division-geometry-filter+prune-isolated: 41547 nodes, 39362 edges\n"}
,{"stream_name":"stdout","time":3691.321952077,"data":"[44b6_2a2eff9f] after short-track filtering: 39951 nodes, 38122 edges (components_removed = 356)\n"}
,{"stream_name":"stdout","time":3699.101604478,"data":"[44b6_2a2eff9f] FINAL: 39951 nodes, 38122 edges\n"}
,{"stream_name":"stdout","time":3699.307487018,"data":"[44b6_341df25f] after edge-filter+motion-relink: 8523 nodes, 8186 edges\n"}
,{"stream_name":"stdout","time":3701.555661354,"data":"[44b6_341df25f] after gap-closing (single-frame + gap2): 8576 nodes, 8277 edges\n"}
,{"stream_name":"stdout","time":3712.250835299,"data":"[44b6_341df25f] after safe-division repair: 8576 nodes, 8289 edges (geometric_candidates = 41, deepcenter_rejected = 27, post_veto_candidates = 14, added = 12, cap_skipped = 0, mutual_nn_rejected = 4, divergence_rejected = 155)\n"}
,{"stream_name":"stdout","time":3712.250884792,"data":"[44b6_341df25f] after division-geometry-filter+prune-isolated: 8576 nodes, 8289 edges\n"}
,{"stream_name":"stdout","time":3712.2508926,"data":"[44b6_341df25f] after short-track filtering: 8382 nodes, 8138 edges (components_removed = 43)\n"}
,{"stream_name":"stdout","time":3713.921210555,"data":"[44b6_341df25f] FINAL: 8382 nodes, 8138 edges\n"}
,{"stream_name":"stdout","time":3713.921246929,"data":"[6bba_062c8d37] after edge-filter+motion-relink: 5997 nodes, 5657 edges\n"}
,{"stream_name":"stdout","time":3715.210910386,"data":"[6bba_062c8d37] after gap-closing (single-frame + gap2): 6050 nodes, 5755 edges\n"}
,{"stream_name":"stdout","time":3719.856539297,"data":"[6bba_062c8d37] after safe-division repair: 6050 nodes, 5761 edges (geometric_candidates = 19, deepcenter_rejected = 12, post_veto_candidates = 7, added = 6, cap_skipped = 0, mutual_nn_rejected = 2, divergence_rejected = 53)\n"}
,{"stream_name":"stdout","time":3719.856595074,"data":"[6bba_062c8d37] after division-geometry-filter+prune-isolated: 6029 nodes, 5761 edges\n"}
,{"stream_name":"stdout","time":3719.856603855,"data":"[6bba_062c8d37] after short-track filtering: 5901 nodes, 5663 edges (components_removed = 30)\n"}
,{"stream_name":"stdout","time":3721.038366956,"data":"[6bba_062c8d37] FINAL: 5901 nodes, 5663 edges\n"}
,{"stream_name":"stdout","time":3721.297815908,"data":"[6bba_07e24132] after edge-filter+motion-relink: 29751 nodes, 27967 edges\n"}
,{"stream_name":"stdout","time":3736.902833334,"data":"[6bba_07e24132] after gap-closing (single-frame + gap2): 30150 nodes, 28702 edges\n"}
,{"stream_name":"stdout","time":3756.483528945,"data":"[6bba_07e24132] after safe-division repair: 30150 nodes, 28712 edges (geometric_candidates = 130, deepcenter_rejected = 120, post_veto_candidates = 10, added = 10, cap_skipped = 0, mutual_nn_rejected = 98, divergence_rejected = 1196)\n"}
,{"stream_name":"stdout","time":3756.483579221,"data":"[6bba_07e24132] after division-geometry-filter+prune-isolated: 30150 nodes, 28712 edges\n"}
,{"stream_name":"stdout","time":3756.48358933,"data":"[6bba_07e24132] after short-track filtering: 29061 nodes, 27866 edges (components_removed = 243)\n"}
,{"stream_name":"stdout","time":3762.186290034,"data":"[6bba_07e24132] FINAL: 29061 nodes, 27866 edges\n"}
,{"stream_name":"stdout","time":3762.18634899,"data":"[6bba_085bf656] after edge-filter+motion-relink: 8417 nodes, 8082 edges\n"}
,{"stream_name":"stdout","time":3763.39583125,"data":"[6bba_085bf656] after gap-closing (single-frame + gap2): 8437 nodes, 8119 edges\n"}
,{"stream_name":"stdout","time":3769.484485222,"data":"[6bba_085bf656] after safe-division repair: 8437 nodes, 8123 edges (geometric_candidates = 22, deepcenter_rejected = 18, post_veto_candidates = 4, added = 4, cap_skipped = 0, mutual_nn_rejected = 4, divergence_rejected = 106)\n"}
,{"stream_name":"stdout","time":3769.484527886,"data":"[6bba_085bf656] after division-geometry-filter+prune-isolated: 8434 nodes, 8123 edges\n"}
,{"stream_name":"stdout","time":3769.484536244,"data":"[6bba_085bf656] after short-track filtering: 8271 nodes, 7995 edges (components_removed = 35)\n"}
,{"stream_name":"stdout","time":3771.246024817,"data":"[6bba_085bf656] FINAL: 8271 nodes, 7995 edges\n"}
,{"stream_name":"stdout","time":3771.512702704,"data":"[6bba_09961292] after edge-filter+motion-relink: 29955 nodes, 28653 edges\n"}
,{"stream_name":"stdout","time":3782.113218206,"data":"[6bba_09961292] after gap-closing (single-frame + gap2): 30229 nodes, 29156 edges\n"}
,{"stream_name":"stdout","time":3797.667432052,"data":"[6bba_09961292] after safe-division repair: 30229 nodes, 29186 edges (geometric_candidates = 125, deepcenter_rejected = 89, post_veto_candidates = 36, added = 30, cap_skipped = 0, mutual_nn_rejected = 95, divergence_rejected = 1112)\n"}
,{"stream_name":"stdout","time":3797.667478623,"data":"[6bba_09961292] after division-geometry-filter+prune-isolated: 30229 nodes, 29186 edges\n"}
,{"stream_name":"stdout","time":3797.667485287,"data":"[6bba_09961292] after short-track filtering: 29659 nodes, 28746 edges (components_removed = 130)\n"}
,{"stream_name":"stdout","time":3803.754647811,"data":"[6bba_09961292] FINAL: 29659 nodes, 28746 edges\n"}
,{"stream_name":"stdout","time":3803.928571492,"data":"VALIDATOR candidate: gap2step40 proxy = 0.971506 adjusted edge = 0.940737\n"}
,{"stream_name":"stdout","time":3804.242384293,"data":"[44b6_12dfb391] after edge-filter+motion-relink: 45351 nodes, 42870 edges\n"}
,{"stream_name":"stdout","time":3817.760028505,"data":"[44b6_12dfb391] after gap-closing (single-frame + gap2): 46068 nodes, 44229 edges\n"}
,{"stream_name":"stdout","time":3844.20102277,"data":"[44b6_12dfb391] after safe-division repair: 46068 nodes, 44261 edges (geometric_candidates = 175, deepcenter_rejected = 143, post_veto_candidates = 32, added = 32, cap_skipped = 0, mutual_nn_rejected = 67, divergence_rejected = 1699)\n"}
,{"stream_name":"stdout","time":3844.201074511,"data":"[44b6_12dfb391] after division-geometry-filter+prune-isolated: 46068 nodes, 44261 edges\n"}
,{"stream_name":"stdout","time":3844.201081155,"data":"[44b6_12dfb391] after short-track filtering: 44814 nodes, 43289 edges (components_removed = 282)\n"}
,{"stream_name":"stdout","time":3853.008609384,"data":"[44b6_12dfb391] FINAL: 44814 nodes, 43289 edges\n"}
,{"stream_name":"stdout","time":3853.388376098,"data":"[44b6_267148e4] after edge-filter+motion-relink: 22829 nodes, 21426 edges\n"}
,{"stream_name":"stdout","time":3867.672545173,"data":"[44b6_267148e4] after gap-closing (single-frame + gap2): 23106 nodes, 21927 edges\n"}
,{"stream_name":"stdout","time":3892.90271818,"data":"[44b6_267148e4] after safe-division repair: 23106 nodes, 21957 edges (geometric_candidates = 224, deepcenter_rejected = 185, post_veto_candidates = 39, added = 30, cap_skipped = 0, mutual_nn_rejected = 127, divergence_rejected = 1038)\n"}
,{"stream_name":"stdout","time":3892.902753188,"data":"[44b6_267148e4] after division-geometry-filter+prune-isolated: 23105 nodes, 21957 edges\n"}
,{"stream_name":"stdout","time":3892.902772964,"data":"[44b6_267148e4] after short-track filtering: 22305 nodes, 21335 edges (components_removed = 178)\n"}
,{"stream_name":"stdout","time":3897.079663438,"data":"[44b6_267148e4] FINAL: 22305 nodes, 21335 edges\n"}
,{"stream_name":"stdout","time":3897.513109785,"data":"[44b6_2a2eff9f] after edge-filter+motion-relink: 40928 nodes, 38160 edges\n"}
,{"stream_name":"stdout","time":3913.622378587,"data":"[44b6_2a2eff9f] after gap-closing (single-frame + gap2): 41547 nodes, 39318 edges\n"}
,{"stream_name":"stdout","time":3943.94073414,"data":"[44b6_2a2eff9f] after safe-division repair: 41547 nodes, 39362 edges (geometric_candidates = 345, deepcenter_rejected = 301, post_veto_candidates = 44, added = 44, cap_skipped = 0, mutual_nn_rejected = 84, divergence_rejected = 1869)\n"}
,{"stream_name":"stdout","time":3943.940774592,"data":"[44b6_2a2eff9f] after division-geometry-filter+prune-isolated: 41547 nodes, 39362 edges\n"}
,{"stream_name":"stdout","time":3943.94078217,"data":"[44b6_2a2eff9f] after short-track filtering: 39951 nodes, 38122 edges (components_removed = 356)\n"}
,{"stream_name":"stdout","time":3951.525475004,"data":"[44b6_2a2eff9f] FINAL: 39951 nodes, 38122 edges\n"}
,{"stream_name":"stdout","time":3951.734010866,"data":"[44b6_341df25f] after edge-filter+motion-relink: 8523 nodes, 8186 edges\n"}
,{"stream_name":"stdout","time":3954.098667177,"data":"[44b6_341df25f] after gap-closing (single-frame + gap2): 8576 nodes, 8277 edges\n"}
,{"stream_name":"stdout","time":3964.743231947,"data":"[44b6_341df25f] after safe-division repair: 8576 nodes, 8289 edges (geometric_candidates = 41, deepcenter_rejected = 27, post_veto_candidates = 14, added = 12, cap_skipped = 0, mutual_nn_rejected = 4, divergence_rejected = 155)\n"}
,{"stream_name":"stdout","time":3964.743281026,"data":"[44b6_341df25f] after division-geometry-filter+prune-isolated: 8576 nodes, 8289 edges\n"}
,{"stream_name":"stdout","time":3964.743285597,"data":"[44b6_341df25f] after short-track filtering: 8382 nodes, 8138 edges (components_removed = 43)\n"}
,{"stream_name":"stdout","time":3966.308729808,"data":"[44b6_341df25f] FINAL: 8382 nodes, 8138 edges\n"}
,{"stream_name":"stdout","time":3966.308769295,"data":"[6bba_062c8d37] after edge-filter+motion-relink: 5997 nodes, 5657 edges\n"}
,{"stream_name":"stdout","time":3967.539069532,"data":"[6bba_062c8d37] after gap-closing (single-frame + gap2): 6050 nodes, 5755 edges\n"}
,{"stream_name":"stdout","time":3972.207829586,"data":"[6bba_062c8d37] after safe-division repair: 6050 nodes, 5761 edges (geometric_candidates = 19, deepcenter_rejected = 12, post_veto_candidates = 7, added = 6, cap_skipped = 0, mutual_nn_rejected = 2, divergence_rejected = 53)\n"}
,{"stream_name":"stdout","time":3972.20788817,"data":"[6bba_062c8d37] after division-geometry-filter+prune-isolated: 6029 nodes, 5761 edges\n"}
,{"stream_name":"stdout","time":3972.20789602,"data":"[6bba_062c8d37] after short-track filtering: 5901 nodes, 5663 edges (components_removed = 30)\n"}
,{"stream_name":"stdout","time":3973.374327092,"data":"[6bba_062c8d37] FINAL: 5901 nodes, 5663 edges\n"}
,{"stream_name":"stdout","time":3973.645563326,"data":"[6bba_07e24132] after edge-filter+motion-relink: 29751 nodes, 27967 edges\n"}
,{"stream_name":"stdout","time":3988.80833203,"data":"[6bba_07e24132] after gap-closing (single-frame + gap2): 30150 nodes, 28702 edges\n"}
,{"stream_name":"stdout","time":4008.497691468,"data":"[6bba_07e24132] after safe-division repair: 30150 nodes, 28712 edges (geometric_candidates = 130, deepcenter_rejected = 120, post_veto_candidates = 10, added = 10, cap_skipped = 0, mutual_nn_rejected = 98, divergence_rejected = 1196)\n"}
,{"stream_name":"stdout","time":4008.497741181,"data":"[6bba_07e24132] after division-geometry-filter+prune-isolated: 30150 nodes, 28712 edges\n"}
,{"stream_name":"stdout","time":4008.497761691,"data":"[6bba_07e24132] after short-track filtering: 29061 nodes, 27866 edges (components_removed = 243)\n"}
,{"stream_name":"stdout","time":4014.130743475,"data":"[6bba_07e24132] FINAL: 29061 nodes, 27866 edges\n"}
,{"stream_name":"stdout","time":4014.130815103,"data":"[6bba_085bf656] after edge-filter+motion-relink: 8417 nodes, 8082 edges\n"}
,{"stream_name":"stdout","time":4015.319684251,"data":"[6bba_085bf656] after gap-closing (single-frame + gap2): 8437 nodes, 8119 edges\n"}
,{"stream_name":"stdout","time":4021.332345401,"data":"[6bba_085bf656] after safe-division repair: 8437 nodes, 8123 edges (geometric_candidates = 22, deepcenter_rejected = 18, post_veto_candidates = 4, added = 4, cap_skipped = 0, mutual_nn_rejected = 4, divergence_rejected = 106)\n"}
,{"stream_name":"stdout","time":4021.332377622,"data":"[6bba_085bf656] after division-geometry-filter+prune-isolated: 8434 nodes, 8123 edges\n"}
,{"stream_name":"stdout","time":4021.332398872,"data":"[6bba_085bf656] after short-track filtering: 8271 nodes, 7995 edges (components_removed = 35)\n"}
,{"stream_name":"stdout","time":4022.817292299,"data":"[6bba_085bf656] FINAL: 8271 nodes, 7995 edges\n"}
,{"stream_name":"stdout","time":4023.074567994,"data":"[6bba_09961292] after edge-filter+motion-relink: 29955 nodes, 28653 edges\n"}
,{"stream_name":"stdout","time":4033.516765941,"data":"[6bba_09961292] after gap-closing (single-frame + gap2): 30229 nodes, 29156 edges\n"}
,{"stream_name":"stdout","time":4049.233816062,"data":"[6bba_09961292] after safe-division repair: 30229 nodes, 29186 edges (geometric_candidates = 125, deepcenter_rejected = 89, post_veto_candidates = 36, added = 30, cap_skipped = 0, mutual_nn_rejected = 95, divergence_rejected = 1112)\n"}
,{"stream_name":"stdout","time":4049.233861608,"data":"[6bba_09961292] after division-geometry-filter+prune-isolated: 30229 nodes, 29186 edges\n"}
,{"stream_name":"stdout","time":4049.233866194,"data":"[6bba_09961292] after short-track filtering: 29659 nodes, 28746 edges (components_removed = 130)\n"}
,{"stream_name":"stdout","time":4055.092385228,"data":"[6bba_09961292] FINAL: 29659 nodes, 28746 edges\n"}
,{"stream_name":"stdout","time":4055.092418208,"data":"VALIDATOR candidate: reuse28 proxy = 0.971506 adjusted edge = 0.940737\n"}
,{"stream_name":"stdout","time":4055.475015025,"data":"[44b6_12dfb391] after edge-filter+motion-relink: 45351 nodes, 42870 edges\n"}
,{"stream_name":"stdout","time":4069.094023819,"data":"[44b6_12dfb391] after gap-closing (single-frame + gap2): 46054 nodes, 44201 edges\n"}
,{"stream_name":"stdout","time":4095.807003955,"data":"[44b6_12dfb391] after safe-division repair: 46054 nodes, 44234 edges (geometric_candidates = 177, deepcenter_rejected = 144, post_veto_candidates = 33, added = 33, cap_skipped = 0, mutual_nn_rejected = 68, divergence_rejected = 1712)\n"}
,{"stream_name":"stdout","time":4095.807040278,"data":"[44b6_12dfb391] after division-geometry-filter+prune-isolated: 46054 nodes, 44234 edges\n"}
,{"stream_name":"stdout","time":4095.80704713,"data":"[44b6_12dfb391] after short-track filtering: 44782 nodes, 43248 edges (components_removed = 286)\n"}
,{"stream_name":"stdout","time":4104.146313422,"data":"[44b6_12dfb391] FINAL: 44782 nodes, 43248 edges\n"}
,{"stream_name":"stdout","time":4104.477306421,"data":"[44b6_267148e4] after edge-filter+motion-relink: 22829 nodes, 21426 edges\n"}
,{"stream_name":"stdout","time":4118.198800884,"data":"[44b6_267148e4] after gap-closing (single-frame + gap2): 23094 nodes, 21903 edges\n"}
,{"stream_name":"stdout","time":4143.602053781,"data":"[44b6_267148e4] after safe-division repair: 23094 nodes, 21932 edges (geometric_candidates = 221, deepcenter_rejected = 186, post_veto_candidates = 35, added = 29, cap_skipped = 0, mutual_nn_rejected = 129, divergence_rejected = 1051)\n"}
,{"stream_name":"stdout","time":4143.602091694,"data":"[44b6_267148e4] after division-geometry-filter+prune-isolated: 23093 nodes, 21932 edges\n"}
,{"stream_name":"stdout","time":4143.602110401,"data":"[44b6_267148e4] after short-track filtering: 22285 nodes, 21304 edges (components_removed = 180)\n"}
,{"stream_name":"stdout","time":4147.761805869,"data":"[44b6_267148e4] FINAL: 22285 nodes, 21304 edges\n"}
,{"stream_name":"stdout","time":4148.223296469,"data":"[44b6_2a2eff9f] after edge-filter+motion-relink: 40928 nodes, 38160 edges\n"}
,{"stream_name":"stdout","time":4164.140067253,"data":"[44b6_2a2eff9f] after gap-closing (single-frame + gap2): 41529 nodes, 39282 edges\n"}
,{"stream_name":"stdout","time":4194.655547833,"data":"[44b6_2a2eff9f] after safe-division repair: 41529 nodes, 39327 edges (geometric_candidates = 349, deepcenter_rejected = 304, post_veto_candidates = 45, added = 45, cap_skipped = 0, mutual_nn_rejected = 84, divergence_rejected = 1892)\n"}
,{"stream_name":"stdout","time":4194.655591383,"data":"[44b6_2a2eff9f] after division-geometry-filter+prune-isolated: 41529 nodes, 39327 edges\n"}
,{"stream_name":"stdout","time":4194.655597815,"data":"[44b6_2a2eff9f] after short-track filtering: 39898 nodes, 38060 edges (components_removed = 364)\n"}
,{"stream_name":"stdout","time":4202.242855715,"data":"[44b6_2a2eff9f] FINAL: 39898 nodes, 38060 edges\n"}
,{"stream_name":"stdout","time":4202.443596682,"data":"[44b6_341df25f] after edge-filter+motion-relink: 8523 nodes, 8186 edges\n"}
,{"stream_name":"stdout","time":4204.527591176,"data":"[44b6_341df25f] after gap-closing (single-frame + gap2): 8576 nodes, 8277 edges\n"}
,{"stream_name":"stdout","time":4215.152647086,"data":"[44b6_341df25f] after safe-division repair: 8576 nodes, 8289 edges (geometric_candidates = 41, deepcenter_rejected = 27, post_veto_candidates = 14, added = 12, cap_skipped = 0, mutual_nn_rejected = 4, divergence_rejected = 155)\n"}
,{"stream_name":"stdout","time":4215.152702421,"data":"[44b6_341df25f] after division-geometry-filter+prune-isolated: 8576 nodes, 8289 edges\n"}
,{"stream_name":"stdout","time":4215.152727621,"data":"[44b6_341df25f] after short-track filtering: 8382 nodes, 8138 edges (components_removed = 43)\n"}
,{"stream_name":"stdout","time":4216.731372902,"data":"[44b6_341df25f] FINAL: 8382 nodes, 8138 edges\n"}
,{"stream_name":"stdout","time":4216.731418041,"data":"[6bba_062c8d37] after edge-filter+motion-relink: 5997 nodes, 5657 edges\n"}
,{"stream_name":"stdout","time":4217.971060264,"data":"[6bba_062c8d37] after gap-closing (single-frame + gap2): 6050 nodes, 5755 edges\n"}
,{"stream_name":"stdout","time":4222.601481484,"data":"[6bba_062c8d37] after safe-division repair: 6050 nodes, 5761 edges (geometric_candidates = 19, deepcenter_rejected = 12, post_veto_candidates = 7, added = 6, cap_skipped = 0, mutual_nn_rejected = 2, divergence_rejected = 53)\n"}
,{"stream_name":"stdout","time":4222.601530624,"data":"[6bba_062c8d37] after division-geometry-filter+prune-isolated: 6029 nodes, 5761 edges\n"}
,{"stream_name":"stdout","time":4222.601538521,"data":"[6bba_062c8d37] after short-track filtering: 5901 nodes, 5663 edges (components_removed = 30)\n"}
,{"stream_name":"stdout","time":4223.716440701,"data":"[6bba_062c8d37] FINAL: 5901 nodes, 5663 edges\n"}
,{"stream_name":"stdout","time":4223.970116013,"data":"[6bba_07e24132] after edge-filter+motion-relink: 29751 nodes, 27967 edges\n"}
,{"stream_name":"stdout","time":4239.389888934,"data":"[6bba_07e24132] after gap-closing (single-frame + gap2): 30148 nodes, 28698 edges\n"}
,{"stream_name":"stdout","time":4258.986632849,"data":"[6bba_07e24132] after safe-division repair: 30148 nodes, 28708 edges (geometric_candidates = 130, deepcenter_rejected = 120, post_veto_candidates = 10, added = 10, cap_skipped = 0, mutual_nn_rejected = 98, divergence_rejected = 1199)\n"}
,{"stream_name":"stdout","time":4258.986701237,"data":"[6bba_07e24132] after division-geometry-filter+prune-isolated: 30148 nodes, 28708 edges\n"}
,{"stream_name":"stdout","time":4258.986706065,"data":"[6bba_07e24132] after short-track filtering: 29049 nodes, 27854 edges (components_removed = 245)\n"}
,{"stream_name":"stdout","time":4264.462617711,"data":"[6bba_07e24132] FINAL: 29049 nodes, 27854 edges\n"}
,{"stream_name":"stdout","time":4264.46266057,"data":"[6bba_085bf656] after edge-filter+motion-relink: 8417 nodes, 8082 edges\n"}
,{"stream_name":"stdout","time":4265.676284089,"data":"[6bba_085bf656] after gap-closing (single-frame + gap2): 8437 nodes, 8119 edges\n"}
,{"stream_name":"stdout","time":4271.675311929,"data":"[6bba_085bf656] after safe-division repair: 8437 nodes, 8123 edges (geometric_candidates = 22, deepcenter_rejected = 18, post_veto_candidates = 4, added = 4, cap_skipped = 0, mutual_nn_rejected = 4, divergence_rejected = 106)\n"}
,{"stream_name":"stdout","time":4271.675352378,"data":"[6bba_085bf656] after division-geometry-filter+prune-isolated: 8434 nodes, 8123 edges\n"}
,{"stream_name":"stdout","time":4271.675357421,"data":"[6bba_085bf656] after short-track filtering: 8271 nodes, 7995 edges (components_removed = 35)\n"}
,{"stream_name":"stdout","time":4273.194059353,"data":"[6bba_085bf656] FINAL: 8271 nodes, 7995 edges\n"}
,{"stream_name":"stdout","time":4273.438920916,"data":"[6bba_09961292] after edge-filter+motion-relink: 29955 nodes, 28653 edges\n"}
,{"stream_name":"stdout","time":4284.104628332,"data":"[6bba_09961292] after gap-closing (single-frame + gap2): 30226 nodes, 29149 edges\n"}
,{"stream_name":"stdout","time":4299.578831612,"data":"[6bba_09961292] after safe-division repair: 30226 nodes, 29178 edges (geometric_candidates = 123, deepcenter_rejected = 88, post_veto_candidates = 35, added = 29, cap_skipped = 0, mutual_nn_rejected = 96, divergence_rejected = 1121)\n"}
,{"stream_name":"stdout","time":4299.578881851,"data":"[6bba_09961292] after division-geometry-filter+prune-isolated: 30226 nodes, 29178 edges\n"}
,{"stream_name":"stdout","time":4299.578888927,"data":"[6bba_09961292] after short-track filtering: 29654 nodes, 28737 edges (components_removed = 131)\n"}
,{"stream_name":"stdout","time":4305.515016494,"data":"[6bba_09961292] FINAL: 29654 nodes, 28737 edges\n"}
,{"stream_name":"stdout","time":4305.646991537,"data":"VALIDATOR candidate: dcgap035 proxy = 0.971521 adjusted edge = 0.940752\n"}
,{"stream_name":"stdout","time":4305.64702709,"data":"VALIDATOR selected config: base {}\n"}
,{"stream_name":"stdout","time":4305.954485276,"data":"VALIDATOR final submission rows: 239116\n"}
,{"stream_name":"stdout","time":4305.954518202,"data":"VALIDATOR final config: base\n"}
,{"stream_name":"stdout","time":4306.534619406,"data":"{\n"}
,{"stream_name":"stdout","time":4306.534650568,"data":"  \"configuration\": {\n"}
,{"stream_name":"stdout","time":4306.53465661,"data":"    \"bidirectional_primary_weight\": 0.15,\n"}
,{"stream_name":"stdout","time":4306.534661424,"data":"    \"deepcenter_gap_confirm_min_span_um\": 8.5,\n"}
,{"stream_name":"stdout","time":4306.534665852,"data":"    \"deepcenter_gap_threshold\": 0.25,\n"}
,{"stream_name":"stdout","time":4306.534673633,"data":"    \"deepcenter_safe_div_threshold\": 0.2,\n"}
,{"stream_name":"stdout","time":4306.534676974,"data":"    \"deepcenter_tta\": true,\n"}
,{"stream_name":"stdout","time":4306.534680087,"data":"    \"detector_threshold\": 0.965,\n"}
,{"stream_name":"stdout","time":4306.534683151,"data":"    \"edge_candidate_threshold\": 0.48,\n"}
,{"stream_name":"stdout","time":4306.534686221,"data":"    \"fallback_scope\": \"individual_frame\",\n"}
,{"stream_name":"stdout","time":4306.534689261,"data":"    \"gap_close_um\": 5.0,\n"}
,{"stream_name":"stdout","time":4306.534721674,"data":"    \"ilp_appearance_weight\": 0.0,\n"}
,{"stream_name":"stdout","time":4306.534726764,"data":"    \"ilp_disappearance_weight\": 2.0,\n"}
,{"stream_name":"stdout","time":4306.534730294,"data":"    \"minimum_candidate_retention\": 0.9,\n"}
,{"stream_name":"stdout","time":4306.534733667,"data":"    \"safe_div_max_um\": 9.0,\n"}
,{"stream_name":"stdout","time":4306.534737055,"data":"    \"safe_div_sister_max_um\": 14.0,\n"}
,{"stream_name":"stdout","time":4306.534740449,"data":"    \"safe_div_sister_symmetry_tau\": 0.6,\n"}
,{"stream_name":"stdout","time":4306.534743861,"data":"    \"secondary_detection_weight\": 0.8,\n"}
,{"stream_name":"stdout","time":4306.534747265,"data":"    \"secondary_edge_feature_tta\": true,\n"}
,{"stream_name":"stdout","time":4306.534751032,"data":"    \"secondary_edge_feature_tta_weight\": 0.75,\n"}
,{"stream_name":"stdout","time":4306.534757752,"data":"    \"secondary_edge_weight\": 0.15,\n"}
,{"stream_name":"stdout","time":4306.534760165,"data":"    \"secondary_link_mode\": \"low_margin_consensus\",\n"}
,{"stream_name":"stdout","time":4306.534762494,"data":"    \"secondary_low_margin_max\": 0.35\n"}
,{"stream_name":"stdout","time":4306.534764793,"data":"  },\n"}
,{"stream_name":"stdout","time":4306.534766937,"data":"  \"diagnostics\": {\n"}
,{"stream_name":"stdout","time":4306.534769241,"data":"    \"by_movie\": {\n"}
,{"stream_name":"stdout","time":4306.534771515,"data":"      \"44b6_0113de3b\": {\n"}
,{"stream_name":"stdout","time":4306.534773759,"data":"        \"fallback_frames\": 0,\n"}
,{"stream_name":"stdout","time":4306.53477603,"data":"        \"frames\": 100,\n"}
,{"stream_name":"stdout","time":4306.534810314,"data":"        \"median_retention\": 1.0118578927634045,\n"}
,{"stream_name":"stdout","time":4306.534815276,"data":"        \"minimum_retention\": 0.9926739926739927\n"}
,{"stream_name":"stdout","time":4306.534819188,"data":"      },\n"}
,{"stream_name":"stdout","time":4306.534822401,"data":"      \"44b6_0b24845f\": {\n"}
,{"stream_name":"stdout","time":4306.534825773,"data":"        \"fallback_frames\": 64,\n"}
,{"stream_name":"stdout","time":4306.534829268,"data":"        \"frames\": 100,\n"}
,{"stream_name":"stdout","time":4306.534832636,"data":"        \"median_retention\": 0.8618514846811123,\n"}
,{"stream_name":"stdout","time":4306.534836102,"data":"        \"minimum_retention\": 0.45307443365695793\n"}
,{"stream_name":"stdout","time":4306.534839567,"data":"      },\n"}
,{"stream_name":"stdout","time":4306.534842784,"data":"      \"6bba_05b6850b\": {\n"}
,{"stream_name":"stdout","time":4306.53484616,"data":"        \"fallback_frames\": 1,\n"}
,{"stream_name":"stdout","time":4306.534849476,"data":"        \"frames\": 100,\n"}
,{"stream_name":"stdout","time":4306.534852862,"data":"        \"median_retention\": 1.0137012012012012,\n"}
,{"stream_name":"stdout","time":4306.53485651,"data":"        \"minimum_retention\": 0.8918918918918919\n"}
,{"stream_name":"stdout","time":4306.534860104,"data":"      },\n"}
,{"stream_name":"stdout","time":4306.534866962,"data":"      \"6bba_05db0fb1\": {\n"}
,{"stream_name":"stdout","time":4306.534869557,"data":"        \"fallback_frames\": 0,\n"}
,{"stream_name":"stdout","time":4306.534871773,"data":"        \"frames\": 100,\n"}
,{"stream_name":"stdout","time":4306.534873974,"data":"        \"median_retention\": 1.0110725229826354,\n"}
,{"stream_name":"stdout","time":4306.534876276,"data":"        \"minimum_retention\": 0.9715142428785607\n"}
,{"stream_name":"stdout","time":4306.534878514,"data":"      }\n"}
,{"stream_name":"stdout","time":4306.534881299,"data":"    },\n"}
,{"stream_name":"stdout","time":4306.534899301,"data":"    \"fallback_frames\": 65,\n"}
,{"stream_name":"stdout","time":4306.534903854,"data":"    \"rows\": 400\n"}
,{"stream_name":"stdout","time":4306.534907934,"data":"  },\n"}
,{"stream_name":"stdout","time":4306.534911646,"data":"  \"experiment\": \"secondary_deepcenter_tta_0947_v1\",\n"}
,{"stream_name":"stdout","time":4306.534915176,"data":"  \"hardware\": {\n"}
,{"stream_name":"stdout","time":4306.534918556,"data":"    \"visible_gpu_count\": 2\n"}
,{"stream_name":"stdout","time":4306.534921908,"data":"  },\n"}
,{"stream_name":"stdout","time":4306.534925202,"data":"  \"leaderboard_feedback_used_for_configuration\": true,\n"}
,{"stream_name":"stdout","time":4306.534930865,"data":"  \"method_attribution\": \"0.933 fixed-90 dual-seed baseline -\u003e 0.934 harmonic mutual-support fusion -\u003e 0.939 wider divisions and calmer fusion -\u003e 0.941 repair-threshold adaptation -\u003e 0.946 primary edge-feature TTA + held-out post-process selection -\u003e 0.947 secondary feature TTA + DeepCenter TTA\",\n"}
,{"stream_name":"stdout","time":4306.534936508,"data":"  \"metric_hack_used\": false,\n"}
,{"stream_name":"stdout","time":4306.534939903,"data":"  \"organizer_labels_used_for_configuration\": false,\n"}
,{"stream_name":"stdout","time":4306.534943386,"data":"  \"parent_experiment\": \"edge_feature_tta_0946_v1\",\n"}
,{"stream_name":"stdout","time":4306.534946945,"data":"  \"public_output_used\": false,\n"}
,{"stream_name":"stdout","time":4306.534950368,"data":"  \"quality_promotion\": {\n"}
,{"stream_name":"stdout","time":4306.534953812,"data":"    \"required_condition\": \"none\",\n"}
,{"stream_name":"stdout","time":4306.534957356,"data":"    \"status\": \"verified_public_lb_0947\",\n"}
,{"stream_name":"stdout","time":4306.534960948,"data":"    \"validated_receipt_sha256\": null\n"}
,{"stream_name":"stdout","time":4306.534964439,"data":"  },\n"}
,{"stream_name":"stdout","time":4306.534971217,"data":"  \"source_kernel\": \"raykkretzschmar/biohub-bidirectional-primary-union13-diagnostic-v1\",\n"}
,{"stream_name":"stdout","time":4306.534973961,"data":"  \"source_notebook_sha256\": \"3e65ca691941949196bf417030ea84fccafe16baaec174b2a63540451bb937e8\",\n"}
,{"stream_name":"stdout","time":4306.534977212,"data":"  \"status\": \"verified_public_lb_0947\",\n"}
,{"stream_name":"stdout","time":4306.534990057,"data":"  \"submission\": {\n"}
,{"stream_name":"stdout","time":4306.534994032,"data":"    \"datasets\": [\n"}
,{"stream_name":"stdout","time":4306.534997924,"data":"      \"44b6_0113de3b\",\n"}
,{"stream_name":"stdout","time":4306.535001856,"data":"      \"44b6_0b24845f\",\n"}
,{"stream_name":"stdout","time":4306.535005585,"data":"      \"6bba_05b6850b\",\n"}
,{"stream_name":"stdout","time":4306.535008964,"data":"      \"6bba_05db0fb1\"\n"}
,{"stream_name":"stdout","time":4306.535012272,"data":"    ],\n"}
,{"stream_name":"stdout","time":4306.535015499,"data":"    \"rows\": 239116,\n"}
,{"stream_name":"stdout","time":4306.535018973,"data":"    \"sha256\": \"61b31ca459a2ab4f7d3f04c257b73c5cbe75b5943534f959c5b9f234f61348ae\"\n"}
,{"stream_name":"stdout","time":4306.535022594,"data":"  },\n"}
,{"stream_name":"stdout","time":4306.535025867,"data":"  \"topology\": {\n"}
,{"stream_name":"stdout","time":4306.535029167,"data":"    \"44b6_0113de3b\": {\n"}
,{"stream_name":"stdout","time":4306.535032492,"data":"      \"division_parents\": 49,\n"}
,{"stream_name":"stdout","time":4306.535035852,"data":"      \"edges\": 24979,\n"}
,{"stream_name":"stdout","time":4306.535039182,"data":"      \"max_indegree\": 1,\n"}
,{"stream_name":"stdout","time":4306.535042526,"data":"      \"max_outdegree\": 2,\n"}
,{"stream_name":"stdout","time":4306.535049707,"data":"      \"nodes\": 25648\n"}
,{"stream_name":"stdout","time":4306.535053147,"data":"    },\n"}
,{"stream_name":"stdout","time":4306.535056472,"data":"    \"44b6_0b24845f\": {\n"}
,{"stream_name":"stdout","time":4306.535062732,"data":"      \"division_parents\": 29,\n"}
,{"stream_name":"stdout","time":4306.535065685,"data":"      \"edges\": 19080,\n"}
,{"stream_name":"stdout","time":4306.535067902,"data":"      \"max_indegree\": 1,\n"}
,{"stream_name":"stdout","time":4306.535080255,"data":"      \"max_outdegree\": 2,\n"}
,{"stream_name":"stdout","time":4306.535084229,"data":"      \"nodes\": 20501\n"}
,{"stream_name":"stdout","time":4306.535088149,"data":"    },\n"}
,{"stream_name":"stdout","time":4306.53509181,"data":"    \"6bba_05b6850b\": {\n"}
,{"stream_name":"stdout","time":4306.535096118,"data":"      \"division_parents\": 10,\n"}
,{"stream_name":"stdout","time":4306.53510015,"data":"      \"edges\": 5902,\n"}
,{"stream_name":"stdout","time":4306.535103529,"data":"      \"max_indegree\": 1,\n"}
,{"stream_name":"stdout","time":4306.535106922,"data":"      \"max_outdegree\": 2,\n"}
,{"stream_name":"stdout","time":4306.535110306,"data":"      \"nodes\": 6106\n"}
,{"stream_name":"stdout","time":4306.535113648,"data":"    },\n"}
,{"stream_name":"stdout","time":4306.535116887,"data":"    \"6bba_05db0fb1\": {\n"}
,{"stream_name":"stdout","time":4306.535120272,"data":"      \"division_parents\": 46,\n"}
,{"stream_name":"stdout","time":4306.535123711,"data":"      \"edges\": 67147,\n"}
,{"stream_name":"stdout","time":4306.535127134,"data":"      \"max_indegree\": 1,\n"}
,{"stream_name":"stdout","time":4306.535130503,"data":"      \"max_outdegree\": 2,\n"}
,{"stream_name":"stdout","time":4306.53513389,"data":"      \"nodes\": 69753\n"}
,{"stream_name":"stdout","time":4306.535137332,"data":"    }\n"}
,{"stream_name":"stdout","time":4306.535140544,"data":"  }\n"}
,{"stream_name":"stdout","time":4306.535143769,"data":"}\n"}
,{"stream_name":"stdout","time":4306.535147018,"data":"PRODUCTION SUBMISSION PIPELINE: COMPLETE\n"}
,{"stream_name":"stdout","time":4306.535150486,"data":"Submission path: /kaggle/working/submission.csv\n"}
,{"stream_name":"stdout","time":4306.535157272,"data":"Verified progression preserved: 0.933 -\u003e 0.934 -\u003e 0.939 -\u003e 0.941 -\u003e 0.946 -\u003e 0.947\n"}
,{"stream_name":"stderr","time":4312.058880923,"data":"/usr/local/lib/python3.12/dist-packages/mistune.py:435: SyntaxWarning: invalid escape sequence '\\|'\n"}
,{"stream_name":"stderr","time":4312.058908097,"data":"  cells[i][c] = re.sub('\\\\\\\\\\|', '|', cell)\n"}
,{"stream_name":"stderr","time":4312.189867668,"data":"/usr/local/lib/python3.12/dist-packages/nbconvert/filters/filter_links.py:36: SyntaxWarning: invalid escape sequence '\\_'\n"}
,{"stream_name":"stderr","time":4312.189893112,"data":"  text = re.sub(r'_', '\\_', text) # Escape underscores in display text\n"}
,{"stream_name":"stderr","time":4312.903099727,"data":"[NbConvertApp] Converting notebook __notebook__.ipynb to notebook\n"}
,{"stream_name":"stderr","time":4313.54808066,"data":"[NbConvertApp] Writing 580658 bytes to __notebook__.ipynb\n"}
,{"stream_name":"stderr","time":4316.029811472,"data":"[NbConvertApp] Converting notebook __notebook__.ipynb to html\n"}
,{"stream_name":"stderr","time":4317.584548421,"data":"[NbConvertApp] Writing 1514046 bytes to __results__.html\n"}
]