[{"stream_name":"stderr","time":5.730091719,"data":"0.00s - Debugger warning: It seems that frozen modules are being used, which may\n"}
,{"stream_name":"stderr","time":5.730150045,"data":"0.00s - make the debugger miss breakpoints. Please pass -Xfrozen_modules=off\n"}
,{"stream_name":"stderr","time":5.730156266,"data":"0.00s - to python to disable frozen modules.\n"}
,{"stream_name":"stderr","time":5.730160403,"data":"0.00s - Note: Debugging will proceed. Set PYDEVD_DISABLE_FILE_VALIDATION=1 to disable this validation.\n"}
,{"stream_name":"stderr","time":6.277560064,"data":"0.00s - Debugger warning: It seems that frozen modules are being used, which may\n"}
,{"stream_name":"stderr","time":6.27759597,"data":"0.00s - make the debugger miss breakpoints. Please pass -Xfrozen_modules=off\n"}
,{"stream_name":"stderr","time":6.27760059,"data":"0.00s - to python to disable frozen modules.\n"}
,{"stream_name":"stderr","time":6.2776042,"data":"0.00s - Note: Debugging will proceed. Set PYDEVD_DISABLE_FILE_VALIDATION=1 to disable this validation.\n"}
,{"stream_name":"stdout","time":7.939971047,"data":"BIOHUB_PRESET: harmonic_v3_division_wide\n"}
,{"stream_name":"stdout","time":7.940018639,"data":"BIOHUB_SCORE_AXIS: 0.933 baseline -\u003e 0.934 harmonic fusion -\u003e 0.939 wider divisions/calmer fusion -\u003e 0.941 repair adaptation -\u003e 0.946 primary edge-feature TTA -\u003e 0.947 secondary feature TTA + DeepCenter TTA\n"}
,{"stream_name":"stdout","time":7.940024496,"data":"Configuration guard: PASS\n"}
,{"stream_name":"stdout","time":7.940027012,"data":"Verified score progression: 0.933 -\u003e 0.934 -\u003e 0.939 -\u003e 0.941 -\u003e 0.946 -\u003e 0.947\n"}
,{"stream_name":"stdout","time":7.940029975,"data":"Previous verified configuration: public LB 0.946\n"}
,{"stream_name":"stdout","time":7.940032324,"data":"Current verified configuration: public LB 0.947\n"}
,{"stream_name":"stdout","time":7.940034678,"data":"0.946 primary edge-feature TTA retained with eight aligned D4 views\n"}
,{"stream_name":"stdout","time":7.940036932,"data":"0.947 change: secondary feature TTA blend 0.75 + DeepCenter TTA + safe-div threshold 0.20\n"}
,{"stream_name":"stdout","time":7.940039221,"data":"Reverse-time association weight retained at 0.150\n"}
,{"stream_name":"stdout","time":8.633128020000001,"data":"Biohub learned UNet + node-transformer + ILP submission\n"}
,{"stream_name":"stdout","time":8.633158212,"data":"COMP_DIR: /kaggle/input/competitions/biohub-cell-tracking-during-development exists: True\n"}
,{"stream_name":"stdout","time":8.633163399,"data":"TEST_DIR: /kaggle/input/competitions/biohub-cell-tracking-during-development/test exists: True\n"}
,{"stream_name":"stdout","time":8.633178133,"data":"{\n"}
,{"stream_name":"stdout","time":8.633205599,"data":"  \"adaptive_short_track_rescue\": true,\n"}
,{"stream_name":"stdout","time":8.633213246,"data":"  \"allow_artifact_fallback\": true,\n"}
,{"stream_name":"stdout","time":8.633217972,"data":"  \"allow_pip_install\": false,\n"}
,{"stream_name":"stdout","time":8.633222414,"data":"  \"deepcenter_checkpoint_default\": \"/kaggle/input/biohub-deepcenter-unet3d-center-prior-v1/weights/full_frame_center/best.pt\",\n"}
,{"stream_name":"stdout","time":8.633227209,"data":"  \"deepcenter_expected_epoch\": 2,\n"}
,{"stream_name":"stdout","time":8.633231489,"data":"  \"deepcenter_gap_add_gate\": true,\n"}
,{"stream_name":"stdout","time":8.633235938,"data":"  \"deepcenter_gap_confirm_min_span_um\": 8.5,\n"}
,{"stream_name":"stdout","time":8.633244402,"data":"  \"deepcenter_gap_threshold\": 0.25,\n"}
,{"stream_name":"stdout","time":8.633247657,"data":"  \"deepcenter_safe_div_add_gate\": true,\n"}
,{"stream_name":"stdout","time":8.633266901,"data":"  \"deepcenter_safe_div_threshold\": 0.2,\n"}
,{"stream_name":"stdout","time":8.633269674,"data":"  \"deepcenter_tta\": true,\n"}
,{"stream_name":"stdout","time":8.633271941,"data":"  \"det_threshold\": 0.965,\n"}
,{"stream_name":"stdout","time":8.633274251,"data":"  \"div_drop_to_single_if_bad\": true,\n"}
,{"stream_name":"stdout","time":8.633276546,"data":"  \"div_parent_max_um\": 10.5,\n"}
,{"stream_name":"stdout","time":8.633288729,"data":"  \"div_sister_max_um\": 8.0,\n"}
,{"stream_name":"stdout","time":8.633293039,"data":"  \"experiment_tag\": \"secondary_deepcenter_tta_0947\",\n"}
,{"stream_name":"stdout","time":8.633297229,"data":"  \"gap2_frame_frac_cap\": 0.006,\n"}
,{"stream_name":"stdout","time":8.633301295999999,"data":"  \"gap2_max_links_abs\": 180,\n"}
,{"stream_name":"stdout","time":8.633305423,"data":"  \"gap2_max_links_frac\": 0.0045,\n"}
,{"stream_name":"stdout","time":8.633309489,"data":"  \"gap2_max_step_um\": 4.4,\n"}
,{"stream_name":"stdout","time":8.633312878,"data":"  \"gap2_max_total_um\": 10.2,\n"}
,{"stream_name":"stdout","time":8.633316261000001,"data":"  \"gap2_require_context\": true,\n"}
,{"stream_name":"stdout","time":8.633319698,"data":"  \"gap_close_effective_max_gap\": 1,\n"}
,{"stream_name":"stdout","time":8.63332318,"data":"  \"gap_close_max_added_abs\": 2000,\n"}
,{"stream_name":"stdout","time":8.633326543,"data":"  \"gap_close_max_added_frac\": 0.05,\n"}
,{"stream_name":"stdout","time":8.633329904,"data":"  \"gap_close_max_gap\": 2,\n"}
,{"stream_name":"stdout","time":8.633333243,"data":"  \"gap_close_reuse_existing\": true,\n"}
,{"stream_name":"stdout","time":8.633336782,"data":"  \"gap_close_reuse_um\": 3.2,\n"}
,{"stream_name":"stdout","time":8.633340132,"data":"  \"gap_close_um\": 5.0,\n"}
,{"stream_name":"stdout","time":8.633343488,"data":"  \"gap_density_adaptive\": true,\n"}
,{"stream_name":"stdout","time":8.63334737,"data":"  \"gap_density_gain\": 0.04,\n"}
,{"stream_name":"stdout","time":8.633350776,"data":"  \"gap_density_max_step_delta_um\": 0.125,\n"}
,{"stream_name":"stdout","time":8.633358268,"data":"  \"gap_density_neighbors\": 3,\n"}
,{"stream_name":"stdout","time":8.633360838,"data":"  \"gap_density_reference_um\": 6.5,\n"}
,{"stream_name":"stdout","time":8.633363076,"data":"  \"gap_refine_max_shift_um\": 3.2,\n"}
,{"stream_name":"stdout","time":8.63336527,"data":"  \"gap_refine_synthetic\": true,\n"}
,{"stream_name":"stdout","time":8.633367463,"data":"  \"gap_refine_win_yx\": 3,\n"}
,{"stream_name":"stdout","time":8.633369639,"data":"  \"gap_refine_win_z\": 1,\n"}
,{"stream_name":"stdout","time":8.633371846,"data":"  \"ilp_appearance_weight\": 0.0,\n"}
,{"stream_name":"stdout","time":8.633382701,"data":"  \"ilp_disappearance_weight\": 2.0,\n"}
,{"stream_name":"stdout","time":8.633386708,"data":"  \"ilp_division_weight\": 1.2,\n"}
,{"stream_name":"stdout","time":8.633390549,"data":"  \"ilp_edge_weight\": -1.0,\n"}
,{"stream_name":"stdout","time":8.633394162,"data":"  \"method\": \"unet_transformer\",\n"}
,{"stream_name":"stdout","time":8.633398381,"data":"  \"motion_relink_learned_bonus\": 1.0,\n"}
,{"stream_name":"stdout","time":8.633402316,"data":"  \"motion_relink_max_frame_nodes\": 2600,\n"}
,{"stream_name":"stdout","time":8.633405753,"data":"  \"motion_relink_relaxed_um\": 10.0,\n"}
,{"stream_name":"stdout","time":8.633409159,"data":"  \"motion_relink_tight_um\": 6.0,\n"}
,{"stream_name":"stdout","time":8.633412467,"data":"  \"motion_relink_velocity_weight\": 0.5,\n"}
,{"stream_name":"stdout","time":8.633415871,"data":"  \"output_division_geometry_filter\": false,\n"}
,{"stream_name":"stdout","time":8.633427174,"data":"  \"output_edge_max_um\": 14.0,\n"}
,{"stream_name":"stdout","time":8.633430841,"data":"  \"output_enforce_next_frame\": true,\n"}
,{"stream_name":"stdout","time":8.633435566,"data":"  \"output_filter_short_tracks\": true,\n"}
,{"stream_name":"stdout","time":8.633439006,"data":"  \"output_gap2_recovery\": true,\n"}
,{"stream_name":"stdout","time":8.633442345,"data":"  \"output_gap_close\": true,\n"}
,{"stream_name":"stdout","time":8.633445764,"data":"  \"output_keep_division_components\": true,\n"}
,{"stream_name":"stdout","time":8.633449107,"data":"  \"output_linefit_smooth\": true,\n"}
,{"stream_name":"stdout","time":8.633452451,"data":"  \"output_linefit_weight\": 0.8,\n"}
,{"stream_name":"stdout","time":8.633455892,"data":"  \"output_linefit_window\": 2,\n"}
,{"stream_name":"stdout","time":8.633462149,"data":"  \"output_min_track_len\": 6,\n"}
,{"stream_name":"stdout","time":8.633464582,"data":"  \"output_motion_relink\": true,\n"}
,{"stream_name":"stdout","time":8.633477023,"data":"  \"output_prune_isolated\": true,\n"}
,{"stream_name":"stdout","time":8.63348119,"data":"  \"output_safe_divisions\": true,\n"}
,{"stream_name":"stdout","time":8.63348525,"data":"  \"output_single_child_repair\": false,\n"}
,{"stream_name":"stdout","time":8.633489246,"data":"  \"output_single_parent_repair\": true,\n"}
,{"stream_name":"stdout","time":8.633493091,"data":"  \"primary_artifact_manifest\": \"/kaggle/input/datasets/pilkwang/biohub-tracking-support-pack-50ep-v1/ARTIFACT_MANIFEST.json\",\n"}
,{"stream_name":"stdout","time":8.633497166,"data":"  \"safe_div_existing_child_max_um\": 10.0,\n"}
,{"stream_name":"stdout","time":8.633500633,"data":"  \"safe_div_frame_frac_cap\": 0.0076,\n"}
,{"stream_name":"stdout","time":8.633504022,"data":"  \"safe_div_global_frac_cap\": 0.00375,\n"}
,{"stream_name":"stdout","time":8.633507532,"data":"  \"safe_div_max_um\": 9.0,\n"}
,{"stream_name":"stdout","time":8.633510815,"data":"  \"safe_div_sister_max_um\": 14.0,\n"}
,{"stream_name":"stdout","time":8.633514178,"data":"  \"secondary_edge_feature_tta\": true,\n"}
,{"stream_name":"stdout","time":8.633517556,"data":"  \"secondary_edge_feature_tta_weight\": 0.75,\n"}
,{"stream_name":"stdout","time":8.633520964,"data":"  \"short_track_rescue_max_mean_edge_dist_um\": 3.0,\n"}
,{"stream_name":"stdout","time":8.633524362,"data":"  \"short_track_rescue_max_nodes_abs\": 120,\n"}
,{"stream_name":"stdout","time":8.633527761,"data":"  \"short_track_rescue_max_nodes_frac\": 0.012,\n"}
,{"stream_name":"stdout","time":8.633531172,"data":"  \"short_track_rescue_min_len\": 4,\n"}
,{"stream_name":"stdout","time":8.633534549,"data":"  \"short_track_rescue_min_mean_edge_prob\": 0.88,\n"}
,{"stream_name":"stdout","time":8.633537927,"data":"  \"short_track_rescue_trigger_removed_frac\": 0.1,\n"}
,{"stream_name":"stdout","time":8.633541385000001,"data":"  \"slice\": \"\",\n"}
,{"stream_name":"stdout","time":8.633544874,"data":"  \"target_artifact_slug\": \"biohub-tracking-support-pack\",\n"}
,{"stream_name":"stdout","time":8.633548708,"data":"  \"unet_batch_size\": 4,\n"}
,{"stream_name":"stdout","time":8.633564879,"data":"  \"use_deepcenter_add_only_gate\": true,\n"}
,{"stream_name":"stdout","time":8.633576173,"data":"  \"use_ilp\": true,\n"}
,{"stream_name":"stdout","time":8.63358024,"data":"  \"weights\": \"weights/unet_transformer/split_0/edge_predictor_best.pth\"\n"}
,{"stream_name":"stdout","time":8.633584284,"data":"}\n"}
,{"stream_name":"stdout","time":8.633588235,"data":"ARTIFACTS: /kaggle/input/datasets/pilkwang/biohub-tracking-support-pack-50ep-v1\n"}
,{"stream_name":"stdout","time":8.6335999,"data":"Has offline wheels: True\n"}
,{"stream_name":"stdout","time":8.633603481,"data":"Artifact name: biohub-tracking-support-pack-400ep-snapshot-v1\n"}
,{"stream_name":"stdout","time":8.633606924,"data":"Weight sha256: 12f6881ee3620a831697ca098ff8f48e687a24225f4e048b538deec3562fe771\n"}
,{"stream_name":"stdout","time":8.633610398,"data":"Weight path: weights/unet_transformer/split_0/edge_predictor_best.pth\n"}
,{"stream_name":"stdout","time":9.153635899,"data":"Installing missing packages from offline package dirs: ['polars']\n"}
,{"stream_name":"stdout","time":9.153662851,"data":"Dependency resolver is disabled with --no-deps to avoid replacing Kaggle numpy/scipy in a live kernel.\n"}
,{"stream_name":"stdout","time":9.15366793,"data":"Offline package dirs: ['/kaggle/input/datasets/pilkwang/biohub-tracking-support-pack-50ep-v1/wheels']\n"}
,{"stream_name":"stdout","time":14.522073364,"data":"Offline dependency install succeeded.\n"}
,{"stream_name":"stdout","time":14.522113319,"data":"Installing missing packages from offline package dirs: ['tracksdata', 'zarr', 'pyscipopt', 'geff', 'geff_spec', 'ilpy', 'imagecodecs', 'rustworkx', 'numcodecs', 'donfig', 'bidict']\n"}
,{"stream_name":"stdout","time":14.522118406,"data":"Dependency resolver is disabled with --no-deps to avoid replacing Kaggle numpy/scipy in a live kernel.\n"}
,{"stream_name":"stdout","time":14.522121774,"data":"Offline package dirs: ['/kaggle/input/datasets/pilkwang/biohub-tracking-support-pack-50ep-v1/wheels']\n"}
,{"stream_name":"stdout","time":34.414943964,"data":"Offline dependency install succeeded.\n"}
,{"stream_name":"stderr","time":40.988670634,"data":"/usr/local/lib/python3.12/dist-packages/dask/array/image.py:7: FutureWarning: `find_available_plugins` is deprecated since version 0.25 and will be removed in version 0.27. The plugin infrastructure of `skimage.io` is deprecated. Instead, use `imageio` or other I/O packages directly.\n"}
,{"stream_name":"stderr","time":40.988720183,"data":"  from skimage.io import imread as sk_imread\n"}
,{"stream_name":"stderr","time":40.988726114,"data":"/usr/lib/python3.12/importlib/__init__.py:90: FutureWarning: `reset_plugins` is deprecated since version 0.25 and will be removed in version 0.27. The plugin infrastructure of `skimage.io` is deprecated. Instead, use `imageio` or other I/O packages directly.\n"}
,{"stream_name":"stderr","time":40.98873132,"data":"  return _bootstrap._gcd_import(name[level:], package, level)\n"}
,{"stream_name":"stderr","time":40.988740341,"data":"\n"}
,{"stream_name":"stderr","time":40.98874354,"data":"/usr/local/lib/python3.12/dist-packages/dask/array/image.py:7: FutureWarning: `find_available_plugins` is deprecated since version 0.25 and will be removed in version 0.27. The plugin infrastructure of `skimage.io` is deprecated. Instead, use `imageio` or other I/O packages directly.\n"}
,{"stream_name":"stderr","time":40.988747619,"data":"  from skimage.io import imread as sk_imread\n"}
,{"stream_name":"stderr","time":40.988750688,"data":"/usr/lib/python3.12/importlib/__init__.py:90: FutureWarning: `reset_plugins` is deprecated since version 0.25 and will be removed in version 0.27. The plugin infrastructure of `skimage.io` is deprecated. Instead, use `imageio` or other I/O packages directly.\n"}
,{"stream_name":"stderr","time":40.988754051,"data":"  return _bootstrap._gcd_import(name[level:], package, level)\n"}
,{"stream_name":"stdout","time":41.168254594,"data":"Required graph/Zarr/ILP packages import successfully.\n"}
,{"stream_name":"stdout","time":41.168300011,"data":"Inference repo: /kaggle/working/tracking_repo\n"}
,{"stream_name":"stdout","time":41.168323778,"data":"Weights: /kaggle/working/tracking_repo/weights/unet_transformer/split_0/edge_predictor_best.pth\n"}
,{"stream_name":"stdout","time":42.231862967,"data":"Support repo Python manifest SHA256: 978b626d1fd1e7397435a437dfe68691defe1572fc3c20e61012d7c9b52ed029\n"}
,{"stream_name":"stdout","time":42.231888882,"data":"Primary materialized SHA256: 12f6881ee3620a831697ca098ff8f48e687a24225f4e048b538deec3562fe771\n"}
,{"stream_name":"stdout","time":42.23189493,"data":"DeepCenter materialized SHA256: 8040999a92f6b7bbd98fa8cf458141e045c0f9ad7c936bdb3b18e1f7edafe2a0\n"}
,{"stream_name":"stdout","time":220.047627559,"data":"Secondary artifact: /kaggle/input/datasets/pilkwang/biohub-temporal-unet3d-seed314159-v1\n"}
,{"stream_name":"stdout","time":220.047682692,"data":"Secondary weight: /kaggle/working/secondary_seed_weights/unet_transformer/split_0/edge_predictor_best.pth\n"}
,{"stream_name":"stdout","time":220.047690456,"data":"Secondary SHA256: 9bac2fa0dadc4a6fc1899e0caf187f4b553e0a7cd90ba1261a68b35ffe9e305f\n"}
,{"stream_name":"stdout","time":220.047695891,"data":"Secondary edge-logit weight: 0.15\n"}
,{"stream_name":"stdout","time":220.047700881,"data":"Secondary edge-feature TTA blend: 0.75\n"}
,{"stream_name":"stdout","time":220.047705264,"data":"Runtime integrity receipt: /kaggle/working/bidirectional_production_runtime_integrity.json\n"}
,{"stream_name":"stdout","time":223.238309932,"data":"CUDA device: Tesla T4\n"}
,{"stream_name":"stdout","time":223.23833924,"data":"Eight-view D4 detection TTA patch applied\n"}
,{"stream_name":"stdout","time":223.238345149,"data":"Calibrated dual-seed runtime patch applied\n"}
,{"stream_name":"stdout","time":223.238350675,"data":"Frozen frame retention guard applied at 0.90\n"}
,{"stream_name":"stdout","time":223.238355837,"data":"Bidirectional harmonic-probability association fusion applied | weight: 0.15\n"}
,{"stream_name":"stdout","time":223.238361669,"data":"Pre-ILP detector-coordinate manifest hook applied\n"}
,{"stream_name":"stdout","time":223.238366177,"data":"Edge-feature TTA patch installed and enabled\n"}
,{"stream_name":"stdout","time":223.238370609,"data":"Found 4 test videos\n"}
,{"stream_name":"stdout","time":223.238375138,"data":"['44b6_0113de3b', '44b6_0b24845f', '6bba_05b6850b', '6bba_05db0fb1']\n"}
,{"stream_name":"stdout","time":223.238379567,"data":"Launching 2 independent video shards on CUDA devices ['0', '1']\n"}
,{"stream_name":"stdout","time":223.238384353,"data":"GPU shard 0: CUDA_VISIBLE_DEVICES = 0 | /usr/bin/python3 scripts/predict_unet_transformer.py --data-dir /kaggle/input/competitions/biohub-cell-tracking-during-development/test --splits kaggle_test_splits_50ep.json --split 0 --weights weights/unet_transformer/split_0/edge_predictor_best.pth --unet-batch-size 4 --det-threshold 0.965 --ilp-edge-weight -1.0 --ilp-appearance-weight 0.0 --ilp-disappearance-weight 2.0 --ilp-division-weight 1.2 --use-ilp --method unet_transformer_gpu0 --slice 0::2\n"}
,{"stream_name":"stdout","time":223.240077331,"data":"GPU shard 1: CUDA_VISIBLE_DEVICES = 1 | /usr/bin/python3 scripts/predict_unet_transformer.py --data-dir /kaggle/input/competitions/biohub-cell-tracking-during-development/test --splits kaggle_test_splits_50ep.json --split 0 --weights weights/unet_transformer/split_0/edge_predictor_best.pth --unet-batch-size 4 --det-threshold 0.965 --ilp-edge-weight -1.0 --ilp-appearance-weight 0.0 --ilp-disappearance-weight 2.0 --ilp-division-weight 1.2 --use-ilp --method unet_transformer_gpu1 --slice 1::2\n"}
,{"stream_name":"stdout","time":228.141750041,"data":"/usr/local/lib/python3.12/dist-packages/dask/array/image.py:7: FutureWarning: `find_available_plugins` is deprecated since version 0.25 and will be removed in version 0.27. The plugin infrastructure of `skimage.io` is deprecated. Instead, use `imageio` or other I/O packages directly.\n"}
,{"stream_name":"stdout","time":228.142720356,"data":"  from skimage.io import imread as sk_imread\n"}
,{"stream_name":"stdout","time":228.146582973,"data":"/usr/lib/python3.12/importlib/__init__.py:90: FutureWarning: `reset_plugins` is deprecated since version 0.25 and will be removed in version 0.27. The plugin infrastructure of `skimage.io` is deprecated. Instead, use `imageio` or other I/O packages directly.\n"}
,{"stream_name":"stdout","time":228.147743253,"data":"  return _bootstrap._gcd_import(name[level:], package, level)\n"}
,{"stream_name":"stdout","time":228.209948588,"data":"/usr/local/lib/python3.12/dist-packages/dask/array/image.py:7: FutureWarning: `find_available_plugins` is deprecated since version 0.25 and will be removed in version 0.27. The plugin infrastructure of `skimage.io` is deprecated. Instead, use `imageio` or other I/O packages directly.\n"}
,{"stream_name":"stdout","time":228.211288767,"data":"  from skimage.io import imread as sk_imread\n"}
,{"stream_name":"stdout","time":228.215590737,"data":"/usr/lib/python3.12/importlib/__init__.py:90: FutureWarning: `reset_plugins` is deprecated since version 0.25 and will be removed in version 0.27. The plugin infrastructure of `skimage.io` is deprecated. Instead, use `imageio` or other I/O packages directly.\n"}
,{"stream_name":"stdout","time":228.216915901,"data":"  return _bootstrap._gcd_import(name[level:], package, level)\n"}
,{"stream_name":"stdout","time":228.82593902,"data":"Secondary model: /kaggle/working/secondary_seed_weights/unet_transformer/split_0/edge_predictor_best.pth | edge weight = 0.150 | detection weight = 0.800 | link mode = low_margin_consensus | temperature = 1.000 | low-margin max = 0.350 | edge threshold = 0.480\n"}
,{"stream_name":"stdout","time":228.826703541,"data":"Fold 0: 2 datasets | weights=weights/unet_transformer/split_0/edge_predictor_best.pth | device=cuda | window_size=2 | pool_kernel_um=3.0\n"}
,{"stream_name":"stdout","time":228.827709073,"data":"Secondary model: /kaggle/working/secondary_seed_weights/unet_transformer/split_0/edge_predictor_best.pth | edge weight = 0.150 | detection weight = 0.800 | link mode = low_margin_consensus | temperature = 1.000 | low-margin max = 0.350 | edge threshold = 0.480\n"}
,{"stream_name":"stdout","time":228.828793455,"data":"Fold 0: 2 datasets | weights=weights/unet_transformer/split_0/edge_predictor_best.pth | device=cuda | window_size=2 | pool_kernel_um=3.0\n"}
,{"stream_name":"stdout","time":230.586604152,"data":"EDGE_TTA_ACTIVE views = 8 mean_abs_feat_delta = 0.323238\n"}
,{"stream_name":"stdout","time":230.587534788,"data":"EDGE_TTA_ACTIVE views = 8 mean_abs_feat_delta = 0.360585\n"}
,{"stream_name":"stdout","time":231.451468827,"data":"SECONDARY_EDGE_TTA_ACTIVE views = 8 weight = 0.75 mean_abs_feat_delta = 0.230737\n"}
,{"stream_name":"stdout","time":231.470738043,"data":"SECONDARY_EDGE_TTA_ACTIVE views = 8 weight = 0.75 mean_abs_feat_delta = 0.28166\n"}
,{"stream_name":"stdout","time":231.55873392,"data":"BIOHUB_RETENTION_GUARD {\"blended_candidates\": 387, \"dataset\": \"44b6_0b24845f\", \"frame\": 0, \"minimum_retention\": 0.9, \"primary_candidates\": 465, \"retention\": 0.832258064516129, \"use_primary\": true}\n"}
,{"stream_name":"stdout","time":231.560498007,"data":"BIOHUB_RETENTION_GUARD {\"blended_candidates\": 391, \"dataset\": \"44b6_0b24845f\", \"frame\": 1, \"minimum_retention\": 0.9, \"primary_candidates\": 444, \"retention\": 0.8806306306306306, \"use_primary\": true}\n"}
,{"stream_name":"stdout","time":235.380716619,"data":"EDGE_TTA_ACTIVE views = 8 mean_abs_feat_delta = 0.361891\n"}
,{"stream_name":"stdout","time":235.426035387,"data":"EDGE_TTA_ACTIVE views = 8 mean_abs_feat_delta = 0.328294\n"}
,{"stream_name":"stdout","time":236.274536589,"data":"SECONDARY_EDGE_TTA_ACTIVE views = 8 weight = 0.75 mean_abs_feat_delta = 0.288809\n"}
,{"stream_name":"stdout","time":236.278363779,"data":"BIOHUB_RETENTION_GUARD {\"blended_candidates\": 333, \"dataset\": \"44b6_0b24845f\", \"frame\": 2, \"minimum_retention\": 0.9, \"primary_candidates\": 390, \"retention\": 0.8538461538461538, \"use_primary\": true}\n"}
,{"stream_name":"stdout","time":236.291695993,"data":"SECONDARY_EDGE_TTA_ACTIVE views = 8 weight = 0.75 mean_abs_feat_delta = 0.23209\n"}
,{"stream_name":"stdout","time":237.305634405,"data":"EDGE_TTA_ACTIVE views = 8 mean_abs_feat_delta = 0.326314\n"}
,{"stream_name":"stdout","time":237.370379924,"data":"EDGE_TTA_ACTIVE views = 8 mean_abs_feat_delta = 0.354206\n"}
,{"stream_name":"stdout","time":238.176409921,"data":"SECONDARY_EDGE_TTA_ACTIVE views = 8 weight = 0.75 mean_abs_feat_delta = 0.232786\n"}
,{"stream_name":"stdout","time":238.270174615,"data":"SECONDARY_EDGE_TTA_ACTIVE views = 8 weight = 0.75 mean_abs_feat_delta = 0.287127\n"}
,{"stream_name":"stdout","time":238.274402504,"data":"BIOHUB_RETENTION_GUARD {\"blended_candidates\": 362, \"dataset\": \"44b6_0b24845f\", \"frame\": 3, \"minimum_retention\": 0.9, \"primary_candidates\": 421, \"retention\": 0.8598574821852731, \"use_primary\": true}\n"}
,{"stream_name":"stdout","time":239.195501837,"data":"EDGE_TTA_ACTIVE views = 8 mean_abs_feat_delta = 0.32686\n"}
,{"stream_name":"stdout","time":239.36374235,"data":"EDGE_TTA_ACTIVE views = 8 mean_abs_feat_delta = 0.358867\n"}
,{"stream_name":"stdout","time":240.051021193,"data":"SECONDARY_EDGE_TTA_ACTIVE views = 8 weight = 0.75 mean_abs_feat_delta = 0.232764\n"}
,{"stream_name":"stdout","time":240.270883337,"data":"SECONDARY_EDGE_TTA_ACTIVE views = 8 weight = 0.75 mean_abs_feat_delta = 0.283303\n"}
,{"stream_name":"stdout","time":240.274692549,"data":"BIOHUB_RETENTION_GUARD {\"blended_candidates\": 341, \"dataset\": \"44b6_0b24845f\", \"frame\": 4, \"minimum_retention\": 0.9, \"primary_candidates\": 404, \"retention\": 0.844059405940594, \"use_primary\": true}\n"}
,{"stream_name":"stdout","time":241.041082517,"data":"EDGE_TTA_ACTIVE views = 8 mean_abs_feat_delta = 0.327781\n"}
,{"stream_name":"stdout","time":241.371099064,"data":"EDGE_TTA_ACTIVE views = 8 mean_abs_feat_delta = 0.362463\n"}
,{"stream_name":"stdout","time":241.914070193,"data":"SECONDARY_EDGE_TTA_ACTIVE views = 8 weight = 0.75 mean_abs_feat_delta = 0.236445\n"}
,{"stream_name":"stdout","time":242.298103317,"data":"SECONDARY_EDGE_TTA_ACTIVE views = 8 weight = 0.75 mean_abs_feat_delta = 0.289665\n"}
,{"stream_name":"stdout","time":242.301715489,"data":"BIOHUB_RETENTION_GUARD {\"blended_candidates\": 326, \"dataset\": \"44b6_0b24845f\", \"frame\": 5, \"minimum_retention\": 0.9, \"primary_candidates\": 383, \"retention\": 0.8511749347258486, \"use_primary\": true}\n"}
,{"stream_name":"stdout","time":243.048232993,"data":"EDGE_TTA_ACTIVE views = 8 mean_abs_feat_delta = 0.332086\n"}
,{"stream_name":"stdout","time":243.385570532,"data":"EDGE_TTA_ACTIVE views = 8 mean_abs_feat_delta = 0.363112\n"}
,{"stream_name":"stdout","time":243.923331555,"data":"SECONDARY_EDGE_TTA_ACTIVE views = 8 weight = 0.75 mean_abs_feat_delta = 0.236059\n"}
,{"stream_name":"stdout","time":244.302700033,"data":"SECONDARY_EDGE_TTA_ACTIVE views = 8 weight = 0.75 mean_abs_feat_delta = 0.296162\n"}
,{"stream_name":"stdout","time":244.306587139,"data":"BIOHUB_RETENTION_GUARD {\"blended_candidates\": 333, \"dataset\": \"44b6_0b24845f\", \"frame\": 6, \"minimum_retention\": 0.9, \"primary_candidates\": 403, \"retention\": 0.826302729528536, \"use_primary\": true}\n"}
,{"stream_name":"stdout","time":244.946402153,"data":"EDGE_TTA_ACTIVE views = 8 mean_abs_feat_delta = 0.337311\n"}
,{"stream_name":"stdout","time":245.400815929,"data":"EDGE_TTA_ACTIVE views = 8 mean_abs_feat_delta = 0.363947\n"}
,{"stream_name":"stdout","time":245.825076905,"data":"SECONDARY_EDGE_TTA_ACTIVE views = 8 weight = 0.75 mean_abs_feat_delta = 0.242392\n"}
,{"stream_name":"stdout","time":246.319911933,"data":"SECONDARY_EDGE_TTA_ACTIVE views = 8 weight = 0.75 mean_abs_feat_delta = 0.297976\n"}
,{"stream_name":"stdout","time":246.323788877,"data":"BIOHUB_RETENTION_GUARD {\"blended_candidates\": 309, \"dataset\": \"44b6_0b24845f\", \"frame\": 7, \"minimum_retention\": 0.9, \"primary_candidates\": 390, \"retention\": 0.7923076923076923, \"use_primary\": true}\n"}
,{"stream_name":"stdout","time":246.82962868,"data":"EDGE_TTA_ACTIVE views = 8 mean_abs_feat_delta = 0.336476\n"}
,{"stream_name":"stdout","time":247.430334219,"data":"EDGE_TTA_ACTIVE views = 8 mean_abs_feat_delta = 0.368841\n"}
,{"stream_name":"stdout","time":247.711252358,"data":"SECONDARY_EDGE_TTA_ACTIVE views = 8 weight = 0.75 mean_abs_feat_delta = 0.241164\n"}
,{"stream_name":"stdout","time":248.359660687,"data":"SECONDARY_EDGE_TTA_ACTIVE views = 8 weight = 0.75 mean_abs_feat_delta = 0.292587\n"}
,{"stream_name":"stdout","time":248.363420934,"data":"BIOHUB_RETENTION_GUARD {\"blended_candidates\": 378, \"dataset\": \"44b6_0b24845f\", \"frame\": 8, \"minimum_retention\": 0.9, \"primary_candidates\": 443, \"retention\": 0.8532731376975169, \"use_primary\": true}\n"}
,{"stream_name":"stdout","time":248.79413134200001,"data":"EDGE_TTA_ACTIVE views = 8 mean_abs_feat_delta = 0.33307\n"}
,{"stream_name":"stdout","time":249.453804664,"data":"EDGE_TTA_ACTIVE views = 8 mean_abs_feat_delta = 0.372442\n"}
,{"stream_name":"stdout","time":249.675984868,"data":"SECONDARY_EDGE_TTA_ACTIVE views = 8 weight = 0.75 mean_abs_feat_delta = 0.240446\n"}
,{"stream_name":"stdout","time":250.397306429,"data":"SECONDARY_EDGE_TTA_ACTIVE views = 8 weight = 0.75 mean_abs_feat_delta = 0.291168\n"}
,{"stream_name":"stdout","time":250.398318483,"data":"BIOHUB_RETENTION_GUARD {\"blended_candidates\": 362, \"dataset\": \"44b6_0b24845f\", \"frame\": 9, \"minimum_retention\": 0.9, \"primary_candidates\": 429, \"retention\": 0.8438228438228438, \"use_primary\": true}\n"}
,{"stream_name":"stdout","time":250.698840506,"data":"EDGE_TTA_ACTIVE views = 8 mean_abs_feat_delta = 0.333216\n"}
,{"stream_name":"stdout","time":251.490280543,"data":"EDGE_TTA_ACTIVE views = 8 mean_abs_feat_delta = 0.36599\n"}
,{"stream_name":"stdout","time":251.584956195,"data":"SECONDARY_EDGE_TTA_ACTIVE views = 8 weight = 0.75 mean_abs_feat_delta = 0.24216\n"}
,{"stream_name":"stdout","time":252.422856092,"data":"SECONDARY_EDGE_TTA_ACTIVE views = 8 weight = 0.75 mean_abs_feat_delta = 0.301242\n"}
,{"stream_name":"stdout","time":252.426792945,"data":"BIOHUB_RETENTION_GUARD {\"blended_candidates\": 331, \"dataset\": \"44b6_0b24845f\", \"frame\": 10, \"minimum_retention\": 0.9, \"primary_candidates\": 419, \"retention\": 0.7899761336515513, \"use_primary\": true}\n"}
,{"stream_name":"stdout","time":252.58876351,"data":"EDGE_TTA_ACTIVE views = 8 mean_abs_feat_delta = 0.341654\n"}
,{"stream_name":"stdout","time":253.478630004,"data":"SECONDARY_EDGE_TTA_ACTIVE views = 8 weight = 0.75 mean_abs_feat_delta = 0.243727\n"}
,{"stream_name":"stdout","time":253.611005848,"data":"EDGE_TTA_ACTIVE views = 8 mean_abs_feat_delta = 0.358411\n"}
,{"stream_name":"stdout","time":254.490129564,"data":"EDGE_TTA_ACTIVE views = 8 mean_abs_feat_delta = 0.334228\n"}
,{"stream_name":"stdout","time":254.541995789,"data":"SECONDARY_EDGE_TTA_ACTIVE views = 8 weight = 0.75 mean_abs_feat_delta = 0.289865\n"}
,{"stream_name":"stdout","time":254.545959795,"data":"BIOHUB_RETENTION_GUARD {\"blended_candidates\": 376, \"dataset\": \"44b6_0b24845f\", \"frame\": 11, \"minimum_retention\": 0.9, \"primary_candidates\": 441, \"retention\": 0.8526077097505669, \"use_primary\": true}\n"}
,{"stream_name":"stdout","time":255.38239517,"data":"SECONDARY_EDGE_TTA_ACTIVE views = 8 weight = 0.75 mean_abs_feat_delta = 0.241899\n"}
,{"stream_name":"stdout","time":255.650442339,"data":"EDGE_TTA_ACTIVE views = 8 mean_abs_feat_delta = 0.361758\n"}
,{"stream_name":"stdout","time":256.391701769,"data":"EDGE_TTA_ACTIVE views = 8 mean_abs_feat_delta = 0.335161\n"}
,{"stream_name":"stdout","time":256.591351611,"data":"SECONDARY_EDGE_TTA_ACTIVE views = 8 weight = 0.75 mean_abs_feat_delta = 0.298743\n"}
,{"stream_name":"stdout","time":256.595735681,"data":"BIOHUB_RETENTION_GUARD {\"blended_candidates\": 304, \"dataset\": \"44b6_0b24845f\", \"frame\": 12, \"minimum_retention\": 0.9, \"primary_candidates\": 361, \"retention\": 0.8421052631578947, \"use_primary\": true}\n"}
,{"stream_name":"stdout","time":257.286483391,"data":"SECONDARY_EDGE_TTA_ACTIVE views = 8 weight = 0.75 mean_abs_feat_delta = 0.237416\n"}
,{"stream_name":"stdout","time":257.677551107,"data":"EDGE_TTA_ACTIVE views = 8 mean_abs_feat_delta = 0.368237\n"}
,{"stream_name":"stdout","time":258.298140065,"data":"EDGE_TTA_ACTIVE views = 8 mean_abs_feat_delta = 0.330752\n"}
,{"stream_name":"stdout","time":258.622577512,"data":"SECONDARY_EDGE_TTA_ACTIVE views = 8 weight = 0.75 mean_abs_feat_delta = 0.295579\n"}
,{"stream_name":"stdout","time":258.626699164,"data":"BIOHUB_RETENTION_GUARD {\"blended_candidates\": 314, \"dataset\": \"44b6_0b24845f\", \"frame\": 13, \"minimum_retention\": 0.9, \"primary_candidates\": 382, \"retention\": 0.8219895287958116, \"use_primary\": true}\n"}
,{"stream_name":"stdout","time":259.195486833,"data":"SECONDARY_EDGE_TTA_ACTIVE views = 8 weight = 0.75 mean_abs_feat_delta = 0.238386\n"}
,{"stream_name":"stdout","time":259.744157076,"data":"EDGE_TTA_ACTIVE views = 8 mean_abs_feat_delta = 0.366311\n"}
,{"stream_name":"stdout","time":260.216362645,"data":"EDGE_TTA_ACTIVE views = 8 mean_abs_feat_delta = 0.32964\n"}
,{"stream_name":"stdout","time":260.691670787,"data":"SECONDARY_EDGE_TTA_ACTIVE views = 8 weight = 0.75 mean_abs_feat_delta = 0.29037\n"}
,{"stream_name":"stdout","time":260.695628615,"data":"BIOHUB_RETENTION_GUARD {\"blended_candidates\": 330, \"dataset\": \"44b6_0b24845f\", \"frame\": 14, \"minimum_retention\": 0.9, \"primary_candidates\": 378, \"retention\": 0.873015873015873, \"use_primary\": true}\n"}
,{"stream_name":"stdout","time":261.117529858,"data":"SECONDARY_EDGE_TTA_ACTIVE views = 8 weight = 0.75 mean_abs_feat_delta = 0.238478\n"}
,{"stream_name":"stdout","time":261.795100636,"data":"EDGE_TTA_ACTIVE views = 8 mean_abs_feat_delta = 0.362666\n"}
,{"stream_name":"stdout","time":262.138604555,"data":"EDGE_TTA_ACTIVE views = 8 mean_abs_feat_delta = 0.32447\n"}
,{"stream_name":"stdout","time":262.751017361,"data":"SECONDARY_EDGE_TTA_ACTIVE views = 8 weight = 0.75 mean_abs_feat_delta = 0.286822\n"}
,{"stream_name":"stdout","time":263.043695223,"data":"SECONDARY_EDGE_TTA_ACTIVE views = 8 weight = 0.75 mean_abs_feat_delta = 0.234529\n"}
,{"stream_name":"stdout","time":263.850554497,"data":"EDGE_TTA_ACTIVE views = 8 mean_abs_feat_delta = 0.368515\n"}
,{"stream_name":"stdout","time":264.092327351,"data":"EDGE_TTA_ACTIVE views = 8 mean_abs_feat_delta = 0.325522\n"}
,{"stream_name":"stdout","time":264.809285379,"data":"SECONDARY_EDGE_TTA_ACTIVE views = 8 weight = 0.75 mean_abs_feat_delta = 0.282972\n"}
,{"stream_name":"stdout","time":265.001848726,"data":"SECONDARY_EDGE_TTA_ACTIVE views = 8 weight = 0.75 mean_abs_feat_delta = 0.238533\n"}
,{"stream_name":"stdout","time":265.922602472,"data":"EDGE_TTA_ACTIVE views = 8 mean_abs_feat_delta = 0.37163\n"}
,{"stream_name":"stdout","time":266.053691829,"data":"EDGE_TTA_ACTIVE views = 8 mean_abs_feat_delta = 0.319866\n"}
,{"stream_name":"stdout","time":266.896075167,"data":"SECONDARY_EDGE_TTA_ACTIVE views = 8 weight = 0.75 mean_abs_feat_delta = 0.284899\n"}
,{"stream_name":"stdout","time":266.963626978,"data":"SECONDARY_EDGE_TTA_ACTIVE views = 8 weight = 0.75 mean_abs_feat_delta = 0.239819\n"}
,{"stream_name":"stdout","time":267.94071126,"data":"EDGE_TTA_ACTIVE views = 8 mean_abs_feat_delta = 0.323582\n"}
,{"stream_name":"stdout","time":268.055501783,"data":"EDGE_TTA_ACTIVE views = 8 mean_abs_feat_delta = 0.367306\n"}
,{"stream_name":"stdout","time":268.846491268,"data":"SECONDARY_EDGE_TTA_ACTIVE views = 8 weight = 0.75 mean_abs_feat_delta = 0.242037\n"}
,{"stream_name":"stdout","time":269.02869597,"data":"SECONDARY_EDGE_TTA_ACTIVE views = 8 weight = 0.75 mean_abs_feat_delta = 0.276632\n"}
,{"stream_name":"stdout","time":269.880798995,"data":"EDGE_TTA_ACTIVE views = 8 mean_abs_feat_delta = 0.326415\n"}
,{"stream_name":"stdout","time":270.202272672,"data":"EDGE_TTA_ACTIVE views = 8 mean_abs_feat_delta = 0.356982\n"}
,{"stream_name":"stdout","time":270.793585208,"data":"SECONDARY_EDGE_TTA_ACTIVE views = 8 weight = 0.75 mean_abs_feat_delta = 0.241724\n"}
,{"stream_name":"stdout","time":271.197238122,"data":"SECONDARY_EDGE_TTA_ACTIVE views = 8 weight = 0.75 mean_abs_feat_delta = 0.278285\n"}
,{"stream_name":"stdout","time":271.820600418,"data":"EDGE_TTA_ACTIVE views = 8 mean_abs_feat_delta = 0.32326\n"}
,{"stream_name":"stdout","time":272.333331962,"data":"EDGE_TTA_ACTIVE views = 8 mean_abs_feat_delta = 0.354988\n"}
,{"stream_name":"stdout","time":272.73656574,"data":"SECONDARY_EDGE_TTA_ACTIVE views = 8 weight = 0.75 mean_abs_feat_delta = 0.234753\n"}
,{"stream_name":"stdout","time":273.307167683,"data":"SECONDARY_EDGE_TTA_ACTIVE views = 8 weight = 0.75 mean_abs_feat_delta = 0.280197\n"}
,{"stream_name":"stdout","time":273.311144519,"data":"BIOHUB_RETENTION_GUARD {\"blended_candidates\": 285, \"dataset\": \"44b6_0b24845f\", \"frame\": 20, \"minimum_retention\": 0.9, \"primary_candidates\": 317, \"retention\": 0.8990536277602523, \"use_primary\": true}\n"}
,{"stream_name":"stdout","time":273.741904115,"data":"EDGE_TTA_ACTIVE views = 8 mean_abs_feat_delta = 0.324888\n"}
,{"stream_name":"stdout","time":274.381476139,"data":"EDGE_TTA_ACTIVE views = 8 mean_abs_feat_delta = 0.355885\n"}
,{"stream_name":"stdout","time":274.659887145,"data":"SECONDARY_EDGE_TTA_ACTIVE views = 8 weight = 0.75 mean_abs_feat_delta = 0.238746\n"}
,{"stream_name":"stdout","time":275.354820483,"data":"SECONDARY_EDGE_TTA_ACTIVE views = 8 weight = 0.75 mean_abs_feat_delta = 0.281334\n"}
,{"stream_name":"stdout","time":275.358653085,"data":"BIOHUB_RETENTION_GUARD {\"blended_candidates\": 265, \"dataset\": \"44b6_0b24845f\", \"frame\": 21, \"minimum_retention\": 0.9, \"primary_candidates\": 325, \"retention\": 0.8153846153846154, \"use_primary\": true}\n"}
,{"stream_name":"stdout","time":275.750619081,"data":"EDGE_TTA_ACTIVE views = 8 mean_abs_feat_delta = 0.325752\n"}
,{"stream_name":"stdout","time":276.549714886,"data":"EDGE_TTA_ACTIVE views = 8 mean_abs_feat_delta = 0.357492\n"}
,{"stream_name":"stdout","time":276.670945536,"data":"SECONDARY_EDGE_TTA_ACTIVE views = 8 weight = 0.75 mean_abs_feat_delta = 0.238954\n"}
,{"stream_name":"stdout","time":277.542859751,"data":"SECONDARY_EDGE_TTA_ACTIVE views = 8 weight = 0.75 mean_abs_feat_delta = 0.280031\n"}
,{"stream_name":"stdout","time":277.546426355,"data":"BIOHUB_RETENTION_GUARD {\"blended_candidates\": 286, \"dataset\": \"44b6_0b24845f\", \"frame\": 22, \"minimum_retention\": 0.9, \"primary_candidates\": 326, \"retention\": 0.8773006134969326, \"use_primary\": true}\n"}
,{"stream_name":"stdout","time":277.715308992,"data":"EDGE_TTA_ACTIVE views = 8 mean_abs_feat_delta = 0.330364\n"}
,{"stream_name":"stdout","time":278.641867145,"data":"SECONDARY_EDGE_TTA_ACTIVE views = 8 weight = 0.75 mean_abs_feat_delta = 0.235145\n"}
,{"stream_name":"stdout","time":278.753078265,"data":"EDGE_TTA_ACTIVE views = 8 mean_abs_feat_delta = 0.361386\n"}
,{"stream_name":"stdout","time":279.710765268,"data":"EDGE_TTA_ACTIVE views = 8 mean_abs_feat_delta = 0.329773\n"}
,{"stream_name":"stdout","time":279.747071312,"data":"SECONDARY_EDGE_TTA_ACTIVE views = 8 weight = 0.75 mean_abs_feat_delta = 0.277655\n"}
,{"stream_name":"stdout","time":280.655522887,"data":"SECONDARY_EDGE_TTA_ACTIVE views = 8 weight = 0.75 mean_abs_feat_delta = 0.236219\n"}
,{"stream_name":"stdout","time":280.904212729,"data":"EDGE_TTA_ACTIVE views = 8 mean_abs_feat_delta = 0.361052\n"}
,{"stream_name":"stdout","time":281.775691088,"data":"EDGE_TTA_ACTIVE views = 8 mean_abs_feat_delta = 0.325156\n"}
,{"stream_name":"stdout","time":281.906897814,"data":"SECONDARY_EDGE_TTA_ACTIVE views = 8 weight = 0.75 mean_abs_feat_delta = 0.282322\n"}
,{"stream_name":"stdout","time":281.910712862,"data":"BIOHUB_RETENTION_GUARD {\"blended_candidates\": 261, \"dataset\": \"44b6_0b24845f\", \"frame\": 24, \"minimum_retention\": 0.9, \"primary_candidates\": 306, \"retention\": 0.8529411764705882, \"use_primary\": true}\n"}
,{"stream_name":"stdout","time":282.709826746,"data":"SECONDARY_EDGE_TTA_ACTIVE views = 8 weight = 0.75 mean_abs_feat_delta = 0.234985\n"}
,{"stream_name":"stdout","time":283.034325394,"data":"EDGE_TTA_ACTIVE views = 8 mean_abs_feat_delta = 0.36198\n"}
,{"stream_name":"stdout","time":283.821567447,"data":"EDGE_TTA_ACTIVE views = 8 mean_abs_feat_delta = 0.328005\n"}
,{"stream_name":"stdout","time":284.045686403,"data":"SECONDARY_EDGE_TTA_ACTIVE views = 8 weight = 0.75 mean_abs_feat_delta = 0.280181\n"}
,{"stream_name":"stdout","time":284.756280411,"data":"SECONDARY_EDGE_TTA_ACTIVE views = 8 weight = 0.75 mean_abs_feat_delta = 0.230623\n"}
,{"stream_name":"stdout","time":285.208284558,"data":"EDGE_TTA_ACTIVE views = 8 mean_abs_feat_delta = 0.365963\n"}
,{"stream_name":"stdout","time":285.840990952,"data":"EDGE_TTA_ACTIVE views = 8 mean_abs_feat_delta = 0.332057\n"}
,{"stream_name":"stdout","time":286.225525537,"data":"SECONDARY_EDGE_TTA_ACTIVE views = 8 weight = 0.75 mean_abs_feat_delta = 0.284381\n"}
,{"stream_name":"stdout","time":286.229443018,"data":"BIOHUB_RETENTION_GUARD {\"blended_candidates\": 273, \"dataset\": \"44b6_0b24845f\", \"frame\": 26, \"minimum_retention\": 0.9, \"primary_candidates\": 309, \"retention\": 0.883495145631068, \"use_primary\": true}\n"}
,{"stream_name":"stdout","time":286.808466911,"data":"SECONDARY_EDGE_TTA_ACTIVE views = 8 weight = 0.75 mean_abs_feat_delta = 0.233514\n"}
,{"stream_name":"stdout","time":287.397699189,"data":"EDGE_TTA_ACTIVE views = 8 mean_abs_feat_delta = 0.369614\n"}
,{"stream_name":"stdout","time":287.888006043,"data":"EDGE_TTA_ACTIVE views = 8 mean_abs_feat_delta = 0.327244\n"}
,{"stream_name":"stdout","time":288.417551658,"data":"SECONDARY_EDGE_TTA_ACTIVE views = 8 weight = 0.75 mean_abs_feat_delta = 0.289602\n"}
,{"stream_name":"stdout","time":288.421699951,"data":"BIOHUB_RETENTION_GUARD {\"blended_candidates\": 258, \"dataset\": \"44b6_0b24845f\", \"frame\": 27, \"minimum_retention\": 0.9, \"primary_candidates\": 302, \"retention\": 0.8543046357615894, \"use_primary\": true}\n"}
,{"stream_name":"stdout","time":288.821135478,"data":"SECONDARY_EDGE_TTA_ACTIVE views = 8 weight = 0.75 mean_abs_feat_delta = 0.236419\n"}
,{"stream_name":"stdout","time":289.626940173,"data":"EDGE_TTA_ACTIVE views = 8 mean_abs_feat_delta = 0.365619\n"}
,{"stream_name":"stdout","time":289.908390435,"data":"EDGE_TTA_ACTIVE views = 8 mean_abs_feat_delta = 0.331491\n"}
,{"stream_name":"stdout","time":290.643221555,"data":"SECONDARY_EDGE_TTA_ACTIVE views = 8 weight = 0.75 mean_abs_feat_delta = 0.291319\n"}
,{"stream_name":"stdout","time":290.847048355,"data":"SECONDARY_EDGE_TTA_ACTIVE views = 8 weight = 0.75 mean_abs_feat_delta = 0.240106\n"}
,{"stream_name":"stdout","time":291.782105252,"data":"EDGE_TTA_ACTIVE views = 8 mean_abs_feat_delta = 0.366332\n"}
,{"stream_name":"stdout","time":291.914745202,"data":"EDGE_TTA_ACTIVE views = 8 mean_abs_feat_delta = 0.332767\n"}
,{"stream_name":"stdout","time":292.804594097,"data":"SECONDARY_EDGE_TTA_ACTIVE views = 8 weight = 0.75 mean_abs_feat_delta = 0.283865\n"}
,{"stream_name":"stdout","time":292.858018014,"data":"SECONDARY_EDGE_TTA_ACTIVE views = 8 weight = 0.75 mean_abs_feat_delta = 0.251196\n"}
,{"stream_name":"stdout","time":293.934160715,"data":"EDGE_TTA_ACTIVE views = 8 mean_abs_feat_delta = 0.333532\n"}
,{"stream_name":"stdout","time":293.942383975,"data":"EDGE_TTA_ACTIVE views = 8 mean_abs_feat_delta = 0.364134\n"}
,{"stream_name":"stdout","time":294.884954655,"data":"SECONDARY_EDGE_TTA_ACTIVE views = 8 weight = 0.75 mean_abs_feat_delta = 0.251416\n"}
,{"stream_name":"stdout","time":294.974874559,"data":"SECONDARY_EDGE_TTA_ACTIVE views = 8 weight = 0.75 mean_abs_feat_delta = 0.282155\n"}
,{"stream_name":"stdout","time":295.980667862,"data":"EDGE_TTA_ACTIVE views = 8 mean_abs_feat_delta = 0.339086\n"}
,{"stream_name":"stdout","time":296.142994187,"data":"EDGE_TTA_ACTIVE views = 8 mean_abs_feat_delta = 0.359711\n"}
,{"stream_name":"stdout","time":296.932777686,"data":"SECONDARY_EDGE_TTA_ACTIVE views = 8 weight = 0.75 mean_abs_feat_delta = 0.251129\n"}
,{"stream_name":"stdout","time":297.182924111,"data":"SECONDARY_EDGE_TTA_ACTIVE views = 8 weight = 0.75 mean_abs_feat_delta = 0.283753\n"}
,{"stream_name":"stdout","time":297.98628567,"data":"EDGE_TTA_ACTIVE views = 8 mean_abs_feat_delta = 0.336421\n"}
,{"stream_name":"stdout","time":298.376647562,"data":"EDGE_TTA_ACTIVE views = 8 mean_abs_feat_delta = 0.362505\n"}
,{"stream_name":"stdout","time":298.94255821,"data":"SECONDARY_EDGE_TTA_ACTIVE views = 8 weight = 0.75 mean_abs_feat_delta = 0.248917\n"}
,{"stream_name":"stdout","time":299.424537679,"data":"SECONDARY_EDGE_TTA_ACTIVE views = 8 weight = 0.75 mean_abs_feat_delta = 0.282429\n"}
,{"stream_name":"stdout","time":299.428408512,"data":"BIOHUB_RETENTION_GUARD {\"blended_candidates\": 249, \"dataset\": \"44b6_0b24845f\", \"frame\": 32, \"minimum_retention\": 0.9, \"primary_candidates\": 293, \"retention\": 0.8498293515358362, \"use_primary\": true}\n"}
,{"stream_name":"stdout","time":300.024254769,"data":"EDGE_TTA_ACTIVE views = 8 mean_abs_feat_delta = 0.329875\n"}
,{"stream_name":"stdout","time":300.569653044,"data":"EDGE_TTA_ACTIVE views = 8 mean_abs_feat_delta = 0.364903\n"}
,{"stream_name":"stdout","time":300.984285872,"data":"SECONDARY_EDGE_TTA_ACTIVE views = 8 weight = 0.75 mean_abs_feat_delta = 0.248317\n"}
,{"stream_name":"stdout","time":301.626138366,"data":"SECONDARY_EDGE_TTA_ACTIVE views = 8 weight = 0.75 mean_abs_feat_delta = 0.280468\n"}
,{"stream_name":"stdout","time":301.629965205,"data":"BIOHUB_RETENTION_GUARD {\"blended_candidates\": 234, \"dataset\": \"44b6_0b24845f\", \"frame\": 33, \"minimum_retention\": 0.9, \"primary_candidates\": 276, \"retention\": 0.8478260869565217, \"use_primary\": true}\n"}
,{"stream_name":"stdout","time":302.041604397,"data":"EDGE_TTA_ACTIVE views = 8 mean_abs_feat_delta = 0.328572\n"}
,{"stream_name":"stdout","time":302.871472583,"data":"EDGE_TTA_ACTIVE views = 8 mean_abs_feat_delta = 0.364198\n"}
,{"stream_name":"stdout","time":303.000815923,"data":"SECONDARY_EDGE_TTA_ACTIVE views = 8 weight = 0.75 mean_abs_feat_delta = 0.247468\n"}
,{"stream_name":"stdout","time":303.933185813,"data":"SECONDARY_EDGE_TTA_ACTIVE views = 8 weight = 0.75 mean_abs_feat_delta = 0.273313\n"}
,{"stream_name":"stdout","time":304.152024709,"data":"EDGE_TTA_ACTIVE views = 8 mean_abs_feat_delta = 0.326071\n"}
,{"stream_name":"stdout","time":305.119599928,"data":"EDGE_TTA_ACTIVE views = 8 mean_abs_feat_delta = 0.362852\n"}
,{"stream_name":"stdout","time":305.122005774,"data":"SECONDARY_EDGE_TTA_ACTIVE views = 8 weight = 0.75 mean_abs_feat_delta = 0.246968\n"}
,{"stream_name":"stdout","time":306.194790182,"data":"SECONDARY_EDGE_TTA_ACTIVE views = 8 weight = 0.75 mean_abs_feat_delta = 0.27435\n"}
,{"stream_name":"stdout","time":306.302554977,"data":"EDGE_TTA_ACTIVE views = 8 mean_abs_feat_delta = 0.328178\n"}
,{"stream_name":"stdout","time":307.27514458,"data":"SECONDARY_EDGE_TTA_ACTIVE views = 8 weight = 0.75 mean_abs_feat_delta = 0.250361\n"}
,{"stream_name":"stdout","time":307.376763599,"data":"EDGE_TTA_ACTIVE views = 8 mean_abs_feat_delta = 0.373852\n"}
,{"stream_name":"stdout","time":308.349899591,"data":"EDGE_TTA_ACTIVE views = 8 mean_abs_feat_delta = 0.331242\n"}
,{"stream_name":"stdout","time":308.45667676,"data":"SECONDARY_EDGE_TTA_ACTIVE views = 8 weight = 0.75 mean_abs_feat_delta = 0.28122\n"}
,{"stream_name":"stdout","time":309.323665913,"data":"SECONDARY_EDGE_TTA_ACTIVE views = 8 weight = 0.75 mean_abs_feat_delta = 0.24375\n"}
,{"stream_name":"stdout","time":309.737235527,"data":"EDGE_TTA_ACTIVE views = 8 mean_abs_feat_delta = 0.368966\n"}
,{"stream_name":"stdout","time":310.442127756,"data":"EDGE_TTA_ACTIVE views = 8 mean_abs_feat_delta = 0.332742\n"}
,{"stream_name":"stdout","time":310.847183965,"data":"SECONDARY_EDGE_TTA_ACTIVE views = 8 weight = 0.75 mean_abs_feat_delta = 0.277064\n"}
,{"stream_name":"stdout","time":311.415602688,"data":"SECONDARY_EDGE_TTA_ACTIVE views = 8 weight = 0.75 mean_abs_feat_delta = 0.239566\n"}
,{"stream_name":"stdout","time":312.087738262,"data":"EDGE_TTA_ACTIVE views = 8 mean_abs_feat_delta = 0.366559\n"}
,{"stream_name":"stdout","time":312.507620876,"data":"EDGE_TTA_ACTIVE views = 8 mean_abs_feat_delta = 0.325998\n"}
,{"stream_name":"stdout","time":313.16788528,"data":"SECONDARY_EDGE_TTA_ACTIVE views = 8 weight = 0.75 mean_abs_feat_delta = 0.274933\n"}
,{"stream_name":"stdout","time":313.482931461,"data":"SECONDARY_EDGE_TTA_ACTIVE views = 8 weight = 0.75 mean_abs_feat_delta = 0.242074\n"}
,{"stream_name":"stdout","time":314.475138027,"data":"EDGE_TTA_ACTIVE views = 8 mean_abs_feat_delta = 0.370597\n"}
,{"stream_name":"stdout","time":314.55612651,"data":"EDGE_TTA_ACTIVE views = 8 mean_abs_feat_delta = 0.326187\n"}
,{"stream_name":"stdout","time":315.53124814,"data":"SECONDARY_EDGE_TTA_ACTIVE views = 8 weight = 0.75 mean_abs_feat_delta = 0.24388\n"}
,{"stream_name":"stdout","time":315.581911234,"data":"SECONDARY_EDGE_TTA_ACTIVE views = 8 weight = 0.75 mean_abs_feat_delta = 0.278308\n"}
,{"stream_name":"stdout","time":316.644696602,"data":"EDGE_TTA_ACTIVE views = 8 mean_abs_feat_delta = 0.329641\n"}
,{"stream_name":"stdout","time":316.835560068,"data":"EDGE_TTA_ACTIVE views = 8 mean_abs_feat_delta = 0.372674\n"}
,{"stream_name":"stdout","time":317.620429984,"data":"SECONDARY_EDGE_TTA_ACTIVE views = 8 weight = 0.75 mean_abs_feat_delta = 0.242396\n"}
,{"stream_name":"stdout","time":317.959043359,"data":"SECONDARY_EDGE_TTA_ACTIVE views = 8 weight = 0.75 mean_abs_feat_delta = 0.285352\n"}
,{"stream_name":"stdout","time":318.732275179,"data":"EDGE_TTA_ACTIVE views = 8 mean_abs_feat_delta = 0.331184\n"}
,{"stream_name":"stdout","time":319.224696765,"data":"EDGE_TTA_ACTIVE views = 8 mean_abs_feat_delta = 0.367938\n"}
,{"stream_name":"stdout","time":319.72194357,"data":"SECONDARY_EDGE_TTA_ACTIVE views = 8 weight = 0.75 mean_abs_feat_delta = 0.24245\n"}
,{"stream_name":"stdout","time":320.360239259,"data":"SECONDARY_EDGE_TTA_ACTIVE views = 8 weight = 0.75 mean_abs_feat_delta = 0.280788\n"}
,{"stream_name":"stdout","time":320.822941287,"data":"EDGE_TTA_ACTIVE views = 8 mean_abs_feat_delta = 0.330506\n"}
,{"stream_name":"stdout","time":321.602128031,"data":"EDGE_TTA_ACTIVE views = 8 mean_abs_feat_delta = 0.364834\n"}
,{"stream_name":"stdout","time":321.818295645,"data":"SECONDARY_EDGE_TTA_ACTIVE views = 8 weight = 0.75 mean_abs_feat_delta = 0.246663\n"}
,{"stream_name":"stdout","time":322.742812471,"data":"SECONDARY_EDGE_TTA_ACTIVE views = 8 weight = 0.75 mean_abs_feat_delta = 0.282166\n"}
,{"stream_name":"stdout","time":322.937981258,"data":"EDGE_TTA_ACTIVE views = 8 mean_abs_feat_delta = 0.326851\n"}
,{"stream_name":"stdout","time":323.93686335,"data":"SECONDARY_EDGE_TTA_ACTIVE views = 8 weight = 0.75 mean_abs_feat_delta = 0.248161\n"}
,{"stream_name":"stdout","time":324.036889892,"data":"EDGE_TTA_ACTIVE views = 8 mean_abs_feat_delta = 0.36801\n"}
,{"stream_name":"stdout","time":325.04880871,"data":"EDGE_TTA_ACTIVE views = 8 mean_abs_feat_delta = 0.32759\n"}
,{"stream_name":"stdout","time":325.178789516,"data":"SECONDARY_EDGE_TTA_ACTIVE views = 8 weight = 0.75 mean_abs_feat_delta = 0.283823\n"}
,{"stream_name":"stdout","time":326.04691388,"data":"SECONDARY_EDGE_TTA_ACTIVE views = 8 weight = 0.75 mean_abs_feat_delta = 0.244572\n"}
,{"stream_name":"stdout","time":326.454531696,"data":"EDGE_TTA_ACTIVE views = 8 mean_abs_feat_delta = 0.367877\n"}
,{"stream_name":"stdout","time":327.198466113,"data":"EDGE_TTA_ACTIVE views = 8 mean_abs_feat_delta = 0.323605\n"}
,{"stream_name":"stdout","time":327.611113287,"data":"SECONDARY_EDGE_TTA_ACTIVE views = 8 weight = 0.75 mean_abs_feat_delta = 0.281373\n"}
,{"stream_name":"stdout","time":328.203694387,"data":"SECONDARY_EDGE_TTA_ACTIVE views = 8 weight = 0.75 mean_abs_feat_delta = 0.244253\n"}
,{"stream_name":"stdout","time":328.896001518,"data":"EDGE_TTA_ACTIVE views = 8 mean_abs_feat_delta = 0.368248\n"}
,{"stream_name":"stdout","time":329.389561824,"data":"EDGE_TTA_ACTIVE views = 8 mean_abs_feat_delta = 0.332571\n"}
,{"stream_name":"stdout","time":330.060714944,"data":"SECONDARY_EDGE_TTA_ACTIVE views = 8 weight = 0.75 mean_abs_feat_delta = 0.281151\n"}
,{"stream_name":"stdout","time":330.394786219,"data":"SECONDARY_EDGE_TTA_ACTIVE views = 8 weight = 0.75 mean_abs_feat_delta = 0.251298\n"}
,{"stream_name":"stdout","time":331.381460022,"data":"EDGE_TTA_ACTIVE views = 8 mean_abs_feat_delta = 0.366473\n"}
,{"stream_name":"stdout","time":331.494810665,"data":"EDGE_TTA_ACTIVE views = 8 mean_abs_feat_delta = 0.328319\n"}
,{"stream_name":"stdout","time":332.50102684,"data":"SECONDARY_EDGE_TTA_ACTIVE views = 8 weight = 0.75 mean_abs_feat_delta = 0.241945\n"}
,{"stream_name":"stdout","time":332.550286551,"data":"SECONDARY_EDGE_TTA_ACTIVE views = 8 weight = 0.75 mean_abs_feat_delta = 0.288338\n"}
,{"stream_name":"stdout","time":333.624650181,"data":"EDGE_TTA_ACTIVE views = 8 mean_abs_feat_delta = 0.327289\n"}
,{"stream_name":"stdout","time":333.874143848,"data":"EDGE_TTA_ACTIVE views = 8 mean_abs_feat_delta = 0.369227\n"}
,{"stream_name":"stdout","time":334.629926072,"data":"SECONDARY_EDGE_TTA_ACTIVE views = 8 weight = 0.75 mean_abs_feat_delta = 0.241039\n"}
,{"stream_name":"stdout","time":335.042439188,"data":"SECONDARY_EDGE_TTA_ACTIVE views = 8 weight = 0.75 mean_abs_feat_delta = 0.292434\n"}
,{"stream_name":"stdout","time":335.046255383,"data":"BIOHUB_RETENTION_GUARD {\"blended_candidates\": 264, \"dataset\": \"44b6_0b24845f\", \"frame\": 47, \"minimum_retention\": 0.9, \"primary_candidates\": 307, \"retention\": 0.8599348534201955, \"use_primary\": true}\n"}
,{"stream_name":"stdout","time":335.733840593,"data":"EDGE_TTA_ACTIVE views = 8 mean_abs_feat_delta = 0.337614\n"}
,{"stream_name":"stdout","time":336.313401299,"data":"EDGE_TTA_ACTIVE views = 8 mean_abs_feat_delta = 0.376915\n"}
,{"stream_name":"stdout","time":336.731800337,"data":"SECONDARY_EDGE_TTA_ACTIVE views = 8 weight = 0.75 mean_abs_feat_delta = 0.250851\n"}
,{"stream_name":"stdout","time":337.463916123,"data":"SECONDARY_EDGE_TTA_ACTIVE views = 8 weight = 0.75 mean_abs_feat_delta = 0.288129\n"}
,{"stream_name":"stdout","time":337.857357534,"data":"EDGE_TTA_ACTIVE views = 8 mean_abs_feat_delta = 0.338693\n"}
,{"stream_name":"stdout","time":338.754650793,"data":"EDGE_TTA_ACTIVE views = 8 mean_abs_feat_delta = 0.373149\n"}
,{"stream_name":"stdout","time":338.85163102,"data":"SECONDARY_EDGE_TTA_ACTIVE views = 8 weight = 0.75 mean_abs_feat_delta = 0.253217\n"}
,{"stream_name":"stdout","time":339.889534314,"data":"SECONDARY_EDGE_TTA_ACTIVE views = 8 weight = 0.75 mean_abs_feat_delta = 0.299885\n"}
,{"stream_name":"stdout","time":339.989680924,"data":"EDGE_TTA_ACTIVE views = 8 mean_abs_feat_delta = 0.338257\n"}
,{"stream_name":"stdout","time":341.003641938,"data":"SECONDARY_EDGE_TTA_ACTIVE views = 8 weight = 0.75 mean_abs_feat_delta = 0.261342\n"}
,{"stream_name":"stdout","time":341.240288783,"data":"EDGE_TTA_ACTIVE views = 8 mean_abs_feat_delta = 0.373289\n"}
,{"stream_name":"stdout","time":342.115307435,"data":"EDGE_TTA_ACTIVE views = 8 mean_abs_feat_delta = 0.33887\n"}
,{"stream_name":"stdout","time":342.375182867,"data":"SECONDARY_EDGE_TTA_ACTIVE views = 8 weight = 0.75 mean_abs_feat_delta = 0.305548\n"}
,{"stream_name":"stdout","time":342.379494825,"data":"BIOHUB_RETENTION_GUARD {\"blended_candidates\": 253, \"dataset\": \"44b6_0b24845f\", \"frame\": 50, \"minimum_retention\": 0.9, \"primary_candidates\": 285, \"retention\": 0.887719298245614, \"use_primary\": true}\n"}
,{"stream_name":"stdout","time":343.101890031,"data":"SECONDARY_EDGE_TTA_ACTIVE views = 8 weight = 0.75 mean_abs_feat_delta = 0.263655\n"}
,{"stream_name":"stdout","time":343.655856216,"data":"EDGE_TTA_ACTIVE views = 8 mean_abs_feat_delta = 0.372374\n"}
,{"stream_name":"stdout","time":344.201385146,"data":"EDGE_TTA_ACTIVE views = 8 mean_abs_feat_delta = 0.339106\n"}
,{"stream_name":"stdout","time":344.781156309,"data":"SECONDARY_EDGE_TTA_ACTIVE views = 8 weight = 0.75 mean_abs_feat_delta = 0.296505\n"}
,{"stream_name":"stdout","time":344.78554415,"data":"BIOHUB_RETENTION_GUARD {\"blended_candidates\": 321, \"dataset\": \"44b6_0b24845f\", \"frame\": 51, \"minimum_retention\": 0.9, \"primary_candidates\": 361, \"retention\": 0.889196675900277, \"use_primary\": true}\n"}
,{"stream_name":"stdout","time":345.176163241,"data":"SECONDARY_EDGE_TTA_ACTIVE views = 8 weight = 0.75 mean_abs_feat_delta = 0.264049\n"}
,{"stream_name":"stdout","time":346.058099331,"data":"EDGE_TTA_ACTIVE views = 8 mean_abs_feat_delta = 0.36791\n"}
,{"stream_name":"stdout","time":346.269665898,"data":"EDGE_TTA_ACTIVE views = 8 mean_abs_feat_delta = 0.341611\n"}
,{"stream_name":"stdout","time":347.171419861,"data":"SECONDARY_EDGE_TTA_ACTIVE views = 8 weight = 0.75 mean_abs_feat_delta = 0.295986\n"}
,{"stream_name":"stdout","time":347.24379428,"data":"SECONDARY_EDGE_TTA_ACTIVE views = 8 weight = 0.75 mean_abs_feat_delta = 0.262185\n"}
,{"stream_name":"stdout","time":348.377496684,"data":"EDGE_TTA_ACTIVE views = 8 mean_abs_feat_delta = 0.346143\n"}
,{"stream_name":"stdout","time":348.448240597,"data":"EDGE_TTA_ACTIVE views = 8 mean_abs_feat_delta = 0.370709\n"}
,{"stream_name":"stdout","time":349.350663579,"data":"SECONDARY_EDGE_TTA_ACTIVE views = 8 weight = 0.75 mean_abs_feat_delta = 0.257653\n"}
,{"stream_name":"stdout","time":349.551959807,"data":"SECONDARY_EDGE_TTA_ACTIVE views = 8 weight = 0.75 mean_abs_feat_delta = 0.30285\n"}
,{"stream_name":"stdout","time":349.556176196,"data":"BIOHUB_RETENTION_GUARD {\"blended_candidates\": 305, \"dataset\": \"44b6_0b24845f\", \"frame\": 53, \"minimum_retention\": 0.9, \"primary_candidates\": 342, \"retention\": 0.8918128654970761, \"use_primary\": true}\n"}
,{"stream_name":"stdout","time":350.44425483,"data":"EDGE_TTA_ACTIVE views = 8 mean_abs_feat_delta = 0.340083\n"}
,{"stream_name":"stdout","time":350.874940113,"data":"EDGE_TTA_ACTIVE views = 8 mean_abs_feat_delta = 0.369503\n"}
,{"stream_name":"stdout","time":351.416473033,"data":"SECONDARY_EDGE_TTA_ACTIVE views = 8 weight = 0.75 mean_abs_feat_delta = 0.252778\n"}
,{"stream_name":"stdout","time":351.969914385,"data":"SECONDARY_EDGE_TTA_ACTIVE views = 8 weight = 0.75 mean_abs_feat_delta = 0.30254\n"}
,{"stream_name":"stdout","time":351.973923358,"data":"BIOHUB_RETENTION_GUARD {\"blended_candidates\": 321, \"dataset\": \"44b6_0b24845f\", \"frame\": 54, \"minimum_retention\": 0.9, \"primary_candidates\": 362, \"retention\": 0.8867403314917127, \"use_primary\": true}\n"}
,{"stream_name":"stdout","time":352.571172348,"data":"EDGE_TTA_ACTIVE views = 8 mean_abs_feat_delta = 0.339203\n"}
,{"stream_name":"stdout","time":353.263308144,"data":"EDGE_TTA_ACTIVE views = 8 mean_abs_feat_delta = 0.3697\n"}
,{"stream_name":"stdout","time":353.547311778,"data":"SECONDARY_EDGE_TTA_ACTIVE views = 8 weight = 0.75 mean_abs_feat_delta = 0.255196\n"}
,{"stream_name":"stdout","time":354.356571797,"data":"SECONDARY_EDGE_TTA_ACTIVE views = 8 weight = 0.75 mean_abs_feat_delta = 0.304896\n"}
,{"stream_name":"stdout","time":354.69968026,"data":"EDGE_TTA_ACTIVE views = 8 mean_abs_feat_delta = 0.336994\n"}
,{"stream_name":"stdout","time":355.610924119,"data":"EDGE_TTA_ACTIVE views = 8 mean_abs_feat_delta = 0.37301\n"}
,{"stream_name":"stdout","time":355.675844877,"data":"SECONDARY_EDGE_TTA_ACTIVE views = 8 weight = 0.75 mean_abs_feat_delta = 0.255652\n"}
,{"stream_name":"stdout","time":356.694755275,"data":"SECONDARY_EDGE_TTA_ACTIVE views = 8 weight = 0.75 mean_abs_feat_delta = 0.308335\n"}
,{"stream_name":"stdout","time":356.800237008,"data":"EDGE_TTA_ACTIVE views = 8 mean_abs_feat_delta = 0.342499\n"}
,{"stream_name":"stdout","time":357.766001375,"data":"SECONDARY_EDGE_TTA_ACTIVE views = 8 weight = 0.75 mean_abs_feat_delta = 0.256616\n"}
,{"stream_name":"stdout","time":357.921241558,"data":"EDGE_TTA_ACTIVE views = 8 mean_abs_feat_delta = 0.367347\n"}
,{"stream_name":"stdout","time":358.860337056,"data":"EDGE_TTA_ACTIVE views = 8 mean_abs_feat_delta = 0.346059\n"}
,{"stream_name":"stdout","time":358.998482334,"data":"SECONDARY_EDGE_TTA_ACTIVE views = 8 weight = 0.75 mean_abs_feat_delta = 0.3079\n"}
,{"stream_name":"stdout","time":359.82805613,"data":"SECONDARY_EDGE_TTA_ACTIVE views = 8 weight = 0.75 mean_abs_feat_delta = 0.257121\n"}
,{"stream_name":"stdout","time":360.173936078,"data":"EDGE_TTA_ACTIVE views = 8 mean_abs_feat_delta = 0.36398\n"}
,{"stream_name":"stdout","time":360.906877194,"data":"EDGE_TTA_ACTIVE views = 8 mean_abs_feat_delta = 0.346159\n"}
,{"stream_name":"stdout","time":361.249853594,"data":"SECONDARY_EDGE_TTA_ACTIVE views = 8 weight = 0.75 mean_abs_feat_delta = 0.304751\n"}
,{"stream_name":"stdout","time":361.253837664,"data":"BIOHUB_RETENTION_GUARD {\"blended_candidates\": 263, \"dataset\": \"44b6_0b24845f\", \"frame\": 58, \"minimum_retention\": 0.9, \"primary_candidates\": 312, \"retention\": 0.842948717948718, \"use_primary\": true}\n"}
,{"stream_name":"stdout","time":361.871013402,"data":"SECONDARY_EDGE_TTA_ACTIVE views = 8 weight = 0.75 mean_abs_feat_delta = 0.257896\n"}
,{"stream_name":"stdout","time":362.500905486,"data":"EDGE_TTA_ACTIVE views = 8 mean_abs_feat_delta = 0.366206\n"}
,{"stream_name":"stdout","time":362.992292935,"data":"EDGE_TTA_ACTIVE views = 8 mean_abs_feat_delta = 0.345426\n"}
,{"stream_name":"stdout","time":363.574438826,"data":"SECONDARY_EDGE_TTA_ACTIVE views = 8 weight = 0.75 mean_abs_feat_delta = 0.300835\n"}
,{"stream_name":"stdout","time":363.578482434,"data":"BIOHUB_RETENTION_GUARD {\"blended_candidates\": 303, \"dataset\": \"44b6_0b24845f\", \"frame\": 59, \"minimum_retention\": 0.9, \"primary_candidates\": 346, \"retention\": 0.8757225433526011, \"use_primary\": true}\n"}
,{"stream_name":"stdout","time":363.952145941,"data":"SECONDARY_EDGE_TTA_ACTIVE views = 8 weight = 0.75 mean_abs_feat_delta = 0.259858\n"}
,{"stream_name":"stdout","time":364.755348485,"data":"EDGE_TTA_ACTIVE views = 8 mean_abs_feat_delta = 0.36887\n"}
,{"stream_name":"stdout","time":365.072068183,"data":"EDGE_TTA_ACTIVE views = 8 mean_abs_feat_delta = 0.344989\n"}
,{"stream_name":"stdout","time":365.823241079,"data":"SECONDARY_EDGE_TTA_ACTIVE views = 8 weight = 0.75 mean_abs_feat_delta = 0.300158\n"}
,{"stream_name":"stdout","time":365.827019367,"data":"BIOHUB_RETENTION_GUARD {\"blended_candidates\": 335, \"dataset\": \"44b6_0b24845f\", \"frame\": 60, \"minimum_retention\": 0.9, \"primary_candidates\": 393, \"retention\": 0.8524173027989822, \"use_primary\": true}\n"}
,{"stream_name":"stdout","time":366.036034936,"data":"SECONDARY_EDGE_TTA_ACTIVE views = 8 weight = 0.75 mean_abs_feat_delta = 0.25507\n"}
,{"stream_name":"stdout","time":367.126481573,"data":"EDGE_TTA_ACTIVE views = 8 mean_abs_feat_delta = 0.365386\n"}
,{"stream_name":"stdout","time":367.180585992,"data":"EDGE_TTA_ACTIVE views = 8 mean_abs_feat_delta = 0.343404\n"}
,{"stream_name":"stdout","time":368.143018176,"data":"SECONDARY_EDGE_TTA_ACTIVE views = 8 weight = 0.75 mean_abs_feat_delta = 0.262098\n"}
,{"stream_name":"stdout","time":368.193592743,"data":"SECONDARY_EDGE_TTA_ACTIVE views = 8 weight = 0.75 mean_abs_feat_delta = 0.300168\n"}
,{"stream_name":"stdout","time":368.197667144,"data":"BIOHUB_RETENTION_GUARD {\"blended_candidates\": 275, \"dataset\": \"44b6_0b24845f\", \"frame\": 61, \"minimum_retention\": 0.9, \"primary_candidates\": 333, \"retention\": 0.8258258258258259, \"use_primary\": true}\n"}
,{"stream_name":"stdout","time":369.234136615,"data":"EDGE_TTA_ACTIVE views = 8 mean_abs_feat_delta = 0.341221\n"}
,{"stream_name":"stdout","time":369.467805158,"data":"EDGE_TTA_ACTIVE views = 8 mean_abs_feat_delta = 0.366621\n"}
,{"stream_name":"stdout","time":370.193777548,"data":"SECONDARY_EDGE_TTA_ACTIVE views = 8 weight = 0.75 mean_abs_feat_delta = 0.262847\n"}
,{"stream_name":"stdout","time":370.535175858,"data":"SECONDARY_EDGE_TTA_ACTIVE views = 8 weight = 0.75 mean_abs_feat_delta = 0.300845\n"}
,{"stream_name":"stdout","time":370.53926768,"data":"BIOHUB_RETENTION_GUARD {\"blended_candidates\": 298, \"dataset\": \"44b6_0b24845f\", \"frame\": 62, \"minimum_retention\": 0.9, \"primary_candidates\": 345, \"retention\": 0.863768115942029, \"use_primary\": true}\n"}
,{"stream_name":"stdout","time":371.301185913,"data":"EDGE_TTA_ACTIVE views = 8 mean_abs_feat_delta = 0.343003\n"}
,{"stream_name":"stdout","time":371.709165251,"data":"EDGE_TTA_ACTIVE views = 8 mean_abs_feat_delta = 0.373908\n"}
,{"stream_name":"stdout","time":372.2293845,"data":"SECONDARY_EDGE_TTA_ACTIVE views = 8 weight = 0.75 mean_abs_feat_delta = 0.261047\n"}
,{"stream_name":"stdout","time":372.777792103,"data":"SECONDARY_EDGE_TTA_ACTIVE views = 8 weight = 0.75 mean_abs_feat_delta = 0.303221\n"}
,{"stream_name":"stdout","time":373.366166891,"data":"EDGE_TTA_ACTIVE views = 8 mean_abs_feat_delta = 0.343125\n"}
,{"stream_name":"stdout","time":373.948434684,"data":"EDGE_TTA_ACTIVE views = 8 mean_abs_feat_delta = 0.368494\n"}
,{"stream_name":"stdout","time":374.328630555,"data":"SECONDARY_EDGE_TTA_ACTIVE views = 8 weight = 0.75 mean_abs_feat_delta = 0.257455\n"}
,{"stream_name":"stdout","time":375.013520667,"data":"SECONDARY_EDGE_TTA_ACTIVE views = 8 weight = 0.75 mean_abs_feat_delta = 0.299317\n"}
,{"stream_name":"stdout","time":375.017490311,"data":"BIOHUB_RETENTION_GUARD {\"blended_candidates\": 295, \"dataset\": \"44b6_0b24845f\", \"frame\": 64, \"minimum_retention\": 0.9, \"primary_candidates\": 344, \"retention\": 0.8575581395348837, \"use_primary\": true}\n"}
,{"stream_name":"stdout","time":375.440380618,"data":"EDGE_TTA_ACTIVE views = 8 mean_abs_feat_delta = 0.337095\n"}
,{"stream_name":"stdout","time":376.211855424,"data":"EDGE_TTA_ACTIVE views = 8 mean_abs_feat_delta = 0.370026\n"}
,{"stream_name":"stdout","time":376.399366571,"data":"SECONDARY_EDGE_TTA_ACTIVE views = 8 weight = 0.75 mean_abs_feat_delta = 0.254838\n"}
,{"stream_name":"stdout","time":377.28248311,"data":"SECONDARY_EDGE_TTA_ACTIVE views = 8 weight = 0.75 mean_abs_feat_delta = 0.299955\n"}
,{"stream_name":"stdout","time":377.286483736,"data":"BIOHUB_RETENTION_GUARD {\"blended_candidates\": 335, \"dataset\": \"44b6_0b24845f\", \"frame\": 65, \"minimum_retention\": 0.9, \"primary_candidates\": 378, \"retention\": 0.8862433862433863, \"use_primary\": true}\n"}
,{"stream_name":"stdout","time":377.495070995,"data":"EDGE_TTA_ACTIVE views = 8 mean_abs_feat_delta = 0.337123\n"}
,{"stream_name":"stdout","time":378.455886685,"data":"SECONDARY_EDGE_TTA_ACTIVE views = 8 weight = 0.75 mean_abs_feat_delta = 0.260524\n"}
,{"stream_name":"stdout","time":378.570252003,"data":"EDGE_TTA_ACTIVE views = 8 mean_abs_feat_delta = 0.369253\n"}
,{"stream_name":"stdout","time":379.5697739,"data":"EDGE_TTA_ACTIVE views = 8 mean_abs_feat_delta = 0.338112\n"}
,{"stream_name":"stdout","time":379.639043284,"data":"SECONDARY_EDGE_TTA_ACTIVE views = 8 weight = 0.75 mean_abs_feat_delta = 0.296912\n"}
,{"stream_name":"stdout","time":379.643135013,"data":"BIOHUB_RETENTION_GUARD {\"blended_candidates\": 324, \"dataset\": \"44b6_0b24845f\", \"frame\": 66, \"minimum_retention\": 0.9, \"primary_candidates\": 375, \"retention\": 0.864, \"use_primary\": true}\n"}
,{"stream_name":"stdout","time":380.530156746,"data":"SECONDARY_EDGE_TTA_ACTIVE views = 8 weight = 0.75 mean_abs_feat_delta = 0.262847\n"}
,{"stream_name":"stdout","time":380.853670945,"data":"EDGE_TTA_ACTIVE views = 8 mean_abs_feat_delta = 0.365768\n"}
,{"stream_name":"stdout","time":381.618693557,"data":"EDGE_TTA_ACTIVE views = 8 mean_abs_feat_delta = 0.338704\n"}
,{"stream_name":"stdout","time":381.921899553,"data":"SECONDARY_EDGE_TTA_ACTIVE views = 8 weight = 0.75 mean_abs_feat_delta = 0.291366\n"}
,{"stream_name":"stdout","time":382.578764348,"data":"SECONDARY_EDGE_TTA_ACTIVE views = 8 weight = 0.75 mean_abs_feat_delta = 0.260131\n"}
,{"stream_name":"stdout","time":383.202876924,"data":"EDGE_TTA_ACTIVE views = 8 mean_abs_feat_delta = 0.365075\n"}
,{"stream_name":"stdout","time":383.714853416,"data":"EDGE_TTA_ACTIVE views = 8 mean_abs_feat_delta = 0.340176\n"}
,{"stream_name":"stdout","time":384.275638817,"data":"SECONDARY_EDGE_TTA_ACTIVE views = 8 weight = 0.75 mean_abs_feat_delta = 0.293296\n"}
,{"stream_name":"stdout","time":384.680916486,"data":"SECONDARY_EDGE_TTA_ACTIVE views = 8 weight = 0.75 mean_abs_feat_delta = 0.256523\n"}
,{"stream_name":"stdout","time":385.450229002,"data":"EDGE_TTA_ACTIVE views = 8 mean_abs_feat_delta = 0.366016\n"}
,{"stream_name":"stdout","time":385.818846952,"data":"EDGE_TTA_ACTIVE views = 8 mean_abs_feat_delta = 0.346094\n"}
,{"stream_name":"stdout","time":386.52442124,"data":"SECONDARY_EDGE_TTA_ACTIVE views = 8 weight = 0.75 mean_abs_feat_delta = 0.301719\n"}
,{"stream_name":"stdout","time":386.780225091,"data":"SECONDARY_EDGE_TTA_ACTIVE views = 8 weight = 0.75 mean_abs_feat_delta = 0.265074\n"}
,{"stream_name":"stdout","time":387.707022265,"data":"EDGE_TTA_ACTIVE views = 8 mean_abs_feat_delta = 0.365231\n"}
,{"stream_name":"stdout","time":387.844385715,"data":"EDGE_TTA_ACTIVE views = 8 mean_abs_feat_delta = 0.348292\n"}
,{"stream_name":"stdout","time":388.781503045,"data":"SECONDARY_EDGE_TTA_ACTIVE views = 8 weight = 0.75 mean_abs_feat_delta = 0.301488\n"}
,{"stream_name":"stdout","time":388.785404413,"data":"BIOHUB_RETENTION_GUARD {\"blended_candidates\": 260, \"dataset\": \"44b6_0b24845f\", \"frame\": 70, \"minimum_retention\": 0.9, \"primary_candidates\": 305, \"retention\": 0.8524590163934426, \"use_primary\": true}\n"}
,{"stream_name":"stdout","time":388.80810541,"data":"SECONDARY_EDGE_TTA_ACTIVE views = 8 weight = 0.75 mean_abs_feat_delta = 0.26712\n"}
,{"stream_name":"stdout","time":389.906852131,"data":"EDGE_TTA_ACTIVE views = 8 mean_abs_feat_delta = 0.344312\n"}
,{"stream_name":"stdout","time":390.022104815,"data":"EDGE_TTA_ACTIVE views = 8 mean_abs_feat_delta = 0.36009\n"}
,{"stream_name":"stdout","time":390.865174105,"data":"SECONDARY_EDGE_TTA_ACTIVE views = 8 weight = 0.75 mean_abs_feat_delta = 0.263739\n"}
,{"stream_name":"stdout","time":391.098848217,"data":"SECONDARY_EDGE_TTA_ACTIVE views = 8 weight = 0.75 mean_abs_feat_delta = 0.299423\n"}
,{"stream_name":"stdout","time":391.976606749,"data":"EDGE_TTA_ACTIVE views = 8 mean_abs_feat_delta = 0.341477\n"}
,{"stream_name":"stdout","time":392.368778,"data":"EDGE_TTA_ACTIVE views = 8 mean_abs_feat_delta = 0.360462\n"}
,{"stream_name":"stdout","time":392.947709378,"data":"SECONDARY_EDGE_TTA_ACTIVE views = 8 weight = 0.75 mean_abs_feat_delta = 0.262727\n"}
,{"stream_name":"stdout","time":393.448252924,"data":"SECONDARY_EDGE_TTA_ACTIVE views = 8 weight = 0.75 mean_abs_feat_delta = 0.301712\n"}
,{"stream_name":"stdout","time":394.004169483,"data":"EDGE_TTA_ACTIVE views = 8 mean_abs_feat_delta = 0.34091\n"}
,{"stream_name":"stdout","time":394.682530658,"data":"EDGE_TTA_ACTIVE views = 8 mean_abs_feat_delta = 0.359757\n"}
,{"stream_name":"stdout","time":394.974789287,"data":"SECONDARY_EDGE_TTA_ACTIVE views = 8 weight = 0.75 mean_abs_feat_delta = 0.256411\n"}
,{"stream_name":"stdout","time":395.767936796,"data":"SECONDARY_EDGE_TTA_ACTIVE views = 8 weight = 0.75 mean_abs_feat_delta = 0.305584\n"}
,{"stream_name":"stdout","time":395.771825516,"data":"BIOHUB_RETENTION_GUARD {\"blended_candidates\": 197, \"dataset\": \"44b6_0b24845f\", \"frame\": 73, \"minimum_retention\": 0.9, \"primary_candidates\": 262, \"retention\": 0.7519083969465649, \"use_primary\": true}\n"}
,{"stream_name":"stdout","time":396.126777458,"data":"EDGE_TTA_ACTIVE views = 8 mean_abs_feat_delta = 0.337156\n"}
,{"stream_name":"stdout","time":397.024880607,"data":"EDGE_TTA_ACTIVE views = 8 mean_abs_feat_delta = 0.368022\n"}
,{"stream_name":"stdout","time":397.098574801,"data":"SECONDARY_EDGE_TTA_ACTIVE views = 8 weight = 0.75 mean_abs_feat_delta = 0.260031\n"}
,{"stream_name":"stdout","time":398.108175976,"data":"SECONDARY_EDGE_TTA_ACTIVE views = 8 weight = 0.75 mean_abs_feat_delta = 0.304789\n"}
,{"stream_name":"stdout","time":398.112663405,"data":"BIOHUB_RETENTION_GUARD {\"blended_candidates\": 224, \"dataset\": \"44b6_0b24845f\", \"frame\": 74, \"minimum_retention\": 0.9, \"primary_candidates\": 291, \"retention\": 0.7697594501718213, \"use_primary\": true}\n"}
,{"stream_name":"stdout","time":398.230465391,"data":"EDGE_TTA_ACTIVE views = 8 mean_abs_feat_delta = 0.339841\n"}
,{"stream_name":"stdout","time":399.191155001,"data":"SECONDARY_EDGE_TTA_ACTIVE views = 8 weight = 0.75 mean_abs_feat_delta = 0.262153\n"}
,{"stream_name":"stdout","time":399.319513151,"data":"EDGE_TTA_ACTIVE views = 8 mean_abs_feat_delta = 0.358754\n"}
,{"stream_name":"stdout","time":400.257484931,"data":"EDGE_TTA_ACTIVE views = 8 mean_abs_feat_delta = 0.34054\n"}
,{"stream_name":"stdout","time":400.404053347,"data":"SECONDARY_EDGE_TTA_ACTIVE views = 8 weight = 0.75 mean_abs_feat_delta = 0.299735\n"}
,{"stream_name":"stdout","time":400.408096049,"data":"BIOHUB_RETENTION_GUARD {\"blended_candidates\": 325, \"dataset\": \"44b6_0b24845f\", \"frame\": 75, \"minimum_retention\": 0.9, \"primary_candidates\": 374, \"retention\": 0.8689839572192514, \"use_primary\": true}\n"}
,{"stream_name":"stdout","time":401.22563398,"data":"SECONDARY_EDGE_TTA_ACTIVE views = 8 weight = 0.75 mean_abs_feat_delta = 0.258925\n"}
,{"stream_name":"stdout","time":401.657936566,"data":"EDGE_TTA_ACTIVE views = 8 mean_abs_feat_delta = 0.358919\n"}
,{"stream_name":"stdout","time":402.361476551,"data":"EDGE_TTA_ACTIVE views = 8 mean_abs_feat_delta = 0.345761\n"}
,{"stream_name":"stdout","time":402.718377692,"data":"SECONDARY_EDGE_TTA_ACTIVE views = 8 weight = 0.75 mean_abs_feat_delta = 0.295727\n"}
,{"stream_name":"stdout","time":402.722079408,"data":"BIOHUB_RETENTION_GUARD {\"blended_candidates\": 321, \"dataset\": \"44b6_0b24845f\", \"frame\": 76, \"minimum_retention\": 0.9, \"primary_candidates\": 379, \"retention\": 0.8469656992084432, \"use_primary\": true}\n"}
,{"stream_name":"stdout","time":403.327637474,"data":"SECONDARY_EDGE_TTA_ACTIVE views = 8 weight = 0.75 mean_abs_feat_delta = 0.260799\n"}
,{"stream_name":"stdout","time":404.032413337,"data":"EDGE_TTA_ACTIVE views = 8 mean_abs_feat_delta = 0.361097\n"}
,{"stream_name":"stdout","time":404.446818365,"data":"EDGE_TTA_ACTIVE views = 8 mean_abs_feat_delta = 0.34535\n"}
,{"stream_name":"stdout","time":405.123660037,"data":"SECONDARY_EDGE_TTA_ACTIVE views = 8 weight = 0.75 mean_abs_feat_delta = 0.301815\n"}
,{"stream_name":"stdout","time":405.12777832,"data":"BIOHUB_RETENTION_GUARD {\"blended_candidates\": 243, \"dataset\": \"44b6_0b24845f\", \"frame\": 77, \"minimum_retention\": 0.9, \"primary_candidates\": 331, \"retention\": 0.7341389728096677, \"use_primary\": true}\n"}
,{"stream_name":"stdout","time":405.413814356,"data":"SECONDARY_EDGE_TTA_ACTIVE views = 8 weight = 0.75 mean_abs_feat_delta = 0.261693\n"}
,{"stream_name":"stdout","time":406.341051463,"data":"EDGE_TTA_ACTIVE views = 8 mean_abs_feat_delta = 0.36529\n"}
,{"stream_name":"stdout","time":406.504829156,"data":"EDGE_TTA_ACTIVE views = 8 mean_abs_feat_delta = 0.345018\n"}
,{"stream_name":"stdout","time":407.435841106,"data":"SECONDARY_EDGE_TTA_ACTIVE views = 8 weight = 0.75 mean_abs_feat_delta = 0.305391\n"}
,{"stream_name":"stdout","time":407.439989436,"data":"BIOHUB_RETENTION_GUARD {\"blended_candidates\": 284, \"dataset\": \"44b6_0b24845f\", \"frame\": 78, \"minimum_retention\": 0.9, \"primary_candidates\": 392, \"retention\": 0.7244897959183674, \"use_primary\": true}\n"}
,{"stream_name":"stdout","time":407.476240578,"data":"SECONDARY_EDGE_TTA_ACTIVE views = 8 weight = 0.75 mean_abs_feat_delta = 0.264586\n"}
,{"stream_name":"stdout","time":408.670016472,"data":"EDGE_TTA_ACTIVE views = 8 mean_abs_feat_delta = 0.339492\n"}
,{"stream_name":"stdout","time":408.770897513,"data":"EDGE_TTA_ACTIVE views = 8 mean_abs_feat_delta = 0.365892\n"}
,{"stream_name":"stdout","time":409.644013538,"data":"SECONDARY_EDGE_TTA_ACTIVE views = 8 weight = 0.75 mean_abs_feat_delta = 0.262994\n"}
,{"stream_name":"stdout","time":409.870410659,"data":"SECONDARY_EDGE_TTA_ACTIVE views = 8 weight = 0.75 mean_abs_feat_delta = 0.302826\n"}
,{"stream_name":"stdout","time":409.874339263,"data":"BIOHUB_RETENTION_GUARD {\"blended_candidates\": 298, \"dataset\": \"44b6_0b24845f\", \"frame\": 79, \"minimum_retention\": 0.9, \"primary_candidates\": 424, \"retention\": 0.7028301886792453, \"use_primary\": true}\n"}
,{"stream_name":"stdout","time":410.796936046,"data":"EDGE_TTA_ACTIVE views = 8 mean_abs_feat_delta = 0.333718\n"}
,{"stream_name":"stdout","time":411.150858743,"data":"EDGE_TTA_ACTIVE views = 8 mean_abs_feat_delta = 0.365633\n"}
,{"stream_name":"stdout","time":411.769267176,"data":"SECONDARY_EDGE_TTA_ACTIVE views = 8 weight = 0.75 mean_abs_feat_delta = 0.257147\n"}
,{"stream_name":"stdout","time":412.254667362,"data":"SECONDARY_EDGE_TTA_ACTIVE views = 8 weight = 0.75 mean_abs_feat_delta = 0.303473\n"}
,{"stream_name":"stdout","time":412.258572827,"data":"BIOHUB_RETENTION_GUARD {\"blended_candidates\": 291, \"dataset\": \"44b6_0b24845f\", \"frame\": 80, \"minimum_retention\": 0.9, \"primary_candidates\": 388, \"retention\": 0.75, \"use_primary\": true}\n"}
,{"stream_name":"stdout","time":412.840768408,"data":"EDGE_TTA_ACTIVE views = 8 mean_abs_feat_delta = 0.334199\n"}
,{"stream_name":"stdout","time":413.543785876,"data":"EDGE_TTA_ACTIVE views = 8 mean_abs_feat_delta = 0.369442\n"}
,{"stream_name":"stdout","time":413.813617792,"data":"SECONDARY_EDGE_TTA_ACTIVE views = 8 weight = 0.75 mean_abs_feat_delta = 0.259374\n"}
,{"stream_name":"stdout","time":414.649154307,"data":"SECONDARY_EDGE_TTA_ACTIVE views = 8 weight = 0.75 mean_abs_feat_delta = 0.308215\n"}
,{"stream_name":"stdout","time":414.65307626,"data":"BIOHUB_RETENTION_GUARD {\"blended_candidates\": 294, \"dataset\": \"44b6_0b24845f\", \"frame\": 81, \"minimum_retention\": 0.9, \"primary_candidates\": 382, \"retention\": 0.7696335078534031, \"use_primary\": true}\n"}
,{"stream_name":"stdout","time":414.906544081,"data":"EDGE_TTA_ACTIVE views = 8 mean_abs_feat_delta = 0.338008\n"}
,{"stream_name":"stdout","time":415.878465909,"data":"SECONDARY_EDGE_TTA_ACTIVE views = 8 weight = 0.75 mean_abs_feat_delta = 0.257413\n"}
,{"stream_name":"stdout","time":415.908905088,"data":"EDGE_TTA_ACTIVE views = 8 mean_abs_feat_delta = 0.373979\n"}
,{"stream_name":"stdout","time":416.951353804,"data":"EDGE_TTA_ACTIVE views = 8 mean_abs_feat_delta = 0.338144\n"}
,{"stream_name":"stdout","time":417.016342611,"data":"SECONDARY_EDGE_TTA_ACTIVE views = 8 weight = 0.75 mean_abs_feat_delta = 0.312577\n"}
,{"stream_name":"stdout","time":417.020532194,"data":"BIOHUB_RETENTION_GUARD {\"blended_candidates\": 277, \"dataset\": \"44b6_0b24845f\", \"frame\": 82, \"minimum_retention\": 0.9, \"primary_candidates\": 385, \"retention\": 0.7194805194805195, \"use_primary\": true}\n"}
,{"stream_name":"stdout","time":417.92378684,"data":"SECONDARY_EDGE_TTA_ACTIVE views = 8 weight = 0.75 mean_abs_feat_delta = 0.257555\n"}
,{"stream_name":"stdout","time":418.295000448,"data":"EDGE_TTA_ACTIVE views = 8 mean_abs_feat_delta = 0.365009\n"}
,{"stream_name":"stdout","time":418.99904598,"data":"EDGE_TTA_ACTIVE views = 8 mean_abs_feat_delta = 0.336404\n"}
,{"stream_name":"stdout","time":419.401422127,"data":"SECONDARY_EDGE_TTA_ACTIVE views = 8 weight = 0.75 mean_abs_feat_delta = 0.311063\n"}
,{"stream_name":"stdout","time":419.405503248,"data":"BIOHUB_RETENTION_GUARD {\"blended_candidates\": 268, \"dataset\": \"44b6_0b24845f\", \"frame\": 83, \"minimum_retention\": 0.9, \"primary_candidates\": 379, \"retention\": 0.7071240105540897, \"use_primary\": true}\n"}
,{"stream_name":"stdout","time":419.972563646,"data":"SECONDARY_EDGE_TTA_ACTIVE views = 8 weight = 0.75 mean_abs_feat_delta = 0.253368\n"}
,{"stream_name":"stdout","time":420.628921183,"data":"EDGE_TTA_ACTIVE views = 8 mean_abs_feat_delta = 0.36654\n"}
,{"stream_name":"stdout","time":421.044926628,"data":"EDGE_TTA_ACTIVE views = 8 mean_abs_feat_delta = 0.336923\n"}
,{"stream_name":"stdout","time":421.737737655,"data":"SECONDARY_EDGE_TTA_ACTIVE views = 8 weight = 0.75 mean_abs_feat_delta = 0.311139\n"}
,{"stream_name":"stdout","time":421.741631125,"data":"BIOHUB_RETENTION_GUARD {\"blended_candidates\": 287, \"dataset\": \"44b6_0b24845f\", \"frame\": 84, \"minimum_retention\": 0.9, \"primary_candidates\": 361, \"retention\": 0.7950138504155124, \"use_primary\": true}\n"}
,{"stream_name":"stdout","time":422.021039529,"data":"SECONDARY_EDGE_TTA_ACTIVE views = 8 weight = 0.75 mean_abs_feat_delta = 0.253968\n"}
,{"stream_name":"stdout","time":422.969552015,"data":"EDGE_TTA_ACTIVE views = 8 mean_abs_feat_delta = 0.364996\n"}
,{"stream_name":"stdout","time":423.094218699,"data":"EDGE_TTA_ACTIVE views = 8 mean_abs_feat_delta = 0.340204\n"}
,{"stream_name":"stdout","time":424.067718816,"data":"SECONDARY_EDGE_TTA_ACTIVE views = 8 weight = 0.75 mean_abs_feat_delta = 0.25869\n"}
,{"stream_name":"stdout","time":424.076714233,"data":"SECONDARY_EDGE_TTA_ACTIVE views = 8 weight = 0.75 mean_abs_feat_delta = 0.312248\n"}
,{"stream_name":"stdout","time":424.081013917,"data":"BIOHUB_RETENTION_GUARD {\"blended_candidates\": 198, \"dataset\": \"44b6_0b24845f\", \"frame\": 85, \"minimum_retention\": 0.9, \"primary_candidates\": 294, \"retention\": 0.673469387755102, \"use_primary\": true}\n"}
,{"stream_name":"stdout","time":425.202331819,"data":"EDGE_TTA_ACTIVE views = 8 mean_abs_feat_delta = 0.343273\n"}
,{"stream_name":"stdout","time":425.29714484,"data":"EDGE_TTA_ACTIVE views = 8 mean_abs_feat_delta = 0.364819\n"}
,{"stream_name":"stdout","time":426.177237112,"data":"SECONDARY_EDGE_TTA_ACTIVE views = 8 weight = 0.75 mean_abs_feat_delta = 0.249107\n"}
,{"stream_name":"stdout","time":426.404334989,"data":"SECONDARY_EDGE_TTA_ACTIVE views = 8 weight = 0.75 mean_abs_feat_delta = 0.317294\n"}
,{"stream_name":"stdout","time":426.408417532,"data":"BIOHUB_RETENTION_GUARD {\"blended_candidates\": 169, \"dataset\": \"44b6_0b24845f\", \"frame\": 86, \"minimum_retention\": 0.9, \"primary_candidates\": 282, \"retention\": 0.599290780141844, \"use_primary\": true}\n"}
,{"stream_name":"stdout","time":427.307066725,"data":"EDGE_TTA_ACTIVE views = 8 mean_abs_feat_delta = 0.340039\n"}
,{"stream_name":"stdout","time":427.610474361,"data":"EDGE_TTA_ACTIVE views = 8 mean_abs_feat_delta = 0.360555\n"}
,{"stream_name":"stdout","time":428.285638924,"data":"SECONDARY_EDGE_TTA_ACTIVE views = 8 weight = 0.75 mean_abs_feat_delta = 0.250998\n"}
,{"stream_name":"stdout","time":428.718638367,"data":"SECONDARY_EDGE_TTA_ACTIVE views = 8 weight = 0.75 mean_abs_feat_delta = 0.318325\n"}
,{"stream_name":"stdout","time":428.722637053,"data":"BIOHUB_RETENTION_GUARD {\"blended_candidates\": 232, \"dataset\": \"44b6_0b24845f\", \"frame\": 87, \"minimum_retention\": 0.9, \"primary_candidates\": 323, \"retention\": 0.718266253869969, \"use_primary\": true}\n"}
,{"stream_name":"stdout","time":429.379623176,"data":"EDGE_TTA_ACTIVE views = 8 mean_abs_feat_delta = 0.338922\n"}
,{"stream_name":"stdout","time":430.010061493,"data":"EDGE_TTA_ACTIVE views = 8 mean_abs_feat_delta = 0.367991\n"}
,{"stream_name":"stdout","time":430.350907871,"data":"SECONDARY_EDGE_TTA_ACTIVE views = 8 weight = 0.75 mean_abs_feat_delta = 0.249091\n"}
,{"stream_name":"stdout","time":431.117699753,"data":"SECONDARY_EDGE_TTA_ACTIVE views = 8 weight = 0.75 mean_abs_feat_delta = 0.319785\n"}
,{"stream_name":"stdout","time":431.12160967,"data":"BIOHUB_RETENTION_GUARD {\"blended_candidates\": 287, \"dataset\": \"44b6_0b24845f\", \"frame\": 88, \"minimum_retention\": 0.9, \"primary_candidates\": 363, \"retention\": 0.790633608815427, \"use_primary\": true}\n"}
,{"stream_name":"stdout","time":431.504791649,"data":"EDGE_TTA_ACTIVE views = 8 mean_abs_feat_delta = 0.342488\n"}
,{"stream_name":"stdout","time":432.373425639,"data":"EDGE_TTA_ACTIVE views = 8 mean_abs_feat_delta = 0.374613\n"}
,{"stream_name":"stdout","time":432.478235875,"data":"SECONDARY_EDGE_TTA_ACTIVE views = 8 weight = 0.75 mean_abs_feat_delta = 0.25058\n"}
,{"stream_name":"stdout","time":433.441707212,"data":"SECONDARY_EDGE_TTA_ACTIVE views = 8 weight = 0.75 mean_abs_feat_delta = 0.325312\n"}
,{"stream_name":"stdout","time":433.445900146,"data":"BIOHUB_RETENTION_GUARD {\"blended_candidates\": 219, \"dataset\": \"44b6_0b24845f\", \"frame\": 89, \"minimum_retention\": 0.9, \"primary_candidates\": 322, \"retention\": 0.6801242236024845, \"use_primary\": true}\n"}
,{"stream_name":"stdout","time":433.60929614,"data":"EDGE_TTA_ACTIVE views = 8 mean_abs_feat_delta = 0.341683\n"}
,{"stream_name":"stdout","time":434.586131734,"data":"SECONDARY_EDGE_TTA_ACTIVE views = 8 weight = 0.75 mean_abs_feat_delta = 0.25428\n"}
,{"stream_name":"stdout","time":434.723419403,"data":"EDGE_TTA_ACTIVE views = 8 mean_abs_feat_delta = 0.362102\n"}
,{"stream_name":"stdout","time":435.827458697,"data":"SECONDARY_EDGE_TTA_ACTIVE views = 8 weight = 0.75 mean_abs_feat_delta = 0.321967\n"}
,{"stream_name":"stdout","time":435.831066386,"data":"BIOHUB_RETENTION_GUARD {\"blended_candidates\": 175, \"dataset\": \"44b6_0b24845f\", \"frame\": 90, \"minimum_retention\": 0.9, \"primary_candidates\": 269, \"retention\": 0.6505576208178439, \"use_primary\": true}\n"}
,{"stream_name":"stdout","time":437.197243902,"data":"EDGE_TTA_ACTIVE views = 8 mean_abs_feat_delta = 0.362535\n"}
,{"stream_name":"stdout","time":438.305569516,"data":"SECONDARY_EDGE_TTA_ACTIVE views = 8 weight = 0.75 mean_abs_feat_delta = 0.320952\n"}
,{"stream_name":"stdout","time":438.310131079,"data":"BIOHUB_RETENTION_GUARD {\"blended_candidates\": 136, \"dataset\": \"44b6_0b24845f\", \"frame\": 91, \"minimum_retention\": 0.9, \"primary_candidates\": 237, \"retention\": 0.5738396624472574, \"use_primary\": true}\n"}
,{"stream_name":"stdout","time":439.598535303,"data":"EDGE_TTA_ACTIVE views = 8 mean_abs_feat_delta = 0.36442\n"}
,{"stream_name":"stdout","time":440.696814119,"data":"SECONDARY_EDGE_TTA_ACTIVE views = 8 weight = 0.75 mean_abs_feat_delta = 0.322162\n"}
,{"stream_name":"stdout","time":440.701689085,"data":"BIOHUB_RETENTION_GUARD {\"blended_candidates\": 151, \"dataset\": \"44b6_0b24845f\", \"frame\": 92, \"minimum_retention\": 0.9, \"primary_candidates\": 286, \"retention\": 0.527972027972028, \"use_primary\": true}\n"}
,{"stream_name":"stdout","time":441.936892221,"data":"EDGE_TTA_ACTIVE views = 8 mean_abs_feat_delta = 0.357811\n"}
,{"stream_name":"stdout","time":443.03996499,"data":"SECONDARY_EDGE_TTA_ACTIVE views = 8 weight = 0.75 mean_abs_feat_delta = 0.314236\n"}
,{"stream_name":"stdout","time":443.044011545,"data":"BIOHUB_RETENTION_GUARD {\"blended_candidates\": 133, \"dataset\": \"44b6_0b24845f\", \"frame\": 93, \"minimum_retention\": 0.9, \"primary_candidates\": 253, \"retention\": 0.525691699604743, \"use_primary\": true}\n"}
,{"stream_name":"stdout","time":444.327357351,"data":"EDGE_TTA_ACTIVE views = 8 mean_abs_feat_delta = 0.3551\n"}
,{"stream_name":"stdout","time":445.424327629,"data":"SECONDARY_EDGE_TTA_ACTIVE views = 8 weight = 0.75 mean_abs_feat_delta = 0.314665\n"}
,{"stream_name":"stdout","time":445.428158293,"data":"BIOHUB_RETENTION_GUARD {\"blended_candidates\": 168, \"dataset\": \"44b6_0b24845f\", \"frame\": 94, \"minimum_retention\": 0.9, \"primary_candidates\": 290, \"retention\": 0.5793103448275863, \"use_primary\": true}\n"}
,{"stream_name":"stdout","time":446.700617873,"data":"EDGE_TTA_ACTIVE views = 8 mean_abs_feat_delta = 0.362482\n"}
,{"stream_name":"stdout","time":447.794739383,"data":"SECONDARY_EDGE_TTA_ACTIVE views = 8 weight = 0.75 mean_abs_feat_delta = 0.321701\n"}
,{"stream_name":"stdout","time":447.798476033,"data":"BIOHUB_RETENTION_GUARD {\"blended_candidates\": 140, \"dataset\": \"44b6_0b24845f\", \"frame\": 95, \"minimum_retention\": 0.9, \"primary_candidates\": 309, \"retention\": 0.45307443365695793, \"use_primary\": true}\n"}
,{"stream_name":"stdout","time":449.071702221,"data":"EDGE_TTA_ACTIVE views = 8 mean_abs_feat_delta = 0.358614\n"}
,{"stream_name":"stdout","time":450.164093198,"data":"SECONDARY_EDGE_TTA_ACTIVE views = 8 weight = 0.75 mean_abs_feat_delta = 0.325788\n"}
,{"stream_name":"stdout","time":450.167877006,"data":"BIOHUB_RETENTION_GUARD {\"blended_candidates\": 124, \"dataset\": \"44b6_0b24845f\", \"frame\": 96, \"minimum_retention\": 0.9, \"primary_candidates\": 273, \"retention\": 0.4542124542124542, \"use_primary\": true}\n"}
,{"stream_name":"stdout","time":451.386370163,"data":"EDGE_TTA_ACTIVE views = 8 mean_abs_feat_delta = 0.354717\n"}
,{"stream_name":"stdout","time":452.479556432,"data":"SECONDARY_EDGE_TTA_ACTIVE views = 8 weight = 0.75 mean_abs_feat_delta = 0.328691\n"}
,{"stream_name":"stdout","time":452.48343665,"data":"BIOHUB_RETENTION_GUARD {\"blended_candidates\": 181, \"dataset\": \"44b6_0b24845f\", \"frame\": 97, \"minimum_retention\": 0.9, \"primary_candidates\": 328, \"retention\": 0.551829268292683, \"use_primary\": true}\n"}
,{"stream_name":"stdout","time":453.759280003,"data":"EDGE_TTA_ACTIVE views = 8 mean_abs_feat_delta = 0.362901\n"}
,{"stream_name":"stdout","time":454.852704243,"data":"SECONDARY_EDGE_TTA_ACTIVE views = 8 weight = 0.75 mean_abs_feat_delta = 0.327921\n"}
,{"stream_name":"stdout","time":454.856632194,"data":"BIOHUB_RETENTION_GUARD {\"blended_candidates\": 153, \"dataset\": \"44b6_0b24845f\", \"frame\": 98, \"minimum_retention\": 0.9, \"primary_candidates\": 295, \"retention\": 0.5186440677966102, \"use_primary\": true}\n"}
,{"stream_name":"stdout","time":456.048944902,"data":"EDGE_TTA_ACTIVE views = 8 mean_abs_feat_delta = 0.362405\n"}
,{"stream_name":"stdout","time":457.139007844,"data":"SECONDARY_EDGE_TTA_ACTIVE views = 8 weight = 0.75 mean_abs_feat_delta = 0.328126\n"}
,{"stream_name":"stdout","time":457.143427711,"data":"BIOHUB_RETENTION_GUARD {\"blended_candidates\": 111, \"dataset\": \"44b6_0b24845f\", \"frame\": 99, \"minimum_retention\": 0.9, \"primary_candidates\": 224, \"retention\": 0.4955357142857143, \"use_primary\": true}\n"}
,{"stream_name":"stdout","time":458.503010302,"data":"EDGE_TTA_ACTIVE views = 8 mean_abs_feat_delta = 0.353265\n"}
,{"stream_name":"stdout","time":459.432518086,"data":"SECONDARY_EDGE_TTA_ACTIVE views = 8 weight = 0.75 mean_abs_feat_delta = 0.229197\n"}
,{"stream_name":"stdout","time":460.539437901,"data":"EDGE_TTA_ACTIVE views = 8 mean_abs_feat_delta = 0.356556\n"}
,{"stream_name":"stdout","time":461.466884052,"data":"SECONDARY_EDGE_TTA_ACTIVE views = 8 weight = 0.75 mean_abs_feat_delta = 0.228531\n"}
,{"stream_name":"stdout","time":462.671056404,"data":"EDGE_TTA_ACTIVE views = 8 mean_abs_feat_delta = 0.359353\n"}
,{"stream_name":"stdout","time":463.531171344,"data":"SECONDARY_EDGE_TTA_ACTIVE views = 8 weight = 0.75 mean_abs_feat_delta = 0.232233\n"}
,{"stream_name":"stdout","time":464.597020532,"data":"EDGE_TTA_ACTIVE views = 8 mean_abs_feat_delta = 0.361838\n"}
,{"stream_name":"stdout","time":465.52433376,"data":"SECONDARY_EDGE_TTA_ACTIVE views = 8 weight = 0.75 mean_abs_feat_delta = 0.231136\n"}
,{"stream_name":"stdout","time":466.588978779,"data":"EDGE_TTA_ACTIVE views = 8 mean_abs_feat_delta = 0.349332\n"}
,{"stream_name":"stdout","time":467.523731177,"data":"SECONDARY_EDGE_TTA_ACTIVE views = 8 weight = 0.75 mean_abs_feat_delta = 0.237962\n"}
,{"stream_name":"stdout","time":468.5703207,"data":"EDGE_TTA_ACTIVE views = 8 mean_abs_feat_delta = 0.36765\n"}
,{"stream_name":"stdout","time":469.505592593,"data":"SECONDARY_EDGE_TTA_ACTIVE views = 8 weight = 0.75 mean_abs_feat_delta = 0.23324\n"}
,{"stream_name":"stdout","time":470.559336148,"data":"EDGE_TTA_ACTIVE views = 8 mean_abs_feat_delta = 0.37095\n"}
,{"stream_name":"stdout","time":471.503606219,"data":"SECONDARY_EDGE_TTA_ACTIVE views = 8 weight = 0.75 mean_abs_feat_delta = 0.233703\n"}
,{"stream_name":"stdout","time":472.570711727,"data":"EDGE_TTA_ACTIVE views = 8 mean_abs_feat_delta = 0.362298\n"}
,{"stream_name":"stdout","time":473.510694598,"data":"SECONDARY_EDGE_TTA_ACTIVE views = 8 weight = 0.75 mean_abs_feat_delta = 0.23047\n"}
,{"stream_name":"stdout","time":474.573515193,"data":"EDGE_TTA_ACTIVE views = 8 mean_abs_feat_delta = 0.357762\n"}
,{"stream_name":"stdout","time":475.519307495,"data":"SECONDARY_EDGE_TTA_ACTIVE views = 8 weight = 0.75 mean_abs_feat_delta = 0.222866\n"}
,{"stream_name":"stdout","time":476.603836499,"data":"EDGE_TTA_ACTIVE views = 8 mean_abs_feat_delta = 0.360193\n"}
,{"stream_name":"stdout","time":477.555577406,"data":"SECONDARY_EDGE_TTA_ACTIVE views = 8 weight = 0.75 mean_abs_feat_delta = 0.223297\n"}
,{"stream_name":"stdout","time":478.616653356,"data":"EDGE_TTA_ACTIVE views = 8 mean_abs_feat_delta = 0.35856\n"}
,{"stream_name":"stdout","time":478.703141162,"data":"EDGE_TTA_ACTIVE views = 8 mean_abs_feat_delta = 0.336457\n"}
,{"stream_name":"stdout","time":479.571042932,"data":"SECONDARY_EDGE_TTA_ACTIVE views = 8 weight = 0.75 mean_abs_feat_delta = 0.226482\n"}
,{"stream_name":"stdout","time":479.740375097,"data":"SECONDARY_EDGE_TTA_ACTIVE views = 8 weight = 0.75 mean_abs_feat_delta = 0.229228\n"}
,{"stream_name":"stdout","time":480.690130159,"data":"EDGE_TTA_ACTIVE views = 8 mean_abs_feat_delta = 0.365065\n"}
,{"stream_name":"stdout","time":481.215329831,"data":"EDGE_TTA_ACTIVE views = 8 mean_abs_feat_delta = 0.33652\n"}
,{"stream_name":"stdout","time":481.648911685,"data":"SECONDARY_EDGE_TTA_ACTIVE views = 8 weight = 0.75 mean_abs_feat_delta = 0.229453\n"}
,{"stream_name":"stdout","time":482.264941883,"data":"SECONDARY_EDGE_TTA_ACTIVE views = 8 weight = 0.75 mean_abs_feat_delta = 0.231364\n"}
,{"stream_name":"stdout","time":482.779749811,"data":"EDGE_TTA_ACTIVE views = 8 mean_abs_feat_delta = 0.353373\n"}
,{"stream_name":"stdout","time":483.74087926,"data":"SECONDARY_EDGE_TTA_ACTIVE views = 8 weight = 0.75 mean_abs_feat_delta = 0.233899\n"}
,{"stream_name":"stdout","time":483.76174135,"data":"EDGE_TTA_ACTIVE views = 8 mean_abs_feat_delta = 0.334504\n"}
,{"stream_name":"stdout","time":484.787324892,"data":"EDGE_TTA_ACTIVE views = 8 mean_abs_feat_delta = 0.366767\n"}
,{"stream_name":"stdout","time":484.825410379,"data":"SECONDARY_EDGE_TTA_ACTIVE views = 8 weight = 0.75 mean_abs_feat_delta = 0.231505\n"}
,{"stream_name":"stdout","time":485.759033977,"data":"SECONDARY_EDGE_TTA_ACTIVE views = 8 weight = 0.75 mean_abs_feat_delta = 0.228562\n"}
,{"stream_name":"stdout","time":486.266790804,"data":"EDGE_TTA_ACTIVE views = 8 mean_abs_feat_delta = 0.331503\n"}
,{"stream_name":"stdout","time":486.827047673,"data":"EDGE_TTA_ACTIVE views = 8 mean_abs_feat_delta = 0.360859\n"}
,{"stream_name":"stdout","time":487.344602116,"data":"SECONDARY_EDGE_TTA_ACTIVE views = 8 weight = 0.75 mean_abs_feat_delta = 0.233103\n"}
,{"stream_name":"stdout","time":487.800213492,"data":"SECONDARY_EDGE_TTA_ACTIVE views = 8 weight = 0.75 mean_abs_feat_delta = 0.229373\n"}
,{"stream_name":"stdout","time":488.818312455,"data":"EDGE_TTA_ACTIVE views = 8 mean_abs_feat_delta = 0.334571\n"}
,{"stream_name":"stdout","time":488.938009922,"data":"EDGE_TTA_ACTIVE views = 8 mean_abs_feat_delta = 0.358711\n"}
,{"stream_name":"stdout","time":489.912263036,"data":"SECONDARY_EDGE_TTA_ACTIVE views = 8 weight = 0.75 mean_abs_feat_delta = 0.228983\n"}
,{"stream_name":"stdout","time":489.913554993,"data":"SECONDARY_EDGE_TTA_ACTIVE views = 8 weight = 0.75 mean_abs_feat_delta = 0.230713\n"}
,{"stream_name":"stdout","time":490.991921838,"data":"EDGE_TTA_ACTIVE views = 8 mean_abs_feat_delta = 0.357908\n"}
,{"stream_name":"stdout","time":491.405544555,"data":"EDGE_TTA_ACTIVE views = 8 mean_abs_feat_delta = 0.333844\n"}
,{"stream_name":"stdout","time":491.969009877,"data":"SECONDARY_EDGE_TTA_ACTIVE views = 8 weight = 0.75 mean_abs_feat_delta = 0.22723\n"}
,{"stream_name":"stdout","time":492.514350586,"data":"SECONDARY_EDGE_TTA_ACTIVE views = 8 weight = 0.75 mean_abs_feat_delta = 0.228063\n"}
,{"stream_name":"stdout","time":493.0688878,"data":"EDGE_TTA_ACTIVE views = 8 mean_abs_feat_delta = 0.36076\n"}
,{"stream_name":"stdout","time":494.009446492,"data":"SECONDARY_EDGE_TTA_ACTIVE views = 8 weight = 0.75 mean_abs_feat_delta = 0.227184\n"}
,{"stream_name":"stdout","time":494.077917662,"data":"EDGE_TTA_ACTIVE views = 8 mean_abs_feat_delta = 0.333957\n"}
,{"stream_name":"stdout","time":495.094871014,"data":"EDGE_TTA_ACTIVE views = 8 mean_abs_feat_delta = 0.363026\n"}
,{"stream_name":"stdout","time":495.201113753,"data":"SECONDARY_EDGE_TTA_ACTIVE views = 8 weight = 0.75 mean_abs_feat_delta = 0.23148\n"}
,{"stream_name":"stdout","time":496.086319081,"data":"SECONDARY_EDGE_TTA_ACTIVE views = 8 weight = 0.75 mean_abs_feat_delta = 0.228674\n"}
,{"stream_name":"stdout","time":496.76416639,"data":"EDGE_TTA_ACTIVE views = 8 mean_abs_feat_delta = 0.333005\n"}
,{"stream_name":"stdout","time":497.17012013,"data":"EDGE_TTA_ACTIVE views = 8 mean_abs_feat_delta = 0.36528\n"}
,{"stream_name":"stdout","time":497.902964059,"data":"SECONDARY_EDGE_TTA_ACTIVE views = 8 weight = 0.75 mean_abs_feat_delta = 0.226861\n"}
,{"stream_name":"stdout","time":498.161685119,"data":"SECONDARY_EDGE_TTA_ACTIVE views = 8 weight = 0.75 mean_abs_feat_delta = 0.22969\n"}
,{"stream_name":"stdout","time":499.320858953,"data":"EDGE_TTA_ACTIVE views = 8 mean_abs_feat_delta = 0.365255\n"}
,{"stream_name":"stdout","time":499.466081505,"data":"EDGE_TTA_ACTIVE views = 8 mean_abs_feat_delta = 0.335609\n"}
,{"stream_name":"stdout","time":500.320951807,"data":"SECONDARY_EDGE_TTA_ACTIVE views = 8 weight = 0.75 mean_abs_feat_delta = 0.227887\n"}
,{"stream_name":"stdout","time":500.606110567,"data":"SECONDARY_EDGE_TTA_ACTIVE views = 8 weight = 0.75 mean_abs_feat_delta = 0.226753\n"}
,{"stream_name":"stdout","time":501.406635721,"data":"EDGE_TTA_ACTIVE views = 8 mean_abs_feat_delta = 0.364292\n"}
,{"stream_name":"stdout","time":502.186626997,"data":"EDGE_TTA_ACTIVE views = 8 mean_abs_feat_delta = 0.338411\n"}
,{"stream_name":"stdout","time":502.410166543,"data":"SECONDARY_EDGE_TTA_ACTIVE views = 8 weight = 0.75 mean_abs_feat_delta = 0.229597\n"}
,{"stream_name":"stdout","time":503.338811878,"data":"SECONDARY_EDGE_TTA_ACTIVE views = 8 weight = 0.75 mean_abs_feat_delta = 0.229067\n"}
,{"stream_name":"stdout","time":503.532578782,"data":"EDGE_TTA_ACTIVE views = 8 mean_abs_feat_delta = 0.369457\n"}
,{"stream_name":"stdout","time":504.542836858,"data":"SECONDARY_EDGE_TTA_ACTIVE views = 8 weight = 0.75 mean_abs_feat_delta = 0.229355\n"}
,{"stream_name":"stdout","time":504.842623968,"data":"EDGE_TTA_ACTIVE views = 8 mean_abs_feat_delta = 0.33357\n"}
,{"stream_name":"stdout","time":505.613203981,"data":"EDGE_TTA_ACTIVE views = 8 mean_abs_feat_delta = 0.366989\n"}
,{"stream_name":"stdout","time":506.012575871,"data":"SECONDARY_EDGE_TTA_ACTIVE views = 8 weight = 0.75 mean_abs_feat_delta = 0.224805\n"}
,{"stream_name":"stdout","time":506.625620592,"data":"SECONDARY_EDGE_TTA_ACTIVE views = 8 weight = 0.75 mean_abs_feat_delta = 0.228164\n"}
,{"stream_name":"stdout","time":507.649627637,"data":"EDGE_TTA_ACTIVE views = 8 mean_abs_feat_delta = 0.328392\n"}
,{"stream_name":"stdout","time":507.699520601,"data":"EDGE_TTA_ACTIVE views = 8 mean_abs_feat_delta = 0.364738\n"}
,{"stream_name":"stdout","time":508.717388962,"data":"SECONDARY_EDGE_TTA_ACTIVE views = 8 weight = 0.75 mean_abs_feat_delta = 0.230204\n"}
,{"stream_name":"stdout","time":508.82991681,"data":"SECONDARY_EDGE_TTA_ACTIVE views = 8 weight = 0.75 mean_abs_feat_delta = 0.22475\n"}
,{"stream_name":"stdout","time":509.886976123,"data":"EDGE_TTA_ACTIVE views = 8 mean_abs_feat_delta = 0.368159\n"}
,{"stream_name":"stdout","time":510.420411619,"data":"EDGE_TTA_ACTIVE views = 8 mean_abs_feat_delta = 0.329088\n"}
,{"stream_name":"stdout","time":510.90098984,"data":"SECONDARY_EDGE_TTA_ACTIVE views = 8 weight = 0.75 mean_abs_feat_delta = 0.229792\n"}
,{"stream_name":"stdout","time":511.609493725,"data":"SECONDARY_EDGE_TTA_ACTIVE views = 8 weight = 0.75 mean_abs_feat_delta = 0.223629\n"}
,{"stream_name":"stdout","time":512.005687984,"data":"EDGE_TTA_ACTIVE views = 8 mean_abs_feat_delta = 0.370711\n"}
,{"stream_name":"stdout","time":513.017248473,"data":"SECONDARY_EDGE_TTA_ACTIVE views = 8 weight = 0.75 mean_abs_feat_delta = 0.231598\n"}
,{"stream_name":"stdout","time":513.142303391,"data":"EDGE_TTA_ACTIVE views = 8 mean_abs_feat_delta = 0.331454\n"}
,{"stream_name":"stdout","time":514.095830407,"data":"EDGE_TTA_ACTIVE views = 8 mean_abs_feat_delta = 0.360618\n"}
,{"stream_name":"stdout","time":514.32068562,"data":"SECONDARY_EDGE_TTA_ACTIVE views = 8 weight = 0.75 mean_abs_feat_delta = 0.221381\n"}
,{"stream_name":"stdout","time":515.104473471,"data":"SECONDARY_EDGE_TTA_ACTIVE views = 8 weight = 0.75 mean_abs_feat_delta = 0.237748\n"}
,{"stream_name":"stdout","time":515.901951588,"data":"EDGE_TTA_ACTIVE views = 8 mean_abs_feat_delta = 0.332081\n"}
,{"stream_name":"stdout","time":516.170713949,"data":"EDGE_TTA_ACTIVE views = 8 mean_abs_feat_delta = 0.372812\n"}
,{"stream_name":"stdout","time":517.06123572,"data":"SECONDARY_EDGE_TTA_ACTIVE views = 8 weight = 0.75 mean_abs_feat_delta = 0.220825\n"}
,{"stream_name":"stdout","time":517.170125119,"data":"SECONDARY_EDGE_TTA_ACTIVE views = 8 weight = 0.75 mean_abs_feat_delta = 0.229174\n"}
,{"stream_name":"stdout","time":518.301557147,"data":"EDGE_TTA_ACTIVE views = 8 mean_abs_feat_delta = 0.374406\n"}
,{"stream_name":"stdout","time":518.578966594,"data":"EDGE_TTA_ACTIVE views = 8 mean_abs_feat_delta = 0.331331\n"}
,{"stream_name":"stdout","time":519.29630059,"data":"SECONDARY_EDGE_TTA_ACTIVE views = 8 weight = 0.75 mean_abs_feat_delta = 0.23239\n"}
,{"stream_name":"stdout","time":519.71802842,"data":"SECONDARY_EDGE_TTA_ACTIVE views = 8 weight = 0.75 mean_abs_feat_delta = 0.220942\n"}
,{"stream_name":"stdout","time":520.384766546,"data":"EDGE_TTA_ACTIVE views = 8 mean_abs_feat_delta = 0.3777\n"}
,{"stream_name":"stdout","time":521.290658936,"data":"EDGE_TTA_ACTIVE views = 8 mean_abs_feat_delta = 0.331316\n"}
,{"stream_name":"stdout","time":521.375442381,"data":"SECONDARY_EDGE_TTA_ACTIVE views = 8 weight = 0.75 mean_abs_feat_delta = 0.233543\n"}
,{"stream_name":"stdout","time":522.421661019,"data":"EDGE_TTA_ACTIVE views = 8 mean_abs_feat_delta = 0.376339\n"}
,{"stream_name":"stdout","time":522.425019361,"data":"SECONDARY_EDGE_TTA_ACTIVE views = 8 weight = 0.75 mean_abs_feat_delta = 0.220064\n"}
,{"stream_name":"stdout","time":523.451259231,"data":"SECONDARY_EDGE_TTA_ACTIVE views = 8 weight = 0.75 mean_abs_feat_delta = 0.230711\n"}
,{"stream_name":"stdout","time":523.938068335,"data":"EDGE_TTA_ACTIVE views = 8 mean_abs_feat_delta = 0.331281\n"}
,{"stream_name":"stdout","time":524.560374397,"data":"EDGE_TTA_ACTIVE views = 8 mean_abs_feat_delta = 0.369146\n"}
,{"stream_name":"stdout","time":525.063358916,"data":"SECONDARY_EDGE_TTA_ACTIVE views = 8 weight = 0.75 mean_abs_feat_delta = 0.219385\n"}
,{"stream_name":"stdout","time":525.534039228,"data":"SECONDARY_EDGE_TTA_ACTIVE views = 8 weight = 0.75 mean_abs_feat_delta = 0.230076\n"}
,{"stream_name":"stdout","time":526.557730533,"data":"EDGE_TTA_ACTIVE views = 8 mean_abs_feat_delta = 0.332495\n"}
,{"stream_name":"stdout","time":526.605335442,"data":"EDGE_TTA_ACTIVE views = 8 mean_abs_feat_delta = 0.367025\n"}
,{"stream_name":"stdout","time":527.579912209,"data":"SECONDARY_EDGE_TTA_ACTIVE views = 8 weight = 0.75 mean_abs_feat_delta = 0.23\n"}
,{"stream_name":"stdout","time":527.669350705,"data":"SECONDARY_EDGE_TTA_ACTIVE views = 8 weight = 0.75 mean_abs_feat_delta = 0.221891\n"}
,{"stream_name":"stdout","time":528.625247727,"data":"EDGE_TTA_ACTIVE views = 8 mean_abs_feat_delta = 0.371094\n"}
,{"stream_name":"stdout","time":529.181302381,"data":"EDGE_TTA_ACTIVE views = 8 mean_abs_feat_delta = 0.326164\n"}
,{"stream_name":"stdout","time":529.603802035,"data":"SECONDARY_EDGE_TTA_ACTIVE views = 8 weight = 0.75 mean_abs_feat_delta = 0.231427\n"}
,{"stream_name":"stdout","time":530.283253075,"data":"SECONDARY_EDGE_TTA_ACTIVE views = 8 weight = 0.75 mean_abs_feat_delta = 0.22287\n"}
,{"stream_name":"stdout","time":530.698267341,"data":"EDGE_TTA_ACTIVE views = 8 mean_abs_feat_delta = 0.375255\n"}
,{"stream_name":"stdout","time":531.669771571,"data":"SECONDARY_EDGE_TTA_ACTIVE views = 8 weight = 0.75 mean_abs_feat_delta = 0.229981\n"}
,{"stream_name":"stdout","time":531.763811324,"data":"EDGE_TTA_ACTIVE views = 8 mean_abs_feat_delta = 0.3318\n"}
,{"stream_name":"stdout","time":532.822935921,"data":"EDGE_TTA_ACTIVE views = 8 mean_abs_feat_delta = 0.373994\n"}
,{"stream_name":"stdout","time":532.855535137,"data":"SECONDARY_EDGE_TTA_ACTIVE views = 8 weight = 0.75 mean_abs_feat_delta = 0.226905\n"}
,{"stream_name":"stdout","time":533.794774385,"data":"SECONDARY_EDGE_TTA_ACTIVE views = 8 weight = 0.75 mean_abs_feat_delta = 0.229437\n"}
,{"stream_name":"stdout","time":534.329907327,"data":"EDGE_TTA_ACTIVE views = 8 mean_abs_feat_delta = 0.332454\n"}
,{"stream_name":"stdout","time":534.907671545,"data":"EDGE_TTA_ACTIVE views = 8 mean_abs_feat_delta = 0.366011\n"}
,{"stream_name":"stdout","time":535.412920731,"data":"SECONDARY_EDGE_TTA_ACTIVE views = 8 weight = 0.75 mean_abs_feat_delta = 0.227329\n"}
,{"stream_name":"stdout","time":535.880582976,"data":"SECONDARY_EDGE_TTA_ACTIVE views = 8 weight = 0.75 mean_abs_feat_delta = 0.229485\n"}
,{"stream_name":"stdout","time":536.909370335,"data":"EDGE_TTA_ACTIVE views = 8 mean_abs_feat_delta = 0.329795\n"}
,{"stream_name":"stdout","time":536.947828402,"data":"EDGE_TTA_ACTIVE views = 8 mean_abs_feat_delta = 0.364698\n"}
,{"stream_name":"stdout","time":537.916735057,"data":"SECONDARY_EDGE_TTA_ACTIVE views = 8 weight = 0.75 mean_abs_feat_delta = 0.234306\n"}
,{"stream_name":"stdout","time":537.987761004,"data":"SECONDARY_EDGE_TTA_ACTIVE views = 8 weight = 0.75 mean_abs_feat_delta = 0.227094\n"}
,{"stream_name":"stdout","time":538.97818087,"data":"EDGE_TTA_ACTIVE views = 8 mean_abs_feat_delta = 0.366732\n"}
,{"stream_name":"stdout","time":539.44299754,"data":"EDGE_TTA_ACTIVE views = 8 mean_abs_feat_delta = 0.330008\n"}
,{"stream_name":"stdout","time":539.946770918,"data":"SECONDARY_EDGE_TTA_ACTIVE views = 8 weight = 0.75 mean_abs_feat_delta = 0.235733\n"}
,{"stream_name":"stdout","time":540.516268121,"data":"SECONDARY_EDGE_TTA_ACTIVE views = 8 weight = 0.75 mean_abs_feat_delta = 0.228038\n"}
,{"stream_name":"stdout","time":541.003829663,"data":"EDGE_TTA_ACTIVE views = 8 mean_abs_feat_delta = 0.370041\n"}
,{"stream_name":"stdout","time":541.965385309,"data":"EDGE_TTA_ACTIVE views = 8 mean_abs_feat_delta = 0.327924\n"}
,{"stream_name":"stdout","time":541.973347901,"data":"SECONDARY_EDGE_TTA_ACTIVE views = 8 weight = 0.75 mean_abs_feat_delta = 0.231775\n"}
,{"stream_name":"stdout","time":543.029799027,"data":"SECONDARY_EDGE_TTA_ACTIVE views = 8 weight = 0.75 mean_abs_feat_delta = 0.226869\n"}
,{"stream_name":"stdout","time":543.058278736,"data":"EDGE_TTA_ACTIVE views = 8 mean_abs_feat_delta = 0.367914\n"}
,{"stream_name":"stdout","time":544.023301419,"data":"SECONDARY_EDGE_TTA_ACTIVE views = 8 weight = 0.75 mean_abs_feat_delta = 0.227854\n"}
,{"stream_name":"stdout","time":544.507088958,"data":"EDGE_TTA_ACTIVE views = 8 mean_abs_feat_delta = 0.324294\n"}
,{"stream_name":"stdout","time":545.054119271,"data":"EDGE_TTA_ACTIVE views = 8 mean_abs_feat_delta = 0.352519\n"}
,{"stream_name":"stdout","time":545.572952,"data":"SECONDARY_EDGE_TTA_ACTIVE views = 8 weight = 0.75 mean_abs_feat_delta = 0.219975\n"}
,{"stream_name":"stdout","time":546.012320626,"data":"SECONDARY_EDGE_TTA_ACTIVE views = 8 weight = 0.75 mean_abs_feat_delta = 0.232249\n"}
,{"stream_name":"stdout","time":546.017023738,"data":"BIOHUB_RETENTION_GUARD {\"blended_candidates\": 66, \"dataset\": \"6bba_05b6850b\", \"frame\": 43, \"minimum_retention\": 0.9, \"primary_candidates\": 74, \"retention\": 0.8918918918918919, \"use_primary\": true}\n"}
,{"stream_name":"stdout","time":547.052953852,"data":"EDGE_TTA_ACTIVE views = 8 mean_abs_feat_delta = 0.329966\n"}
,{"stream_name":"stdout","time":547.076661693,"data":"EDGE_TTA_ACTIVE views = 8 mean_abs_feat_delta = 0.36891\n"}
,{"stream_name":"stdout","time":548.035820465,"data":"SECONDARY_EDGE_TTA_ACTIVE views = 8 weight = 0.75 mean_abs_feat_delta = 0.226463\n"}
,{"stream_name":"stdout","time":548.114853895,"data":"SECONDARY_EDGE_TTA_ACTIVE views = 8 weight = 0.75 mean_abs_feat_delta = 0.22725\n"}
,{"stream_name":"stdout","time":549.086852564,"data":"EDGE_TTA_ACTIVE views = 8 mean_abs_feat_delta = 0.372785\n"}
,{"stream_name":"stdout","time":549.611567776,"data":"EDGE_TTA_ACTIVE views = 8 mean_abs_feat_delta = 0.322964\n"}
,{"stream_name":"stdout","time":550.044043143,"data":"SECONDARY_EDGE_TTA_ACTIVE views = 8 weight = 0.75 mean_abs_feat_delta = 0.232529\n"}
,{"stream_name":"stdout","time":550.66933986,"data":"SECONDARY_EDGE_TTA_ACTIVE views = 8 weight = 0.75 mean_abs_feat_delta = 0.225732\n"}
,{"stream_name":"stdout","time":551.070689332,"data":"EDGE_TTA_ACTIVE views = 8 mean_abs_feat_delta = 0.372432\n"}
,{"stream_name":"stdout","time":552.028531509,"data":"SECONDARY_EDGE_TTA_ACTIVE views = 8 weight = 0.75 mean_abs_feat_delta = 0.234792\n"}
,{"stream_name":"stdout","time":552.135814413,"data":"EDGE_TTA_ACTIVE views = 8 mean_abs_feat_delta = 0.329623\n"}
,{"stream_name":"stdout","time":553.08904832,"data":"EDGE_TTA_ACTIVE views = 8 mean_abs_feat_delta = 0.371331\n"}
,{"stream_name":"stdout","time":553.192167547,"data":"SECONDARY_EDGE_TTA_ACTIVE views = 8 weight = 0.75 mean_abs_feat_delta = 0.229625\n"}
,{"stream_name":"stdout","time":554.092739524,"data":"SECONDARY_EDGE_TTA_ACTIVE views = 8 weight = 0.75 mean_abs_feat_delta = 0.233309\n"}
,{"stream_name":"stdout","time":554.598833093,"data":"EDGE_TTA_ACTIVE views = 8 mean_abs_feat_delta = 0.33189\n"}
,{"stream_name":"stdout","time":555.105982401,"data":"EDGE_TTA_ACTIVE views = 8 mean_abs_feat_delta = 0.369641\n"}
,{"stream_name":"stdout","time":555.653131452,"data":"SECONDARY_EDGE_TTA_ACTIVE views = 8 weight = 0.75 mean_abs_feat_delta = 0.229021\n"}
,{"stream_name":"stdout","time":556.06233129,"data":"SECONDARY_EDGE_TTA_ACTIVE views = 8 weight = 0.75 mean_abs_feat_delta = 0.231091\n"}
,{"stream_name":"stdout","time":557.083970446,"data":"EDGE_TTA_ACTIVE views = 8 mean_abs_feat_delta = 0.328077\n"}
,{"stream_name":"stdout","time":557.145707222,"data":"EDGE_TTA_ACTIVE views = 8 mean_abs_feat_delta = 0.371647\n"}
,{"stream_name":"stdout","time":558.100080003,"data":"SECONDARY_EDGE_TTA_ACTIVE views = 8 weight = 0.75 mean_abs_feat_delta = 0.231415\n"}
,{"stream_name":"stdout","time":558.143863982,"data":"SECONDARY_EDGE_TTA_ACTIVE views = 8 weight = 0.75 mean_abs_feat_delta = 0.229917\n"}
,{"stream_name":"stdout","time":559.12123573,"data":"EDGE_TTA_ACTIVE views = 8 mean_abs_feat_delta = 0.368025\n"}
,{"stream_name":"stdout","time":559.602897102,"data":"EDGE_TTA_ACTIVE views = 8 mean_abs_feat_delta = 0.330658\n"}
,{"stream_name":"stdout","time":560.082759026,"data":"SECONDARY_EDGE_TTA_ACTIVE views = 8 weight = 0.75 mean_abs_feat_delta = 0.232042\n"}
,{"stream_name":"stdout","time":560.6661139,"data":"SECONDARY_EDGE_TTA_ACTIVE views = 8 weight = 0.75 mean_abs_feat_delta = 0.232737\n"}
,{"stream_name":"stdout","time":561.17165643,"data":"EDGE_TTA_ACTIVE views = 8 mean_abs_feat_delta = 0.362922\n"}
,{"stream_name":"stdout","time":562.135131525,"data":"SECONDARY_EDGE_TTA_ACTIVE views = 8 weight = 0.75 mean_abs_feat_delta = 0.232766\n"}
,{"stream_name":"stdout","time":562.168739454,"data":"EDGE_TTA_ACTIVE views = 8 mean_abs_feat_delta = 0.330195\n"}
,{"stream_name":"stdout","time":563.219986915,"data":"EDGE_TTA_ACTIVE views = 8 mean_abs_feat_delta = 0.352705\n"}
,{"stream_name":"stdout","time":563.233657317,"data":"SECONDARY_EDGE_TTA_ACTIVE views = 8 weight = 0.75 mean_abs_feat_delta = 0.227525\n"}
,{"stream_name":"stdout","time":564.179455672,"data":"SECONDARY_EDGE_TTA_ACTIVE views = 8 weight = 0.75 mean_abs_feat_delta = 0.235979\n"}
,{"stream_name":"stdout","time":564.740607631,"data":"EDGE_TTA_ACTIVE views = 8 mean_abs_feat_delta = 0.332086\n"}
,{"stream_name":"stdout","time":565.232290503,"data":"EDGE_TTA_ACTIVE views = 8 mean_abs_feat_delta = 0.336896\n"}
,{"stream_name":"stdout","time":565.805870328,"data":"SECONDARY_EDGE_TTA_ACTIVE views = 8 weight = 0.75 mean_abs_feat_delta = 0.228923\n"}
,{"stream_name":"stdout","time":566.191000605,"data":"SECONDARY_EDGE_TTA_ACTIVE views = 8 weight = 0.75 mean_abs_feat_delta = 0.241376\n"}
,{"stream_name":"stdout","time":567.221801219,"data":"EDGE_TTA_ACTIVE views = 8 mean_abs_feat_delta = 0.34476\n"}
,{"stream_name":"stdout","time":567.298905953,"data":"EDGE_TTA_ACTIVE views = 8 mean_abs_feat_delta = 0.334902\n"}
,{"stream_name":"stdout","time":568.189494594,"data":"SECONDARY_EDGE_TTA_ACTIVE views = 8 weight = 0.75 mean_abs_feat_delta = 0.233304\n"}
,{"stream_name":"stdout","time":568.36805437,"data":"SECONDARY_EDGE_TTA_ACTIVE views = 8 weight = 0.75 mean_abs_feat_delta = 0.234703\n"}
,{"stream_name":"stdout","time":569.248795021,"data":"EDGE_TTA_ACTIVE views = 8 mean_abs_feat_delta = 0.351291\n"}
,{"stream_name":"stdout","time":569.812236768,"data":"EDGE_TTA_ACTIVE views = 8 mean_abs_feat_delta = 0.331026\n"}
,{"stream_name":"stdout","time":570.218674949,"data":"SECONDARY_EDGE_TTA_ACTIVE views = 8 weight = 0.75 mean_abs_feat_delta = 0.237349\n"}
,{"stream_name":"stdout","time":570.886701436,"data":"SECONDARY_EDGE_TTA_ACTIVE views = 8 weight = 0.75 mean_abs_feat_delta = 0.228868\n"}
,{"stream_name":"stdout","time":571.261040456,"data":"EDGE_TTA_ACTIVE views = 8 mean_abs_feat_delta = 0.350787\n"}
,{"stream_name":"stdout","time":572.235425186,"data":"SECONDARY_EDGE_TTA_ACTIVE views = 8 weight = 0.75 mean_abs_feat_delta = 0.237192\n"}
,{"stream_name":"stdout","time":572.300581859,"data":"EDGE_TTA_ACTIVE views = 8 mean_abs_feat_delta = 0.33352\n"}
,{"stream_name":"stdout","time":573.307874596,"data":"EDGE_TTA_ACTIVE views = 8 mean_abs_feat_delta = 0.352459\n"}
,{"stream_name":"stdout","time":573.382089582,"data":"SECONDARY_EDGE_TTA_ACTIVE views = 8 weight = 0.75 mean_abs_feat_delta = 0.229406\n"}
,{"stream_name":"stdout","time":574.280997937,"data":"SECONDARY_EDGE_TTA_ACTIVE views = 8 weight = 0.75 mean_abs_feat_delta = 0.23579\n"}
,{"stream_name":"stdout","time":574.845511549,"data":"EDGE_TTA_ACTIVE views = 8 mean_abs_feat_delta = 0.333668\n"}
,{"stream_name":"stdout","time":575.35311473,"data":"EDGE_TTA_ACTIVE views = 8 mean_abs_feat_delta = 0.343926\n"}
,{"stream_name":"stdout","time":575.934286224,"data":"SECONDARY_EDGE_TTA_ACTIVE views = 8 weight = 0.75 mean_abs_feat_delta = 0.228734\n"}
,{"stream_name":"stdout","time":576.324482949,"data":"SECONDARY_EDGE_TTA_ACTIVE views = 8 weight = 0.75 mean_abs_feat_delta = 0.245733\n"}
,{"stream_name":"stdout","time":577.398109019,"data":"EDGE_TTA_ACTIVE views = 8 mean_abs_feat_delta = 0.361961\n"}
,{"stream_name":"stdout","time":577.41231495,"data":"EDGE_TTA_ACTIVE views = 8 mean_abs_feat_delta = 0.326117\n"}
,{"stream_name":"stdout","time":578.370458283,"data":"SECONDARY_EDGE_TTA_ACTIVE views = 8 weight = 0.75 mean_abs_feat_delta = 0.237609\n"}
,{"stream_name":"stdout","time":578.503075823,"data":"SECONDARY_EDGE_TTA_ACTIVE views = 8 weight = 0.75 mean_abs_feat_delta = 0.227258\n"}
,{"stream_name":"stdout","time":579.462534909,"data":"EDGE_TTA_ACTIVE views = 8 mean_abs_feat_delta = 0.359198\n"}
,{"stream_name":"stdout","time":579.933352985,"data":"EDGE_TTA_ACTIVE views = 8 mean_abs_feat_delta = 0.327201\n"}
,{"stream_name":"stdout","time":580.434397104,"data":"SECONDARY_EDGE_TTA_ACTIVE views = 8 weight = 0.75 mean_abs_feat_delta = 0.24975\n"}
,{"stream_name":"stdout","time":581.027781664,"data":"SECONDARY_EDGE_TTA_ACTIVE views = 8 weight = 0.75 mean_abs_feat_delta = 0.232919\n"}
,{"stream_name":"stdout","time":581.528385424,"data":"EDGE_TTA_ACTIVE views = 8 mean_abs_feat_delta = 0.364122\n"}
,{"stream_name":"stdout","time":582.500608755,"data":"SECONDARY_EDGE_TTA_ACTIVE views = 8 weight = 0.75 mean_abs_feat_delta = 0.23735\n"}
,{"stream_name":"stdout","time":582.505759104,"data":"EDGE_TTA_ACTIVE views = 8 mean_abs_feat_delta = 0.330095\n"}
,{"stream_name":"stdout","time":583.593249784,"data":"EDGE_TTA_ACTIVE views = 8 mean_abs_feat_delta = 0.357428\n"}
,{"stream_name":"stdout","time":583.607270196,"data":"SECONDARY_EDGE_TTA_ACTIVE views = 8 weight = 0.75 mean_abs_feat_delta = 0.237762\n"}
,{"stream_name":"stdout","time":584.614243001,"data":"SECONDARY_EDGE_TTA_ACTIVE views = 8 weight = 0.75 mean_abs_feat_delta = 0.239857\n"}
,{"stream_name":"stdout","time":585.076072889,"data":"EDGE_TTA_ACTIVE views = 8 mean_abs_feat_delta = 0.333419\n"}
,{"stream_name":"stdout","time":585.638889712,"data":"EDGE_TTA_ACTIVE views = 8 mean_abs_feat_delta = 0.343652\n"}
,{"stream_name":"stdout","time":586.176487192,"data":"SECONDARY_EDGE_TTA_ACTIVE views = 8 weight = 0.75 mean_abs_feat_delta = 0.238631\n"}
,{"stream_name":"stdout","time":586.612905927,"data":"SECONDARY_EDGE_TTA_ACTIVE views = 8 weight = 0.75 mean_abs_feat_delta = 0.246472\n"}
,{"stream_name":"stdout","time":587.613705697,"data":"EDGE_TTA_ACTIVE views = 8 mean_abs_feat_delta = 0.338616\n"}
,{"stream_name":"stdout","time":587.645316318,"data":"EDGE_TTA_ACTIVE views = 8 mean_abs_feat_delta = 0.355033\n"}
,{"stream_name":"stdout","time":588.618400816,"data":"SECONDARY_EDGE_TTA_ACTIVE views = 8 weight = 0.75 mean_abs_feat_delta = 0.23837\n"}
,{"stream_name":"stdout","time":588.721097734,"data":"SECONDARY_EDGE_TTA_ACTIVE views = 8 weight = 0.75 mean_abs_feat_delta = 0.236776\n"}
,{"stream_name":"stdout","time":589.712308917,"data":"EDGE_TTA_ACTIVE views = 8 mean_abs_feat_delta = 0.351347\n"}
,{"stream_name":"stdout","time":590.146186258,"data":"EDGE_TTA_ACTIVE views = 8 mean_abs_feat_delta = 0.335349\n"}
,{"stream_name":"stdout","time":590.686848703,"data":"SECONDARY_EDGE_TTA_ACTIVE views = 8 weight = 0.75 mean_abs_feat_delta = 0.23794\n"}
,{"stream_name":"stdout","time":591.256585811,"data":"SECONDARY_EDGE_TTA_ACTIVE views = 8 weight = 0.75 mean_abs_feat_delta = 0.233805\n"}
,{"stream_name":"stdout","time":591.760393307,"data":"EDGE_TTA_ACTIVE views = 8 mean_abs_feat_delta = 0.353252\n"}
,{"stream_name":"stdout","time":592.734662331,"data":"SECONDARY_EDGE_TTA_ACTIVE views = 8 weight = 0.75 mean_abs_feat_delta = 0.237401\n"}
,{"stream_name":"stdout","time":592.774447042,"data":"EDGE_TTA_ACTIVE views = 8 mean_abs_feat_delta = 0.337635\n"}
,{"stream_name":"stdout","time":593.828503377,"data":"EDGE_TTA_ACTIVE views = 8 mean_abs_feat_delta = 0.33905\n"}
,{"stream_name":"stdout","time":593.881650713,"data":"SECONDARY_EDGE_TTA_ACTIVE views = 8 weight = 0.75 mean_abs_feat_delta = 0.2393\n"}
,{"stream_name":"stdout","time":594.801686687,"data":"SECONDARY_EDGE_TTA_ACTIVE views = 8 weight = 0.75 mean_abs_feat_delta = 0.245673\n"}
,{"stream_name":"stdout","time":595.372088434,"data":"EDGE_TTA_ACTIVE views = 8 mean_abs_feat_delta = 0.336677\n"}
,{"stream_name":"stdout","time":595.874063794,"data":"EDGE_TTA_ACTIVE views = 8 mean_abs_feat_delta = 0.354422\n"}
,{"stream_name":"stdout","time":596.482933167,"data":"SECONDARY_EDGE_TTA_ACTIVE views = 8 weight = 0.75 mean_abs_feat_delta = 0.241418\n"}
,{"stream_name":"stdout","time":596.8482048,"data":"SECONDARY_EDGE_TTA_ACTIVE views = 8 weight = 0.75 mean_abs_feat_delta = 0.235875\n"}
,{"stream_name":"stdout","time":597.898146401,"data":"EDGE_TTA_ACTIVE views = 8 mean_abs_feat_delta = 0.359708\n"}
,{"stream_name":"stdout","time":597.964050439,"data":"EDGE_TTA_ACTIVE views = 8 mean_abs_feat_delta = 0.334169\n"}
,{"stream_name":"stdout","time":598.874872793,"data":"SECONDARY_EDGE_TTA_ACTIVE views = 8 weight = 0.75 mean_abs_feat_delta = 0.241531\n"}
,{"stream_name":"stdout","time":599.076466898,"data":"SECONDARY_EDGE_TTA_ACTIVE views = 8 weight = 0.75 mean_abs_feat_delta = 0.240548\n"}
,{"stream_name":"stdout","time":599.968366566,"data":"EDGE_TTA_ACTIVE views = 8 mean_abs_feat_delta = 0.359515\n"}
,{"stream_name":"stdout","time":600.52093837,"data":"EDGE_TTA_ACTIVE views = 8 mean_abs_feat_delta = 0.334586\n"}
,{"stream_name":"stdout","time":600.942363258,"data":"SECONDARY_EDGE_TTA_ACTIVE views = 8 weight = 0.75 mean_abs_feat_delta = 0.238654\n"}
,{"stream_name":"stdout","time":601.635402687,"data":"SECONDARY_EDGE_TTA_ACTIVE views = 8 weight = 0.75 mean_abs_feat_delta = 0.239217\n"}
,{"stream_name":"stdout","time":602.015936758,"data":"EDGE_TTA_ACTIVE views = 8 mean_abs_feat_delta = 0.356987\n"}
,{"stream_name":"stdout","time":602.98937896,"data":"SECONDARY_EDGE_TTA_ACTIVE views = 8 weight = 0.75 mean_abs_feat_delta = 0.235897\n"}
,{"stream_name":"stdout","time":603.088740708,"data":"EDGE_TTA_ACTIVE views = 8 mean_abs_feat_delta = 0.333591\n"}
,{"stream_name":"stdout","time":604.061940748,"data":"EDGE_TTA_ACTIVE views = 8 mean_abs_feat_delta = 0.358806\n"}
,{"stream_name":"stdout","time":604.202840991,"data":"SECONDARY_EDGE_TTA_ACTIVE views = 8 weight = 0.75 mean_abs_feat_delta = 0.238117\n"}
,{"stream_name":"stdout","time":605.035542756,"data":"SECONDARY_EDGE_TTA_ACTIVE views = 8 weight = 0.75 mean_abs_feat_delta = 0.232787\n"}
,{"stream_name":"stdout","time":605.639387936,"data":"EDGE_TTA_ACTIVE views = 8 mean_abs_feat_delta = 0.333424\n"}
,{"stream_name":"stdout","time":606.143969814,"data":"EDGE_TTA_ACTIVE views = 8 mean_abs_feat_delta = 0.360605\n"}
,{"stream_name":"stdout","time":606.752787048,"data":"SECONDARY_EDGE_TTA_ACTIVE views = 8 weight = 0.75 mean_abs_feat_delta = 0.241111\n"}
,{"stream_name":"stdout","time":607.122002994,"data":"SECONDARY_EDGE_TTA_ACTIVE views = 8 weight = 0.75 mean_abs_feat_delta = 0.235419\n"}
,{"stream_name":"stdout","time":608.216624048,"data":"EDGE_TTA_ACTIVE views = 8 mean_abs_feat_delta = 0.35888\n"}
,{"stream_name":"stdout","time":608.274564255,"data":"EDGE_TTA_ACTIVE views = 8 mean_abs_feat_delta = 0.329672\n"}
,{"stream_name":"stdout","time":609.189784809,"data":"SECONDARY_EDGE_TTA_ACTIVE views = 8 weight = 0.75 mean_abs_feat_delta = 0.232021\n"}
,{"stream_name":"stdout","time":609.390504365,"data":"SECONDARY_EDGE_TTA_ACTIVE views = 8 weight = 0.75 mean_abs_feat_delta = 0.233408\n"}
,{"stream_name":"stdout","time":610.240508344,"data":"EDGE_TTA_ACTIVE views = 8 mean_abs_feat_delta = 0.364525\n"}
,{"stream_name":"stdout","time":610.890828028,"data":"EDGE_TTA_ACTIVE views = 8 mean_abs_feat_delta = 0.330847\n"}
,{"stream_name":"stdout","time":611.213956818,"data":"SECONDARY_EDGE_TTA_ACTIVE views = 8 weight = 0.75 mean_abs_feat_delta = 0.235438\n"}
,{"stream_name":"stdout","time":612.002945051,"data":"SECONDARY_EDGE_TTA_ACTIVE views = 8 weight = 0.75 mean_abs_feat_delta = 0.236893\n"}
,{"stream_name":"stdout","time":612.263143461,"data":"EDGE_TTA_ACTIVE views = 8 mean_abs_feat_delta = 0.367055\n"}
,{"stream_name":"stdout","time":613.241228702,"data":"SECONDARY_EDGE_TTA_ACTIVE views = 8 weight = 0.75 mean_abs_feat_delta = 0.238512\n"}
,{"stream_name":"stdout","time":613.518377408,"data":"EDGE_TTA_ACTIVE views = 8 mean_abs_feat_delta = 0.332545\n"}
,{"stream_name":"stdout","time":614.313357215,"data":"EDGE_TTA_ACTIVE views = 8 mean_abs_feat_delta = 0.351417\n"}
,{"stream_name":"stdout","time":614.673867456,"data":"SECONDARY_EDGE_TTA_ACTIVE views = 8 weight = 0.75 mean_abs_feat_delta = 0.244446\n"}
,{"stream_name":"stdout","time":615.288259735,"data":"SECONDARY_EDGE_TTA_ACTIVE views = 8 weight = 0.75 mean_abs_feat_delta = 0.246384\n"}
,{"stream_name":"stdout","time":616.063208673,"data":"EDGE_TTA_ACTIVE views = 8 mean_abs_feat_delta = 0.333406\n"}
,{"stream_name":"stdout","time":616.379393342,"data":"EDGE_TTA_ACTIVE views = 8 mean_abs_feat_delta = 0.363487\n"}
,{"stream_name":"stdout","time":617.170479251,"data":"SECONDARY_EDGE_TTA_ACTIVE views = 8 weight = 0.75 mean_abs_feat_delta = 0.249633\n"}
,{"stream_name":"stdout","time":617.353100045,"data":"SECONDARY_EDGE_TTA_ACTIVE views = 8 weight = 0.75 mean_abs_feat_delta = 0.234938\n"}
,{"stream_name":"stdout","time":618.427259832,"data":"EDGE_TTA_ACTIVE views = 8 mean_abs_feat_delta = 0.361591\n"}
,{"stream_name":"stdout","time":618.604997369,"data":"EDGE_TTA_ACTIVE views = 8 mean_abs_feat_delta = 0.33416\n"}
,{"stream_name":"stdout","time":619.400171842,"data":"SECONDARY_EDGE_TTA_ACTIVE views = 8 weight = 0.75 mean_abs_feat_delta = 0.237752\n"}
,{"stream_name":"stdout","time":619.710015797,"data":"SECONDARY_EDGE_TTA_ACTIVE views = 8 weight = 0.75 mean_abs_feat_delta = 0.246702\n"}
,{"stream_name":"stdout","time":620.472784646,"data":"EDGE_TTA_ACTIVE views = 8 mean_abs_feat_delta = 0.35878\n"}
,{"stream_name":"stdout","time":621.139522181,"data":"EDGE_TTA_ACTIVE views = 8 mean_abs_feat_delta = 0.335015\n"}
,{"stream_name":"stdout","time":621.446171374,"data":"SECONDARY_EDGE_TTA_ACTIVE views = 8 weight = 0.75 mean_abs_feat_delta = 0.23573\n"}
,{"stream_name":"stdout","time":622.240119397,"data":"SECONDARY_EDGE_TTA_ACTIVE views = 8 weight = 0.75 mean_abs_feat_delta = 0.239557\n"}
,{"stream_name":"stdout","time":622.575608926,"data":"EDGE_TTA_ACTIVE views = 8 mean_abs_feat_delta = 0.361252\n"}
,{"stream_name":"stdout","time":623.557006593,"data":"SECONDARY_EDGE_TTA_ACTIVE views = 8 weight = 0.75 mean_abs_feat_delta = 0.235636\n"}
,{"stream_name":"stdout","time":623.706009866,"data":"EDGE_TTA_ACTIVE views = 8 mean_abs_feat_delta = 0.342511\n"}
,{"stream_name":"stdout","time":624.6305727,"data":"EDGE_TTA_ACTIVE views = 8 mean_abs_feat_delta = 0.357825\n"}
,{"stream_name":"stdout","time":624.804150738,"data":"SECONDARY_EDGE_TTA_ACTIVE views = 8 weight = 0.75 mean_abs_feat_delta = 0.238104\n"}
,{"stream_name":"stdout","time":625.605336729,"data":"SECONDARY_EDGE_TTA_ACTIVE views = 8 weight = 0.75 mean_abs_feat_delta = 0.23299\n"}
,{"stream_name":"stdout","time":626.253154062,"data":"EDGE_TTA_ACTIVE views = 8 mean_abs_feat_delta = 0.342159\n"}
,{"stream_name":"stdout","time":626.661224654,"data":"EDGE_TTA_ACTIVE views = 8 mean_abs_feat_delta = 0.356818\n"}
,{"stream_name":"stdout","time":627.35158189,"data":"SECONDARY_EDGE_TTA_ACTIVE views = 8 weight = 0.75 mean_abs_feat_delta = 0.239919\n"}
,{"stream_name":"stdout","time":627.634930803,"data":"SECONDARY_EDGE_TTA_ACTIVE views = 8 weight = 0.75 mean_abs_feat_delta = 0.232458\n"}
,{"stream_name":"stdout","time":628.763022498,"data":"EDGE_TTA_ACTIVE views = 8 mean_abs_feat_delta = 0.340811\n"}
,{"stream_name":"stdout","time":628.767026243,"data":"EDGE_TTA_ACTIVE views = 8 mean_abs_feat_delta = 0.358323\n"}
,{"stream_name":"stdout","time":629.741159115,"data":"SECONDARY_EDGE_TTA_ACTIVE views = 8 weight = 0.75 mean_abs_feat_delta = 0.232166\n"}
,{"stream_name":"stdout","time":629.854583633,"data":"SECONDARY_EDGE_TTA_ACTIVE views = 8 weight = 0.75 mean_abs_feat_delta = 0.238456\n"}
,{"stream_name":"stdout","time":630.834755099,"data":"EDGE_TTA_ACTIVE views = 8 mean_abs_feat_delta = 0.352135\n"}
,{"stream_name":"stdout","time":631.333403628,"data":"EDGE_TTA_ACTIVE views = 8 mean_abs_feat_delta = 0.349582\n"}
,{"stream_name":"stdout","time":631.807016457,"data":"SECONDARY_EDGE_TTA_ACTIVE views = 8 weight = 0.75 mean_abs_feat_delta = 0.232609\n"}
,{"stream_name":"stdout","time":632.428319473,"data":"SECONDARY_EDGE_TTA_ACTIVE views = 8 weight = 0.75 mean_abs_feat_delta = 0.237938\n"}
,{"stream_name":"stdout","time":632.855108279,"data":"EDGE_TTA_ACTIVE views = 8 mean_abs_feat_delta = 0.351911\n"}
,{"stream_name":"stdout","time":633.810671414,"data":"EDGE_TTA_ACTIVE views = 8 mean_abs_feat_delta = 0.350508\n"}
,{"stream_name":"stdout","time":633.832433688,"data":"SECONDARY_EDGE_TTA_ACTIVE views = 8 weight = 0.75 mean_abs_feat_delta = 0.232939\n"}
,{"stream_name":"stdout","time":634.902688649,"data":"SECONDARY_EDGE_TTA_ACTIVE views = 8 weight = 0.75 mean_abs_feat_delta = 0.242027\n"}
,{"stream_name":"stdout","time":634.930386423,"data":"EDGE_TTA_ACTIVE views = 8 mean_abs_feat_delta = 0.356519\n"}
,{"stream_name":"stdout","time":635.904215539,"data":"SECONDARY_EDGE_TTA_ACTIVE views = 8 weight = 0.75 mean_abs_feat_delta = 0.231872\n"}
,{"stream_name":"stdout","time":636.375949471,"data":"EDGE_TTA_ACTIVE views = 8 mean_abs_feat_delta = 0.347721\n"}
,{"stream_name":"stdout","time":636.997641458,"data":"EDGE_TTA_ACTIVE views = 8 mean_abs_feat_delta = 0.353385\n"}
,{"stream_name":"stdout","time":637.463034955,"data":"SECONDARY_EDGE_TTA_ACTIVE views = 8 weight = 0.75 mean_abs_feat_delta = 0.244117\n"}
,{"stream_name":"stdout","time":637.971595495,"data":"SECONDARY_EDGE_TTA_ACTIVE views = 8 weight = 0.75 mean_abs_feat_delta = 0.232685\n"}
,{"stream_name":"stdout","time":638.939480644,"data":"EDGE_TTA_ACTIVE views = 8 mean_abs_feat_delta = 0.347752\n"}
,{"stream_name":"stdout","time":639.044339222,"data":"EDGE_TTA_ACTIVE views = 8 mean_abs_feat_delta = 0.351229\n"}
,{"stream_name":"stdout","time":640.019525948,"data":"SECONDARY_EDGE_TTA_ACTIVE views = 8 weight = 0.75 mean_abs_feat_delta = 0.233018\n"}
,{"stream_name":"stdout","time":640.031463152,"data":"SECONDARY_EDGE_TTA_ACTIVE views = 8 weight = 0.75 mean_abs_feat_delta = 0.243325\n"}
,{"stream_name":"stdout","time":641.093749962,"data":"EDGE_TTA_ACTIVE views = 8 mean_abs_feat_delta = 0.350705\n"}
,{"stream_name":"stdout","time":641.475638095,"data":"EDGE_TTA_ACTIVE views = 8 mean_abs_feat_delta = 0.347648\n"}
,{"stream_name":"stdout","time":642.065017134,"data":"SECONDARY_EDGE_TTA_ACTIVE views = 8 weight = 0.75 mean_abs_feat_delta = 0.234885\n"}
,{"stream_name":"stdout","time":642.567933667,"data":"SECONDARY_EDGE_TTA_ACTIVE views = 8 weight = 0.75 mean_abs_feat_delta = 0.244042\n"}
,{"stream_name":"stdout","time":643.137703231,"data":"EDGE_TTA_ACTIVE views = 8 mean_abs_feat_delta = 0.353278\n"}
,{"stream_name":"stdout","time":643.99398902,"data":"EDGE_TTA_ACTIVE views = 8 mean_abs_feat_delta = 0.350568\n"}
,{"stream_name":"stdout","time":644.109415466,"data":"SECONDARY_EDGE_TTA_ACTIVE views = 8 weight = 0.75 mean_abs_feat_delta = 0.232744\n"}
,{"stream_name":"stdout","time":645.140389081,"data":"SECONDARY_EDGE_TTA_ACTIVE views = 8 weight = 0.75 mean_abs_feat_delta = 0.24973\n"}
,{"stream_name":"stdout","time":645.225915625,"data":"EDGE_TTA_ACTIVE views = 8 mean_abs_feat_delta = 0.358064\n"}
,{"stream_name":"stdout","time":646.19452169,"data":"SECONDARY_EDGE_TTA_ACTIVE views = 8 weight = 0.75 mean_abs_feat_delta = 0.229484\n"}
,{"stream_name":"stdout","time":646.489274531,"data":"EDGE_TTA_ACTIVE views = 8 mean_abs_feat_delta = 0.339277\n"}
,{"stream_name":"stdout","time":647.268270393,"data":"EDGE_TTA_ACTIVE views = 8 mean_abs_feat_delta = 0.35946\n"}
,{"stream_name":"stdout","time":647.578172899,"data":"SECONDARY_EDGE_TTA_ACTIVE views = 8 weight = 0.75 mean_abs_feat_delta = 0.239339\n"}
,{"stream_name":"stdout","time":648.238668461,"data":"SECONDARY_EDGE_TTA_ACTIVE views = 8 weight = 0.75 mean_abs_feat_delta = 0.231302\n"}
,{"stream_name":"stdout","time":649.017134522,"data":"EDGE_TTA_ACTIVE views = 8 mean_abs_feat_delta = 0.341866\n"}
,{"stream_name":"stdout","time":649.270892659,"data":"EDGE_TTA_ACTIVE views = 8 mean_abs_feat_delta = 0.357537\n"}
,{"stream_name":"stdout","time":650.10801078,"data":"SECONDARY_EDGE_TTA_ACTIVE views = 8 weight = 0.75 mean_abs_feat_delta = 0.244666\n"}
,{"stream_name":"stdout","time":650.242256001,"data":"SECONDARY_EDGE_TTA_ACTIVE views = 8 weight = 0.75 mean_abs_feat_delta = 0.233885\n"}
,{"stream_name":"stdout","time":651.33539169,"data":"EDGE_TTA_ACTIVE views = 8 mean_abs_feat_delta = 0.357561\n"}
,{"stream_name":"stdout","time":651.521899392,"data":"EDGE_TTA_ACTIVE views = 8 mean_abs_feat_delta = 0.344401\n"}
,{"stream_name":"stdout","time":652.308147962,"data":"SECONDARY_EDGE_TTA_ACTIVE views = 8 weight = 0.75 mean_abs_feat_delta = 0.235923\n"}
,{"stream_name":"stdout","time":652.608181304,"data":"SECONDARY_EDGE_TTA_ACTIVE views = 8 weight = 0.75 mean_abs_feat_delta = 0.244039\n"}
,{"stream_name":"stdout","time":653.402153788,"data":"EDGE_TTA_ACTIVE views = 8 mean_abs_feat_delta = 0.356691\n"}
,{"stream_name":"stdout","time":654.028163271,"data":"EDGE_TTA_ACTIVE views = 8 mean_abs_feat_delta = 0.341738\n"}
,{"stream_name":"stdout","time":654.372906112,"data":"SECONDARY_EDGE_TTA_ACTIVE views = 8 weight = 0.75 mean_abs_feat_delta = 0.236514\n"}
,{"stream_name":"stdout","time":655.115128566,"data":"SECONDARY_EDGE_TTA_ACTIVE views = 8 weight = 0.75 mean_abs_feat_delta = 0.245322\n"}
,{"stream_name":"stdout","time":655.404618738,"data":"EDGE_TTA_ACTIVE views = 8 mean_abs_feat_delta = 0.360713\n"}
,{"stream_name":"stdout","time":656.376670379,"data":"SECONDARY_EDGE_TTA_ACTIVE views = 8 weight = 0.75 mean_abs_feat_delta = 0.236886\n"}
,{"stream_name":"stdout","time":656.568799197,"data":"EDGE_TTA_ACTIVE views = 8 mean_abs_feat_delta = 0.339738\n"}
,{"stream_name":"stdout","time":657.489142079,"data":"EDGE_TTA_ACTIVE views = 8 mean_abs_feat_delta = 0.361191\n"}
,{"stream_name":"stdout","time":657.660135409,"data":"SECONDARY_EDGE_TTA_ACTIVE views = 8 weight = 0.75 mean_abs_feat_delta = 0.2464\n"}
,{"stream_name":"stdout","time":658.461091856,"data":"SECONDARY_EDGE_TTA_ACTIVE views = 8 weight = 0.75 mean_abs_feat_delta = 0.236659\n"}
,{"stream_name":"stdout","time":659.142099662,"data":"EDGE_TTA_ACTIVE views = 8 mean_abs_feat_delta = 0.336334\n"}
,{"stream_name":"stdout","time":659.527185116,"data":"EDGE_TTA_ACTIVE views = 8 mean_abs_feat_delta = 0.363957\n"}
,{"stream_name":"stdout","time":660.233924041,"data":"SECONDARY_EDGE_TTA_ACTIVE views = 8 weight = 0.75 mean_abs_feat_delta = 0.244837\n"}
,{"stream_name":"stdout","time":660.500756522,"data":"SECONDARY_EDGE_TTA_ACTIVE views = 8 weight = 0.75 mean_abs_feat_delta = 0.238038\n"}
,{"stream_name":"stdout","time":661.620639057,"data":"EDGE_TTA_ACTIVE views = 8 mean_abs_feat_delta = 0.336552\n"}
,{"stream_name":"stdout","time":662.709261968,"data":"SECONDARY_EDGE_TTA_ACTIVE views = 8 weight = 0.75 mean_abs_feat_delta = 0.249715\n"}
,{"stream_name":"stdout","time":664.17109921,"data":"EDGE_TTA_ACTIVE views = 8 mean_abs_feat_delta = 0.336751\n"}
,{"stream_name":"stdout","time":665.088875882,"data":"Saved 2 predictions to /kaggle/working/tracking_repo/predictions/unknown/unet_transformer_gpu0/split_0\n"}
,{"stream_name":"stdout","time":665.263056673,"data":"SECONDARY_EDGE_TTA_ACTIVE views = 8 weight = 0.75 mean_abs_feat_delta = 0.246366\n"}
,{"stream_name":"stdout","time":666.638503275,"data":"EDGE_TTA_ACTIVE views = 8 mean_abs_feat_delta = 0.342229\n"}
,{"stream_name":"stdout","time":667.729217976,"data":"SECONDARY_EDGE_TTA_ACTIVE views = 8 weight = 0.75 mean_abs_feat_delta = 0.250553\n"}
,{"stream_name":"stdout","time":669.108865374,"data":"EDGE_TTA_ACTIVE views = 8 mean_abs_feat_delta = 0.34433\n"}
,{"stream_name":"stdout","time":670.201211593,"data":"SECONDARY_EDGE_TTA_ACTIVE views = 8 weight = 0.75 mean_abs_feat_delta = 0.253052\n"}
,{"stream_name":"stdout","time":671.556701027,"data":"EDGE_TTA_ACTIVE views = 8 mean_abs_feat_delta = 0.338919\n"}
,{"stream_name":"stdout","time":672.648117083,"data":"SECONDARY_EDGE_TTA_ACTIVE views = 8 weight = 0.75 mean_abs_feat_delta = 0.249056\n"}
,{"stream_name":"stdout","time":674.03395729,"data":"EDGE_TTA_ACTIVE views = 8 mean_abs_feat_delta = 0.334467\n"}
,{"stream_name":"stdout","time":675.126882489,"data":"SECONDARY_EDGE_TTA_ACTIVE views = 8 weight = 0.75 mean_abs_feat_delta = 0.249429\n"}
,{"stream_name":"stdout","time":676.548681081,"data":"EDGE_TTA_ACTIVE views = 8 mean_abs_feat_delta = 0.334048\n"}
,{"stream_name":"stdout","time":677.607365342,"data":"SECONDARY_EDGE_TTA_ACTIVE views = 8 weight = 0.75 mean_abs_feat_delta = 0.246018\n"}
,{"stream_name":"stdout","time":679.010248942,"data":"EDGE_TTA_ACTIVE views = 8 mean_abs_feat_delta = 0.334845\n"}
,{"stream_name":"stdout","time":680.105122525,"data":"SECONDARY_EDGE_TTA_ACTIVE views = 8 weight = 0.75 mean_abs_feat_delta = 0.244333\n"}
,{"stream_name":"stdout","time":681.469103406,"data":"EDGE_TTA_ACTIVE views = 8 mean_abs_feat_delta = 0.334767\n"}
,{"stream_name":"stdout","time":682.565939203,"data":"SECONDARY_EDGE_TTA_ACTIVE views = 8 weight = 0.75 mean_abs_feat_delta = 0.248241\n"}
,{"stream_name":"stdout","time":683.978943978,"data":"EDGE_TTA_ACTIVE views = 8 mean_abs_feat_delta = 0.330452\n"}
,{"stream_name":"stdout","time":685.07122652,"data":"SECONDARY_EDGE_TTA_ACTIVE views = 8 weight = 0.75 mean_abs_feat_delta = 0.239474\n"}
,{"stream_name":"stdout","time":686.494074366,"data":"EDGE_TTA_ACTIVE views = 8 mean_abs_feat_delta = 0.33197\n"}
,{"stream_name":"stdout","time":687.591515728,"data":"SECONDARY_EDGE_TTA_ACTIVE views = 8 weight = 0.75 mean_abs_feat_delta = 0.247447\n"}
,{"stream_name":"stdout","time":689.067875047,"data":"EDGE_TTA_ACTIVE views = 8 mean_abs_feat_delta = 0.33369\n"}
,{"stream_name":"stdout","time":690.170315732,"data":"SECONDARY_EDGE_TTA_ACTIVE views = 8 weight = 0.75 mean_abs_feat_delta = 0.242876\n"}
,{"stream_name":"stdout","time":691.555042667,"data":"EDGE_TTA_ACTIVE views = 8 mean_abs_feat_delta = 0.335249\n"}
,{"stream_name":"stdout","time":692.652675318,"data":"SECONDARY_EDGE_TTA_ACTIVE views = 8 weight = 0.75 mean_abs_feat_delta = 0.249719\n"}
,{"stream_name":"stdout","time":694.056763677,"data":"EDGE_TTA_ACTIVE views = 8 mean_abs_feat_delta = 0.33665\n"}
,{"stream_name":"stdout","time":695.153186809,"data":"SECONDARY_EDGE_TTA_ACTIVE views = 8 weight = 0.75 mean_abs_feat_delta = 0.250474\n"}
,{"stream_name":"stdout","time":696.50086209,"data":"EDGE_TTA_ACTIVE views = 8 mean_abs_feat_delta = 0.338336\n"}
,{"stream_name":"stdout","time":697.601640252,"data":"SECONDARY_EDGE_TTA_ACTIVE views = 8 weight = 0.75 mean_abs_feat_delta = 0.243806\n"}
,{"stream_name":"stdout","time":699.062739878,"data":"EDGE_TTA_ACTIVE views = 8 mean_abs_feat_delta = 0.337788\n"}
,{"stream_name":"stdout","time":700.159879039,"data":"SECONDARY_EDGE_TTA_ACTIVE views = 8 weight = 0.75 mean_abs_feat_delta = 0.245508\n"}
,{"stream_name":"stdout","time":701.600616901,"data":"EDGE_TTA_ACTIVE views = 8 mean_abs_feat_delta = 0.325091\n"}
,{"stream_name":"stdout","time":702.695061642,"data":"SECONDARY_EDGE_TTA_ACTIVE views = 8 weight = 0.75 mean_abs_feat_delta = 0.241957\n"}
,{"stream_name":"stdout","time":704.098620239,"data":"EDGE_TTA_ACTIVE views = 8 mean_abs_feat_delta = 0.32712\n"}
,{"stream_name":"stdout","time":705.191661267,"data":"SECONDARY_EDGE_TTA_ACTIVE views = 8 weight = 0.75 mean_abs_feat_delta = 0.252361\n"}
,{"stream_name":"stdout","time":706.648852868,"data":"EDGE_TTA_ACTIVE views = 8 mean_abs_feat_delta = 0.323213\n"}
,{"stream_name":"stdout","time":707.711783248,"data":"SECONDARY_EDGE_TTA_ACTIVE views = 8 weight = 0.75 mean_abs_feat_delta = 0.245152\n"}
,{"stream_name":"stdout","time":709.089929068,"data":"EDGE_TTA_ACTIVE views = 8 mean_abs_feat_delta = 0.321976\n"}
,{"stream_name":"stdout","time":710.187603581,"data":"SECONDARY_EDGE_TTA_ACTIVE views = 8 weight = 0.75 mean_abs_feat_delta = 0.249767\n"}
,{"stream_name":"stdout","time":711.542040162,"data":"EDGE_TTA_ACTIVE views = 8 mean_abs_feat_delta = 0.323768\n"}
,{"stream_name":"stdout","time":712.639279279,"data":"SECONDARY_EDGE_TTA_ACTIVE views = 8 weight = 0.75 mean_abs_feat_delta = 0.251085\n"}
,{"stream_name":"stdout","time":714.004684932,"data":"EDGE_TTA_ACTIVE views = 8 mean_abs_feat_delta = 0.324838\n"}
,{"stream_name":"stdout","time":715.104509493,"data":"SECONDARY_EDGE_TTA_ACTIVE views = 8 weight = 0.75 mean_abs_feat_delta = 0.239244\n"}
,{"stream_name":"stdout","time":716.503513993,"data":"EDGE_TTA_ACTIVE views = 8 mean_abs_feat_delta = 0.323094\n"}
,{"stream_name":"stdout","time":717.601792998,"data":"SECONDARY_EDGE_TTA_ACTIVE views = 8 weight = 0.75 mean_abs_feat_delta = 0.247015\n"}
,{"stream_name":"stdout","time":719.06511969,"data":"EDGE_TTA_ACTIVE views = 8 mean_abs_feat_delta = 0.322603\n"}
,{"stream_name":"stdout","time":720.163900812,"data":"SECONDARY_EDGE_TTA_ACTIVE views = 8 weight = 0.75 mean_abs_feat_delta = 0.251849\n"}
,{"stream_name":"stdout","time":721.584125011,"data":"EDGE_TTA_ACTIVE views = 8 mean_abs_feat_delta = 0.325152\n"}
,{"stream_name":"stdout","time":722.682024457,"data":"SECONDARY_EDGE_TTA_ACTIVE views = 8 weight = 0.75 mean_abs_feat_delta = 0.251093\n"}
,{"stream_name":"stdout","time":724.088470563,"data":"EDGE_TTA_ACTIVE views = 8 mean_abs_feat_delta = 0.328347\n"}
,{"stream_name":"stdout","time":725.181305601,"data":"SECONDARY_EDGE_TTA_ACTIVE views = 8 weight = 0.75 mean_abs_feat_delta = 0.244661\n"}
,{"stream_name":"stdout","time":726.578894455,"data":"EDGE_TTA_ACTIVE views = 8 mean_abs_feat_delta = 0.328262\n"}
,{"stream_name":"stdout","time":727.674483556,"data":"SECONDARY_EDGE_TTA_ACTIVE views = 8 weight = 0.75 mean_abs_feat_delta = 0.243635\n"}
,{"stream_name":"stdout","time":729.01266887,"data":"EDGE_TTA_ACTIVE views = 8 mean_abs_feat_delta = 0.327618\n"}
,{"stream_name":"stdout","time":730.10726244,"data":"SECONDARY_EDGE_TTA_ACTIVE views = 8 weight = 0.75 mean_abs_feat_delta = 0.248058\n"}
,{"stream_name":"stdout","time":810.424123012,"data":"Saved 2 predictions to /kaggle/working/tracking_repo/predictions/unknown/unet_transformer_gpu1/split_0\n"}
,{"stream_name":"stdout","time":813.51833155,"data":"Merged 4 prediction graphs into /kaggle/working/tracking_repo/predictions/unknown/unet_transformer/split_0\n"}
,{"stream_name":"stdout","time":813.518380017,"data":"Prediction completed in 9.83 minutes\n"}
,{"stream_name":"stdout","time":1015.098641717,"data":"Trying DeepCenter add-only gate checkpoint: /kaggle/input/datasets/pilkwang/biohub-deepcenter-unet3d-center-prior-v1/weights/full_frame_center/best.pt\n"}
,{"stream_name":"stdout","time":1015.381805942,"data":"Loaded DeepCenter add-only gate checkpoint: /kaggle/input/datasets/pilkwang/biohub-deepcenter-unet3d-center-prior-v1/weights/full_frame_center/best.pt\n"}
,{"stream_name":"stdout","time":1015.381843474,"data":"DeepCenter checkpoint epoch: 2 best_score: -0.04500306242456039\n"}
,{"stream_name":"stdout","time":1015.381848139,"data":"Found 4 prediction graphs\n"}
,{"stream_name":"stdout","time":1035.829381691,"data":"[44b6_0113de3b] after edge-filter+motion-relink: 25822 nodes, 24937 edges\n"}
,{"stream_name":"stdout","time":1036.855864322,"data":"DEEPCENTER_TTA_ACTIVE views = 8 mean_abs_logit_delta = 0.133289\n"}
,{"stream_name":"stdout","time":1038.925158804,"data":"[44b6_0113de3b] after gap-closing (single-frame + gap2): 25884 nodes, 25052 edges\n"}
,{"stream_name":"stdout","time":1066.924963538,"data":"[44b6_0113de3b] after safe-division repair: 25884 nodes, 25146 edges (geometric_candidates = 561, deepcenter_rejected = 381, post_veto_candidates = 180, added = 94, cap_skipped = 1, mutual_nn_rejected = 62, divergence_rejected = 155)\n"}
,{"stream_name":"stdout","time":1066.925001631,"data":"[44b6_0113de3b] after division-geometry-filter+prune-isolated: 25878 nodes, 25146 edges\n"}
,{"stream_name":"stdout","time":1066.925007824,"data":"[44b6_0113de3b] after short-track filtering: 25627 nodes, 24952 edges (components_removed = 57)\n"}
,{"stream_name":"stdout","time":1071.537876279,"data":"[44b6_0113de3b] FINAL: 25627 nodes, 24952 edges\n"}
,{"stream_name":"stdout","time":1087.950797943,"data":"[44b6_0b24845f] after edge-filter+motion-relink: 22491 nodes, 20373 edges\n"}
,{"stream_name":"stdout","time":1104.317784093,"data":"[44b6_0b24845f] after gap-closing (single-frame + gap2): 22877 nodes, 21073 edges\n"}
,{"stream_name":"stdout","time":1133.454986124,"data":"[44b6_0b24845f] after safe-division repair: 22877 nodes, 21128 edges (geometric_candidates = 765, deepcenter_rejected = 692, post_veto_candidates = 73, added = 55, cap_skipped = 0, mutual_nn_rejected = 58, divergence_rejected = 372)\n"}
,{"stream_name":"stdout","time":1133.455056844,"data":"[44b6_0b24845f] after division-geometry-filter+prune-isolated: 22864 nodes, 21128 edges\n"}
,{"stream_name":"stdout","time":1133.455064384,"data":"[44b6_0b24845f] after short-track filtering: 20757 nodes, 19501 edges (components_removed = 480)\n"}
,{"stream_name":"stdout","time":1137.2597372,"data":"[44b6_0b24845f] FINAL: 20757 nodes, 19501 edges\n"}
,{"stream_name":"stdout","time":1138.851778858,"data":"[6bba_05b6850b] after edge-filter+motion-relink: 6305 nodes, 6031 edges\n"}
,{"stream_name":"stdout","time":1140.155119122,"data":"[6bba_05b6850b] after gap-closing (single-frame + gap2): 6336 nodes, 6087 edges\n"}
,{"stream_name":"stdout","time":1152.159994732,"data":"[6bba_05b6850b] after safe-division repair: 6336 nodes, 6102 edges (geometric_candidates = 79, deepcenter_rejected = 56, post_veto_candidates = 23, added = 15, cap_skipped = 0, mutual_nn_rejected = 5, divergence_rejected = 26)\n"}
,{"stream_name":"stdout","time":1152.160037097,"data":"[6bba_05b6850b] after division-geometry-filter+prune-isolated: 6335 nodes, 6102 edges\n"}
,{"stream_name":"stdout","time":1152.16004397,"data":"[6bba_05b6850b] after short-track filtering: 6159 nodes, 5967 edges (components_removed = 41)\n"}
,{"stream_name":"stdout","time":1153.302108557,"data":"[6bba_05b6850b] FINAL: 6159 nodes, 5967 edges\n"}
,{"stream_name":"stdout","time":1302.860566099,"data":"[6bba_05db0fb1] after edge-filter+motion-relink: 70687 nodes, 67974 edges\n"}
,{"stream_name":"stdout","time":1318.978034724,"data":"[6bba_05db0fb1] after gap-closing (single-frame + gap2): 71114 nodes, 68772 edges\n"}
,{"stream_name":"stdout","time":1351.018176696,"data":"[6bba_05db0fb1] after safe-division repair: 71114 nodes, 68892 edges (geometric_candidates = 2122, deepcenter_rejected = 1856, post_veto_candidates = 266, added = 120, cap_skipped = 0, mutual_nn_rejected = 272, divergence_rejected = 832)\n"}
,{"stream_name":"stdout","time":1351.018266556,"data":"[6bba_05db0fb1] after division-geometry-filter+prune-isolated: 71091 nodes, 68892 edges\n"}
,{"stream_name":"stdout","time":1351.018276522,"data":"[6bba_05db0fb1] after short-track filtering: 70312 nodes, 68295 edges (components_removed = 182)\n"}
,{"stream_name":"stdout","time":1364.03314952,"data":"[6bba_05db0fb1] FINAL: 70312 nodes, 68295 edges\n"}
,{"stream_name":"stdout","time":1364.520024121,"data":"Wrote /kaggle/working/submission.csv with 241,570 rows\n"}
,{"stream_name":"stdout","time":1364.520050067,"data":"Node rows: 122,855 | edge rows: 118,715\n"}
,{"stream_name":"stdout","time":1364.520055315,"data":"Wrote /kaggle/working/run_stats.csv\n"}
,{"stream_name":"stdout","time":1401.661361817,"data":"/usr/local/lib/python3.12/dist-packages/dask/array/image.py:7: FutureWarning: `find_available_plugins` is deprecated since version 0.25 and will be removed in version 0.27. The plugin infrastructure of `skimage.io` is deprecated. Instead, use `imageio` or other I/O packages directly.\n"}
,{"stream_name":"stdout","time":1401.662475348,"data":"  from skimage.io import imread as sk_imread\n"}
,{"stream_name":"stdout","time":1401.663457748,"data":"/usr/lib/python3.12/importlib/__init__.py:90: FutureWarning: `reset_plugins` is deprecated since version 0.25 and will be removed in version 0.27. The plugin infrastructure of `skimage.io` is deprecated. Instead, use `imageio` or other I/O packages directly.\n"}
,{"stream_name":"stdout","time":1401.664536664,"data":"  return _bootstrap._gcd_import(name[level:], package, level)\n"}
,{"stream_name":"stdout","time":1401.665806908,"data":"/usr/local/lib/python3.12/dist-packages/dask/array/image.py:7: FutureWarning: `find_available_plugins` is deprecated since version 0.25 and will be removed in version 0.27. The plugin infrastructure of `skimage.io` is deprecated. Instead, use `imageio` or other I/O packages directly.\n"}
,{"stream_name":"stdout","time":1401.666788801,"data":"  from skimage.io import imread as sk_imread\n"}
,{"stream_name":"stdout","time":1401.667472183,"data":"/usr/lib/python3.12/importlib/__init__.py:90: FutureWarning: `reset_plugins` is deprecated since version 0.25 and will be removed in version 0.27. The plugin infrastructure of `skimage.io` is deprecated. Instead, use `imageio` or other I/O packages directly.\n"}
,{"stream_name":"stdout","time":1401.668269146,"data":"  return _bootstrap._gcd_import(name[level:], package, level)\n"}
,{"stream_name":"stdout","time":1402.212247838,"data":"Secondary model: /kaggle/working/secondary_seed_weights/unet_transformer/split_0/edge_predictor_best.pth | edge weight = 0.150 | detection weight = 0.800 | link mode = low_margin_consensus | temperature = 1.000 | low-margin max = 0.350 | edge threshold = 0.480\n"}
,{"stream_name":"stdout","time":1402.213639385,"data":"Fold 0: 4 datasets | weights=weights/unet_transformer/split_0/edge_predictor_best.pth | device=cuda | window_size=2 | pool_kernel_um=3.0\n"}
,{"stream_name":"stdout","time":1402.249980315,"data":"Secondary model: /kaggle/working/secondary_seed_weights/unet_transformer/split_0/edge_predictor_best.pth | edge weight = 0.150 | detection weight = 0.800 | link mode = low_margin_consensus | temperature = 1.000 | low-margin max = 0.350 | edge threshold = 0.480\n"}
,{"stream_name":"stdout","time":1402.25077118,"data":"Fold 0: 4 datasets | weights=weights/unet_transformer/split_0/edge_predictor_best.pth | device=cuda | window_size=2 | pool_kernel_um=3.0\n"}
,{"stream_name":"stdout","time":1403.717244601,"data":"EDGE_TTA_ACTIVE views = 8 mean_abs_feat_delta = 0.34981\n"}
,{"stream_name":"stdout","time":1403.734656004,"data":"EDGE_TTA_ACTIVE views = 8 mean_abs_feat_delta = 0.392767\n"}
,{"stream_name":"stdout","time":1404.620539367,"data":"SECONDARY_EDGE_TTA_ACTIVE views = 8 weight = 0.75 mean_abs_feat_delta = 0.25325\n"}
,{"stream_name":"stdout","time":1404.686012098,"data":"SECONDARY_EDGE_TTA_ACTIVE views = 8 weight = 0.75 mean_abs_feat_delta = 0.248181\n"}
,{"stream_name":"stdout","time":1406.178088861,"data":"EDGE_TTA_ACTIVE views = 8 mean_abs_feat_delta = 0.399438\n"}
,{"stream_name":"stdout","time":1406.392265124,"data":"EDGE_TTA_ACTIVE views = 8 mean_abs_feat_delta = 0.348323\n"}
,{"stream_name":"stdout","time":1407.055905753,"data":"SECONDARY_EDGE_TTA_ACTIVE views = 8 weight = 0.75 mean_abs_feat_delta = 0.251396\n"}
,{"stream_name":"stdout","time":1407.36521306,"data":"SECONDARY_EDGE_TTA_ACTIVE views = 8 weight = 0.75 mean_abs_feat_delta = 0.247023\n"}
,{"stream_name":"stdout","time":1408.019517261,"data":"EDGE_TTA_ACTIVE views = 8 mean_abs_feat_delta = 0.403568\n"}
,{"stream_name":"stdout","time":1408.498097289,"data":"EDGE_TTA_ACTIVE views = 8 mean_abs_feat_delta = 0.347872\n"}
,{"stream_name":"stdout","time":1408.903474287,"data":"SECONDARY_EDGE_TTA_ACTIVE views = 8 weight = 0.75 mean_abs_feat_delta = 0.261829\n"}
,{"stream_name":"stdout","time":1409.47078668,"data":"SECONDARY_EDGE_TTA_ACTIVE views = 8 weight = 0.75 mean_abs_feat_delta = 0.246602\n"}
,{"stream_name":"stdout","time":1409.874864648,"data":"EDGE_TTA_ACTIVE views = 8 mean_abs_feat_delta = 0.396848\n"}
,{"stream_name":"stdout","time":1410.684440154,"data":"EDGE_TTA_ACTIVE views = 8 mean_abs_feat_delta = 0.351487\n"}
,{"stream_name":"stdout","time":1410.764523437,"data":"SECONDARY_EDGE_TTA_ACTIVE views = 8 weight = 0.75 mean_abs_feat_delta = 0.263394\n"}
,{"stream_name":"stdout","time":1411.66122667,"data":"SECONDARY_EDGE_TTA_ACTIVE views = 8 weight = 0.75 mean_abs_feat_delta = 0.246793\n"}
,{"stream_name":"stdout","time":1411.797352187,"data":"EDGE_TTA_ACTIVE views = 8 mean_abs_feat_delta = 0.405804\n"}
,{"stream_name":"stdout","time":1412.709507837,"data":"SECONDARY_EDGE_TTA_ACTIVE views = 8 weight = 0.75 mean_abs_feat_delta = 0.265155\n"}
,{"stream_name":"stdout","time":1412.835626888,"data":"EDGE_TTA_ACTIVE views = 8 mean_abs_feat_delta = 0.349843\n"}
,{"stream_name":"stdout","time":1413.736949769,"data":"EDGE_TTA_ACTIVE views = 8 mean_abs_feat_delta = 0.406637\n"}
,{"stream_name":"stdout","time":1413.835645393,"data":"SECONDARY_EDGE_TTA_ACTIVE views = 8 weight = 0.75 mean_abs_feat_delta = 0.248773\n"}
,{"stream_name":"stdout","time":1414.629035792,"data":"SECONDARY_EDGE_TTA_ACTIVE views = 8 weight = 0.75 mean_abs_feat_delta = 0.26828\n"}
,{"stream_name":"stdout","time":1415.01115211,"data":"EDGE_TTA_ACTIVE views = 8 mean_abs_feat_delta = 0.348101\n"}
,{"stream_name":"stdout","time":1415.666395787,"data":"EDGE_TTA_ACTIVE views = 8 mean_abs_feat_delta = 0.406976\n"}
,{"stream_name":"stdout","time":1416.002311769,"data":"SECONDARY_EDGE_TTA_ACTIVE views = 8 weight = 0.75 mean_abs_feat_delta = 0.251248\n"}
,{"stream_name":"stdout","time":1416.561682777,"data":"SECONDARY_EDGE_TTA_ACTIVE views = 8 weight = 0.75 mean_abs_feat_delta = 0.266278\n"}
,{"stream_name":"stdout","time":1417.220981841,"data":"EDGE_TTA_ACTIVE views = 8 mean_abs_feat_delta = 0.351882\n"}
,{"stream_name":"stdout","time":1417.570177239,"data":"EDGE_TTA_ACTIVE views = 8 mean_abs_feat_delta = 0.402713\n"}
,{"stream_name":"stdout","time":1418.216827502,"data":"SECONDARY_EDGE_TTA_ACTIVE views = 8 weight = 0.75 mean_abs_feat_delta = 0.248045\n"}
,{"stream_name":"stdout","time":1418.466750409,"data":"SECONDARY_EDGE_TTA_ACTIVE views = 8 weight = 0.75 mean_abs_feat_delta = 0.265313\n"}
,{"stream_name":"stdout","time":1419.451450286,"data":"EDGE_TTA_ACTIVE views = 8 mean_abs_feat_delta = 0.352461\n"}
,{"stream_name":"stdout","time":1419.482862469,"data":"EDGE_TTA_ACTIVE views = 8 mean_abs_feat_delta = 0.409078\n"}
,{"stream_name":"stdout","time":1420.391889115,"data":"SECONDARY_EDGE_TTA_ACTIVE views = 8 weight = 0.75 mean_abs_feat_delta = 0.269693\n"}
,{"stream_name":"stdout","time":1420.45543547,"data":"SECONDARY_EDGE_TTA_ACTIVE views = 8 weight = 0.75 mean_abs_feat_delta = 0.24889\n"}
,{"stream_name":"stdout","time":1421.440003678,"data":"EDGE_TTA_ACTIVE views = 8 mean_abs_feat_delta = 0.408625\n"}
,{"stream_name":"stdout","time":1421.63735164,"data":"EDGE_TTA_ACTIVE views = 8 mean_abs_feat_delta = 0.352873\n"}
,{"stream_name":"stdout","time":1422.348630416,"data":"SECONDARY_EDGE_TTA_ACTIVE views = 8 weight = 0.75 mean_abs_feat_delta = 0.268201\n"}
,{"stream_name":"stdout","time":1422.646063677,"data":"SECONDARY_EDGE_TTA_ACTIVE views = 8 weight = 0.75 mean_abs_feat_delta = 0.252126\n"}
,{"stream_name":"stdout","time":1423.379518131,"data":"EDGE_TTA_ACTIVE views = 8 mean_abs_feat_delta = 0.39904\n"}
,{"stream_name":"stdout","time":1423.801439607,"data":"EDGE_TTA_ACTIVE views = 8 mean_abs_feat_delta = 0.354101\n"}
,{"stream_name":"stdout","time":1424.29170351,"data":"SECONDARY_EDGE_TTA_ACTIVE views = 8 weight = 0.75 mean_abs_feat_delta = 0.270173\n"}
,{"stream_name":"stdout","time":1424.814039531,"data":"SECONDARY_EDGE_TTA_ACTIVE views = 8 weight = 0.75 mean_abs_feat_delta = 0.254643\n"}
,{"stream_name":"stdout","time":1425.322401453,"data":"EDGE_TTA_ACTIVE views = 8 mean_abs_feat_delta = 0.400016\n"}
,{"stream_name":"stdout","time":1425.975097498,"data":"EDGE_TTA_ACTIVE views = 8 mean_abs_feat_delta = 0.353493\n"}
,{"stream_name":"stdout","time":1426.2435211,"data":"SECONDARY_EDGE_TTA_ACTIVE views = 8 weight = 0.75 mean_abs_feat_delta = 0.274836\n"}
,{"stream_name":"stdout","time":1426.992916409,"data":"SECONDARY_EDGE_TTA_ACTIVE views = 8 weight = 0.75 mean_abs_feat_delta = 0.252923\n"}
,{"stream_name":"stdout","time":1427.282049068,"data":"EDGE_TTA_ACTIVE views = 8 mean_abs_feat_delta = 0.392897\n"}
,{"stream_name":"stdout","time":1428.189575933,"data":"EDGE_TTA_ACTIVE views = 8 mean_abs_feat_delta = 0.351325\n"}
,{"stream_name":"stdout","time":1428.204551393,"data":"SECONDARY_EDGE_TTA_ACTIVE views = 8 weight = 0.75 mean_abs_feat_delta = 0.275465\n"}
,{"stream_name":"stdout","time":1429.213414768,"data":"SECONDARY_EDGE_TTA_ACTIVE views = 8 weight = 0.75 mean_abs_feat_delta = 0.254734\n"}
,{"stream_name":"stdout","time":1429.275237068,"data":"EDGE_TTA_ACTIVE views = 8 mean_abs_feat_delta = 0.386155\n"}
,{"stream_name":"stdout","time":1430.203216221,"data":"SECONDARY_EDGE_TTA_ACTIVE views = 8 weight = 0.75 mean_abs_feat_delta = 0.276966\n"}
,{"stream_name":"stdout","time":1430.43795389,"data":"EDGE_TTA_ACTIVE views = 8 mean_abs_feat_delta = 0.348177\n"}
,{"stream_name":"stdout","time":1431.251545422,"data":"EDGE_TTA_ACTIVE views = 8 mean_abs_feat_delta = 0.384551\n"}
,{"stream_name":"stdout","time":1431.456225055,"data":"SECONDARY_EDGE_TTA_ACTIVE views = 8 weight = 0.75 mean_abs_feat_delta = 0.253579\n"}
,{"stream_name":"stdout","time":1432.26935441,"data":"SECONDARY_EDGE_TTA_ACTIVE views = 8 weight = 0.75 mean_abs_feat_delta = 0.281272\n"}
,{"stream_name":"stdout","time":1432.702756596,"data":"EDGE_TTA_ACTIVE views = 8 mean_abs_feat_delta = 0.350577\n"}
,{"stream_name":"stdout","time":1433.243122705,"data":"EDGE_TTA_ACTIVE views = 8 mean_abs_feat_delta = 0.380346\n"}
,{"stream_name":"stdout","time":1433.734883317,"data":"SECONDARY_EDGE_TTA_ACTIVE views = 8 weight = 0.75 mean_abs_feat_delta = 0.25103\n"}
,{"stream_name":"stdout","time":1434.178806206,"data":"SECONDARY_EDGE_TTA_ACTIVE views = 8 weight = 0.75 mean_abs_feat_delta = 0.285887\n"}
,{"stream_name":"stdout","time":1434.931799806,"data":"EDGE_TTA_ACTIVE views = 8 mean_abs_feat_delta = 0.351302\n"}
,{"stream_name":"stdout","time":1435.263747939,"data":"EDGE_TTA_ACTIVE views = 8 mean_abs_feat_delta = 0.37911\n"}
,{"stream_name":"stdout","time":1435.944818,"data":"SECONDARY_EDGE_TTA_ACTIVE views = 8 weight = 0.75 mean_abs_feat_delta = 0.25233\n"}
,{"stream_name":"stdout","time":1436.201236599,"data":"SECONDARY_EDGE_TTA_ACTIVE views = 8 weight = 0.75 mean_abs_feat_delta = 0.286323\n"}
,{"stream_name":"stdout","time":1437.175223609,"data":"EDGE_TTA_ACTIVE views = 8 mean_abs_feat_delta = 0.349328\n"}
,{"stream_name":"stdout","time":1437.323726449,"data":"EDGE_TTA_ACTIVE views = 8 mean_abs_feat_delta = 0.388444\n"}
,{"stream_name":"stdout","time":1438.211093516,"data":"SECONDARY_EDGE_TTA_ACTIVE views = 8 weight = 0.75 mean_abs_feat_delta = 0.251184\n"}
,{"stream_name":"stdout","time":1438.268023907,"data":"SECONDARY_EDGE_TTA_ACTIVE views = 8 weight = 0.75 mean_abs_feat_delta = 0.289269\n"}
,{"stream_name":"stdout","time":1439.334958592,"data":"EDGE_TTA_ACTIVE views = 8 mean_abs_feat_delta = 0.38137\n"}
,{"stream_name":"stdout","time":1439.387453651,"data":"EDGE_TTA_ACTIVE views = 8 mean_abs_feat_delta = 0.347529\n"}
,{"stream_name":"stdout","time":1440.277813156,"data":"SECONDARY_EDGE_TTA_ACTIVE views = 8 weight = 0.75 mean_abs_feat_delta = 0.293139\n"}
,{"stream_name":"stdout","time":1440.422265337,"data":"SECONDARY_EDGE_TTA_ACTIVE views = 8 weight = 0.75 mean_abs_feat_delta = 0.24962\n"}
,{"stream_name":"stdout","time":1441.3455909,"data":"EDGE_TTA_ACTIVE views = 8 mean_abs_feat_delta = 0.380845\n"}
,{"stream_name":"stdout","time":1441.615212403,"data":"EDGE_TTA_ACTIVE views = 8 mean_abs_feat_delta = 0.34733\n"}
,{"stream_name":"stdout","time":1442.29131811,"data":"SECONDARY_EDGE_TTA_ACTIVE views = 8 weight = 0.75 mean_abs_feat_delta = 0.293928\n"}
,{"stream_name":"stdout","time":1442.644991244,"data":"SECONDARY_EDGE_TTA_ACTIVE views = 8 weight = 0.75 mean_abs_feat_delta = 0.253407\n"}
,{"stream_name":"stdout","time":1443.394753941,"data":"EDGE_TTA_ACTIVE views = 8 mean_abs_feat_delta = 0.378817\n"}
,{"stream_name":"stdout","time":1443.868560409,"data":"EDGE_TTA_ACTIVE views = 8 mean_abs_feat_delta = 0.346983\n"}
,{"stream_name":"stdout","time":1444.339540385,"data":"SECONDARY_EDGE_TTA_ACTIVE views = 8 weight = 0.75 mean_abs_feat_delta = 0.297484\n"}
,{"stream_name":"stdout","time":1444.894435664,"data":"SECONDARY_EDGE_TTA_ACTIVE views = 8 weight = 0.75 mean_abs_feat_delta = 0.2512\n"}
,{"stream_name":"stdout","time":1445.497702316,"data":"EDGE_TTA_ACTIVE views = 8 mean_abs_feat_delta = 0.370246\n"}
,{"stream_name":"stdout","time":1446.110929868,"data":"EDGE_TTA_ACTIVE views = 8 mean_abs_feat_delta = 0.343153\n"}
,{"stream_name":"stdout","time":1446.446220824,"data":"SECONDARY_EDGE_TTA_ACTIVE views = 8 weight = 0.75 mean_abs_feat_delta = 0.295002\n"}
,{"stream_name":"stdout","time":1447.126944091,"data":"SECONDARY_EDGE_TTA_ACTIVE views = 8 weight = 0.75 mean_abs_feat_delta = 0.24607\n"}
,{"stream_name":"stdout","time":1447.523266769,"data":"EDGE_TTA_ACTIVE views = 8 mean_abs_feat_delta = 0.364454\n"}
,{"stream_name":"stdout","time":1448.316296163,"data":"EDGE_TTA_ACTIVE views = 8 mean_abs_feat_delta = 0.343379\n"}
,{"stream_name":"stdout","time":1448.473733144,"data":"SECONDARY_EDGE_TTA_ACTIVE views = 8 weight = 0.75 mean_abs_feat_delta = 0.297522\n"}
,{"stream_name":"stdout","time":1449.323166307,"data":"SECONDARY_EDGE_TTA_ACTIVE views = 8 weight = 0.75 mean_abs_feat_delta = 0.246416\n"}
,{"stream_name":"stdout","time":1449.603781415,"data":"EDGE_TTA_ACTIVE views = 8 mean_abs_feat_delta = 0.372022\n"}
,{"stream_name":"stdout","time":1450.505508477,"data":"EDGE_TTA_ACTIVE views = 8 mean_abs_feat_delta = 0.345181\n"}
,{"stream_name":"stdout","time":1450.545289795,"data":"SECONDARY_EDGE_TTA_ACTIVE views = 8 weight = 0.75 mean_abs_feat_delta = 0.294151\n"}
,{"stream_name":"stdout","time":1451.514762959,"data":"SECONDARY_EDGE_TTA_ACTIVE views = 8 weight = 0.75 mean_abs_feat_delta = 0.248144\n"}
,{"stream_name":"stdout","time":1451.518609408,"data":"BIOHUB_RETENTION_GUARD {\"blended_candidates\": 431, \"dataset\": \"44b6_12dfb391\", \"frame\": 22, \"minimum_retention\": 0.9, \"primary_candidates\": 484, \"retention\": 0.890495867768595, \"use_primary\": true}\n"}
,{"stream_name":"stdout","time":1451.680635965,"data":"EDGE_TTA_ACTIVE views = 8 mean_abs_feat_delta = 0.367153\n"}
,{"stream_name":"stdout","time":1452.631363889,"data":"SECONDARY_EDGE_TTA_ACTIVE views = 8 weight = 0.75 mean_abs_feat_delta = 0.291229\n"}
,{"stream_name":"stdout","time":1452.723494242,"data":"EDGE_TTA_ACTIVE views = 8 mean_abs_feat_delta = 0.343644\n"}
,{"stream_name":"stdout","time":1453.733274564,"data":"SECONDARY_EDGE_TTA_ACTIVE views = 8 weight = 0.75 mean_abs_feat_delta = 0.251758\n"}
,{"stream_name":"stdout","time":1453.736338718,"data":"EDGE_TTA_ACTIVE views = 8 mean_abs_feat_delta = 0.366124\n"}
,{"stream_name":"stdout","time":1453.737859674,"data":"BIOHUB_RETENTION_GUARD {\"blended_candidates\": 433, \"dataset\": \"44b6_12dfb391\", \"frame\": 23, \"minimum_retention\": 0.9, \"primary_candidates\": 484, \"retention\": 0.8946280991735537, \"use_primary\": true}\n"}
,{"stream_name":"stdout","time":1454.679749984,"data":"SECONDARY_EDGE_TTA_ACTIVE views = 8 weight = 0.75 mean_abs_feat_delta = 0.288452\n"}
,{"stream_name":"stdout","time":1454.912442041,"data":"EDGE_TTA_ACTIVE views = 8 mean_abs_feat_delta = 0.346576\n"}
,{"stream_name":"stdout","time":1455.786514744,"data":"EDGE_TTA_ACTIVE views = 8 mean_abs_feat_delta = 0.36912\n"}
,{"stream_name":"stdout","time":1455.917798196,"data":"SECONDARY_EDGE_TTA_ACTIVE views = 8 weight = 0.75 mean_abs_feat_delta = 0.255124\n"}
,{"stream_name":"stdout","time":1456.73757324,"data":"SECONDARY_EDGE_TTA_ACTIVE views = 8 weight = 0.75 mean_abs_feat_delta = 0.291278\n"}
,{"stream_name":"stdout","time":1457.14462455,"data":"EDGE_TTA_ACTIVE views = 8 mean_abs_feat_delta = 0.351385\n"}
,{"stream_name":"stdout","time":1457.778490069,"data":"EDGE_TTA_ACTIVE views = 8 mean_abs_feat_delta = 0.364666\n"}
,{"stream_name":"stdout","time":1458.139736524,"data":"SECONDARY_EDGE_TTA_ACTIVE views = 8 weight = 0.75 mean_abs_feat_delta = 0.253738\n"}
,{"stream_name":"stdout","time":1458.727600168,"data":"SECONDARY_EDGE_TTA_ACTIVE views = 8 weight = 0.75 mean_abs_feat_delta = 0.28858\n"}
,{"stream_name":"stdout","time":1459.370329489,"data":"EDGE_TTA_ACTIVE views = 8 mean_abs_feat_delta = 0.352556\n"}
,{"stream_name":"stdout","time":1459.800344459,"data":"EDGE_TTA_ACTIVE views = 8 mean_abs_feat_delta = 0.35307\n"}
,{"stream_name":"stdout","time":1460.362463179,"data":"SECONDARY_EDGE_TTA_ACTIVE views = 8 weight = 0.75 mean_abs_feat_delta = 0.254963\n"}
,{"stream_name":"stdout","time":1460.75123053,"data":"SECONDARY_EDGE_TTA_ACTIVE views = 8 weight = 0.75 mean_abs_feat_delta = 0.279262\n"}
,{"stream_name":"stdout","time":1461.520468851,"data":"EDGE_TTA_ACTIVE views = 8 mean_abs_feat_delta = 0.350435\n"}
,{"stream_name":"stdout","time":1461.885947843,"data":"EDGE_TTA_ACTIVE views = 8 mean_abs_feat_delta = 0.342104\n"}
,{"stream_name":"stdout","time":1462.583292339,"data":"SECONDARY_EDGE_TTA_ACTIVE views = 8 weight = 0.75 mean_abs_feat_delta = 0.253821\n"}
,{"stream_name":"stdout","time":1462.583498744,"data":"BIOHUB_RETENTION_GUARD {\"blended_candidates\": 451, \"dataset\": \"44b6_12dfb391\", \"frame\": 27, \"minimum_retention\": 0.9, \"primary_candidates\": 504, \"retention\": 0.8948412698412699, \"use_primary\": true}\n"}
,{"stream_name":"stdout","time":1462.839347823,"data":"SECONDARY_EDGE_TTA_ACTIVE views = 8 weight = 0.75 mean_abs_feat_delta = 0.277317\n"}
,{"stream_name":"stdout","time":1463.725034175,"data":"EDGE_TTA_ACTIVE views = 8 mean_abs_feat_delta = 0.351638\n"}
,{"stream_name":"stdout","time":1463.944707488,"data":"EDGE_TTA_ACTIVE views = 8 mean_abs_feat_delta = 0.340484\n"}
,{"stream_name":"stdout","time":1464.714022605,"data":"SECONDARY_EDGE_TTA_ACTIVE views = 8 weight = 0.75 mean_abs_feat_delta = 0.252121\n"}
,{"stream_name":"stdout","time":1464.899407947,"data":"SECONDARY_EDGE_TTA_ACTIVE views = 8 weight = 0.75 mean_abs_feat_delta = 0.289551\n"}
,{"stream_name":"stdout","time":1465.913116726,"data":"EDGE_TTA_ACTIVE views = 8 mean_abs_feat_delta = 0.3532\n"}
,{"stream_name":"stdout","time":1465.963094882,"data":"EDGE_TTA_ACTIVE views = 8 mean_abs_feat_delta = 0.356776\n"}
,{"stream_name":"stdout","time":1466.901053596,"data":"SECONDARY_EDGE_TTA_ACTIVE views = 8 weight = 0.75 mean_abs_feat_delta = 0.254307\n"}
,{"stream_name":"stdout","time":1466.91509511,"data":"SECONDARY_EDGE_TTA_ACTIVE views = 8 weight = 0.75 mean_abs_feat_delta = 0.298782\n"}
,{"stream_name":"stdout","time":1468.057961129,"data":"EDGE_TTA_ACTIVE views = 8 mean_abs_feat_delta = 0.355165\n"}
,{"stream_name":"stdout","time":1468.06138815,"data":"EDGE_TTA_ACTIVE views = 8 mean_abs_feat_delta = 0.350487\n"}
,{"stream_name":"stdout","time":1469.015710572,"data":"SECONDARY_EDGE_TTA_ACTIVE views = 8 weight = 0.75 mean_abs_feat_delta = 0.295177\n"}
,{"stream_name":"stdout","time":1469.033981027,"data":"SECONDARY_EDGE_TTA_ACTIVE views = 8 weight = 0.75 mean_abs_feat_delta = 0.254731\n"}
,{"stream_name":"stdout","time":1470.07987149,"data":"EDGE_TTA_ACTIVE views = 8 mean_abs_feat_delta = 0.355677\n"}
,{"stream_name":"stdout","time":1470.207463415,"data":"EDGE_TTA_ACTIVE views = 8 mean_abs_feat_delta = 0.348036\n"}
,{"stream_name":"stdout","time":1471.037300217,"data":"SECONDARY_EDGE_TTA_ACTIVE views = 8 weight = 0.75 mean_abs_feat_delta = 0.303441\n"}
,{"stream_name":"stdout","time":1471.182005888,"data":"SECONDARY_EDGE_TTA_ACTIVE views = 8 weight = 0.75 mean_abs_feat_delta = 0.251975\n"}
,{"stream_name":"stdout","time":1472.131244574,"data":"EDGE_TTA_ACTIVE views = 8 mean_abs_feat_delta = 0.358773\n"}
,{"stream_name":"stdout","time":1472.373556519,"data":"EDGE_TTA_ACTIVE views = 8 mean_abs_feat_delta = 0.346153\n"}
,{"stream_name":"stdout","time":1473.087024838,"data":"SECONDARY_EDGE_TTA_ACTIVE views = 8 weight = 0.75 mean_abs_feat_delta = 0.292043\n"}
,{"stream_name":"stdout","time":1473.349109739,"data":"SECONDARY_EDGE_TTA_ACTIVE views = 8 weight = 0.75 mean_abs_feat_delta = 0.2518\n"}
,{"stream_name":"stdout","time":1474.176709369,"data":"EDGE_TTA_ACTIVE views = 8 mean_abs_feat_delta = 0.357316\n"}
,{"stream_name":"stdout","time":1474.481867119,"data":"EDGE_TTA_ACTIVE views = 8 mean_abs_feat_delta = 0.343208\n"}
,{"stream_name":"stdout","time":1475.137894152,"data":"SECONDARY_EDGE_TTA_ACTIVE views = 8 weight = 0.75 mean_abs_feat_delta = 0.28185\n"}
,{"stream_name":"stdout","time":1475.455527503,"data":"SECONDARY_EDGE_TTA_ACTIVE views = 8 weight = 0.75 mean_abs_feat_delta = 0.253283\n"}
,{"stream_name":"stdout","time":1476.237273101,"data":"EDGE_TTA_ACTIVE views = 8 mean_abs_feat_delta = 0.358984\n"}
,{"stream_name":"stdout","time":1476.609406856,"data":"EDGE_TTA_ACTIVE views = 8 mean_abs_feat_delta = 0.345655\n"}
,{"stream_name":"stdout","time":1477.200086835,"data":"SECONDARY_EDGE_TTA_ACTIVE views = 8 weight = 0.75 mean_abs_feat_delta = 0.283606\n"}
,{"stream_name":"stdout","time":1477.582091255,"data":"SECONDARY_EDGE_TTA_ACTIVE views = 8 weight = 0.75 mean_abs_feat_delta = 0.249597\n"}
,{"stream_name":"stdout","time":1478.332675195,"data":"EDGE_TTA_ACTIVE views = 8 mean_abs_feat_delta = 0.372369\n"}
,{"stream_name":"stdout","time":1478.775606113,"data":"EDGE_TTA_ACTIVE views = 8 mean_abs_feat_delta = 0.348487\n"}
,{"stream_name":"stdout","time":1479.303152278,"data":"SECONDARY_EDGE_TTA_ACTIVE views = 8 weight = 0.75 mean_abs_feat_delta = 0.287079\n"}
,{"stream_name":"stdout","time":1479.749286385,"data":"SECONDARY_EDGE_TTA_ACTIVE views = 8 weight = 0.75 mean_abs_feat_delta = 0.249809\n"}
,{"stream_name":"stdout","time":1479.752985441,"data":"BIOHUB_RETENTION_GUARD {\"blended_candidates\": 449, \"dataset\": \"44b6_12dfb391\", \"frame\": 35, \"minimum_retention\": 0.9, \"primary_candidates\": 506, \"retention\": 0.8873517786561265, \"use_primary\": true}\n"}
,{"stream_name":"stdout","time":1480.439115558,"data":"EDGE_TTA_ACTIVE views = 8 mean_abs_feat_delta = 0.382121\n"}
,{"stream_name":"stdout","time":1480.978665773,"data":"EDGE_TTA_ACTIVE views = 8 mean_abs_feat_delta = 0.348239\n"}
,{"stream_name":"stdout","time":1481.408901458,"data":"SECONDARY_EDGE_TTA_ACTIVE views = 8 weight = 0.75 mean_abs_feat_delta = 0.288642\n"}
,{"stream_name":"stdout","time":1481.9559285,"data":"SECONDARY_EDGE_TTA_ACTIVE views = 8 weight = 0.75 mean_abs_feat_delta = 0.253116\n"}
,{"stream_name":"stdout","time":1481.960591435,"data":"BIOHUB_RETENTION_GUARD {\"blended_candidates\": 452, \"dataset\": \"44b6_12dfb391\", \"frame\": 36, \"minimum_retention\": 0.9, \"primary_candidates\": 510, \"retention\": 0.8862745098039215, \"use_primary\": true}\n"}
,{"stream_name":"stdout","time":1482.566887441,"data":"EDGE_TTA_ACTIVE views = 8 mean_abs_feat_delta = 0.389142\n"}
,{"stream_name":"stdout","time":1483.168428582,"data":"EDGE_TTA_ACTIVE views = 8 mean_abs_feat_delta = 0.347637\n"}
,{"stream_name":"stdout","time":1483.538267154,"data":"SECONDARY_EDGE_TTA_ACTIVE views = 8 weight = 0.75 mean_abs_feat_delta = 0.300535\n"}
,{"stream_name":"stdout","time":1484.142518953,"data":"SECONDARY_EDGE_TTA_ACTIVE views = 8 weight = 0.75 mean_abs_feat_delta = 0.255726\n"}
,{"stream_name":"stdout","time":1484.146554524,"data":"BIOHUB_RETENTION_GUARD {\"blended_candidates\": 459, \"dataset\": \"44b6_12dfb391\", \"frame\": 37, \"minimum_retention\": 0.9, \"primary_candidates\": 517, \"retention\": 0.8878143133462283, \"use_primary\": true}\n"}
,{"stream_name":"stdout","time":1484.67204133,"data":"EDGE_TTA_ACTIVE views = 8 mean_abs_feat_delta = 0.415695\n"}
,{"stream_name":"stdout","time":1485.355694359,"data":"EDGE_TTA_ACTIVE views = 8 mean_abs_feat_delta = 0.347183\n"}
,{"stream_name":"stdout","time":1485.644085105,"data":"SECONDARY_EDGE_TTA_ACTIVE views = 8 weight = 0.75 mean_abs_feat_delta = 0.294357\n"}
,{"stream_name":"stdout","time":1486.32971704,"data":"SECONDARY_EDGE_TTA_ACTIVE views = 8 weight = 0.75 mean_abs_feat_delta = 0.255591\n"}
,{"stream_name":"stdout","time":1486.757675037,"data":"EDGE_TTA_ACTIVE views = 8 mean_abs_feat_delta = 0.401917\n"}
,{"stream_name":"stdout","time":1487.521665776,"data":"EDGE_TTA_ACTIVE views = 8 mean_abs_feat_delta = 0.347762\n"}
,{"stream_name":"stdout","time":1487.731759938,"data":"SECONDARY_EDGE_TTA_ACTIVE views = 8 weight = 0.75 mean_abs_feat_delta = 0.293557\n"}
,{"stream_name":"stdout","time":1488.497137407,"data":"SECONDARY_EDGE_TTA_ACTIVE views = 8 weight = 0.75 mean_abs_feat_delta = 0.252775\n"}
,{"stream_name":"stdout","time":1488.873307011,"data":"EDGE_TTA_ACTIVE views = 8 mean_abs_feat_delta = 0.408829\n"}
,{"stream_name":"stdout","time":1489.67398595,"data":"EDGE_TTA_ACTIVE views = 8 mean_abs_feat_delta = 0.349684\n"}
,{"stream_name":"stdout","time":1489.842549554,"data":"SECONDARY_EDGE_TTA_ACTIVE views = 8 weight = 0.75 mean_abs_feat_delta = 0.30141\n"}
,{"stream_name":"stdout","time":1490.648749493,"data":"SECONDARY_EDGE_TTA_ACTIVE views = 8 weight = 0.75 mean_abs_feat_delta = 0.252485\n"}
,{"stream_name":"stdout","time":1490.954967796,"data":"EDGE_TTA_ACTIVE views = 8 mean_abs_feat_delta = 0.405254\n"}
,{"stream_name":"stdout","time":1491.822797293,"data":"EDGE_TTA_ACTIVE views = 8 mean_abs_feat_delta = 0.352443\n"}
,{"stream_name":"stdout","time":1491.928257523,"data":"SECONDARY_EDGE_TTA_ACTIVE views = 8 weight = 0.75 mean_abs_feat_delta = 0.297647\n"}
,{"stream_name":"stdout","time":1492.870634613,"data":"SECONDARY_EDGE_TTA_ACTIVE views = 8 weight = 0.75 mean_abs_feat_delta = 0.248666\n"}
,{"stream_name":"stdout","time":1493.042048361,"data":"EDGE_TTA_ACTIVE views = 8 mean_abs_feat_delta = 0.414187\n"}
,{"stream_name":"stdout","time":1493.973150625,"data":"EDGE_TTA_ACTIVE views = 8 mean_abs_feat_delta = 0.352904\n"}
,{"stream_name":"stdout","time":1494.016067161,"data":"SECONDARY_EDGE_TTA_ACTIVE views = 8 weight = 0.75 mean_abs_feat_delta = 0.296096\n"}
,{"stream_name":"stdout","time":1494.948788013,"data":"SECONDARY_EDGE_TTA_ACTIVE views = 8 weight = 0.75 mean_abs_feat_delta = 0.248396\n"}
,{"stream_name":"stdout","time":1495.11178557,"data":"EDGE_TTA_ACTIVE views = 8 mean_abs_feat_delta = 0.407156\n"}
,{"stream_name":"stdout","time":1496.086860814,"data":"SECONDARY_EDGE_TTA_ACTIVE views = 8 weight = 0.75 mean_abs_feat_delta = 0.296439\n"}
,{"stream_name":"stdout","time":1496.104061373,"data":"EDGE_TTA_ACTIVE views = 8 mean_abs_feat_delta = 0.355994\n"}
,{"stream_name":"stdout","time":1497.080848847,"data":"SECONDARY_EDGE_TTA_ACTIVE views = 8 weight = 0.75 mean_abs_feat_delta = 0.252977\n"}
,{"stream_name":"stdout","time":1497.221705971,"data":"EDGE_TTA_ACTIVE views = 8 mean_abs_feat_delta = 0.390532\n"}
,{"stream_name":"stdout","time":1498.219365986,"data":"SECONDARY_EDGE_TTA_ACTIVE views = 8 weight = 0.75 mean_abs_feat_delta = 0.27503\n"}
,{"stream_name":"stdout","time":1498.296945156,"data":"EDGE_TTA_ACTIVE views = 8 mean_abs_feat_delta = 0.362223\n"}
,{"stream_name":"stdout","time":1499.288439535,"data":"SECONDARY_EDGE_TTA_ACTIVE views = 8 weight = 0.75 mean_abs_feat_delta = 0.253495\n"}
,{"stream_name":"stdout","time":1499.355474247,"data":"EDGE_TTA_ACTIVE views = 8 mean_abs_feat_delta = 0.375064\n"}
,{"stream_name":"stdout","time":1500.331508183,"data":"SECONDARY_EDGE_TTA_ACTIVE views = 8 weight = 0.75 mean_abs_feat_delta = 0.274185\n"}
,{"stream_name":"stdout","time":1500.507067629,"data":"EDGE_TTA_ACTIVE views = 8 mean_abs_feat_delta = 0.364163\n"}
,{"stream_name":"stdout","time":1501.467413241,"data":"EDGE_TTA_ACTIVE views = 8 mean_abs_feat_delta = 0.357722\n"}
,{"stream_name":"stdout","time":1501.499921195,"data":"SECONDARY_EDGE_TTA_ACTIVE views = 8 weight = 0.75 mean_abs_feat_delta = 0.253609\n"}
,{"stream_name":"stdout","time":1502.46544589,"data":"SECONDARY_EDGE_TTA_ACTIVE views = 8 weight = 0.75 mean_abs_feat_delta = 0.285894\n"}
,{"stream_name":"stdout","time":1502.679169532,"data":"EDGE_TTA_ACTIVE views = 8 mean_abs_feat_delta = 0.360264\n"}
,{"stream_name":"stdout","time":1503.587306349,"data":"EDGE_TTA_ACTIVE views = 8 mean_abs_feat_delta = 0.377175\n"}
,{"stream_name":"stdout","time":1503.673645765,"data":"SECONDARY_EDGE_TTA_ACTIVE views = 8 weight = 0.75 mean_abs_feat_delta = 0.251736\n"}
,{"stream_name":"stdout","time":1504.583951093,"data":"SECONDARY_EDGE_TTA_ACTIVE views = 8 weight = 0.75 mean_abs_feat_delta = 0.29469\n"}
,{"stream_name":"stdout","time":1504.854300619,"data":"EDGE_TTA_ACTIVE views = 8 mean_abs_feat_delta = 0.356608\n"}
,{"stream_name":"stdout","time":1505.767581557,"data":"EDGE_TTA_ACTIVE views = 8 mean_abs_feat_delta = 0.370458\n"}
,{"stream_name":"stdout","time":1505.850287208,"data":"SECONDARY_EDGE_TTA_ACTIVE views = 8 weight = 0.75 mean_abs_feat_delta = 0.252387\n"}
,{"stream_name":"stdout","time":1506.777391742,"data":"SECONDARY_EDGE_TTA_ACTIVE views = 8 weight = 0.75 mean_abs_feat_delta = 0.297902\n"}
,{"stream_name":"stdout","time":1507.036576359,"data":"EDGE_TTA_ACTIVE views = 8 mean_abs_feat_delta = 0.354367\n"}
,{"stream_name":"stdout","time":1507.935655797,"data":"EDGE_TTA_ACTIVE views = 8 mean_abs_feat_delta = 0.358848\n"}
,{"stream_name":"stdout","time":1508.033010989,"data":"SECONDARY_EDGE_TTA_ACTIVE views = 8 weight = 0.75 mean_abs_feat_delta = 0.254964\n"}
,{"stream_name":"stdout","time":1508.945786543,"data":"SECONDARY_EDGE_TTA_ACTIVE views = 8 weight = 0.75 mean_abs_feat_delta = 0.292079\n"}
,{"stream_name":"stdout","time":1509.216067406,"data":"EDGE_TTA_ACTIVE views = 8 mean_abs_feat_delta = 0.354144\n"}
,{"stream_name":"stdout","time":1510.105710621,"data":"EDGE_TTA_ACTIVE views = 8 mean_abs_feat_delta = 0.382742\n"}
,{"stream_name":"stdout","time":1510.217498207,"data":"SECONDARY_EDGE_TTA_ACTIVE views = 8 weight = 0.75 mean_abs_feat_delta = 0.255942\n"}
,{"stream_name":"stdout","time":1511.119349436,"data":"SECONDARY_EDGE_TTA_ACTIVE views = 8 weight = 0.75 mean_abs_feat_delta = 0.305102\n"}
,{"stream_name":"stdout","time":1511.430637683,"data":"EDGE_TTA_ACTIVE views = 8 mean_abs_feat_delta = 0.352179\n"}
,{"stream_name":"stdout","time":1512.254286268,"data":"EDGE_TTA_ACTIVE views = 8 mean_abs_feat_delta = 0.415987\n"}
,{"stream_name":"stdout","time":1512.431724333,"data":"SECONDARY_EDGE_TTA_ACTIVE views = 8 weight = 0.75 mean_abs_feat_delta = 0.258443\n"}
,{"stream_name":"stdout","time":1513.270655092,"data":"SECONDARY_EDGE_TTA_ACTIVE views = 8 weight = 0.75 mean_abs_feat_delta = 0.311069\n"}
,{"stream_name":"stdout","time":1513.650831958,"data":"EDGE_TTA_ACTIVE views = 8 mean_abs_feat_delta = 0.354896\n"}
,{"stream_name":"stdout","time":1514.417238264,"data":"EDGE_TTA_ACTIVE views = 8 mean_abs_feat_delta = 0.378636\n"}
,{"stream_name":"stdout","time":1514.65522409,"data":"SECONDARY_EDGE_TTA_ACTIVE views = 8 weight = 0.75 mean_abs_feat_delta = 0.262635\n"}
,{"stream_name":"stdout","time":1515.434623916,"data":"SECONDARY_EDGE_TTA_ACTIVE views = 8 weight = 0.75 mean_abs_feat_delta = 0.306551\n"}
,{"stream_name":"stdout","time":1515.911086943,"data":"EDGE_TTA_ACTIVE views = 8 mean_abs_feat_delta = 0.350365\n"}
,{"stream_name":"stdout","time":1516.58677407,"data":"EDGE_TTA_ACTIVE views = 8 mean_abs_feat_delta = 0.374978\n"}
,{"stream_name":"stdout","time":1516.912279412,"data":"SECONDARY_EDGE_TTA_ACTIVE views = 8 weight = 0.75 mean_abs_feat_delta = 0.258198\n"}
,{"stream_name":"stdout","time":1517.604246054,"data":"SECONDARY_EDGE_TTA_ACTIVE views = 8 weight = 0.75 mean_abs_feat_delta = 0.306449\n"}
,{"stream_name":"stdout","time":1518.110163748,"data":"EDGE_TTA_ACTIVE views = 8 mean_abs_feat_delta = 0.347874\n"}
,{"stream_name":"stdout","time":1518.71831273,"data":"EDGE_TTA_ACTIVE views = 8 mean_abs_feat_delta = 0.383634\n"}
,{"stream_name":"stdout","time":1519.115213361,"data":"SECONDARY_EDGE_TTA_ACTIVE views = 8 weight = 0.75 mean_abs_feat_delta = 0.253125\n"}
,{"stream_name":"stdout","time":1519.740860815,"data":"SECONDARY_EDGE_TTA_ACTIVE views = 8 weight = 0.75 mean_abs_feat_delta = 0.308174\n"}
,{"stream_name":"stdout","time":1520.368692583,"data":"EDGE_TTA_ACTIVE views = 8 mean_abs_feat_delta = 0.349339\n"}
,{"stream_name":"stdout","time":1520.946953652,"data":"EDGE_TTA_ACTIVE views = 8 mean_abs_feat_delta = 0.382868\n"}
,{"stream_name":"stdout","time":1521.368108857,"data":"SECONDARY_EDGE_TTA_ACTIVE views = 8 weight = 0.75 mean_abs_feat_delta = 0.252199\n"}
,{"stream_name":"stdout","time":1521.971811102,"data":"SECONDARY_EDGE_TTA_ACTIVE views = 8 weight = 0.75 mean_abs_feat_delta = 0.31087\n"}
,{"stream_name":"stdout","time":1522.615016564,"data":"EDGE_TTA_ACTIVE views = 8 mean_abs_feat_delta = 0.350442\n"}
,{"stream_name":"stdout","time":1523.229060942,"data":"EDGE_TTA_ACTIVE views = 8 mean_abs_feat_delta = 0.371306\n"}
,{"stream_name":"stdout","time":1523.615913871,"data":"SECONDARY_EDGE_TTA_ACTIVE views = 8 weight = 0.75 mean_abs_feat_delta = 0.255465\n"}
,{"stream_name":"stdout","time":1523.619718551,"data":"BIOHUB_RETENTION_GUARD {\"blended_candidates\": 471, \"dataset\": \"44b6_12dfb391\", \"frame\": 55, \"minimum_retention\": 0.9, \"primary_candidates\": 525, \"retention\": 0.8971428571428571, \"use_primary\": true}\n"}
,{"stream_name":"stdout","time":1524.178367544,"data":"SECONDARY_EDGE_TTA_ACTIVE views = 8 weight = 0.75 mean_abs_feat_delta = 0.30185\n"}
,{"stream_name":"stdout","time":1524.872588722,"data":"EDGE_TTA_ACTIVE views = 8 mean_abs_feat_delta = 0.350606\n"}
,{"stream_name":"stdout","time":1525.389113513,"data":"EDGE_TTA_ACTIVE views = 8 mean_abs_feat_delta = 0.370302\n"}
,{"stream_name":"stdout","time":1525.871999747,"data":"SECONDARY_EDGE_TTA_ACTIVE views = 8 weight = 0.75 mean_abs_feat_delta = 0.258276\n"}
,{"stream_name":"stdout","time":1525.87624819,"data":"BIOHUB_RETENTION_GUARD {\"blended_candidates\": 466, \"dataset\": \"44b6_12dfb391\", \"frame\": 56, \"minimum_retention\": 0.9, \"primary_candidates\": 529, \"retention\": 0.8809073724007561, \"use_primary\": true}\n"}
,{"stream_name":"stdout","time":1526.417786362,"data":"SECONDARY_EDGE_TTA_ACTIVE views = 8 weight = 0.75 mean_abs_feat_delta = 0.299542\n"}
,{"stream_name":"stdout","time":1527.131216423,"data":"EDGE_TTA_ACTIVE views = 8 mean_abs_feat_delta = 0.351002\n"}
,{"stream_name":"stdout","time":1527.560971073,"data":"EDGE_TTA_ACTIVE views = 8 mean_abs_feat_delta = 0.37583\n"}
,{"stream_name":"stdout","time":1528.130916844,"data":"SECONDARY_EDGE_TTA_ACTIVE views = 8 weight = 0.75 mean_abs_feat_delta = 0.259739\n"}
,{"stream_name":"stdout","time":1528.134928272,"data":"BIOHUB_RETENTION_GUARD {\"blended_candidates\": 463, \"dataset\": \"44b6_12dfb391\", \"frame\": 57, \"minimum_retention\": 0.9, \"primary_candidates\": 525, \"retention\": 0.8819047619047619, \"use_primary\": true}\n"}
,{"stream_name":"stdout","time":1528.589989222,"data":"SECONDARY_EDGE_TTA_ACTIVE views = 8 weight = 0.75 mean_abs_feat_delta = 0.303905\n"}
,{"stream_name":"stdout","time":1529.329777759,"data":"EDGE_TTA_ACTIVE views = 8 mean_abs_feat_delta = 0.351435\n"}
,{"stream_name":"stdout","time":1529.766956698,"data":"EDGE_TTA_ACTIVE views = 8 mean_abs_feat_delta = 0.368756\n"}
,{"stream_name":"stdout","time":1530.332311929,"data":"SECONDARY_EDGE_TTA_ACTIVE views = 8 weight = 0.75 mean_abs_feat_delta = 0.258261\n"}
,{"stream_name":"stdout","time":1530.336079285,"data":"BIOHUB_RETENTION_GUARD {\"blended_candidates\": 462, \"dataset\": \"44b6_12dfb391\", \"frame\": 58, \"minimum_retention\": 0.9, \"primary_candidates\": 524, \"retention\": 0.8816793893129771, \"use_primary\": true}\n"}
,{"stream_name":"stdout","time":1530.798605356,"data":"SECONDARY_EDGE_TTA_ACTIVE views = 8 weight = 0.75 mean_abs_feat_delta = 0.306369\n"}
,{"stream_name":"stdout","time":1531.582665555,"data":"EDGE_TTA_ACTIVE views = 8 mean_abs_feat_delta = 0.350102\n"}
,{"stream_name":"stdout","time":1531.9277179,"data":"EDGE_TTA_ACTIVE views = 8 mean_abs_feat_delta = 0.352766\n"}
,{"stream_name":"stdout","time":1532.583516267,"data":"SECONDARY_EDGE_TTA_ACTIVE views = 8 weight = 0.75 mean_abs_feat_delta = 0.257837\n"}
,{"stream_name":"stdout","time":1532.587636328,"data":"BIOHUB_RETENTION_GUARD {\"blended_candidates\": 458, \"dataset\": \"44b6_12dfb391\", \"frame\": 59, \"minimum_retention\": 0.9, \"primary_candidates\": 532, \"retention\": 0.8609022556390977, \"use_primary\": true}\n"}
,{"stream_name":"stdout","time":1532.961016096,"data":"SECONDARY_EDGE_TTA_ACTIVE views = 8 weight = 0.75 mean_abs_feat_delta = 0.308458\n"}
,{"stream_name":"stdout","time":1533.818288111,"data":"EDGE_TTA_ACTIVE views = 8 mean_abs_feat_delta = 0.347603\n"}
,{"stream_name":"stdout","time":1534.090805229,"data":"EDGE_TTA_ACTIVE views = 8 mean_abs_feat_delta = 0.366005\n"}
,{"stream_name":"stdout","time":1534.815060134,"data":"SECONDARY_EDGE_TTA_ACTIVE views = 8 weight = 0.75 mean_abs_feat_delta = 0.256754\n"}
,{"stream_name":"stdout","time":1535.126554576,"data":"SECONDARY_EDGE_TTA_ACTIVE views = 8 weight = 0.75 mean_abs_feat_delta = 0.30506\n"}
,{"stream_name":"stdout","time":1536.045567187,"data":"EDGE_TTA_ACTIVE views = 8 mean_abs_feat_delta = 0.347903\n"}
,{"stream_name":"stdout","time":1536.250781811,"data":"EDGE_TTA_ACTIVE views = 8 mean_abs_feat_delta = 0.365954\n"}
,{"stream_name":"stdout","time":1537.044611368,"data":"SECONDARY_EDGE_TTA_ACTIVE views = 8 weight = 0.75 mean_abs_feat_delta = 0.257976\n"}
,{"stream_name":"stdout","time":1537.049070127,"data":"BIOHUB_RETENTION_GUARD {\"blended_candidates\": 462, \"dataset\": \"44b6_12dfb391\", \"frame\": 61, \"minimum_retention\": 0.9, \"primary_candidates\": 543, \"retention\": 0.850828729281768, \"use_primary\": true}\n"}
,{"stream_name":"stdout","time":1537.290482599,"data":"SECONDARY_EDGE_TTA_ACTIVE views = 8 weight = 0.75 mean_abs_feat_delta = 0.301287\n"}
,{"stream_name":"stdout","time":1538.2990967,"data":"EDGE_TTA_ACTIVE views = 8 mean_abs_feat_delta = 0.346794\n"}
,{"stream_name":"stdout","time":1538.446133336,"data":"EDGE_TTA_ACTIVE views = 8 mean_abs_feat_delta = 0.362198\n"}
,{"stream_name":"stdout","time":1539.294324846,"data":"SECONDARY_EDGE_TTA_ACTIVE views = 8 weight = 0.75 mean_abs_feat_delta = 0.26024\n"}
,{"stream_name":"stdout","time":1539.485664715,"data":"SECONDARY_EDGE_TTA_ACTIVE views = 8 weight = 0.75 mean_abs_feat_delta = 0.294341\n"}
,{"stream_name":"stdout","time":1540.483177184,"data":"EDGE_TTA_ACTIVE views = 8 mean_abs_feat_delta = 0.347265\n"}
,{"stream_name":"stdout","time":1540.618659195,"data":"EDGE_TTA_ACTIVE views = 8 mean_abs_feat_delta = 0.35614\n"}
,{"stream_name":"stdout","time":1541.481108103,"data":"SECONDARY_EDGE_TTA_ACTIVE views = 8 weight = 0.75 mean_abs_feat_delta = 0.260445\n"}
,{"stream_name":"stdout","time":1541.484966008,"data":"BIOHUB_RETENTION_GUARD {\"blended_candidates\": 491, \"dataset\": \"44b6_12dfb391\", \"frame\": 63, \"minimum_retention\": 0.9, \"primary_candidates\": 548, \"retention\": 0.8959854014598541, \"use_primary\": true}\n"}
,{"stream_name":"stdout","time":1541.659411129,"data":"SECONDARY_EDGE_TTA_ACTIVE views = 8 weight = 0.75 mean_abs_feat_delta = 0.294633\n"}
,{"stream_name":"stdout","time":1542.735151761,"data":"EDGE_TTA_ACTIVE views = 8 mean_abs_feat_delta = 0.354895\n"}
,{"stream_name":"stdout","time":1542.787716856,"data":"EDGE_TTA_ACTIVE views = 8 mean_abs_feat_delta = 0.360441\n"}
,{"stream_name":"stdout","time":1543.73113352,"data":"SECONDARY_EDGE_TTA_ACTIVE views = 8 weight = 0.75 mean_abs_feat_delta = 0.262205\n"}
,{"stream_name":"stdout","time":1543.826259136,"data":"SECONDARY_EDGE_TTA_ACTIVE views = 8 weight = 0.75 mean_abs_feat_delta = 0.298228\n"}
,{"stream_name":"stdout","time":1544.959067168,"data":"EDGE_TTA_ACTIVE views = 8 mean_abs_feat_delta = 0.354989\n"}
,{"stream_name":"stdout","time":1544.981535772,"data":"EDGE_TTA_ACTIVE views = 8 mean_abs_feat_delta = 0.346937\n"}
,{"stream_name":"stdout","time":1545.956659125,"data":"SECONDARY_EDGE_TTA_ACTIVE views = 8 weight = 0.75 mean_abs_feat_delta = 0.266095\n"}
,{"stream_name":"stdout","time":1546.027449917,"data":"SECONDARY_EDGE_TTA_ACTIVE views = 8 weight = 0.75 mean_abs_feat_delta = 0.293231\n"}
,{"stream_name":"stdout","time":1547.140795845,"data":"EDGE_TTA_ACTIVE views = 8 mean_abs_feat_delta = 0.351351\n"}
,{"stream_name":"stdout","time":1547.145480641,"data":"EDGE_TTA_ACTIVE views = 8 mean_abs_feat_delta = 0.351835\n"}
,{"stream_name":"stdout","time":1548.140300088,"data":"SECONDARY_EDGE_TTA_ACTIVE views = 8 weight = 0.75 mean_abs_feat_delta = 0.263703\n"}
,{"stream_name":"stdout","time":1548.181247215,"data":"SECONDARY_EDGE_TTA_ACTIVE views = 8 weight = 0.75 mean_abs_feat_delta = 0.292217\n"}
,{"stream_name":"stdout","time":1549.33152163,"data":"EDGE_TTA_ACTIVE views = 8 mean_abs_feat_delta = 0.354093\n"}
,{"stream_name":"stdout","time":1549.339613807,"data":"EDGE_TTA_ACTIVE views = 8 mean_abs_feat_delta = 0.35502\n"}
,{"stream_name":"stdout","time":1550.338350398,"data":"SECONDARY_EDGE_TTA_ACTIVE views = 8 weight = 0.75 mean_abs_feat_delta = 0.26367\n"}
,{"stream_name":"stdout","time":1550.363899811,"data":"SECONDARY_EDGE_TTA_ACTIVE views = 8 weight = 0.75 mean_abs_feat_delta = 0.278595\n"}
,{"stream_name":"stdout","time":1551.513914123,"data":"EDGE_TTA_ACTIVE views = 8 mean_abs_feat_delta = 0.359205\n"}
,{"stream_name":"stdout","time":1551.55001139,"data":"EDGE_TTA_ACTIVE views = 8 mean_abs_feat_delta = 0.359817\n"}
,{"stream_name":"stdout","time":1552.51387297,"data":"SECONDARY_EDGE_TTA_ACTIVE views = 8 weight = 0.75 mean_abs_feat_delta = 0.258506\n"}
,{"stream_name":"stdout","time":1552.517737585,"data":"BIOHUB_RETENTION_GUARD {\"blended_candidates\": 500, \"dataset\": \"44b6_12dfb391\", \"frame\": 68, \"minimum_retention\": 0.9, \"primary_candidates\": 560, \"retention\": 0.8928571428571429, \"use_primary\": true}\n"}
,{"stream_name":"stdout","time":1552.58576579,"data":"SECONDARY_EDGE_TTA_ACTIVE views = 8 weight = 0.75 mean_abs_feat_delta = 0.264409\n"}
,{"stream_name":"stdout","time":1553.795070016,"data":"EDGE_TTA_ACTIVE views = 8 mean_abs_feat_delta = 0.360613\n"}
,{"stream_name":"stdout","time":1553.796132045,"data":"EDGE_TTA_ACTIVE views = 8 mean_abs_feat_delta = 0.357588\n"}
,{"stream_name":"stdout","time":1554.709172648,"data":"SECONDARY_EDGE_TTA_ACTIVE views = 8 weight = 0.75 mean_abs_feat_delta = 0.259032\n"}
,{"stream_name":"stdout","time":1554.713025544,"data":"BIOHUB_RETENTION_GUARD {\"blended_candidates\": 482, \"dataset\": \"44b6_12dfb391\", \"frame\": 69, \"minimum_retention\": 0.9, \"primary_candidates\": 570, \"retention\": 0.8456140350877193, \"use_primary\": true}\n"}
,{"stream_name":"stdout","time":1554.804895303,"data":"SECONDARY_EDGE_TTA_ACTIVE views = 8 weight = 0.75 mean_abs_feat_delta = 0.267459\n"}
,{"stream_name":"stdout","time":1555.980556197,"data":"EDGE_TTA_ACTIVE views = 8 mean_abs_feat_delta = 0.349183\n"}
,{"stream_name":"stdout","time":1556.005444849,"data":"EDGE_TTA_ACTIVE views = 8 mean_abs_feat_delta = 0.361421\n"}
,{"stream_name":"stdout","time":1557.002691648,"data":"SECONDARY_EDGE_TTA_ACTIVE views = 8 weight = 0.75 mean_abs_feat_delta = 0.262899\n"}
,{"stream_name":"stdout","time":1557.006526036,"data":"BIOHUB_RETENTION_GUARD {\"blended_candidates\": 471, \"dataset\": \"44b6_12dfb391\", \"frame\": 70, \"minimum_retention\": 0.9, \"primary_candidates\": 545, \"retention\": 0.8642201834862385, \"use_primary\": true}\n"}
,{"stream_name":"stdout","time":1557.016879131,"data":"SECONDARY_EDGE_TTA_ACTIVE views = 8 weight = 0.75 mean_abs_feat_delta = 0.266307\n"}
,{"stream_name":"stdout","time":1558.169878462,"data":"EDGE_TTA_ACTIVE views = 8 mean_abs_feat_delta = 0.36472\n"}
,{"stream_name":"stdout","time":1558.218074946,"data":"EDGE_TTA_ACTIVE views = 8 mean_abs_feat_delta = 0.357184\n"}
,{"stream_name":"stdout","time":1559.210687572,"data":"SECONDARY_EDGE_TTA_ACTIVE views = 8 weight = 0.75 mean_abs_feat_delta = 0.277175\n"}
,{"stream_name":"stdout","time":1559.212449796,"data":"SECONDARY_EDGE_TTA_ACTIVE views = 8 weight = 0.75 mean_abs_feat_delta = 0.262505\n"}
,{"stream_name":"stdout","time":1559.216595016,"data":"BIOHUB_RETENTION_GUARD {\"blended_candidates\": 488, \"dataset\": \"44b6_12dfb391\", \"frame\": 71, \"minimum_retention\": 0.9, \"primary_candidates\": 555, \"retention\": 0.8792792792792793, \"use_primary\": true}\n"}
,{"stream_name":"stdout","time":1560.383290705,"data":"EDGE_TTA_ACTIVE views = 8 mean_abs_feat_delta = 0.367291\n"}
,{"stream_name":"stdout","time":1560.424395829,"data":"EDGE_TTA_ACTIVE views = 8 mean_abs_feat_delta = 0.360613\n"}
,{"stream_name":"stdout","time":1561.418248356,"data":"SECONDARY_EDGE_TTA_ACTIVE views = 8 weight = 0.75 mean_abs_feat_delta = 0.279843\n"}
,{"stream_name":"stdout","time":1561.419471454,"data":"SECONDARY_EDGE_TTA_ACTIVE views = 8 weight = 0.75 mean_abs_feat_delta = 0.260539\n"}
,{"stream_name":"stdout","time":1561.4235554,"data":"BIOHUB_RETENTION_GUARD {\"blended_candidates\": 487, \"dataset\": \"44b6_12dfb391\", \"frame\": 72, \"minimum_retention\": 0.9, \"primary_candidates\": 555, \"retention\": 0.8774774774774775, \"use_primary\": true}\n"}
,{"stream_name":"stdout","time":1562.573204545,"data":"EDGE_TTA_ACTIVE views = 8 mean_abs_feat_delta = 0.353095\n"}
,{"stream_name":"stdout","time":1562.697878213,"data":"EDGE_TTA_ACTIVE views = 8 mean_abs_feat_delta = 0.361988\n"}
,{"stream_name":"stdout","time":1563.611710954,"data":"SECONDARY_EDGE_TTA_ACTIVE views = 8 weight = 0.75 mean_abs_feat_delta = 0.274385\n"}
,{"stream_name":"stdout","time":1563.694104414,"data":"SECONDARY_EDGE_TTA_ACTIVE views = 8 weight = 0.75 mean_abs_feat_delta = 0.259945\n"}
,{"stream_name":"stdout","time":1564.794956809,"data":"EDGE_TTA_ACTIVE views = 8 mean_abs_feat_delta = 0.338254\n"}
,{"stream_name":"stdout","time":1564.854658698,"data":"EDGE_TTA_ACTIVE views = 8 mean_abs_feat_delta = 0.361343\n"}
,{"stream_name":"stdout","time":1565.838415001,"data":"SECONDARY_EDGE_TTA_ACTIVE views = 8 weight = 0.75 mean_abs_feat_delta = 0.269188\n"}
,{"stream_name":"stdout","time":1565.846413758,"data":"SECONDARY_EDGE_TTA_ACTIVE views = 8 weight = 0.75 mean_abs_feat_delta = 0.259606\n"}
,{"stream_name":"stdout","time":1565.850262363,"data":"BIOHUB_RETENTION_GUARD {\"blended_candidates\": 504, \"dataset\": \"44b6_12dfb391\", \"frame\": 74, \"minimum_retention\": 0.9, \"primary_candidates\": 564, \"retention\": 0.8936170212765957, \"use_primary\": true}\n"}
,{"stream_name":"stdout","time":1566.999219632,"data":"EDGE_TTA_ACTIVE views = 8 mean_abs_feat_delta = 0.335377\n"}
,{"stream_name":"stdout","time":1567.084491064,"data":"EDGE_TTA_ACTIVE views = 8 mean_abs_feat_delta = 0.364735\n"}
,{"stream_name":"stdout","time":1568.045566031,"data":"SECONDARY_EDGE_TTA_ACTIVE views = 8 weight = 0.75 mean_abs_feat_delta = 0.281449\n"}
,{"stream_name":"stdout","time":1568.078776325,"data":"SECONDARY_EDGE_TTA_ACTIVE views = 8 weight = 0.75 mean_abs_feat_delta = 0.262319\n"}
,{"stream_name":"stdout","time":1568.08296472,"data":"BIOHUB_RETENTION_GUARD {\"blended_candidates\": 468, \"dataset\": \"44b6_12dfb391\", \"frame\": 75, \"minimum_retention\": 0.9, \"primary_candidates\": 565, \"retention\": 0.8283185840707965, \"use_primary\": true}\n"}
,{"stream_name":"stdout","time":1569.229879935,"data":"EDGE_TTA_ACTIVE views = 8 mean_abs_feat_delta = 0.332103\n"}
,{"stream_name":"stdout","time":1569.316369976,"data":"EDGE_TTA_ACTIVE views = 8 mean_abs_feat_delta = 0.359082\n"}
,{"stream_name":"stdout","time":1570.277834742,"data":"SECONDARY_EDGE_TTA_ACTIVE views = 8 weight = 0.75 mean_abs_feat_delta = 0.283078\n"}
,{"stream_name":"stdout","time":1570.308721977,"data":"SECONDARY_EDGE_TTA_ACTIVE views = 8 weight = 0.75 mean_abs_feat_delta = 0.263571\n"}
,{"stream_name":"stdout","time":1570.312622284,"data":"BIOHUB_RETENTION_GUARD {\"blended_candidates\": 507, \"dataset\": \"44b6_12dfb391\", \"frame\": 76, \"minimum_retention\": 0.9, \"primary_candidates\": 579, \"retention\": 0.8756476683937824, \"use_primary\": true}\n"}
,{"stream_name":"stdout","time":1571.406845874,"data":"EDGE_TTA_ACTIVE views = 8 mean_abs_feat_delta = 0.336056\n"}
,{"stream_name":"stdout","time":1571.54885627,"data":"EDGE_TTA_ACTIVE views = 8 mean_abs_feat_delta = 0.356314\n"}
,{"stream_name":"stdout","time":1572.452752847,"data":"SECONDARY_EDGE_TTA_ACTIVE views = 8 weight = 0.75 mean_abs_feat_delta = 0.269824\n"}
,{"stream_name":"stdout","time":1572.542465949,"data":"SECONDARY_EDGE_TTA_ACTIVE views = 8 weight = 0.75 mean_abs_feat_delta = 0.264168\n"}
,{"stream_name":"stdout","time":1572.546587644,"data":"BIOHUB_RETENTION_GUARD {\"blended_candidates\": 503, \"dataset\": \"44b6_12dfb391\", \"frame\": 77, \"minimum_retention\": 0.9, \"primary_candidates\": 582, \"retention\": 0.8642611683848798, \"use_primary\": true}\n"}
,{"stream_name":"stdout","time":1573.605494842,"data":"EDGE_TTA_ACTIVE views = 8 mean_abs_feat_delta = 0.338817\n"}
,{"stream_name":"stdout","time":1573.75645288,"data":"EDGE_TTA_ACTIVE views = 8 mean_abs_feat_delta = 0.35617\n"}
,{"stream_name":"stdout","time":1574.653299024,"data":"SECONDARY_EDGE_TTA_ACTIVE views = 8 weight = 0.75 mean_abs_feat_delta = 0.276964\n"}
,{"stream_name":"stdout","time":1574.745880902,"data":"SECONDARY_EDGE_TTA_ACTIVE views = 8 weight = 0.75 mean_abs_feat_delta = 0.26695\n"}
,{"stream_name":"stdout","time":1574.749865687,"data":"BIOHUB_RETENTION_GUARD {\"blended_candidates\": 519, \"dataset\": \"44b6_12dfb391\", \"frame\": 78, \"minimum_retention\": 0.9, \"primary_candidates\": 585, \"retention\": 0.8871794871794871, \"use_primary\": true}\n"}
,{"stream_name":"stdout","time":1575.809799812,"data":"EDGE_TTA_ACTIVE views = 8 mean_abs_feat_delta = 0.334961\n"}
,{"stream_name":"stdout","time":1575.969684525,"data":"EDGE_TTA_ACTIVE views = 8 mean_abs_feat_delta = 0.351982\n"}
,{"stream_name":"stdout","time":1576.863479618,"data":"SECONDARY_EDGE_TTA_ACTIVE views = 8 weight = 0.75 mean_abs_feat_delta = 0.266526\n"}
,{"stream_name":"stdout","time":1576.964356145,"data":"SECONDARY_EDGE_TTA_ACTIVE views = 8 weight = 0.75 mean_abs_feat_delta = 0.263744\n"}
,{"stream_name":"stdout","time":1577.983020217,"data":"EDGE_TTA_ACTIVE views = 8 mean_abs_feat_delta = 0.344979\n"}
,{"stream_name":"stdout","time":1578.138836502,"data":"EDGE_TTA_ACTIVE views = 8 mean_abs_feat_delta = 0.35395\n"}
,{"stream_name":"stdout","time":1579.033613325,"data":"SECONDARY_EDGE_TTA_ACTIVE views = 8 weight = 0.75 mean_abs_feat_delta = 0.270012\n"}
,{"stream_name":"stdout","time":1579.131460264,"data":"SECONDARY_EDGE_TTA_ACTIVE views = 8 weight = 0.75 mean_abs_feat_delta = 0.262774\n"}
,{"stream_name":"stdout","time":1580.185305582,"data":"EDGE_TTA_ACTIVE views = 8 mean_abs_feat_delta = 0.347989\n"}
,{"stream_name":"stdout","time":1580.432436641,"data":"EDGE_TTA_ACTIVE views = 8 mean_abs_feat_delta = 0.35797\n"}
,{"stream_name":"stdout","time":1581.236806836,"data":"SECONDARY_EDGE_TTA_ACTIVE views = 8 weight = 0.75 mean_abs_feat_delta = 0.271069\n"}
,{"stream_name":"stdout","time":1581.427758154,"data":"SECONDARY_EDGE_TTA_ACTIVE views = 8 weight = 0.75 mean_abs_feat_delta = 0.263553\n"}
,{"stream_name":"stdout","time":1582.396579784,"data":"EDGE_TTA_ACTIVE views = 8 mean_abs_feat_delta = 0.350829\n"}
,{"stream_name":"stdout","time":1582.622406633,"data":"EDGE_TTA_ACTIVE views = 8 mean_abs_feat_delta = 0.358939\n"}
,{"stream_name":"stdout","time":1583.451727204,"data":"SECONDARY_EDGE_TTA_ACTIVE views = 8 weight = 0.75 mean_abs_feat_delta = 0.275012\n"}
,{"stream_name":"stdout","time":1583.614548191,"data":"SECONDARY_EDGE_TTA_ACTIVE views = 8 weight = 0.75 mean_abs_feat_delta = 0.264177\n"}
,{"stream_name":"stdout","time":1584.697535756,"data":"EDGE_TTA_ACTIVE views = 8 mean_abs_feat_delta = 0.344987\n"}
,{"stream_name":"stdout","time":1584.807085864,"data":"EDGE_TTA_ACTIVE views = 8 mean_abs_feat_delta = 0.362662\n"}
,{"stream_name":"stdout","time":1585.666946569,"data":"SECONDARY_EDGE_TTA_ACTIVE views = 8 weight = 0.75 mean_abs_feat_delta = 0.273804\n"}
,{"stream_name":"stdout","time":1585.798995663,"data":"SECONDARY_EDGE_TTA_ACTIVE views = 8 weight = 0.75 mean_abs_feat_delta = 0.267502\n"}
,{"stream_name":"stdout","time":1585.803165631,"data":"BIOHUB_RETENTION_GUARD {\"blended_candidates\": 478, \"dataset\": \"44b6_12dfb391\", \"frame\": 83, \"minimum_retention\": 0.9, \"primary_candidates\": 555, \"retention\": 0.8612612612612612, \"use_primary\": true}\n"}
,{"stream_name":"stdout","time":1586.85561707,"data":"EDGE_TTA_ACTIVE views = 8 mean_abs_feat_delta = 0.329788\n"}
,{"stream_name":"stdout","time":1586.996421035,"data":"EDGE_TTA_ACTIVE views = 8 mean_abs_feat_delta = 0.363086\n"}
,{"stream_name":"stdout","time":1587.913924642,"data":"SECONDARY_EDGE_TTA_ACTIVE views = 8 weight = 0.75 mean_abs_feat_delta = 0.278785\n"}
,{"stream_name":"stdout","time":1587.986698257,"data":"SECONDARY_EDGE_TTA_ACTIVE views = 8 weight = 0.75 mean_abs_feat_delta = 0.268865\n"}
,{"stream_name":"stdout","time":1587.990651013,"data":"BIOHUB_RETENTION_GUARD {\"blended_candidates\": 501, \"dataset\": \"44b6_12dfb391\", \"frame\": 84, \"minimum_retention\": 0.9, \"primary_candidates\": 566, \"retention\": 0.8851590106007067, \"use_primary\": true}\n"}
,{"stream_name":"stdout","time":1589.103793746,"data":"EDGE_TTA_ACTIVE views = 8 mean_abs_feat_delta = 0.329665\n"}
,{"stream_name":"stdout","time":1589.283957987,"data":"EDGE_TTA_ACTIVE views = 8 mean_abs_feat_delta = 0.364785\n"}
,{"stream_name":"stdout","time":1590.164470163,"data":"SECONDARY_EDGE_TTA_ACTIVE views = 8 weight = 0.75 mean_abs_feat_delta = 0.270084\n"}
,{"stream_name":"stdout","time":1590.274510406,"data":"SECONDARY_EDGE_TTA_ACTIVE views = 8 weight = 0.75 mean_abs_feat_delta = 0.27301\n"}
,{"stream_name":"stdout","time":1591.356315886,"data":"EDGE_TTA_ACTIVE views = 8 mean_abs_feat_delta = 0.325406\n"}
,{"stream_name":"stdout","time":1591.531421367,"data":"EDGE_TTA_ACTIVE views = 8 mean_abs_feat_delta = 0.363892\n"}
,{"stream_name":"stdout","time":1592.416037241,"data":"SECONDARY_EDGE_TTA_ACTIVE views = 8 weight = 0.75 mean_abs_feat_delta = 0.271662\n"}
,{"stream_name":"stdout","time":1592.524468774,"data":"SECONDARY_EDGE_TTA_ACTIVE views = 8 weight = 0.75 mean_abs_feat_delta = 0.2723\n"}
,{"stream_name":"stdout","time":1593.604733453,"data":"EDGE_TTA_ACTIVE views = 8 mean_abs_feat_delta = 0.337377\n"}
,{"stream_name":"stdout","time":1593.684146371,"data":"EDGE_TTA_ACTIVE views = 8 mean_abs_feat_delta = 0.362041\n"}
,{"stream_name":"stdout","time":1594.667868689,"data":"SECONDARY_EDGE_TTA_ACTIVE views = 8 weight = 0.75 mean_abs_feat_delta = 0.269101\n"}
,{"stream_name":"stdout","time":1594.674247285,"data":"SECONDARY_EDGE_TTA_ACTIVE views = 8 weight = 0.75 mean_abs_feat_delta = 0.26849\n"}
,{"stream_name":"stdout","time":1595.817158086,"data":"EDGE_TTA_ACTIVE views = 8 mean_abs_feat_delta = 0.336612\n"}
,{"stream_name":"stdout","time":1595.868766113,"data":"EDGE_TTA_ACTIVE views = 8 mean_abs_feat_delta = 0.364393\n"}
,{"stream_name":"stdout","time":1596.862592945,"data":"SECONDARY_EDGE_TTA_ACTIVE views = 8 weight = 0.75 mean_abs_feat_delta = 0.26742\n"}
,{"stream_name":"stdout","time":1596.882571793,"data":"SECONDARY_EDGE_TTA_ACTIVE views = 8 weight = 0.75 mean_abs_feat_delta = 0.273421\n"}
,{"stream_name":"stdout","time":1598.036330237,"data":"EDGE_TTA_ACTIVE views = 8 mean_abs_feat_delta = 0.36832\n"}
,{"stream_name":"stdout","time":1598.046337784,"data":"EDGE_TTA_ACTIVE views = 8 mean_abs_feat_delta = 0.340573\n"}
,{"stream_name":"stdout","time":1599.030423421,"data":"SECONDARY_EDGE_TTA_ACTIVE views = 8 weight = 0.75 mean_abs_feat_delta = 0.266839\n"}
,{"stream_name":"stdout","time":1599.034068071,"data":"BIOHUB_RETENTION_GUARD {\"blended_candidates\": 539, \"dataset\": \"44b6_12dfb391\", \"frame\": 89, \"minimum_retention\": 0.9, \"primary_candidates\": 618, \"retention\": 0.872168284789644, \"use_primary\": true}\n"}
,{"stream_name":"stdout","time":1599.110912812,"data":"SECONDARY_EDGE_TTA_ACTIVE views = 8 weight = 0.75 mean_abs_feat_delta = 0.271772\n"}
,{"stream_name":"stdout","time":1600.27930152,"data":"EDGE_TTA_ACTIVE views = 8 mean_abs_feat_delta = 0.34851\n"}
,{"stream_name":"stdout","time":1600.283384906,"data":"EDGE_TTA_ACTIVE views = 8 mean_abs_feat_delta = 0.372337\n"}
,{"stream_name":"stdout","time":1601.278138149,"data":"SECONDARY_EDGE_TTA_ACTIVE views = 8 weight = 0.75 mean_abs_feat_delta = 0.26897\n"}
,{"stream_name":"stdout","time":1601.282313223,"data":"BIOHUB_RETENTION_GUARD {\"blended_candidates\": 532, \"dataset\": \"44b6_12dfb391\", \"frame\": 90, \"minimum_retention\": 0.9, \"primary_candidates\": 595, \"retention\": 0.8941176470588236, \"use_primary\": true}\n"}
,{"stream_name":"stdout","time":1601.347411476,"data":"SECONDARY_EDGE_TTA_ACTIVE views = 8 weight = 0.75 mean_abs_feat_delta = 0.268085\n"}
,{"stream_name":"stdout","time":1602.49251571,"data":"EDGE_TTA_ACTIVE views = 8 mean_abs_feat_delta = 0.372351\n"}
,{"stream_name":"stdout","time":1602.548703401,"data":"EDGE_TTA_ACTIVE views = 8 mean_abs_feat_delta = 0.344922\n"}
,{"stream_name":"stdout","time":1603.485163273,"data":"SECONDARY_EDGE_TTA_ACTIVE views = 8 weight = 0.75 mean_abs_feat_delta = 0.269254\n"}
,{"stream_name":"stdout","time":1603.620867114,"data":"SECONDARY_EDGE_TTA_ACTIVE views = 8 weight = 0.75 mean_abs_feat_delta = 0.263722\n"}
,{"stream_name":"stdout","time":1604.757033988,"data":"EDGE_TTA_ACTIVE views = 8 mean_abs_feat_delta = 0.376977\n"}
,{"stream_name":"stdout","time":1604.790239428,"data":"EDGE_TTA_ACTIVE views = 8 mean_abs_feat_delta = 0.345806\n"}
,{"stream_name":"stdout","time":1605.749893954,"data":"SECONDARY_EDGE_TTA_ACTIVE views = 8 weight = 0.75 mean_abs_feat_delta = 0.273908\n"}
,{"stream_name":"stdout","time":1605.867624993,"data":"SECONDARY_EDGE_TTA_ACTIVE views = 8 weight = 0.75 mean_abs_feat_delta = 0.263509\n"}
,{"stream_name":"stdout","time":1606.958772946,"data":"EDGE_TTA_ACTIVE views = 8 mean_abs_feat_delta = 0.379308\n"}
,{"stream_name":"stdout","time":1607.07217102,"data":"EDGE_TTA_ACTIVE views = 8 mean_abs_feat_delta = 0.333012\n"}
,{"stream_name":"stdout","time":1607.952874525,"data":"SECONDARY_EDGE_TTA_ACTIVE views = 8 weight = 0.75 mean_abs_feat_delta = 0.28036\n"}
,{"stream_name":"stdout","time":1608.145882033,"data":"SECONDARY_EDGE_TTA_ACTIVE views = 8 weight = 0.75 mean_abs_feat_delta = 0.270685\n"}
,{"stream_name":"stdout","time":1609.135091231,"data":"EDGE_TTA_ACTIVE views = 8 mean_abs_feat_delta = 0.375447\n"}
,{"stream_name":"stdout","time":1609.284990299,"data":"EDGE_TTA_ACTIVE views = 8 mean_abs_feat_delta = 0.332183\n"}
,{"stream_name":"stdout","time":1610.127597205,"data":"SECONDARY_EDGE_TTA_ACTIVE views = 8 weight = 0.75 mean_abs_feat_delta = 0.279645\n"}
,{"stream_name":"stdout","time":1610.132141547,"data":"BIOHUB_RETENTION_GUARD {\"blended_candidates\": 520, \"dataset\": \"44b6_12dfb391\", \"frame\": 94, \"minimum_retention\": 0.9, \"primary_candidates\": 583, \"retention\": 0.8919382504288165, \"use_primary\": true}\n"}
,{"stream_name":"stdout","time":1610.365170205,"data":"SECONDARY_EDGE_TTA_ACTIVE views = 8 weight = 0.75 mean_abs_feat_delta = 0.253224\n"}
,{"stream_name":"stdout","time":1611.433277024,"data":"EDGE_TTA_ACTIVE views = 8 mean_abs_feat_delta = 0.369974\n"}
,{"stream_name":"stdout","time":1611.518572503,"data":"EDGE_TTA_ACTIVE views = 8 mean_abs_feat_delta = 0.322487\n"}
,{"stream_name":"stdout","time":1612.425531362,"data":"SECONDARY_EDGE_TTA_ACTIVE views = 8 weight = 0.75 mean_abs_feat_delta = 0.279886\n"}
,{"stream_name":"stdout","time":1612.5966142,"data":"SECONDARY_EDGE_TTA_ACTIVE views = 8 weight = 0.75 mean_abs_feat_delta = 0.262155\n"}
,{"stream_name":"stdout","time":1613.693158885,"data":"EDGE_TTA_ACTIVE views = 8 mean_abs_feat_delta = 0.373122\n"}
,{"stream_name":"stdout","time":1614.683350102,"data":"SECONDARY_EDGE_TTA_ACTIVE views = 8 weight = 0.75 mean_abs_feat_delta = 0.279253\n"}
,{"stream_name":"stdout","time":1616.199129926,"data":"EDGE_TTA_ACTIVE views = 8 mean_abs_feat_delta = 0.371747\n"}
,{"stream_name":"stdout","time":1617.091341207,"data":"SECONDARY_EDGE_TTA_ACTIVE views = 8 weight = 0.75 mean_abs_feat_delta = 0.27536\n"}
,{"stream_name":"stdout","time":1618.46016752,"data":"EDGE_TTA_ACTIVE views = 8 mean_abs_feat_delta = 0.369424\n"}
,{"stream_name":"stdout","time":1619.456018724,"data":"SECONDARY_EDGE_TTA_ACTIVE views = 8 weight = 0.75 mean_abs_feat_delta = 0.271751\n"}
,{"stream_name":"stdout","time":1620.88568844,"data":"EDGE_TTA_ACTIVE views = 8 mean_abs_feat_delta = 0.372871\n"}
,{"stream_name":"stdout","time":1621.879652046,"data":"SECONDARY_EDGE_TTA_ACTIVE views = 8 weight = 0.75 mean_abs_feat_delta = 0.271724\n"}
,{"stream_name":"stdout","time":1635.434143676,"data":"EDGE_TTA_ACTIVE views = 8 mean_abs_feat_delta = 0.311164\n"}
,{"stream_name":"stdout","time":1636.459982174,"data":"SECONDARY_EDGE_TTA_ACTIVE views = 8 weight = 0.75 mean_abs_feat_delta = 0.261033\n"}
,{"stream_name":"stdout","time":1637.657356786,"data":"EDGE_TTA_ACTIVE views = 8 mean_abs_feat_delta = 0.314772\n"}
,{"stream_name":"stdout","time":1638.693961255,"data":"SECONDARY_EDGE_TTA_ACTIVE views = 8 weight = 0.75 mean_abs_feat_delta = 0.260558\n"}
,{"stream_name":"stdout","time":1639.830960646,"data":"EDGE_TTA_ACTIVE views = 8 mean_abs_feat_delta = 0.32\n"}
,{"stream_name":"stdout","time":1640.868208896,"data":"SECONDARY_EDGE_TTA_ACTIVE views = 8 weight = 0.75 mean_abs_feat_delta = 0.261329\n"}
,{"stream_name":"stdout","time":1641.98488965,"data":"EDGE_TTA_ACTIVE views = 8 mean_abs_feat_delta = 0.316482\n"}
,{"stream_name":"stdout","time":1643.042267779,"data":"SECONDARY_EDGE_TTA_ACTIVE views = 8 weight = 0.75 mean_abs_feat_delta = 0.267255\n"}
,{"stream_name":"stdout","time":1644.253983976,"data":"EDGE_TTA_ACTIVE views = 8 mean_abs_feat_delta = 0.312516\n"}
,{"stream_name":"stdout","time":1645.326081089,"data":"SECONDARY_EDGE_TTA_ACTIVE views = 8 weight = 0.75 mean_abs_feat_delta = 0.269103\n"}
,{"stream_name":"stdout","time":1646.561930174,"data":"EDGE_TTA_ACTIVE views = 8 mean_abs_feat_delta = 0.310284\n"}
,{"stream_name":"stdout","time":1647.548691559,"data":"SECONDARY_EDGE_TTA_ACTIVE views = 8 weight = 0.75 mean_abs_feat_delta = 0.270231\n"}
,{"stream_name":"stdout","time":1648.759470193,"data":"EDGE_TTA_ACTIVE views = 8 mean_abs_feat_delta = 0.315039\n"}
,{"stream_name":"stdout","time":1649.855906144,"data":"SECONDARY_EDGE_TTA_ACTIVE views = 8 weight = 0.75 mean_abs_feat_delta = 0.27087\n"}
,{"stream_name":"stdout","time":1651.080745982,"data":"EDGE_TTA_ACTIVE views = 8 mean_abs_feat_delta = 0.322123\n"}
,{"stream_name":"stdout","time":1652.190651532,"data":"SECONDARY_EDGE_TTA_ACTIVE views = 8 weight = 0.75 mean_abs_feat_delta = 0.268311\n"}
,{"stream_name":"stdout","time":1653.385520717,"data":"EDGE_TTA_ACTIVE views = 8 mean_abs_feat_delta = 0.315226\n"}
,{"stream_name":"stdout","time":1654.517331279,"data":"SECONDARY_EDGE_TTA_ACTIVE views = 8 weight = 0.75 mean_abs_feat_delta = 0.262145\n"}
,{"stream_name":"stdout","time":1655.814903604,"data":"EDGE_TTA_ACTIVE views = 8 mean_abs_feat_delta = 0.313017\n"}
,{"stream_name":"stdout","time":1656.936922986,"data":"SECONDARY_EDGE_TTA_ACTIVE views = 8 weight = 0.75 mean_abs_feat_delta = 0.258401\n"}
,{"stream_name":"stdout","time":1658.13634613,"data":"EDGE_TTA_ACTIVE views = 8 mean_abs_feat_delta = 0.312427\n"}
,{"stream_name":"stdout","time":1659.274319333,"data":"SECONDARY_EDGE_TTA_ACTIVE views = 8 weight = 0.75 mean_abs_feat_delta = 0.259952\n"}
,{"stream_name":"stdout","time":1660.509610328,"data":"EDGE_TTA_ACTIVE views = 8 mean_abs_feat_delta = 0.312244\n"}
,{"stream_name":"stdout","time":1661.676325934,"data":"SECONDARY_EDGE_TTA_ACTIVE views = 8 weight = 0.75 mean_abs_feat_delta = 0.251585\n"}
,{"stream_name":"stdout","time":1662.96389462,"data":"EDGE_TTA_ACTIVE views = 8 mean_abs_feat_delta = 0.312161\n"}
,{"stream_name":"stdout","time":1664.141804094,"data":"SECONDARY_EDGE_TTA_ACTIVE views = 8 weight = 0.75 mean_abs_feat_delta = 0.254847\n"}
,{"stream_name":"stdout","time":1665.437887777,"data":"EDGE_TTA_ACTIVE views = 8 mean_abs_feat_delta = 0.311033\n"}
,{"stream_name":"stdout","time":1666.624320845,"data":"SECONDARY_EDGE_TTA_ACTIVE views = 8 weight = 0.75 mean_abs_feat_delta = 0.254101\n"}
,{"stream_name":"stdout","time":1667.327764024,"data":"EDGE_TTA_ACTIVE views = 8 mean_abs_feat_delta = 0.354264\n"}
,{"stream_name":"stdout","time":1667.898270859,"data":"EDGE_TTA_ACTIVE views = 8 mean_abs_feat_delta = 0.322725\n"}
,{"stream_name":"stdout","time":1668.298216585,"data":"SECONDARY_EDGE_TTA_ACTIVE views = 8 weight = 0.75 mean_abs_feat_delta = 0.316074\n"}
,{"stream_name":"stdout","time":1668.301244047,"data":"BIOHUB_RETENTION_GUARD {\"blended_candidates\": 460, \"dataset\": \"44b6_2a2eff9f\", \"frame\": 0, \"minimum_retention\": 0.9, \"primary_candidates\": 559, \"retention\": 0.8228980322003577, \"use_primary\": true}\n"}
,{"stream_name":"stdout","time":1668.302516804,"data":"BIOHUB_RETENTION_GUARD {\"blended_candidates\": 460, \"dataset\": \"44b6_2a2eff9f\", \"frame\": 1, \"minimum_retention\": 0.9, \"primary_candidates\": 536, \"retention\": 0.8582089552238806, \"use_primary\": true}\n"}
,{"stream_name":"stdout","time":1669.091539997,"data":"SECONDARY_EDGE_TTA_ACTIVE views = 8 weight = 0.75 mean_abs_feat_delta = 0.254681\n"}
,{"stream_name":"stdout","time":1669.532647243,"data":"EDGE_TTA_ACTIVE views = 8 mean_abs_feat_delta = 0.353629\n"}
,{"stream_name":"stdout","time":1670.400076894,"data":"EDGE_TTA_ACTIVE views = 8 mean_abs_feat_delta = 0.325293\n"}
,{"stream_name":"stdout","time":1670.503282655,"data":"SECONDARY_EDGE_TTA_ACTIVE views = 8 weight = 0.75 mean_abs_feat_delta = 0.31712\n"}
,{"stream_name":"stdout","time":1670.507341997,"data":"BIOHUB_RETENTION_GUARD {\"blended_candidates\": 448, \"dataset\": \"44b6_2a2eff9f\", \"frame\": 2, \"minimum_retention\": 0.9, \"primary_candidates\": 529, \"retention\": 0.8468809073724007, \"use_primary\": true}\n"}
,{"stream_name":"stdout","time":1671.585018538,"data":"SECONDARY_EDGE_TTA_ACTIVE views = 8 weight = 0.75 mean_abs_feat_delta = 0.264267\n"}
,{"stream_name":"stdout","time":1671.737709587,"data":"EDGE_TTA_ACTIVE views = 8 mean_abs_feat_delta = 0.354199\n"}
,{"stream_name":"stdout","time":1672.708697522,"data":"SECONDARY_EDGE_TTA_ACTIVE views = 8 weight = 0.75 mean_abs_feat_delta = 0.31716\n"}
,{"stream_name":"stdout","time":1672.712419347,"data":"BIOHUB_RETENTION_GUARD {\"blended_candidates\": 428, \"dataset\": \"44b6_2a2eff9f\", \"frame\": 3, \"minimum_retention\": 0.9, \"primary_candidates\": 515, \"retention\": 0.8310679611650486, \"use_primary\": true}\n"}
,{"stream_name":"stdout","time":1672.848486981,"data":"EDGE_TTA_ACTIVE views = 8 mean_abs_feat_delta = 0.323346\n"}
,{"stream_name":"stdout","time":1673.901615923,"data":"EDGE_TTA_ACTIVE views = 8 mean_abs_feat_delta = 0.351342\n"}
,{"stream_name":"stdout","time":1674.022719411,"data":"SECONDARY_EDGE_TTA_ACTIVE views = 8 weight = 0.75 mean_abs_feat_delta = 0.263395\n"}
,{"stream_name":"stdout","time":1674.873853173,"data":"SECONDARY_EDGE_TTA_ACTIVE views = 8 weight = 0.75 mean_abs_feat_delta = 0.31653\n"}
,{"stream_name":"stdout","time":1674.877763199,"data":"BIOHUB_RETENTION_GUARD {\"blended_candidates\": 456, \"dataset\": \"44b6_2a2eff9f\", \"frame\": 4, \"minimum_retention\": 0.9, \"primary_candidates\": 542, \"retention\": 0.8413284132841329, \"use_primary\": true}\n"}
,{"stream_name":"stdout","time":1675.304470529,"data":"EDGE_TTA_ACTIVE views = 8 mean_abs_feat_delta = 0.325491\n"}
,{"stream_name":"stdout","time":1676.069924398,"data":"EDGE_TTA_ACTIVE views = 8 mean_abs_feat_delta = 0.353535\n"}
,{"stream_name":"stdout","time":1676.461964334,"data":"SECONDARY_EDGE_TTA_ACTIVE views = 8 weight = 0.75 mean_abs_feat_delta = 0.261321\n"}
,{"stream_name":"stdout","time":1677.132277525,"data":"SECONDARY_EDGE_TTA_ACTIVE views = 8 weight = 0.75 mean_abs_feat_delta = 0.316364\n"}
,{"stream_name":"stdout","time":1677.13343173,"data":"BIOHUB_RETENTION_GUARD {\"blended_candidates\": 451, \"dataset\": \"44b6_2a2eff9f\", \"frame\": 5, \"minimum_retention\": 0.9, \"primary_candidates\": 542, \"retention\": 0.8321033210332104, \"use_primary\": true}\n"}
,{"stream_name":"stdout","time":1677.755784448,"data":"EDGE_TTA_ACTIVE views = 8 mean_abs_feat_delta = 0.330746\n"}
,{"stream_name":"stdout","time":1678.251841737,"data":"EDGE_TTA_ACTIVE views = 8 mean_abs_feat_delta = 0.355109\n"}
,{"stream_name":"stdout","time":1678.908688871,"data":"SECONDARY_EDGE_TTA_ACTIVE views = 8 weight = 0.75 mean_abs_feat_delta = 0.265991\n"}
,{"stream_name":"stdout","time":1679.224001426,"data":"SECONDARY_EDGE_TTA_ACTIVE views = 8 weight = 0.75 mean_abs_feat_delta = 0.317147\n"}
,{"stream_name":"stdout","time":1679.227772985,"data":"BIOHUB_RETENTION_GUARD {\"blended_candidates\": 449, \"dataset\": \"44b6_2a2eff9f\", \"frame\": 6, \"minimum_retention\": 0.9, \"primary_candidates\": 544, \"retention\": 0.8253676470588235, \"use_primary\": true}\n"}
,{"stream_name":"stdout","time":1680.164212102,"data":"EDGE_TTA_ACTIVE views = 8 mean_abs_feat_delta = 0.322777\n"}
,{"stream_name":"stdout","time":1680.416601035,"data":"EDGE_TTA_ACTIVE views = 8 mean_abs_feat_delta = 0.359732\n"}
,{"stream_name":"stdout","time":1681.297243333,"data":"SECONDARY_EDGE_TTA_ACTIVE views = 8 weight = 0.75 mean_abs_feat_delta = 0.269935\n"}
,{"stream_name":"stdout","time":1681.38317579,"data":"SECONDARY_EDGE_TTA_ACTIVE views = 8 weight = 0.75 mean_abs_feat_delta = 0.314941\n"}
,{"stream_name":"stdout","time":1681.389641164,"data":"BIOHUB_RETENTION_GUARD {\"blended_candidates\": 419, \"dataset\": \"44b6_2a2eff9f\", \"frame\": 7, \"minimum_retention\": 0.9, \"primary_candidates\": 531, \"retention\": 0.7890772128060264, \"use_primary\": true}\n"}
,{"stream_name":"stdout","time":1682.490419743,"data":"EDGE_TTA_ACTIVE views = 8 mean_abs_feat_delta = 0.325178\n"}
,{"stream_name":"stdout","time":1682.629821208,"data":"EDGE_TTA_ACTIVE views = 8 mean_abs_feat_delta = 0.367188\n"}
,{"stream_name":"stdout","time":1683.594926588,"data":"SECONDARY_EDGE_TTA_ACTIVE views = 8 weight = 0.75 mean_abs_feat_delta = 0.315928\n"}
,{"stream_name":"stdout","time":1683.599647671,"data":"BIOHUB_RETENTION_GUARD {\"blended_candidates\": 426, \"dataset\": \"44b6_2a2eff9f\", \"frame\": 8, \"minimum_retention\": 0.9, \"primary_candidates\": 524, \"retention\": 0.8129770992366412, \"use_primary\": true}\n"}
,{"stream_name":"stdout","time":1683.625374915,"data":"SECONDARY_EDGE_TTA_ACTIVE views = 8 weight = 0.75 mean_abs_feat_delta = 0.267969\n"}
,{"stream_name":"stdout","time":1684.817074579,"data":"EDGE_TTA_ACTIVE views = 8 mean_abs_feat_delta = 0.329767\n"}
,{"stream_name":"stdout","time":1684.844322192,"data":"EDGE_TTA_ACTIVE views = 8 mean_abs_feat_delta = 0.367144\n"}
,{"stream_name":"stdout","time":1685.804303648,"data":"SECONDARY_EDGE_TTA_ACTIVE views = 8 weight = 0.75 mean_abs_feat_delta = 0.318801\n"}
,{"stream_name":"stdout","time":1685.80832939,"data":"BIOHUB_RETENTION_GUARD {\"blended_candidates\": 432, \"dataset\": \"44b6_2a2eff9f\", \"frame\": 9, \"minimum_retention\": 0.9, \"primary_candidates\": 530, \"retention\": 0.8150943396226416, \"use_primary\": true}\n"}
,{"stream_name":"stdout","time":1685.938606762,"data":"SECONDARY_EDGE_TTA_ACTIVE views = 8 weight = 0.75 mean_abs_feat_delta = 0.266969\n"}
,{"stream_name":"stdout","time":1686.950895288,"data":"EDGE_TTA_ACTIVE views = 8 mean_abs_feat_delta = 0.36704\n"}
,{"stream_name":"stdout","time":1687.214930087,"data":"EDGE_TTA_ACTIVE views = 8 mean_abs_feat_delta = 0.326202\n"}
,{"stream_name":"stdout","time":1687.908972984,"data":"SECONDARY_EDGE_TTA_ACTIVE views = 8 weight = 0.75 mean_abs_feat_delta = 0.315955\n"}
,{"stream_name":"stdout","time":1687.913054749,"data":"BIOHUB_RETENTION_GUARD {\"blended_candidates\": 412, \"dataset\": \"44b6_2a2eff9f\", \"frame\": 10, \"minimum_retention\": 0.9, \"primary_candidates\": 516, \"retention\": 0.7984496124031008, \"use_primary\": true}\n"}
,{"stream_name":"stdout","time":1688.326436939,"data":"SECONDARY_EDGE_TTA_ACTIVE views = 8 weight = 0.75 mean_abs_feat_delta = 0.26568\n"}
,{"stream_name":"stdout","time":1689.053011856,"data":"EDGE_TTA_ACTIVE views = 8 mean_abs_feat_delta = 0.361712\n"}
,{"stream_name":"stdout","time":1689.543407141,"data":"EDGE_TTA_ACTIVE views = 8 mean_abs_feat_delta = 0.317502\n"}
,{"stream_name":"stdout","time":1690.010904784,"data":"SECONDARY_EDGE_TTA_ACTIVE views = 8 weight = 0.75 mean_abs_feat_delta = 0.314358\n"}
,{"stream_name":"stdout","time":1690.014661603,"data":"BIOHUB_RETENTION_GUARD {\"blended_candidates\": 456, \"dataset\": \"44b6_2a2eff9f\", \"frame\": 11, \"minimum_retention\": 0.9, \"primary_candidates\": 534, \"retention\": 0.8539325842696629, \"use_primary\": true}\n"}
,{"stream_name":"stdout","time":1690.645674311,"data":"SECONDARY_EDGE_TTA_ACTIVE views = 8 weight = 0.75 mean_abs_feat_delta = 0.259521\n"}
,{"stream_name":"stdout","time":1691.195877283,"data":"EDGE_TTA_ACTIVE views = 8 mean_abs_feat_delta = 0.36232\n"}
,{"stream_name":"stdout","time":1691.943664241,"data":"EDGE_TTA_ACTIVE views = 8 mean_abs_feat_delta = 0.323159\n"}
,{"stream_name":"stdout","time":1692.155018047,"data":"SECONDARY_EDGE_TTA_ACTIVE views = 8 weight = 0.75 mean_abs_feat_delta = 0.319932\n"}
,{"stream_name":"stdout","time":1692.157734147,"data":"BIOHUB_RETENTION_GUARD {\"blended_candidates\": 425, \"dataset\": \"44b6_2a2eff9f\", \"frame\": 12, \"minimum_retention\": 0.9, \"primary_candidates\": 508, \"retention\": 0.8366141732283464, \"use_primary\": true}\n"}
,{"stream_name":"stdout","time":1693.036888933,"data":"SECONDARY_EDGE_TTA_ACTIVE views = 8 weight = 0.75 mean_abs_feat_delta = 0.261188\n"}
,{"stream_name":"stdout","time":1693.334078116,"data":"EDGE_TTA_ACTIVE views = 8 mean_abs_feat_delta = 0.361858\n"}
,{"stream_name":"stdout","time":1694.267992039,"data":"EDGE_TTA_ACTIVE views = 8 mean_abs_feat_delta = 0.330965\n"}
,{"stream_name":"stdout","time":1694.286727378,"data":"SECONDARY_EDGE_TTA_ACTIVE views = 8 weight = 0.75 mean_abs_feat_delta = 0.31824\n"}
,{"stream_name":"stdout","time":1694.290743084,"data":"BIOHUB_RETENTION_GUARD {\"blended_candidates\": 407, \"dataset\": \"44b6_2a2eff9f\", \"frame\": 13, \"minimum_retention\": 0.9, \"primary_candidates\": 504, \"retention\": 0.8075396825396826, \"use_primary\": true}\n"}
,{"stream_name":"stdout","time":1695.357275199,"data":"SECONDARY_EDGE_TTA_ACTIVE views = 8 weight = 0.75 mean_abs_feat_delta = 0.263495\n"}
,{"stream_name":"stdout","time":1695.459118745,"data":"EDGE_TTA_ACTIVE views = 8 mean_abs_feat_delta = 0.358521\n"}
,{"stream_name":"stdout","time":1696.411829139,"data":"SECONDARY_EDGE_TTA_ACTIVE views = 8 weight = 0.75 mean_abs_feat_delta = 0.320361\n"}
,{"stream_name":"stdout","time":1696.415699924,"data":"BIOHUB_RETENTION_GUARD {\"blended_candidates\": 403, \"dataset\": \"44b6_2a2eff9f\", \"frame\": 14, \"minimum_retention\": 0.9, \"primary_candidates\": 499, \"retention\": 0.8076152304609219, \"use_primary\": true}\n"}
,{"stream_name":"stdout","time":1696.538533435,"data":"EDGE_TTA_ACTIVE views = 8 mean_abs_feat_delta = 0.32822\n"}
,{"stream_name":"stdout","time":1697.605145718,"data":"EDGE_TTA_ACTIVE views = 8 mean_abs_feat_delta = 0.360482\n"}
,{"stream_name":"stdout","time":1697.620330834,"data":"SECONDARY_EDGE_TTA_ACTIVE views = 8 weight = 0.75 mean_abs_feat_delta = 0.261978\n"}
,{"stream_name":"stdout","time":1697.624853196,"data":"BIOHUB_RETENTION_GUARD {\"blended_candidates\": 93, \"dataset\": \"44b6_341df25f\", \"frame\": 27, \"minimum_retention\": 0.9, \"primary_candidates\": 104, \"retention\": 0.8942307692307693, \"use_primary\": true}\n"}
,{"stream_name":"stdout","time":1698.554427729,"data":"SECONDARY_EDGE_TTA_ACTIVE views = 8 weight = 0.75 mean_abs_feat_delta = 0.322986\n"}
,{"stream_name":"stdout","time":1698.558402094,"data":"BIOHUB_RETENTION_GUARD {\"blended_candidates\": 388, \"dataset\": \"44b6_2a2eff9f\", \"frame\": 15, \"minimum_retention\": 0.9, \"primary_candidates\": 479, \"retention\": 0.8100208768267223, \"use_primary\": true}\n"}
,{"stream_name":"stdout","time":1698.817633668,"data":"EDGE_TTA_ACTIVE views = 8 mean_abs_feat_delta = 0.333586\n"}
,{"stream_name":"stdout","time":1699.712041709,"data":"EDGE_TTA_ACTIVE views = 8 mean_abs_feat_delta = 0.362679\n"}
,{"stream_name":"stdout","time":1699.894567382,"data":"SECONDARY_EDGE_TTA_ACTIVE views = 8 weight = 0.75 mean_abs_feat_delta = 0.264674\n"}
,{"stream_name":"stdout","time":1700.658530928,"data":"SECONDARY_EDGE_TTA_ACTIVE views = 8 weight = 0.75 mean_abs_feat_delta = 0.323504\n"}
,{"stream_name":"stdout","time":1700.662275074,"data":"BIOHUB_RETENTION_GUARD {\"blended_candidates\": 357, \"dataset\": \"44b6_2a2eff9f\", \"frame\": 16, \"minimum_retention\": 0.9, \"primary_candidates\": 478, \"retention\": 0.7468619246861925, \"use_primary\": true}\n"}
,{"stream_name":"stdout","time":1701.031003018,"data":"EDGE_TTA_ACTIVE views = 8 mean_abs_feat_delta = 0.335857\n"}
,{"stream_name":"stdout","time":1701.757462967,"data":"EDGE_TTA_ACTIVE views = 8 mean_abs_feat_delta = 0.361583\n"}
,{"stream_name":"stdout","time":1702.105241081,"data":"SECONDARY_EDGE_TTA_ACTIVE views = 8 weight = 0.75 mean_abs_feat_delta = 0.266123\n"}
,{"stream_name":"stdout","time":1702.706254192,"data":"SECONDARY_EDGE_TTA_ACTIVE views = 8 weight = 0.75 mean_abs_feat_delta = 0.321225\n"}
,{"stream_name":"stdout","time":1702.710025646,"data":"BIOHUB_RETENTION_GUARD {\"blended_candidates\": 328, \"dataset\": \"44b6_2a2eff9f\", \"frame\": 17, \"minimum_retention\": 0.9, \"primary_candidates\": 458, \"retention\": 0.7161572052401747, \"use_primary\": true}\n"}
,{"stream_name":"stdout","time":1703.285241639,"data":"EDGE_TTA_ACTIVE views = 8 mean_abs_feat_delta = 0.332258\n"}
,{"stream_name":"stdout","time":1703.798823711,"data":"EDGE_TTA_ACTIVE views = 8 mean_abs_feat_delta = 0.359303\n"}
,{"stream_name":"stdout","time":1704.349981341,"data":"SECONDARY_EDGE_TTA_ACTIVE views = 8 weight = 0.75 mean_abs_feat_delta = 0.26614\n"}
,{"stream_name":"stdout","time":1704.746525097,"data":"SECONDARY_EDGE_TTA_ACTIVE views = 8 weight = 0.75 mean_abs_feat_delta = 0.322611\n"}
,{"stream_name":"stdout","time":1704.750538322,"data":"BIOHUB_RETENTION_GUARD {\"blended_candidates\": 408, \"dataset\": \"44b6_2a2eff9f\", \"frame\": 18, \"minimum_retention\": 0.9, \"primary_candidates\": 486, \"retention\": 0.8395061728395061, \"use_primary\": true}\n"}
,{"stream_name":"stdout","time":1705.535754726,"data":"EDGE_TTA_ACTIVE views = 8 mean_abs_feat_delta = 0.331192\n"}
,{"stream_name":"stdout","time":1705.882182747,"data":"EDGE_TTA_ACTIVE views = 8 mean_abs_feat_delta = 0.357931\n"}
,{"stream_name":"stdout","time":1706.602638023,"data":"SECONDARY_EDGE_TTA_ACTIVE views = 8 weight = 0.75 mean_abs_feat_delta = 0.263399\n"}
,{"stream_name":"stdout","time":1706.825423839,"data":"SECONDARY_EDGE_TTA_ACTIVE views = 8 weight = 0.75 mean_abs_feat_delta = 0.327667\n"}
,{"stream_name":"stdout","time":1706.829220571,"data":"BIOHUB_RETENTION_GUARD {\"blended_candidates\": 382, \"dataset\": \"44b6_2a2eff9f\", \"frame\": 19, \"minimum_retention\": 0.9, \"primary_candidates\": 474, \"retention\": 0.8059071729957806, \"use_primary\": true}\n"}
,{"stream_name":"stdout","time":1707.873663551,"data":"EDGE_TTA_ACTIVE views = 8 mean_abs_feat_delta = 0.331813\n"}
,{"stream_name":"stdout","time":1707.946942525,"data":"EDGE_TTA_ACTIVE views = 8 mean_abs_feat_delta = 0.35399\n"}
,{"stream_name":"stdout","time":1708.843536879,"data":"SECONDARY_EDGE_TTA_ACTIVE views = 8 weight = 0.75 mean_abs_feat_delta = 0.258884\n"}
,{"stream_name":"stdout","time":1708.892249531,"data":"SECONDARY_EDGE_TTA_ACTIVE views = 8 weight = 0.75 mean_abs_feat_delta = 0.323004\n"}
,{"stream_name":"stdout","time":1708.896507906,"data":"BIOHUB_RETENTION_GUARD {\"blended_candidates\": 404, \"dataset\": \"44b6_2a2eff9f\", \"frame\": 20, \"minimum_retention\": 0.9, \"primary_candidates\": 504, \"retention\": 0.8015873015873016, \"use_primary\": true}\n"}
,{"stream_name":"stdout","time":1709.972856207,"data":"EDGE_TTA_ACTIVE views = 8 mean_abs_feat_delta = 0.327911\n"}
,{"stream_name":"stdout","time":1710.02024394,"data":"EDGE_TTA_ACTIVE views = 8 mean_abs_feat_delta = 0.354644\n"}
,{"stream_name":"stdout","time":1710.96175225,"data":"SECONDARY_EDGE_TTA_ACTIVE views = 8 weight = 0.75 mean_abs_feat_delta = 0.323896\n"}
,{"stream_name":"stdout","time":1710.965973557,"data":"BIOHUB_RETENTION_GUARD {\"blended_candidates\": 413, \"dataset\": \"44b6_2a2eff9f\", \"frame\": 21, \"minimum_retention\": 0.9, \"primary_candidates\": 491, \"retention\": 0.8411405295315683, \"use_primary\": true}\n"}
,{"stream_name":"stdout","time":1711.036077201,"data":"SECONDARY_EDGE_TTA_ACTIVE views = 8 weight = 0.75 mean_abs_feat_delta = 0.259992\n"}
,{"stream_name":"stdout","time":1712.134579111,"data":"EDGE_TTA_ACTIVE views = 8 mean_abs_feat_delta = 0.354923\n"}
,{"stream_name":"stdout","time":1712.165706875,"data":"EDGE_TTA_ACTIVE views = 8 mean_abs_feat_delta = 0.330714\n"}
,{"stream_name":"stdout","time":1713.079924813,"data":"SECONDARY_EDGE_TTA_ACTIVE views = 8 weight = 0.75 mean_abs_feat_delta = 0.316583\n"}
,{"stream_name":"stdout","time":1713.083896406,"data":"BIOHUB_RETENTION_GUARD {\"blended_candidates\": 362, \"dataset\": \"44b6_2a2eff9f\", \"frame\": 22, \"minimum_retention\": 0.9, \"primary_candidates\": 470, \"retention\": 0.7702127659574468, \"use_primary\": true}\n"}
,{"stream_name":"stdout","time":1713.223877319,"data":"SECONDARY_EDGE_TTA_ACTIVE views = 8 weight = 0.75 mean_abs_feat_delta = 0.261061\n"}
,{"stream_name":"stdout","time":1714.277777363,"data":"EDGE_TTA_ACTIVE views = 8 mean_abs_feat_delta = 0.354804\n"}
,{"stream_name":"stdout","time":1714.382693714,"data":"EDGE_TTA_ACTIVE views = 8 mean_abs_feat_delta = 0.32934\n"}
,{"stream_name":"stdout","time":1715.221036223,"data":"SECONDARY_EDGE_TTA_ACTIVE views = 8 weight = 0.75 mean_abs_feat_delta = 0.316862\n"}
,{"stream_name":"stdout","time":1715.22516342,"data":"BIOHUB_RETENTION_GUARD {\"blended_candidates\": 377, \"dataset\": \"44b6_2a2eff9f\", \"frame\": 23, \"minimum_retention\": 0.9, \"primary_candidates\": 467, \"retention\": 0.8072805139186295, \"use_primary\": true}\n"}
,{"stream_name":"stdout","time":1715.444903158,"data":"SECONDARY_EDGE_TTA_ACTIVE views = 8 weight = 0.75 mean_abs_feat_delta = 0.260977\n"}
,{"stream_name":"stdout","time":1716.370670875,"data":"EDGE_TTA_ACTIVE views = 8 mean_abs_feat_delta = 0.354254\n"}
,{"stream_name":"stdout","time":1716.561282094,"data":"EDGE_TTA_ACTIVE views = 8 mean_abs_feat_delta = 0.333566\n"}
,{"stream_name":"stdout","time":1717.318673487,"data":"SECONDARY_EDGE_TTA_ACTIVE views = 8 weight = 0.75 mean_abs_feat_delta = 0.326296\n"}
,{"stream_name":"stdout","time":1717.32245254,"data":"BIOHUB_RETENTION_GUARD {\"blended_candidates\": 378, \"dataset\": \"44b6_2a2eff9f\", \"frame\": 24, \"minimum_retention\": 0.9, \"primary_candidates\": 467, \"retention\": 0.8094218415417559, \"use_primary\": true}\n"}
,{"stream_name":"stdout","time":1717.62714446,"data":"SECONDARY_EDGE_TTA_ACTIVE views = 8 weight = 0.75 mean_abs_feat_delta = 0.25823\n"}
,{"stream_name":"stdout","time":1718.417325602,"data":"EDGE_TTA_ACTIVE views = 8 mean_abs_feat_delta = 0.361493\n"}
,{"stream_name":"stdout","time":1718.748642105,"data":"EDGE_TTA_ACTIVE views = 8 mean_abs_feat_delta = 0.336507\n"}
,{"stream_name":"stdout","time":1719.360702859,"data":"SECONDARY_EDGE_TTA_ACTIVE views = 8 weight = 0.75 mean_abs_feat_delta = 0.325891\n"}
,{"stream_name":"stdout","time":1719.364571104,"data":"BIOHUB_RETENTION_GUARD {\"blended_candidates\": 363, \"dataset\": \"44b6_2a2eff9f\", \"frame\": 25, \"minimum_retention\": 0.9, \"primary_candidates\": 449, \"retention\": 0.8084632516703786, \"use_primary\": true}\n"}
,{"stream_name":"stdout","time":1719.816498892,"data":"SECONDARY_EDGE_TTA_ACTIVE views = 8 weight = 0.75 mean_abs_feat_delta = 0.25435\n"}
,{"stream_name":"stdout","time":1720.538251631,"data":"EDGE_TTA_ACTIVE views = 8 mean_abs_feat_delta = 0.367501\n"}
,{"stream_name":"stdout","time":1720.936536475,"data":"EDGE_TTA_ACTIVE views = 8 mean_abs_feat_delta = 0.3358\n"}
,{"stream_name":"stdout","time":1721.485465468,"data":"SECONDARY_EDGE_TTA_ACTIVE views = 8 weight = 0.75 mean_abs_feat_delta = 0.322369\n"}
,{"stream_name":"stdout","time":1721.489317126,"data":"BIOHUB_RETENTION_GUARD {\"blended_candidates\": 348, \"dataset\": \"44b6_2a2eff9f\", \"frame\": 26, \"minimum_retention\": 0.9, \"primary_candidates\": 438, \"retention\": 0.7945205479452054, \"use_primary\": true}\n"}
,{"stream_name":"stdout","time":1722.009135729,"data":"SECONDARY_EDGE_TTA_ACTIVE views = 8 weight = 0.75 mean_abs_feat_delta = 0.256804\n"}
,{"stream_name":"stdout","time":1722.596923735,"data":"EDGE_TTA_ACTIVE views = 8 mean_abs_feat_delta = 0.364694\n"}
,{"stream_name":"stdout","time":1723.205431974,"data":"EDGE_TTA_ACTIVE views = 8 mean_abs_feat_delta = 0.32024\n"}
,{"stream_name":"stdout","time":1723.546342144,"data":"SECONDARY_EDGE_TTA_ACTIVE views = 8 weight = 0.75 mean_abs_feat_delta = 0.322571\n"}
,{"stream_name":"stdout","time":1723.550339616,"data":"BIOHUB_RETENTION_GUARD {\"blended_candidates\": 357, \"dataset\": \"44b6_2a2eff9f\", \"frame\": 27, \"minimum_retention\": 0.9, \"primary_candidates\": 475, \"retention\": 0.751578947368421, \"use_primary\": true}\n"}
,{"stream_name":"stdout","time":1724.274732746,"data":"SECONDARY_EDGE_TTA_ACTIVE views = 8 weight = 0.75 mean_abs_feat_delta = 0.264014\n"}
,{"stream_name":"stdout","time":1724.670002437,"data":"EDGE_TTA_ACTIVE views = 8 mean_abs_feat_delta = 0.36466\n"}
,{"stream_name":"stdout","time":1725.460837698,"data":"EDGE_TTA_ACTIVE views = 8 mean_abs_feat_delta = 0.325944\n"}
,{"stream_name":"stdout","time":1725.619327571,"data":"SECONDARY_EDGE_TTA_ACTIVE views = 8 weight = 0.75 mean_abs_feat_delta = 0.321971\n"}
,{"stream_name":"stdout","time":1725.622871248,"data":"BIOHUB_RETENTION_GUARD {\"blended_candidates\": 349, \"dataset\": \"44b6_2a2eff9f\", \"frame\": 28, \"minimum_retention\": 0.9, \"primary_candidates\": 461, \"retention\": 0.7570498915401301, \"use_primary\": true}\n"}
,{"stream_name":"stdout","time":1726.534623895,"data":"SECONDARY_EDGE_TTA_ACTIVE views = 8 weight = 0.75 mean_abs_feat_delta = 0.261728\n"}
,{"stream_name":"stdout","time":1726.81782575,"data":"EDGE_TTA_ACTIVE views = 8 mean_abs_feat_delta = 0.364232\n"}
,{"stream_name":"stdout","time":1727.72571821,"data":"EDGE_TTA_ACTIVE views = 8 mean_abs_feat_delta = 0.328686\n"}
,{"stream_name":"stdout","time":1727.771877127,"data":"SECONDARY_EDGE_TTA_ACTIVE views = 8 weight = 0.75 mean_abs_feat_delta = 0.323261\n"}
,{"stream_name":"stdout","time":1727.776150001,"data":"BIOHUB_RETENTION_GUARD {\"blended_candidates\": 352, \"dataset\": \"44b6_2a2eff9f\", \"frame\": 29, \"minimum_retention\": 0.9, \"primary_candidates\": 467, \"retention\": 0.7537473233404711, \"use_primary\": true}\n"}
,{"stream_name":"stdout","time":1728.799212947,"data":"SECONDARY_EDGE_TTA_ACTIVE views = 8 weight = 0.75 mean_abs_feat_delta = 0.257823\n"}
,{"stream_name":"stdout","time":1728.936378382,"data":"EDGE_TTA_ACTIVE views = 8 mean_abs_feat_delta = 0.369005\n"}
,{"stream_name":"stdout","time":1729.887001879,"data":"SECONDARY_EDGE_TTA_ACTIVE views = 8 weight = 0.75 mean_abs_feat_delta = 0.325997\n"}
,{"stream_name":"stdout","time":1729.891320291,"data":"BIOHUB_RETENTION_GUARD {\"blended_candidates\": 342, \"dataset\": \"44b6_2a2eff9f\", \"frame\": 30, \"minimum_retention\": 0.9, \"primary_candidates\": 460, \"retention\": 0.7434782608695653, \"use_primary\": true}\n"}
,{"stream_name":"stdout","time":1730.006435013,"data":"EDGE_TTA_ACTIVE views = 8 mean_abs_feat_delta = 0.327204\n"}
,{"stream_name":"stdout","time":1731.087875184,"data":"SECONDARY_EDGE_TTA_ACTIVE views = 8 weight = 0.75 mean_abs_feat_delta = 0.260305\n"}
,{"stream_name":"stdout","time":1731.097641117,"data":"EDGE_TTA_ACTIVE views = 8 mean_abs_feat_delta = 0.371568\n"}
,{"stream_name":"stdout","time":1732.053841998,"data":"SECONDARY_EDGE_TTA_ACTIVE views = 8 weight = 0.75 mean_abs_feat_delta = 0.322858\n"}
,{"stream_name":"stdout","time":1732.057844273,"data":"BIOHUB_RETENTION_GUARD {\"blended_candidates\": 360, \"dataset\": \"44b6_2a2eff9f\", \"frame\": 31, \"minimum_retention\": 0.9, \"primary_candidates\": 457, \"retention\": 0.787746170678337, \"use_primary\": true}\n"}
,{"stream_name":"stdout","time":1732.308829976,"data":"EDGE_TTA_ACTIVE views = 8 mean_abs_feat_delta = 0.333242\n"}
,{"stream_name":"stdout","time":1733.309479414,"data":"EDGE_TTA_ACTIVE views = 8 mean_abs_feat_delta = 0.373964\n"}
,{"stream_name":"stdout","time":1733.393297371,"data":"SECONDARY_EDGE_TTA_ACTIVE views = 8 weight = 0.75 mean_abs_feat_delta = 0.258707\n"}
,{"stream_name":"stdout","time":1734.27003178,"data":"SECONDARY_EDGE_TTA_ACTIVE views = 8 weight = 0.75 mean_abs_feat_delta = 0.322245\n"}
,{"stream_name":"stdout","time":1734.274155941,"data":"BIOHUB_RETENTION_GUARD {\"blended_candidates\": 361, \"dataset\": \"44b6_2a2eff9f\", \"frame\": 32, \"minimum_retention\": 0.9, \"primary_candidates\": 461, \"retention\": 0.7830802603036876, \"use_primary\": true}\n"}
,{"stream_name":"stdout","time":1734.568701343,"data":"EDGE_TTA_ACTIVE views = 8 mean_abs_feat_delta = 0.335356\n"}
,{"stream_name":"stdout","time":1735.436810234,"data":"EDGE_TTA_ACTIVE views = 8 mean_abs_feat_delta = 0.375985\n"}
,{"stream_name":"stdout","time":1735.651236586,"data":"SECONDARY_EDGE_TTA_ACTIVE views = 8 weight = 0.75 mean_abs_feat_delta = 0.258868\n"}
,{"stream_name":"stdout","time":1736.396801778,"data":"SECONDARY_EDGE_TTA_ACTIVE views = 8 weight = 0.75 mean_abs_feat_delta = 0.323643\n"}
,{"stream_name":"stdout","time":1736.40089624,"data":"BIOHUB_RETENTION_GUARD {\"blended_candidates\": 336, \"dataset\": \"44b6_2a2eff9f\", \"frame\": 33, \"minimum_retention\": 0.9, \"primary_candidates\": 455, \"retention\": 0.7384615384615385, \"use_primary\": true}\n"}
,{"stream_name":"stdout","time":1736.859000427,"data":"EDGE_TTA_ACTIVE views = 8 mean_abs_feat_delta = 0.333142\n"}
,{"stream_name":"stdout","time":1737.536382242,"data":"EDGE_TTA_ACTIVE views = 8 mean_abs_feat_delta = 0.370885\n"}
,{"stream_name":"stdout","time":1738.036294203,"data":"SECONDARY_EDGE_TTA_ACTIVE views = 8 weight = 0.75 mean_abs_feat_delta = 0.257552\n"}
,{"stream_name":"stdout","time":1738.494507694,"data":"SECONDARY_EDGE_TTA_ACTIVE views = 8 weight = 0.75 mean_abs_feat_delta = 0.325514\n"}
,{"stream_name":"stdout","time":1738.498948559,"data":"BIOHUB_RETENTION_GUARD {\"blended_candidates\": 344, \"dataset\": \"44b6_2a2eff9f\", \"frame\": 34, \"minimum_retention\": 0.9, \"primary_candidates\": 470, \"retention\": 0.7319148936170212, \"use_primary\": true}\n"}
,{"stream_name":"stdout","time":1739.128378348,"data":"EDGE_TTA_ACTIVE views = 8 mean_abs_feat_delta = 0.328461\n"}
,{"stream_name":"stdout","time":1739.683375197,"data":"EDGE_TTA_ACTIVE views = 8 mean_abs_feat_delta = 0.36672\n"}
,{"stream_name":"stdout","time":1740.222722355,"data":"SECONDARY_EDGE_TTA_ACTIVE views = 8 weight = 0.75 mean_abs_feat_delta = 0.260048\n"}
,{"stream_name":"stdout","time":1740.641359051,"data":"SECONDARY_EDGE_TTA_ACTIVE views = 8 weight = 0.75 mean_abs_feat_delta = 0.32951\n"}
,{"stream_name":"stdout","time":1740.64516882,"data":"BIOHUB_RETENTION_GUARD {\"blended_candidates\": 339, \"dataset\": \"44b6_2a2eff9f\", \"frame\": 35, \"minimum_retention\": 0.9, \"primary_candidates\": 461, \"retention\": 0.735357917570499, \"use_primary\": true}\n"}
,{"stream_name":"stdout","time":1741.467887607,"data":"EDGE_TTA_ACTIVE views = 8 mean_abs_feat_delta = 0.328834\n"}
,{"stream_name":"stdout","time":1741.806816676,"data":"EDGE_TTA_ACTIVE views = 8 mean_abs_feat_delta = 0.364845\n"}
,{"stream_name":"stdout","time":1742.56860455,"data":"SECONDARY_EDGE_TTA_ACTIVE views = 8 weight = 0.75 mean_abs_feat_delta = 0.25594\n"}
,{"stream_name":"stdout","time":1742.768953656,"data":"SECONDARY_EDGE_TTA_ACTIVE views = 8 weight = 0.75 mean_abs_feat_delta = 0.33226\n"}
,{"stream_name":"stdout","time":1742.772916578,"data":"BIOHUB_RETENTION_GUARD {\"blended_candidates\": 344, \"dataset\": \"44b6_2a2eff9f\", \"frame\": 36, \"minimum_retention\": 0.9, \"primary_candidates\": 451, \"retention\": 0.7627494456762749, \"use_primary\": true}\n"}
,{"stream_name":"stdout","time":1743.730691588,"data":"EDGE_TTA_ACTIVE views = 8 mean_abs_feat_delta = 0.33524\n"}
,{"stream_name":"stdout","time":1743.937247338,"data":"EDGE_TTA_ACTIVE views = 8 mean_abs_feat_delta = 0.365471\n"}
,{"stream_name":"stdout","time":1744.830943876,"data":"SECONDARY_EDGE_TTA_ACTIVE views = 8 weight = 0.75 mean_abs_feat_delta = 0.255182\n"}
,{"stream_name":"stdout","time":1744.895780442,"data":"SECONDARY_EDGE_TTA_ACTIVE views = 8 weight = 0.75 mean_abs_feat_delta = 0.334845\n"}
,{"stream_name":"stdout","time":1744.899805267,"data":"BIOHUB_RETENTION_GUARD {\"blended_candidates\": 329, \"dataset\": \"44b6_2a2eff9f\", \"frame\": 37, \"minimum_retention\": 0.9, \"primary_candidates\": 430, \"retention\": 0.7651162790697674, \"use_primary\": true}\n"}
,{"stream_name":"stdout","time":1746.080024152,"data":"EDGE_TTA_ACTIVE views = 8 mean_abs_feat_delta = 0.330644\n"}
,{"stream_name":"stdout","time":1746.090303251,"data":"EDGE_TTA_ACTIVE views = 8 mean_abs_feat_delta = 0.367895\n"}
,{"stream_name":"stdout","time":1747.062749286,"data":"SECONDARY_EDGE_TTA_ACTIVE views = 8 weight = 0.75 mean_abs_feat_delta = 0.338455\n"}
,{"stream_name":"stdout","time":1747.066873688,"data":"BIOHUB_RETENTION_GUARD {\"blended_candidates\": 321, \"dataset\": \"44b6_2a2eff9f\", \"frame\": 38, \"minimum_retention\": 0.9, \"primary_candidates\": 432, \"retention\": 0.7430555555555556, \"use_primary\": true}\n"}
,{"stream_name":"stdout","time":1747.181247897,"data":"SECONDARY_EDGE_TTA_ACTIVE views = 8 weight = 0.75 mean_abs_feat_delta = 0.255678\n"}
,{"stream_name":"stdout","time":1748.25595633,"data":"EDGE_TTA_ACTIVE views = 8 mean_abs_feat_delta = 0.369509\n"}
,{"stream_name":"stdout","time":1748.40111806,"data":"EDGE_TTA_ACTIVE views = 8 mean_abs_feat_delta = 0.329724\n"}
,{"stream_name":"stdout","time":1749.231063487,"data":"SECONDARY_EDGE_TTA_ACTIVE views = 8 weight = 0.75 mean_abs_feat_delta = 0.343458\n"}
,{"stream_name":"stdout","time":1749.235068197,"data":"BIOHUB_RETENTION_GUARD {\"blended_candidates\": 347, \"dataset\": \"44b6_2a2eff9f\", \"frame\": 39, \"minimum_retention\": 0.9, \"primary_candidates\": 430, \"retention\": 0.8069767441860465, \"use_primary\": true}\n"}
,{"stream_name":"stdout","time":1749.509463541,"data":"SECONDARY_EDGE_TTA_ACTIVE views = 8 weight = 0.75 mean_abs_feat_delta = 0.25659\n"}
,{"stream_name":"stdout","time":1750.402038086,"data":"EDGE_TTA_ACTIVE views = 8 mean_abs_feat_delta = 0.369407\n"}
,{"stream_name":"stdout","time":1750.76690138,"data":"EDGE_TTA_ACTIVE views = 8 mean_abs_feat_delta = 0.328509\n"}
,{"stream_name":"stdout","time":1751.374420079,"data":"SECONDARY_EDGE_TTA_ACTIVE views = 8 weight = 0.75 mean_abs_feat_delta = 0.339895\n"}
,{"stream_name":"stdout","time":1751.37842981,"data":"BIOHUB_RETENTION_GUARD {\"blended_candidates\": 338, \"dataset\": \"44b6_2a2eff9f\", \"frame\": 40, \"minimum_retention\": 0.9, \"primary_candidates\": 423, \"retention\": 0.7990543735224587, \"use_primary\": true}\n"}
,{"stream_name":"stdout","time":1751.877069669,"data":"SECONDARY_EDGE_TTA_ACTIVE views = 8 weight = 0.75 mean_abs_feat_delta = 0.261519\n"}
,{"stream_name":"stdout","time":1752.46950676,"data":"EDGE_TTA_ACTIVE views = 8 mean_abs_feat_delta = 0.366559\n"}
,{"stream_name":"stdout","time":1753.079367062,"data":"EDGE_TTA_ACTIVE views = 8 mean_abs_feat_delta = 0.328824\n"}
,{"stream_name":"stdout","time":1753.440493877,"data":"SECONDARY_EDGE_TTA_ACTIVE views = 8 weight = 0.75 mean_abs_feat_delta = 0.336794\n"}
,{"stream_name":"stdout","time":1753.444450724,"data":"BIOHUB_RETENTION_GUARD {\"blended_candidates\": 356, \"dataset\": \"44b6_2a2eff9f\", \"frame\": 41, \"minimum_retention\": 0.9, \"primary_candidates\": 439, \"retention\": 0.8109339407744874, \"use_primary\": true}\n"}
,{"stream_name":"stdout","time":1754.192620918,"data":"SECONDARY_EDGE_TTA_ACTIVE views = 8 weight = 0.75 mean_abs_feat_delta = 0.261581\n"}
,{"stream_name":"stdout","time":1754.633480067,"data":"EDGE_TTA_ACTIVE views = 8 mean_abs_feat_delta = 0.365076\n"}
,{"stream_name":"stdout","time":1755.434096769,"data":"EDGE_TTA_ACTIVE views = 8 mean_abs_feat_delta = 0.333453\n"}
,{"stream_name":"stdout","time":1755.605323354,"data":"SECONDARY_EDGE_TTA_ACTIVE views = 8 weight = 0.75 mean_abs_feat_delta = 0.337964\n"}
,{"stream_name":"stdout","time":1755.609563229,"data":"BIOHUB_RETENTION_GUARD {\"blended_candidates\": 348, \"dataset\": \"44b6_2a2eff9f\", \"frame\": 42, \"minimum_retention\": 0.9, \"primary_candidates\": 424, \"retention\": 0.8207547169811321, \"use_primary\": true}\n"}
,{"stream_name":"stdout","time":1756.54749831,"data":"SECONDARY_EDGE_TTA_ACTIVE views = 8 weight = 0.75 mean_abs_feat_delta = 0.257374\n"}
,{"stream_name":"stdout","time":1756.773965578,"data":"EDGE_TTA_ACTIVE views = 8 mean_abs_feat_delta = 0.363489\n"}
,{"stream_name":"stdout","time":1757.746525445,"data":"SECONDARY_EDGE_TTA_ACTIVE views = 8 weight = 0.75 mean_abs_feat_delta = 0.335927\n"}
,{"stream_name":"stdout","time":1757.750524369,"data":"BIOHUB_RETENTION_GUARD {\"blended_candidates\": 325, \"dataset\": \"44b6_2a2eff9f\", \"frame\": 43, \"minimum_retention\": 0.9, \"primary_candidates\": 418, \"retention\": 0.777511961722488, \"use_primary\": true}\n"}
,{"stream_name":"stdout","time":1757.790816385,"data":"EDGE_TTA_ACTIVE views = 8 mean_abs_feat_delta = 0.33049\n"}
,{"stream_name":"stdout","time":1758.906653209,"data":"SECONDARY_EDGE_TTA_ACTIVE views = 8 weight = 0.75 mean_abs_feat_delta = 0.256553\n"}
,{"stream_name":"stdout","time":1758.931883999,"data":"EDGE_TTA_ACTIVE views = 8 mean_abs_feat_delta = 0.365601\n"}
,{"stream_name":"stdout","time":1759.902280096,"data":"SECONDARY_EDGE_TTA_ACTIVE views = 8 weight = 0.75 mean_abs_feat_delta = 0.333679\n"}
,{"stream_name":"stdout","time":1759.905891284,"data":"BIOHUB_RETENTION_GUARD {\"blended_candidates\": 329, \"dataset\": \"44b6_2a2eff9f\", \"frame\": 44, \"minimum_retention\": 0.9, \"primary_candidates\": 441, \"retention\": 0.746031746031746, \"use_primary\": true}\n"}
,{"stream_name":"stdout","time":1760.107228362,"data":"EDGE_TTA_ACTIVE views = 8 mean_abs_feat_delta = 0.330532\n"}
,{"stream_name":"stdout","time":1761.076826082,"data":"EDGE_TTA_ACTIVE views = 8 mean_abs_feat_delta = 0.366265\n"}
,{"stream_name":"stdout","time":1761.223818436,"data":"SECONDARY_EDGE_TTA_ACTIVE views = 8 weight = 0.75 mean_abs_feat_delta = 0.254743\n"}
,{"stream_name":"stdout","time":1762.050372815,"data":"SECONDARY_EDGE_TTA_ACTIVE views = 8 weight = 0.75 mean_abs_feat_delta = 0.336494\n"}
,{"stream_name":"stdout","time":1762.053539935,"data":"BIOHUB_RETENTION_GUARD {\"blended_candidates\": 318, \"dataset\": \"44b6_2a2eff9f\", \"frame\": 45, \"minimum_retention\": 0.9, \"primary_candidates\": 424, \"retention\": 0.75, \"use_primary\": true}\n"}
,{"stream_name":"stdout","time":1762.435171248,"data":"EDGE_TTA_ACTIVE views = 8 mean_abs_feat_delta = 0.336898\n"}
,{"stream_name":"stdout","time":1763.244070107,"data":"EDGE_TTA_ACTIVE views = 8 mean_abs_feat_delta = 0.362606\n"}
,{"stream_name":"stdout","time":1763.550134968,"data":"SECONDARY_EDGE_TTA_ACTIVE views = 8 weight = 0.75 mean_abs_feat_delta = 0.25812\n"}
,{"stream_name":"stdout","time":1764.216309143,"data":"SECONDARY_EDGE_TTA_ACTIVE views = 8 weight = 0.75 mean_abs_feat_delta = 0.332437\n"}
,{"stream_name":"stdout","time":1764.220045932,"data":"BIOHUB_RETENTION_GUARD {\"blended_candidates\": 329, \"dataset\": \"44b6_2a2eff9f\", \"frame\": 46, \"minimum_retention\": 0.9, \"primary_candidates\": 435, \"retention\": 0.7563218390804598, \"use_primary\": true}\n"}
,{"stream_name":"stdout","time":1764.808768228,"data":"EDGE_TTA_ACTIVE views = 8 mean_abs_feat_delta = 0.339093\n"}
,{"stream_name":"stdout","time":1765.4507718,"data":"EDGE_TTA_ACTIVE views = 8 mean_abs_feat_delta = 0.353238\n"}
,{"stream_name":"stdout","time":1765.921838867,"data":"SECONDARY_EDGE_TTA_ACTIVE views = 8 weight = 0.75 mean_abs_feat_delta = 0.258084\n"}
,{"stream_name":"stdout","time":1766.426784249,"data":"SECONDARY_EDGE_TTA_ACTIVE views = 8 weight = 0.75 mean_abs_feat_delta = 0.319389\n"}
,{"stream_name":"stdout","time":1766.43085066,"data":"BIOHUB_RETENTION_GUARD {\"blended_candidates\": 410, \"dataset\": \"44b6_2a2eff9f\", \"frame\": 47, \"minimum_retention\": 0.9, \"primary_candidates\": 487, \"retention\": 0.8418891170431212, \"use_primary\": true}\n"}
,{"stream_name":"stdout","time":1767.12224989,"data":"EDGE_TTA_ACTIVE views = 8 mean_abs_feat_delta = 0.334928\n"}
,{"stream_name":"stdout","time":1767.635315579,"data":"EDGE_TTA_ACTIVE views = 8 mean_abs_feat_delta = 0.360268\n"}
,{"stream_name":"stdout","time":1768.3307456,"data":"SECONDARY_EDGE_TTA_ACTIVE views = 8 weight = 0.75 mean_abs_feat_delta = 0.253733\n"}
,{"stream_name":"stdout","time":1768.607903039,"data":"SECONDARY_EDGE_TTA_ACTIVE views = 8 weight = 0.75 mean_abs_feat_delta = 0.328147\n"}
,{"stream_name":"stdout","time":1768.611744039,"data":"BIOHUB_RETENTION_GUARD {\"blended_candidates\": 294, \"dataset\": \"44b6_2a2eff9f\", \"frame\": 48, \"minimum_retention\": 0.9, \"primary_candidates\": 419, \"retention\": 0.7016706443914081, \"use_primary\": true}\n"}
,{"stream_name":"stdout","time":1769.460885772,"data":"EDGE_TTA_ACTIVE views = 8 mean_abs_feat_delta = 0.334762\n"}
,{"stream_name":"stdout","time":1769.752598169,"data":"EDGE_TTA_ACTIVE views = 8 mean_abs_feat_delta = 0.366748\n"}
,{"stream_name":"stdout","time":1770.574141511,"data":"SECONDARY_EDGE_TTA_ACTIVE views = 8 weight = 0.75 mean_abs_feat_delta = 0.257496\n"}
,{"stream_name":"stdout","time":1770.725608145,"data":"SECONDARY_EDGE_TTA_ACTIVE views = 8 weight = 0.75 mean_abs_feat_delta = 0.329076\n"}
,{"stream_name":"stdout","time":1770.729459805,"data":"BIOHUB_RETENTION_GUARD {\"blended_candidates\": 266, \"dataset\": \"44b6_2a2eff9f\", \"frame\": 49, \"minimum_retention\": 0.9, \"primary_candidates\": 410, \"retention\": 0.6487804878048781, \"use_primary\": true}\n"}
,{"stream_name":"stdout","time":1771.776255366,"data":"EDGE_TTA_ACTIVE views = 8 mean_abs_feat_delta = 0.343229\n"}
,{"stream_name":"stdout","time":1771.912973261,"data":"EDGE_TTA_ACTIVE views = 8 mean_abs_feat_delta = 0.370945\n"}
,{"stream_name":"stdout","time":1772.887838881,"data":"SECONDARY_EDGE_TTA_ACTIVE views = 8 weight = 0.75 mean_abs_feat_delta = 0.258866\n"}
,{"stream_name":"stdout","time":1772.890071935,"data":"SECONDARY_EDGE_TTA_ACTIVE views = 8 weight = 0.75 mean_abs_feat_delta = 0.334363\n"}
,{"stream_name":"stdout","time":1772.8940341,"data":"BIOHUB_RETENTION_GUARD {\"blended_candidates\": 264, \"dataset\": \"44b6_2a2eff9f\", \"frame\": 50, \"minimum_retention\": 0.9, \"primary_candidates\": 409, \"retention\": 0.6454767726161369, \"use_primary\": true}\n"}
,{"stream_name":"stdout","time":1774.04945369,"data":"EDGE_TTA_ACTIVE views = 8 mean_abs_feat_delta = 0.366217\n"}
,{"stream_name":"stdout","time":1774.086739705,"data":"EDGE_TTA_ACTIVE views = 8 mean_abs_feat_delta = 0.34071\n"}
,{"stream_name":"stdout","time":1775.021819381,"data":"SECONDARY_EDGE_TTA_ACTIVE views = 8 weight = 0.75 mean_abs_feat_delta = 0.33668\n"}
,{"stream_name":"stdout","time":1775.025560554,"data":"BIOHUB_RETENTION_GUARD {\"blended_candidates\": 284, \"dataset\": \"44b6_2a2eff9f\", \"frame\": 51, \"minimum_retention\": 0.9, \"primary_candidates\": 407, \"retention\": 0.6977886977886978, \"use_primary\": true}\n"}
,{"stream_name":"stdout","time":1775.201526042,"data":"SECONDARY_EDGE_TTA_ACTIVE views = 8 weight = 0.75 mean_abs_feat_delta = 0.256585\n"}
,{"stream_name":"stdout","time":1776.178688226,"data":"EDGE_TTA_ACTIVE views = 8 mean_abs_feat_delta = 0.362563\n"}
,{"stream_name":"stdout","time":1776.457602894,"data":"EDGE_TTA_ACTIVE views = 8 mean_abs_feat_delta = 0.337284\n"}
,{"stream_name":"stdout","time":1777.155254139,"data":"SECONDARY_EDGE_TTA_ACTIVE views = 8 weight = 0.75 mean_abs_feat_delta = 0.331129\n"}
,{"stream_name":"stdout","time":1777.159101892,"data":"BIOHUB_RETENTION_GUARD {\"blended_candidates\": 269, \"dataset\": \"44b6_2a2eff9f\", \"frame\": 52, \"minimum_retention\": 0.9, \"primary_candidates\": 406, \"retention\": 0.6625615763546798, \"use_primary\": true}\n"}
,{"stream_name":"stdout","time":1777.568782829,"data":"SECONDARY_EDGE_TTA_ACTIVE views = 8 weight = 0.75 mean_abs_feat_delta = 0.255835\n"}
,{"stream_name":"stdout","time":1778.345708381,"data":"EDGE_TTA_ACTIVE views = 8 mean_abs_feat_delta = 0.366037\n"}
,{"stream_name":"stdout","time":1778.793159535,"data":"EDGE_TTA_ACTIVE views = 8 mean_abs_feat_delta = 0.340637\n"}
,{"stream_name":"stdout","time":1779.322144745,"data":"SECONDARY_EDGE_TTA_ACTIVE views = 8 weight = 0.75 mean_abs_feat_delta = 0.333002\n"}
,{"stream_name":"stdout","time":1779.326109259,"data":"BIOHUB_RETENTION_GUARD {\"blended_candidates\": 288, \"dataset\": \"44b6_2a2eff9f\", \"frame\": 53, \"minimum_retention\": 0.9, \"primary_candidates\": 418, \"retention\": 0.6889952153110048, \"use_primary\": true}\n"}
,{"stream_name":"stdout","time":1779.902949145,"data":"SECONDARY_EDGE_TTA_ACTIVE views = 8 weight = 0.75 mean_abs_feat_delta = 0.251669\n"}
,{"stream_name":"stdout","time":1780.459705635,"data":"EDGE_TTA_ACTIVE views = 8 mean_abs_feat_delta = 0.364649\n"}
,{"stream_name":"stdout","time":1781.089968157,"data":"EDGE_TTA_ACTIVE views = 8 mean_abs_feat_delta = 0.338061\n"}
,{"stream_name":"stdout","time":1781.435627807,"data":"SECONDARY_EDGE_TTA_ACTIVE views = 8 weight = 0.75 mean_abs_feat_delta = 0.335485\n"}
,{"stream_name":"stdout","time":1781.43984967,"data":"BIOHUB_RETENTION_GUARD {\"blended_candidates\": 243, \"dataset\": \"44b6_2a2eff9f\", \"frame\": 54, \"minimum_retention\": 0.9, \"primary_candidates\": 392, \"retention\": 0.6198979591836735, \"use_primary\": true}\n"}
,{"stream_name":"stdout","time":1782.202924885,"data":"SECONDARY_EDGE_TTA_ACTIVE views = 8 weight = 0.75 mean_abs_feat_delta = 0.249524\n"}
,{"stream_name":"stdout","time":1782.661567323,"data":"EDGE_TTA_ACTIVE views = 8 mean_abs_feat_delta = 0.361135\n"}
,{"stream_name":"stdout","time":1783.377697458,"data":"EDGE_TTA_ACTIVE views = 8 mean_abs_feat_delta = 0.345326\n"}
,{"stream_name":"stdout","time":1783.626049159,"data":"SECONDARY_EDGE_TTA_ACTIVE views = 8 weight = 0.75 mean_abs_feat_delta = 0.330638\n"}
,{"stream_name":"stdout","time":1783.6303513,"data":"BIOHUB_RETENTION_GUARD {\"blended_candidates\": 255, \"dataset\": \"44b6_2a2eff9f\", \"frame\": 55, \"minimum_retention\": 0.9, \"primary_candidates\": 409, \"retention\": 0.6234718826405868, \"use_primary\": true}\n"}
,{"stream_name":"stdout","time":1784.479723425,"data":"SECONDARY_EDGE_TTA_ACTIVE views = 8 weight = 0.75 mean_abs_feat_delta = 0.249871\n"}
,{"stream_name":"stdout","time":1784.759639847,"data":"EDGE_TTA_ACTIVE views = 8 mean_abs_feat_delta = 0.359041\n"}
,{"stream_name":"stdout","time":1785.707877673,"data":"EDGE_TTA_ACTIVE views = 8 mean_abs_feat_delta = 0.349698\n"}
,{"stream_name":"stdout","time":1785.73097277,"data":"SECONDARY_EDGE_TTA_ACTIVE views = 8 weight = 0.75 mean_abs_feat_delta = 0.327924\n"}
,{"stream_name":"stdout","time":1785.735101597,"data":"BIOHUB_RETENTION_GUARD {\"blended_candidates\": 271, \"dataset\": \"44b6_2a2eff9f\", \"frame\": 56, \"minimum_retention\": 0.9, \"primary_candidates\": 424, \"retention\": 0.6391509433962265, \"use_primary\": true}\n"}
,{"stream_name":"stdout","time":1786.809777254,"data":"SECONDARY_EDGE_TTA_ACTIVE views = 8 weight = 0.75 mean_abs_feat_delta = 0.257627\n"}
,{"stream_name":"stdout","time":1786.861797566,"data":"EDGE_TTA_ACTIVE views = 8 mean_abs_feat_delta = 0.360113\n"}
,{"stream_name":"stdout","time":1787.83554031,"data":"SECONDARY_EDGE_TTA_ACTIVE views = 8 weight = 0.75 mean_abs_feat_delta = 0.327605\n"}
,{"stream_name":"stdout","time":1787.840264974,"data":"BIOHUB_RETENTION_GUARD {\"blended_candidates\": 282, \"dataset\": \"44b6_2a2eff9f\", \"frame\": 57, \"minimum_retention\": 0.9, \"primary_candidates\": 451, \"retention\": 0.6252771618625277, \"use_primary\": true}\n"}
,{"stream_name":"stdout","time":1787.996558807,"data":"EDGE_TTA_ACTIVE views = 8 mean_abs_feat_delta = 0.349809\n"}
,{"stream_name":"stdout","time":1788.969768452,"data":"EDGE_TTA_ACTIVE views = 8 mean_abs_feat_delta = 0.365191\n"}
,{"stream_name":"stdout","time":1789.098228714,"data":"SECONDARY_EDGE_TTA_ACTIVE views = 8 weight = 0.75 mean_abs_feat_delta = 0.255032\n"}
,{"stream_name":"stdout","time":1789.941816236,"data":"SECONDARY_EDGE_TTA_ACTIVE views = 8 weight = 0.75 mean_abs_feat_delta = 0.329719\n"}
,{"stream_name":"stdout","time":1789.945480719,"data":"BIOHUB_RETENTION_GUARD {\"blended_candidates\": 270, \"dataset\": \"44b6_2a2eff9f\", \"frame\": 58, \"minimum_retention\": 0.9, \"primary_candidates\": 429, \"retention\": 0.6293706293706294, \"use_primary\": true}\n"}
,{"stream_name":"stdout","time":1790.253720807,"data":"EDGE_TTA_ACTIVE views = 8 mean_abs_feat_delta = 0.338556\n"}
,{"stream_name":"stdout","time":1791.070946858,"data":"EDGE_TTA_ACTIVE views = 8 mean_abs_feat_delta = 0.369054\n"}
,{"stream_name":"stdout","time":1791.349920697,"data":"SECONDARY_EDGE_TTA_ACTIVE views = 8 weight = 0.75 mean_abs_feat_delta = 0.253313\n"}
,{"stream_name":"stdout","time":1792.035915453,"data":"SECONDARY_EDGE_TTA_ACTIVE views = 8 weight = 0.75 mean_abs_feat_delta = 0.330811\n"}
,{"stream_name":"stdout","time":1792.039699219,"data":"BIOHUB_RETENTION_GUARD {\"blended_candidates\": 335, \"dataset\": \"44b6_2a2eff9f\", \"frame\": 59, \"minimum_retention\": 0.9, \"primary_candidates\": 469, \"retention\": 0.7142857142857143, \"use_primary\": true}\n"}
,{"stream_name":"stdout","time":1792.562926076,"data":"EDGE_TTA_ACTIVE views = 8 mean_abs_feat_delta = 0.340267\n"}
,{"stream_name":"stdout","time":1793.241653501,"data":"EDGE_TTA_ACTIVE views = 8 mean_abs_feat_delta = 0.371614\n"}
,{"stream_name":"stdout","time":1793.65953482,"data":"SECONDARY_EDGE_TTA_ACTIVE views = 8 weight = 0.75 mean_abs_feat_delta = 0.253223\n"}
,{"stream_name":"stdout","time":1794.207602025,"data":"SECONDARY_EDGE_TTA_ACTIVE views = 8 weight = 0.75 mean_abs_feat_delta = 0.331977\n"}
,{"stream_name":"stdout","time":1794.211615075,"data":"BIOHUB_RETENTION_GUARD {\"blended_candidates\": 284, \"dataset\": \"44b6_2a2eff9f\", \"frame\": 60, \"minimum_retention\": 0.9, \"primary_candidates\": 436, \"retention\": 0.6513761467889908, \"use_primary\": true}\n"}
,{"stream_name":"stdout","time":1794.905987512,"data":"EDGE_TTA_ACTIVE views = 8 mean_abs_feat_delta = 0.344133\n"}
,{"stream_name":"stdout","time":1795.369306934,"data":"EDGE_TTA_ACTIVE views = 8 mean_abs_feat_delta = 0.368199\n"}
,{"stream_name":"stdout","time":1796.003332577,"data":"SECONDARY_EDGE_TTA_ACTIVE views = 8 weight = 0.75 mean_abs_feat_delta = 0.251983\n"}
,{"stream_name":"stdout","time":1796.336298258,"data":"SECONDARY_EDGE_TTA_ACTIVE views = 8 weight = 0.75 mean_abs_feat_delta = 0.326439\n"}
,{"stream_name":"stdout","time":1796.340159447,"data":"BIOHUB_RETENTION_GUARD {\"blended_candidates\": 321, \"dataset\": \"44b6_2a2eff9f\", \"frame\": 61, \"minimum_retention\": 0.9, \"primary_candidates\": 451, \"retention\": 0.7117516629711752, \"use_primary\": true}\n"}
,{"stream_name":"stdout","time":1797.174066918,"data":"EDGE_TTA_ACTIVE views = 8 mean_abs_feat_delta = 0.337296\n"}
,{"stream_name":"stdout","time":1797.497290462,"data":"EDGE_TTA_ACTIVE views = 8 mean_abs_feat_delta = 0.36467\n"}
,{"stream_name":"stdout","time":1798.267443126,"data":"SECONDARY_EDGE_TTA_ACTIVE views = 8 weight = 0.75 mean_abs_feat_delta = 0.251603\n"}
,{"stream_name":"stdout","time":1798.579744896,"data":"SECONDARY_EDGE_TTA_ACTIVE views = 8 weight = 0.75 mean_abs_feat_delta = 0.326516\n"}
,{"stream_name":"stdout","time":1798.580986281,"data":"BIOHUB_RETENTION_GUARD {\"blended_candidates\": 420, \"dataset\": \"44b6_2a2eff9f\", \"frame\": 62, \"minimum_retention\": 0.9, \"primary_candidates\": 490, \"retention\": 0.8571428571428571, \"use_primary\": true}\n"}
,{"stream_name":"stdout","time":1799.448144006,"data":"EDGE_TTA_ACTIVE views = 8 mean_abs_feat_delta = 0.340359\n"}
,{"stream_name":"stdout","time":1799.634895002,"data":"EDGE_TTA_ACTIVE views = 8 mean_abs_feat_delta = 0.365175\n"}
,{"stream_name":"stdout","time":1800.535714398,"data":"SECONDARY_EDGE_TTA_ACTIVE views = 8 weight = 0.75 mean_abs_feat_delta = 0.252902\n"}
,{"stream_name":"stdout","time":1800.596219238,"data":"SECONDARY_EDGE_TTA_ACTIVE views = 8 weight = 0.75 mean_abs_feat_delta = 0.335461\n"}
,{"stream_name":"stdout","time":1800.599861488,"data":"BIOHUB_RETENTION_GUARD {\"blended_candidates\": 337, \"dataset\": \"44b6_2a2eff9f\", \"frame\": 63, \"minimum_retention\": 0.9, \"primary_candidates\": 473, \"retention\": 0.7124735729386892, \"use_primary\": true}\n"}
,{"stream_name":"stdout","time":1801.717102703,"data":"EDGE_TTA_ACTIVE views = 8 mean_abs_feat_delta = 0.328718\n"}
,{"stream_name":"stdout","time":1801.738892791,"data":"EDGE_TTA_ACTIVE views = 8 mean_abs_feat_delta = 0.363902\n"}
,{"stream_name":"stdout","time":1802.702004764,"data":"SECONDARY_EDGE_TTA_ACTIVE views = 8 weight = 0.75 mean_abs_feat_delta = 0.330483\n"}
,{"stream_name":"stdout","time":1802.705715957,"data":"BIOHUB_RETENTION_GUARD {\"blended_candidates\": 333, \"dataset\": \"44b6_2a2eff9f\", \"frame\": 64, \"minimum_retention\": 0.9, \"primary_candidates\": 464, \"retention\": 0.7176724137931034, \"use_primary\": true}\n"}
,{"stream_name":"stdout","time":1802.804094918,"data":"SECONDARY_EDGE_TTA_ACTIVE views = 8 weight = 0.75 mean_abs_feat_delta = 0.251763\n"}
,{"stream_name":"stdout","time":1803.902823306,"data":"EDGE_TTA_ACTIVE views = 8 mean_abs_feat_delta = 0.365061\n"}
,{"stream_name":"stdout","time":1804.019718915,"data":"EDGE_TTA_ACTIVE views = 8 mean_abs_feat_delta = 0.332662\n"}
,{"stream_name":"stdout","time":1804.866625884,"data":"SECONDARY_EDGE_TTA_ACTIVE views = 8 weight = 0.75 mean_abs_feat_delta = 0.325601\n"}
,{"stream_name":"stdout","time":1804.870054351,"data":"BIOHUB_RETENTION_GUARD {\"blended_candidates\": 363, \"dataset\": \"44b6_2a2eff9f\", \"frame\": 65, \"minimum_retention\": 0.9, \"primary_candidates\": 495, \"retention\": 0.7333333333333333, \"use_primary\": true}\n"}
,{"stream_name":"stdout","time":1805.110485752,"data":"SECONDARY_EDGE_TTA_ACTIVE views = 8 weight = 0.75 mean_abs_feat_delta = 0.252662\n"}
,{"stream_name":"stdout","time":1806.051199253,"data":"EDGE_TTA_ACTIVE views = 8 mean_abs_feat_delta = 0.365762\n"}
,{"stream_name":"stdout","time":1806.311394587,"data":"EDGE_TTA_ACTIVE views = 8 mean_abs_feat_delta = 0.336965\n"}
,{"stream_name":"stdout","time":1807.013807081,"data":"SECONDARY_EDGE_TTA_ACTIVE views = 8 weight = 0.75 mean_abs_feat_delta = 0.323744\n"}
,{"stream_name":"stdout","time":1807.017765044,"data":"BIOHUB_RETENTION_GUARD {\"blended_candidates\": 341, \"dataset\": \"44b6_2a2eff9f\", \"frame\": 66, \"minimum_retention\": 0.9, \"primary_candidates\": 457, \"retention\": 0.7461706783369803, \"use_primary\": true}\n"}
,{"stream_name":"stdout","time":1807.400338276,"data":"SECONDARY_EDGE_TTA_ACTIVE views = 8 weight = 0.75 mean_abs_feat_delta = 0.25307\n"}
,{"stream_name":"stdout","time":1808.215096737,"data":"EDGE_TTA_ACTIVE views = 8 mean_abs_feat_delta = 0.367265\n"}
,{"stream_name":"stdout","time":1808.605534096,"data":"EDGE_TTA_ACTIVE views = 8 mean_abs_feat_delta = 0.33779\n"}
,{"stream_name":"stdout","time":1809.177461193,"data":"SECONDARY_EDGE_TTA_ACTIVE views = 8 weight = 0.75 mean_abs_feat_delta = 0.323117\n"}
,{"stream_name":"stdout","time":1809.181599174,"data":"BIOHUB_RETENTION_GUARD {\"blended_candidates\": 360, \"dataset\": \"44b6_2a2eff9f\", \"frame\": 67, \"minimum_retention\": 0.9, \"primary_candidates\": 460, \"retention\": 0.782608695652174, \"use_primary\": true}\n"}
,{"stream_name":"stdout","time":1809.694577981,"data":"SECONDARY_EDGE_TTA_ACTIVE views = 8 weight = 0.75 mean_abs_feat_delta = 0.253586\n"}
,{"stream_name":"stdout","time":1810.366952007,"data":"EDGE_TTA_ACTIVE views = 8 mean_abs_feat_delta = 0.368968\n"}
,{"stream_name":"stdout","time":1810.846653688,"data":"EDGE_TTA_ACTIVE views = 8 mean_abs_feat_delta = 0.342767\n"}
,{"stream_name":"stdout","time":1811.332863929,"data":"SECONDARY_EDGE_TTA_ACTIVE views = 8 weight = 0.75 mean_abs_feat_delta = 0.325646\n"}
,{"stream_name":"stdout","time":1811.337038724,"data":"BIOHUB_RETENTION_GUARD {\"blended_candidates\": 333, \"dataset\": \"44b6_2a2eff9f\", \"frame\": 68, \"minimum_retention\": 0.9, \"primary_candidates\": 457, \"retention\": 0.7286652078774617, \"use_primary\": true}\n"}
,{"stream_name":"stdout","time":1811.934602197,"data":"SECONDARY_EDGE_TTA_ACTIVE views = 8 weight = 0.75 mean_abs_feat_delta = 0.254472\n"}
,{"stream_name":"stdout","time":1812.576508121,"data":"EDGE_TTA_ACTIVE views = 8 mean_abs_feat_delta = 0.371411\n"}
,{"stream_name":"stdout","time":1813.118708255,"data":"EDGE_TTA_ACTIVE views = 8 mean_abs_feat_delta = 0.341057\n"}
,{"stream_name":"stdout","time":1813.535725771,"data":"SECONDARY_EDGE_TTA_ACTIVE views = 8 weight = 0.75 mean_abs_feat_delta = 0.321799\n"}
,{"stream_name":"stdout","time":1813.539727547,"data":"BIOHUB_RETENTION_GUARD {\"blended_candidates\": 343, \"dataset\": \"44b6_2a2eff9f\", \"frame\": 69, \"minimum_retention\": 0.9, \"primary_candidates\": 458, \"retention\": 0.7489082969432315, \"use_primary\": true}\n"}
,{"stream_name":"stdout","time":1814.203181856,"data":"SECONDARY_EDGE_TTA_ACTIVE views = 8 weight = 0.75 mean_abs_feat_delta = 0.251768\n"}
,{"stream_name":"stdout","time":1814.753280768,"data":"EDGE_TTA_ACTIVE views = 8 mean_abs_feat_delta = 0.367712\n"}
,{"stream_name":"stdout","time":1815.374236689,"data":"EDGE_TTA_ACTIVE views = 8 mean_abs_feat_delta = 0.336331\n"}
,{"stream_name":"stdout","time":1815.711320114,"data":"SECONDARY_EDGE_TTA_ACTIVE views = 8 weight = 0.75 mean_abs_feat_delta = 0.319894\n"}
,{"stream_name":"stdout","time":1815.715639348,"data":"BIOHUB_RETENTION_GUARD {\"blended_candidates\": 392, \"dataset\": \"44b6_2a2eff9f\", \"frame\": 70, \"minimum_retention\": 0.9, \"primary_candidates\": 501, \"retention\": 0.782435129740519, \"use_primary\": true}\n"}
,{"stream_name":"stdout","time":1816.463270639,"data":"SECONDARY_EDGE_TTA_ACTIVE views = 8 weight = 0.75 mean_abs_feat_delta = 0.249247\n"}
,{"stream_name":"stdout","time":1816.87633741,"data":"EDGE_TTA_ACTIVE views = 8 mean_abs_feat_delta = 0.369529\n"}
,{"stream_name":"stdout","time":1817.643469074,"data":"EDGE_TTA_ACTIVE views = 8 mean_abs_feat_delta = 0.334957\n"}
,{"stream_name":"stdout","time":1817.834799809,"data":"SECONDARY_EDGE_TTA_ACTIVE views = 8 weight = 0.75 mean_abs_feat_delta = 0.326641\n"}
,{"stream_name":"stdout","time":1817.838719495,"data":"BIOHUB_RETENTION_GUARD {\"blended_candidates\": 325, \"dataset\": \"44b6_2a2eff9f\", \"frame\": 71, \"minimum_retention\": 0.9, \"primary_candidates\": 454, \"retention\": 0.7158590308370044, \"use_primary\": true}\n"}
,{"stream_name":"stdout","time":1818.731109164,"data":"SECONDARY_EDGE_TTA_ACTIVE views = 8 weight = 0.75 mean_abs_feat_delta = 0.249987\n"}
,{"stream_name":"stdout","time":1818.981451336,"data":"EDGE_TTA_ACTIVE views = 8 mean_abs_feat_delta = 0.372852\n"}
,{"stream_name":"stdout","time":1819.941650601,"data":"SECONDARY_EDGE_TTA_ACTIVE views = 8 weight = 0.75 mean_abs_feat_delta = 0.331958\n"}
,{"stream_name":"stdout","time":1819.946260203,"data":"BIOHUB_RETENTION_GUARD {\"blended_candidates\": 319, \"dataset\": \"44b6_2a2eff9f\", \"frame\": 72, \"minimum_retention\": 0.9, \"primary_candidates\": 479, \"retention\": 0.6659707724425887, \"use_primary\": true}\n"}
,{"stream_name":"stdout","time":1819.949698052,"data":"EDGE_TTA_ACTIVE views = 8 mean_abs_feat_delta = 0.341619\n"}
,{"stream_name":"stdout","time":1821.040019132,"data":"SECONDARY_EDGE_TTA_ACTIVE views = 8 weight = 0.75 mean_abs_feat_delta = 0.250903\n"}
,{"stream_name":"stdout","time":1821.141689461,"data":"EDGE_TTA_ACTIVE views = 8 mean_abs_feat_delta = 0.372623\n"}
,{"stream_name":"stdout","time":1822.107739829,"data":"SECONDARY_EDGE_TTA_ACTIVE views = 8 weight = 0.75 mean_abs_feat_delta = 0.336114\n"}
,{"stream_name":"stdout","time":1822.111531671,"data":"BIOHUB_RETENTION_GUARD {\"blended_candidates\": 267, \"dataset\": \"44b6_2a2eff9f\", \"frame\": 73, \"minimum_retention\": 0.9, \"primary_candidates\": 429, \"retention\": 0.6223776223776224, \"use_primary\": true}\n"}
,{"stream_name":"stdout","time":1822.22402794,"data":"EDGE_TTA_ACTIVE views = 8 mean_abs_feat_delta = 0.337701\n"}
,{"stream_name":"stdout","time":1823.262581421,"data":"EDGE_TTA_ACTIVE views = 8 mean_abs_feat_delta = 0.372378\n"}
,{"stream_name":"stdout","time":1823.311597389,"data":"SECONDARY_EDGE_TTA_ACTIVE views = 8 weight = 0.75 mean_abs_feat_delta = 0.251856\n"}
,{"stream_name":"stdout","time":1824.227973959,"data":"SECONDARY_EDGE_TTA_ACTIVE views = 8 weight = 0.75 mean_abs_feat_delta = 0.336279\n"}
,{"stream_name":"stdout","time":1824.231812664,"data":"BIOHUB_RETENTION_GUARD {\"blended_candidates\": 299, \"dataset\": \"44b6_2a2eff9f\", \"frame\": 74, \"minimum_retention\": 0.9, \"primary_candidates\": 451, \"retention\": 0.6629711751662971, \"use_primary\": true}\n"}
,{"stream_name":"stdout","time":1824.519245076,"data":"EDGE_TTA_ACTIVE views = 8 mean_abs_feat_delta = 0.333193\n"}
,{"stream_name":"stdout","time":1825.415148811,"data":"EDGE_TTA_ACTIVE views = 8 mean_abs_feat_delta = 0.373635\n"}
,{"stream_name":"stdout","time":1825.610395565,"data":"SECONDARY_EDGE_TTA_ACTIVE views = 8 weight = 0.75 mean_abs_feat_delta = 0.252863\n"}
,{"stream_name":"stdout","time":1826.379599531,"data":"SECONDARY_EDGE_TTA_ACTIVE views = 8 weight = 0.75 mean_abs_feat_delta = 0.342354\n"}
,{"stream_name":"stdout","time":1826.38393115,"data":"BIOHUB_RETENTION_GUARD {\"blended_candidates\": 272, \"dataset\": \"44b6_2a2eff9f\", \"frame\": 75, \"minimum_retention\": 0.9, \"primary_candidates\": 452, \"retention\": 0.6017699115044248, \"use_primary\": true}\n"}
,{"stream_name":"stdout","time":1826.790532245,"data":"EDGE_TTA_ACTIVE views = 8 mean_abs_feat_delta = 0.336337\n"}
,{"stream_name":"stdout","time":1827.60612677,"data":"EDGE_TTA_ACTIVE views = 8 mean_abs_feat_delta = 0.373002\n"}
,{"stream_name":"stdout","time":1827.879903428,"data":"SECONDARY_EDGE_TTA_ACTIVE views = 8 weight = 0.75 mean_abs_feat_delta = 0.248811\n"}
,{"stream_name":"stdout","time":1828.575981073,"data":"SECONDARY_EDGE_TTA_ACTIVE views = 8 weight = 0.75 mean_abs_feat_delta = 0.344323\n"}
,{"stream_name":"stdout","time":1828.699986373,"data":"BIOHUB_RETENTION_GUARD {\"blended_candidates\": 249, \"dataset\": \"44b6_2a2eff9f\", \"frame\": 76, \"minimum_retention\": 0.9, \"primary_candidates\": 455, \"retention\": 0.5472527472527473, \"use_primary\": true}\n"}
,{"stream_name":"stdout","time":1829.088893126,"data":"EDGE_TTA_ACTIVE views = 8 mean_abs_feat_delta = 0.340775\n"}
,{"stream_name":"stdout","time":1829.720822042,"data":"EDGE_TTA_ACTIVE views = 8 mean_abs_feat_delta = 0.37058\n"}
,{"stream_name":"stdout","time":1830.179121903,"data":"SECONDARY_EDGE_TTA_ACTIVE views = 8 weight = 0.75 mean_abs_feat_delta = 0.245586\n"}
,{"stream_name":"stdout","time":1830.68226102,"data":"SECONDARY_EDGE_TTA_ACTIVE views = 8 weight = 0.75 mean_abs_feat_delta = 0.341175\n"}
,{"stream_name":"stdout","time":1830.686368724,"data":"BIOHUB_RETENTION_GUARD {\"blended_candidates\": 268, \"dataset\": \"44b6_2a2eff9f\", \"frame\": 77, \"minimum_retention\": 0.9, \"primary_candidates\": 447, \"retention\": 0.5995525727069351, \"use_primary\": true}\n"}
,{"stream_name":"stdout","time":1831.353993591,"data":"EDGE_TTA_ACTIVE views = 8 mean_abs_feat_delta = 0.340687\n"}
,{"stream_name":"stdout","time":1831.84592946,"data":"EDGE_TTA_ACTIVE views = 8 mean_abs_feat_delta = 0.364196\n"}
,{"stream_name":"stdout","time":1832.446233038,"data":"SECONDARY_EDGE_TTA_ACTIVE views = 8 weight = 0.75 mean_abs_feat_delta = 0.249088\n"}
,{"stream_name":"stdout","time":1832.808986479,"data":"SECONDARY_EDGE_TTA_ACTIVE views = 8 weight = 0.75 mean_abs_feat_delta = 0.343476\n"}
,{"stream_name":"stdout","time":1832.812696675,"data":"BIOHUB_RETENTION_GUARD {\"blended_candidates\": 363, \"dataset\": \"44b6_2a2eff9f\", \"frame\": 78, \"minimum_retention\": 0.9, \"primary_candidates\": 496, \"retention\": 0.7318548387096774, \"use_primary\": true}\n"}
,{"stream_name":"stdout","time":1833.59471997,"data":"EDGE_TTA_ACTIVE views = 8 mean_abs_feat_delta = 0.335059\n"}
,{"stream_name":"stdout","time":1834.00833906,"data":"EDGE_TTA_ACTIVE views = 8 mean_abs_feat_delta = 0.362629\n"}
,{"stream_name":"stdout","time":1834.68401555,"data":"SECONDARY_EDGE_TTA_ACTIVE views = 8 weight = 0.75 mean_abs_feat_delta = 0.248363\n"}
,{"stream_name":"stdout","time":1834.971140814,"data":"SECONDARY_EDGE_TTA_ACTIVE views = 8 weight = 0.75 mean_abs_feat_delta = 0.34125\n"}
,{"stream_name":"stdout","time":1834.975039619,"data":"BIOHUB_RETENTION_GUARD {\"blended_candidates\": 380, \"dataset\": \"44b6_2a2eff9f\", \"frame\": 79, \"minimum_retention\": 0.9, \"primary_candidates\": 504, \"retention\": 0.753968253968254, \"use_primary\": true}\n"}
,{"stream_name":"stdout","time":1835.839699787,"data":"EDGE_TTA_ACTIVE views = 8 mean_abs_feat_delta = 0.332462\n"}
,{"stream_name":"stdout","time":1836.179264024,"data":"EDGE_TTA_ACTIVE views = 8 mean_abs_feat_delta = 0.368271\n"}
,{"stream_name":"stdout","time":1836.932561656,"data":"SECONDARY_EDGE_TTA_ACTIVE views = 8 weight = 0.75 mean_abs_feat_delta = 0.249044\n"}
,{"stream_name":"stdout","time":1837.137726502,"data":"SECONDARY_EDGE_TTA_ACTIVE views = 8 weight = 0.75 mean_abs_feat_delta = 0.342222\n"}
,{"stream_name":"stdout","time":1837.141489388,"data":"BIOHUB_RETENTION_GUARD {\"blended_candidates\": 305, \"dataset\": \"44b6_2a2eff9f\", \"frame\": 80, \"minimum_retention\": 0.9, \"primary_candidates\": 469, \"retention\": 0.650319829424307, \"use_primary\": true}\n"}
,{"stream_name":"stdout","time":1838.088165702,"data":"EDGE_TTA_ACTIVE views = 8 mean_abs_feat_delta = 0.330292\n"}
,{"stream_name":"stdout","time":1838.341336281,"data":"EDGE_TTA_ACTIVE views = 8 mean_abs_feat_delta = 0.364769\n"}
,{"stream_name":"stdout","time":1839.183250077,"data":"SECONDARY_EDGE_TTA_ACTIVE views = 8 weight = 0.75 mean_abs_feat_delta = 0.247402\n"}
,{"stream_name":"stdout","time":1839.304981535,"data":"SECONDARY_EDGE_TTA_ACTIVE views = 8 weight = 0.75 mean_abs_feat_delta = 0.336419\n"}
,{"stream_name":"stdout","time":1839.307996216,"data":"BIOHUB_RETENTION_GUARD {\"blended_candidates\": 316, \"dataset\": \"44b6_2a2eff9f\", \"frame\": 81, \"minimum_retention\": 0.9, \"primary_candidates\": 463, \"retention\": 0.6825053995680346, \"use_primary\": true}\n"}
,{"stream_name":"stdout","time":1840.36263237,"data":"EDGE_TTA_ACTIVE views = 8 mean_abs_feat_delta = 0.330247\n"}
,{"stream_name":"stdout","time":1840.442345805,"data":"EDGE_TTA_ACTIVE views = 8 mean_abs_feat_delta = 0.365921\n"}
,{"stream_name":"stdout","time":1841.411879153,"data":"SECONDARY_EDGE_TTA_ACTIVE views = 8 weight = 0.75 mean_abs_feat_delta = 0.332057\n"}
,{"stream_name":"stdout","time":1841.415973544,"data":"BIOHUB_RETENTION_GUARD {\"blended_candidates\": 303, \"dataset\": \"44b6_2a2eff9f\", \"frame\": 82, \"minimum_retention\": 0.9, \"primary_candidates\": 462, \"retention\": 0.6558441558441559, \"use_primary\": true}\n"}
,{"stream_name":"stdout","time":1841.457457569,"data":"SECONDARY_EDGE_TTA_ACTIVE views = 8 weight = 0.75 mean_abs_feat_delta = 0.246196\n"}
,{"stream_name":"stdout","time":1842.590358417,"data":"EDGE_TTA_ACTIVE views = 8 mean_abs_feat_delta = 0.368883\n"}
,{"stream_name":"stdout","time":1842.609607109,"data":"EDGE_TTA_ACTIVE views = 8 mean_abs_feat_delta = 0.330898\n"}
,{"stream_name":"stdout","time":1843.551340732,"data":"SECONDARY_EDGE_TTA_ACTIVE views = 8 weight = 0.75 mean_abs_feat_delta = 0.32949\n"}
,{"stream_name":"stdout","time":1843.555461461,"data":"BIOHUB_RETENTION_GUARD {\"blended_candidates\": 264, \"dataset\": \"44b6_2a2eff9f\", \"frame\": 83, \"minimum_retention\": 0.9, \"primary_candidates\": 434, \"retention\": 0.6082949308755761, \"use_primary\": true}\n"}
,{"stream_name":"stdout","time":1843.699960803,"data":"SECONDARY_EDGE_TTA_ACTIVE views = 8 weight = 0.75 mean_abs_feat_delta = 0.246797\n"}
,{"stream_name":"stdout","time":1844.694684085,"data":"EDGE_TTA_ACTIVE views = 8 mean_abs_feat_delta = 0.368343\n"}
,{"stream_name":"stdout","time":1844.922568443,"data":"EDGE_TTA_ACTIVE views = 8 mean_abs_feat_delta = 0.328729\n"}
,{"stream_name":"stdout","time":1845.659473249,"data":"SECONDARY_EDGE_TTA_ACTIVE views = 8 weight = 0.75 mean_abs_feat_delta = 0.326369\n"}
,{"stream_name":"stdout","time":1845.663332701,"data":"BIOHUB_RETENTION_GUARD {\"blended_candidates\": 290, \"dataset\": \"44b6_2a2eff9f\", \"frame\": 84, \"minimum_retention\": 0.9, \"primary_candidates\": 458, \"retention\": 0.6331877729257642, \"use_primary\": true}\n"}
,{"stream_name":"stdout","time":1846.015749212,"data":"SECONDARY_EDGE_TTA_ACTIVE views = 8 weight = 0.75 mean_abs_feat_delta = 0.247817\n"}
,{"stream_name":"stdout","time":1846.821738845,"data":"EDGE_TTA_ACTIVE views = 8 mean_abs_feat_delta = 0.365564\n"}
,{"stream_name":"stdout","time":1847.169622591,"data":"EDGE_TTA_ACTIVE views = 8 mean_abs_feat_delta = 0.332801\n"}
,{"stream_name":"stdout","time":1847.788593453,"data":"SECONDARY_EDGE_TTA_ACTIVE views = 8 weight = 0.75 mean_abs_feat_delta = 0.325046\n"}
,{"stream_name":"stdout","time":1847.793070744,"data":"BIOHUB_RETENTION_GUARD {\"blended_candidates\": 328, \"dataset\": \"44b6_2a2eff9f\", \"frame\": 85, \"minimum_retention\": 0.9, \"primary_candidates\": 478, \"retention\": 0.6861924686192469, \"use_primary\": true}\n"}
,{"stream_name":"stdout","time":1848.26822804,"data":"SECONDARY_EDGE_TTA_ACTIVE views = 8 weight = 0.75 mean_abs_feat_delta = 0.246115\n"}
,{"stream_name":"stdout","time":1848.938384413,"data":"EDGE_TTA_ACTIVE views = 8 mean_abs_feat_delta = 0.362074\n"}
,{"stream_name":"stdout","time":1849.510488462,"data":"EDGE_TTA_ACTIVE views = 8 mean_abs_feat_delta = 0.336225\n"}
,{"stream_name":"stdout","time":1849.905080727,"data":"SECONDARY_EDGE_TTA_ACTIVE views = 8 weight = 0.75 mean_abs_feat_delta = 0.327764\n"}
,{"stream_name":"stdout","time":1849.909178187,"data":"BIOHUB_RETENTION_GUARD {\"blended_candidates\": 362, \"dataset\": \"44b6_2a2eff9f\", \"frame\": 86, \"minimum_retention\": 0.9, \"primary_candidates\": 489, \"retention\": 0.7402862985685071, \"use_primary\": true}\n"}
,{"stream_name":"stdout","time":1850.608641259,"data":"SECONDARY_EDGE_TTA_ACTIVE views = 8 weight = 0.75 mean_abs_feat_delta = 0.246368\n"}
,{"stream_name":"stdout","time":1851.06492884,"data":"EDGE_TTA_ACTIVE views = 8 mean_abs_feat_delta = 0.362517\n"}
,{"stream_name":"stdout","time":1851.790891161,"data":"EDGE_TTA_ACTIVE views = 8 mean_abs_feat_delta = 0.333529\n"}
,{"stream_name":"stdout","time":1852.027146219,"data":"SECONDARY_EDGE_TTA_ACTIVE views = 8 weight = 0.75 mean_abs_feat_delta = 0.33329\n"}
,{"stream_name":"stdout","time":1852.031004642,"data":"BIOHUB_RETENTION_GUARD {\"blended_candidates\": 343, \"dataset\": \"44b6_2a2eff9f\", \"frame\": 87, \"minimum_retention\": 0.9, \"primary_candidates\": 480, \"retention\": 0.7145833333333333, \"use_primary\": true}\n"}
,{"stream_name":"stdout","time":1852.889249669,"data":"SECONDARY_EDGE_TTA_ACTIVE views = 8 weight = 0.75 mean_abs_feat_delta = 0.248276\n"}
,{"stream_name":"stdout","time":1853.200086511,"data":"EDGE_TTA_ACTIVE views = 8 mean_abs_feat_delta = 0.359453\n"}
,{"stream_name":"stdout","time":1854.099759425,"data":"EDGE_TTA_ACTIVE views = 8 mean_abs_feat_delta = 0.334563\n"}
,{"stream_name":"stdout","time":1854.170674143,"data":"SECONDARY_EDGE_TTA_ACTIVE views = 8 weight = 0.75 mean_abs_feat_delta = 0.336504\n"}
,{"stream_name":"stdout","time":1854.17449728,"data":"BIOHUB_RETENTION_GUARD {\"blended_candidates\": 254, \"dataset\": \"44b6_2a2eff9f\", \"frame\": 88, \"minimum_retention\": 0.9, \"primary_candidates\": 444, \"retention\": 0.5720720720720721, \"use_primary\": true}\n"}
,{"stream_name":"stdout","time":1855.200481483,"data":"SECONDARY_EDGE_TTA_ACTIVE views = 8 weight = 0.75 mean_abs_feat_delta = 0.246163\n"}
,{"stream_name":"stdout","time":1855.316659554,"data":"EDGE_TTA_ACTIVE views = 8 mean_abs_feat_delta = 0.360125\n"}
,{"stream_name":"stdout","time":1856.28982246,"data":"SECONDARY_EDGE_TTA_ACTIVE views = 8 weight = 0.75 mean_abs_feat_delta = 0.333294\n"}
,{"stream_name":"stdout","time":1856.293759989,"data":"BIOHUB_RETENTION_GUARD {\"blended_candidates\": 285, \"dataset\": \"44b6_2a2eff9f\", \"frame\": 89, \"minimum_retention\": 0.9, \"primary_candidates\": 472, \"retention\": 0.6038135593220338, \"use_primary\": true}\n"}
,{"stream_name":"stdout","time":1856.414123355,"data":"EDGE_TTA_ACTIVE views = 8 mean_abs_feat_delta = 0.333359\n"}
,{"stream_name":"stdout","time":1857.488911257,"data":"EDGE_TTA_ACTIVE views = 8 mean_abs_feat_delta = 0.35614\n"}
,{"stream_name":"stdout","time":1857.515784406,"data":"SECONDARY_EDGE_TTA_ACTIVE views = 8 weight = 0.75 mean_abs_feat_delta = 0.245654\n"}
,{"stream_name":"stdout","time":1858.461169262,"data":"SECONDARY_EDGE_TTA_ACTIVE views = 8 weight = 0.75 mean_abs_feat_delta = 0.331259\n"}
,{"stream_name":"stdout","time":1858.465120081,"data":"BIOHUB_RETENTION_GUARD {\"blended_candidates\": 340, \"dataset\": \"44b6_2a2eff9f\", \"frame\": 90, \"minimum_retention\": 0.9, \"primary_candidates\": 473, \"retention\": 0.718816067653277, \"use_primary\": true}\n"}
,{"stream_name":"stdout","time":1858.843545047,"data":"EDGE_TTA_ACTIVE views = 8 mean_abs_feat_delta = 0.329517\n"}
,{"stream_name":"stdout","time":1859.655492342,"data":"EDGE_TTA_ACTIVE views = 8 mean_abs_feat_delta = 0.356719\n"}
,{"stream_name":"stdout","time":1859.830272873,"data":"SECONDARY_EDGE_TTA_ACTIVE views = 8 weight = 0.75 mean_abs_feat_delta = 0.249452\n"}
,{"stream_name":"stdout","time":1860.627443196,"data":"SECONDARY_EDGE_TTA_ACTIVE views = 8 weight = 0.75 mean_abs_feat_delta = 0.334726\n"}
,{"stream_name":"stdout","time":1860.631303152,"data":"BIOHUB_RETENTION_GUARD {\"blended_candidates\": 348, \"dataset\": \"44b6_2a2eff9f\", \"frame\": 91, \"minimum_retention\": 0.9, \"primary_candidates\": 476, \"retention\": 0.7310924369747899, \"use_primary\": true}\n"}
,{"stream_name":"stdout","time":1861.016847819,"data":"EDGE_TTA_ACTIVE views = 8 mean_abs_feat_delta = 0.327674\n"}
,{"stream_name":"stdout","time":1861.810109614,"data":"EDGE_TTA_ACTIVE views = 8 mean_abs_feat_delta = 0.359241\n"}
,{"stream_name":"stdout","time":1862.120896799,"data":"SECONDARY_EDGE_TTA_ACTIVE views = 8 weight = 0.75 mean_abs_feat_delta = 0.247601\n"}
,{"stream_name":"stdout","time":1862.77633728,"data":"SECONDARY_EDGE_TTA_ACTIVE views = 8 weight = 0.75 mean_abs_feat_delta = 0.334156\n"}
,{"stream_name":"stdout","time":1862.779524339,"data":"BIOHUB_RETENTION_GUARD {\"blended_candidates\": 340, \"dataset\": \"44b6_2a2eff9f\", \"frame\": 92, \"minimum_retention\": 0.9, \"primary_candidates\": 467, \"retention\": 0.728051391862955, \"use_primary\": true}\n"}
,{"stream_name":"stdout","time":1864.025881372,"data":"EDGE_TTA_ACTIVE views = 8 mean_abs_feat_delta = 0.357767\n"}
,{"stream_name":"stdout","time":1864.999012708,"data":"SECONDARY_EDGE_TTA_ACTIVE views = 8 weight = 0.75 mean_abs_feat_delta = 0.328842\n"}
,{"stream_name":"stdout","time":1865.002869999,"data":"BIOHUB_RETENTION_GUARD {\"blended_candidates\": 344, \"dataset\": \"44b6_2a2eff9f\", \"frame\": 93, \"minimum_retention\": 0.9, \"primary_candidates\": 489, \"retention\": 0.7034764826175869, \"use_primary\": true}\n"}
,{"stream_name":"stdout","time":1866.211074031,"data":"EDGE_TTA_ACTIVE views = 8 mean_abs_feat_delta = 0.358418\n"}
,{"stream_name":"stdout","time":1867.183549809,"data":"SECONDARY_EDGE_TTA_ACTIVE views = 8 weight = 0.75 mean_abs_feat_delta = 0.327008\n"}
,{"stream_name":"stdout","time":1867.187286233,"data":"BIOHUB_RETENTION_GUARD {\"blended_candidates\": 360, \"dataset\": \"44b6_2a2eff9f\", \"frame\": 94, \"minimum_retention\": 0.9, \"primary_candidates\": 495, \"retention\": 0.7272727272727273, \"use_primary\": true}\n"}
,{"stream_name":"stdout","time":1868.396797326,"data":"EDGE_TTA_ACTIVE views = 8 mean_abs_feat_delta = 0.359717\n"}
,{"stream_name":"stdout","time":1869.368442807,"data":"SECONDARY_EDGE_TTA_ACTIVE views = 8 weight = 0.75 mean_abs_feat_delta = 0.330388\n"}
,{"stream_name":"stdout","time":1869.37317247,"data":"BIOHUB_RETENTION_GUARD {\"blended_candidates\": 351, \"dataset\": \"44b6_2a2eff9f\", \"frame\": 95, \"minimum_retention\": 0.9, \"primary_candidates\": 480, \"retention\": 0.73125, \"use_primary\": true}\n"}
,{"stream_name":"stdout","time":1869.787300676,"data":"EDGE_TTA_ACTIVE views = 8 mean_abs_feat_delta = 0.354392\n"}
,{"stream_name":"stdout","time":1870.556568012,"data":"EDGE_TTA_ACTIVE views = 8 mean_abs_feat_delta = 0.362555\n"}
,{"stream_name":"stdout","time":1870.859040534,"data":"SECONDARY_EDGE_TTA_ACTIVE views = 8 weight = 0.75 mean_abs_feat_delta = 0.268187\n"}
,{"stream_name":"stdout","time":1871.529044222,"data":"SECONDARY_EDGE_TTA_ACTIVE views = 8 weight = 0.75 mean_abs_feat_delta = 0.336283\n"}
,{"stream_name":"stdout","time":1871.532977005,"data":"BIOHUB_RETENTION_GUARD {\"blended_candidates\": 323, \"dataset\": \"44b6_2a2eff9f\", \"frame\": 96, \"minimum_retention\": 0.9, \"primary_candidates\": 467, \"retention\": 0.6916488222698073, \"use_primary\": true}\n"}
,{"stream_name":"stdout","time":1872.144014749,"data":"EDGE_TTA_ACTIVE views = 8 mean_abs_feat_delta = 0.354989\n"}
,{"stream_name":"stdout","time":1872.768578316,"data":"EDGE_TTA_ACTIVE views = 8 mean_abs_feat_delta = 0.361436\n"}
,{"stream_name":"stdout","time":1873.22487447,"data":"SECONDARY_EDGE_TTA_ACTIVE views = 8 weight = 0.75 mean_abs_feat_delta = 0.270508\n"}
,{"stream_name":"stdout","time":1873.740993746,"data":"SECONDARY_EDGE_TTA_ACTIVE views = 8 weight = 0.75 mean_abs_feat_delta = 0.336744\n"}
,{"stream_name":"stdout","time":1873.744746666,"data":"BIOHUB_RETENTION_GUARD {\"blended_candidates\": 285, \"dataset\": \"44b6_2a2eff9f\", \"frame\": 97, \"minimum_retention\": 0.9, \"primary_candidates\": 446, \"retention\": 0.6390134529147982, \"use_primary\": true}\n"}
,{"stream_name":"stdout","time":1874.482034873,"data":"EDGE_TTA_ACTIVE views = 8 mean_abs_feat_delta = 0.348797\n"}
,{"stream_name":"stdout","time":1874.975372866,"data":"EDGE_TTA_ACTIVE views = 8 mean_abs_feat_delta = 0.35858\n"}
,{"stream_name":"stdout","time":1875.566089484,"data":"SECONDARY_EDGE_TTA_ACTIVE views = 8 weight = 0.75 mean_abs_feat_delta = 0.266832\n"}
,{"stream_name":"stdout","time":1875.947889323,"data":"SECONDARY_EDGE_TTA_ACTIVE views = 8 weight = 0.75 mean_abs_feat_delta = 0.328176\n"}
,{"stream_name":"stdout","time":1875.951800924,"data":"BIOHUB_RETENTION_GUARD {\"blended_candidates\": 333, \"dataset\": \"44b6_2a2eff9f\", \"frame\": 98, \"minimum_retention\": 0.9, \"primary_candidates\": 495, \"retention\": 0.6727272727272727, \"use_primary\": true}\n"}
,{"stream_name":"stdout","time":1876.840389623,"data":"EDGE_TTA_ACTIVE views = 8 mean_abs_feat_delta = 0.344096\n"}
,{"stream_name":"stdout","time":1877.130419415,"data":"EDGE_TTA_ACTIVE views = 8 mean_abs_feat_delta = 0.354435\n"}
,{"stream_name":"stdout","time":1877.9323532,"data":"SECONDARY_EDGE_TTA_ACTIVE views = 8 weight = 0.75 mean_abs_feat_delta = 0.264193\n"}
,{"stream_name":"stdout","time":1878.098035079,"data":"SECONDARY_EDGE_TTA_ACTIVE views = 8 weight = 0.75 mean_abs_feat_delta = 0.329228\n"}
,{"stream_name":"stdout","time":1878.102090417,"data":"BIOHUB_RETENTION_GUARD {\"blended_candidates\": 268, \"dataset\": \"44b6_2a2eff9f\", \"frame\": 99, \"minimum_retention\": 0.9, \"primary_candidates\": 455, \"retention\": 0.589010989010989, \"use_primary\": true}\n"}
,{"stream_name":"stdout","time":1879.186590067,"data":"EDGE_TTA_ACTIVE views = 8 mean_abs_feat_delta = 0.343236\n"}
,{"stream_name":"stdout","time":1880.284863956,"data":"SECONDARY_EDGE_TTA_ACTIVE views = 8 weight = 0.75 mean_abs_feat_delta = 0.2659\n"}
,{"stream_name":"stdout","time":1881.727514315,"data":"EDGE_TTA_ACTIVE views = 8 mean_abs_feat_delta = 0.346139\n"}
,{"stream_name":"stdout","time":1882.838065216,"data":"SECONDARY_EDGE_TTA_ACTIVE views = 8 weight = 0.75 mean_abs_feat_delta = 0.268655\n"}
,{"stream_name":"stdout","time":1884.234401176,"data":"EDGE_TTA_ACTIVE views = 8 mean_abs_feat_delta = 0.345393\n"}
,{"stream_name":"stdout","time":1885.35310654,"data":"SECONDARY_EDGE_TTA_ACTIVE views = 8 weight = 0.75 mean_abs_feat_delta = 0.274098\n"}
,{"stream_name":"stdout","time":1886.709380266,"data":"EDGE_TTA_ACTIVE views = 8 mean_abs_feat_delta = 0.343626\n"}
,{"stream_name":"stdout","time":1887.831901424,"data":"SECONDARY_EDGE_TTA_ACTIVE views = 8 weight = 0.75 mean_abs_feat_delta = 0.270171\n"}
,{"stream_name":"stdout","time":1889.409117647,"data":"EDGE_TTA_ACTIVE views = 8 mean_abs_feat_delta = 0.347614\n"}
,{"stream_name":"stdout","time":1890.327080447,"data":"SECONDARY_EDGE_TTA_ACTIVE views = 8 weight = 0.75 mean_abs_feat_delta = 0.269192\n"}
,{"stream_name":"stdout","time":1891.801624755,"data":"EDGE_TTA_ACTIVE views = 8 mean_abs_feat_delta = 0.350892\n"}
,{"stream_name":"stdout","time":1892.948330501,"data":"SECONDARY_EDGE_TTA_ACTIVE views = 8 weight = 0.75 mean_abs_feat_delta = 0.272914\n"}
,{"stream_name":"stdout","time":1894.281952662,"data":"EDGE_TTA_ACTIVE views = 8 mean_abs_feat_delta = 0.351945\n"}
,{"stream_name":"stdout","time":1895.418853649,"data":"SECONDARY_EDGE_TTA_ACTIVE views = 8 weight = 0.75 mean_abs_feat_delta = 0.273035\n"}
,{"stream_name":"stdout","time":1896.777376473,"data":"EDGE_TTA_ACTIVE views = 8 mean_abs_feat_delta = 0.349374\n"}
,{"stream_name":"stdout","time":1897.911912659,"data":"SECONDARY_EDGE_TTA_ACTIVE views = 8 weight = 0.75 mean_abs_feat_delta = 0.271935\n"}
,{"stream_name":"stdout","time":1899.229071827,"data":"EDGE_TTA_ACTIVE views = 8 mean_abs_feat_delta = 0.351376\n"}
,{"stream_name":"stdout","time":1900.349759495,"data":"SECONDARY_EDGE_TTA_ACTIVE views = 8 weight = 0.75 mean_abs_feat_delta = 0.26942\n"}
,{"stream_name":"stdout","time":1901.698353567,"data":"EDGE_TTA_ACTIVE views = 8 mean_abs_feat_delta = 0.35564\n"}
,{"stream_name":"stdout","time":1902.817178156,"data":"SECONDARY_EDGE_TTA_ACTIVE views = 8 weight = 0.75 mean_abs_feat_delta = 0.267667\n"}
,{"stream_name":"stdout","time":1904.117940498,"data":"EDGE_TTA_ACTIVE views = 8 mean_abs_feat_delta = 0.352377\n"}
,{"stream_name":"stdout","time":1905.229312207,"data":"SECONDARY_EDGE_TTA_ACTIVE views = 8 weight = 0.75 mean_abs_feat_delta = 0.272442\n"}
,{"stream_name":"stdout","time":1906.586065007,"data":"EDGE_TTA_ACTIVE views = 8 mean_abs_feat_delta = 0.352809\n"}
,{"stream_name":"stdout","time":1907.697715644,"data":"SECONDARY_EDGE_TTA_ACTIVE views = 8 weight = 0.75 mean_abs_feat_delta = 0.274668\n"}
,{"stream_name":"stdout","time":1908.991260985,"data":"EDGE_TTA_ACTIVE views = 8 mean_abs_feat_delta = 0.347118\n"}
,{"stream_name":"stdout","time":1910.100653239,"data":"SECONDARY_EDGE_TTA_ACTIVE views = 8 weight = 0.75 mean_abs_feat_delta = 0.278564\n"}
,{"stream_name":"stdout","time":1911.351753938,"data":"EDGE_TTA_ACTIVE views = 8 mean_abs_feat_delta = 0.353642\n"}
,{"stream_name":"stdout","time":1911.696243435,"data":"EDGE_TTA_ACTIVE views = 8 mean_abs_feat_delta = 0.288475\n"}
,{"stream_name":"stdout","time":1912.455844731,"data":"SECONDARY_EDGE_TTA_ACTIVE views = 8 weight = 0.75 mean_abs_feat_delta = 0.276498\n"}
,{"stream_name":"stdout","time":1912.624116259,"data":"SECONDARY_EDGE_TTA_ACTIVE views = 8 weight = 0.75 mean_abs_feat_delta = 0.217553\n"}
,{"stream_name":"stdout","time":1913.66033383,"data":"EDGE_TTA_ACTIVE views = 8 mean_abs_feat_delta = 0.287561\n"}
,{"stream_name":"stdout","time":1913.760561149,"data":"EDGE_TTA_ACTIVE views = 8 mean_abs_feat_delta = 0.351185\n"}
,{"stream_name":"stdout","time":1914.590437146,"data":"SECONDARY_EDGE_TTA_ACTIVE views = 8 weight = 0.75 mean_abs_feat_delta = 0.216934\n"}
,{"stream_name":"stdout","time":1914.867692211,"data":"SECONDARY_EDGE_TTA_ACTIVE views = 8 weight = 0.75 mean_abs_feat_delta = 0.279183\n"}
,{"stream_name":"stdout","time":1915.61229004,"data":"EDGE_TTA_ACTIVE views = 8 mean_abs_feat_delta = 0.288963\n"}
,{"stream_name":"stdout","time":1916.144140796,"data":"EDGE_TTA_ACTIVE views = 8 mean_abs_feat_delta = 0.348389\n"}
,{"stream_name":"stdout","time":1916.543780794,"data":"SECONDARY_EDGE_TTA_ACTIVE views = 8 weight = 0.75 mean_abs_feat_delta = 0.213178\n"}
,{"stream_name":"stdout","time":1917.243244534,"data":"SECONDARY_EDGE_TTA_ACTIVE views = 8 weight = 0.75 mean_abs_feat_delta = 0.278205\n"}
,{"stream_name":"stdout","time":1917.60779643,"data":"EDGE_TTA_ACTIVE views = 8 mean_abs_feat_delta = 0.284378\n"}
,{"stream_name":"stdout","time":1918.540229315,"data":"SECONDARY_EDGE_TTA_ACTIVE views = 8 weight = 0.75 mean_abs_feat_delta = 0.21734\n"}
,{"stream_name":"stdout","time":1918.552068684,"data":"EDGE_TTA_ACTIVE views = 8 mean_abs_feat_delta = 0.351443\n"}
,{"stream_name":"stdout","time":1919.688257532,"data":"EDGE_TTA_ACTIVE views = 8 mean_abs_feat_delta = 0.287813\n"}
,{"stream_name":"stdout","time":1919.689298804,"data":"SECONDARY_EDGE_TTA_ACTIVE views = 8 weight = 0.75 mean_abs_feat_delta = 0.274986\n"}
,{"stream_name":"stdout","time":1920.500573477,"data":"SECONDARY_EDGE_TTA_ACTIVE views = 8 weight = 0.75 mean_abs_feat_delta = 0.213892\n"}
,{"stream_name":"stdout","time":1920.930077954,"data":"EDGE_TTA_ACTIVE views = 8 mean_abs_feat_delta = 0.355512\n"}
,{"stream_name":"stdout","time":1921.533258881,"data":"EDGE_TTA_ACTIVE views = 8 mean_abs_feat_delta = 0.287261\n"}
,{"stream_name":"stdout","time":1922.024407575,"data":"SECONDARY_EDGE_TTA_ACTIVE views = 8 weight = 0.75 mean_abs_feat_delta = 0.274203\n"}
,{"stream_name":"stdout","time":1922.471174582,"data":"SECONDARY_EDGE_TTA_ACTIVE views = 8 weight = 0.75 mean_abs_feat_delta = 0.21242\n"}
,{"stream_name":"stdout","time":1923.252087583,"data":"EDGE_TTA_ACTIVE views = 8 mean_abs_feat_delta = 0.348668\n"}
,{"stream_name":"stdout","time":1923.470527728,"data":"EDGE_TTA_ACTIVE views = 8 mean_abs_feat_delta = 0.28741\n"}
,{"stream_name":"stdout","time":1924.345730409,"data":"SECONDARY_EDGE_TTA_ACTIVE views = 8 weight = 0.75 mean_abs_feat_delta = 0.273582\n"}
,{"stream_name":"stdout","time":1924.403853117,"data":"SECONDARY_EDGE_TTA_ACTIVE views = 8 weight = 0.75 mean_abs_feat_delta = 0.213947\n"}
,{"stream_name":"stdout","time":1925.413744529,"data":"EDGE_TTA_ACTIVE views = 8 mean_abs_feat_delta = 0.291909\n"}
,{"stream_name":"stdout","time":1925.608933684,"data":"EDGE_TTA_ACTIVE views = 8 mean_abs_feat_delta = 0.346939\n"}
,{"stream_name":"stdout","time":1926.350043257,"data":"SECONDARY_EDGE_TTA_ACTIVE views = 8 weight = 0.75 mean_abs_feat_delta = 0.227253\n"}
,{"stream_name":"stdout","time":1926.698701651,"data":"SECONDARY_EDGE_TTA_ACTIVE views = 8 weight = 0.75 mean_abs_feat_delta = 0.274097\n"}
,{"stream_name":"stdout","time":1927.378290872,"data":"EDGE_TTA_ACTIVE views = 8 mean_abs_feat_delta = 0.291947\n"}
,{"stream_name":"stdout","time":1928.013695779,"data":"EDGE_TTA_ACTIVE views = 8 mean_abs_feat_delta = 0.342592\n"}
,{"stream_name":"stdout","time":1928.315537174,"data":"SECONDARY_EDGE_TTA_ACTIVE views = 8 weight = 0.75 mean_abs_feat_delta = 0.212589\n"}
,{"stream_name":"stdout","time":1929.103035026,"data":"SECONDARY_EDGE_TTA_ACTIVE views = 8 weight = 0.75 mean_abs_feat_delta = 0.277442\n"}
,{"stream_name":"stdout","time":1929.346536457,"data":"EDGE_TTA_ACTIVE views = 8 mean_abs_feat_delta = 0.291055\n"}
,{"stream_name":"stdout","time":1930.285384413,"data":"SECONDARY_EDGE_TTA_ACTIVE views = 8 weight = 0.75 mean_abs_feat_delta = 0.218146\n"}
,{"stream_name":"stdout","time":1930.325839731,"data":"EDGE_TTA_ACTIVE views = 8 mean_abs_feat_delta = 0.347841\n"}
,{"stream_name":"stdout","time":1931.322526073,"data":"EDGE_TTA_ACTIVE views = 8 mean_abs_feat_delta = 0.28982\n"}
,{"stream_name":"stdout","time":1931.414046238,"data":"SECONDARY_EDGE_TTA_ACTIVE views = 8 weight = 0.75 mean_abs_feat_delta = 0.271551\n"}
,{"stream_name":"stdout","time":1932.263450407,"data":"SECONDARY_EDGE_TTA_ACTIVE views = 8 weight = 0.75 mean_abs_feat_delta = 0.214342\n"}
,{"stream_name":"stdout","time":1932.668568232,"data":"EDGE_TTA_ACTIVE views = 8 mean_abs_feat_delta = 0.345072\n"}
,{"stream_name":"stdout","time":1933.322026572,"data":"EDGE_TTA_ACTIVE views = 8 mean_abs_feat_delta = 0.288198\n"}
,{"stream_name":"stdout","time":1933.750803141,"data":"SECONDARY_EDGE_TTA_ACTIVE views = 8 weight = 0.75 mean_abs_feat_delta = 0.268445\n"}
,{"stream_name":"stdout","time":1934.260262498,"data":"SECONDARY_EDGE_TTA_ACTIVE views = 8 weight = 0.75 mean_abs_feat_delta = 0.215677\n"}
,{"stream_name":"stdout","time":1935.007163359,"data":"EDGE_TTA_ACTIVE views = 8 mean_abs_feat_delta = 0.344896\n"}
,{"stream_name":"stdout","time":1935.324770462,"data":"EDGE_TTA_ACTIVE views = 8 mean_abs_feat_delta = 0.280635\n"}
,{"stream_name":"stdout","time":1936.087791062,"data":"SECONDARY_EDGE_TTA_ACTIVE views = 8 weight = 0.75 mean_abs_feat_delta = 0.270607\n"}
,{"stream_name":"stdout","time":1936.262663818,"data":"SECONDARY_EDGE_TTA_ACTIVE views = 8 weight = 0.75 mean_abs_feat_delta = 0.231796\n"}
,{"stream_name":"stdout","time":1937.305784554,"data":"EDGE_TTA_ACTIVE views = 8 mean_abs_feat_delta = 0.283807\n"}
,{"stream_name":"stdout","time":1937.329565749,"data":"EDGE_TTA_ACTIVE views = 8 mean_abs_feat_delta = 0.348324\n"}
,{"stream_name":"stdout","time":1938.247680893,"data":"SECONDARY_EDGE_TTA_ACTIVE views = 8 weight = 0.75 mean_abs_feat_delta = 0.220564\n"}
,{"stream_name":"stdout","time":1938.411305562,"data":"SECONDARY_EDGE_TTA_ACTIVE views = 8 weight = 0.75 mean_abs_feat_delta = 0.275814\n"}
,{"stream_name":"stdout","time":1939.312961849,"data":"EDGE_TTA_ACTIVE views = 8 mean_abs_feat_delta = 0.288234\n"}
,{"stream_name":"stdout","time":1939.646981534,"data":"EDGE_TTA_ACTIVE views = 8 mean_abs_feat_delta = 0.346953\n"}
,{"stream_name":"stdout","time":1940.253303391,"data":"SECONDARY_EDGE_TTA_ACTIVE views = 8 weight = 0.75 mean_abs_feat_delta = 0.221951\n"}
,{"stream_name":"stdout","time":1940.734520922,"data":"SECONDARY_EDGE_TTA_ACTIVE views = 8 weight = 0.75 mean_abs_feat_delta = 0.273692\n"}
,{"stream_name":"stdout","time":1941.287603717,"data":"EDGE_TTA_ACTIVE views = 8 mean_abs_feat_delta = 0.286344\n"}
,{"stream_name":"stdout","time":1941.965079002,"data":"EDGE_TTA_ACTIVE views = 8 mean_abs_feat_delta = 0.344214\n"}
,{"stream_name":"stdout","time":1942.233991114,"data":"SECONDARY_EDGE_TTA_ACTIVE views = 8 weight = 0.75 mean_abs_feat_delta = 0.217021\n"}
,{"stream_name":"stdout","time":1943.047887695,"data":"SECONDARY_EDGE_TTA_ACTIVE views = 8 weight = 0.75 mean_abs_feat_delta = 0.270608\n"}
,{"stream_name":"stdout","time":1943.310994963,"data":"EDGE_TTA_ACTIVE views = 8 mean_abs_feat_delta = 0.281856\n"}
,{"stream_name":"stdout","time":1944.257165602,"data":"SECONDARY_EDGE_TTA_ACTIVE views = 8 weight = 0.75 mean_abs_feat_delta = 0.219424\n"}
,{"stream_name":"stdout","time":1944.272438504,"data":"EDGE_TTA_ACTIVE views = 8 mean_abs_feat_delta = 0.345782\n"}
,{"stream_name":"stdout","time":1945.267487948,"data":"EDGE_TTA_ACTIVE views = 8 mean_abs_feat_delta = 0.277556\n"}
,{"stream_name":"stdout","time":1945.357635443,"data":"SECONDARY_EDGE_TTA_ACTIVE views = 8 weight = 0.75 mean_abs_feat_delta = 0.27426\n"}
,{"stream_name":"stdout","time":1945.361745315,"data":"BIOHUB_RETENTION_GUARD {\"blended_candidates\": 342, \"dataset\": \"6bba_07e24132\", \"frame\": 32, \"minimum_retention\": 0.9, \"primary_candidates\": 392, \"retention\": 0.8724489795918368, \"use_primary\": true}\n"}
,{"stream_name":"stdout","time":1946.209244941,"data":"SECONDARY_EDGE_TTA_ACTIVE views = 8 weight = 0.75 mean_abs_feat_delta = 0.225892\n"}
,{"stream_name":"stdout","time":1946.619021836,"data":"EDGE_TTA_ACTIVE views = 8 mean_abs_feat_delta = 0.345884\n"}
,{"stream_name":"stdout","time":1947.279778994,"data":"EDGE_TTA_ACTIVE views = 8 mean_abs_feat_delta = 0.277451\n"}
,{"stream_name":"stdout","time":1947.703589659,"data":"SECONDARY_EDGE_TTA_ACTIVE views = 8 weight = 0.75 mean_abs_feat_delta = 0.271994\n"}
,{"stream_name":"stdout","time":1948.229703141,"data":"SECONDARY_EDGE_TTA_ACTIVE views = 8 weight = 0.75 mean_abs_feat_delta = 0.227464\n"}
,{"stream_name":"stdout","time":1949.012032809,"data":"EDGE_TTA_ACTIVE views = 8 mean_abs_feat_delta = 0.349488\n"}
,{"stream_name":"stdout","time":1949.241408831,"data":"EDGE_TTA_ACTIVE views = 8 mean_abs_feat_delta = 0.278448\n"}
,{"stream_name":"stdout","time":1950.228864782,"data":"SECONDARY_EDGE_TTA_ACTIVE views = 8 weight = 0.75 mean_abs_feat_delta = 0.27163\n"}
,{"stream_name":"stdout","time":1950.229976235,"data":"SECONDARY_EDGE_TTA_ACTIVE views = 8 weight = 0.75 mean_abs_feat_delta = 0.224003\n"}
,{"stream_name":"stdout","time":1951.250027559,"data":"EDGE_TTA_ACTIVE views = 8 mean_abs_feat_delta = 0.279406\n"}
,{"stream_name":"stdout","time":1951.38370067,"data":"EDGE_TTA_ACTIVE views = 8 mean_abs_feat_delta = 0.344998\n"}
,{"stream_name":"stdout","time":1952.201529829,"data":"SECONDARY_EDGE_TTA_ACTIVE views = 8 weight = 0.75 mean_abs_feat_delta = 0.22521\n"}
,{"stream_name":"stdout","time":1952.472755605,"data":"SECONDARY_EDGE_TTA_ACTIVE views = 8 weight = 0.75 mean_abs_feat_delta = 0.273802\n"}
,{"stream_name":"stdout","time":1953.241123851,"data":"EDGE_TTA_ACTIVE views = 8 mean_abs_feat_delta = 0.28314\n"}
,{"stream_name":"stdout","time":1953.746843882,"data":"EDGE_TTA_ACTIVE views = 8 mean_abs_feat_delta = 0.344112\n"}
,{"stream_name":"stdout","time":1954.190468456,"data":"SECONDARY_EDGE_TTA_ACTIVE views = 8 weight = 0.75 mean_abs_feat_delta = 0.223172\n"}
,{"stream_name":"stdout","time":1954.834782751,"data":"SECONDARY_EDGE_TTA_ACTIVE views = 8 weight = 0.75 mean_abs_feat_delta = 0.271976\n"}
,{"stream_name":"stdout","time":1955.221822833,"data":"EDGE_TTA_ACTIVE views = 8 mean_abs_feat_delta = 0.290562\n"}
,{"stream_name":"stdout","time":1956.102934339,"data":"EDGE_TTA_ACTIVE views = 8 mean_abs_feat_delta = 0.344058\n"}
,{"stream_name":"stdout","time":1956.169480925,"data":"SECONDARY_EDGE_TTA_ACTIVE views = 8 weight = 0.75 mean_abs_feat_delta = 0.22398\n"}
,{"stream_name":"stdout","time":1957.196146425,"data":"SECONDARY_EDGE_TTA_ACTIVE views = 8 weight = 0.75 mean_abs_feat_delta = 0.27149\n"}
,{"stream_name":"stdout","time":1957.206795159,"data":"EDGE_TTA_ACTIVE views = 8 mean_abs_feat_delta = 0.288456\n"}
,{"stream_name":"stdout","time":1958.146442087,"data":"SECONDARY_EDGE_TTA_ACTIVE views = 8 weight = 0.75 mean_abs_feat_delta = 0.222267\n"}
,{"stream_name":"stdout","time":1958.401128253,"data":"EDGE_TTA_ACTIVE views = 8 mean_abs_feat_delta = 0.342413\n"}
,{"stream_name":"stdout","time":1959.255039669,"data":"EDGE_TTA_ACTIVE views = 8 mean_abs_feat_delta = 0.286395\n"}
,{"stream_name":"stdout","time":1959.494068517,"data":"SECONDARY_EDGE_TTA_ACTIVE views = 8 weight = 0.75 mean_abs_feat_delta = 0.268044\n"}
,{"stream_name":"stdout","time":1960.204359313,"data":"SECONDARY_EDGE_TTA_ACTIVE views = 8 weight = 0.75 mean_abs_feat_delta = 0.216743\n"}
,{"stream_name":"stdout","time":1960.789032294,"data":"EDGE_TTA_ACTIVE views = 8 mean_abs_feat_delta = 0.339014\n"}
,{"stream_name":"stdout","time":1961.242979663,"data":"EDGE_TTA_ACTIVE views = 8 mean_abs_feat_delta = 0.294338\n"}
,{"stream_name":"stdout","time":1961.88384935,"data":"SECONDARY_EDGE_TTA_ACTIVE views = 8 weight = 0.75 mean_abs_feat_delta = 0.262923\n"}
,{"stream_name":"stdout","time":1962.193892975,"data":"SECONDARY_EDGE_TTA_ACTIVE views = 8 weight = 0.75 mean_abs_feat_delta = 0.215333\n"}
,{"stream_name":"stdout","time":1963.16061881,"data":"EDGE_TTA_ACTIVE views = 8 mean_abs_feat_delta = 0.331895\n"}
,{"stream_name":"stdout","time":1963.275708632,"data":"EDGE_TTA_ACTIVE views = 8 mean_abs_feat_delta = 0.290596\n"}
,{"stream_name":"stdout","time":1964.228174952,"data":"SECONDARY_EDGE_TTA_ACTIVE views = 8 weight = 0.75 mean_abs_feat_delta = 0.212684\n"}
,{"stream_name":"stdout","time":1964.256621023,"data":"SECONDARY_EDGE_TTA_ACTIVE views = 8 weight = 0.75 mean_abs_feat_delta = 0.264978\n"}
,{"stream_name":"stdout","time":1965.299535509,"data":"EDGE_TTA_ACTIVE views = 8 mean_abs_feat_delta = 0.288951\n"}
,{"stream_name":"stdout","time":1965.518798774,"data":"EDGE_TTA_ACTIVE views = 8 mean_abs_feat_delta = 0.34071\n"}
,{"stream_name":"stdout","time":1966.253486812,"data":"SECONDARY_EDGE_TTA_ACTIVE views = 8 weight = 0.75 mean_abs_feat_delta = 0.219589\n"}
,{"stream_name":"stdout","time":1966.615566195,"data":"SECONDARY_EDGE_TTA_ACTIVE views = 8 weight = 0.75 mean_abs_feat_delta = 0.260415\n"}
,{"stream_name":"stdout","time":1967.307322073,"data":"EDGE_TTA_ACTIVE views = 8 mean_abs_feat_delta = 0.287622\n"}
,{"stream_name":"stdout","time":1967.912007174,"data":"EDGE_TTA_ACTIVE views = 8 mean_abs_feat_delta = 0.344597\n"}
,{"stream_name":"stdout","time":1968.255304698,"data":"SECONDARY_EDGE_TTA_ACTIVE views = 8 weight = 0.75 mean_abs_feat_delta = 0.221772\n"}
,{"stream_name":"stdout","time":1969.004701255,"data":"SECONDARY_EDGE_TTA_ACTIVE views = 8 weight = 0.75 mean_abs_feat_delta = 0.26243\n"}
,{"stream_name":"stdout","time":1969.386007267,"data":"EDGE_TTA_ACTIVE views = 8 mean_abs_feat_delta = 0.288395\n"}
,{"stream_name":"stdout","time":1970.278913454,"data":"EDGE_TTA_ACTIVE views = 8 mean_abs_feat_delta = 0.347949\n"}
,{"stream_name":"stdout","time":1970.339734236,"data":"SECONDARY_EDGE_TTA_ACTIVE views = 8 weight = 0.75 mean_abs_feat_delta = 0.228785\n"}
,{"stream_name":"stdout","time":1971.378408987,"data":"SECONDARY_EDGE_TTA_ACTIVE views = 8 weight = 0.75 mean_abs_feat_delta = 0.263794\n"}
,{"stream_name":"stdout","time":1971.37897398,"data":"EDGE_TTA_ACTIVE views = 8 mean_abs_feat_delta = 0.286202\n"}
,{"stream_name":"stdout","time":1972.333237283,"data":"SECONDARY_EDGE_TTA_ACTIVE views = 8 weight = 0.75 mean_abs_feat_delta = 0.227519\n"}
,{"stream_name":"stdout","time":1972.637799504,"data":"EDGE_TTA_ACTIVE views = 8 mean_abs_feat_delta = 0.343395\n"}
,{"stream_name":"stdout","time":1973.4317041,"data":"EDGE_TTA_ACTIVE views = 8 mean_abs_feat_delta = 0.287794\n"}
,{"stream_name":"stdout","time":1973.736395724,"data":"SECONDARY_EDGE_TTA_ACTIVE views = 8 weight = 0.75 mean_abs_feat_delta = 0.261742\n"}
,{"stream_name":"stdout","time":1974.386029941,"data":"SECONDARY_EDGE_TTA_ACTIVE views = 8 weight = 0.75 mean_abs_feat_delta = 0.226443\n"}
,{"stream_name":"stdout","time":1974.967547452,"data":"EDGE_TTA_ACTIVE views = 8 mean_abs_feat_delta = 0.342938\n"}
,{"stream_name":"stdout","time":1975.461749639,"data":"EDGE_TTA_ACTIVE views = 8 mean_abs_feat_delta = 0.288107\n"}
,{"stream_name":"stdout","time":1976.068112535,"data":"SECONDARY_EDGE_TTA_ACTIVE views = 8 weight = 0.75 mean_abs_feat_delta = 0.262384\n"}
,{"stream_name":"stdout","time":1976.416459967,"data":"SECONDARY_EDGE_TTA_ACTIVE views = 8 weight = 0.75 mean_abs_feat_delta = 0.223466\n"}
,{"stream_name":"stdout","time":1977.27508323,"data":"EDGE_TTA_ACTIVE views = 8 mean_abs_feat_delta = 0.34073\n"}
,{"stream_name":"stdout","time":1977.430390778,"data":"EDGE_TTA_ACTIVE views = 8 mean_abs_feat_delta = 0.292464\n"}
,{"stream_name":"stdout","time":1978.380269977,"data":"SECONDARY_EDGE_TTA_ACTIVE views = 8 weight = 0.75 mean_abs_feat_delta = 0.263048\n"}
,{"stream_name":"stdout","time":1978.386528055,"data":"SECONDARY_EDGE_TTA_ACTIVE views = 8 weight = 0.75 mean_abs_feat_delta = 0.228632\n"}
,{"stream_name":"stdout","time":1979.467096641,"data":"EDGE_TTA_ACTIVE views = 8 mean_abs_feat_delta = 0.292965\n"}
,{"stream_name":"stdout","time":1979.637534971,"data":"EDGE_TTA_ACTIVE views = 8 mean_abs_feat_delta = 0.337223\n"}
,{"stream_name":"stdout","time":1980.533337136,"data":"SECONDARY_EDGE_TTA_ACTIVE views = 8 weight = 0.75 mean_abs_feat_delta = 0.234289\n"}
,{"stream_name":"stdout","time":1980.739567325,"data":"SECONDARY_EDGE_TTA_ACTIVE views = 8 weight = 0.75 mean_abs_feat_delta = 0.265915\n"}
,{"stream_name":"stdout","time":1981.476411937,"data":"EDGE_TTA_ACTIVE views = 8 mean_abs_feat_delta = 0.287195\n"}
,{"stream_name":"stdout","time":1981.975971362,"data":"EDGE_TTA_ACTIVE views = 8 mean_abs_feat_delta = 0.338214\n"}
,{"stream_name":"stdout","time":1982.429533867,"data":"SECONDARY_EDGE_TTA_ACTIVE views = 8 weight = 0.75 mean_abs_feat_delta = 0.231866\n"}
,{"stream_name":"stdout","time":1983.076053447,"data":"SECONDARY_EDGE_TTA_ACTIVE views = 8 weight = 0.75 mean_abs_feat_delta = 0.26675\n"}
,{"stream_name":"stdout","time":1983.448006013,"data":"EDGE_TTA_ACTIVE views = 8 mean_abs_feat_delta = 0.283498\n"}
,{"stream_name":"stdout","time":1984.331102906,"data":"EDGE_TTA_ACTIVE views = 8 mean_abs_feat_delta = 0.343058\n"}
,{"stream_name":"stdout","time":1984.415440075,"data":"SECONDARY_EDGE_TTA_ACTIVE views = 8 weight = 0.75 mean_abs_feat_delta = 0.248174\n"}
,{"stream_name":"stdout","time":1985.434002023,"data":"SECONDARY_EDGE_TTA_ACTIVE views = 8 weight = 0.75 mean_abs_feat_delta = 0.26723\n"}
,{"stream_name":"stdout","time":1985.467037181,"data":"EDGE_TTA_ACTIVE views = 8 mean_abs_feat_delta = 0.283498\n"}
,{"stream_name":"stdout","time":1986.426306314,"data":"SECONDARY_EDGE_TTA_ACTIVE views = 8 weight = 0.75 mean_abs_feat_delta = 0.248174\n"}
,{"stream_name":"stdout","time":1986.683095904,"data":"EDGE_TTA_ACTIVE views = 8 mean_abs_feat_delta = 0.343211\n"}
,{"stream_name":"stdout","time":1987.446111977,"data":"EDGE_TTA_ACTIVE views = 8 mean_abs_feat_delta = 0.283498\n"}
,{"stream_name":"stdout","time":1987.78539753,"data":"SECONDARY_EDGE_TTA_ACTIVE views = 8 weight = 0.75 mean_abs_feat_delta = 0.262509\n"}
,{"stream_name":"stdout","time":1988.4076224,"data":"SECONDARY_EDGE_TTA_ACTIVE views = 8 weight = 0.75 mean_abs_feat_delta = 0.248174\n"}
,{"stream_name":"stdout","time":1989.030687177,"data":"EDGE_TTA_ACTIVE views = 8 mean_abs_feat_delta = 0.340682\n"}
,{"stream_name":"stdout","time":1989.484793956,"data":"EDGE_TTA_ACTIVE views = 8 mean_abs_feat_delta = 0.315338\n"}
,{"stream_name":"stdout","time":1990.133397391,"data":"SECONDARY_EDGE_TTA_ACTIVE views = 8 weight = 0.75 mean_abs_feat_delta = 0.258469\n"}
,{"stream_name":"stdout","time":1990.445773495,"data":"SECONDARY_EDGE_TTA_ACTIVE views = 8 weight = 0.75 mean_abs_feat_delta = 0.220212\n"}
,{"stream_name":"stdout","time":1991.447982605,"data":"EDGE_TTA_ACTIVE views = 8 mean_abs_feat_delta = 0.338135\n"}
,{"stream_name":"stdout","time":1991.523262363,"data":"EDGE_TTA_ACTIVE views = 8 mean_abs_feat_delta = 0.316057\n"}
,{"stream_name":"stdout","time":1992.482147491,"data":"SECONDARY_EDGE_TTA_ACTIVE views = 8 weight = 0.75 mean_abs_feat_delta = 0.218752\n"}
,{"stream_name":"stdout","time":1992.551003008,"data":"SECONDARY_EDGE_TTA_ACTIVE views = 8 weight = 0.75 mean_abs_feat_delta = 0.261611\n"}
,{"stream_name":"stdout","time":1993.53402974,"data":"EDGE_TTA_ACTIVE views = 8 mean_abs_feat_delta = 0.289165\n"}
,{"stream_name":"stdout","time":1993.853159264,"data":"EDGE_TTA_ACTIVE views = 8 mean_abs_feat_delta = 0.333565\n"}
,{"stream_name":"stdout","time":1994.496310764,"data":"SECONDARY_EDGE_TTA_ACTIVE views = 8 weight = 0.75 mean_abs_feat_delta = 0.231963\n"}
,{"stream_name":"stdout","time":1994.956046966,"data":"SECONDARY_EDGE_TTA_ACTIVE views = 8 weight = 0.75 mean_abs_feat_delta = 0.260486\n"}
,{"stream_name":"stdout","time":1995.521123578,"data":"EDGE_TTA_ACTIVE views = 8 mean_abs_feat_delta = 0.28309\n"}
,{"stream_name":"stdout","time":1996.217766408,"data":"EDGE_TTA_ACTIVE views = 8 mean_abs_feat_delta = 0.337448\n"}
,{"stream_name":"stdout","time":1996.485060006,"data":"SECONDARY_EDGE_TTA_ACTIVE views = 8 weight = 0.75 mean_abs_feat_delta = 0.243456\n"}
,{"stream_name":"stdout","time":1997.320708304,"data":"SECONDARY_EDGE_TTA_ACTIVE views = 8 weight = 0.75 mean_abs_feat_delta = 0.260845\n"}
,{"stream_name":"stdout","time":1997.500965454,"data":"EDGE_TTA_ACTIVE views = 8 mean_abs_feat_delta = 0.28861\n"}
,{"stream_name":"stdout","time":1998.461287072,"data":"SECONDARY_EDGE_TTA_ACTIVE views = 8 weight = 0.75 mean_abs_feat_delta = 0.227548\n"}
,{"stream_name":"stdout","time":1998.619722129,"data":"EDGE_TTA_ACTIVE views = 8 mean_abs_feat_delta = 0.337377\n"}
,{"stream_name":"stdout","time":1999.484518051,"data":"EDGE_TTA_ACTIVE views = 8 mean_abs_feat_delta = 0.287751\n"}
,{"stream_name":"stdout","time":1999.72060694,"data":"SECONDARY_EDGE_TTA_ACTIVE views = 8 weight = 0.75 mean_abs_feat_delta = 0.265026\n"}
,{"stream_name":"stdout","time":2000.443959589,"data":"SECONDARY_EDGE_TTA_ACTIVE views = 8 weight = 0.75 mean_abs_feat_delta = 0.231141\n"}
,{"stream_name":"stdout","time":2001.001780375,"data":"EDGE_TTA_ACTIVE views = 8 mean_abs_feat_delta = 0.334616\n"}
,{"stream_name":"stdout","time":2001.491139123,"data":"EDGE_TTA_ACTIVE views = 8 mean_abs_feat_delta = 0.285257\n"}
,{"stream_name":"stdout","time":2002.10010519,"data":"SECONDARY_EDGE_TTA_ACTIVE views = 8 weight = 0.75 mean_abs_feat_delta = 0.261566\n"}
,{"stream_name":"stdout","time":2002.448795226,"data":"SECONDARY_EDGE_TTA_ACTIVE views = 8 weight = 0.75 mean_abs_feat_delta = 0.227609\n"}
,{"stream_name":"stdout","time":2003.378266796,"data":"EDGE_TTA_ACTIVE views = 8 mean_abs_feat_delta = 0.333661\n"}
,{"stream_name":"stdout","time":2003.47235278,"data":"EDGE_TTA_ACTIVE views = 8 mean_abs_feat_delta = 0.288217\n"}
,{"stream_name":"stdout","time":2004.432346888,"data":"SECONDARY_EDGE_TTA_ACTIVE views = 8 weight = 0.75 mean_abs_feat_delta = 0.225185\n"}
,{"stream_name":"stdout","time":2004.478450249,"data":"SECONDARY_EDGE_TTA_ACTIVE views = 8 weight = 0.75 mean_abs_feat_delta = 0.260007\n"}
,{"stream_name":"stdout","time":2005.456168734,"data":"EDGE_TTA_ACTIVE views = 8 mean_abs_feat_delta = 0.293359\n"}
,{"stream_name":"stdout","time":2005.747941329,"data":"EDGE_TTA_ACTIVE views = 8 mean_abs_feat_delta = 0.339485\n"}
,{"stream_name":"stdout","time":2006.41713031,"data":"SECONDARY_EDGE_TTA_ACTIVE views = 8 weight = 0.75 mean_abs_feat_delta = 0.231144\n"}
,{"stream_name":"stdout","time":2006.846626272,"data":"SECONDARY_EDGE_TTA_ACTIVE views = 8 weight = 0.75 mean_abs_feat_delta = 0.259371\n"}
,{"stream_name":"stdout","time":2007.441135295,"data":"EDGE_TTA_ACTIVE views = 8 mean_abs_feat_delta = 0.288773\n"}
,{"stream_name":"stdout","time":2008.048330639,"data":"EDGE_TTA_ACTIVE views = 8 mean_abs_feat_delta = 0.337706\n"}
,{"stream_name":"stdout","time":2008.40410748,"data":"SECONDARY_EDGE_TTA_ACTIVE views = 8 weight = 0.75 mean_abs_feat_delta = 0.233017\n"}
,{"stream_name":"stdout","time":2009.147081118,"data":"SECONDARY_EDGE_TTA_ACTIVE views = 8 weight = 0.75 mean_abs_feat_delta = 0.258997\n"}
,{"stream_name":"stdout","time":2009.483937098,"data":"EDGE_TTA_ACTIVE views = 8 mean_abs_feat_delta = 0.2831\n"}
,{"stream_name":"stdout","time":2010.408802399,"data":"EDGE_TTA_ACTIVE views = 8 mean_abs_feat_delta = 0.337246\n"}
,{"stream_name":"stdout","time":2010.445243635,"data":"SECONDARY_EDGE_TTA_ACTIVE views = 8 weight = 0.75 mean_abs_feat_delta = 0.231237\n"}
,{"stream_name":"stdout","time":2011.636329811,"data":"EDGE_TTA_ACTIVE views = 8 mean_abs_feat_delta = 0.28566\n"}
,{"stream_name":"stdout","time":2011.636929932,"data":"SECONDARY_EDGE_TTA_ACTIVE views = 8 weight = 0.75 mean_abs_feat_delta = 0.258125\n"}
,{"stream_name":"stdout","time":2012.45703165,"data":"SECONDARY_EDGE_TTA_ACTIVE views = 8 weight = 0.75 mean_abs_feat_delta = 0.240429\n"}
,{"stream_name":"stdout","time":2012.850954646,"data":"EDGE_TTA_ACTIVE views = 8 mean_abs_feat_delta = 0.339272\n"}
,{"stream_name":"stdout","time":2013.547569004,"data":"EDGE_TTA_ACTIVE views = 8 mean_abs_feat_delta = 0.288947\n"}
,{"stream_name":"stdout","time":2013.948477444,"data":"SECONDARY_EDGE_TTA_ACTIVE views = 8 weight = 0.75 mean_abs_feat_delta = 0.26158\n"}
,{"stream_name":"stdout","time":2014.507794881,"data":"SECONDARY_EDGE_TTA_ACTIVE views = 8 weight = 0.75 mean_abs_feat_delta = 0.229597\n"}
,{"stream_name":"stdout","time":2015.176292512,"data":"EDGE_TTA_ACTIVE views = 8 mean_abs_feat_delta = 0.342159\n"}
,{"stream_name":"stdout","time":2015.564842823,"data":"EDGE_TTA_ACTIVE views = 8 mean_abs_feat_delta = 0.290047\n"}
,{"stream_name":"stdout","time":2016.274885324,"data":"SECONDARY_EDGE_TTA_ACTIVE views = 8 weight = 0.75 mean_abs_feat_delta = 0.265431\n"}
,{"stream_name":"stdout","time":2016.531878087,"data":"SECONDARY_EDGE_TTA_ACTIVE views = 8 weight = 0.75 mean_abs_feat_delta = 0.231285\n"}
,{"stream_name":"stdout","time":2017.531406273,"data":"EDGE_TTA_ACTIVE views = 8 mean_abs_feat_delta = 0.343625\n"}
,{"stream_name":"stdout","time":2017.561010826,"data":"EDGE_TTA_ACTIVE views = 8 mean_abs_feat_delta = 0.293125\n"}
,{"stream_name":"stdout","time":2018.520731235,"data":"SECONDARY_EDGE_TTA_ACTIVE views = 8 weight = 0.75 mean_abs_feat_delta = 0.226972\n"}
,{"stream_name":"stdout","time":2018.625139791,"data":"SECONDARY_EDGE_TTA_ACTIVE views = 8 weight = 0.75 mean_abs_feat_delta = 0.267836\n"}
,{"stream_name":"stdout","time":2019.610038984,"data":"EDGE_TTA_ACTIVE views = 8 mean_abs_feat_delta = 0.295461\n"}
,{"stream_name":"stdout","time":2019.875925419,"data":"EDGE_TTA_ACTIVE views = 8 mean_abs_feat_delta = 0.343102\n"}
,{"stream_name":"stdout","time":2020.568886656,"data":"SECONDARY_EDGE_TTA_ACTIVE views = 8 weight = 0.75 mean_abs_feat_delta = 0.235491\n"}
,{"stream_name":"stdout","time":2020.973475733,"data":"SECONDARY_EDGE_TTA_ACTIVE views = 8 weight = 0.75 mean_abs_feat_delta = 0.265852\n"}
,{"stream_name":"stdout","time":2021.660596325,"data":"EDGE_TTA_ACTIVE views = 8 mean_abs_feat_delta = 0.294354\n"}
,{"stream_name":"stdout","time":2022.195251965,"data":"EDGE_TTA_ACTIVE views = 8 mean_abs_feat_delta = 0.338878\n"}
,{"stream_name":"stdout","time":2022.626814467,"data":"SECONDARY_EDGE_TTA_ACTIVE views = 8 weight = 0.75 mean_abs_feat_delta = 0.22461\n"}
,{"stream_name":"stdout","time":2023.287662284,"data":"SECONDARY_EDGE_TTA_ACTIVE views = 8 weight = 0.75 mean_abs_feat_delta = 0.26636\n"}
,{"stream_name":"stdout","time":2023.687261073,"data":"EDGE_TTA_ACTIVE views = 8 mean_abs_feat_delta = 0.290361\n"}
,{"stream_name":"stdout","time":2024.538278145,"data":"EDGE_TTA_ACTIVE views = 8 mean_abs_feat_delta = 0.344788\n"}
,{"stream_name":"stdout","time":2024.657823583,"data":"SECONDARY_EDGE_TTA_ACTIVE views = 8 weight = 0.75 mean_abs_feat_delta = 0.225307\n"}
,{"stream_name":"stdout","time":2025.634956666,"data":"SECONDARY_EDGE_TTA_ACTIVE views = 8 weight = 0.75 mean_abs_feat_delta = 0.262382\n"}
,{"stream_name":"stdout","time":2025.745682372,"data":"EDGE_TTA_ACTIVE views = 8 mean_abs_feat_delta = 0.290141\n"}
,{"stream_name":"stdout","time":2026.707016546,"data":"SECONDARY_EDGE_TTA_ACTIVE views = 8 weight = 0.75 mean_abs_feat_delta = 0.222402\n"}
,{"stream_name":"stdout","time":2026.886120333,"data":"EDGE_TTA_ACTIVE views = 8 mean_abs_feat_delta = 0.33784\n"}
,{"stream_name":"stdout","time":2027.815657839,"data":"EDGE_TTA_ACTIVE views = 8 mean_abs_feat_delta = 0.292561\n"}
,{"stream_name":"stdout","time":2027.98266233,"data":"SECONDARY_EDGE_TTA_ACTIVE views = 8 weight = 0.75 mean_abs_feat_delta = 0.260303\n"}
,{"stream_name":"stdout","time":2028.776472363,"data":"SECONDARY_EDGE_TTA_ACTIVE views = 8 weight = 0.75 mean_abs_feat_delta = 0.223337\n"}
,{"stream_name":"stdout","time":2029.216155764,"data":"EDGE_TTA_ACTIVE views = 8 mean_abs_feat_delta = 0.339211\n"}
,{"stream_name":"stdout","time":2029.858605975,"data":"EDGE_TTA_ACTIVE views = 8 mean_abs_feat_delta = 0.288988\n"}
,{"stream_name":"stdout","time":2030.313979444,"data":"SECONDARY_EDGE_TTA_ACTIVE views = 8 weight = 0.75 mean_abs_feat_delta = 0.25763\n"}
,{"stream_name":"stdout","time":2030.819439408,"data":"SECONDARY_EDGE_TTA_ACTIVE views = 8 weight = 0.75 mean_abs_feat_delta = 0.234632\n"}
,{"stream_name":"stdout","time":2031.603684607,"data":"EDGE_TTA_ACTIVE views = 8 mean_abs_feat_delta = 0.339533\n"}
,{"stream_name":"stdout","time":2031.873239292,"data":"EDGE_TTA_ACTIVE views = 8 mean_abs_feat_delta = 0.294653\n"}
,{"stream_name":"stdout","time":2032.700166349,"data":"SECONDARY_EDGE_TTA_ACTIVE views = 8 weight = 0.75 mean_abs_feat_delta = 0.255911\n"}
,{"stream_name":"stdout","time":2032.841746492,"data":"SECONDARY_EDGE_TTA_ACTIVE views = 8 weight = 0.75 mean_abs_feat_delta = 0.225509\n"}
,{"stream_name":"stdout","time":2033.871644704,"data":"EDGE_TTA_ACTIVE views = 8 mean_abs_feat_delta = 0.296121\n"}
,{"stream_name":"stdout","time":2033.89960089,"data":"EDGE_TTA_ACTIVE views = 8 mean_abs_feat_delta = 0.333552\n"}
,{"stream_name":"stdout","time":2034.833677749,"data":"SECONDARY_EDGE_TTA_ACTIVE views = 8 weight = 0.75 mean_abs_feat_delta = 0.233373\n"}
,{"stream_name":"stdout","time":2035.000595093,"data":"SECONDARY_EDGE_TTA_ACTIVE views = 8 weight = 0.75 mean_abs_feat_delta = 0.253381\n"}
,{"stream_name":"stdout","time":2035.864749409,"data":"EDGE_TTA_ACTIVE views = 8 mean_abs_feat_delta = 0.296872\n"}
,{"stream_name":"stdout","time":2036.224506304,"data":"EDGE_TTA_ACTIVE views = 8 mean_abs_feat_delta = 0.342836\n"}
,{"stream_name":"stdout","time":2036.831933788,"data":"SECONDARY_EDGE_TTA_ACTIVE views = 8 weight = 0.75 mean_abs_feat_delta = 0.237159\n"}
,{"stream_name":"stdout","time":2037.321819556,"data":"SECONDARY_EDGE_TTA_ACTIVE views = 8 weight = 0.75 mean_abs_feat_delta = 0.254871\n"}
,{"stream_name":"stdout","time":2037.89029368,"data":"EDGE_TTA_ACTIVE views = 8 mean_abs_feat_delta = 0.294509\n"}
,{"stream_name":"stdout","time":2038.546779211,"data":"EDGE_TTA_ACTIVE views = 8 mean_abs_feat_delta = 0.340752\n"}
,{"stream_name":"stdout","time":2038.850086186,"data":"SECONDARY_EDGE_TTA_ACTIVE views = 8 weight = 0.75 mean_abs_feat_delta = 0.239483\n"}
,{"stream_name":"stdout","time":2039.646805923,"data":"SECONDARY_EDGE_TTA_ACTIVE views = 8 weight = 0.75 mean_abs_feat_delta = 0.258877\n"}
,{"stream_name":"stdout","time":2039.989775839,"data":"EDGE_TTA_ACTIVE views = 8 mean_abs_feat_delta = 0.288279\n"}
,{"stream_name":"stdout","time":2040.955727145,"data":"EDGE_TTA_ACTIVE views = 8 mean_abs_feat_delta = 0.33721\n"}
,{"stream_name":"stdout","time":2040.959150898,"data":"SECONDARY_EDGE_TTA_ACTIVE views = 8 weight = 0.75 mean_abs_feat_delta = 0.237082\n"}
,{"stream_name":"stdout","time":2042.184419992,"data":"EDGE_TTA_ACTIVE views = 8 mean_abs_feat_delta = 0.289803\n"}
,{"stream_name":"stdout","time":2042.185914787,"data":"SECONDARY_EDGE_TTA_ACTIVE views = 8 weight = 0.75 mean_abs_feat_delta = 0.25536\n"}
,{"stream_name":"stdout","time":2043.006878851,"data":"SECONDARY_EDGE_TTA_ACTIVE views = 8 weight = 0.75 mean_abs_feat_delta = 0.234585\n"}
,{"stream_name":"stdout","time":2043.33699469,"data":"EDGE_TTA_ACTIVE views = 8 mean_abs_feat_delta = 0.331794\n"}
,{"stream_name":"stdout","time":2044.077591841,"data":"EDGE_TTA_ACTIVE views = 8 mean_abs_feat_delta = 0.292365\n"}
,{"stream_name":"stdout","time":2044.435944458,"data":"SECONDARY_EDGE_TTA_ACTIVE views = 8 weight = 0.75 mean_abs_feat_delta = 0.254742\n"}
,{"stream_name":"stdout","time":2045.037797739,"data":"SECONDARY_EDGE_TTA_ACTIVE views = 8 weight = 0.75 mean_abs_feat_delta = 0.240166\n"}
,{"stream_name":"stdout","time":2045.711902625,"data":"EDGE_TTA_ACTIVE views = 8 mean_abs_feat_delta = 0.328009\n"}
,{"stream_name":"stdout","time":2046.107998899,"data":"EDGE_TTA_ACTIVE views = 8 mean_abs_feat_delta = 0.29779\n"}
,{"stream_name":"stdout","time":2046.806082518,"data":"SECONDARY_EDGE_TTA_ACTIVE views = 8 weight = 0.75 mean_abs_feat_delta = 0.254648\n"}
,{"stream_name":"stdout","time":2047.073669593,"data":"SECONDARY_EDGE_TTA_ACTIVE views = 8 weight = 0.75 mean_abs_feat_delta = 0.23071\n"}
,{"stream_name":"stdout","time":2048.101438503,"data":"EDGE_TTA_ACTIVE views = 8 mean_abs_feat_delta = 0.334781\n"}
,{"stream_name":"stdout","time":2048.15449744,"data":"EDGE_TTA_ACTIVE views = 8 mean_abs_feat_delta = 0.294017\n"}
,{"stream_name":"stdout","time":2049.116910951,"data":"SECONDARY_EDGE_TTA_ACTIVE views = 8 weight = 0.75 mean_abs_feat_delta = 0.228603\n"}
,{"stream_name":"stdout","time":2049.200420825,"data":"SECONDARY_EDGE_TTA_ACTIVE views = 8 weight = 0.75 mean_abs_feat_delta = 0.254139\n"}
,{"stream_name":"stdout","time":2050.169663698,"data":"EDGE_TTA_ACTIVE views = 8 mean_abs_feat_delta = 0.297003\n"}
,{"stream_name":"stdout","time":2050.476458728,"data":"EDGE_TTA_ACTIVE views = 8 mean_abs_feat_delta = 0.331889\n"}
,{"stream_name":"stdout","time":2051.137170321,"data":"SECONDARY_EDGE_TTA_ACTIVE views = 8 weight = 0.75 mean_abs_feat_delta = 0.227822\n"}
,{"stream_name":"stdout","time":2051.576260528,"data":"SECONDARY_EDGE_TTA_ACTIVE views = 8 weight = 0.75 mean_abs_feat_delta = 0.253521\n"}
,{"stream_name":"stdout","time":2052.200616398,"data":"EDGE_TTA_ACTIVE views = 8 mean_abs_feat_delta = 0.301009\n"}
,{"stream_name":"stdout","time":2052.839783729,"data":"EDGE_TTA_ACTIVE views = 8 mean_abs_feat_delta = 0.324439\n"}
,{"stream_name":"stdout","time":2053.169518087,"data":"SECONDARY_EDGE_TTA_ACTIVE views = 8 weight = 0.75 mean_abs_feat_delta = 0.230826\n"}
,{"stream_name":"stdout","time":2053.938842101,"data":"SECONDARY_EDGE_TTA_ACTIVE views = 8 weight = 0.75 mean_abs_feat_delta = 0.251163\n"}
,{"stream_name":"stdout","time":2054.198408777,"data":"EDGE_TTA_ACTIVE views = 8 mean_abs_feat_delta = 0.301776\n"}
,{"stream_name":"stdout","time":2055.162768202,"data":"SECONDARY_EDGE_TTA_ACTIVE views = 8 weight = 0.75 mean_abs_feat_delta = 0.233825\n"}
,{"stream_name":"stdout","time":2055.247877758,"data":"EDGE_TTA_ACTIVE views = 8 mean_abs_feat_delta = 0.320074\n"}
,{"stream_name":"stdout","time":2056.212507211,"data":"EDGE_TTA_ACTIVE views = 8 mean_abs_feat_delta = 0.299256\n"}
,{"stream_name":"stdout","time":2056.3446107,"data":"SECONDARY_EDGE_TTA_ACTIVE views = 8 weight = 0.75 mean_abs_feat_delta = 0.252768\n"}
,{"stream_name":"stdout","time":2057.181394742,"data":"SECONDARY_EDGE_TTA_ACTIVE views = 8 weight = 0.75 mean_abs_feat_delta = 0.231076\n"}
,{"stream_name":"stdout","time":2057.185091911,"data":"BIOHUB_RETENTION_GUARD {\"blended_candidates\": 59, \"dataset\": \"6bba_062c8d37\", \"frame\": 73, \"minimum_retention\": 0.9, \"primary_candidates\": 68, \"retention\": 0.8676470588235294, \"use_primary\": true}\n"}
,{"stream_name":"stdout","time":2057.559224766,"data":"EDGE_TTA_ACTIVE views = 8 mean_abs_feat_delta = 0.322734\n"}
,{"stream_name":"stdout","time":2058.257899178,"data":"EDGE_TTA_ACTIVE views = 8 mean_abs_feat_delta = 0.298114\n"}
,{"stream_name":"stdout","time":2058.657941294,"data":"SECONDARY_EDGE_TTA_ACTIVE views = 8 weight = 0.75 mean_abs_feat_delta = 0.25256\n"}
,{"stream_name":"stdout","time":2059.230545457,"data":"SECONDARY_EDGE_TTA_ACTIVE views = 8 weight = 0.75 mean_abs_feat_delta = 0.231678\n"}
,{"stream_name":"stdout","time":2059.234545934,"data":"BIOHUB_RETENTION_GUARD {\"blended_candidates\": 62, \"dataset\": \"6bba_062c8d37\", \"frame\": 74, \"minimum_retention\": 0.9, \"primary_candidates\": 69, \"retention\": 0.8985507246376812, \"use_primary\": true}\n"}
,{"stream_name":"stdout","time":2059.927234847,"data":"EDGE_TTA_ACTIVE views = 8 mean_abs_feat_delta = 0.326182\n"}
,{"stream_name":"stdout","time":2060.319584786,"data":"EDGE_TTA_ACTIVE views = 8 mean_abs_feat_delta = 0.292995\n"}
,{"stream_name":"stdout","time":2061.024571457,"data":"SECONDARY_EDGE_TTA_ACTIVE views = 8 weight = 0.75 mean_abs_feat_delta = 0.257037\n"}
,{"stream_name":"stdout","time":2061.292637934,"data":"SECONDARY_EDGE_TTA_ACTIVE views = 8 weight = 0.75 mean_abs_feat_delta = 0.232434\n"}
,{"stream_name":"stdout","time":2062.327303572,"data":"EDGE_TTA_ACTIVE views = 8 mean_abs_feat_delta = 0.327903\n"}
,{"stream_name":"stdout","time":2062.383730908,"data":"EDGE_TTA_ACTIVE views = 8 mean_abs_feat_delta = 0.29277\n"}
,{"stream_name":"stdout","time":2063.344411734,"data":"SECONDARY_EDGE_TTA_ACTIVE views = 8 weight = 0.75 mean_abs_feat_delta = 0.237438\n"}
,{"stream_name":"stdout","time":2063.427267288,"data":"SECONDARY_EDGE_TTA_ACTIVE views = 8 weight = 0.75 mean_abs_feat_delta = 0.259034\n"}
,{"stream_name":"stdout","time":2064.453664248,"data":"EDGE_TTA_ACTIVE views = 8 mean_abs_feat_delta = 0.293275\n"}
,{"stream_name":"stdout","time":2064.644073586,"data":"EDGE_TTA_ACTIVE views = 8 mean_abs_feat_delta = 0.336297\n"}
,{"stream_name":"stdout","time":2065.426630623,"data":"SECONDARY_EDGE_TTA_ACTIVE views = 8 weight = 0.75 mean_abs_feat_delta = 0.236157\n"}
,{"stream_name":"stdout","time":2065.743061384,"data":"SECONDARY_EDGE_TTA_ACTIVE views = 8 weight = 0.75 mean_abs_feat_delta = 0.262107\n"}
,{"stream_name":"stdout","time":2066.457667136,"data":"EDGE_TTA_ACTIVE views = 8 mean_abs_feat_delta = 0.291368\n"}
,{"stream_name":"stdout","time":2066.989769968,"data":"EDGE_TTA_ACTIVE views = 8 mean_abs_feat_delta = 0.339382\n"}
,{"stream_name":"stdout","time":2067.428641815,"data":"SECONDARY_EDGE_TTA_ACTIVE views = 8 weight = 0.75 mean_abs_feat_delta = 0.235416\n"}
,{"stream_name":"stdout","time":2068.089996041,"data":"SECONDARY_EDGE_TTA_ACTIVE views = 8 weight = 0.75 mean_abs_feat_delta = 0.258084\n"}
,{"stream_name":"stdout","time":2068.522762758,"data":"EDGE_TTA_ACTIVE views = 8 mean_abs_feat_delta = 0.291014\n"}
,{"stream_name":"stdout","time":2069.365665304,"data":"EDGE_TTA_ACTIVE views = 8 mean_abs_feat_delta = 0.333216\n"}
,{"stream_name":"stdout","time":2069.494127428,"data":"SECONDARY_EDGE_TTA_ACTIVE views = 8 weight = 0.75 mean_abs_feat_delta = 0.232783\n"}
,{"stream_name":"stdout","time":2070.466269752,"data":"SECONDARY_EDGE_TTA_ACTIVE views = 8 weight = 0.75 mean_abs_feat_delta = 0.256287\n"}
,{"stream_name":"stdout","time":2070.606997938,"data":"EDGE_TTA_ACTIVE views = 8 mean_abs_feat_delta = 0.295994\n"}
,{"stream_name":"stdout","time":2071.580156818,"data":"SECONDARY_EDGE_TTA_ACTIVE views = 8 weight = 0.75 mean_abs_feat_delta = 0.231063\n"}
,{"stream_name":"stdout","time":2071.757173555,"data":"EDGE_TTA_ACTIVE views = 8 mean_abs_feat_delta = 0.335556\n"}
,{"stream_name":"stdout","time":2072.789353258,"data":"EDGE_TTA_ACTIVE views = 8 mean_abs_feat_delta = 0.297096\n"}
,{"stream_name":"stdout","time":2072.85672752,"data":"SECONDARY_EDGE_TTA_ACTIVE views = 8 weight = 0.75 mean_abs_feat_delta = 0.254402\n"}
,{"stream_name":"stdout","time":2073.62577042,"data":"SECONDARY_EDGE_TTA_ACTIVE views = 8 weight = 0.75 mean_abs_feat_delta = 0.234197\n"}
,{"stream_name":"stdout","time":2074.128937288,"data":"EDGE_TTA_ACTIVE views = 8 mean_abs_feat_delta = 0.337468\n"}
,{"stream_name":"stdout","time":2074.715858896,"data":"EDGE_TTA_ACTIVE views = 8 mean_abs_feat_delta = 0.299033\n"}
,{"stream_name":"stdout","time":2075.227078804,"data":"SECONDARY_EDGE_TTA_ACTIVE views = 8 weight = 0.75 mean_abs_feat_delta = 0.255109\n"}
,{"stream_name":"stdout","time":2075.689912001,"data":"SECONDARY_EDGE_TTA_ACTIVE views = 8 weight = 0.75 mean_abs_feat_delta = 0.233029\n"}
,{"stream_name":"stdout","time":2076.465928566,"data":"EDGE_TTA_ACTIVE views = 8 mean_abs_feat_delta = 0.334122\n"}
,{"stream_name":"stdout","time":2076.803678558,"data":"EDGE_TTA_ACTIVE views = 8 mean_abs_feat_delta = 0.297557\n"}
,{"stream_name":"stdout","time":2077.565140249,"data":"SECONDARY_EDGE_TTA_ACTIVE views = 8 weight = 0.75 mean_abs_feat_delta = 0.25132\n"}
,{"stream_name":"stdout","time":2077.774669838,"data":"SECONDARY_EDGE_TTA_ACTIVE views = 8 weight = 0.75 mean_abs_feat_delta = 0.236935\n"}
,{"stream_name":"stdout","time":2078.841021092,"data":"EDGE_TTA_ACTIVE views = 8 mean_abs_feat_delta = 0.293406\n"}
,{"stream_name":"stdout","time":2078.847470385,"data":"EDGE_TTA_ACTIVE views = 8 mean_abs_feat_delta = 0.328651\n"}
,{"stream_name":"stdout","time":2079.802982284,"data":"SECONDARY_EDGE_TTA_ACTIVE views = 8 weight = 0.75 mean_abs_feat_delta = 0.234086\n"}
,{"stream_name":"stdout","time":2079.807431883,"data":"BIOHUB_RETENTION_GUARD {\"blended_candidates\": 64, \"dataset\": \"6bba_062c8d37\", \"frame\": 84, \"minimum_retention\": 0.9, \"primary_candidates\": 73, \"retention\": 0.8767123287671232, \"use_primary\": true}\n"}
,{"stream_name":"stdout","time":2079.947356052,"data":"SECONDARY_EDGE_TTA_ACTIVE views = 8 weight = 0.75 mean_abs_feat_delta = 0.250811\n"}
,{"stream_name":"stdout","time":2080.855605701,"data":"EDGE_TTA_ACTIVE views = 8 mean_abs_feat_delta = 0.295509\n"}
,{"stream_name":"stdout","time":2081.23763569,"data":"EDGE_TTA_ACTIVE views = 8 mean_abs_feat_delta = 0.336868\n"}
,{"stream_name":"stdout","time":2081.826828207,"data":"SECONDARY_EDGE_TTA_ACTIVE views = 8 weight = 0.75 mean_abs_feat_delta = 0.227107\n"}
,{"stream_name":"stdout","time":2082.337510901,"data":"SECONDARY_EDGE_TTA_ACTIVE views = 8 weight = 0.75 mean_abs_feat_delta = 0.252583\n"}
,{"stream_name":"stdout","time":2082.919901841,"data":"EDGE_TTA_ACTIVE views = 8 mean_abs_feat_delta = 0.29737\n"}
,{"stream_name":"stdout","time":2083.622277815,"data":"EDGE_TTA_ACTIVE views = 8 mean_abs_feat_delta = 0.335702\n"}
,{"stream_name":"stdout","time":2083.89226742,"data":"SECONDARY_EDGE_TTA_ACTIVE views = 8 weight = 0.75 mean_abs_feat_delta = 0.229753\n"}
,{"stream_name":"stdout","time":2084.7256295,"data":"SECONDARY_EDGE_TTA_ACTIVE views = 8 weight = 0.75 mean_abs_feat_delta = 0.250294\n"}
,{"stream_name":"stdout","time":2084.963517098,"data":"EDGE_TTA_ACTIVE views = 8 mean_abs_feat_delta = 0.297734\n"}
,{"stream_name":"stdout","time":2085.933525805,"data":"SECONDARY_EDGE_TTA_ACTIVE views = 8 weight = 0.75 mean_abs_feat_delta = 0.233349\n"}
,{"stream_name":"stdout","time":2085.982634196,"data":"EDGE_TTA_ACTIVE views = 8 mean_abs_feat_delta = 0.334886\n"}
,{"stream_name":"stdout","time":2087.026774729,"data":"EDGE_TTA_ACTIVE views = 8 mean_abs_feat_delta = 0.297749\n"}
,{"stream_name":"stdout","time":2087.083400085,"data":"SECONDARY_EDGE_TTA_ACTIVE views = 8 weight = 0.75 mean_abs_feat_delta = 0.247088\n"}
,{"stream_name":"stdout","time":2087.99845727,"data":"SECONDARY_EDGE_TTA_ACTIVE views = 8 weight = 0.75 mean_abs_feat_delta = 0.228601\n"}
,{"stream_name":"stdout","time":2088.334466589,"data":"EDGE_TTA_ACTIVE views = 8 mean_abs_feat_delta = 0.337301\n"}
,{"stream_name":"stdout","time":2089.029633205,"data":"EDGE_TTA_ACTIVE views = 8 mean_abs_feat_delta = 0.299556\n"}
,{"stream_name":"stdout","time":2089.434062098,"data":"SECONDARY_EDGE_TTA_ACTIVE views = 8 weight = 0.75 mean_abs_feat_delta = 0.248444\n"}
,{"stream_name":"stdout","time":2090.000999527,"data":"SECONDARY_EDGE_TTA_ACTIVE views = 8 weight = 0.75 mean_abs_feat_delta = 0.229547\n"}
,{"stream_name":"stdout","time":2090.662729123,"data":"EDGE_TTA_ACTIVE views = 8 mean_abs_feat_delta = 0.342168\n"}
,{"stream_name":"stdout","time":2091.055260485,"data":"EDGE_TTA_ACTIVE views = 8 mean_abs_feat_delta = 0.298104\n"}
,{"stream_name":"stdout","time":2091.759839835,"data":"SECONDARY_EDGE_TTA_ACTIVE views = 8 weight = 0.75 mean_abs_feat_delta = 0.249705\n"}
,{"stream_name":"stdout","time":2092.025624005,"data":"SECONDARY_EDGE_TTA_ACTIVE views = 8 weight = 0.75 mean_abs_feat_delta = 0.228595\n"}
,{"stream_name":"stdout","time":2092.991383301,"data":"EDGE_TTA_ACTIVE views = 8 mean_abs_feat_delta = 0.343137\n"}
,{"stream_name":"stdout","time":2093.157229722,"data":"EDGE_TTA_ACTIVE views = 8 mean_abs_feat_delta = 0.296443\n"}
,{"stream_name":"stdout","time":2094.092275268,"data":"SECONDARY_EDGE_TTA_ACTIVE views = 8 weight = 0.75 mean_abs_feat_delta = 0.249871\n"}
,{"stream_name":"stdout","time":2094.129357204,"data":"SECONDARY_EDGE_TTA_ACTIVE views = 8 weight = 0.75 mean_abs_feat_delta = 0.228195\n"}
,{"stream_name":"stdout","time":2095.202750347,"data":"EDGE_TTA_ACTIVE views = 8 mean_abs_feat_delta = 0.293984\n"}
,{"stream_name":"stdout","time":2095.324839648,"data":"EDGE_TTA_ACTIVE views = 8 mean_abs_feat_delta = 0.338761\n"}
,{"stream_name":"stdout","time":2096.175409868,"data":"SECONDARY_EDGE_TTA_ACTIVE views = 8 weight = 0.75 mean_abs_feat_delta = 0.229762\n"}
,{"stream_name":"stdout","time":2096.425239654,"data":"SECONDARY_EDGE_TTA_ACTIVE views = 8 weight = 0.75 mean_abs_feat_delta = 0.247264\n"}
,{"stream_name":"stdout","time":2097.233600581,"data":"EDGE_TTA_ACTIVE views = 8 mean_abs_feat_delta = 0.293061\n"}
,{"stream_name":"stdout","time":2097.692555817,"data":"EDGE_TTA_ACTIVE views = 8 mean_abs_feat_delta = 0.338145\n"}
,{"stream_name":"stdout","time":2098.201980266,"data":"SECONDARY_EDGE_TTA_ACTIVE views = 8 weight = 0.75 mean_abs_feat_delta = 0.232584\n"}
,{"stream_name":"stdout","time":2098.793251553,"data":"SECONDARY_EDGE_TTA_ACTIVE views = 8 weight = 0.75 mean_abs_feat_delta = 0.243393\n"}
,{"stream_name":"stdout","time":2099.269321829,"data":"EDGE_TTA_ACTIVE views = 8 mean_abs_feat_delta = 0.297154\n"}
,{"stream_name":"stdout","time":2100.04685062,"data":"EDGE_TTA_ACTIVE views = 8 mean_abs_feat_delta = 0.334551\n"}
,{"stream_name":"stdout","time":2100.235284114,"data":"SECONDARY_EDGE_TTA_ACTIVE views = 8 weight = 0.75 mean_abs_feat_delta = 0.235095\n"}
,{"stream_name":"stdout","time":2101.145068214,"data":"SECONDARY_EDGE_TTA_ACTIVE views = 8 weight = 0.75 mean_abs_feat_delta = 0.246103\n"}
,{"stream_name":"stdout","time":2101.346981547,"data":"EDGE_TTA_ACTIVE views = 8 mean_abs_feat_delta = 0.301446\n"}
,{"stream_name":"stdout","time":2102.3214027,"data":"SECONDARY_EDGE_TTA_ACTIVE views = 8 weight = 0.75 mean_abs_feat_delta = 0.235651\n"}
,{"stream_name":"stdout","time":2102.363450868,"data":"EDGE_TTA_ACTIVE views = 8 mean_abs_feat_delta = 0.331854\n"}
,{"stream_name":"stdout","time":2103.532442477,"data":"EDGE_TTA_ACTIVE views = 8 mean_abs_feat_delta = 0.301117\n"}
,{"stream_name":"stdout","time":2103.53354287,"data":"SECONDARY_EDGE_TTA_ACTIVE views = 8 weight = 0.75 mean_abs_feat_delta = 0.246736\n"}
,{"stream_name":"stdout","time":2104.351841034,"data":"SECONDARY_EDGE_TTA_ACTIVE views = 8 weight = 0.75 mean_abs_feat_delta = 0.235513\n"}
,{"stream_name":"stdout","time":2105.385703822,"data":"EDGE_TTA_ACTIVE views = 8 mean_abs_feat_delta = 0.301563\n"}
,{"stream_name":"stdout","time":2106.359280718,"data":"SECONDARY_EDGE_TTA_ACTIVE views = 8 weight = 0.75 mean_abs_feat_delta = 0.22943\n"}
,{"stream_name":"stdout","time":2107.432119757,"data":"EDGE_TTA_ACTIVE views = 8 mean_abs_feat_delta = 0.298981\n"}
,{"stream_name":"stdout","time":2108.408272396,"data":"SECONDARY_EDGE_TTA_ACTIVE views = 8 weight = 0.75 mean_abs_feat_delta = 0.231691\n"}
,{"stream_name":"stdout","time":2109.560440517,"data":"EDGE_TTA_ACTIVE views = 8 mean_abs_feat_delta = 0.297101\n"}
,{"stream_name":"stdout","time":2110.533814398,"data":"SECONDARY_EDGE_TTA_ACTIVE views = 8 weight = 0.75 mean_abs_feat_delta = 0.23213\n"}
,{"stream_name":"stdout","time":2116.174024576,"data":"EDGE_TTA_ACTIVE views = 8 mean_abs_feat_delta = 0.336571\n"}
,{"stream_name":"stdout","time":2117.134320898,"data":"SECONDARY_EDGE_TTA_ACTIVE views = 8 weight = 0.75 mean_abs_feat_delta = 0.261628\n"}
,{"stream_name":"stdout","time":2118.265087302,"data":"EDGE_TTA_ACTIVE views = 8 mean_abs_feat_delta = 0.338746\n"}
,{"stream_name":"stdout","time":2119.23148218,"data":"SECONDARY_EDGE_TTA_ACTIVE views = 8 weight = 0.75 mean_abs_feat_delta = 0.259644\n"}
,{"stream_name":"stdout","time":2120.30655069,"data":"EDGE_TTA_ACTIVE views = 8 mean_abs_feat_delta = 0.340952\n"}
,{"stream_name":"stdout","time":2121.27170843,"data":"SECONDARY_EDGE_TTA_ACTIVE views = 8 weight = 0.75 mean_abs_feat_delta = 0.260273\n"}
,{"stream_name":"stdout","time":2122.343382051,"data":"EDGE_TTA_ACTIVE views = 8 mean_abs_feat_delta = 0.342027\n"}
,{"stream_name":"stdout","time":2123.317010656,"data":"SECONDARY_EDGE_TTA_ACTIVE views = 8 weight = 0.75 mean_abs_feat_delta = 0.259018\n"}
,{"stream_name":"stdout","time":2124.427755529,"data":"EDGE_TTA_ACTIVE views = 8 mean_abs_feat_delta = 0.339705\n"}
,{"stream_name":"stdout","time":2125.40216626,"data":"SECONDARY_EDGE_TTA_ACTIVE views = 8 weight = 0.75 mean_abs_feat_delta = 0.260044\n"}
,{"stream_name":"stdout","time":2126.49453062,"data":"EDGE_TTA_ACTIVE views = 8 mean_abs_feat_delta = 0.340104\n"}
,{"stream_name":"stdout","time":2127.472172954,"data":"SECONDARY_EDGE_TTA_ACTIVE views = 8 weight = 0.75 mean_abs_feat_delta = 0.260377\n"}
,{"stream_name":"stdout","time":2128.601428149,"data":"EDGE_TTA_ACTIVE views = 8 mean_abs_feat_delta = 0.339763\n"}
,{"stream_name":"stdout","time":2129.583556053,"data":"SECONDARY_EDGE_TTA_ACTIVE views = 8 weight = 0.75 mean_abs_feat_delta = 0.258496\n"}
,{"stream_name":"stdout","time":2129.722437804,"data":"EDGE_TTA_ACTIVE views = 8 mean_abs_feat_delta = 0.293417\n"}
,{"stream_name":"stdout","time":2130.703761994,"data":"EDGE_TTA_ACTIVE views = 8 mean_abs_feat_delta = 0.333526\n"}
,{"stream_name":"stdout","time":2130.771746548,"data":"SECONDARY_EDGE_TTA_ACTIVE views = 8 weight = 0.75 mean_abs_feat_delta = 0.204909\n"}
,{"stream_name":"stdout","time":2131.693511212,"data":"SECONDARY_EDGE_TTA_ACTIVE views = 8 weight = 0.75 mean_abs_feat_delta = 0.255413\n"}
,{"stream_name":"stdout","time":2131.940735756,"data":"EDGE_TTA_ACTIVE views = 8 mean_abs_feat_delta = 0.292063\n"}
,{"stream_name":"stdout","time":2132.873708565,"data":"EDGE_TTA_ACTIVE views = 8 mean_abs_feat_delta = 0.336952\n"}
,{"stream_name":"stdout","time":2133.000108588,"data":"SECONDARY_EDGE_TTA_ACTIVE views = 8 weight = 0.75 mean_abs_feat_delta = 0.201895\n"}
,{"stream_name":"stdout","time":2133.987144881,"data":"SECONDARY_EDGE_TTA_ACTIVE views = 8 weight = 0.75 mean_abs_feat_delta = 0.252694\n"}
,{"stream_name":"stdout","time":2134.276485004,"data":"EDGE_TTA_ACTIVE views = 8 mean_abs_feat_delta = 0.290893\n"}
,{"stream_name":"stdout","time":2135.02695811,"data":"EDGE_TTA_ACTIVE views = 8 mean_abs_feat_delta = 0.345093\n"}
,{"stream_name":"stdout","time":2135.354834666,"data":"SECONDARY_EDGE_TTA_ACTIVE views = 8 weight = 0.75 mean_abs_feat_delta = 0.204535\n"}
,{"stream_name":"stdout","time":2136.026725685,"data":"SECONDARY_EDGE_TTA_ACTIVE views = 8 weight = 0.75 mean_abs_feat_delta = 0.256998\n"}
,{"stream_name":"stdout","time":2136.614090798,"data":"EDGE_TTA_ACTIVE views = 8 mean_abs_feat_delta = 0.289035\n"}
,{"stream_name":"stdout","time":2137.136661153,"data":"EDGE_TTA_ACTIVE views = 8 mean_abs_feat_delta = 0.34152\n"}
,{"stream_name":"stdout","time":2137.706803708,"data":"SECONDARY_EDGE_TTA_ACTIVE views = 8 weight = 0.75 mean_abs_feat_delta = 0.203795\n"}
,{"stream_name":"stdout","time":2138.148301863,"data":"SECONDARY_EDGE_TTA_ACTIVE views = 8 weight = 0.75 mean_abs_feat_delta = 0.260222\n"}
,{"stream_name":"stdout","time":2138.944229694,"data":"EDGE_TTA_ACTIVE views = 8 mean_abs_feat_delta = 0.292802\n"}
,{"stream_name":"stdout","time":2139.260863042,"data":"EDGE_TTA_ACTIVE views = 8 mean_abs_feat_delta = 0.341151\n"}
,{"stream_name":"stdout","time":2140.052315002,"data":"SECONDARY_EDGE_TTA_ACTIVE views = 8 weight = 0.75 mean_abs_feat_delta = 0.202797\n"}
,{"stream_name":"stdout","time":2140.273138621,"data":"SECONDARY_EDGE_TTA_ACTIVE views = 8 weight = 0.75 mean_abs_feat_delta = 0.264548\n"}
,{"stream_name":"stdout","time":2141.316426345,"data":"EDGE_TTA_ACTIVE views = 8 mean_abs_feat_delta = 0.289692\n"}
,{"stream_name":"stdout","time":2141.370405135,"data":"EDGE_TTA_ACTIVE views = 8 mean_abs_feat_delta = 0.34019\n"}
,{"stream_name":"stdout","time":2142.391758724,"data":"SECONDARY_EDGE_TTA_ACTIVE views = 8 weight = 0.75 mean_abs_feat_delta = 0.26289\n"}
,{"stream_name":"stdout","time":2142.432441536,"data":"SECONDARY_EDGE_TTA_ACTIVE views = 8 weight = 0.75 mean_abs_feat_delta = 0.205886\n"}
,{"stream_name":"stdout","time":2143.574019986,"data":"EDGE_TTA_ACTIVE views = 8 mean_abs_feat_delta = 0.344388\n"}
,{"stream_name":"stdout","time":2143.706096971,"data":"EDGE_TTA_ACTIVE views = 8 mean_abs_feat_delta = 0.288981\n"}
,{"stream_name":"stdout","time":2144.598027266,"data":"SECONDARY_EDGE_TTA_ACTIVE views = 8 weight = 0.75 mean_abs_feat_delta = 0.257635\n"}
,{"stream_name":"stdout","time":2144.843043594,"data":"SECONDARY_EDGE_TTA_ACTIVE views = 8 weight = 0.75 mean_abs_feat_delta = 0.205889\n"}
,{"stream_name":"stdout","time":2145.749400732,"data":"EDGE_TTA_ACTIVE views = 8 mean_abs_feat_delta = 0.343422\n"}
,{"stream_name":"stdout","time":2146.126072321,"data":"EDGE_TTA_ACTIVE views = 8 mean_abs_feat_delta = 0.294024\n"}
,{"stream_name":"stdout","time":2146.777619441,"data":"SECONDARY_EDGE_TTA_ACTIVE views = 8 weight = 0.75 mean_abs_feat_delta = 0.25605\n"}
,{"stream_name":"stdout","time":2147.261138216,"data":"SECONDARY_EDGE_TTA_ACTIVE views = 8 weight = 0.75 mean_abs_feat_delta = 0.208457\n"}
,{"stream_name":"stdout","time":2147.930733117,"data":"EDGE_TTA_ACTIVE views = 8 mean_abs_feat_delta = 0.340401\n"}
,{"stream_name":"stdout","time":2148.559280555,"data":"EDGE_TTA_ACTIVE views = 8 mean_abs_feat_delta = 0.291402\n"}
,{"stream_name":"stdout","time":2148.965691639,"data":"SECONDARY_EDGE_TTA_ACTIVE views = 8 weight = 0.75 mean_abs_feat_delta = 0.261539\n"}
,{"stream_name":"stdout","time":2149.706283759,"data":"SECONDARY_EDGE_TTA_ACTIVE views = 8 weight = 0.75 mean_abs_feat_delta = 0.210367\n"}
,{"stream_name":"stdout","time":2150.1160761,"data":"EDGE_TTA_ACTIVE views = 8 mean_abs_feat_delta = 0.339951\n"}
,{"stream_name":"stdout","time":2151.022106281,"data":"EDGE_TTA_ACTIVE views = 8 mean_abs_feat_delta = 0.293367\n"}
,{"stream_name":"stdout","time":2151.154737667,"data":"SECONDARY_EDGE_TTA_ACTIVE views = 8 weight = 0.75 mean_abs_feat_delta = 0.262505\n"}
,{"stream_name":"stdout","time":2152.186516279,"data":"SECONDARY_EDGE_TTA_ACTIVE views = 8 weight = 0.75 mean_abs_feat_delta = 0.208181\n"}
,{"stream_name":"stdout","time":2152.314018475,"data":"EDGE_TTA_ACTIVE views = 8 mean_abs_feat_delta = 0.34749\n"}
,{"stream_name":"stdout","time":2153.356373705,"data":"SECONDARY_EDGE_TTA_ACTIVE views = 8 weight = 0.75 mean_abs_feat_delta = 0.261831\n"}
,{"stream_name":"stdout","time":2153.546299145,"data":"EDGE_TTA_ACTIVE views = 8 mean_abs_feat_delta = 0.286361\n"}
,{"stream_name":"stdout","time":2154.456669352,"data":"EDGE_TTA_ACTIVE views = 8 mean_abs_feat_delta = 0.348728\n"}
,{"stream_name":"stdout","time":2154.715123692,"data":"SECONDARY_EDGE_TTA_ACTIVE views = 8 weight = 0.75 mean_abs_feat_delta = 0.20495\n"}
,{"stream_name":"stdout","time":2155.49554957,"data":"SECONDARY_EDGE_TTA_ACTIVE views = 8 weight = 0.75 mean_abs_feat_delta = 0.264817\n"}
,{"stream_name":"stdout","time":2156.08147902,"data":"EDGE_TTA_ACTIVE views = 8 mean_abs_feat_delta = 0.284801\n"}
,{"stream_name":"stdout","time":2156.602430515,"data":"EDGE_TTA_ACTIVE views = 8 mean_abs_feat_delta = 0.348915\n"}
,{"stream_name":"stdout","time":2157.246061949,"data":"SECONDARY_EDGE_TTA_ACTIVE views = 8 weight = 0.75 mean_abs_feat_delta = 0.212877\n"}
,{"stream_name":"stdout","time":2157.636108174,"data":"SECONDARY_EDGE_TTA_ACTIVE views = 8 weight = 0.75 mean_abs_feat_delta = 0.26002\n"}
,{"stream_name":"stdout","time":2158.570122499,"data":"EDGE_TTA_ACTIVE views = 8 mean_abs_feat_delta = 0.287875\n"}
,{"stream_name":"stdout","time":2158.800488846,"data":"EDGE_TTA_ACTIVE views = 8 mean_abs_feat_delta = 0.34756\n"}
,{"stream_name":"stdout","time":2159.72056355,"data":"SECONDARY_EDGE_TTA_ACTIVE views = 8 weight = 0.75 mean_abs_feat_delta = 0.207897\n"}
,{"stream_name":"stdout","time":2159.829352531,"data":"SECONDARY_EDGE_TTA_ACTIVE views = 8 weight = 0.75 mean_abs_feat_delta = 0.259113\n"}
,{"stream_name":"stdout","time":2160.977302399,"data":"EDGE_TTA_ACTIVE views = 8 mean_abs_feat_delta = 0.341564\n"}
,{"stream_name":"stdout","time":2161.005290832,"data":"EDGE_TTA_ACTIVE views = 8 mean_abs_feat_delta = 0.285114\n"}
,{"stream_name":"stdout","time":2161.997954262,"data":"SECONDARY_EDGE_TTA_ACTIVE views = 8 weight = 0.75 mean_abs_feat_delta = 0.257712\n"}
,{"stream_name":"stdout","time":2162.143418044,"data":"SECONDARY_EDGE_TTA_ACTIVE views = 8 weight = 0.75 mean_abs_feat_delta = 0.205793\n"}
,{"stream_name":"stdout","time":2163.147537663,"data":"EDGE_TTA_ACTIVE views = 8 mean_abs_feat_delta = 0.339453\n"}
,{"stream_name":"stdout","time":2163.433607369,"data":"EDGE_TTA_ACTIVE views = 8 mean_abs_feat_delta = 0.284821\n"}
,{"stream_name":"stdout","time":2164.294273003,"data":"SECONDARY_EDGE_TTA_ACTIVE views = 8 weight = 0.75 mean_abs_feat_delta = 0.252306\n"}
,{"stream_name":"stdout","time":2164.568722448,"data":"SECONDARY_EDGE_TTA_ACTIVE views = 8 weight = 0.75 mean_abs_feat_delta = 0.210728\n"}
,{"stream_name":"stdout","time":2165.280326479,"data":"EDGE_TTA_ACTIVE views = 8 mean_abs_feat_delta = 0.34454\n"}
,{"stream_name":"stdout","time":2165.899135629,"data":"EDGE_TTA_ACTIVE views = 8 mean_abs_feat_delta = 0.287327\n"}
,{"stream_name":"stdout","time":2166.291559148,"data":"SECONDARY_EDGE_TTA_ACTIVE views = 8 weight = 0.75 mean_abs_feat_delta = 0.251268\n"}
,{"stream_name":"stdout","time":2167.034697832,"data":"SECONDARY_EDGE_TTA_ACTIVE views = 8 weight = 0.75 mean_abs_feat_delta = 0.208572\n"}
,{"stream_name":"stdout","time":2167.426332745,"data":"EDGE_TTA_ACTIVE views = 8 mean_abs_feat_delta = 0.34235\n"}
,{"stream_name":"stdout","time":2168.331792046,"data":"EDGE_TTA_ACTIVE views = 8 mean_abs_feat_delta = 0.285857\n"}
,{"stream_name":"stdout","time":2168.43023994,"data":"SECONDARY_EDGE_TTA_ACTIVE views = 8 weight = 0.75 mean_abs_feat_delta = 0.248744\n"}
,{"stream_name":"stdout","time":2169.452824273,"data":"SECONDARY_EDGE_TTA_ACTIVE views = 8 weight = 0.75 mean_abs_feat_delta = 0.20793\n"}
,{"stream_name":"stdout","time":2169.557369447,"data":"EDGE_TTA_ACTIVE views = 8 mean_abs_feat_delta = 0.339835\n"}
,{"stream_name":"stdout","time":2170.55507533,"data":"SECONDARY_EDGE_TTA_ACTIVE views = 8 weight = 0.75 mean_abs_feat_delta = 0.250506\n"}
,{"stream_name":"stdout","time":2170.672613411,"data":"EDGE_TTA_ACTIVE views = 8 mean_abs_feat_delta = 0.283107\n"}
,{"stream_name":"stdout","time":2171.6607278,"data":"EDGE_TTA_ACTIVE views = 8 mean_abs_feat_delta = 0.343666\n"}
,{"stream_name":"stdout","time":2171.788851148,"data":"SECONDARY_EDGE_TTA_ACTIVE views = 8 weight = 0.75 mean_abs_feat_delta = 0.21153\n"}
,{"stream_name":"stdout","time":2172.655042169,"data":"SECONDARY_EDGE_TTA_ACTIVE views = 8 weight = 0.75 mean_abs_feat_delta = 0.249242\n"}
,{"stream_name":"stdout","time":2173.022425022,"data":"EDGE_TTA_ACTIVE views = 8 mean_abs_feat_delta = 0.285156\n"}
,{"stream_name":"stdout","time":2173.717000874,"data":"EDGE_TTA_ACTIVE views = 8 mean_abs_feat_delta = 0.345266\n"}
,{"stream_name":"stdout","time":2174.132730568,"data":"SECONDARY_EDGE_TTA_ACTIVE views = 8 weight = 0.75 mean_abs_feat_delta = 0.215961\n"}
,{"stream_name":"stdout","time":2174.708218876,"data":"SECONDARY_EDGE_TTA_ACTIVE views = 8 weight = 0.75 mean_abs_feat_delta = 0.252993\n"}
,{"stream_name":"stdout","time":2175.334381462,"data":"EDGE_TTA_ACTIVE views = 8 mean_abs_feat_delta = 0.281307\n"}
,{"stream_name":"stdout","time":2175.769463879,"data":"EDGE_TTA_ACTIVE views = 8 mean_abs_feat_delta = 0.347232\n"}
,{"stream_name":"stdout","time":2176.433645222,"data":"SECONDARY_EDGE_TTA_ACTIVE views = 8 weight = 0.75 mean_abs_feat_delta = 0.210734\n"}
,{"stream_name":"stdout","time":2176.760927267,"data":"SECONDARY_EDGE_TTA_ACTIVE views = 8 weight = 0.75 mean_abs_feat_delta = 0.255776\n"}
,{"stream_name":"stdout","time":2177.661952254,"data":"EDGE_TTA_ACTIVE views = 8 mean_abs_feat_delta = 0.283345\n"}
,{"stream_name":"stdout","time":2177.874617341,"data":"EDGE_TTA_ACTIVE views = 8 mean_abs_feat_delta = 0.344073\n"}
,{"stream_name":"stdout","time":2178.752258754,"data":"SECONDARY_EDGE_TTA_ACTIVE views = 8 weight = 0.75 mean_abs_feat_delta = 0.210047\n"}
,{"stream_name":"stdout","time":2178.852575603,"data":"SECONDARY_EDGE_TTA_ACTIVE views = 8 weight = 0.75 mean_abs_feat_delta = 0.255242\n"}
,{"stream_name":"stdout","time":2179.94835526,"data":"EDGE_TTA_ACTIVE views = 8 mean_abs_feat_delta = 0.342224\n"}
,{"stream_name":"stdout","time":2179.94942734,"data":"EDGE_TTA_ACTIVE views = 8 mean_abs_feat_delta = 0.282739\n"}
,{"stream_name":"stdout","time":2180.923076729,"data":"SECONDARY_EDGE_TTA_ACTIVE views = 8 weight = 0.75 mean_abs_feat_delta = 0.2511\n"}
,{"stream_name":"stdout","time":2181.038952445,"data":"SECONDARY_EDGE_TTA_ACTIVE views = 8 weight = 0.75 mean_abs_feat_delta = 0.208912\n"}
,{"stream_name":"stdout","time":2181.976266116,"data":"EDGE_TTA_ACTIVE views = 8 mean_abs_feat_delta = 0.340766\n"}
,{"stream_name":"stdout","time":2182.236836484,"data":"EDGE_TTA_ACTIVE views = 8 mean_abs_feat_delta = 0.280872\n"}
,{"stream_name":"stdout","time":2182.948667469,"data":"SECONDARY_EDGE_TTA_ACTIVE views = 8 weight = 0.75 mean_abs_feat_delta = 0.249793\n"}
,{"stream_name":"stdout","time":2183.31771577,"data":"SECONDARY_EDGE_TTA_ACTIVE views = 8 weight = 0.75 mean_abs_feat_delta = 0.208993\n"}
,{"stream_name":"stdout","time":2184.022940076,"data":"EDGE_TTA_ACTIVE views = 8 mean_abs_feat_delta = 0.342603\n"}
,{"stream_name":"stdout","time":2184.530661816,"data":"EDGE_TTA_ACTIVE views = 8 mean_abs_feat_delta = 0.281118\n"}
,{"stream_name":"stdout","time":2184.99559527,"data":"SECONDARY_EDGE_TTA_ACTIVE views = 8 weight = 0.75 mean_abs_feat_delta = 0.252106\n"}
,{"stream_name":"stdout","time":2185.608092941,"data":"SECONDARY_EDGE_TTA_ACTIVE views = 8 weight = 0.75 mean_abs_feat_delta = 0.20797\n"}
,{"stream_name":"stdout","time":2186.048629436,"data":"EDGE_TTA_ACTIVE views = 8 mean_abs_feat_delta = 0.341082\n"}
,{"stream_name":"stdout","time":2186.841977197,"data":"EDGE_TTA_ACTIVE views = 8 mean_abs_feat_delta = 0.281355\n"}
,{"stream_name":"stdout","time":2187.021753134,"data":"SECONDARY_EDGE_TTA_ACTIVE views = 8 weight = 0.75 mean_abs_feat_delta = 0.256297\n"}
,{"stream_name":"stdout","time":2187.919580542,"data":"SECONDARY_EDGE_TTA_ACTIVE views = 8 weight = 0.75 mean_abs_feat_delta = 0.209647\n"}
,{"stream_name":"stdout","time":2188.075733706,"data":"EDGE_TTA_ACTIVE views = 8 mean_abs_feat_delta = 0.342531\n"}
,{"stream_name":"stdout","time":2189.050795005,"data":"SECONDARY_EDGE_TTA_ACTIVE views = 8 weight = 0.75 mean_abs_feat_delta = 0.259811\n"}
,{"stream_name":"stdout","time":2189.087941662,"data":"EDGE_TTA_ACTIVE views = 8 mean_abs_feat_delta = 0.279058\n"}
,{"stream_name":"stdout","time":2190.135846621,"data":"EDGE_TTA_ACTIVE views = 8 mean_abs_feat_delta = 0.338261\n"}
,{"stream_name":"stdout","time":2190.166260099,"data":"SECONDARY_EDGE_TTA_ACTIVE views = 8 weight = 0.75 mean_abs_feat_delta = 0.209978\n"}
,{"stream_name":"stdout","time":2191.110025,"data":"SECONDARY_EDGE_TTA_ACTIVE views = 8 weight = 0.75 mean_abs_feat_delta = 0.255512\n"}
,{"stream_name":"stdout","time":2191.364230608,"data":"EDGE_TTA_ACTIVE views = 8 mean_abs_feat_delta = 0.271242\n"}
,{"stream_name":"stdout","time":2192.210100344,"data":"EDGE_TTA_ACTIVE views = 8 mean_abs_feat_delta = 0.331504\n"}
,{"stream_name":"stdout","time":2192.435705742,"data":"SECONDARY_EDGE_TTA_ACTIVE views = 8 weight = 0.75 mean_abs_feat_delta = 0.226724\n"}
,{"stream_name":"stdout","time":2193.182801547,"data":"SECONDARY_EDGE_TTA_ACTIVE views = 8 weight = 0.75 mean_abs_feat_delta = 0.249417\n"}
,{"stream_name":"stdout","time":2193.688526758,"data":"EDGE_TTA_ACTIVE views = 8 mean_abs_feat_delta = 0.278583\n"}
,{"stream_name":"stdout","time":2194.234066516,"data":"EDGE_TTA_ACTIVE views = 8 mean_abs_feat_delta = 0.331413\n"}
,{"stream_name":"stdout","time":2194.895135886,"data":"SECONDARY_EDGE_TTA_ACTIVE views = 8 weight = 0.75 mean_abs_feat_delta = 0.212438\n"}
,{"stream_name":"stdout","time":2195.207800104,"data":"SECONDARY_EDGE_TTA_ACTIVE views = 8 weight = 0.75 mean_abs_feat_delta = 0.247742\n"}
,{"stream_name":"stdout","time":2195.95405232,"data":"EDGE_TTA_ACTIVE views = 8 mean_abs_feat_delta = 0.280712\n"}
,{"stream_name":"stdout","time":2196.30155891,"data":"EDGE_TTA_ACTIVE views = 8 mean_abs_feat_delta = 0.329218\n"}
,{"stream_name":"stdout","time":2197.024895045,"data":"SECONDARY_EDGE_TTA_ACTIVE views = 8 weight = 0.75 mean_abs_feat_delta = 0.217052\n"}
,{"stream_name":"stdout","time":2197.27321021,"data":"SECONDARY_EDGE_TTA_ACTIVE views = 8 weight = 0.75 mean_abs_feat_delta = 0.242204\n"}
,{"stream_name":"stdout","time":2198.243392823,"data":"EDGE_TTA_ACTIVE views = 8 mean_abs_feat_delta = 0.281412\n"}
,{"stream_name":"stdout","time":2198.344457535,"data":"EDGE_TTA_ACTIVE views = 8 mean_abs_feat_delta = 0.328908\n"}
,{"stream_name":"stdout","time":2199.31172686,"data":"SECONDARY_EDGE_TTA_ACTIVE views = 8 weight = 0.75 mean_abs_feat_delta = 0.214047\n"}
,{"stream_name":"stdout","time":2199.315587066,"data":"SECONDARY_EDGE_TTA_ACTIVE views = 8 weight = 0.75 mean_abs_feat_delta = 0.245859\n"}
,{"stream_name":"stdout","time":2200.348704716,"data":"EDGE_TTA_ACTIVE views = 8 mean_abs_feat_delta = 0.327794\n"}
,{"stream_name":"stdout","time":2200.574320843,"data":"EDGE_TTA_ACTIVE views = 8 mean_abs_feat_delta = 0.283284\n"}
,{"stream_name":"stdout","time":2201.320060394,"data":"SECONDARY_EDGE_TTA_ACTIVE views = 8 weight = 0.75 mean_abs_feat_delta = 0.252442\n"}
,{"stream_name":"stdout","time":2201.647262512,"data":"SECONDARY_EDGE_TTA_ACTIVE views = 8 weight = 0.75 mean_abs_feat_delta = 0.208668\n"}
,{"stream_name":"stdout","time":2202.445564781,"data":"EDGE_TTA_ACTIVE views = 8 mean_abs_feat_delta = 0.325619\n"}
,{"stream_name":"stdout","time":2202.86640736,"data":"EDGE_TTA_ACTIVE views = 8 mean_abs_feat_delta = 0.285807\n"}
,{"stream_name":"stdout","time":2203.40778979,"data":"SECONDARY_EDGE_TTA_ACTIVE views = 8 weight = 0.75 mean_abs_feat_delta = 0.24958\n"}
,{"stream_name":"stdout","time":2203.936705314,"data":"SECONDARY_EDGE_TTA_ACTIVE views = 8 weight = 0.75 mean_abs_feat_delta = 0.210105\n"}
,{"stream_name":"stdout","time":2204.439573339,"data":"EDGE_TTA_ACTIVE views = 8 mean_abs_feat_delta = 0.326224\n"}
,{"stream_name":"stdout","time":2205.155515253,"data":"EDGE_TTA_ACTIVE views = 8 mean_abs_feat_delta = 0.284166\n"}
,{"stream_name":"stdout","time":2205.410988006,"data":"SECONDARY_EDGE_TTA_ACTIVE views = 8 weight = 0.75 mean_abs_feat_delta = 0.247268\n"}
,{"stream_name":"stdout","time":2206.22812474,"data":"SECONDARY_EDGE_TTA_ACTIVE views = 8 weight = 0.75 mean_abs_feat_delta = 0.213564\n"}
,{"stream_name":"stdout","time":2206.503430137,"data":"EDGE_TTA_ACTIVE views = 8 mean_abs_feat_delta = 0.321245\n"}
,{"stream_name":"stdout","time":2207.454734794,"data":"EDGE_TTA_ACTIVE views = 8 mean_abs_feat_delta = 0.284946\n"}
,{"stream_name":"stdout","time":2207.474398035,"data":"SECONDARY_EDGE_TTA_ACTIVE views = 8 weight = 0.75 mean_abs_feat_delta = 0.245553\n"}
,{"stream_name":"stdout","time":2208.526119476,"data":"SECONDARY_EDGE_TTA_ACTIVE views = 8 weight = 0.75 mean_abs_feat_delta = 0.21043\n"}
,{"stream_name":"stdout","time":2208.626941808,"data":"EDGE_TTA_ACTIVE views = 8 mean_abs_feat_delta = 0.319781\n"}
,{"stream_name":"stdout","time":2209.598869253,"data":"SECONDARY_EDGE_TTA_ACTIVE views = 8 weight = 0.75 mean_abs_feat_delta = 0.244675\n"}
,{"stream_name":"stdout","time":2209.70392657,"data":"EDGE_TTA_ACTIVE views = 8 mean_abs_feat_delta = 0.277939\n"}
,{"stream_name":"stdout","time":2210.730506655,"data":"EDGE_TTA_ACTIVE views = 8 mean_abs_feat_delta = 0.322829\n"}
,{"stream_name":"stdout","time":2210.782367284,"data":"SECONDARY_EDGE_TTA_ACTIVE views = 8 weight = 0.75 mean_abs_feat_delta = 0.224605\n"}
,{"stream_name":"stdout","time":2211.70260379,"data":"SECONDARY_EDGE_TTA_ACTIVE views = 8 weight = 0.75 mean_abs_feat_delta = 0.246191\n"}
,{"stream_name":"stdout","time":2212.044497958,"data":"EDGE_TTA_ACTIVE views = 8 mean_abs_feat_delta = 0.282273\n"}
,{"stream_name":"stdout","time":2212.795753442,"data":"EDGE_TTA_ACTIVE views = 8 mean_abs_feat_delta = 0.326443\n"}
,{"stream_name":"stdout","time":2213.119891469,"data":"SECONDARY_EDGE_TTA_ACTIVE views = 8 weight = 0.75 mean_abs_feat_delta = 0.210253\n"}
,{"stream_name":"stdout","time":2213.767086627,"data":"SECONDARY_EDGE_TTA_ACTIVE views = 8 weight = 0.75 mean_abs_feat_delta = 0.240071\n"}
,{"stream_name":"stdout","time":2214.330298865,"data":"EDGE_TTA_ACTIVE views = 8 mean_abs_feat_delta = 0.284153\n"}
,{"stream_name":"stdout","time":2214.81325634,"data":"EDGE_TTA_ACTIVE views = 8 mean_abs_feat_delta = 0.326852\n"}
,{"stream_name":"stdout","time":2215.412301688,"data":"SECONDARY_EDGE_TTA_ACTIVE views = 8 weight = 0.75 mean_abs_feat_delta = 0.217533\n"}
,{"stream_name":"stdout","time":2215.790240156,"data":"SECONDARY_EDGE_TTA_ACTIVE views = 8 weight = 0.75 mean_abs_feat_delta = 0.239234\n"}
,{"stream_name":"stdout","time":2216.645161438,"data":"EDGE_TTA_ACTIVE views = 8 mean_abs_feat_delta = 0.284297\n"}
,{"stream_name":"stdout","time":2216.887716851,"data":"EDGE_TTA_ACTIVE views = 8 mean_abs_feat_delta = 0.329914\n"}
,{"stream_name":"stdout","time":2217.726011446,"data":"SECONDARY_EDGE_TTA_ACTIVE views = 8 weight = 0.75 mean_abs_feat_delta = 0.215734\n"}
,{"stream_name":"stdout","time":2217.861066445,"data":"SECONDARY_EDGE_TTA_ACTIVE views = 8 weight = 0.75 mean_abs_feat_delta = 0.23907\n"}
,{"stream_name":"stdout","time":2218.953923619,"data":"EDGE_TTA_ACTIVE views = 8 mean_abs_feat_delta = 0.3332\n"}
,{"stream_name":"stdout","time":2218.994933143,"data":"EDGE_TTA_ACTIVE views = 8 mean_abs_feat_delta = 0.276563\n"}
,{"stream_name":"stdout","time":2219.925790565,"data":"SECONDARY_EDGE_TTA_ACTIVE views = 8 weight = 0.75 mean_abs_feat_delta = 0.240973\n"}
,{"stream_name":"stdout","time":2220.077118263,"data":"SECONDARY_EDGE_TTA_ACTIVE views = 8 weight = 0.75 mean_abs_feat_delta = 0.199979\n"}
,{"stream_name":"stdout","time":2220.97820721,"data":"EDGE_TTA_ACTIVE views = 8 mean_abs_feat_delta = 0.326396\n"}
,{"stream_name":"stdout","time":2221.254829918,"data":"EDGE_TTA_ACTIVE views = 8 mean_abs_feat_delta = 0.277027\n"}
,{"stream_name":"stdout","time":2221.94997122,"data":"SECONDARY_EDGE_TTA_ACTIVE views = 8 weight = 0.75 mean_abs_feat_delta = 0.241149\n"}
,{"stream_name":"stdout","time":2222.342635963,"data":"SECONDARY_EDGE_TTA_ACTIVE views = 8 weight = 0.75 mean_abs_feat_delta = 0.196398\n"}
,{"stream_name":"stdout","time":2223.04275273,"data":"EDGE_TTA_ACTIVE views = 8 mean_abs_feat_delta = 0.327676\n"}
,{"stream_name":"stdout","time":2223.55185751,"data":"EDGE_TTA_ACTIVE views = 8 mean_abs_feat_delta = 0.279545\n"}
,{"stream_name":"stdout","time":2224.015798716,"data":"SECONDARY_EDGE_TTA_ACTIVE views = 8 weight = 0.75 mean_abs_feat_delta = 0.239348\n"}
,{"stream_name":"stdout","time":2224.644994734,"data":"SECONDARY_EDGE_TTA_ACTIVE views = 8 weight = 0.75 mean_abs_feat_delta = 0.207084\n"}
,{"stream_name":"stdout","time":2225.278328754,"data":"EDGE_TTA_ACTIVE views = 8 mean_abs_feat_delta = 0.330541\n"}
,{"stream_name":"stdout","time":2225.870303985,"data":"EDGE_TTA_ACTIVE views = 8 mean_abs_feat_delta = 0.281065\n"}
,{"stream_name":"stdout","time":2226.099799991,"data":"SECONDARY_EDGE_TTA_ACTIVE views = 8 weight = 0.75 mean_abs_feat_delta = 0.242865\n"}
,{"stream_name":"stdout","time":2226.966009191,"data":"SECONDARY_EDGE_TTA_ACTIVE views = 8 weight = 0.75 mean_abs_feat_delta = 0.207082\n"}
,{"stream_name":"stdout","time":2227.172230653,"data":"EDGE_TTA_ACTIVE views = 8 mean_abs_feat_delta = 0.335217\n"}
,{"stream_name":"stdout","time":2228.145882978,"data":"SECONDARY_EDGE_TTA_ACTIVE views = 8 weight = 0.75 mean_abs_feat_delta = 0.240063\n"}
,{"stream_name":"stdout","time":2228.214602772,"data":"EDGE_TTA_ACTIVE views = 8 mean_abs_feat_delta = 0.285064\n"}
,{"stream_name":"stdout","time":2229.257377936,"data":"EDGE_TTA_ACTIVE views = 8 mean_abs_feat_delta = 0.33513\n"}
,{"stream_name":"stdout","time":2229.312147585,"data":"SECONDARY_EDGE_TTA_ACTIVE views = 8 weight = 0.75 mean_abs_feat_delta = 0.211819\n"}
,{"stream_name":"stdout","time":2230.232309012,"data":"SECONDARY_EDGE_TTA_ACTIVE views = 8 weight = 0.75 mean_abs_feat_delta = 0.240997\n"}
,{"stream_name":"stdout","time":2230.506778785,"data":"EDGE_TTA_ACTIVE views = 8 mean_abs_feat_delta = 0.284192\n"}
,{"stream_name":"stdout","time":2231.306706866,"data":"EDGE_TTA_ACTIVE views = 8 mean_abs_feat_delta = 0.328111\n"}
,{"stream_name":"stdout","time":2231.604478017,"data":"SECONDARY_EDGE_TTA_ACTIVE views = 8 weight = 0.75 mean_abs_feat_delta = 0.210743\n"}
,{"stream_name":"stdout","time":2232.280996968,"data":"SECONDARY_EDGE_TTA_ACTIVE views = 8 weight = 0.75 mean_abs_feat_delta = 0.238986\n"}
,{"stream_name":"stdout","time":2232.835319889,"data":"EDGE_TTA_ACTIVE views = 8 mean_abs_feat_delta = 0.28167\n"}
,{"stream_name":"stdout","time":2233.373814039,"data":"EDGE_TTA_ACTIVE views = 8 mean_abs_feat_delta = 0.326627\n"}
,{"stream_name":"stdout","time":2233.936833618,"data":"SECONDARY_EDGE_TTA_ACTIVE views = 8 weight = 0.75 mean_abs_feat_delta = 0.20555\n"}
,{"stream_name":"stdout","time":2234.349154742,"data":"SECONDARY_EDGE_TTA_ACTIVE views = 8 weight = 0.75 mean_abs_feat_delta = 0.235807\n"}
,{"stream_name":"stdout","time":2235.194379078,"data":"EDGE_TTA_ACTIVE views = 8 mean_abs_feat_delta = 0.28237\n"}
,{"stream_name":"stdout","time":2235.424103836,"data":"EDGE_TTA_ACTIVE views = 8 mean_abs_feat_delta = 0.329018\n"}
,{"stream_name":"stdout","time":2236.296309426,"data":"SECONDARY_EDGE_TTA_ACTIVE views = 8 weight = 0.75 mean_abs_feat_delta = 0.204003\n"}
,{"stream_name":"stdout","time":2236.400774305,"data":"SECONDARY_EDGE_TTA_ACTIVE views = 8 weight = 0.75 mean_abs_feat_delta = 0.235973\n"}
,{"stream_name":"stdout","time":2237.474771378,"data":"EDGE_TTA_ACTIVE views = 8 mean_abs_feat_delta = 0.333443\n"}
,{"stream_name":"stdout","time":2237.538394511,"data":"EDGE_TTA_ACTIVE views = 8 mean_abs_feat_delta = 0.282802\n"}
,{"stream_name":"stdout","time":2238.450401245,"data":"SECONDARY_EDGE_TTA_ACTIVE views = 8 weight = 0.75 mean_abs_feat_delta = 0.23251\n"}
,{"stream_name":"stdout","time":2238.642671588,"data":"SECONDARY_EDGE_TTA_ACTIVE views = 8 weight = 0.75 mean_abs_feat_delta = 0.206577\n"}
,{"stream_name":"stdout","time":2239.565165242,"data":"EDGE_TTA_ACTIVE views = 8 mean_abs_feat_delta = 0.336707\n"}
,{"stream_name":"stdout","time":2239.939242465,"data":"EDGE_TTA_ACTIVE views = 8 mean_abs_feat_delta = 0.285432\n"}
,{"stream_name":"stdout","time":2240.539715817,"data":"SECONDARY_EDGE_TTA_ACTIVE views = 8 weight = 0.75 mean_abs_feat_delta = 0.23487\n"}
,{"stream_name":"stdout","time":2241.042299281,"data":"SECONDARY_EDGE_TTA_ACTIVE views = 8 weight = 0.75 mean_abs_feat_delta = 0.21238\n"}
,{"stream_name":"stdout","time":2241.675510483,"data":"EDGE_TTA_ACTIVE views = 8 mean_abs_feat_delta = 0.335779\n"}
,{"stream_name":"stdout","time":2242.277470712,"data":"EDGE_TTA_ACTIVE views = 8 mean_abs_feat_delta = 0.281029\n"}
,{"stream_name":"stdout","time":2242.651461959,"data":"SECONDARY_EDGE_TTA_ACTIVE views = 8 weight = 0.75 mean_abs_feat_delta = 0.236062\n"}
,{"stream_name":"stdout","time":2243.387760934,"data":"SECONDARY_EDGE_TTA_ACTIVE views = 8 weight = 0.75 mean_abs_feat_delta = 0.217798\n"}
,{"stream_name":"stdout","time":2243.744489366,"data":"EDGE_TTA_ACTIVE views = 8 mean_abs_feat_delta = 0.328211\n"}
,{"stream_name":"stdout","time":2244.670762336,"data":"EDGE_TTA_ACTIVE views = 8 mean_abs_feat_delta = 0.272919\n"}
,{"stream_name":"stdout","time":2244.718943917,"data":"SECONDARY_EDGE_TTA_ACTIVE views = 8 weight = 0.75 mean_abs_feat_delta = 0.236109\n"}
,{"stream_name":"stdout","time":2245.777908272,"data":"SECONDARY_EDGE_TTA_ACTIVE views = 8 weight = 0.75 mean_abs_feat_delta = 0.232881\n"}
,{"stream_name":"stdout","time":2245.829938733,"data":"EDGE_TTA_ACTIVE views = 8 mean_abs_feat_delta = 0.323615\n"}
,{"stream_name":"stdout","time":2246.807722749,"data":"SECONDARY_EDGE_TTA_ACTIVE views = 8 weight = 0.75 mean_abs_feat_delta = 0.237271\n"}
,{"stream_name":"stdout","time":2247.044292057,"data":"EDGE_TTA_ACTIVE views = 8 mean_abs_feat_delta = 0.279365\n"}
,{"stream_name":"stdout","time":2247.881143015,"data":"EDGE_TTA_ACTIVE views = 8 mean_abs_feat_delta = 0.324693\n"}
,{"stream_name":"stdout","time":2248.157274427,"data":"SECONDARY_EDGE_TTA_ACTIVE views = 8 weight = 0.75 mean_abs_feat_delta = 0.211001\n"}
,{"stream_name":"stdout","time":2248.854257937,"data":"SECONDARY_EDGE_TTA_ACTIVE views = 8 weight = 0.75 mean_abs_feat_delta = 0.238368\n"}
,{"stream_name":"stdout","time":2249.460363803,"data":"EDGE_TTA_ACTIVE views = 8 mean_abs_feat_delta = 0.282084\n"}
,{"stream_name":"stdout","time":2249.969373338,"data":"EDGE_TTA_ACTIVE views = 8 mean_abs_feat_delta = 0.32651\n"}
,{"stream_name":"stdout","time":2250.570311097,"data":"SECONDARY_EDGE_TTA_ACTIVE views = 8 weight = 0.75 mean_abs_feat_delta = 0.212616\n"}
,{"stream_name":"stdout","time":2250.945927338,"data":"SECONDARY_EDGE_TTA_ACTIVE views = 8 weight = 0.75 mean_abs_feat_delta = 0.238582\n"}
,{"stream_name":"stdout","time":2251.776489378,"data":"EDGE_TTA_ACTIVE views = 8 mean_abs_feat_delta = 0.283885\n"}
,{"stream_name":"stdout","time":2252.01792935,"data":"EDGE_TTA_ACTIVE views = 8 mean_abs_feat_delta = 0.328408\n"}
,{"stream_name":"stdout","time":2252.886756489,"data":"SECONDARY_EDGE_TTA_ACTIVE views = 8 weight = 0.75 mean_abs_feat_delta = 0.21261\n"}
,{"stream_name":"stdout","time":2252.993664082,"data":"SECONDARY_EDGE_TTA_ACTIVE views = 8 weight = 0.75 mean_abs_feat_delta = 0.239577\n"}
,{"stream_name":"stdout","time":2254.097671009,"data":"EDGE_TTA_ACTIVE views = 8 mean_abs_feat_delta = 0.284012\n"}
,{"stream_name":"stdout","time":2254.106902123,"data":"EDGE_TTA_ACTIVE views = 8 mean_abs_feat_delta = 0.328975\n"}
,{"stream_name":"stdout","time":2255.083884567,"data":"SECONDARY_EDGE_TTA_ACTIVE views = 8 weight = 0.75 mean_abs_feat_delta = 0.236484\n"}
,{"stream_name":"stdout","time":2255.207338072,"data":"SECONDARY_EDGE_TTA_ACTIVE views = 8 weight = 0.75 mean_abs_feat_delta = 0.212811\n"}
,{"stream_name":"stdout","time":2256.311117651,"data":"EDGE_TTA_ACTIVE views = 8 mean_abs_feat_delta = 0.329898\n"}
,{"stream_name":"stdout","time":2256.465334599,"data":"EDGE_TTA_ACTIVE views = 8 mean_abs_feat_delta = 0.28661\n"}
,{"stream_name":"stdout","time":2257.131421394,"data":"SECONDARY_EDGE_TTA_ACTIVE views = 8 weight = 0.75 mean_abs_feat_delta = 0.237993\n"}
,{"stream_name":"stdout","time":2257.575775219,"data":"SECONDARY_EDGE_TTA_ACTIVE views = 8 weight = 0.75 mean_abs_feat_delta = 0.215936\n"}
,{"stream_name":"stdout","time":2258.242603246,"data":"EDGE_TTA_ACTIVE views = 8 mean_abs_feat_delta = 0.327894\n"}
,{"stream_name":"stdout","time":2258.816852915,"data":"EDGE_TTA_ACTIVE views = 8 mean_abs_feat_delta = 0.287228\n"}
,{"stream_name":"stdout","time":2259.217437449,"data":"SECONDARY_EDGE_TTA_ACTIVE views = 8 weight = 0.75 mean_abs_feat_delta = 0.237807\n"}
,{"stream_name":"stdout","time":2259.92822053,"data":"SECONDARY_EDGE_TTA_ACTIVE views = 8 weight = 0.75 mean_abs_feat_delta = 0.218047\n"}
,{"stream_name":"stdout","time":2260.329513135,"data":"EDGE_TTA_ACTIVE views = 8 mean_abs_feat_delta = 0.327075\n"}
,{"stream_name":"stdout","time":2261.188548986,"data":"EDGE_TTA_ACTIVE views = 8 mean_abs_feat_delta = 0.285405\n"}
,{"stream_name":"stdout","time":2261.305081,"data":"SECONDARY_EDGE_TTA_ACTIVE views = 8 weight = 0.75 mean_abs_feat_delta = 0.23964\n"}
,{"stream_name":"stdout","time":2262.295426296,"data":"SECONDARY_EDGE_TTA_ACTIVE views = 8 weight = 0.75 mean_abs_feat_delta = 0.215395\n"}
,{"stream_name":"stdout","time":2262.41737414,"data":"EDGE_TTA_ACTIVE views = 8 mean_abs_feat_delta = 0.325235\n"}
,{"stream_name":"stdout","time":2263.391338532,"data":"SECONDARY_EDGE_TTA_ACTIVE views = 8 weight = 0.75 mean_abs_feat_delta = 0.238017\n"}
,{"stream_name":"stdout","time":2263.502366381,"data":"EDGE_TTA_ACTIVE views = 8 mean_abs_feat_delta = 0.28492\n"}
,{"stream_name":"stdout","time":2264.523358875,"data":"EDGE_TTA_ACTIVE views = 8 mean_abs_feat_delta = 0.322041\n"}
,{"stream_name":"stdout","time":2264.607557773,"data":"SECONDARY_EDGE_TTA_ACTIVE views = 8 weight = 0.75 mean_abs_feat_delta = 0.212795\n"}
,{"stream_name":"stdout","time":2265.496863373,"data":"SECONDARY_EDGE_TTA_ACTIVE views = 8 weight = 0.75 mean_abs_feat_delta = 0.238274\n"}
,{"stream_name":"stdout","time":2265.890983583,"data":"EDGE_TTA_ACTIVE views = 8 mean_abs_feat_delta = 0.283264\n"}
,{"stream_name":"stdout","time":2266.567596026,"data":"EDGE_TTA_ACTIVE views = 8 mean_abs_feat_delta = 0.322646\n"}
,{"stream_name":"stdout","time":2266.999420315,"data":"SECONDARY_EDGE_TTA_ACTIVE views = 8 weight = 0.75 mean_abs_feat_delta = 0.216027\n"}
,{"stream_name":"stdout","time":2267.541932152,"data":"SECONDARY_EDGE_TTA_ACTIVE views = 8 weight = 0.75 mean_abs_feat_delta = 0.237859\n"}
,{"stream_name":"stdout","time":2268.258277209,"data":"EDGE_TTA_ACTIVE views = 8 mean_abs_feat_delta = 0.283715\n"}
,{"stream_name":"stdout","time":2268.613680979,"data":"EDGE_TTA_ACTIVE views = 8 mean_abs_feat_delta = 0.321154\n"}
,{"stream_name":"stdout","time":2269.360088953,"data":"SECONDARY_EDGE_TTA_ACTIVE views = 8 weight = 0.75 mean_abs_feat_delta = 0.216681\n"}
,{"stream_name":"stdout","time":2269.588408427,"data":"SECONDARY_EDGE_TTA_ACTIVE views = 8 weight = 0.75 mean_abs_feat_delta = 0.240778\n"}
,{"stream_name":"stdout","time":2270.610561067,"data":"EDGE_TTA_ACTIVE views = 8 mean_abs_feat_delta = 0.283294\n"}
,{"stream_name":"stdout","time":2270.740095987,"data":"EDGE_TTA_ACTIVE views = 8 mean_abs_feat_delta = 0.323674\n"}
,{"stream_name":"stdout","time":2271.711409425,"data":"SECONDARY_EDGE_TTA_ACTIVE views = 8 weight = 0.75 mean_abs_feat_delta = 0.219376\n"}
,{"stream_name":"stdout","time":2271.712439184,"data":"SECONDARY_EDGE_TTA_ACTIVE views = 8 weight = 0.75 mean_abs_feat_delta = 0.237089\n"}
,{"stream_name":"stdout","time":2272.817841188,"data":"EDGE_TTA_ACTIVE views = 8 mean_abs_feat_delta = 0.323378\n"}
,{"stream_name":"stdout","time":2272.943578715,"data":"EDGE_TTA_ACTIVE views = 8 mean_abs_feat_delta = 0.286449\n"}
,{"stream_name":"stdout","time":2273.797242201,"data":"SECONDARY_EDGE_TTA_ACTIVE views = 8 weight = 0.75 mean_abs_feat_delta = 0.235941\n"}
,{"stream_name":"stdout","time":2274.041226858,"data":"SECONDARY_EDGE_TTA_ACTIVE views = 8 weight = 0.75 mean_abs_feat_delta = 0.218097\n"}
,{"stream_name":"stdout","time":2274.869323672,"data":"EDGE_TTA_ACTIVE views = 8 mean_abs_feat_delta = 0.321629\n"}
,{"stream_name":"stdout","time":2275.239147423,"data":"EDGE_TTA_ACTIVE views = 8 mean_abs_feat_delta = 0.290051\n"}
,{"stream_name":"stdout","time":2275.844221068,"data":"SECONDARY_EDGE_TTA_ACTIVE views = 8 weight = 0.75 mean_abs_feat_delta = 0.235451\n"}
,{"stream_name":"stdout","time":2276.334620578,"data":"SECONDARY_EDGE_TTA_ACTIVE views = 8 weight = 0.75 mean_abs_feat_delta = 0.217645\n"}
,{"stream_name":"stdout","time":2276.914147218,"data":"EDGE_TTA_ACTIVE views = 8 mean_abs_feat_delta = 0.318921\n"}
,{"stream_name":"stdout","time":2277.556793986,"data":"EDGE_TTA_ACTIVE views = 8 mean_abs_feat_delta = 0.289497\n"}
,{"stream_name":"stdout","time":2277.888095262,"data":"SECONDARY_EDGE_TTA_ACTIVE views = 8 weight = 0.75 mean_abs_feat_delta = 0.232827\n"}
,{"stream_name":"stdout","time":2278.64929791,"data":"SECONDARY_EDGE_TTA_ACTIVE views = 8 weight = 0.75 mean_abs_feat_delta = 0.217868\n"}
,{"stream_name":"stdout","time":2278.957932626,"data":"EDGE_TTA_ACTIVE views = 8 mean_abs_feat_delta = 0.320734\n"}
,{"stream_name":"stdout","time":2279.912910521,"data":"EDGE_TTA_ACTIVE views = 8 mean_abs_feat_delta = 0.282987\n"}
,{"stream_name":"stdout","time":2279.931723132,"data":"SECONDARY_EDGE_TTA_ACTIVE views = 8 weight = 0.75 mean_abs_feat_delta = 0.235531\n"}
,{"stream_name":"stdout","time":2281.005353981,"data":"EDGE_TTA_ACTIVE views = 8 mean_abs_feat_delta = 0.323839\n"}
,{"stream_name":"stdout","time":2281.006987488,"data":"SECONDARY_EDGE_TTA_ACTIVE views = 8 weight = 0.75 mean_abs_feat_delta = 0.23668\n"}
,{"stream_name":"stdout","time":2281.978029387,"data":"SECONDARY_EDGE_TTA_ACTIVE views = 8 weight = 0.75 mean_abs_feat_delta = 0.232285\n"}
,{"stream_name":"stdout","time":2282.201855899,"data":"EDGE_TTA_ACTIVE views = 8 mean_abs_feat_delta = 0.285694\n"}
,{"stream_name":"stdout","time":2283.024491279,"data":"EDGE_TTA_ACTIVE views = 8 mean_abs_feat_delta = 0.322788\n"}
,{"stream_name":"stdout","time":2283.290851173,"data":"SECONDARY_EDGE_TTA_ACTIVE views = 8 weight = 0.75 mean_abs_feat_delta = 0.216736\n"}
,{"stream_name":"stdout","time":2284.003140471,"data":"SECONDARY_EDGE_TTA_ACTIVE views = 8 weight = 0.75 mean_abs_feat_delta = 0.230336\n"}
,{"stream_name":"stdout","time":2284.50826621,"data":"EDGE_TTA_ACTIVE views = 8 mean_abs_feat_delta = 0.282414\n"}
,{"stream_name":"stdout","time":2285.036628264,"data":"EDGE_TTA_ACTIVE views = 8 mean_abs_feat_delta = 0.32248\n"}
,{"stream_name":"stdout","time":2285.597807841,"data":"SECONDARY_EDGE_TTA_ACTIVE views = 8 weight = 0.75 mean_abs_feat_delta = 0.223107\n"}
,{"stream_name":"stdout","time":2286.01003348,"data":"SECONDARY_EDGE_TTA_ACTIVE views = 8 weight = 0.75 mean_abs_feat_delta = 0.230028\n"}
,{"stream_name":"stdout","time":2287.005002449,"data":"EDGE_TTA_ACTIVE views = 8 mean_abs_feat_delta = 0.285759\n"}
,{"stream_name":"stdout","time":2287.082407539,"data":"EDGE_TTA_ACTIVE views = 8 mean_abs_feat_delta = 0.319289\n"}
,{"stream_name":"stdout","time":2287.935863164,"data":"SECONDARY_EDGE_TTA_ACTIVE views = 8 weight = 0.75 mean_abs_feat_delta = 0.217137\n"}
,{"stream_name":"stdout","time":2288.055187722,"data":"SECONDARY_EDGE_TTA_ACTIVE views = 8 weight = 0.75 mean_abs_feat_delta = 0.22852\n"}
,{"stream_name":"stdout","time":2289.127289144,"data":"EDGE_TTA_ACTIVE views = 8 mean_abs_feat_delta = 0.283365\n"}
,{"stream_name":"stdout","time":2289.127569414,"data":"EDGE_TTA_ACTIVE views = 8 mean_abs_feat_delta = 0.321281\n"}
,{"stream_name":"stdout","time":2290.099755278,"data":"SECONDARY_EDGE_TTA_ACTIVE views = 8 weight = 0.75 mean_abs_feat_delta = 0.229654\n"}
,{"stream_name":"stdout","time":2290.216783381,"data":"SECONDARY_EDGE_TTA_ACTIVE views = 8 weight = 0.75 mean_abs_feat_delta = 0.213965\n"}
,{"stream_name":"stdout","time":2291.171586841,"data":"EDGE_TTA_ACTIVE views = 8 mean_abs_feat_delta = 0.320096\n"}
,{"stream_name":"stdout","time":2291.427848807,"data":"EDGE_TTA_ACTIVE views = 8 mean_abs_feat_delta = 0.283423\n"}
,{"stream_name":"stdout","time":2292.143428264,"data":"SECONDARY_EDGE_TTA_ACTIVE views = 8 weight = 0.75 mean_abs_feat_delta = 0.233875\n"}
,{"stream_name":"stdout","time":2292.515102649,"data":"SECONDARY_EDGE_TTA_ACTIVE views = 8 weight = 0.75 mean_abs_feat_delta = 0.217877\n"}
,{"stream_name":"stdout","time":2293.276086429,"data":"EDGE_TTA_ACTIVE views = 8 mean_abs_feat_delta = 0.322533\n"}
,{"stream_name":"stdout","time":2293.772431421,"data":"EDGE_TTA_ACTIVE views = 8 mean_abs_feat_delta = 0.280705\n"}
,{"stream_name":"stdout","time":2294.247523344,"data":"SECONDARY_EDGE_TTA_ACTIVE views = 8 weight = 0.75 mean_abs_feat_delta = 0.236398\n"}
,{"stream_name":"stdout","time":2294.864296328,"data":"SECONDARY_EDGE_TTA_ACTIVE views = 8 weight = 0.75 mean_abs_feat_delta = 0.214735\n"}
,{"stream_name":"stdout","time":2295.363417284,"data":"EDGE_TTA_ACTIVE views = 8 mean_abs_feat_delta = 0.324871\n"}
,{"stream_name":"stdout","time":2296.0543807,"data":"EDGE_TTA_ACTIVE views = 8 mean_abs_feat_delta = 0.284385\n"}
,{"stream_name":"stdout","time":2296.332559539,"data":"SECONDARY_EDGE_TTA_ACTIVE views = 8 weight = 0.75 mean_abs_feat_delta = 0.231312\n"}
,{"stream_name":"stdout","time":2297.149021488,"data":"SECONDARY_EDGE_TTA_ACTIVE views = 8 weight = 0.75 mean_abs_feat_delta = 0.214595\n"}
,{"stream_name":"stdout","time":2297.46652567,"data":"EDGE_TTA_ACTIVE views = 8 mean_abs_feat_delta = 0.322556\n"}
,{"stream_name":"stdout","time":2298.389055827,"data":"EDGE_TTA_ACTIVE views = 8 mean_abs_feat_delta = 0.285391\n"}
,{"stream_name":"stdout","time":2298.439825329,"data":"SECONDARY_EDGE_TTA_ACTIVE views = 8 weight = 0.75 mean_abs_feat_delta = 0.231049\n"}
,{"stream_name":"stdout","time":2299.482763896,"data":"SECONDARY_EDGE_TTA_ACTIVE views = 8 weight = 0.75 mean_abs_feat_delta = 0.214519\n"}
,{"stream_name":"stdout","time":2299.513305445,"data":"EDGE_TTA_ACTIVE views = 8 mean_abs_feat_delta = 0.320114\n"}
,{"stream_name":"stdout","time":2300.483747727,"data":"SECONDARY_EDGE_TTA_ACTIVE views = 8 weight = 0.75 mean_abs_feat_delta = 0.231387\n"}
,{"stream_name":"stdout","time":2300.697793933,"data":"EDGE_TTA_ACTIVE views = 8 mean_abs_feat_delta = 0.282606\n"}
,{"stream_name":"stdout","time":2301.61884105,"data":"EDGE_TTA_ACTIVE views = 8 mean_abs_feat_delta = 0.318514\n"}
,{"stream_name":"stdout","time":2301.790617728,"data":"SECONDARY_EDGE_TTA_ACTIVE views = 8 weight = 0.75 mean_abs_feat_delta = 0.221862\n"}
,{"stream_name":"stdout","time":2302.59199546,"data":"SECONDARY_EDGE_TTA_ACTIVE views = 8 weight = 0.75 mean_abs_feat_delta = 0.228925\n"}
,{"stream_name":"stdout","time":2303.049223917,"data":"EDGE_TTA_ACTIVE views = 8 mean_abs_feat_delta = 0.275618\n"}
,{"stream_name":"stdout","time":2303.66484556,"data":"EDGE_TTA_ACTIVE views = 8 mean_abs_feat_delta = 0.322403\n"}
,{"stream_name":"stdout","time":2304.141881028,"data":"SECONDARY_EDGE_TTA_ACTIVE views = 8 weight = 0.75 mean_abs_feat_delta = 0.241752\n"}
,{"stream_name":"stdout","time":2304.638512311,"data":"SECONDARY_EDGE_TTA_ACTIVE views = 8 weight = 0.75 mean_abs_feat_delta = 0.233001\n"}
,{"stream_name":"stdout","time":2305.351624479,"data":"EDGE_TTA_ACTIVE views = 8 mean_abs_feat_delta = 0.28438\n"}
,{"stream_name":"stdout","time":2305.694087369,"data":"EDGE_TTA_ACTIVE views = 8 mean_abs_feat_delta = 0.320312\n"}
,{"stream_name":"stdout","time":2306.44181683,"data":"SECONDARY_EDGE_TTA_ACTIVE views = 8 weight = 0.75 mean_abs_feat_delta = 0.223141\n"}
,{"stream_name":"stdout","time":2306.666138039,"data":"SECONDARY_EDGE_TTA_ACTIVE views = 8 weight = 0.75 mean_abs_feat_delta = 0.231556\n"}
,{"stream_name":"stdout","time":2307.654348497,"data":"EDGE_TTA_ACTIVE views = 8 mean_abs_feat_delta = 0.289699\n"}
,{"stream_name":"stdout","time":2307.73978179,"data":"EDGE_TTA_ACTIVE views = 8 mean_abs_feat_delta = 0.324015\n"}
,{"stream_name":"stdout","time":2308.715046147,"data":"SECONDARY_EDGE_TTA_ACTIVE views = 8 weight = 0.75 mean_abs_feat_delta = 0.231264\n"}
,{"stream_name":"stdout","time":2308.748145041,"data":"SECONDARY_EDGE_TTA_ACTIVE views = 8 weight = 0.75 mean_abs_feat_delta = 0.222445\n"}
,{"stream_name":"stdout","time":2309.750526236,"data":"EDGE_TTA_ACTIVE views = 8 mean_abs_feat_delta = 0.326506\n"}
,{"stream_name":"stdout","time":2310.036001962,"data":"EDGE_TTA_ACTIVE views = 8 mean_abs_feat_delta = 0.289712\n"}
,{"stream_name":"stdout","time":2310.721532756,"data":"SECONDARY_EDGE_TTA_ACTIVE views = 8 weight = 0.75 mean_abs_feat_delta = 0.229436\n"}
,{"stream_name":"stdout","time":2311.127489156,"data":"SECONDARY_EDGE_TTA_ACTIVE views = 8 weight = 0.75 mean_abs_feat_delta = 0.221178\n"}
,{"stream_name":"stdout","time":2311.81625783,"data":"EDGE_TTA_ACTIVE views = 8 mean_abs_feat_delta = 0.326088\n"}
,{"stream_name":"stdout","time":2312.396974855,"data":"EDGE_TTA_ACTIVE views = 8 mean_abs_feat_delta = 0.28685\n"}
,{"stream_name":"stdout","time":2312.788794081,"data":"SECONDARY_EDGE_TTA_ACTIVE views = 8 weight = 0.75 mean_abs_feat_delta = 0.229138\n"}
,{"stream_name":"stdout","time":2313.488082122,"data":"SECONDARY_EDGE_TTA_ACTIVE views = 8 weight = 0.75 mean_abs_feat_delta = 0.2276\n"}
,{"stream_name":"stdout","time":2313.842171574,"data":"EDGE_TTA_ACTIVE views = 8 mean_abs_feat_delta = 0.325667\n"}
,{"stream_name":"stdout","time":2314.765227471,"data":"EDGE_TTA_ACTIVE views = 8 mean_abs_feat_delta = 0.276535\n"}
,{"stream_name":"stdout","time":2314.813936869,"data":"SECONDARY_EDGE_TTA_ACTIVE views = 8 weight = 0.75 mean_abs_feat_delta = 0.22983\n"}
,{"stream_name":"stdout","time":2315.859274168,"data":"SECONDARY_EDGE_TTA_ACTIVE views = 8 weight = 0.75 mean_abs_feat_delta = 0.249655\n"}
,{"stream_name":"stdout","time":2315.881322989,"data":"EDGE_TTA_ACTIVE views = 8 mean_abs_feat_delta = 0.328685\n"}
,{"stream_name":"stdout","time":2316.858591839,"data":"SECONDARY_EDGE_TTA_ACTIVE views = 8 weight = 0.75 mean_abs_feat_delta = 0.230204\n"}
,{"stream_name":"stdout","time":2317.244120786,"data":"EDGE_TTA_ACTIVE views = 8 mean_abs_feat_delta = 0.287692\n"}
,{"stream_name":"stdout","time":2317.96007127,"data":"EDGE_TTA_ACTIVE views = 8 mean_abs_feat_delta = 0.327838\n"}
,{"stream_name":"stdout","time":2318.172027224,"data":"SECONDARY_EDGE_TTA_ACTIVE views = 8 weight = 0.75 mean_abs_feat_delta = 0.222273\n"}
,{"stream_name":"stdout","time":2318.933115612,"data":"SECONDARY_EDGE_TTA_ACTIVE views = 8 weight = 0.75 mean_abs_feat_delta = 0.230942\n"}
,{"stream_name":"stdout","time":2319.431780186,"data":"EDGE_TTA_ACTIVE views = 8 mean_abs_feat_delta = 0.280114\n"}
,{"stream_name":"stdout","time":2320.027392085,"data":"EDGE_TTA_ACTIVE views = 8 mean_abs_feat_delta = 0.330718\n"}
,{"stream_name":"stdout","time":2320.525734439,"data":"SECONDARY_EDGE_TTA_ACTIVE views = 8 weight = 0.75 mean_abs_feat_delta = 0.238191\n"}
,{"stream_name":"stdout","time":2321.000944001,"data":"SECONDARY_EDGE_TTA_ACTIVE views = 8 weight = 0.75 mean_abs_feat_delta = 0.226047\n"}
,{"stream_name":"stdout","time":2321.806086186,"data":"EDGE_TTA_ACTIVE views = 8 mean_abs_feat_delta = 0.287119\n"}
,{"stream_name":"stdout","time":2322.900168665,"data":"SECONDARY_EDGE_TTA_ACTIVE views = 8 weight = 0.75 mean_abs_feat_delta = 0.222817\n"}
,{"stream_name":"stdout","time":2324.221588891,"data":"EDGE_TTA_ACTIVE views = 8 mean_abs_feat_delta = 0.282418\n"}
,{"stream_name":"stdout","time":2325.318755352,"data":"SECONDARY_EDGE_TTA_ACTIVE views = 8 weight = 0.75 mean_abs_feat_delta = 0.228649\n"}
,{"stream_name":"stdout","time":2326.538928713,"data":"EDGE_TTA_ACTIVE views = 8 mean_abs_feat_delta = 0.275023\n"}
,{"stream_name":"stdout","time":2326.777257035,"data":"Saved 4 predictions to /kaggle/working/tracking_repo/predictions/unknown/unet_transformer_val_gpu0/split_0\n"}
,{"stream_name":"stdout","time":2327.633611536,"data":"SECONDARY_EDGE_TTA_ACTIVE views = 8 weight = 0.75 mean_abs_feat_delta = 0.244711\n"}
,{"stream_name":"stdout","time":2328.826506772,"data":"EDGE_TTA_ACTIVE views = 8 mean_abs_feat_delta = 0.279236\n"}
,{"stream_name":"stdout","time":2329.923445033,"data":"SECONDARY_EDGE_TTA_ACTIVE views = 8 weight = 0.75 mean_abs_feat_delta = 0.224498\n"}
,{"stream_name":"stdout","time":2331.193858622,"data":"EDGE_TTA_ACTIVE views = 8 mean_abs_feat_delta = 0.280951\n"}
,{"stream_name":"stdout","time":2332.294110819,"data":"SECONDARY_EDGE_TTA_ACTIVE views = 8 weight = 0.75 mean_abs_feat_delta = 0.222975\n"}
,{"stream_name":"stdout","time":2333.535693643,"data":"EDGE_TTA_ACTIVE views = 8 mean_abs_feat_delta = 0.282683\n"}
,{"stream_name":"stdout","time":2334.634895257,"data":"SECONDARY_EDGE_TTA_ACTIVE views = 8 weight = 0.75 mean_abs_feat_delta = 0.216934\n"}
,{"stream_name":"stdout","time":2335.82448149,"data":"EDGE_TTA_ACTIVE views = 8 mean_abs_feat_delta = 0.279078\n"}
,{"stream_name":"stdout","time":2336.925595133,"data":"SECONDARY_EDGE_TTA_ACTIVE views = 8 weight = 0.75 mean_abs_feat_delta = 0.233215\n"}
,{"stream_name":"stdout","time":2338.176048582,"data":"EDGE_TTA_ACTIVE views = 8 mean_abs_feat_delta = 0.283394\n"}
,{"stream_name":"stdout","time":2339.277137428,"data":"SECONDARY_EDGE_TTA_ACTIVE views = 8 weight = 0.75 mean_abs_feat_delta = 0.22335\n"}
,{"stream_name":"stdout","time":2340.503226133,"data":"EDGE_TTA_ACTIVE views = 8 mean_abs_feat_delta = 0.281801\n"}
,{"stream_name":"stdout","time":2341.60570857,"data":"SECONDARY_EDGE_TTA_ACTIVE views = 8 weight = 0.75 mean_abs_feat_delta = 0.223991\n"}
,{"stream_name":"stdout","time":2342.837177102,"data":"EDGE_TTA_ACTIVE views = 8 mean_abs_feat_delta = 0.283172\n"}
,{"stream_name":"stdout","time":2343.938205748,"data":"SECONDARY_EDGE_TTA_ACTIVE views = 8 weight = 0.75 mean_abs_feat_delta = 0.226702\n"}
,{"stream_name":"stdout","time":2345.191556685,"data":"EDGE_TTA_ACTIVE views = 8 mean_abs_feat_delta = 0.281577\n"}
,{"stream_name":"stdout","time":2346.292108855,"data":"SECONDARY_EDGE_TTA_ACTIVE views = 8 weight = 0.75 mean_abs_feat_delta = 0.212977\n"}
,{"stream_name":"stdout","time":2347.608002354,"data":"EDGE_TTA_ACTIVE views = 8 mean_abs_feat_delta = 0.286587\n"}
,{"stream_name":"stdout","time":2348.610181168,"data":"SECONDARY_EDGE_TTA_ACTIVE views = 8 weight = 0.75 mean_abs_feat_delta = 0.21183\n"}
,{"stream_name":"stdout","time":2349.831396345,"data":"EDGE_TTA_ACTIVE views = 8 mean_abs_feat_delta = 0.290972\n"}
,{"stream_name":"stdout","time":2350.929259147,"data":"SECONDARY_EDGE_TTA_ACTIVE views = 8 weight = 0.75 mean_abs_feat_delta = 0.224569\n"}
,{"stream_name":"stdout","time":2352.154005134,"data":"EDGE_TTA_ACTIVE views = 8 mean_abs_feat_delta = 0.288332\n"}
,{"stream_name":"stdout","time":2353.256827974,"data":"SECONDARY_EDGE_TTA_ACTIVE views = 8 weight = 0.75 mean_abs_feat_delta = 0.225751\n"}
,{"stream_name":"stdout","time":2354.535206394,"data":"EDGE_TTA_ACTIVE views = 8 mean_abs_feat_delta = 0.29016\n"}
,{"stream_name":"stdout","time":2355.636814808,"data":"SECONDARY_EDGE_TTA_ACTIVE views = 8 weight = 0.75 mean_abs_feat_delta = 0.228961\n"}
,{"stream_name":"stdout","time":2356.893960076,"data":"EDGE_TTA_ACTIVE views = 8 mean_abs_feat_delta = 0.292393\n"}
,{"stream_name":"stdout","time":2357.996531228,"data":"SECONDARY_EDGE_TTA_ACTIVE views = 8 weight = 0.75 mean_abs_feat_delta = 0.223144\n"}
,{"stream_name":"stdout","time":2359.252348505,"data":"EDGE_TTA_ACTIVE views = 8 mean_abs_feat_delta = 0.284525\n"}
,{"stream_name":"stdout","time":2360.349795529,"data":"SECONDARY_EDGE_TTA_ACTIVE views = 8 weight = 0.75 mean_abs_feat_delta = 0.24042\n"}
,{"stream_name":"stdout","time":2389.515575436,"data":"Saved 4 predictions to /kaggle/working/tracking_repo/predictions/unknown/unet_transformer_val_gpu1/split_0\n"}
,{"stream_name":"stdout","time":2391.255254988,"data":"VALIDATOR prediction minutes: 16.57\n"}
,{"stream_name":"stdout","time":2456.253738178,"data":"[44b6_12dfb391] after edge-filter+motion-relink: 45351 nodes, 43045 edges\n"}
,{"stream_name":"stdout","time":2468.648571766,"data":"[44b6_12dfb391] after gap-closing (single-frame + gap2): 46006 nodes, 44284 edges\n"}
,{"stream_name":"stdout","time":2499.762961242,"data":"[44b6_12dfb391] after safe-division repair: 46006 nodes, 44361 edges (geometric_candidates = 1166, deepcenter_rejected = 1083, post_veto_candidates = 83, added = 77, cap_skipped = 0, mutual_nn_rejected = 59, divergence_rejected = 541)\n"}
,{"stream_name":"stdout","time":2499.762998493,"data":"[44b6_12dfb391] after division-geometry-filter+prune-isolated: 46004 nodes, 44361 edges\n"}
,{"stream_name":"stdout","time":2499.763004914,"data":"[44b6_12dfb391] after short-track filtering: 44969 nodes, 43559 edges (components_removed = 233)\n"}
,{"stream_name":"stdout","time":2507.793120336,"data":"[44b6_12dfb391] FINAL: 44969 nodes, 43559 edges\n"}
,{"stream_name":"stdout","time":2524.418153825,"data":"[44b6_267148e4] after edge-filter+motion-relink: 22829 nodes, 21448 edges\n"}
,{"stream_name":"stdout","time":2535.232858484,"data":"[44b6_267148e4] after gap-closing (single-frame + gap2): 23070 nodes, 21883 edges\n"}
,{"stream_name":"stdout","time":2566.577351875,"data":"[44b6_267148e4] after safe-division repair: 23070 nodes, 21947 edges (geometric_candidates = 856, deepcenter_rejected = 706, post_veto_candidates = 150, added = 64, cap_skipped = 0, mutual_nn_rejected = 133, divergence_rejected = 408)\n"}
,{"stream_name":"stdout","time":2566.577396383,"data":"[44b6_267148e4] after division-geometry-filter+prune-isolated: 23010 nodes, 21947 edges\n"}
,{"stream_name":"stdout","time":2566.57740485,"data":"[44b6_267148e4] after short-track filtering: 22300 nodes, 21409 edges (components_removed = 172)\n"}
,{"stream_name":"stdout","time":2570.627036875,"data":"[44b6_267148e4] FINAL: 22300 nodes, 21409 edges\n"}
,{"stream_name":"stdout","time":2620.542293754,"data":"[44b6_2a2eff9f] after edge-filter+motion-relink: 40928 nodes, 38433 edges\n"}
,{"stream_name":"stdout","time":2634.75662245,"data":"[44b6_2a2eff9f] after gap-closing (single-frame + gap2): 41455 nodes, 39412 edges\n"}
,{"stream_name":"stdout","time":2666.715111608,"data":"[44b6_2a2eff9f] after safe-division repair: 41455 nodes, 39500 edges (geometric_candidates = 1337, deepcenter_rejected = 1241, post_veto_candidates = 96, added = 88, cap_skipped = 0, mutual_nn_rejected = 74, divergence_rejected = 609)\n"}
,{"stream_name":"stdout","time":2666.715155089,"data":"[44b6_2a2eff9f] after division-geometry-filter+prune-isolated: 41451 nodes, 39500 edges\n"}
,{"stream_name":"stdout","time":2666.715163139,"data":"[44b6_2a2eff9f] after short-track filtering: 40164 nodes, 38503 edges (components_removed = 290)\n"}
,{"stream_name":"stdout","time":2674.099025187,"data":"[44b6_2a2eff9f] FINAL: 40164 nodes, 38503 edges\n"}
,{"stream_name":"stdout","time":2676.547454442,"data":"[44b6_341df25f] after edge-filter+motion-relink: 8523 nodes, 8210 edges\n"}
,{"stream_name":"stdout","time":2678.141864338,"data":"[44b6_341df25f] after gap-closing (single-frame + gap2): 8569 nodes, 8290 edges\n"}
,{"stream_name":"stdout","time":2699.463773922,"data":"[44b6_341df25f] after safe-division repair: 8569 nodes, 8311 edges (geometric_candidates = 134, deepcenter_rejected = 109, post_veto_candidates = 25, added = 21, cap_skipped = 0, mutual_nn_rejected = 3, divergence_rejected = 42)\n"}
,{"stream_name":"stdout","time":2699.463807856,"data":"[44b6_341df25f] after division-geometry-filter+prune-isolated: 8569 nodes, 8311 edges\n"}
,{"stream_name":"stdout","time":2699.463813951,"data":"[44b6_341df25f] after short-track filtering: 8423 nodes, 8197 edges (components_removed = 32)\n"}
,{"stream_name":"stdout","time":2700.845038218,"data":"[44b6_341df25f] FINAL: 8423 nodes, 8197 edges\n"}
,{"stream_name":"stdout","time":2702.12720997,"data":"[6bba_062c8d37] after edge-filter+motion-relink: 5997 nodes, 5645 edges\n"}
,{"stream_name":"stdout","time":2703.158847832,"data":"[6bba_062c8d37] after gap-closing (single-frame + gap2): 6048 nodes, 5740 edges\n"}
,{"stream_name":"stdout","time":2716.057695919,"data":"[6bba_062c8d37] after safe-division repair: 6048 nodes, 5753 edges (geometric_candidates = 59, deepcenter_rejected = 41, post_veto_candidates = 18, added = 13, cap_skipped = 0, mutual_nn_rejected = 3, divergence_rejected = 22)\n"}
,{"stream_name":"stdout","time":2716.057761093,"data":"[6bba_062c8d37] after division-geometry-filter+prune-isolated: 6022 nodes, 5753 edges\n"}
,{"stream_name":"stdout","time":2716.057769199,"data":"[6bba_062c8d37] after short-track filtering: 5857 nodes, 5632 edges (components_removed = 44)\n"}
,{"stream_name":"stdout","time":2717.301818997,"data":"[6bba_062c8d37] FINAL: 5857 nodes, 5632 edges\n"}
,{"stream_name":"stdout","time":2744.285754311,"data":"[6bba_07e24132] after edge-filter+motion-relink: 29751 nodes, 28214 edges\n"}
,{"stream_name":"stdout","time":2753.761731021,"data":"[6bba_07e24132] after gap-closing (single-frame + gap2): 30087 nodes, 28828 edges\n"}
,{"stream_name":"stdout","time":2783.538145106,"data":"[6bba_07e24132] after safe-division repair: 30087 nodes, 28858 edges (geometric_candidates = 793, deepcenter_rejected = 744, post_veto_candidates = 49, added = 30, cap_skipped = 0, mutual_nn_rejected = 69, divergence_rejected = 331)\n"}
,{"stream_name":"stdout","time":2783.538179568,"data":"[6bba_07e24132] after division-geometry-filter+prune-isolated: 30080 nodes, 28858 edges\n"}
,{"stream_name":"stdout","time":2783.5382199,"data":"[6bba_07e24132] after short-track filtering: 29204 nodes, 28184 edges (components_removed = 202)\n"}
,{"stream_name":"stdout","time":2788.719000312,"data":"[6bba_07e24132] FINAL: 29204 nodes, 28184 edges\n"}
,{"stream_name":"stdout","time":2791.30231084,"data":"[6bba_085bf656] after edge-filter+motion-relink: 8417 nodes, 8092 edges\n"}
,{"stream_name":"stdout","time":2791.867402801,"data":"[6bba_085bf656] after gap-closing (single-frame + gap2): 8438 nodes, 8131 edges\n"}
,{"stream_name":"stdout","time":2807.077889287,"data":"[6bba_085bf656] after safe-division repair: 8438 nodes, 8144 edges (geometric_candidates = 100, deepcenter_rejected = 84, post_veto_candidates = 16, added = 13, cap_skipped = 0, mutual_nn_rejected = 4, divergence_rejected = 23)\n"}
,{"stream_name":"stdout","time":2807.077939527,"data":"[6bba_085bf656] after division-geometry-filter+prune-isolated: 8435 nodes, 8144 edges\n"}
,{"stream_name":"stdout","time":2807.077945441,"data":"[6bba_085bf656] after short-track filtering: 8300 nodes, 8039 edges (components_removed = 30)\n"}
,{"stream_name":"stdout","time":2808.601317327,"data":"[6bba_085bf656] FINAL: 8300 nodes, 8039 edges\n"}
,{"stream_name":"stdout","time":2835.734945873,"data":"[6bba_09961292] after edge-filter+motion-relink: 29955 nodes, 28814 edges\n"}
,{"stream_name":"stdout","time":2843.753924724,"data":"[6bba_09961292] after gap-closing (single-frame + gap2): 30171 nodes, 29207 edges\n"}
,{"stream_name":"stdout","time":2870.835985967,"data":"[6bba_09961292] after safe-division repair: 30171 nodes, 29269 edges (geometric_candidates = 807, deepcenter_rejected = 669, post_veto_candidates = 138, added = 62, cap_skipped = 0, mutual_nn_rejected = 73, divergence_rejected = 279)\n"}
,{"stream_name":"stdout","time":2870.836040918,"data":"[6bba_09961292] after division-geometry-filter+prune-isolated: 30165 nodes, 29269 edges\n"}
,{"stream_name":"stdout","time":2870.836047691,"data":"[6bba_09961292] after short-track filtering: 29766 nodes, 28965 edges (components_removed = 95)\n"}
,{"stream_name":"stdout","time":2876.281899982,"data":"[6bba_09961292] FINAL: 29766 nodes, 28965 edges\n"}
,{"stream_name":"stdout","time":2876.28194802,"data":"VALIDATOR base proxy: 0.936941\n"}
,{"stream_name":"stdout","time":2876.281994249,"data":"VALIDATOR base adjusted edge: 0.92583\n"}
,{"stream_name":"stdout","time":2937.469351004,"data":"[44b6_12dfb391] after edge-filter+motion-relink: 45351 nodes, 43045 edges\n"}
,{"stream_name":"stdout","time":2946.6841904,"data":"[44b6_12dfb391] after gap-closing (single-frame + gap2): 46001 nodes, 44273 edges\n"}
,{"stream_name":"stdout","time":2978.616753488,"data":"[44b6_12dfb391] after safe-division repair: 46001 nodes, 44351 edges (geometric_candidates = 1173, deepcenter_rejected = 1089, post_veto_candidates = 84, added = 78, cap_skipped = 0, mutual_nn_rejected = 60, divergence_rejected = 546)\n"}
,{"stream_name":"stdout","time":2978.616838713,"data":"[44b6_12dfb391] after division-geometry-filter+prune-isolated: 45999 nodes, 44351 edges\n"}
,{"stream_name":"stdout","time":2978.616852747,"data":"[44b6_12dfb391] after short-track filtering: 44955 nodes, 43542 edges (components_removed = 235)\n"}
,{"stream_name":"stdout","time":2987.038809273,"data":"[44b6_12dfb391] FINAL: 44955 nodes, 43542 edges\n"}
,{"stream_name":"stdout","time":3003.900232968,"data":"[44b6_267148e4] after edge-filter+motion-relink: 22829 nodes, 21448 edges\n"}
,{"stream_name":"stdout","time":3010.683142451,"data":"[44b6_267148e4] after gap-closing (single-frame + gap2): 23061 nodes, 21865 edges\n"}
,{"stream_name":"stdout","time":3041.825996731,"data":"[44b6_267148e4] after safe-division repair: 23061 nodes, 21930 edges (geometric_candidates = 861, deepcenter_rejected = 710, post_veto_candidates = 151, added = 65, cap_skipped = 0, mutual_nn_rejected = 138, divergence_rejected = 412)\n"}
,{"stream_name":"stdout","time":3041.82603169,"data":"[44b6_267148e4] after division-geometry-filter+prune-isolated: 23001 nodes, 21930 edges\n"}
,{"stream_name":"stdout","time":3041.826041452,"data":"[44b6_267148e4] after short-track filtering: 22281 nodes, 21384 edges (components_removed = 174)\n"}
,{"stream_name":"stdout","time":3045.761244002,"data":"[44b6_267148e4] FINAL: 22281 nodes, 21384 edges\n"}
,{"stream_name":"stdout","time":3095.717928114,"data":"[44b6_2a2eff9f] after edge-filter+motion-relink: 40928 nodes, 38433 edges\n"}
,{"stream_name":"stdout","time":3104.88798577,"data":"[44b6_2a2eff9f] after gap-closing (single-frame + gap2): 41445 nodes, 39392 edges\n"}
,{"stream_name":"stdout","time":3136.887609083,"data":"[44b6_2a2eff9f] after safe-division repair: 41445 nodes, 39482 edges (geometric_candidates = 1346, deepcenter_rejected = 1248, post_veto_candidates = 98, added = 90, cap_skipped = 0, mutual_nn_rejected = 75, divergence_rejected = 617)\n"}
,{"stream_name":"stdout","time":3136.887686911,"data":"[44b6_2a2eff9f] after division-geometry-filter+prune-isolated: 41441 nodes, 39482 edges\n"}
,{"stream_name":"stdout","time":3136.887694663,"data":"[44b6_2a2eff9f] after short-track filtering: 40146 nodes, 38479 edges (components_removed = 292)\n"}
,{"stream_name":"stdout","time":3144.155328723,"data":"[44b6_2a2eff9f] FINAL: 40146 nodes, 38479 edges\n"}
,{"stream_name":"stdout","time":3146.580918776,"data":"[44b6_341df25f] after edge-filter+motion-relink: 8523 nodes, 8210 edges\n"}
,{"stream_name":"stdout","time":3147.44573898,"data":"[44b6_341df25f] after gap-closing (single-frame + gap2): 8568 nodes, 8288 edges\n"}
,{"stream_name":"stdout","time":3169.116067309,"data":"[44b6_341df25f] after safe-division repair: 8568 nodes, 8309 edges (geometric_candidates = 135, deepcenter_rejected = 110, post_veto_candidates = 25, added = 21, cap_skipped = 0, mutual_nn_rejected = 3, divergence_rejected = 42)\n"}
,{"stream_name":"stdout","time":3169.11610172,"data":"[44b6_341df25f] after division-geometry-filter+prune-isolated: 8568 nodes, 8309 edges\n"}
,{"stream_name":"stdout","time":3169.116108543,"data":"[44b6_341df25f] after short-track filtering: 8419 nodes, 8193 edges (components_removed = 33)\n"}
,{"stream_name":"stdout","time":3170.589278172,"data":"[44b6_341df25f] FINAL: 8419 nodes, 8193 edges\n"}
,{"stream_name":"stdout","time":3171.854009863,"data":"[6bba_062c8d37] after edge-filter+motion-relink: 5997 nodes, 5645 edges\n"}
,{"stream_name":"stdout","time":3172.960753379,"data":"[6bba_062c8d37] after gap-closing (single-frame + gap2): 6048 nodes, 5740 edges\n"}
,{"stream_name":"stdout","time":3185.889417742,"data":"[6bba_062c8d37] after safe-division repair: 6048 nodes, 5753 edges (geometric_candidates = 59, deepcenter_rejected = 41, post_veto_candidates = 18, added = 13, cap_skipped = 0, mutual_nn_rejected = 3, divergence_rejected = 22)\n"}
,{"stream_name":"stdout","time":3185.889463564,"data":"[6bba_062c8d37] after division-geometry-filter+prune-isolated: 6022 nodes, 5753 edges\n"}
,{"stream_name":"stdout","time":3185.889475404,"data":"[6bba_062c8d37] after short-track filtering: 5857 nodes, 5632 edges (components_removed = 44)\n"}
,{"stream_name":"stdout","time":3186.956950762,"data":"[6bba_062c8d37] FINAL: 5857 nodes, 5632 edges\n"}
,{"stream_name":"stdout","time":3213.701573412,"data":"[6bba_07e24132] after edge-filter+motion-relink: 29751 nodes, 28214 edges\n"}
,{"stream_name":"stdout","time":3220.176772024,"data":"[6bba_07e24132] after gap-closing (single-frame + gap2): 30087 nodes, 28828 edges\n"}
,{"stream_name":"stdout","time":3249.988376856,"data":"[6bba_07e24132] after safe-division repair: 30087 nodes, 28858 edges (geometric_candidates = 793, deepcenter_rejected = 744, post_veto_candidates = 49, added = 30, cap_skipped = 0, mutual_nn_rejected = 69, divergence_rejected = 331)\n"}
,{"stream_name":"stdout","time":3249.988420845,"data":"[6bba_07e24132] after division-geometry-filter+prune-isolated: 30080 nodes, 28858 edges\n"}
,{"stream_name":"stdout","time":3249.988428463,"data":"[6bba_07e24132] after short-track filtering: 29204 nodes, 28184 edges (components_removed = 202)\n"}
,{"stream_name":"stdout","time":3255.097024569,"data":"[6bba_07e24132] FINAL: 29204 nodes, 28184 edges\n"}
,{"stream_name":"stdout","time":3257.571262827,"data":"[6bba_085bf656] after edge-filter+motion-relink: 8417 nodes, 8092 edges\n"}
,{"stream_name":"stdout","time":3258.155266264,"data":"[6bba_085bf656] after gap-closing (single-frame + gap2): 8438 nodes, 8131 edges\n"}
,{"stream_name":"stdout","time":3273.438249772,"data":"[6bba_085bf656] after safe-division repair: 8438 nodes, 8144 edges (geometric_candidates = 100, deepcenter_rejected = 84, post_veto_candidates = 16, added = 13, cap_skipped = 0, mutual_nn_rejected = 4, divergence_rejected = 23)\n"}
,{"stream_name":"stdout","time":3273.438291547,"data":"[6bba_085bf656] after division-geometry-filter+prune-isolated: 8435 nodes, 8144 edges\n"}
,{"stream_name":"stdout","time":3273.438298599,"data":"[6bba_085bf656] after short-track filtering: 8300 nodes, 8039 edges (components_removed = 30)\n"}
,{"stream_name":"stdout","time":3274.947173694,"data":"[6bba_085bf656] FINAL: 8300 nodes, 8039 edges\n"}
,{"stream_name":"stdout","time":3301.906478829,"data":"[6bba_09961292] after edge-filter+motion-relink: 29955 nodes, 28814 edges\n"}
,{"stream_name":"stdout","time":3305.915357555,"data":"[6bba_09961292] after gap-closing (single-frame + gap2): 30165 nodes, 29195 edges\n"}
,{"stream_name":"stdout","time":3332.707387293,"data":"[6bba_09961292] after safe-division repair: 30165 nodes, 29259 edges (geometric_candidates = 819, deepcenter_rejected = 676, post_veto_candidates = 143, added = 64, cap_skipped = 0, mutual_nn_rejected = 76, divergence_rejected = 283)\n"}
,{"stream_name":"stdout","time":3332.707459366,"data":"[6bba_09961292] after division-geometry-filter+prune-isolated: 30159 nodes, 29259 edges\n"}
,{"stream_name":"stdout","time":3332.707467171,"data":"[6bba_09961292] after short-track filtering: 29760 nodes, 28955 edges (components_removed = 95)\n"}
,{"stream_name":"stdout","time":3338.028493231,"data":"[6bba_09961292] FINAL: 29760 nodes, 28955 edges\n"}
,{"stream_name":"stdout","time":3338.028541953,"data":"VALIDATOR candidate: gap45 proxy = 0.936957 adjusted edge = 0.925846\n"}
,{"stream_name":"stdout","time":3399.424869423,"data":"[44b6_12dfb391] after edge-filter+motion-relink: 45351 nodes, 43042 edges\n"}
,{"stream_name":"stdout","time":3412.042086394,"data":"[44b6_12dfb391] after gap-closing (single-frame + gap2): 46007 nodes, 44283 edges\n"}
,{"stream_name":"stdout","time":3444.270484146,"data":"[44b6_12dfb391] after safe-division repair: 46007 nodes, 44362 edges (geometric_candidates = 1173, deepcenter_rejected = 1088, post_veto_candidates = 85, added = 79, cap_skipped = 0, mutual_nn_rejected = 59, divergence_rejected = 543)\n"}
,{"stream_name":"stdout","time":3444.270539656,"data":"[44b6_12dfb391] after division-geometry-filter+prune-isolated: 46005 nodes, 44362 edges\n"}
,{"stream_name":"stdout","time":3444.270547308,"data":"[44b6_12dfb391] after short-track filtering: 44975 nodes, 43564 edges (components_removed = 232)\n"}
,{"stream_name":"stdout","time":3452.440184693,"data":"[44b6_12dfb391] FINAL: 44975 nodes, 43564 edges\n"}
,{"stream_name":"stdout","time":3469.156036089,"data":"[44b6_267148e4] after edge-filter+motion-relink: 22829 nodes, 21464 edges\n"}
,{"stream_name":"stdout","time":3479.902688866,"data":"[44b6_267148e4] after gap-closing (single-frame + gap2): 23063 nodes, 21888 edges\n"}
,{"stream_name":"stdout","time":3510.873125761,"data":"[44b6_267148e4] after safe-division repair: 23063 nodes, 21957 edges (geometric_candidates = 853, deepcenter_rejected = 703, post_veto_candidates = 150, added = 69, cap_skipped = 0, mutual_nn_rejected = 117, divergence_rejected = 405)\n"}
,{"stream_name":"stdout","time":3510.873223972,"data":"[44b6_267148e4] after division-geometry-filter+prune-isolated: 23009 nodes, 21957 edges\n"}
,{"stream_name":"stdout","time":3510.873238571,"data":"[44b6_267148e4] after short-track filtering: 22307 nodes, 21426 edges (components_removed = 171)\n"}
,{"stream_name":"stdout","time":3514.856937181,"data":"[44b6_267148e4] FINAL: 22307 nodes, 21426 edges\n"}
,{"stream_name":"stdout","time":3564.83121713,"data":"[44b6_2a2eff9f] after edge-filter+motion-relink: 40928 nodes, 38430 edges\n"}
,{"stream_name":"stdout","time":3579.133788217,"data":"[44b6_2a2eff9f] after gap-closing (single-frame + gap2): 41457 nodes, 39413 edges\n"}
,{"stream_name":"stdout","time":3611.199591149,"data":"[44b6_2a2eff9f] after safe-division repair: 41457 nodes, 39501 edges (geometric_candidates = 1343, deepcenter_rejected = 1244, post_veto_candidates = 99, added = 88, cap_skipped = 0, mutual_nn_rejected = 74, divergence_rejected = 609)\n"}
,{"stream_name":"stdout","time":3611.199635746,"data":"[44b6_2a2eff9f] after division-geometry-filter+prune-isolated: 41453 nodes, 39501 edges\n"}
,{"stream_name":"stdout","time":3611.199653396,"data":"[44b6_2a2eff9f] after short-track filtering: 40157 nodes, 38497 edges (components_removed = 292)\n"}
,{"stream_name":"stdout","time":3618.562683698,"data":"[44b6_2a2eff9f] FINAL: 40157 nodes, 38497 edges\n"}
,{"stream_name":"stdout","time":3620.973223507,"data":"[44b6_341df25f] after edge-filter+motion-relink: 8523 nodes, 8210 edges\n"}
,{"stream_name":"stdout","time":3622.583948367,"data":"[44b6_341df25f] after gap-closing (single-frame + gap2): 8569 nodes, 8290 edges\n"}
,{"stream_name":"stdout","time":3643.696162959,"data":"[44b6_341df25f] after safe-division repair: 8569 nodes, 8311 edges (geometric_candidates = 134, deepcenter_rejected = 109, post_veto_candidates = 25, added = 21, cap_skipped = 0, mutual_nn_rejected = 3, divergence_rejected = 42)\n"}
,{"stream_name":"stdout","time":3643.696217364,"data":"[44b6_341df25f] after division-geometry-filter+prune-isolated: 8569 nodes, 8311 edges\n"}
,{"stream_name":"stdout","time":3643.696226741,"data":"[44b6_341df25f] after short-track filtering: 8423 nodes, 8197 edges (components_removed = 32)\n"}
,{"stream_name":"stdout","time":3645.124610548,"data":"[44b6_341df25f] FINAL: 8423 nodes, 8197 edges\n"}
,{"stream_name":"stdout","time":3646.384054925,"data":"[6bba_062c8d37] after edge-filter+motion-relink: 5997 nodes, 5648 edges\n"}
,{"stream_name":"stdout","time":3647.437679183,"data":"[6bba_062c8d37] after gap-closing (single-frame + gap2): 6048 nodes, 5743 edges\n"}
,{"stream_name":"stdout","time":3660.456338183,"data":"[6bba_062c8d37] after safe-division repair: 6048 nodes, 5754 edges (geometric_candidates = 57, deepcenter_rejected = 41, post_veto_candidates = 16, added = 11, cap_skipped = 0, mutual_nn_rejected = 3, divergence_rejected = 21)\n"}
,{"stream_name":"stdout","time":3660.456388794,"data":"[6bba_062c8d37] after division-geometry-filter+prune-isolated: 6022 nodes, 5754 edges\n"}
,{"stream_name":"stdout","time":3660.456396493,"data":"[6bba_062c8d37] after short-track filtering: 5857 nodes, 5633 edges (components_removed = 44)\n"}
,{"stream_name":"stdout","time":3661.512349454,"data":"[6bba_062c8d37] FINAL: 5857 nodes, 5633 edges\n"}
,{"stream_name":"stdout","time":3688.175717715,"data":"[6bba_07e24132] after edge-filter+motion-relink: 29751 nodes, 28212 edges\n"}
,{"stream_name":"stdout","time":3697.898931301,"data":"[6bba_07e24132] after gap-closing (single-frame + gap2): 30088 nodes, 28828 edges\n"}
,{"stream_name":"stdout","time":3727.764065672,"data":"[6bba_07e24132] after safe-division repair: 30088 nodes, 28858 edges (geometric_candidates = 791, deepcenter_rejected = 745, post_veto_candidates = 46, added = 30, cap_skipped = 0, mutual_nn_rejected = 68, divergence_rejected = 337)\n"}
,{"stream_name":"stdout","time":3727.764104262,"data":"[6bba_07e24132] after division-geometry-filter+prune-isolated: 30079 nodes, 28858 edges\n"}
,{"stream_name":"stdout","time":3727.764110399,"data":"[6bba_07e24132] after short-track filtering: 29202 nodes, 28183 edges (components_removed = 202)\n"}
,{"stream_name":"stdout","time":3733.041972796,"data":"[6bba_07e24132] FINAL: 29202 nodes, 28183 edges\n"}
,{"stream_name":"stdout","time":3735.537060832,"data":"[6bba_085bf656] after edge-filter+motion-relink: 8417 nodes, 8092 edges\n"}
,{"stream_name":"stdout","time":3736.166885119,"data":"[6bba_085bf656] after gap-closing (single-frame + gap2): 8438 nodes, 8131 edges\n"}
,{"stream_name":"stdout","time":3751.341993498,"data":"[6bba_085bf656] after safe-division repair: 8438 nodes, 8144 edges (geometric_candidates = 100, deepcenter_rejected = 84, post_veto_candidates = 16, added = 13, cap_skipped = 0, mutual_nn_rejected = 4, divergence_rejected = 23)\n"}
,{"stream_name":"stdout","time":3751.342047812,"data":"[6bba_085bf656] after division-geometry-filter+prune-isolated: 8435 nodes, 8144 edges\n"}
,{"stream_name":"stdout","time":3751.342074511,"data":"[6bba_085bf656] after short-track filtering: 8300 nodes, 8039 edges (components_removed = 30)\n"}
,{"stream_name":"stdout","time":3752.874061691,"data":"[6bba_085bf656] FINAL: 8300 nodes, 8039 edges\n"}
,{"stream_name":"stdout","time":3779.74203185,"data":"[6bba_09961292] after edge-filter+motion-relink: 29955 nodes, 28827 edges\n"}
,{"stream_name":"stdout","time":3787.716567908,"data":"[6bba_09961292] after gap-closing (single-frame + gap2): 30167 nodes, 29212 edges\n"}
,{"stream_name":"stdout","time":3814.669105573,"data":"[6bba_09961292] after safe-division repair: 30167 nodes, 29273 edges (geometric_candidates = 795, deepcenter_rejected = 672, post_veto_candidates = 123, added = 61, cap_skipped = 0, mutual_nn_rejected = 66, divergence_rejected = 269)\n"}
,{"stream_name":"stdout","time":3814.669148453,"data":"[6bba_09961292] after division-geometry-filter+prune-isolated: 30163 nodes, 29273 edges\n"}
,{"stream_name":"stdout","time":3814.66915558,"data":"[6bba_09961292] after short-track filtering: 29755 nodes, 28962 edges (components_removed = 97)\n"}
,{"stream_name":"stdout","time":3820.039743535,"data":"[6bba_09961292] FINAL: 29755 nodes, 28962 edges\n"}
,{"stream_name":"stdout","time":3820.283305116,"data":"VALIDATOR candidate: tight55 proxy = 0.938152 adjusted edge = 0.926613\n"}
,{"stream_name":"stdout","time":3881.180154512,"data":"[44b6_12dfb391] after edge-filter+motion-relink: 45351 nodes, 43007 edges\n"}
,{"stream_name":"stdout","time":3893.647119859,"data":"[44b6_12dfb391] after gap-closing (single-frame + gap2): 46032 nodes, 44295 edges\n"}
,{"stream_name":"stdout","time":3925.776032341,"data":"[44b6_12dfb391] after safe-division repair: 46032 nodes, 44373 edges (geometric_candidates = 1165, deepcenter_rejected = 1081, post_veto_candidates = 84, added = 78, cap_skipped = 0, mutual_nn_rejected = 58, divergence_rejected = 545)\n"}
,{"stream_name":"stdout","time":3925.776070218,"data":"[44b6_12dfb391] after division-geometry-filter+prune-isolated: 46030 nodes, 44373 edges\n"}
,{"stream_name":"stdout","time":3925.950830622,"data":"[44b6_12dfb391] after short-track filtering: 44967 nodes, 43550 edges (components_removed = 240)\n"}
,{"stream_name":"stdout","time":3933.976914911,"data":"[44b6_12dfb391] FINAL: 44967 nodes, 43550 edges\n"}
,{"stream_name":"stdout","time":3950.633058227,"data":"[44b6_267148e4] after edge-filter+motion-relink: 22829 nodes, 21382 edges\n"}
,{"stream_name":"stdout","time":3962.386773596,"data":"[44b6_267148e4] after gap-closing (single-frame + gap2): 23093 nodes, 21863 edges\n"}
,{"stream_name":"stdout","time":3993.483519538,"data":"[44b6_267148e4] after safe-division repair: 23093 nodes, 21930 edges (geometric_candidates = 888, deepcenter_rejected = 726, post_veto_candidates = 162, added = 67, cap_skipped = 0, mutual_nn_rejected = 146, divergence_rejected = 414)\n"}
,{"stream_name":"stdout","time":3993.483573485,"data":"[44b6_267148e4] after division-geometry-filter+prune-isolated: 23028 nodes, 21930 edges\n"}
,{"stream_name":"stdout","time":3993.483581161,"data":"[44b6_267148e4] after short-track filtering: 22300 nodes, 21381 edges (components_removed = 179)\n"}
,{"stream_name":"stdout","time":3997.48285745,"data":"[44b6_267148e4] FINAL: 22300 nodes, 21381 edges\n"}
,{"stream_name":"stdout","time":4047.498885969,"data":"[44b6_2a2eff9f] after edge-filter+motion-relink: 40928 nodes, 38395 edges\n"}
,{"stream_name":"stdout","time":4062.408028657,"data":"[44b6_2a2eff9f] after gap-closing (single-frame + gap2): 41470 nodes, 39404 edges\n"}
,{"stream_name":"stdout","time":4094.243785876,"data":"[44b6_2a2eff9f] after safe-division repair: 41470 nodes, 39493 edges (geometric_candidates = 1355, deepcenter_rejected = 1258, post_veto_candidates = 97, added = 89, cap_skipped = 0, mutual_nn_rejected = 72, divergence_rejected = 626)\n"}
,{"stream_name":"stdout","time":4094.243840019,"data":"[44b6_2a2eff9f] after division-geometry-filter+prune-isolated: 41465 nodes, 39493 edges\n"}
,{"stream_name":"stdout","time":4094.243847011,"data":"[44b6_2a2eff9f] after short-track filtering: 40141 nodes, 38468 edges (components_removed = 299)\n"}
,{"stream_name":"stdout","time":4101.484592444,"data":"[44b6_2a2eff9f] FINAL: 40141 nodes, 38468 edges\n"}
,{"stream_name":"stdout","time":4104.047471752,"data":"[44b6_341df25f] after edge-filter+motion-relink: 8523 nodes, 8208 edges\n"}
,{"stream_name":"stdout","time":4105.656831038,"data":"[44b6_341df25f] after gap-closing (single-frame + gap2): 8571 nodes, 8291 edges\n"}
,{"stream_name":"stdout","time":4126.444313807,"data":"[44b6_341df25f] after safe-division repair: 8571 nodes, 8311 edges (geometric_candidates = 135, deepcenter_rejected = 111, post_veto_candidates = 24, added = 20, cap_skipped = 0, mutual_nn_rejected = 3, divergence_rejected = 42)\n"}
,{"stream_name":"stdout","time":4126.444348971,"data":"[44b6_341df25f] after division-geometry-filter+prune-isolated: 8571 nodes, 8311 edges\n"}
,{"stream_name":"stdout","time":4126.444354556,"data":"[44b6_341df25f] after short-track filtering: 8421 nodes, 8194 edges (components_removed = 33)\n"}
,{"stream_name":"stdout","time":4127.797532332,"data":"[44b6_341df25f] FINAL: 8421 nodes, 8194 edges\n"}
,{"stream_name":"stdout","time":4129.046126063,"data":"[6bba_062c8d37] after edge-filter+motion-relink: 5997 nodes, 5618 edges\n"}
,{"stream_name":"stdout","time":4130.842938231,"data":"[6bba_062c8d37] after gap-closing (single-frame + gap2): 6054 nodes, 5723 edges\n"}
,{"stream_name":"stdout","time":4144.070050899,"data":"[6bba_062c8d37] after safe-division repair: 6054 nodes, 5736 edges (geometric_candidates = 59, deepcenter_rejected = 41, post_veto_candidates = 18, added = 13, cap_skipped = 0, mutual_nn_rejected = 3, divergence_rejected = 22)\n"}
,{"stream_name":"stdout","time":4144.070122255,"data":"[6bba_062c8d37] after division-geometry-filter+prune-isolated: 6029 nodes, 5736 edges\n"}
,{"stream_name":"stdout","time":4144.070130551,"data":"[6bba_062c8d37] after short-track filtering: 5833 nodes, 5594 edges (components_removed = 54)\n"}
,{"stream_name":"stdout","time":4145.121908767,"data":"[6bba_062c8d37] FINAL: 5833 nodes, 5594 edges\n"}
,{"stream_name":"stdout","time":4171.72766207,"data":"[6bba_07e24132] after edge-filter+motion-relink: 29751 nodes, 28153 edges\n"}
,{"stream_name":"stdout","time":4181.832726137,"data":"[6bba_07e24132] after gap-closing (single-frame + gap2): 30103 nodes, 28799 edges\n"}
,{"stream_name":"stdout","time":4211.860168759,"data":"[6bba_07e24132] after safe-division repair: 30103 nodes, 28830 edges (geometric_candidates = 803, deepcenter_rejected = 742, post_veto_candidates = 61, added = 31, cap_skipped = 0, mutual_nn_rejected = 82, divergence_rejected = 341)\n"}
,{"stream_name":"stdout","time":4211.860273818,"data":"[6bba_07e24132] after division-geometry-filter+prune-isolated: 30091 nodes, 28830 edges\n"}
,{"stream_name":"stdout","time":4211.860287076,"data":"[6bba_07e24132] after short-track filtering: 29216 nodes, 28158 edges (components_removed = 203)\n"}
,{"stream_name":"stdout","time":4217.096264904,"data":"[6bba_07e24132] FINAL: 29216 nodes, 28158 edges\n"}
,{"stream_name":"stdout","time":4219.572776195,"data":"[6bba_085bf656] after edge-filter+motion-relink: 8417 nodes, 8085 edges\n"}
,{"stream_name":"stdout","time":4220.226965282,"data":"[6bba_085bf656] after gap-closing (single-frame + gap2): 8442 nodes, 8130 edges\n"}
,{"stream_name":"stdout","time":4235.077957284,"data":"[6bba_085bf656] after safe-division repair: 8442 nodes, 8142 edges (geometric_candidates = 99, deepcenter_rejected = 84, post_veto_candidates = 15, added = 12, cap_skipped = 0, mutual_nn_rejected = 4, divergence_rejected = 23)\n"}
,{"stream_name":"stdout","time":4235.078038082,"data":"[6bba_085bf656] after division-geometry-filter+prune-isolated: 8438 nodes, 8142 edges\n"}
,{"stream_name":"stdout","time":4235.078045482,"data":"[6bba_085bf656] after short-track filtering: 8290 nodes, 8029 edges (components_removed = 35)\n"}
,{"stream_name":"stdout","time":4236.578651181,"data":"[6bba_085bf656] FINAL: 8290 nodes, 8029 edges\n"}
,{"stream_name":"stdout","time":4263.420009997,"data":"[6bba_09961292] after edge-filter+motion-relink: 29955 nodes, 28780 edges\n"}
,{"stream_name":"stdout","time":4271.783170619,"data":"[6bba_09961292] after gap-closing (single-frame + gap2): 30186 nodes, 29202 edges\n"}
,{"stream_name":"stdout","time":4298.654636626,"data":"[6bba_09961292] after safe-division repair: 30186 nodes, 29264 edges (geometric_candidates = 829, deepcenter_rejected = 681, post_veto_candidates = 148, added = 62, cap_skipped = 0, mutual_nn_rejected = 80, divergence_rejected = 289)\n"}
,{"stream_name":"stdout","time":4298.654708995,"data":"[6bba_09961292] after division-geometry-filter+prune-isolated: 30178 nodes, 29264 edges\n"}
,{"stream_name":"stdout","time":4298.654717999,"data":"[6bba_09961292] after short-track filtering: 29762 nodes, 28946 edges (components_removed = 98)\n"}
,{"stream_name":"stdout","time":4303.879557809,"data":"[6bba_09961292] FINAL: 29762 nodes, 28946 edges\n"}
,{"stream_name":"stdout","time":4303.879611695,"data":"VALIDATOR candidate: relaxed9 proxy = 0.936332 adjusted edge = 0.92522\n"}
,{"stream_name":"stdout","time":4365.012970258,"data":"[44b6_12dfb391] after edge-filter+motion-relink: 45351 nodes, 43045 edges\n"}
,{"stream_name":"stdout","time":4377.71788175,"data":"[44b6_12dfb391] after gap-closing (single-frame + gap2): 46006 nodes, 44284 edges\n"}
,{"stream_name":"stdout","time":4410.094035222,"data":"[44b6_12dfb391] after safe-division repair: 46006 nodes, 44361 edges (geometric_candidates = 1166, deepcenter_rejected = 1083, post_veto_candidates = 83, added = 77, cap_skipped = 0, mutual_nn_rejected = 58, divergence_rejected = 541)\n"}
,{"stream_name":"stdout","time":4410.094073209,"data":"[44b6_12dfb391] after division-geometry-filter+prune-isolated: 46004 nodes, 44361 edges\n"}
,{"stream_name":"stdout","time":4410.094079042,"data":"[44b6_12dfb391] after short-track filtering: 44964 nodes, 43555 edges (components_removed = 234)\n"}
,{"stream_name":"stdout","time":4418.059057714,"data":"[44b6_12dfb391] FINAL: 44964 nodes, 43555 edges\n"}
,{"stream_name":"stdout","time":4434.60520459,"data":"[44b6_267148e4] after edge-filter+motion-relink: 22829 nodes, 21452 edges\n"}
,{"stream_name":"stdout","time":4445.191001223,"data":"[44b6_267148e4] after gap-closing (single-frame + gap2): 23071 nodes, 21889 edges\n"}
,{"stream_name":"stdout","time":4476.238691463,"data":"[44b6_267148e4] after safe-division repair: 23071 nodes, 21953 edges (geometric_candidates = 856, deepcenter_rejected = 704, post_veto_candidates = 152, added = 64, cap_skipped = 0, mutual_nn_rejected = 132, divergence_rejected = 402)\n"}
,{"stream_name":"stdout","time":4476.238738377,"data":"[44b6_267148e4] after division-geometry-filter+prune-isolated: 23011 nodes, 21953 edges\n"}
,{"stream_name":"stdout","time":4476.238746326,"data":"[44b6_267148e4] after short-track filtering: 22282 nodes, 21400 edges (components_removed = 176)\n"}
,{"stream_name":"stdout","time":4480.248934399,"data":"[44b6_267148e4] FINAL: 22282 nodes, 21400 edges\n"}
,{"stream_name":"stdout","time":4530.277540599,"data":"[44b6_2a2eff9f] after edge-filter+motion-relink: 40928 nodes, 38433 edges\n"}
,{"stream_name":"stdout","time":4544.581630752,"data":"[44b6_2a2eff9f] after gap-closing (single-frame + gap2): 41459 nodes, 39419 edges\n"}
,{"stream_name":"stdout","time":4576.699164217,"data":"[44b6_2a2eff9f] after safe-division repair: 41459 nodes, 39506 edges (geometric_candidates = 1333, deepcenter_rejected = 1238, post_veto_candidates = 95, added = 87, cap_skipped = 0, mutual_nn_rejected = 74, divergence_rejected = 608)\n"}
,{"stream_name":"stdout","time":4576.69922722,"data":"[44b6_2a2eff9f] after division-geometry-filter+prune-isolated: 41455 nodes, 39506 edges\n"}
,{"stream_name":"stdout","time":4576.699237723,"data":"[44b6_2a2eff9f] after short-track filtering: 40176 nodes, 38515 edges (components_removed = 288)\n"}
,{"stream_name":"stdout","time":4583.816215544,"data":"[44b6_2a2eff9f] FINAL: 40176 nodes, 38515 edges\n"}
,{"stream_name":"stdout","time":4586.249403916,"data":"[44b6_341df25f] after edge-filter+motion-relink: 8523 nodes, 8210 edges\n"}
,{"stream_name":"stdout","time":4587.836250973,"data":"[44b6_341df25f] after gap-closing (single-frame + gap2): 8569 nodes, 8290 edges\n"}
,{"stream_name":"stdout","time":4608.909597917,"data":"[44b6_341df25f] after safe-division repair: 8569 nodes, 8311 edges (geometric_candidates = 134, deepcenter_rejected = 109, post_veto_candidates = 25, added = 21, cap_skipped = 0, mutual_nn_rejected = 3, divergence_rejected = 42)\n"}
,{"stream_name":"stdout","time":4608.909667215,"data":"[44b6_341df25f] after division-geometry-filter+prune-isolated: 8569 nodes, 8311 edges\n"}
,{"stream_name":"stdout","time":4608.909676674,"data":"[44b6_341df25f] after short-track filtering: 8423 nodes, 8197 edges (components_removed = 32)\n"}
,{"stream_name":"stdout","time":4610.285376752,"data":"[44b6_341df25f] FINAL: 8423 nodes, 8197 edges\n"}
,{"stream_name":"stdout","time":4611.544426047,"data":"[6bba_062c8d37] after edge-filter+motion-relink: 5997 nodes, 5645 edges\n"}
,{"stream_name":"stdout","time":4612.652090717,"data":"[6bba_062c8d37] after gap-closing (single-frame + gap2): 6048 nodes, 5740 edges\n"}
,{"stream_name":"stdout","time":4625.624331447,"data":"[6bba_062c8d37] after safe-division repair: 6048 nodes, 5753 edges (geometric_candidates = 59, deepcenter_rejected = 41, post_veto_candidates = 18, added = 13, cap_skipped = 0, mutual_nn_rejected = 3, divergence_rejected = 22)\n"}
,{"stream_name":"stdout","time":4625.624389068,"data":"[6bba_062c8d37] after division-geometry-filter+prune-isolated: 6022 nodes, 5753 edges\n"}
,{"stream_name":"stdout","time":4625.6243974,"data":"[6bba_062c8d37] after short-track filtering: 5857 nodes, 5632 edges (components_removed = 44)\n"}
,{"stream_name":"stdout","time":4626.646615326,"data":"[6bba_062c8d37] FINAL: 5857 nodes, 5632 edges\n"}
,{"stream_name":"stdout","time":4653.390264928,"data":"[6bba_07e24132] after edge-filter+motion-relink: 29751 nodes, 28214 edges\n"}
,{"stream_name":"stdout","time":4663.154392568,"data":"[6bba_07e24132] after gap-closing (single-frame + gap2): 30086 nodes, 28826 edges\n"}
,{"stream_name":"stdout","time":4693.130842885,"data":"[6bba_07e24132] after safe-division repair: 30086 nodes, 28856 edges (geometric_candidates = 793, deepcenter_rejected = 743, post_veto_candidates = 50, added = 30, cap_skipped = 0, mutual_nn_rejected = 73, divergence_rejected = 331)\n"}
,{"stream_name":"stdout","time":4693.131064462,"data":"[6bba_07e24132] after division-geometry-filter+prune-isolated: 30080 nodes, 28856 edges\n"}
,{"stream_name":"stdout","time":4693.131076809,"data":"[6bba_07e24132] after short-track filtering: 29214 nodes, 28190 edges (components_removed = 200)\n"}
,{"stream_name":"stdout","time":4698.176591078,"data":"[6bba_07e24132] FINAL: 29214 nodes, 28190 edges\n"}
,{"stream_name":"stdout","time":4700.623891564,"data":"[6bba_085bf656] after edge-filter+motion-relink: 8417 nodes, 8092 edges\n"}
,{"stream_name":"stdout","time":4701.205433236,"data":"[6bba_085bf656] after gap-closing (single-frame + gap2): 8438 nodes, 8131 edges\n"}
,{"stream_name":"stdout","time":4716.345998163,"data":"[6bba_085bf656] after safe-division repair: 8438 nodes, 8144 edges (geometric_candidates = 100, deepcenter_rejected = 84, post_veto_candidates = 16, added = 13, cap_skipped = 0, mutual_nn_rejected = 4, divergence_rejected = 23)\n"}
,{"stream_name":"stdout","time":4716.346080601,"data":"[6bba_085bf656] after division-geometry-filter+prune-isolated: 8435 nodes, 8144 edges\n"}
,{"stream_name":"stdout","time":4716.346086753,"data":"[6bba_085bf656] after short-track filtering: 8300 nodes, 8039 edges (components_removed = 30)\n"}
,{"stream_name":"stdout","time":4718.011287783,"data":"[6bba_085bf656] FINAL: 8300 nodes, 8039 edges\n"}
,{"stream_name":"stdout","time":4744.866455282,"data":"[6bba_09961292] after edge-filter+motion-relink: 29955 nodes, 28814 edges\n"}
,{"stream_name":"stdout","time":4752.902859857,"data":"[6bba_09961292] after gap-closing (single-frame + gap2): 30171 nodes, 29207 edges\n"}
,{"stream_name":"stdout","time":4779.980688274,"data":"[6bba_09961292] after safe-division repair: 30171 nodes, 29269 edges (geometric_candidates = 811, deepcenter_rejected = 669, post_veto_candidates = 142, added = 62, cap_skipped = 0, mutual_nn_rejected = 72, divergence_rejected = 275)\n"}
,{"stream_name":"stdout","time":4779.980730442,"data":"[6bba_09961292] after division-geometry-filter+prune-isolated: 30165 nodes, 29269 edges\n"}
,{"stream_name":"stdout","time":4779.980738012,"data":"[6bba_09961292] after short-track filtering: 29758 nodes, 28959 edges (components_removed = 97)\n"}
,{"stream_name":"stdout","time":4785.461349914,"data":"[6bba_09961292] FINAL: 29758 nodes, 28959 edges\n"}
,{"stream_name":"stdout","time":4785.718443707,"data":"VALIDATOR candidate: bonus125 proxy = 0.936106 adjusted edge = 0.924567\n"}
,{"stream_name":"stdout","time":4846.724676687,"data":"[44b6_12dfb391] after edge-filter+motion-relink: 45351 nodes, 43045 edges\n"}
,{"stream_name":"stdout","time":4859.089044199,"data":"[44b6_12dfb391] after gap-closing (single-frame + gap2): 46006 nodes, 44284 edges\n"}
,{"stream_name":"stdout","time":4891.464799392,"data":"[44b6_12dfb391] after safe-division repair: 46006 nodes, 44361 edges (geometric_candidates = 1166, deepcenter_rejected = 1083, post_veto_candidates = 83, added = 77, cap_skipped = 0, mutual_nn_rejected = 59, divergence_rejected = 541)\n"}
,{"stream_name":"stdout","time":4891.464842461,"data":"[44b6_12dfb391] after division-geometry-filter+prune-isolated: 46004 nodes, 44361 edges\n"}
,{"stream_name":"stdout","time":4891.464849974,"data":"[44b6_12dfb391] after short-track filtering: 44969 nodes, 43559 edges (components_removed = 233)\n"}
,{"stream_name":"stdout","time":4899.718638125,"data":"[44b6_12dfb391] FINAL: 44969 nodes, 43559 edges\n"}
,{"stream_name":"stdout","time":4916.434859239,"data":"[44b6_267148e4] after edge-filter+motion-relink: 22829 nodes, 21448 edges\n"}
,{"stream_name":"stdout","time":4927.139174286,"data":"[44b6_267148e4] after gap-closing (single-frame + gap2): 23070 nodes, 21883 edges\n"}
,{"stream_name":"stdout","time":4958.494607852,"data":"[44b6_267148e4] after safe-division repair: 23070 nodes, 21947 edges (geometric_candidates = 856, deepcenter_rejected = 706, post_veto_candidates = 150, added = 64, cap_skipped = 0, mutual_nn_rejected = 133, divergence_rejected = 408)\n"}
,{"stream_name":"stdout","time":4958.494696627,"data":"[44b6_267148e4] after division-geometry-filter+prune-isolated: 23010 nodes, 21947 edges\n"}
,{"stream_name":"stdout","time":4958.494708378,"data":"[44b6_267148e4] after short-track filtering: 22300 nodes, 21409 edges (components_removed = 172)\n"}
,{"stream_name":"stdout","time":4962.434005322,"data":"[44b6_267148e4] FINAL: 22300 nodes, 21409 edges\n"}
,{"stream_name":"stdout","time":5012.27101161,"data":"[44b6_2a2eff9f] after edge-filter+motion-relink: 40928 nodes, 38433 edges\n"}
,{"stream_name":"stdout","time":5026.76221879,"data":"[44b6_2a2eff9f] after gap-closing (single-frame + gap2): 41455 nodes, 39412 edges\n"}
,{"stream_name":"stdout","time":5059.046773387,"data":"[44b6_2a2eff9f] after safe-division repair: 41455 nodes, 39500 edges (geometric_candidates = 1337, deepcenter_rejected = 1241, post_veto_candidates = 96, added = 88, cap_skipped = 0, mutual_nn_rejected = 74, divergence_rejected = 609)\n"}
,{"stream_name":"stdout","time":5059.04682318,"data":"[44b6_2a2eff9f] after division-geometry-filter+prune-isolated: 41451 nodes, 39500 edges\n"}
,{"stream_name":"stdout","time":5059.046827928,"data":"[44b6_2a2eff9f] after short-track filtering: 40164 nodes, 38503 edges (components_removed = 290)\n"}
,{"stream_name":"stdout","time":5066.147703692,"data":"[44b6_2a2eff9f] FINAL: 40164 nodes, 38503 edges\n"}
,{"stream_name":"stdout","time":5068.570962093,"data":"[44b6_341df25f] after edge-filter+motion-relink: 8523 nodes, 8210 edges\n"}
,{"stream_name":"stdout","time":5070.140005672,"data":"[44b6_341df25f] after gap-closing (single-frame + gap2): 8569 nodes, 8290 edges\n"}
,{"stream_name":"stdout","time":5091.365507351,"data":"[44b6_341df25f] after safe-division repair: 8569 nodes, 8311 edges (geometric_candidates = 134, deepcenter_rejected = 109, post_veto_candidates = 25, added = 21, cap_skipped = 0, mutual_nn_rejected = 3, divergence_rejected = 42)\n"}
,{"stream_name":"stdout","time":5091.365558603,"data":"[44b6_341df25f] after division-geometry-filter+prune-isolated: 8569 nodes, 8311 edges\n"}
,{"stream_name":"stdout","time":5091.365567542,"data":"[44b6_341df25f] after short-track filtering: 8423 nodes, 8197 edges (components_removed = 32)\n"}
,{"stream_name":"stdout","time":5092.870753901,"data":"[44b6_341df25f] FINAL: 8423 nodes, 8197 edges\n"}
,{"stream_name":"stdout","time":5094.13222725,"data":"[6bba_062c8d37] after edge-filter+motion-relink: 5997 nodes, 5645 edges\n"}
,{"stream_name":"stdout","time":5095.193276263,"data":"[6bba_062c8d37] after gap-closing (single-frame + gap2): 6048 nodes, 5740 edges\n"}
,{"stream_name":"stdout","time":5108.123271883,"data":"[6bba_062c8d37] after safe-division repair: 6048 nodes, 5753 edges (geometric_candidates = 59, deepcenter_rejected = 41, post_veto_candidates = 18, added = 13, cap_skipped = 0, mutual_nn_rejected = 3, divergence_rejected = 22)\n"}
,{"stream_name":"stdout","time":5108.123325225,"data":"[6bba_062c8d37] after division-geometry-filter+prune-isolated: 6022 nodes, 5753 edges\n"}
,{"stream_name":"stdout","time":5108.123332583,"data":"[6bba_062c8d37] after short-track filtering: 5857 nodes, 5632 edges (components_removed = 44)\n"}
,{"stream_name":"stdout","time":5109.217466862,"data":"[6bba_062c8d37] FINAL: 5857 nodes, 5632 edges\n"}
,{"stream_name":"stdout","time":5135.900674972,"data":"[6bba_07e24132] after edge-filter+motion-relink: 29751 nodes, 28214 edges\n"}
,{"stream_name":"stdout","time":5145.453902015,"data":"[6bba_07e24132] after gap-closing (single-frame + gap2): 30087 nodes, 28828 edges\n"}
,{"stream_name":"stdout","time":5175.679444856,"data":"[6bba_07e24132] after safe-division repair: 30087 nodes, 28858 edges (geometric_candidates = 793, deepcenter_rejected = 744, post_veto_candidates = 49, added = 30, cap_skipped = 0, mutual_nn_rejected = 69, divergence_rejected = 331)\n"}
,{"stream_name":"stdout","time":5175.679511596,"data":"[6bba_07e24132] after division-geometry-filter+prune-isolated: 30080 nodes, 28858 edges\n"}
,{"stream_name":"stdout","time":5175.679520507,"data":"[6bba_07e24132] after short-track filtering: 29204 nodes, 28184 edges (components_removed = 202)\n"}
,{"stream_name":"stdout","time":5181.036676652,"data":"[6bba_07e24132] FINAL: 29204 nodes, 28184 edges\n"}
,{"stream_name":"stdout","time":5183.550832859,"data":"[6bba_085bf656] after edge-filter+motion-relink: 8417 nodes, 8092 edges\n"}
,{"stream_name":"stdout","time":5184.129605127,"data":"[6bba_085bf656] after gap-closing (single-frame + gap2): 8438 nodes, 8131 edges\n"}
,{"stream_name":"stdout","time":5199.17809073,"data":"[6bba_085bf656] after safe-division repair: 8438 nodes, 8144 edges (geometric_candidates = 100, deepcenter_rejected = 84, post_veto_candidates = 16, added = 13, cap_skipped = 0, mutual_nn_rejected = 4, divergence_rejected = 23)\n"}
,{"stream_name":"stdout","time":5199.178149131,"data":"[6bba_085bf656] after division-geometry-filter+prune-isolated: 8435 nodes, 8144 edges\n"}
,{"stream_name":"stdout","time":5199.178156691,"data":"[6bba_085bf656] after short-track filtering: 8300 nodes, 8039 edges (components_removed = 30)\n"}
,{"stream_name":"stdout","time":5200.676106974,"data":"[6bba_085bf656] FINAL: 8300 nodes, 8039 edges\n"}
,{"stream_name":"stdout","time":5227.667686261,"data":"[6bba_09961292] after edge-filter+motion-relink: 29955 nodes, 28814 edges\n"}
,{"stream_name":"stdout","time":5235.755610824,"data":"[6bba_09961292] after gap-closing (single-frame + gap2): 30171 nodes, 29207 edges\n"}
,{"stream_name":"stdout","time":5263.181711093,"data":"[6bba_09961292] after safe-division repair: 30171 nodes, 29269 edges (geometric_candidates = 807, deepcenter_rejected = 669, post_veto_candidates = 138, added = 62, cap_skipped = 0, mutual_nn_rejected = 73, divergence_rejected = 279)\n"}
,{"stream_name":"stdout","time":5263.181747219,"data":"[6bba_09961292] after division-geometry-filter+prune-isolated: 30165 nodes, 29269 edges\n"}
,{"stream_name":"stdout","time":5263.181752957,"data":"[6bba_09961292] after short-track filtering: 29766 nodes, 28965 edges (components_removed = 95)\n"}
,{"stream_name":"stdout","time":5268.56993445,"data":"[6bba_09961292] FINAL: 29766 nodes, 28965 edges\n"}
,{"stream_name":"stdout","time":5268.569989752,"data":"VALIDATOR candidate: gap2step40 proxy = 0.936941 adjusted edge = 0.92583\n"}
,{"stream_name":"stdout","time":5329.667958879,"data":"[44b6_12dfb391] after edge-filter+motion-relink: 45351 nodes, 43045 edges\n"}
,{"stream_name":"stdout","time":5342.249000385,"data":"[44b6_12dfb391] after gap-closing (single-frame + gap2): 46006 nodes, 44284 edges\n"}
,{"stream_name":"stdout","time":5374.502081941,"data":"[44b6_12dfb391] after safe-division repair: 46006 nodes, 44361 edges (geometric_candidates = 1166, deepcenter_rejected = 1083, post_veto_candidates = 83, added = 77, cap_skipped = 0, mutual_nn_rejected = 59, divergence_rejected = 541)\n"}
,{"stream_name":"stdout","time":5374.502125437,"data":"[44b6_12dfb391] after division-geometry-filter+prune-isolated: 46004 nodes, 44361 edges\n"}
,{"stream_name":"stdout","time":5374.502132012,"data":"[44b6_12dfb391] after short-track filtering: 44969 nodes, 43559 edges (components_removed = 233)\n"}
,{"stream_name":"stdout","time":5382.790546769,"data":"[44b6_12dfb391] FINAL: 44969 nodes, 43559 edges\n"}
,{"stream_name":"stdout","time":5399.575018665,"data":"[44b6_267148e4] after edge-filter+motion-relink: 22829 nodes, 21448 edges\n"}
,{"stream_name":"stdout","time":5410.372096187,"data":"[44b6_267148e4] after gap-closing (single-frame + gap2): 23070 nodes, 21883 edges\n"}
,{"stream_name":"stdout","time":5441.514133353,"data":"[44b6_267148e4] after safe-division repair: 23070 nodes, 21947 edges (geometric_candidates = 856, deepcenter_rejected = 706, post_veto_candidates = 150, added = 64, cap_skipped = 0, mutual_nn_rejected = 133, divergence_rejected = 408)\n"}
,{"stream_name":"stdout","time":5441.514250963,"data":"[44b6_267148e4] after division-geometry-filter+prune-isolated: 23010 nodes, 21947 edges\n"}
,{"stream_name":"stdout","time":5441.514279402,"data":"[44b6_267148e4] after short-track filtering: 22300 nodes, 21409 edges (components_removed = 172)\n"}
,{"stream_name":"stdout","time":5445.528349425,"data":"[44b6_267148e4] FINAL: 22300 nodes, 21409 edges\n"}
,{"stream_name":"stdout","time":5495.672644833,"data":"[44b6_2a2eff9f] after edge-filter+motion-relink: 40928 nodes, 38433 edges\n"}
,{"stream_name":"stdout","time":5510.277967272,"data":"[44b6_2a2eff9f] after gap-closing (single-frame + gap2): 41455 nodes, 39412 edges\n"}
,{"stream_name":"stdout","time":5542.534801701,"data":"[44b6_2a2eff9f] after safe-division repair: 41455 nodes, 39500 edges (geometric_candidates = 1337, deepcenter_rejected = 1241, post_veto_candidates = 96, added = 88, cap_skipped = 0, mutual_nn_rejected = 74, divergence_rejected = 609)\n"}
,{"stream_name":"stdout","time":5542.534844851,"data":"[44b6_2a2eff9f] after division-geometry-filter+prune-isolated: 41451 nodes, 39500 edges\n"}
,{"stream_name":"stdout","time":5542.534851388,"data":"[44b6_2a2eff9f] after short-track filtering: 40164 nodes, 38503 edges (components_removed = 290)\n"}
,{"stream_name":"stdout","time":5549.977865383,"data":"[44b6_2a2eff9f] FINAL: 40164 nodes, 38503 edges\n"}
,{"stream_name":"stdout","time":5552.48910184,"data":"[44b6_341df25f] after edge-filter+motion-relink: 8523 nodes, 8210 edges\n"}
,{"stream_name":"stdout","time":5554.063246659,"data":"[44b6_341df25f] after gap-closing (single-frame + gap2): 8569 nodes, 8290 edges\n"}
,{"stream_name":"stdout","time":5575.10839979,"data":"[44b6_341df25f] after safe-division repair: 8569 nodes, 8311 edges (geometric_candidates = 134, deepcenter_rejected = 109, post_veto_candidates = 25, added = 21, cap_skipped = 0, mutual_nn_rejected = 3, divergence_rejected = 42)\n"}
,{"stream_name":"stdout","time":5575.108435181,"data":"[44b6_341df25f] after division-geometry-filter+prune-isolated: 8569 nodes, 8311 edges\n"}
,{"stream_name":"stdout","time":5575.108441451,"data":"[44b6_341df25f] after short-track filtering: 8423 nodes, 8197 edges (components_removed = 32)\n"}
,{"stream_name":"stdout","time":5576.475646494,"data":"[44b6_341df25f] FINAL: 8423 nodes, 8197 edges\n"}
,{"stream_name":"stdout","time":5577.735084815,"data":"[6bba_062c8d37] after edge-filter+motion-relink: 5997 nodes, 5645 edges\n"}
,{"stream_name":"stdout","time":5578.778281009,"data":"[6bba_062c8d37] after gap-closing (single-frame + gap2): 6048 nodes, 5740 edges\n"}
,{"stream_name":"stdout","time":5591.852579564,"data":"[6bba_062c8d37] after safe-division repair: 6048 nodes, 5753 edges (geometric_candidates = 59, deepcenter_rejected = 41, post_veto_candidates = 18, added = 13, cap_skipped = 0, mutual_nn_rejected = 3, divergence_rejected = 22)\n"}
,{"stream_name":"stdout","time":5591.85262913,"data":"[6bba_062c8d37] after division-geometry-filter+prune-isolated: 6022 nodes, 5753 edges\n"}
,{"stream_name":"stdout","time":5591.852641015,"data":"[6bba_062c8d37] after short-track filtering: 5857 nodes, 5632 edges (components_removed = 44)\n"}
,{"stream_name":"stdout","time":5592.948471807,"data":"[6bba_062c8d37] FINAL: 5857 nodes, 5632 edges\n"}
,{"stream_name":"stdout","time":5619.647895533,"data":"[6bba_07e24132] after edge-filter+motion-relink: 29751 nodes, 28214 edges\n"}
,{"stream_name":"stdout","time":5629.143956904,"data":"[6bba_07e24132] after gap-closing (single-frame + gap2): 30087 nodes, 28828 edges\n"}
,{"stream_name":"stdout","time":5659.425650131,"data":"[6bba_07e24132] after safe-division repair: 30087 nodes, 28858 edges (geometric_candidates = 793, deepcenter_rejected = 744, post_veto_candidates = 49, added = 30, cap_skipped = 0, mutual_nn_rejected = 69, divergence_rejected = 331)\n"}
,{"stream_name":"stdout","time":5659.425692988,"data":"[6bba_07e24132] after division-geometry-filter+prune-isolated: 30080 nodes, 28858 edges\n"}
,{"stream_name":"stdout","time":5659.425699313,"data":"[6bba_07e24132] after short-track filtering: 29204 nodes, 28184 edges (components_removed = 202)\n"}
,{"stream_name":"stdout","time":5664.595612042,"data":"[6bba_07e24132] FINAL: 29204 nodes, 28184 edges\n"}
,{"stream_name":"stdout","time":5667.062260099,"data":"[6bba_085bf656] after edge-filter+motion-relink: 8417 nodes, 8092 edges\n"}
,{"stream_name":"stdout","time":5667.637893398,"data":"[6bba_085bf656] after gap-closing (single-frame + gap2): 8438 nodes, 8131 edges\n"}
,{"stream_name":"stdout","time":5682.744453994,"data":"[6bba_085bf656] after safe-division repair: 8438 nodes, 8144 edges (geometric_candidates = 100, deepcenter_rejected = 84, post_veto_candidates = 16, added = 13, cap_skipped = 0, mutual_nn_rejected = 4, divergence_rejected = 23)\n"}
,{"stream_name":"stdout","time":5682.744516173,"data":"[6bba_085bf656] after division-geometry-filter+prune-isolated: 8435 nodes, 8144 edges\n"}
,{"stream_name":"stdout","time":5682.744522596,"data":"[6bba_085bf656] after short-track filtering: 8300 nodes, 8039 edges (components_removed = 30)\n"}
,{"stream_name":"stdout","time":5684.205009753,"data":"[6bba_085bf656] FINAL: 8300 nodes, 8039 edges\n"}
,{"stream_name":"stdout","time":5710.990280069,"data":"[6bba_09961292] after edge-filter+motion-relink: 29955 nodes, 28814 edges\n"}
,{"stream_name":"stdout","time":5719.286253611,"data":"[6bba_09961292] after gap-closing (single-frame + gap2): 30171 nodes, 29207 edges\n"}
,{"stream_name":"stdout","time":5746.424175423,"data":"[6bba_09961292] after safe-division repair: 30171 nodes, 29269 edges (geometric_candidates = 807, deepcenter_rejected = 669, post_veto_candidates = 138, added = 62, cap_skipped = 0, mutual_nn_rejected = 73, divergence_rejected = 279)\n"}
,{"stream_name":"stdout","time":5746.424277977,"data":"[6bba_09961292] after division-geometry-filter+prune-isolated: 30165 nodes, 29269 edges\n"}
,{"stream_name":"stdout","time":5746.424287038,"data":"[6bba_09961292] after short-track filtering: 29766 nodes, 28965 edges (components_removed = 95)\n"}
,{"stream_name":"stdout","time":5751.726614252,"data":"[6bba_09961292] FINAL: 29766 nodes, 28965 edges\n"}
,{"stream_name":"stdout","time":5751.72667973,"data":"VALIDATOR candidate: reuse28 proxy = 0.936941 adjusted edge = 0.92583\n"}
,{"stream_name":"stdout","time":5812.875630144,"data":"[44b6_12dfb391] after edge-filter+motion-relink: 45351 nodes, 43045 edges\n"}
,{"stream_name":"stdout","time":5825.403759619,"data":"[44b6_12dfb391] after gap-closing (single-frame + gap2): 45994 nodes, 44259 edges\n"}
,{"stream_name":"stdout","time":5857.769684845,"data":"[44b6_12dfb391] after safe-division repair: 45994 nodes, 44340 edges (geometric_candidates = 1174, deepcenter_rejected = 1087, post_veto_candidates = 87, added = 81, cap_skipped = 0, mutual_nn_rejected = 60, divergence_rejected = 548)\n"}
,{"stream_name":"stdout","time":5857.769742932,"data":"[44b6_12dfb391] after division-geometry-filter+prune-isolated: 45992 nodes, 44340 edges\n"}
,{"stream_name":"stdout","time":5857.76975027,"data":"[44b6_12dfb391] after short-track filtering: 44944 nodes, 43528 edges (components_removed = 236)\n"}
,{"stream_name":"stdout","time":5865.916359868,"data":"[44b6_12dfb391] FINAL: 44944 nodes, 43528 edges\n"}
,{"stream_name":"stdout","time":5882.471760496,"data":"[44b6_267148e4] after edge-filter+motion-relink: 22829 nodes, 21448 edges\n"}
,{"stream_name":"stdout","time":5893.051009838,"data":"[44b6_267148e4] after gap-closing (single-frame + gap2): 23063 nodes, 21869 edges\n"}
,{"stream_name":"stdout","time":5924.270876743,"data":"[44b6_267148e4] after safe-division repair: 23063 nodes, 21935 edges (geometric_candidates = 861, deepcenter_rejected = 709, post_veto_candidates = 152, added = 66, cap_skipped = 0, mutual_nn_rejected = 133, divergence_rejected = 414)\n"}
,{"stream_name":"stdout","time":5924.270920831,"data":"[44b6_267148e4] after division-geometry-filter+prune-isolated: 23002 nodes, 21935 edges\n"}
,{"stream_name":"stdout","time":5924.270927047,"data":"[44b6_267148e4] after short-track filtering: 22284 nodes, 21391 edges (components_removed = 174)\n"}
,{"stream_name":"stdout","time":5928.316907018,"data":"[44b6_267148e4] FINAL: 22284 nodes, 21391 edges\n"}
,{"stream_name":"stdout","time":5978.286434726,"data":"[44b6_2a2eff9f] after edge-filter+motion-relink: 40928 nodes, 38433 edges\n"}
,{"stream_name":"stdout","time":5992.586313652,"data":"[44b6_2a2eff9f] after gap-closing (single-frame + gap2): 41440 nodes, 39382 edges\n"}
,{"stream_name":"stdout","time":6024.736372026,"data":"[44b6_2a2eff9f] after safe-division repair: 41440 nodes, 39473 edges (geometric_candidates = 1352, deepcenter_rejected = 1253, post_veto_candidates = 99, added = 91, cap_skipped = 0, mutual_nn_rejected = 75, divergence_rejected = 618)\n"}
,{"stream_name":"stdout","time":6024.736437208,"data":"[44b6_2a2eff9f] after division-geometry-filter+prune-isolated: 41436 nodes, 39473 edges\n"}
,{"stream_name":"stdout","time":6024.736446238,"data":"[44b6_2a2eff9f] after short-track filtering: 40131 nodes, 38462 edges (components_removed = 294)\n"}
,{"stream_name":"stdout","time":6031.852454789,"data":"[44b6_2a2eff9f] FINAL: 40131 nodes, 38462 edges\n"}
,{"stream_name":"stdout","time":6034.309889873,"data":"[44b6_341df25f] after edge-filter+motion-relink: 8523 nodes, 8210 edges\n"}
,{"stream_name":"stdout","time":6035.86059093,"data":"[44b6_341df25f] after gap-closing (single-frame + gap2): 8569 nodes, 8290 edges\n"}
,{"stream_name":"stdout","time":6056.958912124,"data":"[44b6_341df25f] after safe-division repair: 8569 nodes, 8311 edges (geometric_candidates = 134, deepcenter_rejected = 109, post_veto_candidates = 25, added = 21, cap_skipped = 0, mutual_nn_rejected = 3, divergence_rejected = 42)\n"}
,{"stream_name":"stdout","time":6056.958951625,"data":"[44b6_341df25f] after division-geometry-filter+prune-isolated: 8569 nodes, 8311 edges\n"}
,{"stream_name":"stdout","time":6056.958958159,"data":"[44b6_341df25f] after short-track filtering: 8423 nodes, 8197 edges (components_removed = 32)\n"}
,{"stream_name":"stdout","time":6058.227050481,"data":"[44b6_341df25f] FINAL: 8423 nodes, 8197 edges\n"}
,{"stream_name":"stdout","time":6059.47915521,"data":"[6bba_062c8d37] after edge-filter+motion-relink: 5997 nodes, 5645 edges\n"}
,{"stream_name":"stdout","time":6060.536347032,"data":"[6bba_062c8d37] after gap-closing (single-frame + gap2): 6048 nodes, 5740 edges\n"}
,{"stream_name":"stdout","time":6073.543849961,"data":"[6bba_062c8d37] after safe-division repair: 6048 nodes, 5753 edges (geometric_candidates = 59, deepcenter_rejected = 41, post_veto_candidates = 18, added = 13, cap_skipped = 0, mutual_nn_rejected = 3, divergence_rejected = 22)\n"}
,{"stream_name":"stdout","time":6073.54390641,"data":"[6bba_062c8d37] after division-geometry-filter+prune-isolated: 6022 nodes, 5753 edges\n"}
,{"stream_name":"stdout","time":6073.543915263,"data":"[6bba_062c8d37] after short-track filtering: 5857 nodes, 5632 edges (components_removed = 44)\n"}
,{"stream_name":"stdout","time":6074.785351104,"data":"[6bba_062c8d37] FINAL: 5857 nodes, 5632 edges\n"}
,{"stream_name":"stdout","time":6101.523527299,"data":"[6bba_07e24132] after edge-filter+motion-relink: 29751 nodes, 28214 edges\n"}
,{"stream_name":"stdout","time":6110.970653984,"data":"[6bba_07e24132] after gap-closing (single-frame + gap2): 30085 nodes, 28824 edges\n"}
,{"stream_name":"stdout","time":6140.972591371,"data":"[6bba_07e24132] after safe-division repair: 30085 nodes, 28855 edges (geometric_candidates = 794, deepcenter_rejected = 744, post_veto_candidates = 50, added = 31, cap_skipped = 0, mutual_nn_rejected = 69, divergence_rejected = 332)\n"}
,{"stream_name":"stdout","time":6140.97270886,"data":"[6bba_07e24132] after division-geometry-filter+prune-isolated: 30078 nodes, 28855 edges\n"}
,{"stream_name":"stdout","time":6140.972716586,"data":"[6bba_07e24132] after short-track filtering: 29202 nodes, 28181 edges (components_removed = 202)\n"}
,{"stream_name":"stdout","time":6146.209783925,"data":"[6bba_07e24132] FINAL: 29202 nodes, 28181 edges\n"}
,{"stream_name":"stdout","time":6148.801141927,"data":"[6bba_085bf656] after edge-filter+motion-relink: 8417 nodes, 8092 edges\n"}
,{"stream_name":"stdout","time":6149.367481831,"data":"[6bba_085bf656] after gap-closing (single-frame + gap2): 8438 nodes, 8131 edges\n"}
,{"stream_name":"stdout","time":6164.440610136,"data":"[6bba_085bf656] after safe-division repair: 8438 nodes, 8144 edges (geometric_candidates = 100, deepcenter_rejected = 84, post_veto_candidates = 16, added = 13, cap_skipped = 0, mutual_nn_rejected = 4, divergence_rejected = 23)\n"}
,{"stream_name":"stdout","time":6164.440662181,"data":"[6bba_085bf656] after division-geometry-filter+prune-isolated: 8435 nodes, 8144 edges\n"}
,{"stream_name":"stdout","time":6164.440668611,"data":"[6bba_085bf656] after short-track filtering: 8300 nodes, 8039 edges (components_removed = 30)\n"}
,{"stream_name":"stdout","time":6165.896433621,"data":"[6bba_085bf656] FINAL: 8300 nodes, 8039 edges\n"}
,{"stream_name":"stdout","time":6192.7280268,"data":"[6bba_09961292] after edge-filter+motion-relink: 29955 nodes, 28814 edges\n"}
,{"stream_name":"stdout","time":6200.745244677,"data":"[6bba_09961292] after gap-closing (single-frame + gap2): 30167 nodes, 29199 edges\n"}
,{"stream_name":"stdout","time":6228.073666784,"data":"[6bba_09961292] after safe-division repair: 30167 nodes, 29262 edges (geometric_candidates = 815, deepcenter_rejected = 676, post_veto_candidates = 139, added = 63, cap_skipped = 0, mutual_nn_rejected = 73, divergence_rejected = 281)\n"}
,{"stream_name":"stdout","time":6228.073711129,"data":"[6bba_09961292] after division-geometry-filter+prune-isolated: 30161 nodes, 29262 edges\n"}
,{"stream_name":"stdout","time":6228.073718958,"data":"[6bba_09961292] after short-track filtering: 29760 nodes, 28957 edges (components_removed = 96)\n"}
,{"stream_name":"stdout","time":6233.445411324,"data":"[6bba_09961292] FINAL: 29760 nodes, 28957 edges\n"}
,{"stream_name":"stdout","time":6233.445456026,"data":"VALIDATOR candidate: dcgap035 proxy = 0.936958 adjusted edge = 0.925847\n"}
,{"stream_name":"stdout","time":6233.446223544,"data":"VALIDATOR selected config: tight55 {'MOTION_RELINK_TIGHT_UM': 5.5}\n"}
,{"stream_name":"stdout","time":6233.446253972,"data":"VALIDATOR rewriting submission with config: tight55\n"}
,{"stream_name":"stdout","time":6233.446259448,"data":"Found 4 prediction graphs\n"}
,{"stream_name":"stdout","time":6254.092955772,"data":"[44b6_0113de3b] after edge-filter+motion-relink: 25822 nodes, 24951 edges\n"}
,{"stream_name":"stdout","time":6256.543441097,"data":"[44b6_0113de3b] after gap-closing (single-frame + gap2): 25882 nodes, 25063 edges\n"}
,{"stream_name":"stdout","time":6288.164248468,"data":"[44b6_0113de3b] after safe-division repair: 25882 nodes, 25157 edges (geometric_candidates = 562, deepcenter_rejected = 386, post_veto_candidates = 176, added = 94, cap_skipped = 2, mutual_nn_rejected = 60, divergence_rejected = 145)\n"}
,{"stream_name":"stdout","time":6288.164297018,"data":"[44b6_0113de3b] after division-geometry-filter+prune-isolated: 25877 nodes, 25157 edges\n"}
,{"stream_name":"stdout","time":6288.16430407,"data":"[44b6_0113de3b] after short-track filtering: 25640 nodes, 24974 edges (components_removed = 54)\n"}
,{"stream_name":"stdout","time":6292.788329639,"data":"[44b6_0113de3b] FINAL: 25640 nodes, 24974 edges\n"}
,{"stream_name":"stdout","time":6309.114269247,"data":"[44b6_0b24845f] after edge-filter+motion-relink: 22491 nodes, 20375 edges\n"}
,{"stream_name":"stdout","time":6326.296339778,"data":"[44b6_0b24845f] after gap-closing (single-frame + gap2): 22873 nodes, 21067 edges\n"}
,{"stream_name":"stdout","time":6357.514356125,"data":"[44b6_0b24845f] after safe-division repair: 22873 nodes, 21121 edges (geometric_candidates = 764, deepcenter_rejected = 692, post_veto_candidates = 72, added = 54, cap_skipped = 0, mutual_nn_rejected = 56, divergence_rejected = 381)\n"}
,{"stream_name":"stdout","time":6357.51439674,"data":"[44b6_0b24845f] after division-geometry-filter+prune-isolated: 22858 nodes, 21121 edges\n"}
,{"stream_name":"stdout","time":6357.514404356,"data":"[44b6_0b24845f] after short-track filtering: 20755 nodes, 19498 edges (components_removed = 480)\n"}
,{"stream_name":"stdout","time":6361.183291602,"data":"[44b6_0b24845f] FINAL: 20755 nodes, 19498 edges\n"}
,{"stream_name":"stdout","time":6362.870129264,"data":"[6bba_05b6850b] after edge-filter+motion-relink: 6305 nodes, 6032 edges\n"}
,{"stream_name":"stdout","time":6364.146843665,"data":"[6bba_05b6850b] after gap-closing (single-frame + gap2): 6336 nodes, 6088 edges\n"}
,{"stream_name":"stdout","time":6376.191737501,"data":"[6bba_05b6850b] after safe-division repair: 6336 nodes, 6103 edges (geometric_candidates = 79, deepcenter_rejected = 56, post_veto_candidates = 23, added = 15, cap_skipped = 0, mutual_nn_rejected = 5, divergence_rejected = 25)\n"}
,{"stream_name":"stdout","time":6376.191787446,"data":"[6bba_05b6850b] after division-geometry-filter+prune-isolated: 6335 nodes, 6103 edges\n"}
,{"stream_name":"stdout","time":6376.191795443,"data":"[6bba_05b6850b] after short-track filtering: 6159 nodes, 5968 edges (components_removed = 41)\n"}
,{"stream_name":"stdout","time":6377.302186074,"data":"[6bba_05b6850b] FINAL: 6159 nodes, 5968 edges\n"}
,{"stream_name":"stdout","time":6528.135623134,"data":"[6bba_05db0fb1] after edge-filter+motion-relink: 70687 nodes, 67990 edges\n"}
,{"stream_name":"stdout","time":6544.489043628,"data":"[6bba_05db0fb1] after gap-closing (single-frame + gap2): 71114 nodes, 68785 edges\n"}
,{"stream_name":"stdout","time":6576.609035657,"data":"[6bba_05db0fb1] after safe-division repair: 71114 nodes, 68906 edges (geometric_candidates = 2122, deepcenter_rejected = 1863, post_veto_candidates = 259, added = 121, cap_skipped = 0, mutual_nn_rejected = 256, divergence_rejected = 824)\n"}
,{"stream_name":"stdout","time":6576.609075904,"data":"[6bba_05db0fb1] after division-geometry-filter+prune-isolated: 71087 nodes, 68906 edges\n"}
,{"stream_name":"stdout","time":6576.60908201,"data":"[6bba_05db0fb1] after short-track filtering: 70325 nodes, 68322 edges (components_removed = 178)\n"}
,{"stream_name":"stdout","time":6589.07809083,"data":"[6bba_05db0fb1] FINAL: 70325 nodes, 68322 edges\n"}
,{"stream_name":"stdout","time":6589.558842808,"data":"Wrote /kaggle/working/submission.csv with 241,641 rows\n"}
,{"stream_name":"stdout","time":6589.55887235,"data":"Node rows: 122,879 | edge rows: 118,762\n"}
,{"stream_name":"stdout","time":6589.55887786,"data":"Wrote /kaggle/working/run_stats.csv\n"}
,{"stream_name":"stdout","time":6590.069326313,"data":"VALIDATOR final submission rows: 241641\n"}
,{"stream_name":"stdout","time":6590.069362704,"data":"VALIDATOR final config: tight55\n"}
,{"stream_name":"stdout","time":6590.642032024,"data":"{\n"}
,{"stream_name":"stdout","time":6590.642067586,"data":"  \"configuration\": {\n"}
,{"stream_name":"stdout","time":6590.642077206,"data":"    \"bidirectional_primary_weight\": 0.15,\n"}
,{"stream_name":"stdout","time":6590.642080744,"data":"    \"deepcenter_gap_confirm_min_span_um\": 8.5,\n"}
,{"stream_name":"stdout","time":6590.642083843,"data":"    \"deepcenter_gap_threshold\": 0.25,\n"}
,{"stream_name":"stdout","time":6590.642097644,"data":"    \"deepcenter_safe_div_threshold\": 0.2,\n"}
,{"stream_name":"stdout","time":6590.642100212,"data":"    \"deepcenter_tta\": true,\n"}
,{"stream_name":"stdout","time":6590.642102528,"data":"    \"detector_threshold\": 0.965,\n"}
,{"stream_name":"stdout","time":6590.642104771,"data":"    \"edge_candidate_threshold\": 0.48,\n"}
,{"stream_name":"stdout","time":6590.642107093,"data":"    \"fallback_scope\": \"individual_frame\",\n"}
,{"stream_name":"stdout","time":6590.642109409,"data":"    \"gap_close_um\": 5.0,\n"}
,{"stream_name":"stdout","time":6590.642111617,"data":"    \"ilp_appearance_weight\": 0.0,\n"}
,{"stream_name":"stdout","time":6590.642114206,"data":"    \"ilp_disappearance_weight\": 2.0,\n"}
,{"stream_name":"stdout","time":6590.642116734,"data":"    \"minimum_candidate_retention\": 0.9,\n"}
,{"stream_name":"stdout","time":6590.642118944,"data":"    \"safe_div_max_um\": 9.0,\n"}
,{"stream_name":"stdout","time":6590.642121134,"data":"    \"safe_div_sister_max_um\": 14.0,\n"}
,{"stream_name":"stdout","time":6590.642123405,"data":"    \"safe_div_sister_symmetry_tau\": 0.6,\n"}
,{"stream_name":"stdout","time":6590.642125638,"data":"    \"secondary_detection_weight\": 0.8,\n"}
,{"stream_name":"stdout","time":6590.642127816,"data":"    \"secondary_edge_feature_tta\": true,\n"}
,{"stream_name":"stdout","time":6590.64213001,"data":"    \"secondary_edge_feature_tta_weight\": 0.75,\n"}
,{"stream_name":"stdout","time":6590.642132336,"data":"    \"secondary_edge_weight\": 0.15,\n"}
,{"stream_name":"stdout","time":6590.642134517,"data":"    \"secondary_link_mode\": \"low_margin_consensus\",\n"}
,{"stream_name":"stdout","time":6590.642136788,"data":"    \"secondary_low_margin_max\": 0.35\n"}
,{"stream_name":"stdout","time":6590.642139013,"data":"  },\n"}
,{"stream_name":"stdout","time":6590.642141218,"data":"  \"diagnostics\": {\n"}
,{"stream_name":"stdout","time":6590.642143468,"data":"    \"by_movie\": {\n"}
,{"stream_name":"stdout","time":6590.642145842,"data":"      \"44b6_0113de3b\": {\n"}
,{"stream_name":"stdout","time":6590.642167189,"data":"        \"fallback_frames\": 0,\n"}
,{"stream_name":"stdout","time":6590.642171374,"data":"        \"frames\": 100,\n"}
,{"stream_name":"stdout","time":6590.642174953,"data":"        \"median_retention\": 1.0118578927634045,\n"}
,{"stream_name":"stdout","time":6590.642178726,"data":"        \"minimum_retention\": 0.9926739926739927\n"}
,{"stream_name":"stdout","time":6590.642182516,"data":"      },\n"}
,{"stream_name":"stdout","time":6590.642186336,"data":"      \"44b6_0b24845f\": {\n"}
,{"stream_name":"stdout","time":6590.642189954,"data":"        \"fallback_frames\": 64,\n"}
,{"stream_name":"stdout","time":6590.64219342,"data":"        \"frames\": 100,\n"}
,{"stream_name":"stdout","time":6590.642199319,"data":"        \"median_retention\": 0.8618514846811123,\n"}
,{"stream_name":"stdout","time":6590.642203235,"data":"        \"minimum_retention\": 0.45307443365695793\n"}
,{"stream_name":"stdout","time":6590.64222167,"data":"      },\n"}
,{"stream_name":"stdout","time":6590.642224976,"data":"      \"6bba_05b6850b\": {\n"}
,{"stream_name":"stdout","time":6590.642228323,"data":"        \"fallback_frames\": 1,\n"}
,{"stream_name":"stdout","time":6590.642236725,"data":"        \"frames\": 100,\n"}
,{"stream_name":"stdout","time":6590.642242214,"data":"        \"median_retention\": 1.0137012012012012,\n"}
,{"stream_name":"stdout","time":6590.642248677,"data":"        \"minimum_retention\": 0.8918918918918919\n"}
,{"stream_name":"stdout","time":6590.642251043,"data":"      },\n"}
,{"stream_name":"stdout","time":6590.642271781,"data":"      \"6bba_05db0fb1\": {\n"}
,{"stream_name":"stdout","time":6590.642276265,"data":"        \"fallback_frames\": 0,\n"}
,{"stream_name":"stdout","time":6590.642280316,"data":"        \"frames\": 100,\n"}
,{"stream_name":"stdout","time":6590.642283753,"data":"        \"median_retention\": 1.0110725229826354,\n"}
,{"stream_name":"stdout","time":6590.642287878,"data":"        \"minimum_retention\": 0.9715142428785607\n"}
,{"stream_name":"stdout","time":6590.642291814,"data":"      }\n"}
,{"stream_name":"stdout","time":6590.642295091,"data":"    },\n"}
,{"stream_name":"stdout","time":6590.642298242,"data":"    \"fallback_frames\": 65,\n"}
,{"stream_name":"stdout","time":6590.642301573,"data":"    \"rows\": 400\n"}
,{"stream_name":"stdout","time":6590.642304862,"data":"  },\n"}
,{"stream_name":"stdout","time":6590.642308109,"data":"  \"experiment\": \"secondary_deepcenter_tta_0947_v1\",\n"}
,{"stream_name":"stdout","time":6590.64231161,"data":"  \"hardware\": {\n"}
,{"stream_name":"stdout","time":6590.642314918,"data":"    \"visible_gpu_count\": 2\n"}
,{"stream_name":"stdout","time":6590.642318304,"data":"  },\n"}
,{"stream_name":"stdout","time":6590.642321584,"data":"  \"leaderboard_feedback_used_for_configuration\": true,\n"}
,{"stream_name":"stdout","time":6590.642327368,"data":"  \"method_attribution\": \"0.933 fixed-90 dual-seed baseline -\u003e 0.934 harmonic mutual-support fusion -\u003e 0.939 wider divisions and calmer fusion -\u003e 0.941 repair-threshold adaptation -\u003e 0.946 primary edge-feature TTA + held-out post-process selection -\u003e 0.947 secondary feature TTA + DeepCenter TTA\",\n"}
,{"stream_name":"stdout","time":6590.642333476,"data":"  \"metric_hack_used\": false,\n"}
,{"stream_name":"stdout","time":6590.642342286,"data":"  \"organizer_labels_used_for_configuration\": false,\n"}
,{"stream_name":"stdout","time":6590.642344978,"data":"  \"parent_experiment\": \"edge_feature_tta_0946_v1\",\n"}
,{"stream_name":"stdout","time":6590.642347262,"data":"  \"public_output_used\": false,\n"}
,{"stream_name":"stdout","time":6590.642349496,"data":"  \"quality_promotion\": {\n"}
,{"stream_name":"stdout","time":6590.642351729,"data":"    \"required_condition\": \"none\",\n"}
,{"stream_name":"stdout","time":6590.642354514,"data":"    \"status\": \"verified_public_lb_0947\",\n"}
,{"stream_name":"stdout","time":6590.642369226,"data":"    \"validated_receipt_sha256\": null\n"}
,{"stream_name":"stdout","time":6590.642373766,"data":"  },\n"}
,{"stream_name":"stdout","time":6590.642377427,"data":"  \"source_kernel\": \"raykkretzschmar/biohub-bidirectional-primary-union13-diagnostic-v1\",\n"}
,{"stream_name":"stdout","time":6590.642381702,"data":"  \"source_notebook_sha256\": \"3e65ca691941949196bf417030ea84fccafe16baaec174b2a63540451bb937e8\",\n"}
,{"stream_name":"stdout","time":6590.642385992,"data":"  \"status\": \"verified_public_lb_0947\",\n"}
,{"stream_name":"stdout","time":6590.642393918,"data":"  \"submission\": {\n"}
,{"stream_name":"stdout","time":6590.642398002,"data":"    \"datasets\": [\n"}
,{"stream_name":"stdout","time":6590.642401251,"data":"      \"44b6_0113de3b\",\n"}
,{"stream_name":"stdout","time":6590.642404741,"data":"      \"44b6_0b24845f\",\n"}
,{"stream_name":"stdout","time":6590.642408663,"data":"      \"6bba_05b6850b\",\n"}
,{"stream_name":"stdout","time":6590.642412426,"data":"      \"6bba_05db0fb1\"\n"}
,{"stream_name":"stdout","time":6590.642415626,"data":"    ],\n"}
,{"stream_name":"stdout","time":6590.642418698,"data":"    \"rows\": 241641,\n"}
,{"stream_name":"stdout","time":6590.642421977,"data":"    \"sha256\": \"f7cecfbabd8b98ee9a1be6c3dd82c89b5d3acc2553c07dcaeef32f772243f5e5\"\n"}
,{"stream_name":"stdout","time":6590.642429011,"data":"  },\n"}
,{"stream_name":"stdout","time":6590.642432304,"data":"  \"topology\": {\n"}
,{"stream_name":"stdout","time":6590.642435762,"data":"    \"44b6_0113de3b\": {\n"}
,{"stream_name":"stdout","time":6590.642439576,"data":"      \"division_parents\": 94,\n"}
,{"stream_name":"stdout","time":6590.642444131,"data":"      \"edges\": 24974,\n"}
,{"stream_name":"stdout","time":6590.642447264,"data":"      \"max_indegree\": 1,\n"}
,{"stream_name":"stdout","time":6590.642450309,"data":"      \"max_outdegree\": 2,\n"}
,{"stream_name":"stdout","time":6590.642454002,"data":"      \"nodes\": 25640\n"}
,{"stream_name":"stdout","time":6590.642457645,"data":"    },\n"}
,{"stream_name":"stdout","time":6590.642461441,"data":"    \"44b6_0b24845f\": {\n"}
,{"stream_name":"stdout","time":6590.642464745,"data":"      \"division_parents\": 54,\n"}
,{"stream_name":"stdout","time":6590.642467964,"data":"      \"edges\": 19498,\n"}
,{"stream_name":"stdout","time":6590.642471182,"data":"      \"max_indegree\": 1,\n"}
,{"stream_name":"stdout","time":6590.642474247,"data":"      \"max_outdegree\": 2,\n"}
,{"stream_name":"stdout","time":6590.642477285,"data":"      \"nodes\": 20755\n"}
,{"stream_name":"stdout","time":6590.642480499,"data":"    },\n"}
,{"stream_name":"stdout","time":6590.642483757,"data":"    \"6bba_05b6850b\": {\n"}
,{"stream_name":"stdout","time":6590.642487159,"data":"      \"division_parents\": 15,\n"}
,{"stream_name":"stdout","time":6590.642490589,"data":"      \"edges\": 5968,\n"}
,{"stream_name":"stdout","time":6590.642494427,"data":"      \"max_indegree\": 1,\n"}
,{"stream_name":"stdout","time":6590.642497702,"data":"      \"max_outdegree\": 2,\n"}
,{"stream_name":"stdout","time":6590.642500931,"data":"      \"nodes\": 6159\n"}
,{"stream_name":"stdout","time":6590.64250407,"data":"    },\n"}
,{"stream_name":"stdout","time":6590.642507043,"data":"    \"6bba_05db0fb1\": {\n"}
,{"stream_name":"stdout","time":6590.642510767,"data":"      \"division_parents\": 121,\n"}
,{"stream_name":"stdout","time":6590.64251451,"data":"      \"edges\": 68322,\n"}
,{"stream_name":"stdout","time":6590.64251803,"data":"      \"max_indegree\": 1,\n"}
,{"stream_name":"stdout","time":6590.642521334,"data":"      \"max_outdegree\": 2,\n"}
,{"stream_name":"stdout","time":6590.642524787,"data":"      \"nodes\": 70325\n"}
,{"stream_name":"stdout","time":6590.642528186,"data":"    }\n"}
,{"stream_name":"stdout","time":6590.642531485,"data":"  }\n"}
,{"stream_name":"stdout","time":6590.642534886,"data":"}\n"}
,{"stream_name":"stdout","time":6590.642537997,"data":"PRODUCTION SUBMISSION PIPELINE: COMPLETE\n"}
,{"stream_name":"stdout","time":6590.642541842,"data":"Submission path: /kaggle/working/submission.csv\n"}
,{"stream_name":"stdout","time":6590.642545406,"data":"Verified progression preserved: 0.933 -\u003e 0.934 -\u003e 0.939 -\u003e 0.941 -\u003e 0.946 -\u003e 0.947\n"}
,{"stream_name":"stderr","time":6595.537147071,"data":"/usr/local/lib/python3.12/dist-packages/mistune.py:435: SyntaxWarning: invalid escape sequence '\\|'\n"}
,{"stream_name":"stderr","time":6595.537200128,"data":"  cells[i][c] = re.sub('\\\\\\\\\\|', '|', cell)\n"}
,{"stream_name":"stderr","time":6595.660880111,"data":"/usr/local/lib/python3.12/dist-packages/nbconvert/filters/filter_links.py:36: SyntaxWarning: invalid escape sequence '\\_'\n"}
,{"stream_name":"stderr","time":6595.660927539,"data":"  text = re.sub(r'_', '\\_', text) # Escape underscores in display text\n"}
,{"stream_name":"stderr","time":6596.290416309,"data":"[NbConvertApp] Converting notebook __notebook__.ipynb to notebook\n"}
,{"stream_name":"stderr","time":6596.960130929,"data":"[NbConvertApp] Writing 588770 bytes to __notebook__.ipynb\n"}
,{"stream_name":"stderr","time":6599.330498693,"data":"[NbConvertApp] Converting notebook __notebook__.ipynb to html\n"}
,{"stream_name":"stderr","time":6600.85449572,"data":"[NbConvertApp] Writing 1519254 bytes to __results__.html\n"}
]