dataset,t,threshold,n_gt_sparse,n_pred,n_matched,precision_sparse,recall_sparse,score_mean,score_p90,nearest_um_median
6bba_05b6850b,0,0.1,6,110,6,0.05454545454545454,1.0,0.35056498646736145,0.5108242034912109,23.716798782348633
6bba_05b6850b,0,0.15,6,97,6,0.061855670103092786,1.0,0.3800227642059326,0.5126797556877136,23.25404167175293
6bba_05b6850b,0,0.2,6,89,6,0.06741573033707865,1.0,0.39905017614364624,0.5130380392074585,22.65003204345703
6bba_05b6850b,0,0.25,6,82,6,0.07317073170731707,1.0,0.4147161543369293,0.5134763121604919,23.039138793945312
6bba_05b6850b,0,0.3,6,71,6,0.08450704225352113,1.0,0.4366222620010376,0.5149024128913879,22.65003204345703
6bba_05b6850b,0,0.4,6,45,3,0.06666666666666667,0.5,0.48393723368644714,0.5257070660591125,24.179555892944336
6bba_05b6850b,0,0.5,6,16,0,0.0,0.0,0.5231176614761353,0.5453476309776306,28.665767669677734
6bba_05b6850b,0,0.6,6,0,0,nan,0.0,nan,nan,nan
6bba_05b6850b,0,0.7,6,0,0,nan,0.0,nan,nan,nan
6bba_05b6850b,0,0.8,6,0,0,nan,0.0,nan,nan,nan
6bba_05b6850b,54,0.1,8,112,8,0.07142857142857142,1.0,0.3426339328289032,0.49014610052108765,19.87511444091797
6bba_05b6850b,54,0.15,8,98,7,0.07142857142857142,0.875,0.3736018240451813,0.4917784035205841,20.15133285522461
6bba_05b6850b,54,0.2,8,89,7,0.07865168539325842,0.875,0.39378252625465393,0.49220314621925354,19.846050262451172
6bba_05b6850b,54,0.25,8,82,7,0.08536585365853659,0.875,0.40889450907707214,0.49302324652671814,19.437686920166016
6bba_05b6850b,54,0.3,8,73,6,0.0821917808219178,0.75,0.4253234565258026,0.49794140458106995,19.846050262451172
6bba_05b6850b,54,0.4,8,44,3,0.06818181818181818,0.375,0.4695264995098114,0.5076340436935425,20.651988983154297
6bba_05b6850b,54,0.5,8,6,0,0.0,0.0,0.5257182717323303,0.55431067943573,22.14769744873047
6bba_05b6850b,54,0.6,8,0,0,nan,0.0,nan,nan,nan
6bba_05b6850b,54,0.7,8,0,0,nan,0.0,nan,nan,nan
6bba_05b6850b,54,0.8,8,0,0,nan,0.0,nan,nan,nan
6bba_05db0fb1,7,0.1,10,613,7,0.011419249592169658,0.7,0.2417582869529724,0.34831303358078003,31.54263687133789
6bba_05db0fb1,7,0.15,10,531,5,0.009416195856873822,0.5,0.259803831577301,0.3531002998352051,31.79279327392578
6bba_05db0fb1,7,0.2,10,404,5,0.012376237623762377,0.5,0.2867887616157532,0.36211958527565,33.00264358520508
6bba_05db0fb1,7,0.25,10,282,1,0.0035460992907801418,0.1,0.313301146030426,0.3695946931838989,33.385475158691406
6bba_05db0fb1,7,0.3,10,169,0,0.0,0.0,0.33934473991394043,0.3758724629878998,35.40789794921875
6bba_05db0fb1,7,0.4,10,3,0,0.0,0.0,0.41458186507225037,0.41662198305130005,44.044883728027344
6bba_05db0fb1,7,0.5,10,0,0,nan,0.0,nan,nan,nan
6bba_05db0fb1,7,0.6,10,0,0,nan,0.0,nan,nan,nan
6bba_05db0fb1,7,0.7,10,0,0,nan,0.0,nan,nan,nan
6bba_05db0fb1,7,0.8,10,0,0,nan,0.0,nan,nan,nan
6bba_05db0fb1,61,0.1,15,549,13,0.023679417122040074,0.8666666666666667,0.23908855020999908,0.3344705402851105,22.27532196044922
6bba_05db0fb1,61,0.15,15,469,13,0.02771855010660981,0.8666666666666667,0.2584454119205475,0.3389512002468109,21.60585594177246
6bba_05db0fb1,61,0.2,15,364,11,0.03021978021978022,0.7333333333333333,0.2819238603115082,0.34543168544769287,20.816070556640625
6bba_05db0fb1,61,0.25,15,248,10,0.04032258064516129,0.6666666666666666,0.30829164385795593,0.35419341921806335,19.225109100341797
6bba_05db0fb1,61,0.3,15,138,4,0.028985507246376812,0.26666666666666666,0.33406394720077515,0.36912038922309875,17.964767456054688
6bba_05db0fb1,61,0.4,15,4,0,0.0,0.0,0.43021056056022644,0.4602164030075073,15.515005111694336
6bba_05db0fb1,61,0.5,15,0,0,nan,0.0,nan,nan,nan
6bba_05db0fb1,61,0.6,15,0,0,nan,0.0,nan,nan,nan
6bba_05db0fb1,61,0.7,15,0,0,nan,0.0,nan,nan,nan
6bba_05db0fb1,61,0.8,15,0,0,nan,0.0,nan,nan,nan
6bba_062c8d37,14,0.1,10,82,10,0.12195121951219512,1.0,0.39259472489356995,0.5426092147827148,17.347726821899414
6bba_062c8d37,14,0.15,10,70,10,0.14285714285714285,1.0,0.4383009374141693,0.545708179473877,17.347726821899414
6bba_062c8d37,14,0.2,10,67,10,0.14925373134328357,1.0,0.4506775438785553,0.5460890531539917,16.958200454711914
6bba_062c8d37,14,0.25,10,61,10,0.16393442622950818,1.0,0.4718465507030487,0.546850860118866,16.384017944335938
6bba_062c8d37,14,0.3,10,59,10,0.1694915254237288,1.0,0.4784351587295532,0.5483195185661316,16.384017944335938
6bba_062c8d37,14,0.4,10,48,9,0.1875,0.9,0.5044196248054504,0.5547942519187927,18.657894134521484
6bba_062c8d37,14,0.5,10,29,5,0.1724137931034483,0.5,0.5331591963768005,0.5571249723434448,16.958200454711914
6bba_062c8d37,14,0.6,10,0,0,nan,0.0,nan,nan,nan
6bba_062c8d37,14,0.7,10,0,0,nan,0.0,nan,nan,nan
6bba_062c8d37,14,0.8,10,0,0,nan,0.0,nan,nan,nan
6bba_062c8d37,68,0.1,13,83,10,0.12048192771084337,0.7692307692307693,0.381059855222702,0.5265856981277466,19.074291229248047
6bba_062c8d37,68,0.15,13,79,10,0.12658227848101267,0.7692307692307693,0.39405131340026855,0.5269521474838257,18.821699142456055
6bba_062c8d37,68,0.2,13,71,10,0.14084507042253522,0.7692307692307693,0.41883933544158936,0.5276660919189453,17.840343475341797
6bba_062c8d37,68,0.25,13,65,10,0.15384615384615385,0.7692307692307693,0.4366176426410675,0.5286303758621216,16.77227210998535
6bba_062c8d37,68,0.3,13,59,10,0.1694915254237288,0.7692307692307693,0.4524671137332916,0.5306705236434937,18.387020111083984
6bba_062c8d37,68,0.4,13,44,8,0.18181818181818182,0.6153846153846154,0.48679620027542114,0.5476706624031067,19.990955352783203
6bba_062c8d37,68,0.5,13,16,1,0.0625,0.07692307692307693,0.5333173871040344,0.5656533241271973,21.351837158203125
6bba_062c8d37,68,0.6,13,0,0,nan,0.0,nan,nan,nan
6bba_062c8d37,68,0.7,13,0,0,nan,0.0,nan,nan,nan
6bba_062c8d37,68,0.8,13,0,0,nan,0.0,nan,nan,nan
6bba_07477033,21,0.1,7,62,7,0.11290322580645161,1.0,0.3812203109264374,0.5219630002975464,20.656599044799805
6bba_07477033,21,0.15,7,58,7,0.1206896551724138,1.0,0.3976626992225647,0.5233462452888489,20.843711853027344
6bba_07477033,21,0.2,7,55,7,0.12727272727272726,1.0,0.4091837704181671,0.5243791341781616,21.298118591308594
6bba_07477033,21,0.25,7,48,7,0.14583333333333334,1.0,0.4368533194065094,0.5273621678352356,21.0352840423584
6bba_07477033,21,0.3,7,43,6,0.13953488372093023,0.8571428571428571,0.4566378593444824,0.5300385355949402,21.559974670410156
6bba_07477033,21,0.4,7,34,3,0.08823529411764706,0.42857142857142855,0.48779016733169556,0.532417893409729,24.46396827697754
6bba_07477033,21,0.5,7,14,0,0.0,0.0,0.5314164757728577,0.5746599435806274,27.119583129882812
6bba_07477033,21,0.6,7,1,0,0.0,0.0,0.6030117273330688,0.6030117273330688,28.04155158996582
6bba_07477033,21,0.7,7,0,0,nan,0.0,nan,nan,nan
6bba_07477033,21,0.8,7,0,0,nan,0.0,nan,nan,nan
6bba_07477033,75,0.1,5,64,5,0.078125,1.0,0.37767648696899414,0.49453455209732056,20.684646606445312
6bba_07477033,75,0.15,5,60,5,0.08333333333333333,1.0,0.3943745493888855,0.49694591760635376,20.540691375732422
6bba_07477033,75,0.2,5,58,5,0.08620689655172414,1.0,0.40129125118255615,0.499218225479126,20.540691375732422
6bba_07477033,75,0.25,5,54,5,0.09259259259259259,1.0,0.41363102197647095,0.5037627816200256,20.540691375732422
6bba_07477033,75,0.3,5,47,5,0.10638297872340426,1.0,0.43472781777381897,0.5098196268081665,20.492483139038086
6bba_07477033,75,0.4,5,33,3,0.09090909090909091,0.6,0.46696996688842773,0.5225149989128113,22.29013442993164
6bba_07477033,75,0.5,5,6,0,0.0,0.0,0.5262145400047302,0.5408436059951782,27.63983917236328
6bba_07477033,75,0.6,5,0,0,nan,0.0,nan,nan,nan
6bba_07477033,75,0.7,5,0,0,nan,0.0,nan,nan,nan
6bba_07477033,75,0.8,5,0,0,nan,0.0,nan,nan,nan
6bba_07e24132,28,0.1,4,329,2,0.0060790273556231,0.5,0.21631550788879395,0.320223867893219,36.57716751098633
6bba_07e24132,28,0.15,4,243,2,0.00823045267489712,0.5,0.24846482276916504,0.33213406801223755,35.150604248046875
6bba_07e24132,28,0.2,4,183,2,0.01092896174863388,0.5,0.2732976973056793,0.34452390670776367,33.10002899169922
6bba_07e24132,28,0.25,4,111,2,0.018018018018018018,0.5,0.30465924739837646,0.3571207523345947,32.79949951171875
6bba_07e24132,28,0.3,4,53,1,0.018867924528301886,0.25,0.3374864459037781,0.3833766281604767,33.46696090698242
6bba_07e24132,28,0.4,4,3,0,0.0,0.0,0.40895795822143555,0.41509947180747986,21.826251983642578
6bba_07e24132,28,0.5,4,0,0,nan,0.0,nan,nan,nan
6bba_07e24132,28,0.6,4,0,0,nan,0.0,nan,nan,nan
6bba_07e24132,28,0.7,4,0,0,nan,0.0,nan,nan,nan
6bba_07e24132,28,0.8,4,0,0,nan,0.0,nan,nan,nan
6bba_07e24132,82,0.1,4,273,3,0.01098901098901099,0.75,0.22320324182510376,0.34850743412971497,35.37059020996094
6bba_07e24132,82,0.15,4,203,3,0.014778325123152709,0.75,0.2570258677005768,0.3648860454559326,33.771324157714844
6bba_07e24132,82,0.2,4,141,3,0.02127659574468085,0.75,0.2941585183143616,0.3828575611114502,32.64314270019531
6bba_07e24132,82,0.25,4,100,3,0.03,0.75,0.321394681930542,0.38952526450157166,30.7712345123291
6bba_07e24132,82,0.3,4,59,3,0.05084745762711865,0.75,0.352232426404953,0.3947109282016754,31.490272521972656
6bba_07e24132,82,0.4,4,4,1,0.25,0.25,0.42174986004829407,0.4334201216697693,28.963096618652344
6bba_07e24132,82,0.5,4,0,0,nan,0.0,nan,nan,nan
6bba_07e24132,82,0.6,4,0,0,nan,0.0,nan,nan,nan
6bba_07e24132,82,0.7,4,0,0,nan,0.0,nan,nan,nan
6bba_07e24132,82,0.8,4,0,0,nan,0.0,nan,nan,nan
6bba_085bf656,36,0.1,14,116,14,0.1206896551724138,1.0,0.3523617684841156,0.4551457464694977,17.17097282409668
6bba_085bf656,36,0.15,14,111,14,0.12612612612612611,1.0,0.3628256618976593,0.45571082830429077,17.103559494018555
6bba_085bf656,36,0.2,14,103,14,0.13592233009708737,1.0,0.3775087893009186,0.4604421555995941,17.17097282409668
6bba_085bf656,36,0.25,14,96,14,0.14583333333333334,1.0,0.38851141929626465,0.4616360664367676,17.66712188720703
6bba_085bf656,36,0.3,14,85,13,0.15294117647058825,0.9285714285714286,0.4033752381801605,0.46704167127609253,17.877307891845703
6bba_085bf656,36,0.4,14,49,3,0.061224489795918366,0.21428571428571427,0.4416666328907013,0.48131224513053894,17.969388961791992
6bba_085bf656,36,0.5,14,3,0,0.0,0.0,0.5283951163291931,0.5436518788337708,21.871572494506836
6bba_085bf656,36,0.6,14,0,0,nan,0.0,nan,nan,nan
6bba_085bf656,36,0.7,14,0,0,nan,0.0,nan,nan,nan
6bba_085bf656,36,0.8,14,0,0,nan,0.0,nan,nan,nan
6bba_085bf656,89,0.1,12,65,12,0.18461538461538463,1.0,0.3546881079673767,0.47071513533592224,16.653772354125977
6bba_085bf656,89,0.15,12,58,12,0.20689655172413793,1.0,0.38267454504966736,0.47152385115623474,17.325347900390625
6bba_085bf656,89,0.2,12,54,12,0.2222222222222222,1.0,0.3988018035888672,0.4722016751766205,17.339092254638672
6bba_085bf656,89,0.25,12,49,11,0.22448979591836735,0.9166666666666666,0.41673409938812256,0.4727175533771515,16.653772354125977
6bba_085bf656,89,0.3,12,47,10,0.2127659574468085,0.8333333333333334,0.4223995506763458,0.4727250039577484,18.024410247802734
6bba_085bf656,89,0.4,12,32,3,0.09375,0.25,0.4492572247982025,0.47344863414764404,19.323158264160156
6bba_085bf656,89,0.5,12,0,0,nan,0.0,nan,nan,nan
6bba_085bf656,89,0.6,12,0,0,nan,0.0,nan,nan,nan
6bba_085bf656,89,0.7,12,0,0,nan,0.0,nan,nan,nan
6bba_085bf656,89,0.8,12,0,0,nan,0.0,nan,nan,nan
6bba_09961292,43,0.1,17,271,17,0.06273062730627306,1.0,0.3287305533885956,0.474809855222702,14.457592010498047
6bba_09961292,43,0.15,17,246,16,0.06504065040650407,0.9411764705882353,0.34943872690200806,0.4768902063369751,14.186450004577637
6bba_09961292,43,0.2,17,216,15,0.06944444444444445,0.8823529411764706,0.37383484840393066,0.47962987422943115,13.886977195739746
6bba_09961292,43,0.25,17,196,13,0.0663265306122449,0.7647058823529411,0.3888048529624939,0.4831957221031189,13.886977195739746
6bba_09961292,43,0.3,17,162,12,0.07407407407407407,0.7058823529411765,0.4129704535007477,0.48926135897636414,13.273238182067871
6bba_09961292,43,0.4,17,96,8,0.08333333333333333,0.47058823529411764,0.4511636197566986,0.49816250801086426,12.759086608886719
6bba_09961292,43,0.5,17,9,1,0.1111111111111111,0.058823529411764705,0.5133264660835266,0.5299754738807678,15.257378578186035
6bba_09961292,43,0.6,17,0,0,nan,0.0,nan,nan,nan
6bba_09961292,43,0.7,17,0,0,nan,0.0,nan,nan,nan
6bba_09961292,43,0.8,17,0,0,nan,0.0,nan,nan,nan
6bba_09961292,96,0.1,12,268,11,0.041044776119402986,0.9166666666666666,0.32354050874710083,0.473690927028656,17.055233001708984
6bba_09961292,96,0.15,12,238,11,0.046218487394957986,0.9166666666666666,0.34817832708358765,0.4753493368625641,16.987300872802734
6bba_09961292,96,0.2,12,215,11,0.05116279069767442,0.9166666666666666,0.36694052815437317,0.4784567952156067,16.534425735473633
6bba_09961292,96,0.25,12,188,10,0.05319148936170213,0.8333333333333334,0.3873061239719391,0.4816173315048218,16.206756591796875
6bba_09961292,96,0.3,12,163,9,0.05521472392638037,0.75,0.4053422510623932,0.4956214427947998,16.181299209594727
6bba_09961292,96,0.4,12,87,5,0.05747126436781609,0.4166666666666667,0.4561897814273834,0.518419623374939,16.232215881347656
6bba_09961292,96,0.5,12,13,1,0.07692307692307693,0.08333333333333333,0.5226936936378479,0.541774570941925,16.232215881347656
6bba_09961292,96,0.6,12,0,0,nan,0.0,nan,nan,nan
6bba_09961292,96,0.7,12,0,0,nan,0.0,nan,nan,nan
6bba_09961292,96,0.8,12,0,0,nan,0.0,nan,nan,nan
6bba_0c7fa718,50,0.1,1,87,1,0.011494252873563218,1.0,0.43190720677375793,0.5144714713096619,58.17820739746094
6bba_0c7fa718,50,0.15,1,85,1,0.011764705882352941,1.0,0.4393013119697571,0.515613853931427,57.33812713623047
6bba_0c7fa718,50,0.2,1,84,1,0.011904761904761904,1.0,0.4422733783721924,0.5161850452423096,57.7581672668457
6bba_0c7fa718,50,0.25,1,83,1,0.012048192771084338,1.0,0.44485607743263245,0.5167562365531921,57.33812713623047
6bba_0c7fa718,50,0.3,1,82,1,0.012195121951219513,1.0,0.4471758008003235,0.5173274278640747,58.325660705566406
6bba_0c7fa718,50,0.4,1,64,1,0.015625,1.0,0.4742063879966736,0.5185216665267944,51.62097930908203
6bba_0c7fa718,50,0.5,1,21,0,0.0,0.0,0.5168383717536926,0.5384617447853088,48.465641021728516
6bba_0c7fa718,50,0.6,1,0,0,nan,0.0,nan,nan,nan
6bba_0c7fa718,50,0.7,1,0,0,nan,0.0,nan,nan,nan
6bba_0c7fa718,50,0.8,1,0,0,nan,0.0,nan,nan,nan
6bba_0e7c0d07,3,0.1,1,36,1,0.027777777777777776,1.0,0.3974846601486206,0.5303077697753906,35.60655975341797
6bba_0e7c0d07,3,0.15,1,35,1,0.02857142857142857,1.0,0.405185341835022,0.5310460329055786,35.314552307128906
6bba_0e7c0d07,3,0.2,1,32,1,0.03125,1.0,0.4267040491104126,0.533260703086853,33.52249526977539
6bba_0e7c0d07,3,0.25,1,29,1,0.034482758620689655,1.0,0.44861695170402527,0.536431610584259,31.730440139770508
6bba_0e7c0d07,3,0.3,1,28,1,0.03571428571428571,1.0,0.45563581585884094,0.5376479625701904,31.693988800048828
6bba_0e7c0d07,3,0.4,1,22,1,0.045454545454545456,1.0,0.4774830639362335,0.5449461340904236,31.911529541015625
6bba_0e7c0d07,3,0.5,1,6,0,0.0,0.0,0.5411701798439026,0.5585833191871643,24.047531127929688
6bba_0e7c0d07,3,0.6,1,0,0,nan,0.0,nan,nan,nan
6bba_0e7c0d07,3,0.7,1,0,0,nan,0.0,nan,nan,nan
6bba_0e7c0d07,3,0.8,1,0,0,nan,0.0,nan,nan,nan
6bba_0e7c0d07,57,0.1,3,391,3,0.0076726342710997444,1.0,0.23550184071063995,0.3430349826812744,42.63593292236328
6bba_0e7c0d07,57,0.15,3,325,3,0.009230769230769232,1.0,0.25802353024482727,0.34608325362205505,40.1807746887207
6bba_0e7c0d07,57,0.2,3,247,3,0.012145748987854251,1.0,0.2840774953365326,0.35342153906822205,37.486331939697266
6bba_0e7c0d07,57,0.25,3,177,2,0.011299435028248588,0.6666666666666666,0.30782291293144226,0.36158788204193115,37.24782943725586
6bba_0e7c0d07,57,0.3,3,96,1,0.010416666666666666,0.3333333333333333,0.3373051583766937,0.37366074323654175,35.86177444458008
6bba_0e7c0d07,57,0.4,3,2,0,0.0,0.0,0.41624605655670166,0.4197208285331726,34.699012756347656
6bba_0e7c0d07,57,0.5,3,0,0,nan,0.0,nan,nan,nan
6bba_0e7c0d07,57,0.6,3,0,0,nan,0.0,nan,nan,nan
6bba_0e7c0d07,57,0.7,3,0,0,nan,0.0,nan,nan,nan
6bba_0e7c0d07,57,0.8,3,0,0,nan,0.0,nan,nan,nan
6bba_12665c0e,10,0.1,14,163,14,0.08588957055214724,1.0,0.32911986112594604,0.4273155629634857,17.54181671142578
6bba_12665c0e,10,0.15,14,155,14,0.09032258064516129,1.0,0.3402070701122284,0.42799249291419983,17.6823787689209
6bba_12665c0e,10,0.2,14,145,13,0.0896551724137931,0.9285714285714286,0.3515799045562744,0.42971286177635193,17.54181671142578
6bba_12665c0e,10,0.25,14,131,11,0.08396946564885496,0.7857142857142857,0.3650853931903839,0.4334036707878113,17.54181671142578
6bba_12665c0e,10,0.3,14,114,11,0.09649122807017543,0.7857142857142857,0.37879478931427,0.4341419041156769,17.607391357421875
6bba_12665c0e,10,0.4,14,33,4,0.12121212121212122,0.2857142857142857,0.43170425295829773,0.47372886538505554,18.494417190551758
6bba_12665c0e,10,0.5,14,0,0,nan,0.0,nan,nan,nan
6bba_12665c0e,10,0.6,14,0,0,nan,0.0,nan,nan,nan
6bba_12665c0e,10,0.7,14,0,0,nan,0.0,nan,nan,nan
6bba_12665c0e,10,0.8,14,0,0,nan,0.0,nan,nan,nan
6bba_12665c0e,64,0.1,8,59,8,0.13559322033898305,1.0,0.38568007946014404,0.49080461263656616,31.126544952392578
6bba_12665c0e,64,0.15,8,55,8,0.14545454545454545,1.0,0.4046204090118408,0.4914624094963074,31.353710174560547
6bba_12665c0e,64,0.2,8,53,8,0.1509433962264151,1.0,0.4129420816898346,0.491791307926178,31.353710174560547
6bba_12665c0e,64,0.25,8,51,7,0.13725490196078433,0.875,0.419622004032135,0.4921202063560486,33.070098876953125
6bba_12665c0e,64,0.3,8,48,6,0.125,0.75,0.4280732572078705,0.49319976568222046,32.21190643310547
6bba_12665c0e,64,0.4,8,33,3,0.09090909090909091,0.375,0.45330485701560974,0.5076777338981628,31.353710174560547
6bba_12665c0e,64,0.5,8,4,1,0.25,0.125,0.5333444476127625,0.5551849007606506,53.516056060791016
6bba_12665c0e,64,0.6,8,0,0,nan,0.0,nan,nan,nan
6bba_12665c0e,64,0.7,8,0,0,nan,0.0,nan,nan,nan
6bba_12665c0e,64,0.8,8,0,0,nan,0.0,nan,nan,nan
6bba_13f19531,17,0.1,11,65,10,0.15384615384615385,0.9090909090909091,0.3533274829387665,0.4636695981025696,20.085765838623047
6bba_13f19531,17,0.15,11,64,10,0.15625,0.9090909090909091,0.35672134160995483,0.4639509618282318,20.216384887695312
6bba_13f19531,17,0.2,11,58,10,0.1724137931034483,0.9090909090909091,0.375946581363678,0.46579423546791077,20.480066299438477
6bba_13f19531,17,0.25,11,49,8,0.16326530612244897,0.7272727272727273,0.40397241711616516,0.46900975704193115,20.62894058227539
6bba_13f19531,17,0.3,11,44,7,0.1590909090909091,0.6363636363636364,0.4182538092136383,0.4712199866771698,21.39642333984375
6bba_13f19531,17,0.4,11,30,1,0.03333333333333333,0.09090909090909091,0.446341335773468,0.47696977853775024,23.413171768188477
6bba_13f19531,17,0.5,11,2,0,0.0,0.0,0.5059828162193298,0.5104220509529114,15.098793983459473
6bba_13f19531,17,0.6,11,0,0,nan,0.0,nan,nan,nan
6bba_13f19531,17,0.7,11,0,0,nan,0.0,nan,nan,nan
6bba_13f19531,17,0.8,11,0,0,nan,0.0,nan,nan,nan
6bba_13f19531,71,0.1,5,53,5,0.09433962264150944,1.0,0.3790513277053833,0.46421319246292114,27.63246726989746
6bba_13f19531,71,0.15,5,50,5,0.1,1.0,0.3946143686771393,0.46448177099227905,27.12847328186035
6bba_13f19531,71,0.2,5,48,5,0.10416666666666667,1.0,0.4034915268421173,0.46471360325813293,26.494525909423828
6bba_13f19531,71,0.25,5,47,5,0.10638297872340426,1.0,0.40721064805984497,0.46482953429222107,26.678285598754883
6bba_13f19531,71,0.3,5,42,5,0.11904761904761904,1.0,0.42277970910072327,0.4654091000556946,26.282506942749023
6bba_13f19531,71,0.4,5,33,4,0.12121212121212122,0.8,0.4398316442966461,0.4674902856349945,27.57866096496582
6bba_13f19531,71,0.5,5,1,0,0.0,0.0,0.5076087713241577,0.5076087713241577,16.058441162109375
6bba_13f19531,71,0.6,5,0,0,nan,0.0,nan,nan,nan
6bba_13f19531,71,0.7,5,0,0,nan,0.0,nan,nan,nan
6bba_13f19531,71,0.8,5,0,0,nan,0.0,nan,nan,nan
6bba_15403b9a,25,0.1,11,79,11,0.13924050632911392,1.0,0.41603314876556396,0.5102298259735107,14.717804908752441
6bba_15403b9a,25,0.15,11,74,10,0.13513513513513514,0.9090909090909091,0.43567728996276855,0.5103253126144409,14.73460578918457
6bba_15403b9a,25,0.2,11,72,10,0.1388888888888889,0.9090909090909091,0.4424508810043335,0.5103635191917419,14.73460578918457
6bba_15403b9a,25,0.25,11,68,9,0.1323529411764706,0.8181818181818182,0.45580124855041504,0.5109127163887024,14.879462242126465
6bba_15403b9a,25,0.3,11,63,8,0.12698412698412698,0.7272727272727273,0.46938422322273254,0.511796236038208,14.918283462524414
6bba_15403b9a,25,0.4,11,59,8,0.13559322033898305,0.7272727272727273,0.4777473509311676,0.5133154988288879,15.397356986999512
6bba_15403b9a,25,0.5,11,16,3,0.1875,0.2727272727272727,0.5139594674110413,0.526540219783783,16.85472869873047
6bba_15403b9a,25,0.6,11,0,0,nan,0.0,nan,nan,nan
6bba_15403b9a,25,0.7,11,0,0,nan,0.0,nan,nan,nan
6bba_15403b9a,25,0.8,11,0,0,nan,0.0,nan,nan,nan
6bba_15403b9a,78,0.1,5,54,5,0.09259259259259259,1.0,0.4209218919277191,0.5529810190200806,24.45779800415039
6bba_15403b9a,78,0.15,5,50,5,0.1,1.0,0.44477492570877075,0.5552123785018921,24.565351486206055
6bba_15403b9a,78,0.2,5,50,5,0.1,1.0,0.44477492570877075,0.5552123785018921,24.565351486206055
6bba_15403b9a,78,0.25,5,47,5,0.10638297872340426,1.0,0.45877155661582947,0.5552995800971985,24.471294403076172
6bba_15403b9a,78,0.3,5,42,5,0.11904761904761904,1.0,0.4812563955783844,0.5554448366165161,24.86516571044922
6bba_15403b9a,78,0.4,5,37,5,0.13513513513513514,1.0,0.5004665851593018,0.5560152530670166,25.070924758911133
6bba_15403b9a,78,0.5,5,17,1,0.058823529411764705,0.2,0.5339874029159546,0.5616874694824219,24.403759002685547
6bba_15403b9a,78,0.6,5,0,0,nan,0.0,nan,nan,nan
6bba_15403b9a,78,0.7,5,0,0,nan,0.0,nan,nan,nan
6bba_15403b9a,78,0.8,5,0,0,nan,0.0,nan,nan,nan
6bba_1d0d8384,32,0.1,15,182,11,0.06043956043956044,0.7333333333333333,0.3101423978805542,0.4846762716770172,18.18258285522461
6bba_1d0d8384,32,0.15,15,152,9,0.05921052631578947,0.6,0.347065269947052,0.4869931936264038,18.750675201416016
6bba_1d0d8384,32,0.2,15,132,9,0.06818181818181818,0.6,0.3728564381599426,0.4935760796070099,18.9960994720459
6bba_1d0d8384,32,0.25,15,115,9,0.0782608695652174,0.6,0.3939012587070465,0.49475279450416565,18.58344078063965
6bba_1d0d8384,32,0.3,15,98,8,0.08163265306122448,0.5333333333333333,0.4150572419166565,0.4972580373287201,18.750675201416016
6bba_1d0d8384,32,0.4,15,55,3,0.05454545454545454,0.2,0.46386802196502686,0.502625584602356,18.40496253967285
6bba_1d0d8384,32,0.5,15,9,0,0.0,0.0,0.5149314999580383,0.5488539934158325,19.821086883544922
6bba_1d0d8384,32,0.6,15,0,0,nan,0.0,nan,nan,nan
6bba_1d0d8384,32,0.7,15,0,0,nan,0.0,nan,nan,nan
6bba_1d0d8384,32,0.8,15,0,0,nan,0.0,nan,nan,nan
6bba_1d0d8384,85,0.1,10,109,8,0.07339449541284404,0.8,0.34949514269828796,0.5009945631027222,21.559974670410156
6bba_1d0d8384,85,0.15,10,97,8,0.08247422680412371,0.8,0.3774496912956238,0.5045056939125061,20.7962703704834
6bba_1d0d8384,85,0.2,10,84,7,0.08333333333333333,0.7,0.4079124927520752,0.5111697316169739,19.379976272583008
6bba_1d0d8384,85,0.25,10,77,7,0.09090909090909091,0.7,0.4251188337802887,0.5131095051765442,18.689706802368164
6bba_1d0d8384,85,0.3,10,69,6,0.08695652173913043,0.6,0.44276320934295654,0.5151764750480652,18.610063552856445
6bba_1d0d8384,85,0.4,10,49,4,0.08163265306122448,0.4,0.47171056270599365,0.5217868685722351,18.689706802368164
6bba_1d0d8384,85,0.5,10,12,1,0.08333333333333333,0.1,0.5231653451919556,0.539271354675293,30.03433609008789
6bba_1d0d8384,85,0.6,10,0,0,nan,0.0,nan,nan,nan
6bba_1d0d8384,85,0.7,10,0,0,nan,0.0,nan,nan,nan
6bba_1d0d8384,85,0.8,10,0,0,nan,0.0,nan,nan,nan
6bba_1ebfb80d,39,0.1,9,138,8,0.057971014492753624,0.8888888888888888,0.2971973419189453,0.4115961492061615,21.837093353271484
6bba_1ebfb80d,39,0.15,9,130,7,0.05384615384615385,0.7777777777777778,0.30823227763175964,0.4117179214954376,21.437097549438477
6bba_1ebfb80d,39,0.2,9,114,7,0.06140350877192982,0.7777777777777778,0.32776379585266113,0.42149585485458374,22.004724502563477
6bba_1ebfb80d,39,0.25,9,94,7,0.07446808510638298,0.7777777777777778,0.351043701171875,0.43344825506210327,21.437097549438477
6bba_1ebfb80d,39,0.3,9,68,5,0.07352941176470588,0.5555555555555556,0.37951236963272095,0.4538622200489044,21.437097549438477
6bba_1ebfb80d,39,0.4,9,19,1,0.05263157894736842,0.1111111111111111,0.4477221369743347,0.503253161907196,23.38144302368164
6bba_1ebfb80d,39,0.5,9,2,0,0.0,0.0,0.5296428799629211,0.5302299857139587,38.0568733215332
6bba_1ebfb80d,39,0.6,9,0,0,nan,0.0,nan,nan,nan
6bba_1ebfb80d,39,0.7,9,0,0,nan,0.0,nan,nan,nan
6bba_1ebfb80d,39,0.8,9,0,0,nan,0.0,nan,nan,nan
6bba_1ebfb80d,92,0.1,3,42,3,0.07142857142857142,1.0,0.3310897648334503,0.456896036863327,55.627647399902344
6bba_1ebfb80d,92,0.15,3,40,3,0.075,1.0,0.3415389060974121,0.4580695331096649,26.391340255737305
6bba_1ebfb80d,92,0.2,3,32,3,0.09375,1.0,0.38370323181152344,0.46514183282852173,83.093017578125
6bba_1ebfb80d,92,0.25,3,30,3,0.1,1.0,0.39327991008758545,0.46739399433135986,83.093017578125
6bba_1ebfb80d,92,0.3,3,27,3,0.1111111111111111,1.0,0.4068572223186493,0.4714984595775604,82.360107421875
6bba_1ebfb80d,92,0.4,3,16,2,0.125,0.6666666666666666,0.4511989951133728,0.504084587097168,83.093017578125
6bba_1ebfb80d,92,0.5,3,2,0,0.0,0.0,0.5815421342849731,0.6240063309669495,71.94782257080078
6bba_1ebfb80d,92,0.6,3,1,0,0.0,0.0,0.6346223950386047,0.6346223950386047,127.37120056152344
6bba_1ebfb80d,92,0.7,3,0,0,nan,0.0,nan,nan,nan
6bba_1ebfb80d,92,0.8,3,0,0,nan,0.0,nan,nan,nan
6bba_1f58c2f6,46,0.1,3,314,3,0.009554140127388535,1.0,0.23339200019836426,0.3644547164440155,33.46693801879883
6bba_1f58c2f6,46,0.15,3,241,1,0.004149377593360996,0.3333333333333333,0.26572808623313904,0.3731001913547516,32.25149154663086
6bba_1f58c2f6,46,0.2,3,181,1,0.0055248618784530384,0.3333333333333333,0.29609137773513794,0.38128820061683655,32.23613739013672
6bba_1f58c2f6,46,0.25,3,127,1,0.007874015748031496,0.3333333333333333,0.32615286111831665,0.405607670545578,32.23613739013672
6bba_1f58c2f6,46,0.3,3,80,1,0.0125,0.3333333333333333,0.3570064902305603,0.42110973596572876,33.75160217285156
6bba_1f58c2f6,46,0.4,3,16,0,0.0,0.0,0.4223613440990448,0.44432830810546875,40.33161163330078
6bba_1f58c2f6,46,0.5,3,0,0,nan,0.0,nan,nan,nan
6bba_1f58c2f6,46,0.6,3,0,0,nan,0.0,nan,nan,nan
6bba_1f58c2f6,46,0.7,3,0,0,nan,0.0,nan,nan,nan
6bba_1f58c2f6,46,0.8,3,0,0,nan,0.0,nan,nan,nan
6bba_1f58c2f6,99,0.1,5,154,5,0.032467532467532464,1.0,0.2908490300178528,0.4632514715194702,26.99190902709961
6bba_1f58c2f6,99,0.15,5,126,5,0.03968253968253968,1.0,0.3271576166152954,0.4684187173843384,24.752840042114258
6bba_1f58c2f6,99,0.2,5,104,5,0.04807692307692308,1.0,0.3580162227153778,0.4761015772819519,23.699722290039062
6bba_1f58c2f6,99,0.25,5,91,5,0.054945054945054944,1.0,0.37662869691848755,0.478260338306427,21.71253204345703
6bba_1f58c2f6,99,0.3,5,71,5,0.07042253521126761,1.0,0.4055628180503845,0.4836854934692383,23.05446434020996
6bba_1f58c2f6,99,0.4,5,38,4,0.10526315789473684,0.8,0.45695018768310547,0.4952041208744049,26.205970764160156
6bba_1f58c2f6,99,0.5,5,3,1,0.3333333333333333,0.2,0.5145359039306641,0.5214647650718689,18.40496253967285
6bba_1f58c2f6,99,0.6,5,0,0,nan,0.0,nan,nan,nan
6bba_1f58c2f6,99,0.7,5,0,0,nan,0.0,nan,nan,nan
6bba_1f58c2f6,99,0.8,5,0,0,nan,0.0,nan,nan,nan
6bba_207c6aaf,53,0.1,5,179,3,0.01675977653631285,0.6,0.21669426560401917,0.3111998736858368,27.28385353088379
6bba_207c6aaf,53,0.15,5,144,3,0.020833333333333332,0.6,0.2394791692495346,0.3222951591014862,26.59439468383789
6bba_207c6aaf,53,0.2,5,98,0,0.0,0.0,0.27066582441329956,0.33350008726119995,27.240554809570312
6bba_207c6aaf,53,0.25,5,58,0,0.0,0.0,0.29784348607063293,0.3528834283351898,28.949607849121094
6bba_207c6aaf,53,0.3,5,28,0,0.0,0.0,0.3303052484989166,0.36447933316230774,29.86553192138672
6bba_207c6aaf,53,0.4,5,0,0,nan,0.0,nan,nan,nan
6bba_207c6aaf,53,0.5,5,0,0,nan,0.0,nan,nan,nan
6bba_207c6aaf,53,0.6,5,0,0,nan,0.0,nan,nan,nan
6bba_207c6aaf,53,0.7,5,0,0,nan,0.0,nan,nan,nan
6bba_207c6aaf,53,0.8,5,0,0,nan,0.0,nan,nan,nan
6bba_20852818,7,0.1,10,201,9,0.04477611940298507,0.9,0.3607812523841858,0.490264892578125,18.961477279663086
6bba_20852818,7,0.15,10,190,9,0.04736842105263158,0.9,0.37423115968704224,0.4904867112636566,18.944053649902344
6bba_20852818,7,0.2,10,178,9,0.05056179775280899,0.9,0.38727742433547974,0.49124768376350403,18.900432586669922
6bba_20852818,7,0.25,10,163,8,0.049079754601226995,0.8,0.40158382058143616,0.4925881326198578,18.856740951538086
6bba_20852818,7,0.3,10,139,8,0.05755395683453238,0.8,0.42262575030326843,0.49555155634880066,18.342086791992188
6bba_20852818,7,0.4,10,88,6,0.06818181818181818,0.6,0.4628874957561493,0.5127160549163818,17.834501266479492
6bba_20852818,7,0.5,10,13,0,0.0,0.0,0.5179148316383362,0.5335780382156372,21.429447174072266
6bba_20852818,7,0.6,10,0,0,nan,0.0,nan,nan,nan
6bba_20852818,7,0.7,10,0,0,nan,0.0,nan,nan,nan
6bba_20852818,7,0.8,10,0,0,nan,0.0,nan,nan,nan
6bba_20852818,60,0.1,9,73,9,0.1232876712328767,1.0,0.3900931775569916,0.5209284424781799,18.91790771484375
6bba_20852818,60,0.15,9,68,9,0.1323529411764706,1.0,0.4100710153579712,0.5220338106155396,18.656951904296875
6bba_20852818,60,0.2,9,65,9,0.13846153846153847,1.0,0.42142200469970703,0.5222439765930176,18.08839225769043
6bba_20852818,60,0.25,9,56,9,0.16071428571428573,1.0,0.45346131920814514,0.5235519409179688,17.81039810180664
6bba_20852818,60,0.3,9,53,9,0.16981132075471697,1.0,0.46386733651161194,0.5241686105728149,17.532405853271484
6bba_20852818,60,0.4,9,43,8,0.18604651162790697,0.8888888888888888,0.4922451078891754,0.5310872793197632,16.96792984008789
6bba_20852818,60,0.5,9,13,2,0.15384615384615385,0.2222222222222222,0.5310912132263184,0.5478008389472961,14.773765563964844
6bba_20852818,60,0.6,9,1,0,0.0,0.0,0.6119429469108582,0.6119429469108582,12.62973690032959
6bba_20852818,60,0.7,9,0,0,nan,0.0,nan,nan,nan
6bba_20852818,60,0.8,9,0,0,nan,0.0,nan,nan,nan
6bba_2312ac41,14,0.1,13,205,13,0.06341463414634146,1.0,0.29868823289871216,0.399690181016922,21.84136962890625
6bba_2312ac41,14,0.15,13,194,13,0.06701030927835051,1.0,0.3086928129196167,0.4016455113887787,21.685791015625
6bba_2312ac41,14,0.2,13,177,13,0.07344632768361582,1.0,0.3213218152523041,0.4061497747898102,20.859661102294922
6bba_2312ac41,14,0.25,13,146,12,0.0821917808219178,0.9230769230769231,0.34200891852378845,0.41263455152511597,19.100183486938477
6bba_2312ac41,14,0.3,13,110,8,0.07272727272727272,0.6153846153846154,0.36311444640159607,0.4252171218395233,19.100183486938477
6bba_2312ac41,14,0.4,13,20,2,0.1,0.15384615384615385,0.426575243473053,0.4415226876735687,20.544536590576172
6bba_2312ac41,14,0.5,13,0,0,nan,0.0,nan,nan,nan
6bba_2312ac41,14,0.6,13,0,0,nan,0.0,nan,nan,nan
6bba_2312ac41,14,0.7,13,0,0,nan,0.0,nan,nan,nan
6bba_2312ac41,14,0.8,13,0,0,nan,0.0,nan,nan,nan
6bba_2312ac41,67,0.1,10,104,10,0.09615384615384616,1.0,0.3616943061351776,0.46004414558410645,21.103452682495117
6bba_2312ac41,67,0.15,10,100,10,0.1,1.0,0.3714437186717987,0.46120166778564453,21.103452682495117
6bba_2312ac41,67,0.2,10,96,9,0.09375,0.9,0.37931251525878906,0.4616435170173645,21.162073135375977
6bba_2312ac41,67,0.25,10,91,9,0.0989010989010989,0.9,0.3879534900188446,0.46219584345817566,21.150375366210938
6bba_2312ac41,67,0.3,10,82,9,0.10975609756097561,0.9,0.3999660313129425,0.4662913978099823,21.103452682495117
6bba_2312ac41,67,0.4,10,42,4,0.09523809523809523,0.4,0.4427933394908905,0.4871048629283905,20.63581085205078
6bba_2312ac41,67,0.5,10,1,0,0.0,0.0,0.536348283290863,0.536348283290863,26.516956329345703
6bba_2312ac41,67,0.6,10,0,0,nan,0.0,nan,nan,nan
6bba_2312ac41,67,0.7,10,0,0,nan,0.0,nan,nan,nan
6bba_2312ac41,67,0.8,10,0,0,nan,0.0,nan,nan,nan
6bba_23af9eeb,21,0.1,6,76,5,0.06578947368421052,0.8333333333333334,0.34832650423049927,0.4336889088153839,44.24534225463867
6bba_23af9eeb,21,0.15,6,74,5,0.06756756756756757,0.8333333333333334,0.3544234335422516,0.43379712104797363,44.24534225463867
6bba_23af9eeb,21,0.2,6,71,5,0.07042253521126761,0.8333333333333334,0.36181846261024475,0.4339594542980194,45.39559555053711
6bba_23af9eeb,21,0.25,6,66,5,0.07575757575757576,0.8333333333333334,0.3717160224914551,0.4348108768463135,46.03813934326172
6bba_23af9eeb,21,0.3,6,58,4,0.06896551724137931,0.6666666666666666,0.38591450452804565,0.43735599517822266,45.757179260253906
6bba_23af9eeb,21,0.4,6,21,4,0.19047619047619047,0.6666666666666666,0.4282873272895813,0.45039013028144836,41.290870666503906
6bba_23af9eeb,21,0.5,6,0,0,nan,0.0,nan,nan,nan
6bba_23af9eeb,21,0.6,6,0,0,nan,0.0,nan,nan,nan
6bba_23af9eeb,21,0.7,6,0,0,nan,0.0,nan,nan,nan
6bba_23af9eeb,21,0.8,6,0,0,nan,0.0,nan,nan,nan
6bba_23af9eeb,74,0.1,6,28,6,0.21428571428571427,1.0,0.3500974476337433,0.4326649010181427,41.89927673339844
6bba_23af9eeb,74,0.15,6,26,6,0.23076923076923078,1.0,0.3682384788990021,0.4329646825790405,43.320579528808594
6bba_23af9eeb,74,0.2,6,24,6,0.25,1.0,0.3823970854282379,0.43326443433761597,41.89927673339844
6bba_23af9eeb,74,0.25,6,24,6,0.25,1.0,0.3823970854282379,0.43326443433761597,41.89927673339844
6bba_23af9eeb,74,0.3,6,19,6,0.3157894736842105,1.0,0.40711772441864014,0.4355267584323883,31.453563690185547
6bba_23af9eeb,74,0.4,6,13,4,0.3076923076923077,0.6666666666666666,0.42373862862586975,0.4409647583961487,36.60422897338867
6bba_23af9eeb,74,0.5,6,0,0,nan,0.0,nan,nan,nan
6bba_23af9eeb,74,0.6,6,0,0,nan,0.0,nan,nan,nan
6bba_23af9eeb,74,0.7,6,0,0,nan,0.0,nan,nan,nan
6bba_23af9eeb,74,0.8,6,0,0,nan,0.0,nan,nan,nan
6bba_2540cd90,28,0.1,6,55,6,0.10909090909090909,1.0,0.42972368001937866,0.5083668828010559,32.6734619140625
6bba_2540cd90,28,0.15,6,54,6,0.1111111111111111,1.0,0.4352419078350067,0.5085378289222717,32.61780548095703
6bba_2540cd90,28,0.2,6,54,6,0.1111111111111111,1.0,0.4352419078350067,0.5085378289222717,32.61780548095703
6bba_2540cd90,28,0.25,6,54,6,0.1111111111111111,1.0,0.4352419078350067,0.5085378289222717,32.61780548095703
6bba_2540cd90,28,0.3,6,52,6,0.11538461538461539,1.0,0.44189178943634033,0.5088797807693481,32.511383056640625
6bba_2540cd90,28,0.4,6,41,6,0.14634146341463414,1.0,0.4609025716781616,0.514372706413269,32.71384811401367
6bba_2540cd90,28,0.5,6,7,0,0.0,0.0,0.5210159420967102,0.5382239818572998,39.90462875366211
6bba_2540cd90,28,0.6,6,0,0,nan,0.0,nan,nan,nan
6bba_2540cd90,28,0.7,6,0,0,nan,0.0,nan,nan,nan
6bba_2540cd90,28,0.8,6,0,0,nan,0.0,nan,nan,nan
6bba_2540cd90,81,0.1,5,42,5,0.11904761904761904,1.0,0.4128963351249695,0.5152434706687927,26.076156616210938
6bba_2540cd90,81,0.15,5,42,5,0.11904761904761904,1.0,0.4128963351249695,0.5152434706687927,26.076156616210938
6bba_2540cd90,81,0.2,5,41,5,0.12195121951219512,1.0,0.41837823390960693,0.5153725147247314,25.79767417907715
6bba_2540cd90,81,0.25,5,37,5,0.13513513513513514,1.0,0.4395529627799988,0.5200865268707275,25.21533203125
6bba_2540cd90,81,0.3,5,33,5,0.15151515151515152,1.0,0.4589832127094269,0.5248005986213684,25.21533203125
6bba_2540cd90,81,0.4,5,29,4,0.13793103448275862,0.8,0.4728162884712219,0.5287052989006042,24.464548110961914
6bba_2540cd90,81,0.5,5,6,0,0.0,0.0,0.5560213923454285,0.6223099231719971,24.83993911743164
6bba_2540cd90,81,0.6,5,2,0,0.0,0.0,0.6223099231719971,0.6314980983734131,19.74652671813965
6bba_2540cd90,81,0.7,5,0,0,nan,0.0,nan,nan,nan
6bba_2540cd90,81,0.8,5,0,0,nan,0.0,nan,nan,nan
6bba_2646afc7,35,0.1,7,81,7,0.08641975308641975,1.0,0.36960798501968384,0.5051189064979553,20.298276901245117
6bba_2646afc7,35,0.15,7,76,7,0.09210526315789473,1.0,0.38528433442115784,0.509674608707428,19.912357330322266
6bba_2646afc7,35,0.2,7,69,7,0.10144927536231885,1.0,0.4057929813861847,0.5143749117851257,19.022306442260742
6bba_2646afc7,35,0.25,7,61,7,0.11475409836065574,1.0,0.43100497126579285,0.5149534344673157,18.961477279663086
6bba_2646afc7,35,0.3,7,57,7,0.12280701754385964,1.0,0.4420204162597656,0.5162084102630615,19.022306442260742
6bba_2646afc7,35,0.4,7,41,4,0.0975609756097561,0.5714285714285714,0.469082236289978,0.5183836221694946,19.82941246032715
6bba_2646afc7,35,0.5,7,13,0,0.0,0.0,0.5152428150177002,0.5296117067337036,20.298276901245117
6bba_2646afc7,35,0.6,7,0,0,nan,0.0,nan,nan,nan
6bba_2646afc7,35,0.7,7,0,0,nan,0.0,nan,nan,nan
6bba_2646afc7,35,0.8,7,0,0,nan,0.0,nan,nan,nan
6bba_2646afc7,89,0.1,7,70,7,0.1,1.0,0.3604446053504944,0.48285162448883057,18.990066528320312
6bba_2646afc7,89,0.15,7,64,7,0.109375,1.0,0.3823961615562439,0.48417913913726807,18.614166259765625
6bba_2646afc7,89,0.2,7,58,7,0.1206896551724138,1.0,0.40304574370384216,0.4871219992637634,18.498878479003906
6bba_2646afc7,89,0.25,7,55,7,0.12727272727272726,1.0,0.4128945767879486,0.48940107226371765,18.45868682861328
6bba_2646afc7,89,0.3,7,51,7,0.13725490196078433,1.0,0.4236716330051422,0.4924398362636566,17.08424949645996
6bba_2646afc7,89,0.4,7,35,4,0.11428571428571428,0.5714285714285714,0.45450276136398315,0.5000156760215759,18.494417190551758
6bba_2646afc7,89,0.5,7,4,0,0.0,0.0,0.507124662399292,0.5094410181045532,30.513959884643555
6bba_2646afc7,89,0.6,7,0,0,nan,0.0,nan,nan,nan
6bba_2646afc7,89,0.7,7,0,0,nan,0.0,nan,nan,nan
6bba_2646afc7,89,0.8,7,0,0,nan,0.0,nan,nan,nan
6bba_268e1230,42,0.1,8,53,7,0.1320754716981132,0.875,0.3583705425262451,0.4789486229419708,25.944398880004883
6bba_268e1230,42,0.15,8,50,7,0.14,0.875,0.37256693840026855,0.4818929433822632,24.92800521850586
6bba_268e1230,42,0.2,8,44,7,0.1590909090909091,0.875,0.39958077669143677,0.4850001335144043,24.595497131347656
6bba_268e1230,42,0.25,8,42,7,0.16666666666666666,0.875,0.407655268907547,0.4860358238220215,24.92800521850586
6bba_268e1230,42,0.3,8,39,7,0.1794871794871795,0.875,0.41821548342704773,0.48694539070129395,25.149795532226562
6bba_268e1230,42,0.4,8,24,0,0.0,0.0,0.4553775489330292,0.4917842149734497,26.302059173583984
6bba_268e1230,42,0.5,8,1,0,0.0,0.0,0.5016295313835144,0.5016295313835144,13.707551956176758
6bba_268e1230,42,0.6,8,0,0,nan,0.0,nan,nan,nan
6bba_268e1230,42,0.7,8,0,0,nan,0.0,nan,nan,nan
6bba_268e1230,42,0.8,8,0,0,nan,0.0,nan,nan,nan
6bba_268e1230,96,0.1,5,173,4,0.023121387283236993,0.8,0.2571401298046112,0.38447946310043335,50.01414489746094
6bba_268e1230,96,0.15,5,140,4,0.02857142857142857,0.8,0.2884311079978943,0.39108771085739136,50.416690826416016
6bba_268e1230,96,0.2,5,126,4,0.031746031746031744,0.8,0.3007867932319641,0.3935279846191406,49.660186767578125
6bba_268e1230,96,0.25,5,90,3,0.03333333333333333,0.6,0.3324401378631592,0.40552517771720886,50.98796844482422
6bba_268e1230,96,0.3,5,61,0,0.0,0.0,0.3612651824951172,0.43055781722068787,52.863258361816406
6bba_268e1230,96,0.4,5,12,0,0.0,0.0,0.4302894175052643,0.46056538820266724,54.658851623535156
6bba_268e1230,96,0.5,5,0,0,nan,0.0,nan,nan,nan
6bba_268e1230,96,0.6,5,0,0,nan,0.0,nan,nan,nan
6bba_268e1230,96,0.7,5,0,0,nan,0.0,nan,nan,nan
6bba_268e1230,96,0.8,5,0,0,nan,0.0,nan,nan,nan
6bba_2819ca14,49,0.1,8,54,7,0.12962962962962962,0.875,0.39216670393943787,0.5132603645324707,17.295446395874023
6bba_2819ca14,49,0.15,8,49,7,0.14285714285714285,0.875,0.4205533564090729,0.5146965980529785,17.738290786743164
6bba_2819ca14,49,0.2,8,45,6,0.13333333333333333,0.75,0.44192805886268616,0.5149937272071838,17.324073791503906
6bba_2819ca14,49,0.25,8,45,6,0.13333333333333333,0.75,0.44192805886268616,0.5149937272071838,17.324073791503906
6bba_2819ca14,49,0.3,8,43,6,0.13953488372093023,0.75,0.44893649220466614,0.5151423215866089,17.738290786743164
6bba_2819ca14,49,0.4,8,34,6,0.17647058823529413,0.75,0.4741373658180237,0.5183092951774597,17.53118133544922
6bba_2819ca14,49,0.5,8,9,2,0.2222222222222222,0.25,0.5250892639160156,0.5530164837837219,14.354486465454102
6bba_2819ca14,49,0.6,8,0,0,nan,0.0,nan,nan,nan
6bba_2819ca14,49,0.7,8,0,0,nan,0.0,nan,nan,nan
6bba_2819ca14,49,0.8,8,0,0,nan,0.0,nan,nan,nan
6bba_283bf9f1,3,0.1,12,218,11,0.05045871559633028,0.9166666666666666,0.2865859270095825,0.36578336358070374,21.138538360595703
6bba_283bf9f1,3,0.15,12,207,11,0.05314009661835749,0.9166666666666666,0.29516685009002686,0.3660737872123718,20.716758728027344
6bba_283bf9f1,3,0.2,12,191,10,0.05235602094240838,0.8333333333333334,0.3047424256801605,0.37050411105155945,20.540748596191406
6bba_283bf9f1,3,0.25,12,165,9,0.05454545454545454,0.75,0.3181835412979126,0.3723031282424927,20.37942123413086
6bba_283bf9f1,3,0.3,12,108,8,0.07407407407407407,0.6666666666666666,0.3409443497657776,0.3803444504737854,20.011676788330078
6bba_283bf9f1,3,0.4,12,6,0,0.0,0.0,0.41109970211982727,0.41719651222229004,20.48678207397461
6bba_283bf9f1,3,0.5,12,0,0,nan,0.0,nan,nan,nan
6bba_283bf9f1,3,0.6,12,0,0,nan,0.0,nan,nan,nan
6bba_283bf9f1,3,0.7,12,0,0,nan,0.0,nan,nan,nan
6bba_283bf9f1,3,0.8,12,0,0,nan,0.0,nan,nan,nan
6bba_283bf9f1,56,0.1,12,229,12,0.05240174672489083,1.0,0.3152649700641632,0.39261218905448914,19.620235443115234
6bba_283bf9f1,56,0.15,12,222,12,0.05405405405405406,1.0,0.3213683068752289,0.3937022089958191,19.548599243164062
6bba_283bf9f1,56,0.2,12,210,12,0.05714285714285714,1.0,0.3298461139202118,0.3939961791038513,19.293628692626953
6bba_283bf9f1,56,0.25,12,191,12,0.06282722513089005,1.0,0.34039390087127686,0.3952873945236206,18.645503997802734
6bba_283bf9f1,56,0.3,12,148,9,0.060810810810810814,0.75,0.35742613673210144,0.4048672318458557,18.947114944458008
6bba_283bf9f1,56,0.4,12,17,0,0.0,0.0,0.42233923077583313,0.44057944416999817,27.95903205871582
6bba_283bf9f1,56,0.5,12,0,0,nan,0.0,nan,nan,nan
6bba_283bf9f1,56,0.6,12,0,0,nan,0.0,nan,nan,nan
6bba_283bf9f1,56,0.7,12,0,0,nan,0.0,nan,nan,nan
6bba_283bf9f1,56,0.8,12,0,0,nan,0.0,nan,nan,nan
6bba_312f0dc3,10,0.1,8,117,8,0.06837606837606838,1.0,0.3656766414642334,0.465076744556427,23.508153915405273
6bba_312f0dc3,10,0.15,8,110,8,0.07272727272727272,1.0,0.3810456395149231,0.4670868217945099,23.366893768310547
6bba_312f0dc3,10,0.2,8,103,8,0.07766990291262135,1.0,0.3948248326778412,0.4717467725276947,22.802534103393555
6bba_312f0dc3,10,0.25,8,98,8,0.08163265306122448,1.0,0.40360552072525024,0.4733332395553589,22.72628402709961
6bba_312f0dc3,10,0.3,8,93,8,0.08602150537634409,1.0,0.41032397747039795,0.4737583100795746,23.00429916381836
6bba_312f0dc3,10,0.4,8,52,4,0.07692307692307693,0.5,0.4503921866416931,0.4859691262245178,25.268306732177734
6bba_312f0dc3,10,0.5,8,3,0,0.0,0.0,0.5158164501190186,0.5232568979263306,41.274879455566406
6bba_312f0dc3,10,0.6,8,0,0,nan,0.0,nan,nan,nan
6bba_312f0dc3,10,0.7,8,0,0,nan,0.0,nan,nan,nan
6bba_312f0dc3,10,0.8,8,0,0,nan,0.0,nan,nan,nan
6bba_312f0dc3,63,0.1,5,72,5,0.06944444444444445,1.0,0.39850059151649475,0.4857662618160248,31.802766799926758
6bba_312f0dc3,63,0.15,5,69,5,0.07246376811594203,1.0,0.4111872911453247,0.48589110374450684,30.260852813720703
6bba_312f0dc3,63,0.2,5,66,5,0.07575757575757576,1.0,0.4221010208129883,0.48591849207878113,29.801198959350586
6bba_312f0dc3,63,0.25,5,64,5,0.078125,1.0,0.4289064407348633,0.4859367609024048,31.112247467041016
6bba_312f0dc3,63,0.3,5,62,5,0.08064516129032258,1.0,0.43443724513053894,0.48595502972602844,31.112247467041016
6bba_312f0dc3,63,0.4,5,48,5,0.10416666666666667,1.0,0.45477160811424255,0.4890029728412628,28.438636779785156
6bba_312f0dc3,63,0.5,5,4,0,0.0,0.0,0.5117958784103394,0.5219475030899048,34.47562026977539
6bba_312f0dc3,63,0.6,5,0,0,nan,0.0,nan,nan,nan
6bba_312f0dc3,63,0.7,5,0,0,nan,0.0,nan,nan,nan
6bba_312f0dc3,63,0.8,5,0,0,nan,0.0,nan,nan,nan
6bba_32db13fc,17,0.1,11,440,8,0.01818181818181818,0.7272727272727273,0.2277500480413437,0.3382954001426697,23.353191375732422
6bba_32db13fc,17,0.15,11,342,7,0.02046783625730994,0.6363636363636364,0.25709861516952515,0.34857434034347534,23.12950897216797
6bba_32db13fc,17,0.2,11,259,4,0.015444015444015444,0.36363636363636365,0.2832950949668884,0.35584643483161926,22.503829956054688
6bba_32db13fc,17,0.25,11,175,2,0.011428571428571429,0.18181818181818182,0.31075116991996765,0.3697575330734253,22.503829956054688
6bba_32db13fc,17,0.3,11,88,2,0.022727272727272728,0.18181818181818182,0.344990998506546,0.3963773846626282,21.99947738647461
6bba_32db13fc,17,0.4,11,8,0,0.0,0.0,0.4048256576061249,0.4120415151119232,21.71874237060547
6bba_32db13fc,17,0.5,11,0,0,nan,0.0,nan,nan,nan
6bba_32db13fc,17,0.6,11,0,0,nan,0.0,nan,nan,nan
6bba_32db13fc,17,0.7,11,0,0,nan,0.0,nan,nan,nan
6bba_32db13fc,17,0.8,11,0,0,nan,0.0,nan,nan,nan
6bba_32db13fc,71,0.1,5,330,5,0.015151515151515152,1.0,0.2617923319339752,0.3861883282661438,30.551198959350586
6bba_32db13fc,71,0.15,5,290,5,0.017241379310344827,1.0,0.28107398748397827,0.39021337032318115,30.8736629486084
6bba_32db13fc,71,0.2,5,237,4,0.016877637130801686,0.8,0.3045778274536133,0.3920678198337555,30.309898376464844
6bba_32db13fc,71,0.25,5,175,4,0.022857142857142857,0.8,0.33303511142730713,0.3978025019168854,29.16099739074707
6bba_32db13fc,71,0.3,5,127,4,0.031496062992125984,0.8,0.35527119040489197,0.40580934286117554,27.500755310058594
6bba_32db13fc,71,0.4,5,14,0,0.0,0.0,0.4257643222808838,0.44927313923835754,20.858078002929688
6bba_32db13fc,71,0.5,5,0,0,nan,0.0,nan,nan,nan
6bba_32db13fc,71,0.6,5,0,0,nan,0.0,nan,nan,nan
6bba_32db13fc,71,0.7,5,0,0,nan,0.0,nan,nan,nan
6bba_32db13fc,71,0.8,5,0,0,nan,0.0,nan,nan,nan
6bba_337b1b3a,24,0.1,3,339,3,0.008849557522123894,1.0,0.371241956949234,0.46507373452186584,54.31989288330078
6bba_337b1b3a,24,0.15,3,329,3,0.00911854103343465,1.0,0.37876391410827637,0.46615833044052124,54.04575729370117
6bba_337b1b3a,24,0.2,3,320,3,0.009375,1.0,0.3844188153743744,0.46715107560157776,53.950927734375
6bba_337b1b3a,24,0.25,3,297,3,0.010101010101010102,1.0,0.396655410528183,0.46964791417121887,52.697532653808594
6bba_337b1b3a,24,0.3,3,275,3,0.01090909090909091,1.0,0.40654057264328003,0.4724377393722534,52.87886428833008
6bba_337b1b3a,24,0.4,3,154,1,0.006493506493506494,0.3333333333333333,0.44458574056625366,0.48716655373573303,46.98174285888672
6bba_337b1b3a,24,0.5,3,6,0,0.0,0.0,0.5083264708518982,0.5157893896102905,42.40876770019531
6bba_337b1b3a,24,0.6,3,0,0,nan,0.0,nan,nan,nan
6bba_337b1b3a,24,0.7,3,0,0,nan,0.0,nan,nan,nan
6bba_337b1b3a,24,0.8,3,0,0,nan,0.0,nan,nan,nan
6bba_337b1b3a,78,0.1,25,296,25,0.08445945945945946,1.0,0.385795533657074,0.49109500646591187,15.402669906616211
6bba_337b1b3a,78,0.15,25,287,25,0.08710801393728224,1.0,0.39420896768569946,0.491981565952301,15.017518997192383
6bba_337b1b3a,78,0.2,25,271,25,0.09225092250922509,1.0,0.40695488452911377,0.4937218129634857,14.829516410827637
6bba_337b1b3a,78,0.25,25,258,25,0.09689922480620156,1.0,0.4163459837436676,0.49418893456459045,14.779264450073242
6bba_337b1b3a,78,0.3,25,247,23,0.0931174089068826,0.92,0.4223630428314209,0.49501004815101624,15.017518997192383
6bba_337b1b3a,78,0.4,25,156,15,0.09615384615384616,0.6,0.4575733244419098,0.5049856305122375,15.610255241394043
6bba_337b1b3a,78,0.5,25,18,0,0.0,0.0,0.5217186212539673,0.5379288792610168,14.766037940979004
6bba_337b1b3a,78,0.6,25,0,0,nan,0.0,nan,nan,nan
6bba_337b1b3a,78,0.7,25,0,0,nan,0.0,nan,nan,nan
6bba_337b1b3a,78,0.8,25,0,0,nan,0.0,nan,nan,nan
6bba_372c8cb8,31,0.1,12,100,12,0.12,1.0,0.34020042419433594,0.434539794921875,19.43303108215332
6bba_372c8cb8,31,0.15,12,92,12,0.13043478260869565,1.0,0.3587837517261505,0.4418652653694153,20.04439926147461
6bba_372c8cb8,31,0.2,12,85,12,0.1411764705882353,1.0,0.3737584054470062,0.44326815009117126,21.267099380493164
6bba_372c8cb8,31,0.25,12,78,12,0.15384615384615385,1.0,0.38730788230895996,0.4436095952987671,18.413297653198242
6bba_372c8cb8,31,0.3,12,74,12,0.16216216216216217,1.0,0.39371150732040405,0.44363173842430115,18.413297653198242
6bba_372c8cb8,31,0.4,12,36,8,0.2222222222222222,0.6666666666666666,0.4272109270095825,0.4507151246070862,19.998125076293945
6bba_372c8cb8,31,0.5,12,0,0,nan,0.0,nan,nan,nan
6bba_372c8cb8,31,0.6,12,0,0,nan,0.0,nan,nan,nan
6bba_372c8cb8,31,0.7,12,0,0,nan,0.0,nan,nan,nan
6bba_372c8cb8,31,0.8,12,0,0,nan,0.0,nan,nan,nan
6bba_372c8cb8,85,0.1,10,108,9,0.08333333333333333,0.9,0.3328307569026947,0.4298432469367981,22.28641700744629
6bba_372c8cb8,85,0.15,10,100,9,0.09,0.9,0.3493417799472809,0.4323759973049164,22.448347091674805
6bba_372c8cb8,85,0.2,10,93,9,0.0967741935483871,0.9,0.3615262508392334,0.43290823698043823,22.65003204345703
6bba_372c8cb8,85,0.25,10,86,9,0.10465116279069768,0.9,0.3726523518562317,0.43442392349243164,22.700923919677734
6bba_372c8cb8,85,0.3,10,78,9,0.11538461538461539,0.9,0.38292282819747925,0.4361119568347931,22.751813888549805
6bba_372c8cb8,85,0.4,10,26,5,0.19230769230769232,0.5,0.4248921573162079,0.44590693712234497,22.422819137573242
6bba_372c8cb8,85,0.5,10,0,0,nan,0.0,nan,nan,nan
6bba_372c8cb8,85,0.6,10,0,0,nan,0.0,nan,nan,nan
6bba_372c8cb8,85,0.7,10,0,0,nan,0.0,nan,nan,nan
6bba_372c8cb8,85,0.8,10,0,0,nan,0.0,nan,nan,nan
6bba_3a1849c2,38,0.1,9,83,7,0.08433734939759036,0.7777777777777778,0.325441837310791,0.44380491971969604,34.84881591796875
6bba_3a1849c2,38,0.15,9,79,7,0.08860759493670886,0.7777777777777778,0.335904061794281,0.44642066955566406,33.732208251953125
6bba_3a1849c2,38,0.2,9,75,7,0.09333333333333334,0.7777777777777778,0.34426993131637573,0.44949105381965637,33.96623992919922
6bba_3a1849c2,38,0.25,9,61,5,0.08196721311475409,0.5555555555555556,0.37172314524650574,0.4554561674594879,32.80956268310547
6bba_3a1849c2,38,0.3,9,52,5,0.09615384615384616,0.5555555555555556,0.38969895243644714,0.4571510851383209,31.6361083984375
6bba_3a1849c2,38,0.4,9,20,4,0.2,0.4444444444444444,0.4395391047000885,0.46742311120033264,21.219722747802734
6bba_3a1849c2,38,0.5,9,0,0,nan,0.0,nan,nan,nan
6bba_3a1849c2,38,0.6,9,0,0,nan,0.0,nan,nan,nan
6bba_3a1849c2,38,0.7,9,0,0,nan,0.0,nan,nan,nan
6bba_3a1849c2,38,0.8,9,0,0,nan,0.0,nan,nan,nan
6bba_3a1849c2,92,0.1,16,80,14,0.175,0.875,0.308176726102829,0.44538062810897827,15.322006225585938
6bba_3a1849c2,92,0.15,16,72,14,0.19444444444444445,0.875,0.32851389050483704,0.45294860005378723,15.230287551879883
6bba_3a1849c2,92,0.2,16,62,14,0.22580645161290322,0.875,0.3531281650066376,0.45529454946517944,14.857312202453613
6bba_3a1849c2,92,0.25,16,52,14,0.2692307692307692,0.875,0.37846580147743225,0.4624541997909546,14.857312202453613
6bba_3a1849c2,92,0.3,16,43,14,0.32558139534883723,0.875,0.4007871747016907,0.46897006034851074,13.683450698852539
6bba_3a1849c2,92,0.4,16,24,7,0.2916666666666667,0.4375,0.4414379596710205,0.47131264209747314,14.26760482788086
6bba_3a1849c2,92,0.5,16,0,0,nan,0.0,nan,nan,nan
6bba_3a1849c2,92,0.6,16,0,0,nan,0.0,nan,nan,nan
6bba_3a1849c2,92,0.7,16,0,0,nan,0.0,nan,nan,nan
6bba_3a1849c2,92,0.8,16,0,0,nan,0.0,nan,nan,nan
6bba_3abfe10a,45,0.1,2,492,1,0.0020325203252032522,0.5,0.23736052215099335,0.3245750963687897,60.537384033203125
6bba_3abfe10a,45,0.15,2,426,1,0.002347417840375587,0.5,0.2544739842414856,0.33215653896331787,61.34843826293945
6bba_3abfe10a,45,0.2,2,334,0,0.0,0.0,0.2759906053543091,0.33807697892189026,62.18080520629883
6bba_3abfe10a,45,0.25,2,229,0,0.0,0.0,0.29905757308006287,0.35378754138946533,62.981197357177734
6bba_3abfe10a,45,0.3,2,105,0,0.0,0.0,0.3315129578113556,0.3669188320636749,63.77801513671875
6bba_3abfe10a,45,0.4,2,0,0,nan,0.0,nan,nan,nan
6bba_3abfe10a,45,0.5,2,0,0,nan,0.0,nan,nan,nan
6bba_3abfe10a,45,0.6,2,0,0,nan,0.0,nan,nan,nan
6bba_3abfe10a,45,0.7,2,0,0,nan,0.0,nan,nan,nan
6bba_3abfe10a,45,0.8,2,0,0,nan,0.0,nan,nan,nan
6bba_3abfe10a,99,0.1,12,478,7,0.014644351464435146,0.5833333333333334,0.2194119542837143,0.3115279972553253,26.48580551147461
6bba_3abfe10a,99,0.15,12,376,6,0.015957446808510637,0.5,0.24510176479816437,0.3208126723766327,25.643611907958984
6bba_3abfe10a,99,0.2,12,271,4,0.014760147601476014,0.3333333333333333,0.27149203419685364,0.33928218483924866,25.31332015991211
6bba_3abfe10a,99,0.25,12,175,2,0.011428571428571429,0.16666666666666666,0.2963859736919403,0.3522942364215851,23.66907501220703
6bba_3abfe10a,99,0.3,12,69,1,0.014492753623188406,0.08333333333333333,0.3331439793109894,0.3651857078075409,22.73004150390625
6bba_3abfe10a,99,0.4,12,2,0,0.0,0.0,0.4112227261066437,0.41349464654922485,38.166683197021484
6bba_3abfe10a,99,0.5,12,0,0,nan,0.0,nan,nan,nan
6bba_3abfe10a,99,0.6,12,0,0,nan,0.0,nan,nan,nan
6bba_3abfe10a,99,0.7,12,0,0,nan,0.0,nan,nan,nan
6bba_3abfe10a,99,0.8,12,0,0,nan,0.0,nan,nan,nan
6bba_3c5691b6,52,0.1,9,87,9,0.10344827586206896,1.0,0.3485274016857147,0.43741604685783386,23.815052032470703
6bba_3c5691b6,52,0.15,9,83,9,0.10843373493975904,1.0,0.3587742745876312,0.4381451904773712,23.458959579467773
6bba_3c5691b6,52,0.2,9,79,9,0.11392405063291139,1.0,0.3682800829410553,0.43869155645370483,23.104520797729492
6bba_3c5691b6,52,0.25,9,72,9,0.125,1.0,0.38270139694213867,0.4393277168273926,22.957555770874023
6bba_3c5691b6,52,0.3,9,65,9,0.13846153846153847,1.0,0.3948552906513214,0.4396062195301056,22.90363883972168
6bba_3c5691b6,52,0.4,9,31,4,0.12903225806451613,0.4444444444444444,0.4295102655887604,0.46779951453208923,22.90363883972168
6bba_3c5691b6,52,0.5,9,1,0,0.0,0.0,0.5113265514373779,0.5113265514373779,12.217930793762207
6bba_3c5691b6,52,0.6,9,0,0,nan,0.0,nan,nan,nan
6bba_3c5691b6,52,0.7,9,0,0,nan,0.0,nan,nan,nan
6bba_3c5691b6,52,0.8,9,0,0,nan,0.0,nan,nan,nan
6bba_3db54e20,6,0.1,5,50,5,0.1,1.0,0.3857523202896118,0.47422337532043457,30.090730667114258
6bba_3db54e20,6,0.15,5,46,5,0.10869565217391304,1.0,0.40828248858451843,0.4760376214981079,29.621440887451172
6bba_3db54e20,6,0.2,5,46,5,0.10869565217391304,1.0,0.40828248858451843,0.4760376214981079,29.621440887451172
6bba_3db54e20,6,0.25,5,43,5,0.11627906976744186,1.0,0.4215736389160156,0.4773982763290405,28.859479904174805
6bba_3db54e20,6,0.3,5,41,5,0.12195121951219512,1.0,0.42872530221939087,0.4783053994178772,28.859479904174805
6bba_3db54e20,6,0.4,5,31,5,0.16129032258064516,1.0,0.45100006461143494,0.48286065459251404,27.174755096435547
6bba_3db54e20,6,0.5,5,1,0,0.0,0.0,0.5216074585914612,0.5216074585914612,32.79446792602539
6bba_3db54e20,6,0.6,5,0,0,nan,0.0,nan,nan,nan
6bba_3db54e20,6,0.7,5,0,0,nan,0.0,nan,nan,nan
6bba_3db54e20,6,0.8,5,0,0,nan,0.0,nan,nan,nan
6bba_3db54e20,60,0.1,1,322,1,0.003105590062111801,1.0,0.22326086461544037,0.3240390419960022,61.13016128540039
6bba_3db54e20,60,0.15,1,262,1,0.003816793893129771,1.0,0.2458992302417755,0.3253727853298187,60.46781539916992
6bba_3db54e20,60,0.2,1,188,0,0.0,0.0,0.27469688653945923,0.3304298222064972,59.042510986328125
6bba_3db54e20,60,0.25,1,128,0,0.0,0.0,0.2987532317638397,0.3384706974029541,56.43878173828125
6bba_3db54e20,60,0.3,1,63,0,0.0,0.0,0.325959175825119,0.34813493490219116,53.70880126953125
6bba_3db54e20,60,0.4,1,0,0,nan,0.0,nan,nan,nan
6bba_3db54e20,60,0.5,1,0,0,nan,0.0,nan,nan,nan
6bba_3db54e20,60,0.6,1,0,0,nan,0.0,nan,nan,nan
6bba_3db54e20,60,0.7,1,0,0,nan,0.0,nan,nan,nan
6bba_3db54e20,60,0.8,1,0,0,nan,0.0,nan,nan,nan
6bba_3fda6b25,13,0.1,10,97,10,0.10309278350515463,1.0,0.3758868873119354,0.5221598744392395,20.175947189331055
6bba_3fda6b25,13,0.15,10,90,10,0.1111111111111111,1.0,0.3958452045917511,0.5225279331207275,20.06490707397461
6bba_3fda6b25,13,0.2,10,82,9,0.10975609756097561,0.9,0.4179179072380066,0.522773265838623,20.180036544799805
6bba_3fda6b25,13,0.25,10,74,8,0.10810810810810811,0.8,0.43843474984169006,0.5244329571723938,20.684844970703125
6bba_3fda6b25,13,0.3,10,70,8,0.11428571428571428,0.8,0.4474633038043976,0.5262042880058289,20.684844970703125
6bba_3fda6b25,13,0.4,10,51,6,0.11764705882352941,0.6,0.48652973771095276,0.5391059517860413,20.652929306030273
6bba_3fda6b25,13,0.5,10,21,2,0.09523809523809523,0.2,0.526881992816925,0.5479545593261719,20.652929306030273
6bba_3fda6b25,13,0.6,10,0,0,nan,0.0,nan,nan,nan
6bba_3fda6b25,13,0.7,10,0,0,nan,0.0,nan,nan,nan
6bba_3fda6b25,13,0.8,10,0,0,nan,0.0,nan,nan,nan
6bba_3fda6b25,67,0.1,15,87,14,0.16091954022988506,0.9333333333333333,0.3819674849510193,0.5203838348388672,19.76271629333496
6bba_3fda6b25,67,0.15,15,77,13,0.16883116883116883,0.8666666666666667,0.4149751663208008,0.5224930644035339,19.8543643951416
6bba_3fda6b25,67,0.2,15,68,11,0.16176470588235295,0.7333333333333333,0.4458972215652466,0.5230270624160767,21.09172821044922
6bba_3fda6b25,67,0.25,15,66,11,0.16666666666666666,0.7333333333333333,0.45263877511024475,0.5230675935745239,21.173736572265625
6bba_3fda6b25,67,0.3,15,62,10,0.16129032258064516,0.6666666666666666,0.46365857124328613,0.5231486558914185,21.398584365844727
6bba_3fda6b25,67,0.4,15,52,8,0.15384615384615385,0.5333333333333333,0.4839373826980591,0.5257357358932495,21.586746215820312
6bba_3fda6b25,67,0.5,15,21,2,0.09523809523809523,0.13333333333333333,0.523021399974823,0.5434383749961853,21.826251983642578
6bba_3fda6b25,67,0.6,15,0,0,nan,0.0,nan,nan,nan
6bba_3fda6b25,67,0.7,15,0,0,nan,0.0,nan,nan,nan
6bba_3fda6b25,67,0.8,15,0,0,nan,0.0,nan,nan,nan
6bba_43fea39d,20,0.1,14,72,14,0.19444444444444445,1.0,0.3924022316932678,0.506363570690155,17.761432647705078
6bba_43fea39d,20,0.15,14,69,13,0.18840579710144928,0.9285714285714286,0.4050278067588806,0.5073267221450806,18.152149200439453
6bba_43fea39d,20,0.2,14,65,13,0.2,0.9285714285714286,0.41927090287208557,0.5092379450798035,17.82183074951172
6bba_43fea39d,20,0.25,14,62,12,0.1935483870967742,0.8571428571428571,0.42834243178367615,0.5106713771820068,17.986989974975586
6bba_43fea39d,20,0.3,14,58,12,0.20689655172413793,0.8571428571428571,0.4391078054904938,0.5130968689918518,17.986989974975586
6bba_43fea39d,20,0.4,14,44,8,0.18181818181818182,0.5714285714285714,0.4630614221096039,0.5179194211959839,18.369056701660156
6bba_43fea39d,20,0.5,14,10,1,0.1,0.07142857142857142,0.5210208892822266,0.5401577353477478,23.979869842529297
6bba_43fea39d,20,0.6,14,0,0,nan,0.0,nan,nan,nan
6bba_43fea39d,20,0.7,14,0,0,nan,0.0,nan,nan,nan
6bba_43fea39d,20,0.8,14,0,0,nan,0.0,nan,nan,nan
6bba_43fea39d,74,0.1,8,80,8,0.1,1.0,0.3636743128299713,0.5056162476539612,23.194244384765625
6bba_43fea39d,74,0.15,8,75,8,0.10666666666666667,1.0,0.38028255105018616,0.5079556107521057,22.722780227661133
6bba_43fea39d,74,0.2,8,71,8,0.11267605633802817,1.0,0.3916374146938324,0.5098270773887634,22.722780227661133
6bba_43fea39d,74,0.25,8,65,6,0.09230769230769231,0.75,0.4069342017173767,0.5121231079101562,22.824237823486328
6bba_43fea39d,74,0.3,8,55,6,0.10909090909090909,0.75,0.4305430054664612,0.5175955295562744,23.564250946044922
6bba_43fea39d,74,0.4,8,35,3,0.08571428571428572,0.375,0.47557199001312256,0.5319744348526001,24.766260147094727
6bba_43fea39d,74,0.5,8,10,0,0.0,0.0,0.5283594131469727,0.5581538081169128,23.4128360748291
6bba_43fea39d,74,0.6,8,0,0,nan,0.0,nan,nan,nan
6bba_43fea39d,74,0.7,8,0,0,nan,0.0,nan,nan,nan
6bba_43fea39d,74,0.8,8,0,0,nan,0.0,nan,nan,nan
6bba_474be664,27,0.1,3,278,1,0.0035971223021582736,0.3333333333333333,0.22019615769386292,0.3224492371082306,41.030235290527344
6bba_474be664,27,0.15,3,221,1,0.004524886877828055,0.3333333333333333,0.24455340206623077,0.33323633670806885,39.58905792236328
6bba_474be664,27,0.2,3,149,1,0.006711409395973154,0.3333333333333333,0.27865299582481384,0.34335634112358093,38.64823532104492
6bba_474be664,27,0.25,3,97,1,0.010309278350515464,0.3333333333333333,0.3072986900806427,0.3630160093307495,38.47704315185547
6bba_474be664,27,0.3,3,48,1,0.020833333333333332,0.3333333333333333,0.33904144167900085,0.3857981264591217,38.15789794921875
6bba_474be664,27,0.4,3,2,0,0.0,0.0,0.4178725481033325,0.42231109738349915,47.52301788330078
6bba_474be664,27,0.5,3,0,0,nan,0.0,nan,nan,nan
6bba_474be664,27,0.6,3,0,0,nan,0.0,nan,nan,nan
6bba_474be664,27,0.7,3,0,0,nan,0.0,nan,nan,nan
6bba_474be664,27,0.8,3,0,0,nan,0.0,nan,nan,nan
6bba_474be664,81,0.1,3,279,2,0.007168458781362007,0.6666666666666666,0.21303234994411469,0.3252946436405182,41.43849563598633
6bba_474be664,81,0.15,3,203,2,0.009852216748768473,0.6666666666666666,0.2470509260892868,0.34843578934669495,37.4907341003418
6bba_474be664,81,0.2,3,142,2,0.014084507042253521,0.6666666666666666,0.2781667113304138,0.36560115218162537,34.881927490234375
6bba_474be664,81,0.25,3,86,1,0.011627906976744186,0.3333333333333333,0.3128729462623596,0.3850342929363251,33.62432861328125
6bba_474be664,81,0.3,3,45,0,0.0,0.0,0.34840455651283264,0.3980458974838257,37.44227981567383
6bba_474be664,81,0.4,3,4,0,0.0,0.0,0.41041484475135803,0.4209989011287689,45.47808074951172
6bba_474be664,81,0.5,3,0,0,nan,0.0,nan,nan,nan
6bba_474be664,81,0.6,3,0,0,nan,0.0,nan,nan,nan
6bba_474be664,81,0.7,3,0,0,nan,0.0,nan,nan,nan
6bba_474be664,81,0.8,3,0,0,nan,0.0,nan,nan,nan
6bba_48816121,34,0.1,9,271,9,0.033210332103321034,1.0,0.3467065393924713,0.4394370913505554,25.116962432861328
6bba_48816121,34,0.15,9,265,9,0.033962264150943396,1.0,0.35187602043151855,0.4401085674762726,24.978593826293945
6bba_48816121,34,0.2,9,255,9,0.03529411764705882,1.0,0.3585730493068695,0.4415753483772278,24.739591598510742
6bba_48816121,34,0.25,9,240,9,0.0375,1.0,0.3665091097354889,0.44341129064559937,24.541812896728516
6bba_48816121,34,0.3,9,207,9,0.043478260869565216,1.0,0.38069912791252136,0.4461691677570343,24.159069061279297
6bba_48816121,34,0.4,9,64,3,0.046875,0.3333333333333333,0.43507885932922363,0.4681539237499237,21.440166473388672
6bba_48816121,34,0.5,9,0,0,nan,0.0,nan,nan,nan
6bba_48816121,34,0.6,9,0,0,nan,0.0,nan,nan,nan
6bba_48816121,34,0.7,9,0,0,nan,0.0,nan,nan,nan
6bba_48816121,34,0.8,9,0,0,nan,0.0,nan,nan,nan
6bba_48816121,88,0.1,11,219,11,0.0502283105022831,1.0,0.3745103180408478,0.46019652485847473,21.329092025756836
6bba_48816121,88,0.15,11,211,11,0.052132701421800945,1.0,0.3837376534938812,0.4602493643760681,21.290369033813477
6bba_48816121,88,0.2,11,204,11,0.05392156862745098,1.0,0.3910520076751709,0.4606848657131195,20.851747512817383
6bba_48816121,88,0.25,11,197,11,0.05583756345177665,1.0,0.39691510796546936,0.4614611864089966,20.851747512817383
6bba_48816121,88,0.3,11,180,10,0.05555555555555555,0.9090909090909091,0.4077129065990448,0.46453478932380676,21.247648239135742
6bba_48816121,88,0.4,11,108,8,0.07407407407407407,0.7272727272727273,0.4396965205669403,0.4746304452419281,20.612934112548828
6bba_48816121,88,0.5,11,2,0,0.0,0.0,0.5106027126312256,0.5187345743179321,43.41118621826172
6bba_48816121,88,0.6,11,0,0,nan,0.0,nan,nan,nan
6bba_48816121,88,0.7,11,0,0,nan,0.0,nan,nan,nan
6bba_48816121,88,0.8,11,0,0,nan,0.0,nan,nan,nan
6bba_4aa14c89,42,0.1,6,49,5,0.10204081632653061,0.8333333333333334,0.3349098563194275,0.451548308134079,46.06326675415039
6bba_4aa14c89,42,0.15,6,45,4,0.08888888888888889,0.6666666666666666,0.35373300313949585,0.4521990418434143,46.93638229370117
6bba_4aa14c89,42,0.2,6,40,4,0.1,0.6666666666666666,0.37584277987480164,0.4533485472202301,45.30927276611328
6bba_4aa14c89,42,0.25,6,35,3,0.08571428571428572,0.5,0.3981488347053528,0.4558422863483429,44.555274963378906
6bba_4aa14c89,42,0.3,6,31,3,0.0967741935483871,0.5,0.41314005851745605,0.4578372836112976,44.533042907714844
6bba_4aa14c89,42,0.4,6,22,1,0.045454545454545456,0.16666666666666666,0.43962517380714417,0.4638897478580475,43.180015563964844
6bba_4aa14c89,42,0.5,6,0,0,nan,0.0,nan,nan,nan
6bba_4aa14c89,42,0.6,6,0,0,nan,0.0,nan,nan,nan
6bba_4aa14c89,42,0.7,6,0,0,nan,0.0,nan,nan,nan
6bba_4aa14c89,42,0.8,6,0,0,nan,0.0,nan,nan,nan
6bba_4aa14c89,95,0.1,8,82,7,0.08536585365853659,0.875,0.23406144976615906,0.37467238306999207,22.35639762878418
6bba_4aa14c89,95,0.15,8,58,6,0.10344827586206896,0.75,0.28220826387405396,0.3899746835231781,21.091665267944336
6bba_4aa14c89,95,0.2,8,41,5,0.12195121951219512,0.625,0.32614487409591675,0.39297914505004883,21.15817642211914
6bba_4aa14c89,95,0.25,8,35,5,0.14285714285714285,0.625,0.340374231338501,0.40072980523109436,20.476369857788086
6bba_4aa14c89,95,0.3,8,28,5,0.17857142857142858,0.625,0.35817304253578186,0.4105980396270752,19.125919342041016
6bba_4aa14c89,95,0.4,8,4,1,0.25,0.125,0.4312804341316223,0.4519980847835541,34.93491744995117
6bba_4aa14c89,95,0.5,8,0,0,nan,0.0,nan,nan,nan
6bba_4aa14c89,95,0.6,8,0,0,nan,0.0,nan,nan,nan
6bba_4aa14c89,95,0.7,8,0,0,nan,0.0,nan,nan,nan
6bba_4aa14c89,95,0.8,8,0,0,nan,0.0,nan,nan,nan
6bba_4f99ce20,49,0.1,7,65,7,0.1076923076923077,1.0,0.3744552731513977,0.48600509762763977,26.610149383544922
6bba_4f99ce20,49,0.15,7,61,7,0.11475409836065574,1.0,0.39015236496925354,0.48641476035118103,27.38046646118164
6bba_4f99ce20,49,0.2,7,55,7,0.12727272727272726,1.0,0.41387054324150085,0.4878518283367157,26.610149383544922
6bba_4f99ce20,49,0.25,7,49,6,0.12244897959183673,0.8571428571428571,0.43641534447669983,0.48906493186950684,27.81106948852539
6bba_4f99ce20,49,0.3,7,46,6,0.13043478260869565,0.8571428571428571,0.4457574188709259,0.4894474744796753,27.210609436035156
6bba_4f99ce20,49,0.4,7,39,3,0.07692307692307693,0.42857142857142855,0.4613896906375885,0.4912446141242981,27.81106948852539
6bba_4f99ce20,49,0.5,7,2,0,0.0,0.0,0.5301955342292786,0.5364328026771545,25.259658813476562
6bba_4f99ce20,49,0.6,7,0,0,nan,0.0,nan,nan,nan
6bba_4f99ce20,49,0.7,7,0,0,nan,0.0,nan,nan,nan
6bba_4f99ce20,49,0.8,7,0,0,nan,0.0,nan,nan,nan
6bba_4ffd3da3,2,0.1,6,223,5,0.02242152466367713,0.8333333333333334,0.25094056129455566,0.3528701663017273,25.54695701599121
6bba_4ffd3da3,2,0.15,6,193,5,0.025906735751295335,0.8333333333333334,0.27097177505493164,0.35884445905685425,24.8593807220459
6bba_4ffd3da3,2,0.2,6,160,4,0.025,0.6666666666666666,0.2912583351135254,0.37079232931137085,25.50489616394043
6bba_4ffd3da3,2,0.25,6,113,3,0.02654867256637168,0.5,0.3189297914505005,0.3788338601589203,25.66940689086914
6bba_4ffd3da3,2,0.3,6,72,1,0.013888888888888888,0.16666666666666666,0.3436383306980133,0.3860265612602234,25.969579696655273
6bba_4ffd3da3,2,0.4,6,4,0,0.0,0.0,0.4136342704296112,0.432934045791626,32.37395477294922
6bba_4ffd3da3,2,0.5,6,0,0,nan,0.0,nan,nan,nan
6bba_4ffd3da3,2,0.6,6,0,0,nan,0.0,nan,nan,nan
6bba_4ffd3da3,2,0.7,6,0,0,nan,0.0,nan,nan,nan
6bba_4ffd3da3,2,0.8,6,0,0,nan,0.0,nan,nan,nan
6bba_4ffd3da3,56,0.1,9,212,8,0.03773584905660377,0.8888888888888888,0.2665650248527527,0.3628312647342682,23.752599716186523
6bba_4ffd3da3,56,0.15,9,184,6,0.03260869565217391,0.6666666666666666,0.2882373332977295,0.38043463230133057,23.393001556396484
6bba_4ffd3da3,56,0.2,9,161,6,0.037267080745341616,0.6666666666666666,0.30337613821029663,0.38313719630241394,22.051929473876953
6bba_4ffd3da3,56,0.25,9,127,6,0.047244094488188976,0.6666666666666666,0.3244417607784271,0.3873123526573181,20.596914291381836
6bba_4ffd3da3,56,0.3,9,88,5,0.056818181818181816,0.5555555555555556,0.3474361300468445,0.39495766162872314,20.19110679626465
6bba_4ffd3da3,56,0.4,9,7,2,0.2857142857142857,0.2222222222222222,0.4182373583316803,0.43607261776924133,22.119184494018555
6bba_4ffd3da3,56,0.5,9,0,0,nan,0.0,nan,nan,nan
6bba_4ffd3da3,56,0.6,9,0,0,nan,0.0,nan,nan,nan
6bba_4ffd3da3,56,0.7,9,0,0,nan,0.0,nan,nan,nan
6bba_4ffd3da3,56,0.8,9,0,0,nan,0.0,nan,nan,nan
6bba_55b7eebe,9,0.1,7,72,7,0.09722222222222222,1.0,0.3218245208263397,0.4547136723995209,29.465030670166016
6bba_55b7eebe,9,0.15,7,62,7,0.11290322580645161,1.0,0.3547036945819855,0.4580830931663513,30.04629135131836
6bba_55b7eebe,9,0.2,7,57,7,0.12280701754385964,1.0,0.37013423442840576,0.4592576026916504,30.865644454956055
6bba_55b7eebe,9,0.25,7,50,6,0.12,0.8571428571428571,0.3896726667881012,0.4613703191280365,31.044252395629883
6bba_55b7eebe,9,0.3,7,45,6,0.13333333333333333,0.8571428571428571,0.40209078788757324,0.4646439850330353,31.046911239624023
6bba_55b7eebe,9,0.4,7,22,2,0.09090909090909091,0.2857142857142857,0.445565402507782,0.480486124753952,31.092021942138672
6bba_55b7eebe,9,0.5,7,1,0,0.0,0.0,0.5306566953659058,0.5306566953659058,33.81528091430664
6bba_55b7eebe,9,0.6,7,0,0,nan,0.0,nan,nan,nan
6bba_55b7eebe,9,0.7,7,0,0,nan,0.0,nan,nan,nan
6bba_55b7eebe,9,0.8,7,0,0,nan,0.0,nan,nan,nan
6bba_55b7eebe,63,0.1,7,62,7,0.11290322580645161,1.0,0.34931591153144836,0.46328461170196533,28.761348724365234
6bba_55b7eebe,63,0.15,7,60,7,0.11666666666666667,1.0,0.3575293719768524,0.4639505445957184,29.2823543548584
6bba_55b7eebe,63,0.2,7,55,6,0.10909090909090909,0.8571428571428571,0.3741016983985901,0.46661216020584106,32.0718879699707
6bba_55b7eebe,63,0.25,7,50,6,0.12,0.8571428571428571,0.3885864317417145,0.4690040946006775,33.253562927246094
6bba_55b7eebe,63,0.3,7,47,6,0.1276595744680851,0.8571428571428571,0.39573949575424194,0.46979206800460815,32.0718879699707
6bba_55b7eebe,63,0.4,7,23,2,0.08695652173913043,0.2857142857142857,0.4501670002937317,0.4888395667076111,34.7729606628418
6bba_55b7eebe,63,0.5,7,1,0,0.0,0.0,0.5116391777992249,0.5116391777992249,26.479585647583008
6bba_55b7eebe,63,0.6,7,0,0,nan,0.0,nan,nan,nan
6bba_55b7eebe,63,0.7,7,0,0,nan,0.0,nan,nan,nan
6bba_55b7eebe,63,0.8,7,0,0,nan,0.0,nan,nan,nan
6bba_55c70843,16,0.1,1,96,0,0.0,0.0,0.20898421108722687,0.3242664039134979,53.73027420043945
6bba_55c70843,16,0.15,1,64,0,0.0,0.0,0.25198113918304443,0.3685968518257141,53.54553985595703
6bba_55c70843,16,0.2,1,46,0,0.0,0.0,0.28485921025276184,0.3737925887107849,52.37067413330078
6bba_55c70843,16,0.25,1,31,0,0.0,0.0,0.3142785131931305,0.3886426091194153,51.42955017089844
6bba_55c70843,16,0.3,1,14,0,0.0,0.0,0.36454734206199646,0.39600351452827454,50.594478607177734
6bba_55c70843,16,0.4,1,1,0,0.0,0.0,0.523104190826416,0.523104190826416,82.4782485961914
6bba_55c70843,16,0.5,1,1,0,0.0,0.0,0.523104190826416,0.523104190826416,82.4782485961914
6bba_55c70843,16,0.6,1,0,0,nan,0.0,nan,nan,nan
6bba_55c70843,16,0.7,1,0,0,nan,0.0,nan,nan,nan
6bba_55c70843,16,0.8,1,0,0,nan,0.0,nan,nan,nan
6bba_55c70843,70,0.1,8,320,3,0.009375,0.375,0.20085982978343964,0.30252665281295776,30.025371551513672
6bba_55c70843,70,0.15,8,227,3,0.013215859030837005,0.375,0.23224639892578125,0.3126262128353119,31.12124252319336
6bba_55c70843,70,0.2,8,140,1,0.007142857142857143,0.125,0.2679979205131531,0.33081039786338806,34.94706726074219
6bba_55c70843,70,0.25,8,90,1,0.011111111111111112,0.125,0.2923804521560669,0.3388851583003998,35.67473602294922
6bba_55c70843,70,0.3,8,35,1,0.02857142857142857,0.125,0.32641881704330444,0.3495174050331116,36.94083786010742
6bba_55c70843,70,0.4,8,1,0,0.0,0.0,0.41083765029907227,0.41083765029907227,35.56602096557617
6bba_55c70843,70,0.5,8,0,0,nan,0.0,nan,nan,nan
6bba_55c70843,70,0.6,8,0,0,nan,0.0,nan,nan,nan
6bba_55c70843,70,0.7,8,0,0,nan,0.0,nan,nan,nan
6bba_55c70843,70,0.8,8,0,0,nan,0.0,nan,nan,nan
6bba_57b7cc1e,24,0.1,20,464,11,0.023706896551724137,0.55,0.19581414759159088,0.284778356552124,20.200366973876953
6bba_57b7cc1e,24,0.15,20,314,8,0.025477707006369428,0.4,0.23023875057697296,0.29920244216918945,19.02663803100586
6bba_57b7cc1e,24,0.2,20,214,6,0.028037383177570093,0.3,0.25656670331954956,0.30552294850349426,18.716049194335938
6bba_57b7cc1e,24,0.25,20,108,3,0.027777777777777776,0.15,0.28709957003593445,0.32413554191589355,18.120269775390625
6bba_57b7cc1e,24,0.3,20,30,1,0.03333333333333333,0.05,0.3213256001472473,0.3417127728462219,17.756595611572266
6bba_57b7cc1e,24,0.4,20,0,0,nan,0.0,nan,nan,nan
6bba_57b7cc1e,24,0.5,20,0,0,nan,0.0,nan,nan,nan
6bba_57b7cc1e,24,0.6,20,0,0,nan,0.0,nan,nan,nan
6bba_57b7cc1e,24,0.7,20,0,0,nan,0.0,nan,nan,nan
6bba_57b7cc1e,24,0.8,20,0,0,nan,0.0,nan,nan,nan
6bba_57b7cc1e,77,0.1,18,378,10,0.026455026455026454,0.5555555555555556,0.19548478722572327,0.2828192710876465,20.184123992919922
6bba_57b7cc1e,77,0.15,18,271,9,0.033210332103321034,0.5,0.2222243994474411,0.28836673498153687,18.909181594848633
6bba_57b7cc1e,77,0.2,18,160,4,0.025,0.2222222222222222,0.25598618388175964,0.3035168945789337,17.673019409179688
6bba_57b7cc1e,77,0.25,18,87,3,0.034482758620689655,0.16666666666666666,0.2826215922832489,0.30927470326423645,18.59231948852539
6bba_57b7cc1e,77,0.3,18,21,1,0.047619047619047616,0.05555555555555555,0.3154546320438385,0.3328281342983246,19.27227020263672
6bba_57b7cc1e,77,0.4,18,0,0,nan,0.0,nan,nan,nan
6bba_57b7cc1e,77,0.5,18,0,0,nan,0.0,nan,nan,nan
6bba_57b7cc1e,77,0.6,18,0,0,nan,0.0,nan,nan,nan
6bba_57b7cc1e,77,0.7,18,0,0,nan,0.0,nan,nan,nan
6bba_57b7cc1e,77,0.8,18,0,0,nan,0.0,nan,nan,nan
6bba_5a4d9360,31,0.1,8,62,8,0.12903225806451613,1.0,0.37801799178123474,0.4934311509132385,21.89792823791504
6bba_5a4d9360,31,0.15,8,56,7,0.125,0.875,0.4044185280799866,0.49447640776634216,22.336002349853516
6bba_5a4d9360,31,0.2,8,50,7,0.14,0.875,0.43261539936065674,0.49753499031066895,22.336002349853516
6bba_5a4d9360,31,0.25,8,49,7,0.14285714285714285,0.875,0.43638506531715393,0.4997248351573944,22.02197265625
6bba_5a4d9360,31,0.3,8,46,7,0.15217391304347827,0.875,0.4469258785247803,0.5062946081161499,21.980676651000977
6bba_5a4d9360,31,0.4,8,35,2,0.05714285714285714,0.25,0.4749790132045746,0.5185779333114624,22.86758041381836
6bba_5a4d9360,31,0.5,8,5,1,0.2,0.125,0.5216492414474487,0.5245642066001892,11.508424758911133
6bba_5a4d9360,31,0.6,8,0,0,nan,0.0,nan,nan,nan
6bba_5a4d9360,31,0.7,8,0,0,nan,0.0,nan,nan,nan
6bba_5a4d9360,31,0.8,8,0,0,nan,0.0,nan,nan,nan
6bba_5a4d9360,84,0.1,10,72,9,0.125,0.9,0.37450486421585083,0.4913880527019501,19.899438858032227
6bba_5a4d9360,84,0.15,10,69,9,0.13043478260869565,0.9,0.385494202375412,0.49190306663513184,19.74600601196289
6bba_5a4d9360,84,0.2,10,63,9,0.14285714285714285,0.9,0.4061376452445984,0.49334922432899475,18.672039031982422
6bba_5a4d9360,84,0.25,10,61,9,0.14754098360655737,0.9,0.4117676019668579,0.4938312768936157,18.672039031982422
6bba_5a4d9360,84,0.3,10,53,9,0.16981132075471697,0.9,0.4321993589401245,0.4959070682525635,18.707361221313477
6bba_5a4d9360,84,0.4,10,38,6,0.15789473684210525,0.6,0.46533623337745667,0.49724942445755005,19.17220687866211
6bba_5a4d9360,84,0.5,10,3,2,0.6666666666666666,0.2,0.5023170113563538,0.5033133625984192,1.6501953601837158
6bba_5a4d9360,84,0.6,10,0,0,nan,0.0,nan,nan,nan
6bba_5a4d9360,84,0.7,10,0,0,nan,0.0,nan,nan,nan
6bba_5a4d9360,84,0.8,10,0,0,nan,0.0,nan,nan,nan
6bba_5b28472a,38,0.1,9,83,9,0.10843373493975904,1.0,0.37725040316581726,0.5083958506584167,20.347002029418945
6bba_5b28472a,38,0.15,9,70,9,0.12857142857142856,1.0,0.42367514967918396,0.5088008046150208,21.071430206298828
6bba_5b28472a,38,0.2,9,67,9,0.13432835820895522,1.0,0.4349859654903412,0.5089879035949707,20.891284942626953
6bba_5b28472a,38,0.25,9,66,9,0.13636363636363635,1.0,0.43828698992729187,0.5090502500534058,21.071430206298828
6bba_5b28472a,38,0.3,9,63,9,0.14285714285714285,1.0,0.4452192783355713,0.5092373490333557,20.891284942626953
6bba_5b28472a,38,0.4,9,49,8,0.16326530612244897,0.8888888888888888,0.47601404786109924,0.5114127993583679,21.25157356262207
6bba_5b28472a,38,0.5,9,12,0,0.0,0.0,0.5204834938049316,0.5541868209838867,25.937986373901367
6bba_5b28472a,38,0.6,9,0,0,nan,0.0,nan,nan,nan
6bba_5b28472a,38,0.7,9,0,0,nan,0.0,nan,nan,nan
6bba_5b28472a,38,0.8,9,0,0,nan,0.0,nan,nan,nan
6bba_5b28472a,91,0.1,6,83,6,0.07228915662650602,1.0,0.3508654236793518,0.49233099818229675,21.49864959716797
6bba_5b28472a,91,0.15,6,70,6,0.08571428571428572,1.0,0.3929447531700134,0.5028926730155945,20.983478546142578
6bba_5b28472a,91,0.2,6,66,6,0.09090909090909091,1.0,0.40648606419563293,0.5065897107124329,20.983478546142578
6bba_5b28472a,91,0.25,6,58,6,0.10344827586206896,1.0,0.43063291907310486,0.5117054581642151,20.983478546142578
6bba_5b28472a,91,0.3,6,56,5,0.08928571428571429,0.8333333333333334,0.4363166391849518,0.5120351314544678,20.983478546142578
6bba_5b28472a,91,0.4,6,39,3,0.07692307692307693,0.5,0.4712366461753845,0.5171213746070862,21.999479293823242
6bba_5b28472a,91,0.5,6,8,1,0.125,0.16666666666666666,0.5253851413726807,0.545639157295227,20.86532211303711
6bba_5b28472a,91,0.6,6,0,0,nan,0.0,nan,nan,nan
6bba_5b28472a,91,0.7,6,0,0,nan,0.0,nan,nan,nan
6bba_5b28472a,91,0.8,6,0,0,nan,0.0,nan,nan,nan
6bba_5c039895,45,0.1,10,99,10,0.10101010101010101,1.0,0.363093763589859,0.475488543510437,20.33888816833496
6bba_5c039895,45,0.15,10,92,10,0.10869565217391304,1.0,0.3817702531814575,0.47634652256965637,20.33888816833496
6bba_5c039895,45,0.2,10,85,10,0.11764705882352941,1.0,0.39863327145576477,0.4769883155822754,20.33888816833496
6bba_5c039895,45,0.25,10,79,9,0.11392405063291139,0.9,0.41218721866607666,0.4774598777294159,20.028165817260742
6bba_5c039895,45,0.3,10,70,7,0.1,0.7,0.43034473061561584,0.4780791997909546,20.33888816833496
6bba_5c039895,45,0.4,10,52,7,0.1346153846153846,0.7,0.45679330825805664,0.4824415147304535,19.962024688720703
6bba_5c039895,45,0.5,10,2,0,0.0,0.0,0.5144891142845154,0.5163300633430481,18.632287979125977
6bba_5c039895,45,0.6,10,0,0,nan,0.0,nan,nan,nan
6bba_5c039895,45,0.7,10,0,0,nan,0.0,nan,nan,nan
6bba_5c039895,45,0.8,10,0,0,nan,0.0,nan,nan,nan
6bba_5c039895,98,0.1,8,65,8,0.12307692307692308,1.0,0.39052867889404297,0.48928186297416687,17.314544677734375
6bba_5c039895,98,0.15,8,63,8,0.12698412698412698,1.0,0.39909911155700684,0.49020615220069885,17.314544677734375
6bba_5c039895,98,0.2,8,59,7,0.11864406779661017,0.875,0.4139002561569214,0.49221697449684143,17.362138748168945
6bba_5c039895,98,0.25,8,55,7,0.12727272727272726,0.875,0.42829108238220215,0.4943901300430298,17.691709518432617
6bba_5c039895,98,0.3,8,50,6,0.12,0.75,0.4443397521972656,0.49683746695518494,17.826244354248047
6bba_5c039895,98,0.4,8,39,4,0.10256410256410256,0.5,0.4688275158405304,0.4999352991580963,17.738290786743164
6bba_5c039895,98,0.5,8,4,1,0.25,0.125,0.5187947154045105,0.533309280872345,18.05133819580078
6bba_5c039895,98,0.6,8,0,0,nan,0.0,nan,nan,nan
6bba_5c039895,98,0.7,8,0,0,nan,0.0,nan,nan,nan
6bba_5c039895,98,0.8,8,0,0,nan,0.0,nan,nan,nan
6bba_5c824876,52,0.1,14,247,14,0.05668016194331984,1.0,0.35134950280189514,0.4619288742542267,21.09568214416504
6bba_5c824876,52,0.15,14,239,14,0.058577405857740586,1.0,0.3589584231376648,0.4621284306049347,21.09568214416504
6bba_5c824876,52,0.2,14,225,13,0.057777777777777775,0.9285714285714286,0.36995384097099304,0.46274253726005554,20.922861099243164
6bba_5c824876,52,0.25,14,208,12,0.057692307692307696,0.8571428571428571,0.38183191418647766,0.4635380506515503,20.580055236816406
6bba_5c824876,52,0.3,14,173,8,0.046242774566473986,0.5714285714285714,0.40302926301956177,0.4672817587852478,20.82798957824707
6bba_5c824876,52,0.4,14,98,3,0.030612244897959183,0.21428571428571427,0.44282472133636475,0.48521164059638977,23.324726104736328
6bba_5c824876,52,0.5,14,5,0,0.0,0.0,0.51291424036026,0.5263711214065552,30.124197006225586
6bba_5c824876,52,0.6,14,0,0,nan,0.0,nan,nan,nan
6bba_5c824876,52,0.7,14,0,0,nan,0.0,nan,nan,nan
6bba_5c824876,52,0.8,14,0,0,nan,0.0,nan,nan,nan
6bba_5dfe9ad1,5,0.1,9,229,7,0.03056768558951965,0.7777777777777778,0.314667284488678,0.4266870319843292,27.217233657836914
6bba_5dfe9ad1,5,0.15,9,216,6,0.027777777777777776,0.6666666666666666,0.3262108564376831,0.4280415177345276,27.18688201904297
6bba_5dfe9ad1,5,0.2,9,192,5,0.026041666666666668,0.5555555555555556,0.34498798847198486,0.42877236008644104,27.232383728027344
6bba_5dfe9ad1,5,0.25,9,170,5,0.029411764705882353,0.5555555555555556,0.3592695891857147,0.43014419078826904,26.98528289794922
6bba_5dfe9ad1,5,0.3,9,137,5,0.0364963503649635,0.5555555555555556,0.3795030415058136,0.43718719482421875,25.912572860717773
6bba_5dfe9ad1,5,0.4,9,52,2,0.038461538461538464,0.2222222222222222,0.4296872913837433,0.4650742709636688,33.144691467285156
6bba_5dfe9ad1,5,0.5,9,1,0,0.0,0.0,0.5126980543136597,0.5126980543136597,18.269962310791016
6bba_5dfe9ad1,5,0.6,9,0,0,nan,0.0,nan,nan,nan
6bba_5dfe9ad1,5,0.7,9,0,0,nan,0.0,nan,nan,nan
6bba_5dfe9ad1,5,0.8,9,0,0,nan,0.0,nan,nan,nan
6bba_5dfe9ad1,59,0.1,13,284,10,0.035211267605633804,0.7692307692307693,0.2946280837059021,0.4116913378238678,23.11163330078125
6bba_5dfe9ad1,59,0.15,13,256,8,0.03125,0.6153846153846154,0.3133932650089264,0.4136632978916168,22.547588348388672
6bba_5dfe9ad1,59,0.2,13,225,8,0.035555555555555556,0.6153846153846154,0.33237317204475403,0.41767004132270813,21.72013282775879
6bba_5dfe9ad1,59,0.25,13,193,6,0.031088082901554404,0.46153846153846156,0.34884899854660034,0.4218916594982147,22.11172103881836
6bba_5dfe9ad1,59,0.3,13,150,4,0.02666666666666667,0.3076923076923077,0.36954742670059204,0.4286419153213501,22.35664176940918
6bba_5dfe9ad1,59,0.4,13,38,0,0.0,0.0,0.42465996742248535,0.44792404770851135,24.7578182220459
6bba_5dfe9ad1,59,0.5,13,0,0,nan,0.0,nan,nan,nan
6bba_5dfe9ad1,59,0.6,13,0,0,nan,0.0,nan,nan,nan
6bba_5dfe9ad1,59,0.7,13,0,0,nan,0.0,nan,nan,nan
6bba_5dfe9ad1,59,0.8,13,0,0,nan,0.0,nan,nan,nan
6bba_5f89039d,13,0.1,11,61,11,0.18032786885245902,1.0,0.4054560959339142,0.4977295398712158,19.493650436401367
6bba_5f89039d,13,0.15,11,59,11,0.1864406779661017,1.0,0.4150375723838806,0.49786365032196045,18.378042221069336
6bba_5f89039d,13,0.2,11,59,11,0.1864406779661017,1.0,0.4150375723838806,0.49786365032196045,18.378042221069336
6bba_5f89039d,13,0.25,11,58,11,0.1896551724137931,1.0,0.41804853081703186,0.4979306757450104,18.360065460205078
6bba_5f89039d,13,0.3,11,55,10,0.18181818181818182,0.9090909090909091,0.4254482686519623,0.4981318414211273,18.342086791992188
6bba_5f89039d,13,0.4,11,38,7,0.18421052631578946,0.6363636363636364,0.455237478017807,0.5103194713592529,21.623748779296875
6bba_5f89039d,13,0.5,11,5,1,0.2,0.09090909090909091,0.5246816873550415,0.5362711548805237,23.571252822875977
6bba_5f89039d,13,0.6,11,0,0,nan,0.0,nan,nan,nan
6bba_5f89039d,13,0.7,11,0,0,nan,0.0,nan,nan,nan
6bba_5f89039d,13,0.8,11,0,0,nan,0.0,nan,nan,nan
6bba_5f89039d,66,0.1,8,66,8,0.12121212121212122,1.0,0.37299561500549316,0.4696357250213623,26.042800903320312
6bba_5f89039d,66,0.15,8,65,8,0.12307692307692308,1.0,0.3771943747997284,0.46981269121170044,26.02062225341797
6bba_5f89039d,66,0.2,8,62,8,0.12903225806451613,1.0,0.38701561093330383,0.47034358978271484,25.566003799438477
6bba_5f89039d,66,0.25,8,62,8,0.12903225806451613,1.0,0.38701561093330383,0.47034358978271484,25.566003799438477
6bba_5f89039d,66,0.3,8,50,8,0.16,1.0,0.41374653577804565,0.4829409718513489,24.76620101928711
6bba_5f89039d,66,0.4,8,28,5,0.17857142857142858,0.625,0.4620804488658905,0.49004533886909485,24.571529388427734
6bba_5f89039d,66,0.5,8,1,0,0.0,0.0,0.5911810398101807,0.5911810398101807,30.38060188293457
6bba_5f89039d,66,0.6,8,0,0,nan,0.0,nan,nan,nan
6bba_5f89039d,66,0.7,8,0,0,nan,0.0,nan,nan,nan
6bba_5f89039d,66,0.8,8,0,0,nan,0.0,nan,nan,nan
6bba_61dd1e0d,20,0.1,6,63,6,0.09523809523809523,1.0,0.355874240398407,0.46062663197517395,34.56827163696289
6bba_61dd1e0d,20,0.15,6,62,6,0.0967741935483871,1.0,0.3593990206718445,0.46089455485343933,34.85004425048828
6bba_61dd1e0d,20,0.2,6,61,6,0.09836065573770492,1.0,0.3620549738407135,0.4611625075340271,34.56827163696289
6bba_61dd1e0d,20,0.25,6,55,5,0.09090909090909091,0.8333333333333334,0.3773268163204193,0.46174630522727966,35.13181686401367
6bba_61dd1e0d,20,0.3,6,42,5,0.11904761904761904,0.8333333333333334,0.41035762429237366,0.4645751118659973,33.74153137207031
6bba_61dd1e0d,20,0.4,6,25,2,0.08,0.3333333333333333,0.44964009523391724,0.46797457337379456,33.91761779785156
6bba_61dd1e0d,20,0.5,6,1,0,0.0,0.0,0.5366624593734741,0.5366624593734741,19.434297561645508
6bba_61dd1e0d,20,0.6,6,0,0,nan,0.0,nan,nan,nan
6bba_61dd1e0d,20,0.7,6,0,0,nan,0.0,nan,nan,nan
6bba_61dd1e0d,20,0.8,6,0,0,nan,0.0,nan,nan,nan
6bba_61dd1e0d,73,0.1,5,128,4,0.03125,0.8,0.2810666561126709,0.404494971036911,38.729278564453125
6bba_61dd1e0d,73,0.15,5,112,4,0.03571428571428571,0.8,0.30359703302383423,0.4257609248161316,38.34648513793945
6bba_61dd1e0d,73,0.2,5,92,4,0.043478260869565216,0.8,0.3310587406158447,0.43081918358802795,36.49357604980469
6bba_61dd1e0d,73,0.25,5,76,4,0.05263157894736842,0.8,0.35390904545783997,0.43435052037239075,34.95526885986328
6bba_61dd1e0d,73,0.3,5,58,3,0.05172413793103448,0.6,0.3759981691837311,0.45777255296707153,33.32560348510742
6bba_61dd1e0d,73,0.4,5,14,0,0.0,0.0,0.44681769609451294,0.47693440318107605,34.95526885986328
6bba_61dd1e0d,73,0.5,5,0,0,nan,0.0,nan,nan,nan
6bba_61dd1e0d,73,0.6,5,0,0,nan,0.0,nan,nan,nan
6bba_61dd1e0d,73,0.7,5,0,0,nan,0.0,nan,nan,nan
6bba_61dd1e0d,73,0.8,5,0,0,nan,0.0,nan,nan,nan
6bba_61ecbe65,27,0.1,5,78,5,0.0641025641025641,1.0,0.36807236075401306,0.4844309091567993,26.718414306640625
6bba_61ecbe65,27,0.15,5,73,5,0.0684931506849315,1.0,0.38463130593299866,0.4869959056377411,26.26681900024414
6bba_61ecbe65,27,0.2,5,68,5,0.07352941176470588,1.0,0.4003562927246094,0.4904504716396332,26.24138641357422
6bba_61ecbe65,27,0.25,5,65,5,0.07692307692307693,1.0,0.40870609879493713,0.4928790330886841,25.553415298461914
6bba_61ecbe65,27,0.3,5,61,4,0.06557377049180328,0.8,0.4172693192958832,0.49611711502075195,25.553415298461914
6bba_61ecbe65,27,0.4,5,41,2,0.04878048780487805,0.4,0.4497285783290863,0.5062546133995056,25.553415298461914
6bba_61ecbe65,27,0.5,5,6,0,0.0,0.0,0.5162137150764465,0.5313416719436646,19.30264663696289
6bba_61ecbe65,27,0.6,5,0,0,nan,0.0,nan,nan,nan
6bba_61ecbe65,27,0.7,5,0,0,nan,0.0,nan,nan,nan
6bba_61ecbe65,27,0.8,5,0,0,nan,0.0,nan,nan,nan
6bba_61ecbe65,80,0.1,8,60,7,0.11666666666666667,0.875,0.37826427817344666,0.48845261335372925,21.61227798461914
6bba_61ecbe65,80,0.15,8,53,6,0.11320754716981132,0.75,0.4113466739654541,0.4897427260875702,22.230823516845703
6bba_61ecbe65,80,0.2,8,51,6,0.11764705882352941,0.75,0.4201279878616333,0.4901113212108612,22.230823516845703
6bba_61ecbe65,80,0.25,8,49,6,0.12244897959183673,0.75,0.4280931055545807,0.49040207266807556,22.48915672302246
6bba_61ecbe65,80,0.3,8,46,6,0.13043478260869565,0.75,0.4389309287071228,0.4908382296562195,22.551362991333008
6bba_61ecbe65,80,0.4,8,37,6,0.16216216216216217,0.75,0.4588662087917328,0.493011474609375,22.48915672302246
6bba_61ecbe65,80,0.5,8,3,0,0.0,0.0,0.5229762196540833,0.5464777946472168,19.88758659362793
6bba_61ecbe65,80,0.6,8,0,0,nan,0.0,nan,nan,nan
6bba_61ecbe65,80,0.7,8,0,0,nan,0.0,nan,nan,nan
6bba_61ecbe65,80,0.8,8,0,0,nan,0.0,nan,nan,nan
6bba_6321a359,34,0.1,7,57,7,0.12280701754385964,1.0,0.3386698067188263,0.46958568692207336,34.009944915771484
6bba_6321a359,34,0.15,7,49,7,0.14285714285714285,1.0,0.3744859993457794,0.47087398171424866,34.51093292236328
6bba_6321a359,34,0.2,7,43,7,0.16279069767441862,1.0,0.40106457471847534,0.4736323058605194,34.009944915771484
6bba_6321a359,34,0.25,7,41,7,0.17073170731707318,1.0,0.4101438820362091,0.4745517671108246,33.54085159301758
6bba_6321a359,34,0.3,7,39,7,0.1794871794871795,1.0,0.4178016483783722,0.4774511456489563,33.54085159301758
6bba_6321a359,34,0.4,7,26,4,0.15384615384615385,0.5714285714285714,0.45548003911972046,0.4916762113571167,35.393577575683594
6bba_6321a359,34,0.5,7,2,0,0.0,0.0,0.526738166809082,0.5357983708381653,27.442819595336914
6bba_6321a359,34,0.6,7,0,0,nan,0.0,nan,nan,nan
6bba_6321a359,34,0.7,7,0,0,nan,0.0,nan,nan,nan
6bba_6321a359,34,0.8,7,0,0,nan,0.0,nan,nan,nan
6bba_6321a359,87,0.1,8,61,8,0.13114754098360656,1.0,0.3369606137275696,0.4536319971084595,29.87664222717285
6bba_6321a359,87,0.15,8,55,8,0.14545454545454545,1.0,0.36068665981292725,0.4561315178871155,27.70404624938965
6bba_6321a359,87,0.2,8,52,8,0.15384615384615385,1.0,0.37166827917099,0.4573812782764435,26.470035552978516
6bba_6321a359,87,0.25,8,48,8,0.16666666666666666,1.0,0.3831695020198822,0.4587056338787079,26.067337036132812
6bba_6321a359,87,0.3,8,40,8,0.2,1.0,0.40530508756637573,0.462040513753891,26.067337036132812
6bba_6321a359,87,0.4,8,24,4,0.16666666666666666,0.5,0.4423883259296417,0.48072391748428345,29.123043060302734
6bba_6321a359,87,0.5,8,1,0,0.0,0.0,0.5181840062141418,0.5181840062141418,44.614498138427734
6bba_6321a359,87,0.6,8,0,0,nan,0.0,nan,nan,nan
6bba_6321a359,87,0.7,8,0,0,nan,0.0,nan,nan,nan
6bba_6321a359,87,0.8,8,0,0,nan,0.0,nan,nan,nan
6bba_6479435d,41,0.1,5,298,3,0.010067114093959731,0.6,0.24069146811962128,0.3539424538612366,50.48381042480469
6bba_6479435d,41,0.15,5,241,1,0.004149377593360996,0.2,0.26787617802619934,0.35906606912612915,53.36353302001953
6bba_6479435d,41,0.2,5,197,1,0.005076142131979695,0.2,0.2888682782649994,0.362885981798172,55.89518737792969
6bba_6479435d,41,0.25,5,137,0,0.0,0.0,0.3161051869392395,0.37407955527305603,59.731876373291016
6bba_6479435d,41,0.3,5,82,0,0.0,0.0,0.3458513915538788,0.4007957875728607,61.833457946777344
6bba_6479435d,41,0.4,5,9,0,0.0,0.0,0.4272801876068115,0.4531119465827942,70.7930679321289
6bba_6479435d,41,0.5,5,0,0,nan,0.0,nan,nan,nan
6bba_6479435d,41,0.6,5,0,0,nan,0.0,nan,nan,nan
6bba_6479435d,41,0.7,5,0,0,nan,0.0,nan,nan,nan
6bba_6479435d,41,0.8,5,0,0,nan,0.0,nan,nan,nan
6bba_6479435d,95,0.1,4,106,4,0.03773584905660377,1.0,0.4000265598297119,0.5137758851051331,26.783245086669922
6bba_6479435d,95,0.15,4,99,4,0.04040404040404041,1.0,0.4198327362537384,0.5155609250068665,26.770919799804688
6bba_6479435d,95,0.2,4,96,4,0.041666666666666664,1.0,0.42712900042533875,0.5157179832458496,26.746238708496094
6bba_6479435d,95,0.25,4,89,4,0.0449438202247191,1.0,0.4433927536010742,0.5159889459609985,26.770919799804688
6bba_6479435d,95,0.3,4,83,4,0.04819277108433735,1.0,0.455513060092926,0.5160166025161743,26.795568466186523
6bba_6479435d,95,0.4,4,70,4,0.05714285714285714,1.0,0.47495362162590027,0.5205884575843811,26.440671920776367
6bba_6479435d,95,0.5,4,20,1,0.05,0.25,0.5206090807914734,0.538615345954895,19.27184295654297
6bba_6479435d,95,0.6,4,0,0,nan,0.0,nan,nan,nan
6bba_6479435d,95,0.7,4,0,0,nan,0.0,nan,nan,nan
6bba_6479435d,95,0.8,4,0,0,nan,0.0,nan,nan,nan
6bba_67ebd073,48,0.1,6,119,6,0.05042016806722689,1.0,0.3349180519580841,0.49962708353996277,23.31075096130371
6bba_67ebd073,48,0.15,6,106,6,0.05660377358490566,1.0,0.36122915148735046,0.5014446377754211,21.251113891601562
6bba_67ebd073,48,0.2,6,91,6,0.06593406593406594,1.0,0.3917841613292694,0.5027676820755005,19.5781307220459
6bba_67ebd073,48,0.25,6,77,6,0.07792207792207792,1.0,0.4224395751953125,0.5089393854141235,19.78775405883789
6bba_67ebd073,48,0.3,6,66,6,0.09090909090909091,1.0,0.44609421491622925,0.5127497911453247,19.5949764251709
6bba_67ebd073,48,0.4,6,50,5,0.1,0.8333333333333334,0.4789944589138031,0.5180174708366394,19.5949764251709
6bba_67ebd073,48,0.5,6,12,3,0.25,0.5,0.5204402804374695,0.5459778308868408,21.52532196044922
6bba_67ebd073,48,0.6,6,0,0,nan,0.0,nan,nan,nan
6bba_67ebd073,48,0.7,6,0,0,nan,0.0,nan,nan,nan
6bba_67ebd073,48,0.8,6,0,0,nan,0.0,nan,nan,nan
6bba_6ca87370,2,0.1,3,54,3,0.05555555555555555,1.0,0.3499596118927002,0.47967082262039185,28.642127990722656
6bba_6ca87370,2,0.15,3,49,3,0.061224489795918366,1.0,0.37222281098365784,0.48293548822402954,27.512754440307617
6bba_6ca87370,2,0.2,3,46,3,0.06521739130434782,1.0,0.3847818076610565,0.4831096827983856,27.503753662109375
6bba_6ca87370,2,0.25,3,40,3,0.075,1.0,0.4084276258945465,0.483615905046463,26.694107055664062
6bba_6ca87370,2,0.3,3,35,3,0.08571428571428572,1.0,0.4282563626766205,0.4846954941749573,25.89345932006836
6bba_6ca87370,2,0.4,3,25,2,0.08,0.6666666666666666,0.45832961797714233,0.4921371042728424,20.290143966674805
6bba_6ca87370,2,0.5,3,2,0,0.0,0.0,0.5538421273231506,0.5732769966125488,61.8795166015625
6bba_6ca87370,2,0.6,3,0,0,nan,0.0,nan,nan,nan
6bba_6ca87370,2,0.7,3,0,0,nan,0.0,nan,nan,nan
6bba_6ca87370,2,0.8,3,0,0,nan,0.0,nan,nan,nan
6bba_6ca87370,55,0.1,11,98,11,0.11224489795918367,1.0,0.3111594319343567,0.4344139099121094,16.25695037841797
6bba_6ca87370,55,0.15,11,91,11,0.12087912087912088,1.0,0.32410600781440735,0.4382322132587433,16.048160552978516
6bba_6ca87370,55,0.2,11,81,10,0.12345679012345678,0.9090909090909091,0.34285688400268555,0.4422917664051056,16.048160552978516
6bba_6ca87370,55,0.25,11,70,9,0.12857142857142856,0.8181818181818182,0.36062976717948914,0.4481401741504669,15.944652557373047
6bba_6ca87370,55,0.3,11,55,8,0.14545454545454545,0.7272727272727273,0.38512760400772095,0.4530654549598694,16.404151916503906
6bba_6ca87370,55,0.4,11,23,1,0.043478260869565216,0.09090909090909091,0.43544670939445496,0.4749610126018524,17.17097282409668
6bba_6ca87370,55,0.5,11,1,0,0.0,0.0,0.5030555129051208,0.5030555129051208,25.559873580932617
6bba_6ca87370,55,0.6,11,0,0,nan,0.0,nan,nan,nan
6bba_6ca87370,55,0.7,11,0,0,nan,0.0,nan,nan,nan
6bba_6ca87370,55,0.8,11,0,0,nan,0.0,nan,nan,nan
6bba_6db0e9b4,9,0.1,0,266,0,0.0,nan,0.2580554187297821,0.3650919497013092,nan
6bba_6db0e9b4,9,0.15,0,225,0,0.0,nan,0.28252628445625305,0.375047504901886,nan
6bba_6db0e9b4,9,0.2,0,188,0,0.0,nan,0.30295833945274353,0.37784141302108765,nan
6bba_6db0e9b4,9,0.25,0,142,0,0.0,nan,0.3281781077384949,0.3866628110408783,nan
6bba_6db0e9b4,9,0.3,0,106,0,0.0,nan,0.3456946909427643,0.39579352736473083,nan
6bba_6db0e9b4,9,0.4,0,8,0,0.0,nan,0.416658878326416,0.4264910817146301,nan
6bba_6db0e9b4,9,0.5,0,0,0,nan,nan,nan,nan,nan
6bba_6db0e9b4,9,0.6,0,0,0,nan,nan,nan,nan,nan
6bba_6db0e9b4,9,0.7,0,0,0,nan,nan,nan,nan,nan
6bba_6db0e9b4,9,0.8,0,0,0,nan,nan,nan,nan,nan
6bba_6db0e9b4,62,0.1,5,205,3,0.014634146341463415,0.6,0.25578078627586365,0.3647231161594391,33.09503936767578
6bba_6db0e9b4,62,0.15,5,170,3,0.01764705882352941,0.6,0.28348031640052795,0.3740486800670624,30.29900360107422
6bba_6db0e9b4,62,0.2,5,138,3,0.021739130434782608,0.6,0.30802860856056213,0.3838310241699219,28.159013748168945
6bba_6db0e9b4,62,0.25,5,113,3,0.02654867256637168,0.6,0.3275962173938751,0.39401254057884216,27.04691505432129
6bba_6db0e9b4,62,0.3,5,82,3,0.036585365853658534,0.6,0.34683436155319214,0.40016400814056396,25.482271194458008
6bba_6db0e9b4,62,0.4,5,9,1,0.1111111111111111,0.2,0.4175572395324707,0.4356507360935211,14.7514066696167
6bba_6db0e9b4,62,0.5,5,0,0,nan,0.0,nan,nan,nan
6bba_6db0e9b4,62,0.6,5,0,0,nan,0.0,nan,nan,nan
6bba_6db0e9b4,62,0.7,5,0,0,nan,0.0,nan,nan,nan
6bba_6db0e9b4,62,0.8,5,0,0,nan,0.0,nan,nan,nan
6bba_6feb10f0,16,0.1,16,51,3,0.058823529411764705,0.1875,0.16770033538341522,0.25678011775016785,25.391437530517578
6bba_6feb10f0,16,0.15,16,28,2,0.07142857142857142,0.125,0.20586661994457245,0.2789527475833893,26.784873962402344
6bba_6feb10f0,16,0.2,16,12,0,0.0,0.0,0.25328636169433594,0.2827621400356293,28.74991798400879
6bba_6feb10f0,16,0.25,16,7,0,0.0,0.0,0.2809057831764221,0.30400899052619934,27.27780532836914
6bba_6feb10f0,16,0.3,16,1,0,0.0,0.0,0.3354805111885071,0.3354805111885071,28.548999786376953
6bba_6feb10f0,16,0.4,16,0,0,nan,0.0,nan,nan,nan
6bba_6feb10f0,16,0.5,16,0,0,nan,0.0,nan,nan,nan
6bba_6feb10f0,16,0.6,16,0,0,nan,0.0,nan,nan,nan
6bba_6feb10f0,16,0.7,16,0,0,nan,0.0,nan,nan,nan
6bba_6feb10f0,16,0.8,16,0,0,nan,0.0,nan,nan,nan
6bba_6feb10f0,69,0.1,11,20,1,0.05,0.09090909090909091,0.16514085233211517,0.24114738404750824,36.31095886230469
6bba_6feb10f0,69,0.15,11,10,0,0.0,0.0,0.2078181952238083,0.2511790692806244,35.53718566894531
6bba_6feb10f0,69,0.2,11,5,0,0.0,0.0,0.2533746361732483,0.2992136776447296,34.37196731567383
6bba_6feb10f0,69,0.25,11,1,0,0.0,0.0,0.3376413583755493,0.3376413583755493,34.37196731567383
6bba_6feb10f0,69,0.3,11,1,0,0.0,0.0,0.3376413583755493,0.3376413583755493,34.37196731567383
6bba_6feb10f0,69,0.4,11,0,0,nan,0.0,nan,nan,nan
6bba_6feb10f0,69,0.5,11,0,0,nan,0.0,nan,nan,nan
6bba_6feb10f0,69,0.6,11,0,0,nan,0.0,nan,nan,nan
6bba_6feb10f0,69,0.7,11,0,0,nan,0.0,nan,nan,nan
6bba_6feb10f0,69,0.8,11,0,0,nan,0.0,nan,nan,nan
6bba_6feeb0b1,23,0.1,14,87,14,0.16091954022988506,1.0,0.41962534189224243,0.5165844559669495,15.343670845031738
6bba_6feeb0b1,23,0.15,14,87,14,0.16091954022988506,1.0,0.41962534189224243,0.5165844559669495,15.343670845031738
6bba_6feeb0b1,23,0.2,14,84,13,0.15476190476190477,0.9285714285714286,0.42866766452789307,0.517784833908081,15.218961715698242
6bba_6feeb0b1,23,0.25,14,80,13,0.1625,0.9285714285714286,0.4389593005180359,0.5193387866020203,15.508617401123047
6bba_6feeb0b1,23,0.3,14,73,13,0.1780821917808219,0.9285714285714286,0.45478591322898865,0.5218134522438049,15.343670845031738
6bba_6feeb0b1,23,0.4,14,59,10,0.1694915254237288,0.7142857142857143,0.4798310399055481,0.5299349427223206,15.09425163269043
6bba_6feeb0b1,23,0.5,14,14,3,0.21428571428571427,0.21428571428571427,0.5307027101516724,0.5596811771392822,18.318641662597656
6bba_6feeb0b1,23,0.6,14,0,0,nan,0.0,nan,nan,nan
6bba_6feeb0b1,23,0.7,14,0,0,nan,0.0,nan,nan,nan
6bba_6feeb0b1,23,0.8,14,0,0,nan,0.0,nan,nan,nan
6bba_6feeb0b1,77,0.1,14,82,13,0.15853658536585366,0.9285714285714286,0.4148958623409271,0.5021927952766418,13.928146362304688
6bba_6feeb0b1,77,0.15,14,80,13,0.1625,0.9285714285714286,0.4222526550292969,0.5025932192802429,13.821456909179688
6bba_6feeb0b1,77,0.2,14,79,13,0.16455696202531644,0.9285714285714286,0.425349622964859,0.502958357334137,13.815486907958984
6bba_6feeb0b1,77,0.25,14,75,13,0.17333333333333334,0.9285714285714286,0.4365217983722687,0.5044187903404236,13.683450698852539
6bba_6feeb0b1,77,0.3,14,71,13,0.18309859154929578,0.9285714285714286,0.44574669003486633,0.5058792233467102,13.353827476501465
6bba_6feeb0b1,77,0.4,14,57,11,0.19298245614035087,0.7857142857142857,0.4636041820049286,0.5109876990318298,14.227452278137207
6bba_6feeb0b1,77,0.5,14,11,1,0.09090909090909091,0.07142857142857142,0.5115109086036682,0.5182350277900696,18.503337860107422
6bba_6feeb0b1,77,0.6,14,0,0,nan,0.0,nan,nan,nan
6bba_6feeb0b1,77,0.7,14,0,0,nan,0.0,nan,nan,nan
6bba_6feeb0b1,77,0.8,14,0,0,nan,0.0,nan,nan,nan
6bba_705ec2c9,30,0.1,10,61,10,0.16393442622950818,1.0,0.38081109523773193,0.5099881291389465,16.01727867126465
6bba_705ec2c9,30,0.15,10,57,9,0.15789473684210525,0.9,0.39824116230010986,0.5104770064353943,16.62401580810547
6bba_705ec2c9,30,0.2,10,53,9,0.16981132075471697,0.9,0.4149733781814575,0.5109658241271973,16.37394142150879
6bba_705ec2c9,30,0.25,10,51,8,0.1568627450980392,0.8,0.4226703643798828,0.5112102627754211,16.37394142150879
6bba_705ec2c9,30,0.3,10,45,6,0.13333333333333333,0.6,0.4413069784641266,0.5122120976448059,16.62401580810547
6bba_705ec2c9,30,0.4,10,34,6,0.17647058823529413,0.6,0.472574919462204,0.5153446793556213,16.498977661132812
6bba_705ec2c9,30,0.5,10,9,2,0.2222222222222222,0.2,0.5162827968597412,0.5291752815246582,18.72499656677246
6bba_705ec2c9,30,0.6,10,0,0,nan,0.0,nan,nan,nan
6bba_705ec2c9,30,0.7,10,0,0,nan,0.0,nan,nan,nan
6bba_705ec2c9,30,0.8,10,0,0,nan,0.0,nan,nan,nan
6bba_705ec2c9,84,0.1,4,78,3,0.038461538461538464,0.75,0.3517768383026123,0.4672432839870453,25.102764129638672
6bba_705ec2c9,84,0.15,4,76,3,0.039473684210526314,0.75,0.3581036627292633,0.46899986267089844,23.909744262695312
6bba_705ec2c9,84,0.2,4,70,3,0.04285714285714286,0.75,0.37429267168045044,0.4737885594367981,22.74365234375
6bba_705ec2c9,84,0.25,4,62,2,0.03225806451612903,0.5,0.39369112253189087,0.4769676625728607,22.74365234375
6bba_705ec2c9,84,0.3,4,51,2,0.0392156862745098,0.5,0.42035406827926636,0.4825950562953949,26.535619735717773
6bba_705ec2c9,84,0.4,4,36,2,0.05555555555555555,0.5,0.44861364364624023,0.49340587854385376,20.549768447875977
6bba_705ec2c9,84,0.5,4,2,0,0.0,0.0,0.5077424049377441,0.5097536444664001,43.90617752075195
6bba_705ec2c9,84,0.6,4,0,0,nan,0.0,nan,nan,nan
6bba_705ec2c9,84,0.7,4,0,0,nan,0.0,nan,nan,nan
6bba_705ec2c9,84,0.8,4,0,0,nan,0.0,nan,nan,nan
6bba_718b21f9,37,0.1,8,67,8,0.11940298507462686,1.0,0.44123148918151855,0.5242035984992981,27.199037551879883
6bba_718b21f9,37,0.15,8,66,8,0.12121212121212122,1.0,0.4461866319179535,0.5245832800865173,27.493179321289062
6bba_718b21f9,37,0.2,8,64,8,0.125,1.0,0.45511212944984436,0.525342583656311,27.493179321289062
6bba_718b21f9,37,0.25,8,64,8,0.125,1.0,0.45511212944984436,0.525342583656311,27.493179321289062
6bba_718b21f9,37,0.3,8,63,8,0.12698412698412698,1.0,0.45802298188209534,0.5257222056388855,27.787321090698242
6bba_718b21f9,37,0.4,8,55,7,0.12727272727272726,0.875,0.47001099586486816,0.527096688747406,27.787321090698242
6bba_718b21f9,37,0.5,8,15,1,0.06666666666666667,0.125,0.5275470614433289,0.5598546862602234,30.195335388183594
6bba_718b21f9,37,0.6,8,0,0,nan,0.0,nan,nan,nan
6bba_718b21f9,37,0.7,8,0,0,nan,0.0,nan,nan,nan
6bba_718b21f9,37,0.8,8,0,0,nan,0.0,nan,nan,nan
6bba_718b21f9,91,0.1,6,46,6,0.13043478260869565,1.0,0.4243856966495514,0.4900623559951782,22.199703216552734
6bba_718b21f9,91,0.15,6,45,6,0.13333333333333333,1.0,0.4312351644039154,0.49038684368133545,21.173770904541016
6bba_718b21f9,91,0.2,6,44,6,0.13636363636363635,1.0,0.4365759789943695,0.49071136116981506,22.199703216552734
6bba_718b21f9,91,0.25,6,43,6,0.13953488372093023,1.0,0.4419187009334564,0.4910358488559723,23.225635528564453
6bba_718b21f9,91,0.3,6,42,6,0.14285714285714285,1.0,0.44600909948349,0.4913603365421295,23.387937545776367
6bba_718b21f9,91,0.4,6,37,6,0.16216216216216217,1.0,0.45958414673805237,0.4920768737792969,24.159069061279297
6bba_718b21f9,91,0.5,6,3,1,0.3333333333333333,0.16666666666666666,0.5187914371490479,0.5258366465568542,13.12948226928711
6bba_718b21f9,91,0.6,6,0,0,nan,0.0,nan,nan,nan
6bba_718b21f9,91,0.7,6,0,0,nan,0.0,nan,nan,nan
6bba_718b21f9,91,0.8,6,0,0,nan,0.0,nan,nan,nan
6bba_74686d6a,44,0.1,9,286,8,0.027972027972027972,0.8888888888888888,0.26055848598480225,0.3831358253955841,31.53731918334961
6bba_74686d6a,44,0.15,9,246,7,0.028455284552845527,0.7777777777777778,0.2820839285850525,0.39241236448287964,29.209033966064453
6bba_74686d6a,44,0.2,9,192,7,0.036458333333333336,0.7777777777777778,0.31226372718811035,0.3958693742752075,27.7546329498291
6bba_74686d6a,44,0.25,9,147,7,0.047619047619047616,0.7777777777777778,0.3378578722476959,0.402121365070343,27.45270347595215
6bba_74686d6a,44,0.3,9,111,7,0.06306306306306306,0.7777777777777778,0.3577103018760681,0.40918341279029846,24.585678100585938
6bba_74686d6a,44,0.4,9,17,3,0.17647058823529413,0.3333333333333333,0.41764092445373535,0.4415193200111389,20.363218307495117
6bba_74686d6a,44,0.5,9,0,0,nan,0.0,nan,nan,nan
6bba_74686d6a,44,0.6,9,0,0,nan,0.0,nan,nan,nan
6bba_74686d6a,44,0.7,9,0,0,nan,0.0,nan,nan,nan
6bba_74686d6a,44,0.8,9,0,0,nan,0.0,nan,nan,nan
6bba_74686d6a,98,0.1,5,206,5,0.024271844660194174,1.0,0.27150365710258484,0.3877250850200653,47.926300048828125
6bba_74686d6a,98,0.15,5,185,5,0.02702702702702703,1.0,0.2880227565765381,0.38955891132354736,48.301910400390625
6bba_74686d6a,98,0.2,5,156,5,0.03205128205128205,1.0,0.30866754055023193,0.39301615953445435,47.495635986328125
6bba_74686d6a,98,0.25,5,120,3,0.025,0.6,0.3335122764110565,0.3954054117202759,47.15912628173828
6bba_74686d6a,98,0.3,5,82,3,0.036585365853658534,0.6,0.35811305046081543,0.4046763777732849,47.495635986328125
6bba_74686d6a,98,0.4,5,11,0,0.0,0.0,0.41330578923225403,0.42511487007141113,38.05003356933594
6bba_74686d6a,98,0.5,5,0,0,nan,0.0,nan,nan,nan
6bba_74686d6a,98,0.6,5,0,0,nan,0.0,nan,nan,nan
6bba_74686d6a,98,0.7,5,0,0,nan,0.0,nan,nan,nan
6bba_74686d6a,98,0.8,5,0,0,nan,0.0,nan,nan,nan
6bba_767a1e17,51,0.1,0,445,0,0.0,nan,0.22545406222343445,0.31304875016212463,nan
6bba_767a1e17,51,0.15,0,367,0,0.0,nan,0.24648454785346985,0.3178095519542694,nan
6bba_767a1e17,51,0.2,0,270,0,0.0,nan,0.27193716168403625,0.32553020119667053,nan
6bba_767a1e17,51,0.25,0,184,0,0.0,nan,0.2951884865760803,0.33292949199676514,nan
6bba_767a1e17,51,0.3,0,78,0,0.0,nan,0.32124289870262146,0.3390541970729828,nan
6bba_767a1e17,51,0.4,0,0,0,nan,nan,nan,nan,nan
6bba_767a1e17,51,0.5,0,0,0,nan,nan,nan,nan,nan
6bba_767a1e17,51,0.6,0,0,0,nan,nan,nan,nan,nan
6bba_767a1e17,51,0.7,0,0,0,nan,nan,nan,nan,nan
6bba_767a1e17,51,0.8,0,0,0,nan,nan,nan,nan,nan
6bba_76db78c1,5,0.1,6,59,6,0.1016949152542373,1.0,0.3817257583141327,0.4928881525993347,25.624361038208008
6bba_76db78c1,5,0.15,6,58,6,0.10344827586206896,1.0,0.38579779863357544,0.4933713972568512,26.048856735229492
6bba_76db78c1,5,0.2,6,57,6,0.10526315789473684,1.0,0.38948583602905273,0.4938545823097229,25.624361038208008
6bba_76db78c1,5,0.25,6,54,6,0.1111111111111111,1.0,0.3986704349517822,0.4953042268753052,26.972042083740234
6bba_76db78c1,5,0.3,6,45,6,0.13333333333333333,1.0,0.4223843514919281,0.49782827496528625,26.473352432250977
6bba_76db78c1,5,0.4,6,32,5,0.15625,0.8333333333333334,0.45781201124191284,0.5038948655128479,24.055503845214844
6bba_76db78c1,5,0.5,6,4,0,0.0,0.0,0.5242313146591187,0.5343343615531921,25.392074584960938
6bba_76db78c1,5,0.6,6,0,0,nan,0.0,nan,nan,nan
6bba_76db78c1,5,0.7,6,0,0,nan,0.0,nan,nan,nan
6bba_76db78c1,5,0.8,6,0,0,nan,0.0,nan,nan,nan
6bba_76db78c1,59,0.1,5,65,5,0.07692307692307693,1.0,0.33307260274887085,0.481284499168396,31.179521560668945
6bba_76db78c1,59,0.15,5,58,5,0.08620689655172414,1.0,0.35813289880752563,0.48294559121131897,30.327890396118164
6bba_76db78c1,59,0.2,5,52,5,0.09615384615384616,1.0,0.37972915172576904,0.48332399129867554,28.471813201904297
6bba_76db78c1,59,0.25,5,44,5,0.11363636363636363,1.0,0.40694549679756165,0.483966201543808,28.471813201904297
6bba_76db78c1,59,0.3,5,39,5,0.1282051282051282,1.0,0.4240078032016754,0.4869890809059143,28.99640464782715
6bba_76db78c1,59,0.4,5,28,4,0.14285714285714285,0.8,0.4524696469306946,0.5013470649719238,27.45122718811035
6bba_76db78c1,59,0.5,5,3,1,0.3333333333333333,0.2,0.5111357569694519,0.5122919082641602,26.535619735717773
6bba_76db78c1,59,0.6,5,0,0,nan,0.0,nan,nan,nan
6bba_76db78c1,59,0.7,5,0,0,nan,0.0,nan,nan,nan
6bba_76db78c1,59,0.8,5,0,0,nan,0.0,nan,nan,nan
6bba_784a78c9,12,0.1,17,186,17,0.0913978494623656,1.0,0.33972394466400146,0.4359617233276367,17.886537551879883
6bba_784a78c9,12,0.15,17,181,17,0.09392265193370165,1.0,0.3456682562828064,0.4360462427139282,17.886537551879883
6bba_784a78c9,12,0.2,17,170,17,0.1,1.0,0.3564082086086273,0.43666398525238037,17.74704360961914
6bba_784a78c9,12,0.25,17,152,16,0.10526315789473684,0.9411764705882353,0.37169528007507324,0.4400601089000702,17.161088943481445
6bba_784a78c9,12,0.3,17,134,13,0.09701492537313433,0.7647058823529411,0.38436806201934814,0.44270265102386475,17.333431243896484
6bba_784a78c9,12,0.4,17,50,3,0.06,0.17647058823529413,0.428009569644928,0.4541017711162567,17.513315200805664
6bba_784a78c9,12,0.5,17,0,0,nan,0.0,nan,nan,nan
6bba_784a78c9,12,0.6,17,0,0,nan,0.0,nan,nan,nan
6bba_784a78c9,12,0.7,17,0,0,nan,0.0,nan,nan,nan
6bba_784a78c9,12,0.8,17,0,0,nan,0.0,nan,nan,nan
6bba_784a78c9,66,0.1,17,125,17,0.136,1.0,0.37210920453071594,0.4754788875579834,16.633941650390625
6bba_784a78c9,66,0.15,17,118,17,0.1440677966101695,1.0,0.3867496848106384,0.47591331601142883,16.609100341796875
6bba_784a78c9,66,0.2,17,111,16,0.14414414414414414,0.9411764705882353,0.39977774024009705,0.4760640263557434,16.97765350341797
6bba_784a78c9,66,0.25,17,105,16,0.1523809523809524,0.9411764705882353,0.4095270335674286,0.4776540994644165,16.97765350341797
6bba_784a78c9,66,0.3,17,94,13,0.13829787234042554,0.7647058823529411,0.4243641793727875,0.4787227511405945,17.788471221923828
6bba_784a78c9,66,0.4,17,66,8,0.12121212121212122,0.47058823529411764,0.45019131898880005,0.4901083707809448,17.996898651123047
6bba_784a78c9,66,0.5,17,1,1,1.0,0.058823529411764705,0.5249319076538086,0.5249319076538086,1.9270129203796387
6bba_784a78c9,66,0.6,17,0,0,nan,0.0,nan,nan,nan
6bba_784a78c9,66,0.7,17,0,0,nan,0.0,nan,nan,nan
6bba_784a78c9,66,0.8,17,0,0,nan,0.0,nan,nan,nan
6bba_786893ac,19,0.1,27,504,21,0.041666666666666664,0.7777777777777778,0.2319250851869583,0.3336344361305237,16.353757858276367
6bba_786893ac,19,0.15,27,413,20,0.048426150121065374,0.7407407407407407,0.25496602058410645,0.3444681763648987,15.820295333862305
6bba_786893ac,19,0.2,27,315,18,0.05714285714285714,0.6666666666666666,0.27965524792671204,0.3517899811267853,15.461535453796387
6bba_786893ac,19,0.25,27,209,12,0.05741626794258373,0.4444444444444444,0.3058500289916992,0.3606121838092804,15.354422569274902
6bba_786893ac,19,0.3,27,99,7,0.0707070707070707,0.25925925925925924,0.34149420261383057,0.3888271749019623,14.773765563964844
6bba_786893ac,19,0.4,27,5,0,0.0,0.0,0.43216973543167114,0.4433209300041199,16.653772354125977
6bba_786893ac,19,0.5,27,0,0,nan,0.0,nan,nan,nan
6bba_786893ac,19,0.6,27,0,0,nan,0.0,nan,nan,nan
6bba_786893ac,19,0.7,27,0,0,nan,0.0,nan,nan,nan
6bba_786893ac,19,0.8,27,0,0,nan,0.0,nan,nan,nan
6bba_786893ac,73,0.1,10,434,9,0.020737327188940093,0.9,0.22145143151283264,0.3165954649448395,25.611268997192383
6bba_786893ac,73,0.15,10,352,9,0.02556818181818182,0.9,0.24453258514404297,0.33280935883522034,24.869308471679688
6bba_786893ac,73,0.2,10,253,8,0.03162055335968379,0.8,0.27196794748306274,0.34596118330955505,23.710874557495117
6bba_786893ac,73,0.25,10,157,6,0.03821656050955414,0.6,0.29973241686820984,0.34998542070388794,21.84892463684082
6bba_786893ac,73,0.3,10,66,2,0.030303030303030304,0.2,0.33555248379707336,0.3712223768234253,19.078617095947266
6bba_786893ac,73,0.4,10,1,0,0.0,0.0,0.41178375482559204,0.41178375482559204,13.12948226928711
6bba_786893ac,73,0.5,10,0,0,nan,0.0,nan,nan,nan
6bba_786893ac,73,0.6,10,0,0,nan,0.0,nan,nan,nan
6bba_786893ac,73,0.7,10,0,0,nan,0.0,nan,nan,nan
6bba_786893ac,73,0.8,10,0,0,nan,0.0,nan,nan,nan
6bba_789f8168,26,0.1,13,170,13,0.07647058823529412,1.0,0.3506474196910858,0.4559471607208252,17.640296936035156
6bba_789f8168,26,0.15,13,159,13,0.08176100628930817,1.0,0.36656898260116577,0.4568325877189636,17.67304229736328
6bba_789f8168,26,0.2,13,153,13,0.08496732026143791,1.0,0.3740827143192291,0.4572635591030121,17.381139755249023
6bba_789f8168,26,0.25,13,140,13,0.09285714285714286,1.0,0.388074666261673,0.4582955241203308,17.494346618652344
6bba_789f8168,26,0.3,13,122,11,0.09016393442622951,0.8461538461538461,0.40479809045791626,0.4594581127166748,16.947917938232422
6bba_789f8168,26,0.4,13,70,9,0.12857142857142856,0.6923076923076923,0.43812790513038635,0.47500503063201904,15.470087051391602
6bba_789f8168,26,0.5,13,0,0,nan,0.0,nan,nan,nan
6bba_789f8168,26,0.6,13,0,0,nan,0.0,nan,nan,nan
6bba_789f8168,26,0.7,13,0,0,nan,0.0,nan,nan,nan
6bba_789f8168,26,0.8,13,0,0,nan,0.0,nan,nan,nan
6bba_789f8168,80,0.1,3,57,3,0.05263157894736842,1.0,0.3907203674316406,0.4731267988681793,42.149295806884766
6bba_789f8168,80,0.15,3,54,2,0.037037037037037035,0.6666666666666666,0.4049888253211975,0.4733426868915558,43.488189697265625
6bba_789f8168,80,0.2,3,49,2,0.04081632653061224,0.6666666666666666,0.4275587797164917,0.47519513964653015,43.03278732299805
6bba_789f8168,80,0.25,3,47,2,0.0425531914893617,0.6666666666666666,0.43668174743652344,0.47683173418045044,43.94359588623047
6bba_789f8168,80,0.3,3,45,2,0.044444444444444446,0.6666666666666666,0.4438181519508362,0.4784683585166931,43.03278732299805
6bba_789f8168,80,0.4,3,40,1,0.025,0.3333333333333333,0.4587474763393402,0.4832237660884857,43.488189697265625
6bba_789f8168,80,0.5,3,3,0,0.0,0.0,0.5407852530479431,0.5837571024894714,67.35485076904297
6bba_789f8168,80,0.6,3,1,0,0.0,0.0,0.6016404032707214,0.6016404032707214,32.64314270019531
6bba_789f8168,80,0.7,3,0,0,nan,0.0,nan,nan,nan
6bba_789f8168,80,0.8,3,0,0,nan,0.0,nan,nan,nan
6bba_78a7bd97,33,0.1,7,341,3,0.008797653958944282,0.42857142857142855,0.19772771000862122,0.2887994050979614,28.04155158996582
6bba_78a7bd97,33,0.15,7,238,3,0.012605042016806723,0.42857142857142855,0.22898292541503906,0.29713955521583557,27.288604736328125
6bba_78a7bd97,33,0.2,7,149,2,0.013422818791946308,0.2857142857142857,0.25967636704444885,0.30387115478515625,24.666099548339844
6bba_78a7bd97,33,0.25,7,86,0,0.0,0.0,0.28466370701789856,0.3148684501647949,23.413162231445312
6bba_78a7bd97,33,0.3,7,19,0,0.0,0.0,0.3179689645767212,0.33603155612945557,24.619218826293945
6bba_78a7bd97,33,0.4,7,0,0,nan,0.0,nan,nan,nan
6bba_78a7bd97,33,0.5,7,0,0,nan,0.0,nan,nan,nan
6bba_78a7bd97,33,0.6,7,0,0,nan,0.0,nan,nan,nan
6bba_78a7bd97,33,0.7,7,0,0,nan,0.0,nan,nan,nan
6bba_78a7bd97,33,0.8,7,0,0,nan,0.0,nan,nan,nan
6bba_78a7bd97,87,0.1,18,297,10,0.03367003367003367,0.5555555555555556,0.18178804218769073,0.2647036910057068,19.039649963378906
6bba_78a7bd97,87,0.15,18,197,4,0.02030456852791878,0.2222222222222222,0.21172690391540527,0.28146135807037354,19.134763717651367
6bba_78a7bd97,87,0.2,18,96,2,0.020833333333333332,0.1111111111111111,0.2501189410686493,0.3040977120399475,19.87059211730957
6bba_78a7bd97,87,0.25,18,38,0,0.0,0.0,0.2905413508415222,0.3397769629955292,20.830350875854492
6bba_78a7bd97,87,0.3,18,14,0,0.0,0.0,0.3223482072353363,0.34900757670402527,20.130786895751953
6bba_78a7bd97,87,0.4,18,0,0,nan,0.0,nan,nan,nan
6bba_78a7bd97,87,0.5,18,0,0,nan,0.0,nan,nan,nan
6bba_78a7bd97,87,0.6,18,0,0,nan,0.0,nan,nan,nan
6bba_78a7bd97,87,0.7,18,0,0,nan,0.0,nan,nan,nan
6bba_78a7bd97,87,0.8,18,0,0,nan,0.0,nan,nan,nan
6bba_7af54fde,40,0.1,9,103,8,0.07766990291262135,0.8888888888888888,0.2743280529975891,0.3950726389884949,21.80355453491211
6bba_7af54fde,40,0.15,9,97,8,0.08247422680412371,0.8888888888888888,0.28345099091529846,0.39796483516693115,22.874797821044922
6bba_7af54fde,40,0.2,9,75,7,0.09333333333333334,0.7777777777777778,0.31585830450057983,0.40626975893974304,24.812864303588867
6bba_7af54fde,40,0.25,9,64,7,0.109375,0.7777777777777778,0.33205562829971313,0.41134965419769287,25.08914566040039
6bba_7af54fde,40,0.3,9,43,6,0.13953488372093023,0.6666666666666666,0.35901516675949097,0.420415997505188,25.43040657043457
6bba_7af54fde,40,0.4,9,10,2,0.2,0.2222222222222222,0.42645183205604553,0.46279177069664,25.788787841796875
6bba_7af54fde,40,0.5,9,0,0,nan,0.0,nan,nan,nan
6bba_7af54fde,40,0.6,9,0,0,nan,0.0,nan,nan,nan
6bba_7af54fde,40,0.7,9,0,0,nan,0.0,nan,nan,nan
6bba_7af54fde,40,0.8,9,0,0,nan,0.0,nan,nan,nan
6bba_7af54fde,94,0.1,13,74,13,0.17567567567567569,1.0,0.29608410596847534,0.4183999300003052,15.514518737792969
6bba_7af54fde,94,0.15,13,60,9,0.15,0.6923076923076923,0.3364544212818146,0.4229743182659149,17.449665069580078
6bba_7af54fde,94,0.2,13,51,8,0.1568627450980392,0.6153846153846154,0.36463654041290283,0.4255276918411255,19.013628005981445
6bba_7af54fde,94,0.25,13,49,8,0.16326530612244897,0.6153846153846154,0.371014267206192,0.42730796337127686,18.22473907470703
6bba_7af54fde,94,0.3,13,43,8,0.18604651162790697,0.6153846153846154,0.3836759030818939,0.4326489269733429,19.8543643951416
6bba_7af54fde,94,0.4,13,18,4,0.2222222222222222,0.3076923076923077,0.4258038103580475,0.46273136138916016,25.908039093017578
6bba_7af54fde,94,0.5,13,0,0,nan,0.0,nan,nan,nan
6bba_7af54fde,94,0.6,13,0,0,nan,0.0,nan,nan,nan
6bba_7af54fde,94,0.7,13,0,0,nan,0.0,nan,nan,nan
6bba_7af54fde,94,0.8,13,0,0,nan,0.0,nan,nan,nan
6bba_7b5d3b2c,48,0.1,6,82,6,0.07317073170731707,1.0,0.3378058969974518,0.4725757837295532,29.576196670532227
6bba_7b5d3b2c,48,0.15,6,75,5,0.06666666666666667,0.8333333333333334,0.35832327604293823,0.47665226459503174,29.771501541137695
6bba_7b5d3b2c,48,0.2,6,69,5,0.07246376811594203,0.8333333333333334,0.37443166971206665,0.47871115803718567,29.262693405151367
6bba_7b5d3b2c,48,0.25,6,65,4,0.06153846153846154,0.6666666666666666,0.38362881541252136,0.4789937138557434,29.347169876098633
6bba_7b5d3b2c,48,0.3,6,54,3,0.05555555555555555,0.5,0.40475964546203613,0.4807434678077698,29.79582977294922
6bba_7b5d3b2c,48,0.4,6,31,0,0.0,0.0,0.43965259194374084,0.4945055842399597,31.98428726196289
6bba_7b5d3b2c,48,0.5,6,2,0,0.0,0.0,0.5290449857711792,0.5360105037689209,32.93391418457031
6bba_7b5d3b2c,48,0.6,6,0,0,nan,0.0,nan,nan,nan
6bba_7b5d3b2c,48,0.7,6,0,0,nan,0.0,nan,nan,nan
6bba_7b5d3b2c,48,0.8,6,0,0,nan,0.0,nan,nan,nan
6bba_7d3058ae,1,0.1,11,94,11,0.11702127659574468,1.0,0.3940030038356781,0.5349456667900085,22.347618103027344
6bba_7d3058ae,1,0.15,11,89,11,0.12359550561797752,1.0,0.4090771973133087,0.5386866927146912,21.506324768066406
6bba_7d3058ae,1,0.2,11,82,11,0.13414634146341464,1.0,0.4295813739299774,0.54900062084198,21.32361602783203
6bba_7d3058ae,1,0.25,11,73,11,0.1506849315068493,1.0,0.4546669125556946,0.5572593212127686,19.846050262451172
6bba_7d3058ae,1,0.3,11,70,11,0.15714285714285714,1.0,0.46215328574180603,0.5594542622566223,19.674083709716797
6bba_7d3058ae,1,0.4,11,56,11,0.19642857142857142,1.0,0.48591890931129456,0.5663964748382568,21.32361602783203
6bba_7d3058ae,1,0.5,11,18,4,0.2222222222222222,0.36363636363636365,0.5489053130149841,0.5869386196136475,18.15853500366211
6bba_7d3058ae,1,0.6,11,1,0,0.0,0.0,0.6009165644645691,0.6009165644645691,26.260536193847656
6bba_7d3058ae,1,0.7,11,0,0,nan,0.0,nan,nan,nan
6bba_7d3058ae,1,0.8,11,0,0,nan,0.0,nan,nan,nan
6bba_7d3058ae,55,0.1,11,92,11,0.11956521739130435,1.0,0.4143698811531067,0.5218366980552673,25.056869506835938
6bba_7d3058ae,55,0.15,11,89,11,0.12359550561797752,1.0,0.42410480976104736,0.5222213864326477,24.558813095092773
6bba_7d3058ae,55,0.2,11,84,11,0.13095238095238096,1.0,0.4390931725502014,0.5228392481803894,24.454376220703125
6bba_7d3058ae,55,0.25,11,80,11,0.1375,1.0,0.4496523439884186,0.5238787531852722,24.16873550415039
6bba_7d3058ae,55,0.3,11,76,11,0.14473684210526316,1.0,0.4586554169654846,0.5265542268753052,24.16873550415039
6bba_7d3058ae,55,0.4,11,60,11,0.18333333333333332,1.0,0.48118385672569275,0.5302640199661255,24.454376220703125
6bba_7d3058ae,55,0.5,11,24,3,0.125,0.2727272727272727,0.5215815901756287,0.5481637120246887,24.913227081298828
6bba_7d3058ae,55,0.6,11,0,0,nan,0.0,nan,nan,nan
6bba_7d3058ae,55,0.7,11,0,0,nan,0.0,nan,nan,nan
6bba_7d3058ae,55,0.8,11,0,0,nan,0.0,nan,nan,nan
6bba_7f87b3d8,8,0.1,9,186,9,0.04838709677419355,1.0,0.3091590702533722,0.43759194016456604,23.422225952148438
6bba_7f87b3d8,8,0.15,9,173,8,0.046242774566473986,0.8888888888888888,0.32317063212394714,0.44068458676338196,23.689983367919922
6bba_7f87b3d8,8,0.2,9,153,6,0.0392156862745098,0.6666666666666666,0.34278127551078796,0.4441273808479309,23.689983367919922
6bba_7f87b3d8,8,0.25,9,128,5,0.0390625,0.5555555555555556,0.3651270866394043,0.4458405375480652,23.696949005126953
6bba_7f87b3d8,8,0.3,9,101,4,0.039603960396039604,0.4444444444444444,0.3895372450351715,0.4500027298927307,25.123533248901367
6bba_7f87b3d8,8,0.4,9,51,2,0.0392156862745098,0.2222222222222222,0.43163225054740906,0.4554763436317444,21.84892463684082
6bba_7f87b3d8,8,0.5,9,0,0,nan,0.0,nan,nan,nan
6bba_7f87b3d8,8,0.6,9,0,0,nan,0.0,nan,nan,nan
6bba_7f87b3d8,8,0.7,9,0,0,nan,0.0,nan,nan,nan
6bba_7f87b3d8,8,0.8,9,0,0,nan,0.0,nan,nan,nan
6bba_7f87b3d8,62,0.1,12,86,12,0.13953488372093023,1.0,0.3459441363811493,0.46835261583328247,17.355819702148438
6bba_7f87b3d8,62,0.15,12,77,11,0.14285714285714285,0.9166666666666666,0.3728763163089752,0.47039175033569336,16.191495895385742
6bba_7f87b3d8,62,0.2,12,72,11,0.1527777777777778,0.9166666666666666,0.3865368962287903,0.47082921862602234,16.011110305786133
6bba_7f87b3d8,62,0.25,12,67,10,0.14925373134328357,0.8333333333333334,0.39890551567077637,0.471393346786499,15.830723762512207
6bba_7f87b3d8,62,0.3,12,58,8,0.13793103448275862,0.6666666666666666,0.4192904829978943,0.4748159646987915,16.092247009277344
6bba_7f87b3d8,62,0.4,12,43,6,0.13953488372093023,0.5,0.444201797246933,0.4833275079727173,15.830723762512207
6bba_7f87b3d8,62,0.5,12,1,0,0.0,0.0,0.5382104516029358,0.5382104516029358,9.052176475524902
6bba_7f87b3d8,62,0.6,12,0,0,nan,0.0,nan,nan,nan
6bba_7f87b3d8,62,0.7,12,0,0,nan,0.0,nan,nan,nan
6bba_7f87b3d8,62,0.8,12,0,0,nan,0.0,nan,nan,nan
6bba_80d12824,15,0.1,7,150,6,0.04,0.8571428571428571,0.3717038035392761,0.5103349089622498,25.03795623779297
6bba_80d12824,15,0.15,7,137,6,0.043795620437956206,0.8571428571428571,0.39481183886528015,0.511968731880188,24.213659286499023
6bba_80d12824,15,0.2,7,127,6,0.047244094488188976,0.8571428571428571,0.4119366705417633,0.5127562284469604,23.40260887145996
6bba_80d12824,15,0.25,7,117,6,0.05128205128205128,0.8571428571428571,0.42742782831192017,0.5138788819313049,23.40260887145996
6bba_80d12824,15,0.3,7,105,6,0.05714285714285714,0.8571428571428571,0.4443851411342621,0.5145984888076782,22.386180877685547
6bba_80d12824,15,0.4,7,76,5,0.06578947368421052,0.7142857142857143,0.4810025990009308,0.5223166942596436,23.759511947631836
6bba_80d12824,15,0.5,7,22,3,0.13636363636363635,0.42857142857142855,0.5180719494819641,0.5329639911651611,22.967876434326172
6bba_80d12824,15,0.6,7,0,0,nan,0.0,nan,nan,nan
6bba_80d12824,15,0.7,7,0,0,nan,0.0,nan,nan,nan
6bba_80d12824,15,0.8,7,0,0,nan,0.0,nan,nan,nan
6bba_80d12824,69,0.1,9,91,9,0.0989010989010989,1.0,0.37339016795158386,0.517952024936676,17.26681900024414
6bba_80d12824,69,0.15,9,85,9,0.10588235294117647,1.0,0.39099353551864624,0.5188655257225037,17.27637481689453
6bba_80d12824,69,0.2,9,78,9,0.11538461538461539,1.0,0.41103851795196533,0.5195035934448242,17.366655349731445
6bba_80d12824,69,0.25,9,71,9,0.1267605633802817,1.0,0.43096256256103516,0.5195714831352234,17.26681900024414
6bba_80d12824,69,0.3,9,65,8,0.12307692307692308,0.8888888888888888,0.4454585611820221,0.5197823643684387,17.45693588256836
6bba_80d12824,69,0.4,9,45,5,0.1111111111111111,0.5555555555555556,0.4907832145690918,0.5385449528694153,19.11750602722168
6bba_80d12824,69,0.5,9,22,2,0.09090909090909091,0.2222222222222222,0.5204494595527649,0.5432283282279968,23.25985336303711
6bba_80d12824,69,0.6,9,0,0,nan,0.0,nan,nan,nan
6bba_80d12824,69,0.7,9,0,0,nan,0.0,nan,nan,nan
6bba_80d12824,69,0.8,9,0,0,nan,0.0,nan,nan,nan
6bba_825bd1c6,22,0.1,2,43,2,0.046511627906976744,1.0,0.38840991258621216,0.5263155102729797,31.40630531311035
6bba_825bd1c6,22,0.15,2,39,2,0.05128205128205128,1.0,0.4165729582309723,0.5317109227180481,31.40630531311035
6bba_825bd1c6,22,0.2,2,37,2,0.05405405405405406,1.0,0.42979955673217773,0.536257266998291,29.42018699645996
6bba_825bd1c6,22,0.25,2,33,2,0.06060606060606061,1.0,0.4550151824951172,0.5453501343727112,27.120040893554688
6bba_825bd1c6,22,0.3,2,32,2,0.0625,1.0,0.46059679985046387,0.547623336315155,28.213909149169922
6bba_825bd1c6,22,0.4,2,27,2,0.07407407407407407,1.0,0.48125317692756653,0.5577828288078308,26.178707122802734
6bba_825bd1c6,22,0.5,2,10,0,0.0,0.0,0.5357968807220459,0.5737212300300598,29.363983154296875
6bba_825bd1c6,22,0.6,2,0,0,nan,0.0,nan,nan,nan
6bba_825bd1c6,22,0.7,2,0,0,nan,0.0,nan,nan,nan
6bba_825bd1c6,22,0.8,2,0,0,nan,0.0,nan,nan,nan
6bba_825bd1c6,76,0.1,11,115,11,0.09565217391304348,1.0,0.38900238275527954,0.5005648732185364,17.588794708251953
6bba_825bd1c6,76,0.15,11,109,11,0.10091743119266056,1.0,0.4035153388977051,0.5017721056938171,17.122846603393555
6bba_825bd1c6,76,0.2,11,101,11,0.10891089108910891,1.0,0.4220825433731079,0.5020692348480225,16.831207275390625
6bba_825bd1c6,76,0.25,11,98,11,0.11224489795918367,1.0,0.42790690064430237,0.5046074986457825,16.977184295654297
6bba_825bd1c6,76,0.3,11,93,11,0.11827956989247312,1.0,0.43606799840927124,0.5088380575180054,16.850807189941406
6bba_825bd1c6,76,0.4,11,71,9,0.1267605633802817,0.8181818181818182,0.46081581711769104,0.5112944841384888,17.122846603393555
6bba_825bd1c6,76,0.5,11,12,0,0.0,0.0,0.5133435130119324,0.5202212929725647,27.195735931396484
6bba_825bd1c6,76,0.6,11,0,0,nan,0.0,nan,nan,nan
6bba_825bd1c6,76,0.7,11,0,0,nan,0.0,nan,nan,nan
6bba_825bd1c6,76,0.8,11,0,0,nan,0.0,nan,nan,nan
6bba_87289e13,30,0.1,10,228,10,0.043859649122807015,1.0,0.40770748257637024,0.5010995268821716,20.926773071289062
6bba_87289e13,30,0.15,10,222,10,0.04504504504504504,1.0,0.4155733585357666,0.5017966628074646,20.926773071289062
6bba_87289e13,30,0.2,10,217,10,0.04608294930875576,1.0,0.42131224274635315,0.5022616982460022,20.891284942626953
6bba_87289e13,30,0.25,10,210,9,0.04285714285714286,0.9,0.4280032813549042,0.5029112696647644,20.387287139892578
6bba_87289e13,30,0.3,10,200,9,0.045,0.9,0.43591827154159546,0.5040740370750427,19.962051391601562
6bba_87289e13,30,0.4,10,140,8,0.05714285714285714,0.8,0.4653078317642212,0.5083678960800171,19.13473129272461
6bba_87289e13,30,0.5,10,24,3,0.125,0.3,0.5165706872940063,0.5374749302864075,18.763002395629883
6bba_87289e13,30,0.6,10,0,0,nan,0.0,nan,nan,nan
6bba_87289e13,30,0.7,10,0,0,nan,0.0,nan,nan,nan
6bba_87289e13,30,0.8,10,0,0,nan,0.0,nan,nan,nan
6bba_87289e13,83,0.1,6,69,6,0.08695652173913043,1.0,0.43918848037719727,0.5248467922210693,25.887083053588867
6bba_87289e13,83,0.15,6,67,6,0.08955223880597014,1.0,0.448520690202713,0.5253977179527283,26.26681900024414
6bba_87289e13,83,0.2,6,65,6,0.09230769230769231,1.0,0.45720770955085754,0.5259486436843872,25.887083053588867
6bba_87289e13,83,0.25,6,63,6,0.09523809523809523,1.0,0.464832067489624,0.5264995694160461,25.842418670654297
6bba_87289e13,83,0.3,6,60,6,0.1,1.0,0.47445157170295715,0.5277103781700134,25.52887535095215
6bba_87289e13,83,0.4,6,55,5,0.09090909090909091,0.8333333333333334,0.48456332087516785,0.5310097336769104,26.26681900024414
6bba_87289e13,83,0.5,6,19,0,0.0,0.0,0.5256634950637817,0.5548054575920105,26.26681900024414
6bba_87289e13,83,0.6,6,0,0,nan,0.0,nan,nan,nan
6bba_87289e13,83,0.7,6,0,0,nan,0.0,nan,nan,nan
6bba_87289e13,83,0.8,6,0,0,nan,0.0,nan,nan,nan
6bba_8b7818bf,37,0.1,8,80,8,0.1,1.0,0.39160123467445374,0.5042876601219177,32.0214958190918
6bba_8b7818bf,37,0.15,8,75,8,0.10666666666666667,1.0,0.4091760814189911,0.5066713690757751,31.248258590698242
6bba_8b7818bf,37,0.2,8,72,8,0.1111111111111111,1.0,0.418703556060791,0.5081015825271606,32.0214958190918
6bba_8b7818bf,37,0.25,8,70,8,0.11428571428571428,1.0,0.4239747226238251,0.5090944170951843,32.47553634643555
6bba_8b7818bf,37,0.3,8,67,8,0.11940298507462686,1.0,0.43014082312583923,0.5106426477432251,31.714832305908203
6bba_8b7818bf,37,0.4,8,47,6,0.1276595744680851,0.75,0.4644399583339691,0.5200445652008057,30.5809383392334
6bba_8b7818bf,37,0.5,8,10,0,0.0,0.0,0.5242997407913208,0.5511085987091064,32.79195022583008
6bba_8b7818bf,37,0.6,8,0,0,nan,0.0,nan,nan,nan
6bba_8b7818bf,37,0.7,8,0,0,nan,0.0,nan,nan,nan
6bba_8b7818bf,37,0.8,8,0,0,nan,0.0,nan,nan,nan
6bba_8b7818bf,90,0.1,7,62,7,0.11290322580645161,1.0,0.370051771402359,0.4912273585796356,25.70962142944336
6bba_8b7818bf,90,0.15,7,60,7,0.11666666666666667,1.0,0.3783130943775177,0.4923613369464874,26.229080200195312
6bba_8b7818bf,90,0.2,7,58,7,0.1206896551724138,1.0,0.3852098286151886,0.4942498207092285,25.734790802001953
6bba_8b7818bf,90,0.25,7,51,7,0.13725490196078433,1.0,0.4075583517551422,0.5008594989776611,25.21533203125
6bba_8b7818bf,90,0.3,7,45,7,0.15555555555555556,1.0,0.4237317740917206,0.5044865012168884,25.21533203125
6bba_8b7818bf,90,0.4,7,33,6,0.18181818181818182,0.8571428571428571,0.454751193523407,0.5090215802192688,23.246944427490234
6bba_8b7818bf,90,0.5,7,6,0,0.0,0.0,0.5097305774688721,0.5154736042022705,23.574851989746094
6bba_8b7818bf,90,0.6,7,0,0,nan,0.0,nan,nan,nan
6bba_8b7818bf,90,0.7,7,0,0,nan,0.0,nan,nan,nan
6bba_8b7818bf,90,0.8,7,0,0,nan,0.0,nan,nan,nan
6bba_907271db,44,0.1,9,85,9,0.10588235294117647,1.0,0.3836025893688202,0.48987603187561035,17.941814422607422
6bba_907271db,44,0.15,9,82,9,0.10975609756097561,1.0,0.3938661813735962,0.4902203381061554,17.858642578125
6bba_907271db,44,0.2,9,78,8,0.10256410256410256,0.8888888888888888,0.40472954511642456,0.49102872610092163,17.858642578125
6bba_907271db,44,0.25,9,71,6,0.08450704225352113,0.6666666666666666,0.4228048026561737,0.4926472306251526,17.941814422607422
6bba_907271db,44,0.3,9,66,6,0.09090909090909091,0.6666666666666666,0.43411844968795776,0.4945562481880188,17.858642578125
6bba_907271db,44,0.4,9,49,5,0.10204081632653061,0.5555555555555556,0.46140336990356445,0.49720707535743713,18.72499656677246
6bba_907271db,44,0.5,9,4,0,0.0,0.0,0.5060036182403564,0.5085857510566711,26.060983657836914
6bba_907271db,44,0.6,9,0,0,nan,0.0,nan,nan,nan
6bba_907271db,44,0.7,9,0,0,nan,0.0,nan,nan,nan
6bba_907271db,44,0.8,9,0,0,nan,0.0,nan,nan,nan
6bba_907271db,97,0.1,10,57,10,0.17543859649122806,1.0,0.4158940613269806,0.4993225336074829,17.92340660095215
6bba_907271db,97,0.15,10,56,10,0.17857142857142858,1.0,0.42144304513931274,0.4993380904197693,17.38220977783203
6bba_907271db,97,0.2,10,56,10,0.17857142857142858,1.0,0.42144304513931274,0.4993380904197693,17.38220977783203
6bba_907271db,97,0.25,10,52,9,0.17307692307692307,0.9,0.43695276975631714,0.4994002878665924,17.396011352539062
6bba_907271db,97,0.3,10,48,9,0.1875,0.9,0.45053625106811523,0.5002161264419556,17.983131408691406
6bba_907271db,97,0.4,10,40,8,0.2,0.8,0.4690109193325043,0.5023775696754456,17.983131408691406
6bba_907271db,97,0.5,10,5,1,0.2,0.1,0.5143336653709412,0.5238801836967468,18.152149200439453
6bba_907271db,97,0.6,10,0,0,nan,0.0,nan,nan,nan
6bba_907271db,97,0.7,10,0,0,nan,0.0,nan,nan,nan
6bba_907271db,97,0.8,10,0,0,nan,0.0,nan,nan,nan
6bba_91951b3a,51,0.1,11,129,11,0.08527131782945736,1.0,0.3890983760356903,0.5004578232765198,21.67449378967285
6bba_91951b3a,51,0.15,11,123,11,0.08943089430894309,1.0,0.40251976251602173,0.5005074739456177,20.993732452392578
6bba_91951b3a,51,0.2,11,115,10,0.08695652173913043,0.9090909090909091,0.41819480061531067,0.500714898109436,20.993732452392578
6bba_91951b3a,51,0.25,11,107,9,0.08411214953271028,0.8181818181818182,0.43311911821365356,0.500933051109314,20.82798957824707
6bba_91951b3a,51,0.3,11,99,8,0.08080808080808081,0.7272727272727273,0.44581133127212524,0.5011293292045593,20.812135696411133
6bba_91951b3a,51,0.4,11,79,4,0.05063291139240506,0.36363636363636365,0.46899399161338806,0.5026350021362305,20.812135696411133
6bba_91951b3a,51,0.5,11,16,1,0.0625,0.09090909090909091,0.5084654092788696,0.5268529653549194,16.846492767333984
6bba_91951b3a,51,0.6,11,0,0,nan,0.0,nan,nan,nan
6bba_91951b3a,51,0.7,11,0,0,nan,0.0,nan,nan,nan
6bba_91951b3a,51,0.8,11,0,0,nan,0.0,nan,nan,nan
6bba_96833384,4,0.1,6,60,6,0.1,1.0,0.3596854507923126,0.4653252959251404,25.76227378845215
6bba_96833384,4,0.15,6,58,6,0.10344827586206896,1.0,0.3679046034812927,0.4677102267742157,25.634004592895508
6bba_96833384,4,0.2,6,55,6,0.10909090909090909,1.0,0.37848469614982605,0.47128763794898987,25.66297721862793
6bba_96833384,4,0.25,6,51,6,0.11764705882352941,1.0,0.39042797684669495,0.4760575294494629,25.861570358276367
6bba_96833384,4,0.3,6,40,3,0.075,0.5,0.4222624897956848,0.4781773090362549,27.062152862548828
6bba_96833384,4,0.4,6,30,3,0.1,0.5,0.43937551975250244,0.4791616201400757,26.448139190673828
6bba_96833384,4,0.5,6,0,0,nan,0.0,nan,nan,nan
6bba_96833384,4,0.6,6,0,0,nan,0.0,nan,nan,nan
6bba_96833384,4,0.7,6,0,0,nan,0.0,nan,nan,nan
6bba_96833384,4,0.8,6,0,0,nan,0.0,nan,nan,nan
6bba_96833384,58,0.1,8,64,8,0.125,1.0,0.33649206161499023,0.45795542001724243,33.21934509277344
6bba_96833384,58,0.15,8,55,8,0.14545454545454545,1.0,0.3719310760498047,0.46055877208709717,32.70375442504883
6bba_96833384,58,0.2,8,55,8,0.14545454545454545,1.0,0.3719310760498047,0.46055877208709717,32.70375442504883
6bba_96833384,58,0.25,8,49,8,0.16326530612244897,1.0,0.39038997888565063,0.4616539776325226,32.70375442504883
6bba_96833384,58,0.3,8,43,7,0.16279069767441862,0.875,0.4081852436065674,0.46401020884513855,31.248258590698242
6bba_96833384,58,0.4,8,24,1,0.041666666666666664,0.125,0.4425067603588104,0.4767376780509949,34.33998107910156
6bba_96833384,58,0.5,8,0,0,nan,0.0,nan,nan,nan
6bba_96833384,58,0.6,8,0,0,nan,0.0,nan,nan,nan
6bba_96833384,58,0.7,8,0,0,nan,0.0,nan,nan,nan
6bba_96833384,58,0.8,8,0,0,nan,0.0,nan,nan,nan
6bba_969618f6,12,0.1,7,209,6,0.028708133971291867,0.8571428571428571,0.25322505831718445,0.35790008306503296,24.978593826293945
6bba_969618f6,12,0.15,7,178,5,0.028089887640449437,0.7142857142857143,0.2756544351577759,0.36313948035240173,24.182926177978516
6bba_969618f6,12,0.2,7,151,5,0.033112582781456956,0.7142857142857143,0.2937321364879608,0.3682749569416046,23.011472702026367
6bba_969618f6,12,0.25,7,103,5,0.04854368932038835,0.7142857142857143,0.3233988881111145,0.37904980778694153,22.445083618164062
6bba_969618f6,12,0.3,7,73,5,0.0684931506849315,0.7142857142857143,0.34475910663604736,0.39337077736854553,22.059412002563477
6bba_969618f6,12,0.4,7,6,1,0.16666666666666666,0.14285714285714285,0.42187023162841797,0.4321092963218689,23.828876495361328
6bba_969618f6,12,0.5,7,0,0,nan,0.0,nan,nan,nan
6bba_969618f6,12,0.6,7,0,0,nan,0.0,nan,nan,nan
6bba_969618f6,12,0.7,7,0,0,nan,0.0,nan,nan,nan
6bba_969618f6,12,0.8,7,0,0,nan,0.0,nan,nan,nan
6bba_969618f6,65,0.1,7,163,7,0.04294478527607362,1.0,0.29651618003845215,0.41185787320137024,22.230823516845703
6bba_969618f6,65,0.15,7,145,7,0.04827586206896552,1.0,0.3178764283657074,0.4151628017425537,22.533145904541016
6bba_969618f6,65,0.2,7,134,7,0.05223880597014925,1.0,0.32889893651008606,0.4168534278869629,21.718212127685547
6bba_969618f6,65,0.25,7,118,6,0.05084745762711865,0.8571428571428571,0.34275123476982117,0.41868504881858826,21.40631866455078
6bba_969618f6,65,0.3,7,89,4,0.0449438202247191,0.5714285714285714,0.3649439513683319,0.42746075987815857,22.141557693481445
6bba_969618f6,65,0.4,7,22,0,0.0,0.0,0.4289574921131134,0.45956817269325256,24.359325408935547
6bba_969618f6,65,0.5,7,0,0,nan,0.0,nan,nan,nan
6bba_969618f6,65,0.6,7,0,0,nan,0.0,nan,nan,nan
6bba_969618f6,65,0.7,7,0,0,nan,0.0,nan,nan,nan
6bba_969618f6,65,0.8,7,0,0,nan,0.0,nan,nan,nan
6bba_971fa5e0,19,0.1,9,77,9,0.11688311688311688,1.0,0.4113599359989166,0.523822009563446,17.513568878173828
6bba_971fa5e0,19,0.15,9,72,9,0.125,1.0,0.4302278757095337,0.5245653390884399,17.810100555419922
6bba_971fa5e0,19,0.2,9,70,9,0.12857142857142856,1.0,0.4378422796726227,0.5248121023178101,17.810100555419922
6bba_971fa5e0,19,0.25,9,67,9,0.13432835820895522,1.0,0.44801753759384155,0.5251064300537109,18.106632232666016
6bba_971fa5e0,19,0.3,9,62,9,0.14516129032258066,1.0,0.46247681975364685,0.5255969762802124,17.19197654724121
6bba_971fa5e0,19,0.4,9,52,7,0.1346153846153846,0.7777777777777778,0.4825105369091034,0.5349146127700806,18.570024490356445
6bba_971fa5e0,19,0.5,9,19,3,0.15789473684210525,0.3333333333333333,0.5270041823387146,0.5574324727058411,18.63665008544922
6bba_971fa5e0,19,0.6,9,0,0,nan,0.0,nan,nan,nan
6bba_971fa5e0,19,0.7,9,0,0,nan,0.0,nan,nan,nan
6bba_971fa5e0,19,0.8,9,0,0,nan,0.0,nan,nan,nan
6bba_971fa5e0,72,0.1,8,69,8,0.11594202898550725,1.0,0.41024303436279297,0.5334291458129883,20.403701782226562
6bba_971fa5e0,72,0.15,8,65,8,0.12307692307692308,1.0,0.4282534420490265,0.5362056493759155,20.403701782226562
6bba_971fa5e0,72,0.2,8,64,7,0.109375,0.875,0.4318297505378723,0.536899745464325,20.584102630615234
6bba_971fa5e0,72,0.25,8,58,7,0.1206896551724138,0.875,0.4520324170589447,0.5432336926460266,21.24231719970703
6bba_971fa5e0,72,0.3,8,56,7,0.125,0.875,0.458095520734787,0.5460680723190308,21.24231719970703
6bba_971fa5e0,72,0.4,8,45,7,0.15555555555555556,0.875,0.4881700277328491,0.5634298920631409,22.686433792114258
6bba_971fa5e0,72,0.5,8,13,3,0.23076923076923078,0.375,0.5438064336776733,0.578448474407196,22.686433792114258
6bba_971fa5e0,72,0.6,8,0,0,nan,0.0,nan,nan,nan
6bba_971fa5e0,72,0.7,8,0,0,nan,0.0,nan,nan,nan
6bba_971fa5e0,72,0.8,8,0,0,nan,0.0,nan,nan,nan
6bba_9a41d029,26,0.1,12,176,12,0.06818181818181818,1.0,0.2833721339702606,0.37397804856300354,18.453306198120117
6bba_9a41d029,26,0.15,12,163,11,0.06748466257668712,0.9166666666666666,0.2961806654930115,0.379035621881485,18.698535919189453
6bba_9a41d029,26,0.2,12,147,10,0.06802721088435375,0.8333333333333334,0.31014224886894226,0.3819628059864044,18.269962310791016
6bba_9a41d029,26,0.25,12,119,8,0.06722689075630252,0.6666666666666666,0.32943692803382874,0.39520251750946045,18.804153442382812
6bba_9a41d029,26,0.3,12,79,4,0.05063291139240506,0.3333333333333333,0.35559117794036865,0.42378246784210205,19.46823501586914
6bba_9a41d029,26,0.4,12,11,1,0.09090909090909091,0.08333333333333333,0.4313722550868988,0.4396635890007019,17.840343475341797
6bba_9a41d029,26,0.5,12,0,0,nan,0.0,nan,nan,nan
6bba_9a41d029,26,0.6,12,0,0,nan,0.0,nan,nan,nan
6bba_9a41d029,26,0.7,12,0,0,nan,0.0,nan,nan,nan
6bba_9a41d029,26,0.8,12,0,0,nan,0.0,nan,nan,nan
6bba_9a41d029,79,0.1,15,235,15,0.06382978723404255,1.0,0.28247129917144775,0.3780517280101776,17.49471092224121
6bba_9a41d029,79,0.15,15,216,12,0.05555555555555555,0.8,0.2960042953491211,0.3809412121772766,17.602832794189453
6bba_9a41d029,79,0.2,15,192,11,0.057291666666666664,0.7333333333333333,0.31142738461494446,0.38462498784065247,17.673004150390625
6bba_9a41d029,79,0.25,15,160,10,0.0625,0.6666666666666666,0.3286813199520111,0.3952024281024933,17.733367919921875
6bba_9a41d029,79,0.3,15,106,9,0.08490566037735849,0.6,0.3548373579978943,0.4078260064125061,17.9256649017334
6bba_9a41d029,79,0.4,15,15,1,0.06666666666666667,0.06666666666666667,0.42581361532211304,0.45355138182640076,11.693367958068848
6bba_9a41d029,79,0.5,15,0,0,nan,0.0,nan,nan,nan
6bba_9a41d029,79,0.6,15,0,0,nan,0.0,nan,nan,nan
6bba_9a41d029,79,0.7,15,0,0,nan,0.0,nan,nan,nan
6bba_9a41d029,79,0.8,15,0,0,nan,0.0,nan,nan,nan
6bba_9e23430b,33,0.1,10,68,10,0.14705882352941177,1.0,0.33755728602409363,0.45555317401885986,27.14130210876465
6bba_9e23430b,33,0.15,10,63,10,0.15873015873015872,1.0,0.3540008068084717,0.461191862821579,27.101778030395508
6bba_9e23430b,33,0.2,10,53,10,0.18867924528301888,1.0,0.3890765309333801,0.4634900987148285,27.368408203125
6bba_9e23430b,33,0.25,10,51,10,0.19607843137254902,1.0,0.39572104811668396,0.4635007977485657,27.572675704956055
6bba_9e23430b,33,0.3,10,47,10,0.2127659574468085,1.0,0.4054747521877289,0.47235971689224243,28.693159103393555
6bba_9e23430b,33,0.4,10,26,3,0.11538461538461539,0.3,0.4453972578048706,0.4966294765472412,30.918437957763672
6bba_9e23430b,33,0.5,10,3,0,0.0,0.0,0.5079694390296936,0.5107795000076294,31.115938186645508
6bba_9e23430b,33,0.6,10,0,0,nan,0.0,nan,nan,nan
6bba_9e23430b,33,0.7,10,0,0,nan,0.0,nan,nan,nan
6bba_9e23430b,33,0.8,10,0,0,nan,0.0,nan,nan,nan
6bba_9e23430b,86,0.1,8,112,8,0.07142857142857142,1.0,0.2922552525997162,0.42826128005981445,27.98230743408203
6bba_9e23430b,86,0.15,8,100,8,0.08,1.0,0.31214091181755066,0.42972761392593384,27.238445281982422
6bba_9e23430b,86,0.2,8,84,8,0.09523809523809523,1.0,0.33872655034065247,0.43885764479637146,26.146892547607422
6bba_9e23430b,86,0.25,8,77,8,0.1038961038961039,1.0,0.3496294915676117,0.44566377997398376,24.9984073638916
6bba_9e23430b,86,0.3,8,52,5,0.09615384615384616,0.625,0.3851028084754944,0.4547416865825653,23.863489151000977
6bba_9e23430b,86,0.4,8,21,1,0.047619047619047616,0.125,0.4423118233680725,0.4959411323070526,23.898069381713867
6bba_9e23430b,86,0.5,8,2,0,0.0,0.0,0.5064526796340942,0.5094531774520874,25.539215087890625
6bba_9e23430b,86,0.6,8,0,0,nan,0.0,nan,nan,nan
6bba_9e23430b,86,0.7,8,0,0,nan,0.0,nan,nan,nan
6bba_9e23430b,86,0.8,8,0,0,nan,0.0,nan,nan,nan
6bba_a5e926bb,40,0.1,12,82,12,0.14634146341463414,1.0,0.3685815632343292,0.4470614492893219,18.20318603515625
6bba_a5e926bb,40,0.15,12,79,12,0.1518987341772152,1.0,0.37772974371910095,0.44714972376823425,18.952770233154297
6bba_a5e926bb,40,0.2,12,75,12,0.16,1.0,0.38822945952415466,0.4471730589866638,17.849592208862305
6bba_a5e926bb,40,0.25,12,74,12,0.16216216216216217,1.0,0.3906863331794739,0.4471788704395294,17.737939834594727
6bba_a5e926bb,40,0.3,12,66,7,0.10606060606060606,0.5833333333333334,0.40498635172843933,0.44820690155029297,19.078205108642578
6bba_a5e926bb,40,0.4,12,40,4,0.1,0.3333333333333333,0.43372470140457153,0.46255600452423096,19.535907745361328
6bba_a5e926bb,40,0.5,12,1,0,0.0,0.0,0.5345308780670166,0.5345308780670166,49.89851379394531
6bba_a5e926bb,40,0.6,12,0,0,nan,0.0,nan,nan,nan
6bba_a5e926bb,40,0.7,12,0,0,nan,0.0,nan,nan,nan
6bba_a5e926bb,40,0.8,12,0,0,nan,0.0,nan,nan,nan
6bba_a5e926bb,94,0.1,3,62,3,0.04838709677419355,1.0,0.3588806092739105,0.4768056869506836,40.62757110595703
6bba_a5e926bb,94,0.15,3,59,3,0.05084745762711865,1.0,0.3712398409843445,0.47825294733047485,40.43054962158203
6bba_a5e926bb,94,0.2,3,53,3,0.05660377358490566,1.0,0.39477795362472534,0.48033908009529114,38.59695816040039
6bba_a5e926bb,94,0.25,3,50,3,0.06,1.0,0.4047427475452423,0.48119598627090454,38.637535095214844
6bba_a5e926bb,94,0.3,3,44,3,0.06818181818181818,1.0,0.4231383204460144,0.48216512799263,38.275726318359375
6bba_a5e926bb,94,0.4,3,30,3,0.1,1.0,0.45564597845077515,0.4906482994556427,37.095211029052734
6bba_a5e926bb,94,0.5,3,3,1,0.3333333333333333,0.3333333333333333,0.5213467478752136,0.5268269777297974,48.438392639160156
6bba_a5e926bb,94,0.6,3,0,0,nan,0.0,nan,nan,nan
6bba_a5e926bb,94,0.7,3,0,0,nan,0.0,nan,nan,nan
6bba_a5e926bb,94,0.8,3,0,0,nan,0.0,nan,nan,nan
6bba_a90a0b9c,47,0.1,10,335,7,0.020895522388059702,0.7,0.2528744339942932,0.3753714859485626,26.178707122802734
6bba_a90a0b9c,47,0.15,10,264,5,0.01893939393939394,0.5,0.28697726130485535,0.3836382329463959,26.04913902282715
6bba_a90a0b9c,47,0.2,10,219,4,0.0182648401826484,0.4,0.31076446175575256,0.38565710186958313,25.391437530517578
6bba_a90a0b9c,47,0.25,10,178,4,0.02247191011235955,0.4,0.3301885426044464,0.39400991797447205,24.230587005615234
6bba_a90a0b9c,47,0.3,10,124,4,0.03225806451612903,0.4,0.35400986671447754,0.4069283902645111,21.543434143066406
6bba_a90a0b9c,47,0.4,10,17,0,0.0,0.0,0.4133731722831726,0.42570924758911133,20.347002029418945
6bba_a90a0b9c,47,0.5,10,0,0,nan,0.0,nan,nan,nan
6bba_a90a0b9c,47,0.6,10,0,0,nan,0.0,nan,nan,nan
6bba_a90a0b9c,47,0.7,10,0,0,nan,0.0,nan,nan,nan
6bba_a90a0b9c,47,0.8,10,0,0,nan,0.0,nan,nan,nan
6bba_ab78413d,1,0.1,12,81,8,0.09876543209876543,0.6666666666666666,0.23921062052249908,0.3526502847671509,26.758586883544922
6bba_ab78413d,1,0.15,12,57,3,0.05263157894736842,0.25,0.28855466842651367,0.3761371374130249,28.698909759521484
6bba_ab78413d,1,0.2,12,50,2,0.04,0.16666666666666666,0.3042384088039398,0.3798399567604065,28.98080062866211
6bba_ab78413d,1,0.25,12,41,1,0.024390243902439025,0.08333333333333333,0.3216058909893036,0.386760950088501,29.262693405151367
6bba_ab78413d,1,0.3,12,24,0,0.0,0.0,0.35384318232536316,0.4040006995201111,28.044143676757812
6bba_ab78413d,1,0.4,12,3,0,0.0,0.0,0.4440983235836029,0.4622969329357147,33.771324157714844
6bba_ab78413d,1,0.5,12,0,0,nan,0.0,nan,nan,nan
6bba_ab78413d,1,0.6,12,0,0,nan,0.0,nan,nan,nan
6bba_ab78413d,1,0.7,12,0,0,nan,0.0,nan,nan,nan
6bba_ab78413d,1,0.8,12,0,0,nan,0.0,nan,nan,nan
6bba_ab78413d,54,0.1,10,72,4,0.05555555555555555,0.4,0.20130082964897156,0.3113548755645752,24.945409774780273
6bba_ab78413d,54,0.15,10,49,1,0.02040816326530612,0.1,0.23828944563865662,0.3303559124469757,24.726245880126953
6bba_ab78413d,54,0.2,10,33,1,0.030303030303030304,0.1,0.2669418752193451,0.34531909227371216,23.571252822875977
6bba_ab78413d,54,0.25,10,16,1,0.0625,0.1,0.3120274245738983,0.3511122465133667,20.691272735595703
6bba_ab78413d,54,0.3,10,9,0,0.0,0.0,0.3374180495738983,0.36265993118286133,27.70404624938965
6bba_ab78413d,54,0.4,10,0,0,nan,0.0,nan,nan,nan
6bba_ab78413d,54,0.5,10,0,0,nan,0.0,nan,nan,nan
6bba_ab78413d,54,0.6,10,0,0,nan,0.0,nan,nan,nan
6bba_ab78413d,54,0.7,10,0,0,nan,0.0,nan,nan,nan
6bba_ab78413d,54,0.8,10,0,0,nan,0.0,nan,nan,nan
6bba_acd782a8,8,0.1,0,214,0,0.0,nan,0.3535359501838684,0.479315847158432,nan
6bba_acd782a8,8,0.15,0,193,0,0.0,nan,0.378208726644516,0.47983190417289734,nan
6bba_acd782a8,8,0.2,0,184,0,0.0,nan,0.3881669342517853,0.482300341129303,nan
6bba_acd782a8,8,0.25,0,168,0,0.0,nan,0.4035085141658783,0.48375290632247925,nan
6bba_acd782a8,8,0.3,0,150,0,0.0,nan,0.4194169044494629,0.4867752492427826,nan
6bba_acd782a8,8,0.4,0,96,0,0.0,nan,0.45334234833717346,0.5049006342887878,nan
6bba_acd782a8,8,0.5,0,12,0,0.0,nan,0.5154414772987366,0.5316248536109924,nan
6bba_acd782a8,8,0.6,0,0,0,nan,nan,nan,nan,nan
6bba_acd782a8,8,0.7,0,0,0,nan,nan,nan,nan,nan
6bba_acd782a8,8,0.8,0,0,0,nan,nan,nan,nan,nan
6bba_acd782a8,61,0.1,2,223,2,0.008968609865470852,1.0,0.36685264110565186,0.48240232467651367,38.438419342041016
6bba_acd782a8,61,0.15,2,209,2,0.009569377990430622,1.0,0.3832356333732605,0.4860053062438965,37.91098403930664
6bba_acd782a8,61,0.2,2,197,2,0.01015228426395939,1.0,0.3959055542945862,0.48934316635131836,37.683929443359375
6bba_acd782a8,61,0.25,2,185,2,0.010810810810810811,1.0,0.40674158930778503,0.49171411991119385,37.437870025634766
6bba_acd782a8,61,0.3,2,172,2,0.011627906976744186,1.0,0.4173229932785034,0.4927005171775818,37.4356689453125
6bba_acd782a8,61,0.4,2,108,2,0.018518518518518517,1.0,0.453568696975708,0.5001360774040222,32.72331237792969
6bba_acd782a8,61,0.5,2,12,1,0.08333333333333333,0.5,0.5085419416427612,0.5190826058387756,29.19499969482422
6bba_acd782a8,61,0.6,2,0,0,nan,0.0,nan,nan,nan
6bba_acd782a8,61,0.7,2,0,0,nan,0.0,nan,nan,nan
6bba_acd782a8,61,0.8,2,0,0,nan,0.0,nan,nan,nan
6bba_ae82a791,15,0.1,14,78,14,0.1794871794871795,1.0,0.4022136628627777,0.5101824402809143,16.294055938720703
6bba_ae82a791,15,0.15,14,75,14,0.18666666666666668,1.0,0.413674533367157,0.5111677646636963,15.343670845031738
6bba_ae82a791,15,0.2,14,70,14,0.2,1.0,0.4309680461883545,0.5129053592681885,15.251691818237305
6bba_ae82a791,15,0.25,14,69,14,0.2028985507246377,1.0,0.43366798758506775,0.513329267501831,15.343670845031738
6bba_ae82a791,15,0.3,14,65,12,0.18461538461538463,0.8571428571428571,0.4433300793170929,0.5150249600410461,16.84101104736328
6bba_ae82a791,15,0.4,14,45,9,0.2,0.6428571428571429,0.4843464195728302,0.5239536762237549,15.159712791442871
6bba_ae82a791,15,0.5,14,13,1,0.07692307692307693,0.07142857142857142,0.5177025198936462,0.5338349938392639,20.46830940246582
6bba_ae82a791,15,0.6,14,0,0,nan,0.0,nan,nan,nan
6bba_ae82a791,15,0.7,14,0,0,nan,0.0,nan,nan,nan
6bba_ae82a791,15,0.8,14,0,0,nan,0.0,nan,nan,nan
6bba_ae82a791,68,0.1,14,91,14,0.15384615384615385,1.0,0.3846874535083771,0.5049864649772644,17.238121032714844
6bba_ae82a791,68,0.15,14,86,14,0.16279069767441862,1.0,0.40005186200141907,0.5064303278923035,17.149309158325195
6bba_ae82a791,68,0.2,14,81,13,0.16049382716049382,0.9285714285714286,0.4137836992740631,0.5078741908073425,17.588794708251953
6bba_ae82a791,68,0.25,14,76,12,0.15789473684210525,0.8571428571428571,0.425518274307251,0.5079436302185059,17.714569091796875
6bba_ae82a791,68,0.3,14,69,11,0.15942028985507245,0.7857142857142857,0.44045770168304443,0.5082496404647827,17.588794708251953
6bba_ae82a791,68,0.4,14,52,9,0.17307692307692307,0.6428571428571429,0.46741411089897156,0.5103644132614136,17.149309158325195
6bba_ae82a791,68,0.5,14,13,5,0.38461538461538464,0.35714285714285715,0.5145187973976135,0.5309781432151794,10.184647560119629
6bba_ae82a791,68,0.6,14,0,0,nan,0.0,nan,nan,nan
6bba_ae82a791,68,0.7,14,0,0,nan,0.0,nan,nan,nan
6bba_ae82a791,68,0.8,14,0,0,nan,0.0,nan,nan,nan
6bba_aeee7805,22,0.1,12,64,12,0.1875,1.0,0.3697560727596283,0.47521907091140747,21.197532653808594
6bba_aeee7805,22,0.15,12,62,12,0.1935483870967742,1.0,0.3772720694541931,0.47611767053604126,20.700519561767578
6bba_aeee7805,22,0.2,12,58,11,0.1896551724137931,0.9166666666666666,0.3914264738559723,0.47701045870780945,21.197532653808594
6bba_aeee7805,22,0.25,12,53,11,0.20754716981132076,0.9166666666666666,0.4069861173629761,0.47774964570999146,20.812135696411133
6bba_aeee7805,22,0.3,12,49,11,0.22448979591836735,0.9166666666666666,0.4165477454662323,0.4788426458835602,20.812135696411133
6bba_aeee7805,22,0.4,12,33,8,0.24242424242424243,0.6666666666666666,0.4462735652923584,0.48314332962036133,22.044445037841797
6bba_aeee7805,22,0.5,12,2,0,0.0,0.0,0.5254933834075928,0.5283323526382446,39.64339828491211
6bba_aeee7805,22,0.6,12,0,0,nan,0.0,nan,nan,nan
6bba_aeee7805,22,0.7,12,0,0,nan,0.0,nan,nan,nan
6bba_aeee7805,22,0.8,12,0,0,nan,0.0,nan,nan,nan
6bba_aeee7805,75,0.1,7,57,6,0.10526315789473684,0.8571428571428571,0.35774508118629456,0.44492122530937195,24.932300567626953
6bba_aeee7805,75,0.15,7,56,6,0.10714285714285714,0.8571428571428571,0.3619750440120697,0.44556835293769836,25.161869049072266
6bba_aeee7805,75,0.2,7,52,6,0.11538461538461539,0.8571428571428571,0.3763779103755951,0.44815677404403687,25.161869049072266
6bba_aeee7805,75,0.25,7,50,6,0.12,0.8571428571428571,0.3822166323661804,0.4492674767971039,26.136547088623047
6bba_aeee7805,75,0.3,7,42,6,0.14285714285714285,0.8571428571428571,0.40230679512023926,0.45297619700431824,27.02820587158203
6bba_aeee7805,75,0.4,7,23,3,0.13043478260869565,0.42857142857142855,0.4359169006347656,0.4562831521034241,26.88165855407715
6bba_aeee7805,75,0.5,7,0,0,nan,0.0,nan,nan,nan
6bba_aeee7805,75,0.6,7,0,0,nan,0.0,nan,nan,nan
6bba_aeee7805,75,0.7,7,0,0,nan,0.0,nan,nan,nan
6bba_aeee7805,75,0.8,7,0,0,nan,0.0,nan,nan,nan
6bba_af149c94,29,0.1,13,106,13,0.12264150943396226,1.0,0.3254401683807373,0.42981815338134766,19.442562103271484
6bba_af149c94,29,0.15,13,102,13,0.12745098039215685,1.0,0.33315807580947876,0.430532306432724,19.332115173339844
6bba_af149c94,29,0.2,13,95,13,0.1368421052631579,1.0,0.344470739364624,0.43128693103790283,18.83046531677246
6bba_af149c94,29,0.25,13,82,13,0.15853658536585366,1.0,0.36321887373924255,0.43304845690727234,17.61643409729004
6bba_af149c94,29,0.3,13,71,11,0.15492957746478872,0.8461538461538461,0.37675386667251587,0.434304416179657,18.11574363708496
6bba_af149c94,29,0.4,13,26,3,0.11538461538461539,0.23076923076923078,0.4257240295410156,0.4523184299468994,16.387752532958984
6bba_af149c94,29,0.5,13,0,0,nan,0.0,nan,nan,nan
6bba_af149c94,29,0.6,13,0,0,nan,0.0,nan,nan,nan
6bba_af149c94,29,0.7,13,0,0,nan,0.0,nan,nan,nan
6bba_af149c94,29,0.8,13,0,0,nan,0.0,nan,nan,nan
6bba_af149c94,83,0.1,10,119,9,0.07563025210084033,0.9,0.29799947142601013,0.39358100295066833,18.565670013427734
6bba_af149c94,83,0.15,10,110,9,0.08181818181818182,0.9,0.31275027990341187,0.39574649930000305,18.583431243896484
6bba_af149c94,83,0.2,10,99,8,0.08080808080808081,0.8,0.3282695710659027,0.40093645453453064,18.565670013427734
6bba_af149c94,83,0.25,10,86,7,0.08139534883720931,0.7,0.3450978398323059,0.4056552052497864,18.640926361083984
6bba_af149c94,83,0.3,10,69,7,0.10144927536231885,0.7,0.3615138828754425,0.4120611846446991,18.7161808013916
6bba_af149c94,83,0.4,10,11,1,0.09090909090909091,0.1,0.4281167685985565,0.4738181233406067,20.19230079650879
6bba_af149c94,83,0.5,10,0,0,nan,0.0,nan,nan,nan
6bba_af149c94,83,0.6,10,0,0,nan,0.0,nan,nan,nan
6bba_af149c94,83,0.7,10,0,0,nan,0.0,nan,nan,nan
6bba_af149c94,83,0.8,10,0,0,nan,0.0,nan,nan,nan
6bba_afb141ff,36,0.1,10,80,10,0.125,1.0,0.417048841714859,0.5409643650054932,14.582510948181152
6bba_afb141ff,36,0.15,10,79,10,0.12658227848101267,1.0,0.4206281304359436,0.541326642036438,14.525922775268555
6bba_afb141ff,36,0.2,10,75,10,0.13333333333333333,1.0,0.4337221682071686,0.5427758097648621,14.457592010498047
6bba_afb141ff,36,0.25,10,71,10,0.14084507042253522,1.0,0.44546523690223694,0.5442249178886414,14.525922775268555
6bba_afb141ff,36,0.3,10,66,9,0.13636363636363635,0.9,0.4581555426120758,0.5445215702056885,14.582510948181152
6bba_afb141ff,36,0.4,10,51,6,0.11764705882352941,0.6,0.4895932078361511,0.5471774339675903,14.63909912109375
6bba_afb141ff,36,0.5,10,22,3,0.13636363636363635,0.3,0.5353736281394958,0.5676762461662292,16.339542388916016
6bba_afb141ff,36,0.6,10,0,0,nan,0.0,nan,nan,nan
6bba_afb141ff,36,0.7,10,0,0,nan,0.0,nan,nan,nan
6bba_afb141ff,36,0.8,10,0,0,nan,0.0,nan,nan,nan
6bba_afb141ff,90,0.1,4,76,4,0.05263157894736842,1.0,0.39726415276527405,0.5249654054641724,25.57741928100586
6bba_afb141ff,90,0.15,4,71,4,0.056338028169014086,1.0,0.41614800691604614,0.5261380076408386,26.535619735717773
6bba_afb141ff,90,0.2,4,69,4,0.057971014492753624,1.0,0.4231451451778412,0.5275065898895264,26.535619735717773
6bba_afb141ff,90,0.25,4,63,4,0.06349206349206349,1.0,0.44319963455200195,0.5316124558448792,24.430795669555664
6bba_afb141ff,90,0.3,4,58,3,0.05172413793103448,0.75,0.4576737880706787,0.5334240198135376,23.70677947998047
6bba_afb141ff,90,0.4,4,50,3,0.06,0.75,0.4712250232696533,0.5347526669502258,23.70677947998047
6bba_afb141ff,90,0.5,4,16,0,0.0,0.0,0.5256919264793396,0.5504563450813293,24.61928939819336
6bba_afb141ff,90,0.6,4,0,0,nan,0.0,nan,nan,nan
6bba_afb141ff,90,0.7,4,0,0,nan,0.0,nan,nan,nan
6bba_afb141ff,90,0.8,4,0,0,nan,0.0,nan,nan,nan
6bba_b1ae37b9,43,0.1,5,208,4,0.019230769230769232,0.8,0.22329147160053253,0.36035794019699097,20.78023910522461
6bba_b1ae37b9,43,0.15,5,148,3,0.02027027027027027,0.6,0.26396673917770386,0.3750186860561371,19.485116958618164
6bba_b1ae37b9,43,0.2,5,107,3,0.028037383177570093,0.6,0.29765623807907104,0.38597649335861206,19.004945755004883
6bba_b1ae37b9,43,0.25,5,76,2,0.02631578947368421,0.4,0.3292812407016754,0.3930337429046631,18.680574417114258
6bba_b1ae37b9,43,0.3,5,50,2,0.04,0.4,0.35738444328308105,0.4020410478115082,18.680574417114258
6bba_b1ae37b9,43,0.4,5,6,0,0.0,0.0,0.42449474334716797,0.4387415051460266,17.529712677001953
6bba_b1ae37b9,43,0.5,5,0,0,nan,0.0,nan,nan,nan
6bba_b1ae37b9,43,0.6,5,0,0,nan,0.0,nan,nan,nan
6bba_b1ae37b9,43,0.7,5,0,0,nan,0.0,nan,nan,nan
6bba_b1ae37b9,43,0.8,5,0,0,nan,0.0,nan,nan,nan
6bba_b1ae37b9,97,0.1,0,25,0,0.0,nan,0.31513679027557373,0.5494199395179749,nan
6bba_b1ae37b9,97,0.15,0,20,0,0.0,nan,0.36465567350387573,0.5534586310386658,nan
6bba_b1ae37b9,97,0.2,0,17,0,0.0,nan,0.3981831669807434,0.5613670349121094,nan
6bba_b1ae37b9,97,0.25,0,16,0,0.0,nan,0.40823256969451904,0.5640032291412354,nan
6bba_b1ae37b9,97,0.3,0,11,0,0.0,nan,0.467115581035614,0.5771840214729309,nan
6bba_b1ae37b9,97,0.4,0,6,0,0.0,nan,0.559275209903717,0.6544684171676636,nan
6bba_b1ae37b9,97,0.5,0,5,0,0.0,nan,0.5829495787620544,0.669925332069397,nan
6bba_b1ae37b9,97,0.6,0,1,0,0.0,nan,0.731752872467041,0.731752872467041,nan
6bba_b1ae37b9,97,0.7,0,1,0,0.0,nan,0.731752872467041,0.731752872467041,nan
6bba_b1ae37b9,97,0.8,0,0,0,nan,nan,nan,nan,nan
6bba_b204cac7,50,0.1,9,67,8,0.11940298507462686,0.8888888888888888,0.3873767554759979,0.5047697424888611,21.506324768066406
6bba_b204cac7,50,0.15,9,59,8,0.13559322033898305,0.8888888888888888,0.4220432937145233,0.5062500834465027,21.506324768066406
6bba_b204cac7,50,0.2,9,55,8,0.14545454545454545,0.8888888888888888,0.4400748908519745,0.5080933570861816,21.103504180908203
6bba_b204cac7,50,0.25,9,54,8,0.14814814814814814,0.8888888888888888,0.44411972165107727,0.508554220199585,21.099594116210938
6bba_b204cac7,50,0.3,9,53,8,0.1509433962264151,0.8888888888888888,0.44696786999702454,0.5090150237083435,21.103504180908203
6bba_b204cac7,50,0.4,9,41,8,0.1951219512195122,0.8888888888888888,0.4691210985183716,0.5186797976493835,21.09568214416504
6bba_b204cac7,50,0.5,9,8,1,0.125,0.1111111111111111,0.5312044620513916,0.5630550384521484,19.6687068939209
6bba_b204cac7,50,0.6,9,0,0,nan,0.0,nan,nan,nan
6bba_b204cac7,50,0.7,9,0,0,nan,0.0,nan,nan,nan
6bba_b204cac7,50,0.8,9,0,0,nan,0.0,nan,nan,nan
6bba_b329af44,4,0.1,18,626,16,0.025559105431309903,0.8888888888888888,0.21654058992862701,0.3195192217826843,19.38324737548828
6bba_b329af44,4,0.15,18,488,14,0.028688524590163935,0.7777777777777778,0.2421448975801468,0.3289998173713684,18.83046531677246
6bba_b329af44,4,0.2,18,335,11,0.03283582089552239,0.6111111111111112,0.2737525999546051,0.3377848267555237,18.297040939331055
6bba_b329af44,4,0.25,18,213,7,0.03286384976525822,0.3888888888888889,0.3013531267642975,0.34581634402275085,19.039649963378906
6bba_b329af44,4,0.3,18,105,1,0.009523809523809525,0.05555555555555555,0.33001649379730225,0.35816100239753723,19.195043563842773
6bba_b329af44,4,0.4,18,1,0,0.0,0.0,0.4062204360961914,0.4062204360961914,14.593934059143066
6bba_b329af44,4,0.5,18,0,0,nan,0.0,nan,nan,nan
6bba_b329af44,4,0.6,18,0,0,nan,0.0,nan,nan,nan
6bba_b329af44,4,0.7,18,0,0,nan,0.0,nan,nan,nan
6bba_b329af44,4,0.8,18,0,0,nan,0.0,nan,nan,nan
6bba_b329af44,57,0.1,9,492,7,0.014227642276422764,0.7777777777777778,0.20862920582294464,0.30456382036209106,27.095619201660156
6bba_b329af44,57,0.15,9,369,7,0.018970189701897018,0.7777777777777778,0.23645402491092682,0.31255054473876953,26.59774398803711
6bba_b329af44,57,0.2,9,255,6,0.023529411764705882,0.6666666666666666,0.26413658261299133,0.32229992747306824,26.367158889770508
6bba_b329af44,57,0.25,9,149,2,0.013422818791946308,0.2222222222222222,0.29208552837371826,0.3319677412509918,27.15652847290039
6bba_b329af44,57,0.3,9,51,0,0.0,0.0,0.3251406252384186,0.34693679213523865,30.008926391601562
6bba_b329af44,57,0.4,9,0,0,nan,0.0,nan,nan,nan
6bba_b329af44,57,0.5,9,0,0,nan,0.0,nan,nan,nan
6bba_b329af44,57,0.6,9,0,0,nan,0.0,nan,nan,nan
6bba_b329af44,57,0.7,9,0,0,nan,0.0,nan,nan,nan
6bba_b329af44,57,0.8,9,0,0,nan,0.0,nan,nan,nan
6bba_b693381b,11,0.1,14,85,14,0.16470588235294117,1.0,0.4180607199668884,0.5181456804275513,15.332910537719727
6bba_b693381b,11,0.15,14,82,14,0.17073170731707318,1.0,0.42924273014068604,0.5185462236404419,15.322139739990234
6bba_b693381b,11,0.2,14,78,14,0.1794871794871795,1.0,0.44232040643692017,0.5198543667793274,15.322139739990234
6bba_b693381b,11,0.25,14,74,13,0.17567567567567569,0.9285714285714286,0.45375964045524597,0.5214205980300903,15.413217544555664
6bba_b693381b,11,0.3,14,69,12,0.17391304347826086,0.8571428571428571,0.46612879633903503,0.5227921605110168,15.332910537719727
6bba_b693381b,11,0.4,14,61,9,0.14754098360655737,0.6428571428571429,0.48362210392951965,0.5235798358917236,15.5466947555542
6bba_b693381b,11,0.5,14,20,3,0.15,0.21428571428571427,0.5205346345901489,0.5411792397499084,15.092334747314453
6bba_b693381b,11,0.6,14,0,0,nan,0.0,nan,nan,nan
6bba_b693381b,11,0.7,14,0,0,nan,0.0,nan,nan,nan
6bba_b693381b,11,0.8,14,0,0,nan,0.0,nan,nan,nan
6bba_b693381b,65,0.1,8,78,8,0.10256410256410256,1.0,0.3709922432899475,0.4978789985179901,41.42340850830078
6bba_b693381b,65,0.15,8,77,8,0.1038961038961039,1.0,0.3742149770259857,0.4979518949985504,40.913429260253906
6bba_b693381b,65,0.2,8,66,7,0.10606060606060606,0.875,0.40687432885169983,0.4994390606880188,39.53462219238281
6bba_b693381b,65,0.25,8,60,6,0.1,0.75,0.4248640835285187,0.5006601810455322,37.84663009643555
6bba_b693381b,65,0.3,8,55,5,0.09090909090909091,0.625,0.4387231767177582,0.5015159845352173,38.71223449707031
6bba_b693381b,65,0.4,8,41,4,0.0975609756097561,0.5,0.46911802887916565,0.5066552758216858,40.913429260253906
6bba_b693381b,65,0.5,8,7,1,0.14285714285714285,0.125,0.5142664909362793,0.5286999344825745,29.688232421875
6bba_b693381b,65,0.6,8,0,0,nan,0.0,nan,nan,nan
6bba_b693381b,65,0.7,8,0,0,nan,0.0,nan,nan,nan
6bba_b693381b,65,0.8,8,0,0,nan,0.0,nan,nan,nan
6bba_bb9f20c3,18,0.1,24,281,23,0.08185053380782918,0.9583333333333334,0.3802017867565155,0.49034354090690613,13.452335357666016
6bba_bb9f20c3,18,0.15,24,273,22,0.08058608058608059,0.9166666666666666,0.3876646161079407,0.4903517961502075,13.378522872924805
6bba_bb9f20c3,18,0.2,24,264,22,0.08333333333333333,0.9166666666666666,0.39485812187194824,0.4905683398246765,13.41542911529541
6bba_bb9f20c3,18,0.25,24,251,22,0.08764940239043825,0.9166666666666666,0.4037572145462036,0.4909048080444336,13.452335357666016
6bba_bb9f20c3,18,0.3,24,232,21,0.09051724137931035,0.875,0.4145911633968353,0.4921756088733673,13.452335357666016
6bba_bb9f20c3,18,0.4,24,133,12,0.09022556390977443,0.5,0.46191883087158203,0.5082085132598877,13.550127983093262
6bba_bb9f20c3,18,0.5,24,18,0,0.0,0.0,0.520481526851654,0.533545196056366,15.020601272583008
6bba_bb9f20c3,18,0.6,24,0,0,nan,0.0,nan,nan,nan
6bba_bb9f20c3,18,0.7,24,0,0,nan,0.0,nan,nan,nan
6bba_bb9f20c3,18,0.8,24,0,0,nan,0.0,nan,nan,nan
6bba_bb9f20c3,72,0.1,16,205,16,0.07804878048780488,1.0,0.3845915198326111,0.5010943412780762,15.203197479248047
6bba_bb9f20c3,72,0.15,16,196,16,0.08163265306122448,1.0,0.3964027762413025,0.5014033317565918,15.165145874023438
6bba_bb9f20c3,72,0.2,16,192,16,0.08333333333333333,1.0,0.40095290541648865,0.5016336441040039,15.088663101196289
6bba_bb9f20c3,72,0.25,16,172,15,0.0872093023255814,0.9375,0.4215414822101593,0.5063137412071228,15.165145874023438
6bba_bb9f20c3,72,0.3,16,160,14,0.0875,0.875,0.43241411447525024,0.5078555941581726,15.241097450256348
6bba_bb9f20c3,72,0.4,16,105,12,0.11428571428571428,0.75,0.47075897455215454,0.5158087611198425,16.544403076171875
6bba_bb9f20c3,72,0.5,16,24,1,0.041666666666666664,0.0625,0.519069492816925,0.5468253493309021,26.325918197631836
6bba_bb9f20c3,72,0.6,16,0,0,nan,0.0,nan,nan,nan
6bba_bb9f20c3,72,0.7,16,0,0,nan,0.0,nan,nan,nan
6bba_bb9f20c3,72,0.8,16,0,0,nan,0.0,nan,nan,nan
6bba_bbb708ca,25,0.1,9,101,7,0.06930693069306931,0.7777777777777778,0.3557251989841461,0.45602142810821533,20.7962703704834
6bba_bbb708ca,25,0.15,9,96,6,0.0625,0.6666666666666666,0.3677786588668823,0.4566056728363037,20.80023765563965
6bba_bbb708ca,25,0.2,9,90,6,0.06666666666666667,0.6666666666666666,0.38089829683303833,0.4572066068649292,20.60470199584961
6bba_bbb708ca,25,0.25,9,83,4,0.04819277108433735,0.4444444444444444,0.3933967351913452,0.45732372999191284,20.82798957824707
6bba_bbb708ca,25,0.3,9,71,2,0.028169014084507043,0.2222222222222222,0.4126836061477661,0.4588145315647125,21.47560691833496
6bba_bbb708ca,25,0.4,9,46,1,0.021739130434782608,0.1111111111111111,0.440731018781662,0.47130435705184937,22.107351303100586
6bba_bbb708ca,25,0.5,9,4,0,0.0,0.0,0.511500358581543,0.5180787444114685,17.116928100585938
6bba_bbb708ca,25,0.6,9,0,0,nan,0.0,nan,nan,nan
6bba_bbb708ca,25,0.7,9,0,0,nan,0.0,nan,nan,nan
6bba_bbb708ca,25,0.8,9,0,0,nan,0.0,nan,nan,nan
6bba_bbb708ca,79,0.1,8,84,8,0.09523809523809523,1.0,0.35127443075180054,0.4910425841808319,26.029922485351562
6bba_bbb708ca,79,0.15,8,76,8,0.10526315789473684,1.0,0.37524843215942383,0.49600839614868164,25.78483772277832
6bba_bbb708ca,79,0.2,8,72,8,0.1111111111111111,1.0,0.38680002093315125,0.499479740858078,25.78483772277832
6bba_bbb708ca,79,0.25,8,66,7,0.10606060606060606,0.875,0.4009401202201843,0.5019681453704834,25.87747573852539
6bba_bbb708ca,79,0.3,8,60,6,0.1,0.75,0.41346070170402527,0.5037692785263062,25.78483772277832
6bba_bbb708ca,79,0.4,8,31,4,0.12903225806451613,0.5,0.467602014541626,0.5178854465484619,23.25404167175293
6bba_bbb708ca,79,0.5,8,8,0,0.0,0.0,0.5229283571243286,0.5572872161865234,20.084306716918945
6bba_bbb708ca,79,0.6,8,0,0,nan,0.0,nan,nan,nan
6bba_bbb708ca,79,0.7,8,0,0,nan,0.0,nan,nan,nan
6bba_bbb708ca,79,0.8,8,0,0,nan,0.0,nan,nan,nan
6bba_c27cba08,32,0.1,5,67,4,0.05970149253731343,0.8,0.35836392641067505,0.45460328459739685,29.799205780029297
6bba_c27cba08,32,0.15,5,65,4,0.06153846153846154,0.8,0.36563971638679504,0.45494386553764343,29.149675369262695
6bba_c27cba08,32,0.2,5,61,4,0.06557377049180328,0.8,0.378112256526947,0.4556250274181366,29.138349533081055
6bba_c27cba08,32,0.25,5,54,4,0.07407407407407407,0.8,0.3988226652145386,0.4607607126235962,29.144012451171875
6bba_c27cba08,32,0.3,5,47,4,0.0851063829787234,0.8,0.4157225489616394,0.4642779231071472,28.750619888305664
6bba_c27cba08,32,0.4,5,31,1,0.03225806451612903,0.2,0.442106157541275,0.47054198384284973,28.624053955078125
6bba_c27cba08,32,0.5,5,0,0,nan,0.0,nan,nan,nan
6bba_c27cba08,32,0.6,5,0,0,nan,0.0,nan,nan,nan
6bba_c27cba08,32,0.7,5,0,0,nan,0.0,nan,nan,nan
6bba_c27cba08,32,0.8,5,0,0,nan,0.0,nan,nan,nan
6bba_c27cba08,86,0.1,6,83,6,0.07228915662650602,1.0,0.3392085134983063,0.45255914330482483,28.20001220703125
6bba_c27cba08,86,0.15,6,80,6,0.075,1.0,0.3473909795284271,0.4535787105560303,27.98772621154785
6bba_c27cba08,86,0.2,6,75,6,0.08,1.0,0.35844486951828003,0.4537396728992462,27.775440216064453
6bba_c27cba08,86,0.25,6,66,6,0.09090909090909091,1.0,0.3760357201099396,0.4564298391342163,24.69167709350586
6bba_c27cba08,86,0.3,6,56,6,0.10714285714285714,1.0,0.39368516206741333,0.4637157917022705,24.069957733154297
6bba_c27cba08,86,0.4,6,23,3,0.13043478260869565,0.5,0.4437956213951111,0.4817415177822113,24.152236938476562
6bba_c27cba08,86,0.5,6,0,0,nan,0.0,nan,nan,nan
6bba_c27cba08,86,0.6,6,0,0,nan,0.0,nan,nan,nan
6bba_c27cba08,86,0.7,6,0,0,nan,0.0,nan,nan,nan
6bba_c27cba08,86,0.8,6,0,0,nan,0.0,nan,nan,nan
6bba_c328f2fd,39,0.1,5,324,5,0.015432098765432098,1.0,0.2986392080783844,0.4158753752708435,33.0750846862793
6bba_c328f2fd,39,0.15,5,291,5,0.01718213058419244,1.0,0.3180393576622009,0.4196573495864868,32.759220123291016
6bba_c328f2fd,39,0.2,5,256,5,0.01953125,1.0,0.33718329668045044,0.42386579513549805,32.17161560058594
6bba_c328f2fd,39,0.25,5,222,5,0.02252252252252252,1.0,0.354049950838089,0.4265731871128082,29.832408905029297
6bba_c328f2fd,39,0.3,5,183,5,0.0273224043715847,1.0,0.37045034766197205,0.4312609136104584,29.121353149414062
6bba_c328f2fd,39,0.4,5,47,4,0.0851063829787234,0.8,0.4296097755432129,0.4596136808395386,23.225635528564453
6bba_c328f2fd,39,0.5,5,0,0,nan,0.0,nan,nan,nan
6bba_c328f2fd,39,0.6,5,0,0,nan,0.0,nan,nan,nan
6bba_c328f2fd,39,0.7,5,0,0,nan,0.0,nan,nan,nan
6bba_c328f2fd,39,0.8,5,0,0,nan,0.0,nan,nan,nan
6bba_c328f2fd,93,0.1,6,268,4,0.014925373134328358,0.6666666666666666,0.30829277634620667,0.4438980519771576,26.457679748535156
6bba_c328f2fd,93,0.15,6,246,4,0.016260162601626018,0.6666666666666666,0.3246631920337677,0.44653481245040894,26.241455078125
6bba_c328f2fd,93,0.2,6,221,4,0.01809954751131222,0.6666666666666666,0.34089481830596924,0.44899165630340576,25.867950439453125
6bba_c328f2fd,93,0.25,6,188,3,0.015957446808510637,0.5,0.3613075017929077,0.46091344952583313,25.550077438354492
6bba_c328f2fd,93,0.3,6,146,2,0.0136986301369863,0.3333333333333333,0.3860444128513336,0.46521610021591187,25.436864852905273
6bba_c328f2fd,93,0.4,6,56,2,0.03571428571428571,0.3333333333333333,0.4438105523586273,0.48445701599121094,24.98697853088379
6bba_c328f2fd,93,0.5,6,3,0,0.0,0.0,0.5164962410926819,0.5222922563552856,23.339054107666016
6bba_c328f2fd,93,0.6,6,0,0,nan,0.0,nan,nan,nan
6bba_c328f2fd,93,0.7,6,0,0,nan,0.0,nan,nan,nan
6bba_c328f2fd,93,0.8,6,0,0,nan,0.0,nan,nan,nan
6bba_c73a1d11,47,0.1,14,193,7,0.03626943005181347,0.5,0.21995560824871063,0.32790181040763855,20.01167869567871
6bba_c73a1d11,47,0.15,14,144,6,0.041666666666666664,0.42857142857142855,0.25295379757881165,0.3356047570705414,20.261032104492188
6bba_c73a1d11,47,0.2,14,104,4,0.038461538461538464,0.2857142857142857,0.2841930091381073,0.3439660668373108,20.05282974243164
6bba_c73a1d11,47,0.25,14,78,4,0.05128205128205128,0.2857142857142857,0.30386587977409363,0.3551633059978485,20.05282974243164
6bba_c73a1d11,47,0.3,14,37,2,0.05405405405405406,0.14285714285714285,0.3339551091194153,0.37288087606430054,20.01167869567871
6bba_c73a1d11,47,0.4,14,1,0,0.0,0.0,0.4001832604408264,0.4001832604408264,21.590572357177734
6bba_c73a1d11,47,0.5,14,0,0,nan,0.0,nan,nan,nan
6bba_c73a1d11,47,0.6,14,0,0,nan,0.0,nan,nan,nan
6bba_c73a1d11,47,0.7,14,0,0,nan,0.0,nan,nan,nan
6bba_c73a1d11,47,0.8,14,0,0,nan,0.0,nan,nan,nan
6bba_cdcfe533,0,0.1,0,307,0,0.0,nan,0.3547920286655426,0.4565994441509247,nan
6bba_cdcfe533,0,0.15,0,305,0,0.0,nan,0.3562728762626648,0.45661595463752747,nan
6bba_cdcfe533,0,0.2,0,286,0,0.0,nan,0.36826249957084656,0.4578290581703186,nan
6bba_cdcfe533,0,0.25,0,262,0,0.0,nan,0.38112497329711914,0.46051356196403503,nan
6bba_cdcfe533,0,0.3,0,232,0,0.0,nan,0.3946811556816101,0.4656708240509033,nan
6bba_cdcfe533,0,0.4,0,107,0,0.0,nan,0.4404808580875397,0.47729921340942383,nan
6bba_cdcfe533,0,0.5,0,3,0,0.0,nan,0.5202294588088989,0.5384002327919006,nan
6bba_cdcfe533,0,0.6,0,0,0,nan,nan,nan,nan,nan
6bba_cdcfe533,0,0.7,0,0,0,nan,nan,nan,nan,nan
6bba_cdcfe533,0,0.8,0,0,0,nan,nan,nan,nan,nan
6bba_cdcfe533,54,0.1,23,282,23,0.08156028368794327,1.0,0.3737102746963501,0.47322478890419006,16.732864379882812
6bba_cdcfe533,54,0.15,23,271,23,0.08487084870848709,1.0,0.38406291604042053,0.4736621081829071,16.504453659057617
6bba_cdcfe533,54,0.2,23,263,23,0.08745247148288973,1.0,0.3903738856315613,0.47458165884017944,16.564342498779297
6bba_cdcfe533,54,0.25,23,248,21,0.0846774193548387,0.9130434782608695,0.4002474248409271,0.47615253925323486,16.78203582763672
6bba_cdcfe533,54,0.3,23,226,18,0.07964601769911504,0.782608695652174,0.4122416079044342,0.47933515906333923,16.358776092529297
6bba_cdcfe533,54,0.4,23,128,6,0.046875,0.2608695652173913,0.4517359137535095,0.4922354519367218,16.099445343017578
6bba_cdcfe533,54,0.5,23,6,0,0.0,0.0,0.5108144283294678,0.5230816602706909,16.302427291870117
6bba_cdcfe533,54,0.6,23,0,0,nan,0.0,nan,nan,nan
6bba_cdcfe533,54,0.7,23,0,0,nan,0.0,nan,nan,nan
6bba_cdcfe533,54,0.8,23,0,0,nan,0.0,nan,nan,nan
6bba_cf35214c,7,0.1,6,276,6,0.021739130434782608,1.0,0.32967686653137207,0.4616076350212097,29.746538162231445
6bba_cf35214c,7,0.15,6,259,6,0.023166023166023165,1.0,0.34312644600868225,0.46345651149749756,28.967931747436523
6bba_cf35214c,7,0.2,6,233,6,0.02575107296137339,1.0,0.36166977882385254,0.4658766984939575,27.590625762939453
6bba_cf35214c,7,0.25,6,202,5,0.024752475247524754,0.8333333333333334,0.38273072242736816,0.4680115878582001,27.019367218017578
6bba_cf35214c,7,0.3,6,170,5,0.029411764705882353,0.8333333333333334,0.4028642177581787,0.4700787365436554,25.701244354248047
6bba_cf35214c,7,0.4,6,90,3,0.03333333333333333,0.5,0.4437514841556549,0.47885626554489136,27.150367736816406
6bba_cf35214c,7,0.5,6,1,0,0.0,0.0,0.505615770816803,0.505615770816803,43.543670654296875
6bba_cf35214c,7,0.6,6,0,0,nan,0.0,nan,nan,nan
6bba_cf35214c,7,0.7,6,0,0,nan,0.0,nan,nan,nan
6bba_cf35214c,7,0.8,6,0,0,nan,0.0,nan,nan,nan
6bba_cf35214c,61,0.1,10,338,7,0.020710059171597635,0.7,0.2940919101238251,0.4192045032978058,25.653282165527344
6bba_cf35214c,61,0.15,10,293,7,0.023890784982935155,0.7,0.3198913037776947,0.4256863594055176,24.90580940246582
6bba_cf35214c,61,0.2,10,259,7,0.02702702702702703,0.7,0.3390975594520569,0.43358415365219116,24.04952049255371
6bba_cf35214c,61,0.25,10,227,7,0.030837004405286344,0.7,0.3555857539176941,0.43514591455459595,23.2114200592041
6bba_cf35214c,61,0.3,10,174,6,0.034482758620689655,0.6,0.3795067369937897,0.44017457962036133,22.21211814880371
6bba_cf35214c,61,0.4,10,56,2,0.03571428571428571,0.2,0.4336574971675873,0.46696531772613525,25.077226638793945
6bba_cf35214c,61,0.5,10,1,0,0.0,0.0,0.5043970346450806,0.5043970346450806,19.846050262451172
6bba_cf35214c,61,0.6,10,0,0,nan,0.0,nan,nan,nan
6bba_cf35214c,61,0.7,10,0,0,nan,0.0,nan,nan,nan
6bba_cf35214c,61,0.8,10,0,0,nan,0.0,nan,nan,nan
6bba_cff5865f,14,0.1,3,374,3,0.008021390374331552,1.0,0.3707871735095978,0.47640085220336914,37.86275863647461
6bba_cff5865f,14,0.15,3,358,3,0.008379888268156424,1.0,0.38181060552597046,0.4773716926574707,38.032676696777344
6bba_cff5865f,14,0.2,3,339,3,0.008849557522123894,1.0,0.39336392283439636,0.4780893921852112,37.393760681152344
6bba_cff5865f,14,0.25,3,314,3,0.009554140127388535,1.0,0.40665778517723083,0.47950538992881775,36.80652618408203
6bba_cff5865f,14,0.3,3,291,3,0.010309278350515464,1.0,0.41708582639694214,0.48016029596328735,35.751155853271484
6bba_cff5865f,14,0.4,3,193,2,0.010362694300518135,0.6666666666666666,0.44620415568351746,0.4892936646938324,34.64457321166992
6bba_cff5865f,14,0.5,3,12,0,0.0,0.0,0.5134156942367554,0.5281549692153931,24.28506851196289
6bba_cff5865f,14,0.6,3,0,0,nan,0.0,nan,nan,nan
6bba_cff5865f,14,0.7,3,0,0,nan,0.0,nan,nan,nan
6bba_cff5865f,14,0.8,3,0,0,nan,0.0,nan,nan,nan
6bba_cff5865f,68,0.1,25,468,25,0.053418803418803416,1.0,0.3297349214553833,0.4321627914905548,18.909109115600586
6bba_cff5865f,68,0.15,25,450,24,0.05333333333333334,0.96,0.33783888816833496,0.4329780638217926,18.970176696777344
6bba_cff5865f,68,0.2,25,421,22,0.052256532066508314,0.88,0.34885215759277344,0.43503719568252563,18.786592483520508
6bba_cff5865f,68,0.25,25,378,21,0.05555555555555555,0.84,0.36269140243530273,0.43678176403045654,18.68087387084961
6bba_cff5865f,68,0.3,25,310,19,0.06129032258064516,0.76,0.380907267332077,0.4406980276107788,18.587879180908203
6bba_cff5865f,68,0.4,25,102,4,0.0392156862745098,0.16,0.4341605305671692,0.468615859746933,18.489717483520508
6bba_cff5865f,68,0.5,25,0,0,nan,0.0,nan,nan,nan
6bba_cff5865f,68,0.6,25,0,0,nan,0.0,nan,nan,nan
6bba_cff5865f,68,0.7,25,0,0,nan,0.0,nan,nan,nan
6bba_cff5865f,68,0.8,25,0,0,nan,0.0,nan,nan,nan
6bba_d0fc38b5,21,0.1,10,93,10,0.10752688172043011,1.0,0.3339010179042816,0.44067099690437317,26.535619735717773
6bba_d0fc38b5,21,0.15,10,87,10,0.11494252873563218,1.0,0.3482411503791809,0.449600487947464,26.535619735717773
6bba_d0fc38b5,21,0.2,10,82,10,0.12195121951219512,1.0,0.3594208061695099,0.45853132009506226,26.498249053955078
6bba_d0fc38b5,21,0.25,10,76,10,0.13157894736842105,1.0,0.37008848786354065,0.46051672101020813,26.579086303710938
6bba_d0fc38b5,21,0.3,10,63,9,0.14285714285714285,0.9,0.38925701379776,0.46209171414375305,25.740034103393555
6bba_d0fc38b5,21,0.4,10,27,4,0.14814814814814814,0.4,0.44036176800727844,0.4937951862812042,25.090665817260742
6bba_d0fc38b5,21,0.5,10,3,0,0.0,0.0,0.517213761806488,0.5371341109275818,24.08380699157715
6bba_d0fc38b5,21,0.6,10,0,0,nan,0.0,nan,nan,nan
6bba_d0fc38b5,21,0.7,10,0,0,nan,0.0,nan,nan,nan
6bba_d0fc38b5,21,0.8,10,0,0,nan,0.0,nan,nan,nan
6bba_d0fc38b5,75,0.1,7,60,7,0.11666666666666667,1.0,0.34222760796546936,0.4274764358997345,32.33836364746094
6bba_d0fc38b5,75,0.15,7,58,7,0.1206896551724138,1.0,0.35018086433410645,0.4282563328742981,31.825218200683594
6bba_d0fc38b5,75,0.2,7,53,7,0.1320754716981132,1.0,0.3663719594478607,0.4302061200141907,32.323055267333984
6bba_d0fc38b5,75,0.25,7,50,7,0.14,1.0,0.37401923537254333,0.4316626191139221,31.825218200683594
6bba_d0fc38b5,75,0.3,7,46,7,0.15217391304347827,1.0,0.38264283537864685,0.43436896800994873,31.67102813720703
6bba_d0fc38b5,75,0.4,7,17,2,0.11764705882352941,0.2857142857142857,0.42694196105003357,0.4535045921802521,30.396894454956055
6bba_d0fc38b5,75,0.5,7,0,0,nan,0.0,nan,nan,nan
6bba_d0fc38b5,75,0.6,7,0,0,nan,0.0,nan,nan,nan
6bba_d0fc38b5,75,0.7,7,0,0,nan,0.0,nan,nan,nan
6bba_d0fc38b5,75,0.8,7,0,0,nan,0.0,nan,nan,nan
6bba_d1acb6ff,28,0.1,6,242,6,0.024793388429752067,1.0,0.2931094467639923,0.3934447169303894,27.79326057434082
6bba_d1acb6ff,28,0.15,6,224,4,0.017857142857142856,0.6666666666666666,0.3068273663520813,0.3946366310119629,28.12358283996582
6bba_d1acb6ff,28,0.2,6,204,4,0.0196078431372549,0.6666666666666666,0.31955379247665405,0.3965389132499695,28.3920841217041
6bba_d1acb6ff,28,0.25,6,171,4,0.023391812865497075,0.6666666666666666,0.336930513381958,0.40523815155029297,28.240949630737305
6bba_d1acb6ff,28,0.3,6,119,3,0.025210084033613446,0.5,0.36277201771736145,0.41665276885032654,31.184814453125
6bba_d1acb6ff,28,0.4,6,19,0,0.0,0.0,0.43167436122894287,0.4793184697628021,39.96249008178711
6bba_d1acb6ff,28,0.5,6,1,0,0.0,0.0,0.511090099811554,0.511090099811554,27.518753051757812
6bba_d1acb6ff,28,0.6,6,0,0,nan,0.0,nan,nan,nan
6bba_d1acb6ff,28,0.7,6,0,0,nan,0.0,nan,nan,nan
6bba_d1acb6ff,28,0.8,6,0,0,nan,0.0,nan,nan,nan
6bba_d1acb6ff,82,0.1,7,124,7,0.056451612903225805,1.0,0.34215080738067627,0.42599499225616455,21.734560012817383
6bba_d1acb6ff,82,0.15,7,119,6,0.05042016806722689,0.8571428571428571,0.3510604798793793,0.4267485737800598,21.552318572998047
6bba_d1acb6ff,82,0.2,7,114,5,0.043859649122807015,0.7142857142857143,0.35810425877571106,0.42756161093711853,21.38251495361328
6bba_d1acb6ff,82,0.25,7,106,4,0.03773584905660377,0.5714285714285714,0.36753010749816895,0.4297412037849426,21.734560012817383
6bba_d1acb6ff,82,0.3,7,94,4,0.0425531914893617,0.5714285714285714,0.3786200284957886,0.43591657280921936,20.6213321685791
6bba_d1acb6ff,82,0.4,7,35,1,0.02857142857142857,0.14285714285714285,0.4264473021030426,0.46810922026634216,19.27227020263672
6bba_d1acb6ff,82,0.5,7,0,0,nan,0.0,nan,nan,nan
6bba_d1acb6ff,82,0.6,7,0,0,nan,0.0,nan,nan,nan
6bba_d1acb6ff,82,0.7,7,0,0,nan,0.0,nan,nan,nan
6bba_d1acb6ff,82,0.8,7,0,0,nan,0.0,nan,nan,nan
6bba_d2b9fc0c,36,0.1,7,195,7,0.035897435897435895,1.0,0.4084022641181946,0.5143507719039917,26.32957649230957
6bba_d2b9fc0c,36,0.15,7,188,7,0.03723404255319149,1.0,0.41905349493026733,0.5148395895957947,26.338973999023438
6bba_d2b9fc0c,36,0.2,7,179,7,0.03910614525139665,1.0,0.43115147948265076,0.5161630511283875,26.32957649230957
6bba_d2b9fc0c,36,0.25,7,167,6,0.03592814371257485,0.8571428571428571,0.4457332193851471,0.5184946060180664,26.197612762451172
6bba_d2b9fc0c,36,0.3,7,160,6,0.0375,0.8571428571428571,0.4530316889286041,0.5188971161842346,26.181854248046875
6bba_d2b9fc0c,36,0.4,7,130,4,0.03076923076923077,0.5714285714285714,0.47346019744873047,0.5223108530044556,26.07445526123047
6bba_d2b9fc0c,36,0.5,7,33,0,0.0,0.0,0.5203308463096619,0.5393871068954468,25.358917236328125
6bba_d2b9fc0c,36,0.6,7,0,0,nan,0.0,nan,nan,nan
6bba_d2b9fc0c,36,0.7,7,0,0,nan,0.0,nan,nan,nan
6bba_d2b9fc0c,36,0.8,7,0,0,nan,0.0,nan,nan,nan
6bba_d2b9fc0c,89,0.1,12,238,12,0.05042016806722689,1.0,0.4141958951950073,0.49827390909194946,21.208660125732422
6bba_d2b9fc0c,89,0.15,12,230,12,0.05217391304347826,1.0,0.42417675256729126,0.49904611706733704,21.208660125732422
6bba_d2b9fc0c,89,0.2,12,228,12,0.05263157894736842,1.0,0.4263836443424225,0.49935051798820496,21.185199737548828
6bba_d2b9fc0c,89,0.25,12,221,12,0.05429864253393665,1.0,0.43270301818847656,0.5004159808158875,20.985870361328125
6bba_d2b9fc0c,89,0.3,12,210,11,0.05238095238095238,0.9166666666666666,0.4410024881362915,0.5052536725997925,21.029033660888672
6bba_d2b9fc0c,89,0.4,12,162,5,0.030864197530864196,0.4166666666666667,0.46694323420524597,0.5086588263511658,22.51482391357422
6bba_d2b9fc0c,89,0.5,12,23,1,0.043478260869565216,0.08333333333333333,0.5195660591125488,0.5313932299613953,19.152006149291992
6bba_d2b9fc0c,89,0.6,12,0,0,nan,0.0,nan,nan,nan
6bba_d2b9fc0c,89,0.7,12,0,0,nan,0.0,nan,nan,nan
6bba_d2b9fc0c,89,0.8,12,0,0,nan,0.0,nan,nan,nan
6bba_d3da753b,43,0.1,12,214,12,0.056074766355140186,1.0,0.4344395697116852,0.504850447177887,19.619930267333984
6bba_d3da753b,43,0.15,12,211,12,0.05687203791469194,1.0,0.43885159492492676,0.5050293803215027,19.804426193237305
6bba_d3da753b,43,0.2,12,208,12,0.057692307692307696,1.0,0.44279322028160095,0.5050696730613708,19.766855239868164
6bba_d3da753b,43,0.25,12,202,12,0.0594059405940594,1.0,0.449205607175827,0.505150318145752,19.472436904907227
6bba_d3da753b,43,0.3,12,197,12,0.06091370558375635,1.0,0.4538651406764984,0.5054975748062134,19.366239547729492
6bba_d3da753b,43,0.4,12,166,12,0.07228915662650602,1.0,0.47115060687065125,0.5071184039115906,18.465930938720703
6bba_d3da753b,43,0.5,12,29,4,0.13793103448275862,0.3333333333333333,0.5126097798347473,0.5244324207305908,19.729284286499023
6bba_d3da753b,43,0.6,12,0,0,nan,0.0,nan,nan,nan
6bba_d3da753b,43,0.7,12,0,0,nan,0.0,nan,nan,nan
6bba_d3da753b,43,0.8,12,0,0,nan,0.0,nan,nan,nan
6bba_d3da753b,96,0.1,8,85,8,0.09411764705882353,1.0,0.43759095668792725,0.524330198764801,18.689706802368164
6bba_d3da753b,96,0.15,8,81,8,0.09876543209876543,1.0,0.4529772698879242,0.5251111388206482,17.858835220336914
6bba_d3da753b,96,0.2,8,80,8,0.1,1.0,0.45620980858802795,0.5258537530899048,18.14086151123047
6bba_d3da753b,96,0.25,8,78,8,0.10256410256410256,1.0,0.4620462656021118,0.5273390412330627,17.826431274414062
6bba_d3da753b,96,0.3,8,75,8,0.10666666666666667,1.0,0.46923232078552246,0.5295669436454773,17.76618194580078
6bba_d3da753b,96,0.4,8,65,8,0.12307692307692308,1.0,0.4861908555030823,0.5328914523124695,17.75688934326172
6bba_d3da753b,96,0.5,8,21,1,0.047619047619047616,0.125,0.5247020125389099,0.5466612577438354,18.689706802368164
6bba_d3da753b,96,0.6,8,0,0,nan,0.0,nan,nan,nan
6bba_d3da753b,96,0.7,8,0,0,nan,0.0,nan,nan,nan
6bba_d3da753b,96,0.8,8,0,0,nan,0.0,nan,nan,nan
6bba_d5eae175,50,0.1,6,67,6,0.08955223880597014,1.0,0.4205652177333832,0.5070784091949463,30.14610481262207
6bba_d5eae175,50,0.15,6,65,6,0.09230769230769231,1.0,0.42990949749946594,0.5076982378959656,30.096792221069336
6bba_d5eae175,50,0.2,6,64,6,0.09375,1.0,0.4342476725578308,0.5080081224441528,30.06934928894043
6bba_d5eae175,50,0.25,6,59,6,0.1016949152542373,1.0,0.4516431391239166,0.510662853717804,29.992422103881836
6bba_d5eae175,50,0.3,6,56,6,0.10714285714285714,1.0,0.4608684182167053,0.5132503509521484,30.01716423034668
6bba_d5eae175,50,0.4,6,49,6,0.12244897959183673,1.0,0.4749610722064972,0.518104612827301,30.041906356811523
6bba_d5eae175,50,0.5,6,11,1,0.09090909090909091,0.16666666666666666,0.521918535232544,0.5585946440696716,32.01523208618164
6bba_d5eae175,50,0.6,6,0,0,nan,0.0,nan,nan,nan
6bba_d5eae175,50,0.7,6,0,0,nan,0.0,nan,nan,nan
6bba_d5eae175,50,0.8,6,0,0,nan,0.0,nan,nan,nan
6bba_d6ecebbb,3,0.1,5,69,5,0.07246376811594203,1.0,0.4068271517753601,0.5218573212623596,20.151391983032227
6bba_d6ecebbb,3,0.15,5,68,5,0.07352941176470588,1.0,0.4107207953929901,0.5221797227859497,20.102130889892578
6bba_d6ecebbb,3,0.2,5,65,5,0.07692307692307693,1.0,0.4215492308139801,0.5231470465660095,20.151391983032227
6bba_d6ecebbb,3,0.25,5,60,5,0.08333333333333333,1.0,0.43801161646842957,0.5244506001472473,20.261356353759766
6bba_d6ecebbb,3,0.3,5,57,5,0.08771929824561403,1.0,0.44682958722114563,0.524492084980011,20.052871704101562
6bba_d6ecebbb,3,0.4,5,43,4,0.09302325581395349,0.8,0.47685539722442627,0.5257123112678528,20.052871704101562
6bba_d6ecebbb,3,0.5,5,14,0,0.0,0.0,0.5225021839141846,0.5286047458648682,23.09565544128418
6bba_d6ecebbb,3,0.6,5,0,0,nan,0.0,nan,nan,nan
6bba_d6ecebbb,3,0.7,5,0,0,nan,0.0,nan,nan,nan
6bba_d6ecebbb,3,0.8,5,0,0,nan,0.0,nan,nan,nan
6bba_d6ecebbb,57,0.1,9,68,8,0.11764705882352941,0.8888888888888888,0.4292830228805542,0.5361700654029846,20.15957260131836
6bba_d6ecebbb,57,0.15,9,67,8,0.11940298507462686,0.8888888888888888,0.4337817132472992,0.5363737344741821,20.175947189331055
6bba_d6ecebbb,57,0.2,9,64,7,0.109375,0.7777777777777778,0.4458797574043274,0.5369846820831299,20.220836639404297
6bba_d6ecebbb,57,0.25,9,63,6,0.09523809523809523,0.6666666666666666,0.44916489720344543,0.5371883511543274,20.265727996826172
6bba_d6ecebbb,57,0.3,9,58,5,0.08620689655172414,0.5555555555555556,0.46526581048965454,0.5397104024887085,20.395416259765625
6bba_d6ecebbb,57,0.4,9,48,5,0.10416666666666667,0.5555555555555556,0.485799640417099,0.5472047924995422,20.740459442138672
6bba_d6ecebbb,57,0.5,9,19,1,0.05263157894736842,0.1111111111111111,0.5334340929985046,0.5705342888832092,23.388500213623047
6bba_d6ecebbb,57,0.6,9,1,1,1.0,0.1111111111111111,0.6067492961883545,0.6067492961883545,6.681546688079834
6bba_d6ecebbb,57,0.7,9,0,0,nan,0.0,nan,nan,nan
6bba_d6ecebbb,57,0.8,9,0,0,nan,0.0,nan,nan,nan
6bba_d82a4fc6,10,0.1,5,289,3,0.010380622837370242,0.6,0.2715611457824707,0.42199772596359253,34.84881591796875
6bba_d82a4fc6,10,0.15,5,246,3,0.012195121951219513,0.6,0.2977512776851654,0.4306944012641907,35.73037338256836
6bba_d82a4fc6,10,0.2,5,198,3,0.015151515151515152,0.6,0.32718056440353394,0.444577157497406,35.76268768310547
6bba_d82a4fc6,10,0.25,5,154,3,0.01948051948051948,0.6,0.3569185435771942,0.45549827814102173,36.01100158691406
6bba_d82a4fc6,10,0.3,5,122,3,0.02459016393442623,0.6,0.37866830825805664,0.4588821232318878,36.84888458251953
6bba_d82a4fc6,10,0.4,5,32,3,0.09375,0.6,0.4542389512062073,0.48488375544548035,31.74020004272461
6bba_d82a4fc6,10,0.5,5,1,1,1.0,0.2,0.5086719393730164,0.5086719393730164,4.780994892120361
6bba_d82a4fc6,10,0.6,5,0,0,nan,0.0,nan,nan,nan
6bba_d82a4fc6,10,0.7,5,0,0,nan,0.0,nan,nan,nan
6bba_d82a4fc6,10,0.8,5,0,0,nan,0.0,nan,nan,nan
6bba_d82a4fc6,64,0.1,6,194,3,0.015463917525773196,0.5,0.2449711263179779,0.3991333246231079,26.28347396850586
6bba_d82a4fc6,64,0.15,6,143,3,0.02097902097902098,0.5,0.28705132007598877,0.41433602571487427,26.86937713623047
6bba_d82a4fc6,64,0.2,6,104,3,0.028846153846153848,0.5,0.32845014333724976,0.41997453570365906,25.468841552734375
6bba_d82a4fc6,64,0.25,6,85,3,0.03529411764705882,0.5,0.3516421318054199,0.42388850450515747,25.637239456176758
6bba_d82a4fc6,64,0.3,6,67,3,0.04477611940298507,0.5,0.37264156341552734,0.42758050560951233,25.13010025024414
6bba_d82a4fc6,64,0.4,6,20,2,0.1,0.3333333333333333,0.4252694249153137,0.4394431412220001,24.944847106933594
6bba_d82a4fc6,64,0.5,6,1,0,0.0,0.0,0.5004547238349915,0.5004547238349915,50.874603271484375
6bba_d82a4fc6,64,0.6,6,0,0,nan,0.0,nan,nan,nan
6bba_d82a4fc6,64,0.7,6,0,0,nan,0.0,nan,nan,nan
6bba_d82a4fc6,64,0.8,6,0,0,nan,0.0,nan,nan,nan
6bba_debd7bfa,18,0.1,9,195,8,0.041025641025641026,0.8888888888888888,0.33098718523979187,0.4328458309173584,23.261138916015625
6bba_debd7bfa,18,0.15,9,190,8,0.042105263157894736,0.8888888888888888,0.3365207016468048,0.4332743287086487,23.190078735351562
6bba_debd7bfa,18,0.2,9,178,7,0.03932584269662921,0.7777777777777778,0.34721070528030396,0.4352194666862488,23.104515075683594
6bba_debd7bfa,18,0.25,9,155,5,0.03225806451612903,0.5555555555555556,0.3648851811885834,0.4390251040458679,23.190078735351562
6bba_debd7bfa,18,0.3,9,133,4,0.03007518796992481,0.4444444444444444,0.37918514013290405,0.441459059715271,23.38144302368164
6bba_debd7bfa,18,0.4,9,48,3,0.0625,0.3333333333333333,0.42745113372802734,0.4530635476112366,23.997621536254883
6bba_debd7bfa,18,0.5,9,0,0,nan,0.0,nan,nan,nan
6bba_debd7bfa,18,0.6,9,0,0,nan,0.0,nan,nan,nan
6bba_debd7bfa,18,0.7,9,0,0,nan,0.0,nan,nan,nan
6bba_debd7bfa,18,0.8,9,0,0,nan,0.0,nan,nan,nan
6bba_debd7bfa,71,0.1,6,78,6,0.07692307692307693,1.0,0.37949663400650024,0.47212016582489014,21.481510162353516
6bba_debd7bfa,71,0.15,6,77,6,0.07792207792207792,1.0,0.38257500529289246,0.47310757637023926,21.204927444458008
6bba_debd7bfa,71,0.2,6,72,6,0.08333333333333333,1.0,0.3974253833293915,0.47804439067840576,21.01318359375
6bba_debd7bfa,71,0.25,6,66,6,0.09090909090909091,1.0,0.41372743248939514,0.47942352294921875,20.113237380981445
6bba_debd7bfa,71,0.3,6,62,5,0.08064516129032258,0.8333333333333334,0.4227217435836792,0.47973689436912537,20.113237380981445
6bba_debd7bfa,71,0.4,6,46,3,0.06521739130434782,0.5,0.44281506538391113,0.48209142684936523,19.846006393432617
6bba_debd7bfa,71,0.5,6,3,0,0.0,0.0,0.5157578587532043,0.5212346315383911,28.853761672973633
6bba_debd7bfa,71,0.6,6,0,0,nan,0.0,nan,nan,nan
6bba_debd7bfa,71,0.7,6,0,0,nan,0.0,nan,nan,nan
6bba_debd7bfa,71,0.8,6,0,0,nan,0.0,nan,nan,nan
6bba_df673a83,25,0.1,6,218,6,0.027522935779816515,1.0,0.307529091835022,0.41544267535209656,26.777057647705078
6bba_df673a83,25,0.15,6,200,6,0.03,1.0,0.32377734780311584,0.41714999079704285,26.99135971069336
6bba_df673a83,25,0.2,6,186,6,0.03225806451612903,1.0,0.335086464881897,0.4198313355445862,26.672088623046875
6bba_df673a83,25,0.25,6,165,6,0.03636363636363636,1.0,0.34966933727264404,0.42505306005477905,26.647336959838867
6bba_df673a83,25,0.3,6,130,5,0.038461538461538464,0.8333333333333334,0.36991336941719055,0.43261954188346863,25.171615600585938
6bba_df673a83,25,0.4,6,31,2,0.06451612903225806,0.3333333333333333,0.43370458483695984,0.4729344844818115,22.628162384033203
6bba_df673a83,25,0.5,6,0,0,nan,0.0,nan,nan,nan
6bba_df673a83,25,0.6,6,0,0,nan,0.0,nan,nan,nan
6bba_df673a83,25,0.7,6,0,0,nan,0.0,nan,nan,nan
6bba_df673a83,25,0.8,6,0,0,nan,0.0,nan,nan,nan
6bba_df673a83,78,0.1,7,213,7,0.03286384976525822,1.0,0.3231876790523529,0.42586854100227356,28.11795997619629
6bba_df673a83,78,0.15,7,195,7,0.035897435897435895,1.0,0.34074974060058594,0.43521296977996826,26.197612762451172
6bba_df673a83,78,0.2,7,186,7,0.03763440860215054,1.0,0.3489457964897156,0.4369174838066101,26.159759521484375
6bba_df673a83,78,0.25,7,170,7,0.041176470588235294,1.0,0.3603978455066681,0.44057247042655945,25.794475555419922
6bba_df673a83,78,0.3,7,147,7,0.047619047619047616,1.0,0.3739718198776245,0.44301193952560425,24.145402908325195
6bba_df673a83,78,0.4,7,46,2,0.043478260869565216,0.2857142857142857,0.43231022357940674,0.46598005294799805,17.701221466064453
6bba_df673a83,78,0.5,7,1,0,0.0,0.0,0.51707923412323,0.51707923412323,9.686315536499023
6bba_df673a83,78,0.6,7,0,0,nan,0.0,nan,nan,nan
6bba_df673a83,78,0.7,7,0,0,nan,0.0,nan,nan,nan
6bba_df673a83,78,0.8,7,0,0,nan,0.0,nan,nan,nan
6bba_e16ffc58,32,0.1,11,89,11,0.12359550561797752,1.0,0.41549819707870483,0.5132075548171997,19.5781307220459
6bba_e16ffc58,32,0.15,11,85,11,0.12941176470588237,1.0,0.4294823706150055,0.5143163204193115,19.846050262451172
6bba_e16ffc58,32,0.2,11,84,11,0.13095238095238096,1.0,0.43272244930267334,0.5145934820175171,19.71208953857422
6bba_e16ffc58,32,0.25,11,81,11,0.13580246913580246,1.0,0.44020289182662964,0.5154250860214233,19.5781307220459
6bba_e16ffc58,32,0.3,11,79,11,0.13924050632911392,1.0,0.4444550573825836,0.5154408812522888,19.5781307220459
6bba_e16ffc58,32,0.4,11,57,10,0.17543859649122806,0.9090909090909091,0.4748381972312927,0.5245234370231628,19.177839279174805
6bba_e16ffc58,32,0.5,11,14,3,0.21428571428571427,0.2727272727272727,0.5270510315895081,0.5512680411338806,21.091529846191406
6bba_e16ffc58,32,0.6,11,0,0,nan,0.0,nan,nan,nan
6bba_e16ffc58,32,0.7,11,0,0,nan,0.0,nan,nan,nan
6bba_e16ffc58,32,0.8,11,0,0,nan,0.0,nan,nan,nan
6bba_e16ffc58,85,0.1,7,79,7,0.08860759493670886,1.0,0.40342438220977783,0.5067530870437622,23.98767852783203
6bba_e16ffc58,85,0.15,7,74,7,0.0945945945945946,1.0,0.4217785894870758,0.5071585178375244,23.769920349121094
6bba_e16ffc58,85,0.2,7,72,7,0.09722222222222222,1.0,0.428693026304245,0.5073207020759583,23.769920349121094
6bba_e16ffc58,85,0.25,7,69,7,0.10144927536231885,1.0,0.4367210566997528,0.5082913637161255,23.724790573120117
6bba_e16ffc58,85,0.3,7,64,7,0.109375,1.0,0.44963908195495605,0.5105152726173401,23.328617095947266
6bba_e16ffc58,85,0.4,7,51,6,0.11764705882352941,0.8571428571428571,0.47252026200294495,0.5160728693008423,22.932443618774414
6bba_e16ffc58,85,0.5,7,10,0,0.0,0.0,0.5238530039787292,0.5465572476387024,31.877965927124023
6bba_e16ffc58,85,0.6,7,0,0,nan,0.0,nan,nan,nan
6bba_e16ffc58,85,0.7,7,0,0,nan,0.0,nan,nan,nan
6bba_e16ffc58,85,0.8,7,0,0,nan,0.0,nan,nan,nan
6bba_e5e44988,39,0.1,8,61,7,0.11475409836065574,0.875,0.34588292241096497,0.4876371920108795,20.985870361328125
6bba_e5e44988,39,0.15,8,55,7,0.12727272727272726,0.875,0.3705991208553314,0.493541955947876,20.306406021118164
6bba_e5e44988,39,0.2,8,47,7,0.14893617021276595,0.875,0.4035966694355011,0.4981417953968048,17.886537551879883
6bba_e5e44988,39,0.25,8,43,7,0.16279069767441862,0.875,0.42008161544799805,0.49880510568618774,15.44017219543457
6bba_e5e44988,39,0.3,8,39,5,0.1282051282051282,0.625,0.4330787658691406,0.4991452395915985,17.691709518432617
6bba_e5e44988,39,0.4,8,29,3,0.10344827586206896,0.375,0.46303731203079224,0.5018030405044556,20.306406021118164
6bba_e5e44988,39,0.5,8,3,0,0.0,0.0,0.5212767720222473,0.526788055896759,34.381568908691406
6bba_e5e44988,39,0.6,8,0,0,nan,0.0,nan,nan,nan
6bba_e5e44988,39,0.7,8,0,0,nan,0.0,nan,nan,nan
6bba_e5e44988,39,0.8,8,0,0,nan,0.0,nan,nan,nan
6bba_e5e44988,92,0.1,3,99,3,0.030303030303030304,1.0,0.3471658527851105,0.4597502648830414,32.36387634277344
6bba_e5e44988,92,0.15,3,96,3,0.03125,1.0,0.35403481125831604,0.46021294593811035,32.018524169921875
6bba_e5e44988,92,0.2,3,91,3,0.03296703296703297,1.0,0.3638380765914917,0.4609840512275696,31.673173904418945
6bba_e5e44988,92,0.25,3,80,3,0.0375,1.0,0.38295966386795044,0.4619171917438507,30.84408187866211
6bba_e5e44988,92,0.3,3,70,3,0.04285714285714286,1.0,0.3989626169204712,0.4687232971191406,30.44973373413086
6bba_e5e44988,92,0.4,3,34,1,0.029411764705882353,0.3333333333333333,0.4441119432449341,0.4776202440261841,31.0943603515625
6bba_e5e44988,92,0.5,3,0,0,nan,0.0,nan,nan,nan
6bba_e5e44988,92,0.6,3,0,0,nan,0.0,nan,nan,nan
6bba_e5e44988,92,0.7,3,0,0,nan,0.0,nan,nan,nan
6bba_e5e44988,92,0.8,3,0,0,nan,0.0,nan,nan,nan
6bba_ebdf3b34,46,0.1,9,513,9,0.017543859649122806,1.0,0.24571652710437775,0.3607957065105438,26.26681900024414
6bba_ebdf3b34,46,0.15,9,415,8,0.01927710843373494,0.8888888888888888,0.27470076084136963,0.36650344729423523,24.69285011291504
6bba_ebdf3b34,46,0.2,9,329,7,0.02127659574468085,0.7777777777777778,0.3005968928337097,0.3727455735206604,24.08380699157715
6bba_ebdf3b34,46,0.25,9,257,5,0.019455252918287938,0.5555555555555556,0.32228270173072815,0.37762072682380676,22.99712371826172
6bba_ebdf3b34,46,0.3,9,166,4,0.024096385542168676,0.4444444444444444,0.34662842750549316,0.39181822538375854,22.518259048461914
6bba_ebdf3b34,46,0.4,9,14,0,0.0,0.0,0.4184446930885315,0.4497559070587158,16.646181106567383
6bba_ebdf3b34,46,0.5,9,0,0,nan,0.0,nan,nan,nan
6bba_ebdf3b34,46,0.6,9,0,0,nan,0.0,nan,nan,nan
6bba_ebdf3b34,46,0.7,9,0,0,nan,0.0,nan,nan,nan
6bba_ebdf3b34,46,0.8,9,0,0,nan,0.0,nan,nan,nan
6bba_ebff6e76,0,0.1,18,347,10,0.02881844380403458,0.5555555555555556,0.1965690404176712,0.2936934232711792,20.32265281677246
6bba_ebff6e76,0,0.15,18,232,7,0.03017241379310345,0.3888888888888889,0.23177333176136017,0.3020165264606476,21.158126831054688
6bba_ebff6e76,0,0.2,18,158,4,0.02531645569620253,0.2222222222222222,0.2605692446231842,0.3065166175365448,20.95287322998047
6bba_ebff6e76,0,0.25,18,88,2,0.022727272727272728,0.1111111111111111,0.28707706928253174,0.31751176714897156,21.946868896484375
6bba_ebff6e76,0,0.3,18,25,0,0.0,0.0,0.31431713700294495,0.3335312008857727,20.44410514831543
6bba_ebff6e76,0,0.4,18,0,0,nan,0.0,nan,nan,nan
6bba_ebff6e76,0,0.5,18,0,0,nan,0.0,nan,nan,nan
6bba_ebff6e76,0,0.6,18,0,0,nan,0.0,nan,nan,nan
6bba_ebff6e76,0,0.7,18,0,0,nan,0.0,nan,nan,nan
6bba_ebff6e76,0,0.8,18,0,0,nan,0.0,nan,nan,nan
6bba_ebff6e76,53,0.1,9,247,6,0.024291497975708502,0.6666666666666666,0.2090342491865158,0.32064756751060486,27.18082618713379
6bba_ebff6e76,53,0.15,9,173,2,0.011560693641618497,0.2222222222222222,0.24472855031490326,0.32861989736557007,28.444753646850586
6bba_ebff6e76,53,0.2,9,124,2,0.016129032258064516,0.2222222222222222,0.2737361192703247,0.3360694646835327,29.46353530883789
6bba_ebff6e76,53,0.25,9,82,0,0.0,0.0,0.30017510056495667,0.34515610337257385,30.145740509033203
6bba_ebff6e76,53,0.3,9,36,0,0.0,0.0,0.3348498046398163,0.3769999146461487,30.49958038330078
6bba_ebff6e76,53,0.4,9,2,0,0.0,0.0,0.4021984338760376,0.403201162815094,25.55440902709961
6bba_ebff6e76,53,0.5,9,0,0,nan,0.0,nan,nan,nan
6bba_ebff6e76,53,0.6,9,0,0,nan,0.0,nan,nan,nan
6bba_ebff6e76,53,0.7,9,0,0,nan,0.0,nan,nan,nan
6bba_ebff6e76,53,0.8,9,0,0,nan,0.0,nan,nan,nan
6bba_ed9377fd,7,0.1,5,63,5,0.07936507936507936,1.0,0.4102800488471985,0.5114952921867371,23.075929641723633
6bba_ed9377fd,7,0.15,5,62,5,0.08064516129032258,1.0,0.4150756597518921,0.5116966366767883,23.05803680419922
6bba_ed9377fd,7,0.2,5,59,5,0.0847457627118644,1.0,0.42757147550582886,0.5120489597320557,22.86758041381836
6bba_ed9377fd,7,0.25,5,56,5,0.08928571428571429,1.0,0.43834584951400757,0.5122754573822021,22.953861236572266
6bba_ed9377fd,7,0.3,5,54,5,0.09259259259259259,1.0,0.44384634494781494,0.512426495552063,22.953861236572266
6bba_ed9377fd,7,0.4,5,43,3,0.06976744186046512,0.6,0.4636698067188263,0.5132164359092712,24.24771499633789
6bba_ed9377fd,7,0.5,5,10,0,0.0,0.0,0.5195721387863159,0.5366796851158142,25.184810638427734
6bba_ed9377fd,7,0.6,5,0,0,nan,0.0,nan,nan,nan
6bba_ed9377fd,7,0.7,5,0,0,nan,0.0,nan,nan,nan
6bba_ed9377fd,7,0.8,5,0,0,nan,0.0,nan,nan,nan
6bba_ed9377fd,60,0.1,3,56,3,0.05357142857142857,1.0,0.40854641795158386,0.507081925868988,34.23589324951172
6bba_ed9377fd,60,0.15,3,54,3,0.05555555555555555,1.0,0.41868722438812256,0.5126712322235107,33.24254608154297
6bba_ed9377fd,60,0.2,3,54,3,0.05555555555555555,1.0,0.41868722438812256,0.5126712322235107,33.24254608154297
6bba_ed9377fd,60,0.25,3,53,3,0.05660377358490566,1.0,0.4221172332763672,0.5154659748077393,33.58510971069336
6bba_ed9377fd,60,0.3,3,48,3,0.0625,1.0,0.43794015049934387,0.5224218964576721,32.1820182800293
6bba_ed9377fd,60,0.4,3,35,1,0.02857142857142857,0.3333333333333333,0.4622926414012909,0.5276135802268982,34.94340515136719
6bba_ed9377fd,60,0.5,3,6,0,0.0,0.0,0.5363063216209412,0.5556308031082153,38.29597473144531
6bba_ed9377fd,60,0.6,3,0,0,nan,0.0,nan,nan,nan
6bba_ed9377fd,60,0.7,3,0,0,nan,0.0,nan,nan,nan
6bba_ed9377fd,60,0.8,3,0,0,nan,0.0,nan,nan,nan
6bba_edf14583,14,0.1,4,498,4,0.008032128514056224,1.0,0.23511993885040283,0.34222152829170227,32.5266227722168
6bba_edf14583,14,0.15,4,398,3,0.007537688442211055,0.75,0.26302990317344666,0.35065799951553345,31.42203712463379
6bba_edf14583,14,0.2,4,318,2,0.006289308176100629,0.5,0.2842573821544647,0.35605430603027344,31.369495391845703
6bba_edf14583,14,0.25,4,222,2,0.009009009009009009,0.5,0.31046584248542786,0.36397579312324524,31.579235076904297
6bba_edf14583,14,0.3,4,122,2,0.01639344262295082,0.5,0.33834007382392883,0.3741690218448639,32.30259704589844
6bba_edf14583,14,0.4,4,2,0,0.0,0.0,0.40178176760673523,0.40265458822250366,38.59809875488281
6bba_edf14583,14,0.5,4,0,0,nan,0.0,nan,nan,nan
6bba_edf14583,14,0.6,4,0,0,nan,0.0,nan,nan,nan
6bba_edf14583,14,0.7,4,0,0,nan,0.0,nan,nan,nan
6bba_edf14583,14,0.8,4,0,0,nan,0.0,nan,nan,nan
6bba_edf14583,67,0.1,8,336,7,0.020833333333333332,0.875,0.20423299074172974,0.3204260468482971,30.203533172607422
6bba_edf14583,67,0.15,8,230,5,0.021739130434782608,0.625,0.24176916480064392,0.3289659023284912,29.481815338134766
6bba_edf14583,67,0.2,8,160,4,0.025,0.5,0.2726629972457886,0.34104669094085693,28.342979431152344
6bba_edf14583,67,0.25,8,97,2,0.020618556701030927,0.25,0.30683988332748413,0.36010557413101196,29.50980567932129
6bba_edf14583,67,0.3,8,50,2,0.04,0.25,0.33590689301490784,0.3711431324481964,30.366514205932617
6bba_edf14583,67,0.4,8,1,0,0.0,0.0,0.41233861446380615,0.41233861446380615,10.00480842590332
6bba_edf14583,67,0.5,8,0,0,nan,0.0,nan,nan,nan
6bba_edf14583,67,0.6,8,0,0,nan,0.0,nan,nan,nan
6bba_edf14583,67,0.7,8,0,0,nan,0.0,nan,nan,nan
6bba_edf14583,67,0.8,8,0,0,nan,0.0,nan,nan,nan
6bba_eebc57a5,21,0.1,12,99,12,0.12121212121212122,1.0,0.4274706542491913,0.5111838579177856,20.564838409423828
6bba_eebc57a5,21,0.15,12,98,12,0.12244897959183673,1.0,0.43075016140937805,0.5113722085952759,20.818519592285156
6bba_eebc57a5,21,0.2,12,94,11,0.11702127659574468,0.9166666666666666,0.4420143961906433,0.512125551700592,20.818519592285156
6bba_eebc57a5,21,0.25,12,94,11,0.11702127659574468,0.9166666666666666,0.4420143961906433,0.512125551700592,20.818519592285156
6bba_eebc57a5,21,0.3,12,90,11,0.12222222222222222,0.9166666666666666,0.4495762586593628,0.5127119421958923,20.818519592285156
6bba_eebc57a5,21,0.4,12,68,8,0.11764705882352941,0.6666666666666666,0.48025384545326233,0.5365482568740845,20.888774871826172
6bba_eebc57a5,21,0.5,12,19,2,0.10526315789473684,0.16666666666666666,0.5273237824440002,0.568103015422821,24.097509384155273
6bba_eebc57a5,21,0.6,12,0,0,nan,0.0,nan,nan,nan
6bba_eebc57a5,21,0.7,12,0,0,nan,0.0,nan,nan,nan
6bba_eebc57a5,21,0.8,12,0,0,nan,0.0,nan,nan,nan
6bba_eebc57a5,74,0.1,11,90,9,0.1,0.8181818181818182,0.3665126860141754,0.5033552050590515,19.69147491455078
6bba_eebc57a5,74,0.15,11,74,8,0.10810810810810811,0.7272727272727273,0.419706791639328,0.5052489638328552,17.648193359375
6bba_eebc57a5,74,0.2,11,70,8,0.11428571428571428,0.7272727272727273,0.4338442385196686,0.5061138868331909,17.648193359375
6bba_eebc57a5,74,0.25,11,69,8,0.11594202898550725,0.7272727272727273,0.4369238018989563,0.5064334273338318,17.419078826904297
6bba_eebc57a5,74,0.3,11,66,8,0.12121212121212122,0.7272727272727273,0.44443368911743164,0.507392168045044,17.27096176147461
6bba_eebc57a5,74,0.4,11,48,3,0.0625,0.2727272727272727,0.47576722502708435,0.510697066783905,19.69147491455078
6bba_eebc57a5,74,0.5,11,11,1,0.09090909090909091,0.09090909090909091,0.5160700678825378,0.5417267084121704,13.707551956176758
6bba_eebc57a5,74,0.6,11,0,0,nan,0.0,nan,nan,nan
6bba_eebc57a5,74,0.7,11,0,0,nan,0.0,nan,nan,nan
6bba_eebc57a5,74,0.8,11,0,0,nan,0.0,nan,nan,nan
6bba_ef7b4f7e,28,0.1,12,83,12,0.14457831325301204,1.0,0.3739818036556244,0.5312595367431641,19.160621643066406
6bba_ef7b4f7e,28,0.15,12,77,12,0.15584415584415584,1.0,0.39395031332969666,0.5321625471115112,19.263704299926758
6bba_ef7b4f7e,28,0.2,12,73,12,0.1643835616438356,1.0,0.4059670567512512,0.532500147819519,19.160621643066406
6bba_ef7b4f7e,28,0.25,12,64,12,0.1875,1.0,0.4308168590068817,0.5339315533638,19.314971923828125
6bba_ef7b4f7e,28,0.3,12,60,12,0.2,1.0,0.44208016991615295,0.5344770550727844,19.314971923828125
6bba_ef7b4f7e,28,0.4,12,41,9,0.21951219512195122,0.75,0.48530295491218567,0.5357550382614136,19.366239547729492
6bba_ef7b4f7e,28,0.5,12,18,5,0.2777777777777778,0.4166666666666667,0.5267114639282227,0.5494751930236816,17.902240753173828
6bba_ef7b4f7e,28,0.6,12,0,0,nan,0.0,nan,nan,nan
6bba_ef7b4f7e,28,0.7,12,0,0,nan,0.0,nan,nan,nan
6bba_ef7b4f7e,28,0.8,12,0,0,nan,0.0,nan,nan,nan
6bba_ef7b4f7e,82,0.1,14,82,14,0.17073170731707318,1.0,0.38081032037734985,0.5220339894294739,18.269926071166992
6bba_ef7b4f7e,82,0.15,14,78,14,0.1794871794871795,1.0,0.39373278617858887,0.5240944027900696,18.165653228759766
6bba_ef7b4f7e,82,0.2,14,72,14,0.19444444444444445,1.0,0.4124050736427307,0.5275638699531555,18.269926071166992
6bba_ef7b4f7e,82,0.25,14,62,13,0.20967741935483872,0.9285714285714286,0.44168511033058167,0.5291681885719299,18.519933700561523
6bba_ef7b4f7e,82,0.3,14,57,10,0.17543859649122806,0.7142857142857143,0.4561813473701477,0.5292901992797852,19.082942962646484
6bba_ef7b4f7e,82,0.4,14,46,8,0.17391304347826086,0.5714285714285714,0.4811074137687683,0.5303546786308289,18.908374786376953
6bba_ef7b4f7e,82,0.5,14,20,4,0.2,0.2857142857142857,0.5203559994697571,0.5391108989715576,21.173770904541016
6bba_ef7b4f7e,82,0.6,14,0,0,nan,0.0,nan,nan,nan
6bba_ef7b4f7e,82,0.7,14,0,0,nan,0.0,nan,nan,nan
6bba_ef7b4f7e,82,0.8,14,0,0,nan,0.0,nan,nan,nan
6bba_f17befbc,35,0.1,5,223,3,0.013452914798206279,0.6,0.25771623849868774,0.3928529620170593,33.83479690551758
6bba_f17befbc,35,0.15,5,182,2,0.01098901098901099,0.4,0.2879221439361572,0.4007185995578766,34.458229064941406
6bba_f17befbc,35,0.2,5,150,2,0.013333333333333334,0.4,0.3121599853038788,0.40460628271102905,36.28466796875
6bba_f17befbc,35,0.25,5,117,1,0.008547008547008548,0.2,0.3356076180934906,0.4133366644382477,36.13227844238281
6bba_f17befbc,35,0.3,5,78,1,0.01282051282051282,0.2,0.36718273162841797,0.4285758435726166,36.48677444458008
6bba_f17befbc,35,0.4,5,19,1,0.05263157894736842,0.2,0.4282132685184479,0.45166468620300293,36.136844635009766
6bba_f17befbc,35,0.5,5,1,0,0.0,0.0,0.5197624564170837,0.5197624564170837,44.347354888916016
6bba_f17befbc,35,0.6,5,0,0,nan,0.0,nan,nan,nan
6bba_f17befbc,35,0.7,5,0,0,nan,0.0,nan,nan,nan
6bba_f17befbc,35,0.8,5,0,0,nan,0.0,nan,nan,nan
6bba_f17befbc,89,0.1,14,211,10,0.04739336492890995,0.7142857142857143,0.19903774559497833,0.3142344355583191,17.132482528686523
6bba_f17befbc,89,0.15,14,141,7,0.04964539007092199,0.5,0.2360648363828659,0.32663747668266296,17.55122184753418
6bba_f17befbc,89,0.2,14,94,6,0.06382978723404255,0.42857142857142855,0.2679947316646576,0.3355674147605896,17.47576904296875
6bba_f17befbc,89,0.25,14,49,4,0.08163265306122448,0.2857142857142857,0.30961769819259644,0.3797408938407898,17.895761489868164
6bba_f17befbc,89,0.3,14,25,3,0.12,0.21428571428571427,0.3499220907688141,0.43973323702812195,15.599682807922363
6bba_f17befbc,89,0.4,14,4,0,0.0,0.0,0.44459521770477295,0.4512803554534912,16.921262741088867
6bba_f17befbc,89,0.5,14,0,0,nan,0.0,nan,nan,nan
6bba_f17befbc,89,0.6,14,0,0,nan,0.0,nan,nan,nan
6bba_f17befbc,89,0.7,14,0,0,nan,0.0,nan,nan,nan
6bba_f17befbc,89,0.8,14,0,0,nan,0.0,nan,nan,nan
6bba_f1fde7e0,42,0.1,7,86,7,0.08139534883720931,1.0,0.3581274449825287,0.47950664162635803,22.682666778564453
6bba_f1fde7e0,42,0.15,7,72,7,0.09722222222222222,1.0,0.40357092022895813,0.48040205240249634,21.465253829956055
6bba_f1fde7e0,42,0.2,7,67,6,0.08955223880597014,0.8571428571428571,0.4201861023902893,0.48154133558273315,21.939380645751953
6bba_f1fde7e0,42,0.25,7,63,5,0.07936507936507936,0.7142857142857143,0.4328649640083313,0.4825897812843323,22.58435821533203
6bba_f1fde7e0,42,0.3,7,61,5,0.08196721311475409,0.7142857142857143,0.43864795565605164,0.48311400413513184,21.939380645751953
6bba_f1fde7e0,42,0.4,7,46,3,0.06521739130434782,0.42857142857142855,0.4632251262664795,0.49803614616394043,21.40650177001953
6bba_f1fde7e0,42,0.5,7,5,0,0.0,0.0,0.5331922769546509,0.5622535347938538,30.844247817993164
6bba_f1fde7e0,42,0.6,7,0,0,nan,0.0,nan,nan,nan
6bba_f1fde7e0,42,0.7,7,0,0,nan,0.0,nan,nan,nan
6bba_f1fde7e0,42,0.8,7,0,0,nan,0.0,nan,nan,nan
6bba_f1fde7e0,96,0.1,3,59,3,0.05084745762711865,1.0,0.34210577607154846,0.49714189767837524,31.40630531311035
6bba_f1fde7e0,96,0.15,3,53,3,0.05660377358490566,1.0,0.366916298866272,0.49930742383003235,31.40630531311035
6bba_f1fde7e0,96,0.2,3,46,2,0.043478260869565216,0.6666666666666666,0.3965553343296051,0.5019240379333496,28.425708770751953
6bba_f1fde7e0,96,0.25,3,44,2,0.045454545454545456,0.6666666666666666,0.404513955116272,0.5026819109916687,30.635948181152344
6bba_f1fde7e0,96,0.3,3,42,2,0.047619047619047616,0.6666666666666666,0.41127896308898926,0.5034397840499878,28.425708770751953
6bba_f1fde7e0,96,0.4,3,22,1,0.045454545454545456,0.3333333333333333,0.4706743359565735,0.5225995779037476,29.19606590270996
6bba_f1fde7e0,96,0.5,3,6,0,0.0,0.0,0.5226740837097168,0.5500363111495972,32.20573043823242
6bba_f1fde7e0,96,0.6,3,0,0,nan,0.0,nan,nan,nan
6bba_f1fde7e0,96,0.7,3,0,0,nan,0.0,nan,nan,nan
6bba_f1fde7e0,96,0.8,3,0,0,nan,0.0,nan,nan,nan
6bba_f20478e9,49,0.1,7,78,7,0.08974358974358974,1.0,0.3282310366630554,0.46225443482398987,28.61783218383789
6bba_f20478e9,49,0.15,7,70,7,0.1,1.0,0.3513277471065521,0.4644016921520233,28.38075828552246
6bba_f20478e9,49,0.2,7,61,7,0.11475409836065574,1.0,0.3768126964569092,0.4726412892341614,28.779308319091797
6bba_f20478e9,49,0.25,7,53,5,0.09433962264150944,0.7142857142857143,0.4010370373725891,0.4768097698688507,28.82514762878418
6bba_f20478e9,49,0.3,7,45,2,0.044444444444444446,0.2857142857142857,0.4240840971469879,0.48070597648620605,29.39773941040039
6bba_f20478e9,49,0.4,7,31,1,0.03225806451612903,0.14285714285714285,0.4471460282802582,0.48390403389930725,30.228113174438477
6bba_f20478e9,49,0.5,7,0,0,nan,0.0,nan,nan,nan
6bba_f20478e9,49,0.6,7,0,0,nan,0.0,nan,nan,nan
6bba_f20478e9,49,0.7,7,0,0,nan,0.0,nan,nan,nan
6bba_f20478e9,49,0.8,7,0,0,nan,0.0,nan,nan,nan
6bba_f4ae811c,3,0.1,6,184,6,0.03260869565217391,1.0,0.31108590960502625,0.40593498945236206,27.70404624938965
6bba_f4ae811c,3,0.15,6,178,6,0.033707865168539325,1.0,0.3173559904098511,0.4076260030269623,27.41961669921875
6bba_f4ae811c,3,0.2,6,163,5,0.03067484662576687,0.8333333333333334,0.33040231466293335,0.408962219953537,26.906204223632812
6bba_f4ae811c,3,0.25,6,142,5,0.035211267605633804,0.8333333333333334,0.3452284336090088,0.4104654788970947,26.432573318481445
6bba_f4ae811c,3,0.3,6,107,5,0.04672897196261682,0.8333333333333334,0.36657285690307617,0.4149370491504669,25.339385986328125
6bba_f4ae811c,3,0.4,6,21,0,0.0,0.0,0.42082205414772034,0.4378892779350281,32.57735061645508
6bba_f4ae811c,3,0.5,6,0,0,nan,0.0,nan,nan,nan
6bba_f4ae811c,3,0.6,6,0,0,nan,0.0,nan,nan,nan
6bba_f4ae811c,3,0.7,6,0,0,nan,0.0,nan,nan,nan
6bba_f4ae811c,3,0.8,6,0,0,nan,0.0,nan,nan,nan
6bba_f4ae811c,56,0.1,13,82,13,0.15853658536585366,1.0,0.37150639295578003,0.47401607036590576,17.612186431884766
6bba_f4ae811c,56,0.15,13,77,13,0.16883116883116883,1.0,0.38697540760040283,0.47510161995887756,17.17097282409668
6bba_f4ae811c,56,0.2,13,74,13,0.17567567567567569,1.0,0.3963438868522644,0.475748747587204,17.05971908569336
6bba_f4ae811c,56,0.25,13,70,12,0.17142857142857143,0.9230769230769231,0.40569424629211426,0.4765574336051941,17.05971908569336
6bba_f4ae811c,56,0.3,13,64,10,0.15625,0.7692307692307693,0.4180280268192291,0.47752660512924194,18.946430206298828
6bba_f4ae811c,56,0.4,13,44,5,0.11363636363636363,0.38461538461538464,0.4458860456943512,0.4861145615577698,19.39947509765625
6bba_f4ae811c,56,0.5,13,1,0,0.0,0.0,0.5126463770866394,0.5126463770866394,29.771501541137695
6bba_f4ae811c,56,0.6,13,0,0,nan,0.0,nan,nan,nan
6bba_f4ae811c,56,0.7,13,0,0,nan,0.0,nan,nan,nan
6bba_f4ae811c,56,0.8,13,0,0,nan,0.0,nan,nan,nan
6bba_f8ffd5e7,10,0.1,4,254,4,0.015748031496062992,1.0,0.2973715364933014,0.40755710005760193,36.70320129394531
6bba_f8ffd5e7,10,0.15,4,225,4,0.017777777777777778,1.0,0.31924667954444885,0.41155487298965454,33.76155090332031
6bba_f8ffd5e7,10,0.2,4,197,4,0.02030456852791878,1.0,0.3398309051990509,0.41569784283638,32.46570587158203
6bba_f8ffd5e7,10,0.25,4,173,4,0.023121387283236993,1.0,0.35506564378738403,0.41649487614631653,32.09760665893555
6bba_f8ffd5e7,10,0.3,4,143,4,0.027972027972027972,1.0,0.3724643588066101,0.4228515923023224,31.600139617919922
6bba_f8ffd5e7,10,0.4,4,38,0,0.0,0.0,0.4205058217048645,0.4437936544418335,31.804780960083008
6bba_f8ffd5e7,10,0.5,4,0,0,nan,0.0,nan,nan,nan
6bba_f8ffd5e7,10,0.6,4,0,0,nan,0.0,nan,nan,nan
6bba_f8ffd5e7,10,0.7,4,0,0,nan,0.0,nan,nan,nan
6bba_f8ffd5e7,10,0.8,4,0,0,nan,0.0,nan,nan,nan
6bba_f8ffd5e7,63,0.1,2,328,2,0.006097560975609756,1.0,0.25351959466934204,0.35878655314445496,44.123165130615234
6bba_f8ffd5e7,63,0.15,2,285,2,0.007017543859649123,1.0,0.27247002720832825,0.3606162667274475,41.46238708496094
6bba_f8ffd5e7,63,0.2,2,227,2,0.00881057268722467,1.0,0.2971612811088562,0.36869460344314575,40.102657318115234
6bba_f8ffd5e7,63,0.25,2,175,2,0.011428571428571429,1.0,0.31934159994125366,0.37166792154312134,37.71895217895508
6bba_f8ffd5e7,63,0.3,2,107,2,0.018691588785046728,1.0,0.34731951355934143,0.38881662487983704,36.536537170410156
6bba_f8ffd5e7,63,0.4,2,7,0,0.0,0.0,0.4105846881866455,0.419881671667099,35.97205352783203
6bba_f8ffd5e7,63,0.5,2,0,0,nan,0.0,nan,nan,nan
6bba_f8ffd5e7,63,0.6,2,0,0,nan,0.0,nan,nan,nan
6bba_f8ffd5e7,63,0.7,2,0,0,nan,0.0,nan,nan,nan
6bba_f8ffd5e7,63,0.8,2,0,0,nan,0.0,nan,nan,nan
6bba_fbc898dc,17,0.1,5,82,5,0.06097560975609756,1.0,0.37623924016952515,0.5040066242218018,32.9751091003418
6bba_fbc898dc,17,0.15,5,76,5,0.06578947368421052,1.0,0.39593786001205444,0.5045017600059509,32.9751091003418
6bba_fbc898dc,17,0.2,5,70,5,0.07142857142857142,1.0,0.4142966866493225,0.5047754049301147,33.60711669921875
6bba_fbc898dc,17,0.25,5,66,5,0.07575757575757576,1.0,0.42520710825920105,0.5053616166114807,33.60711669921875
6bba_fbc898dc,17,0.3,5,62,4,0.06451612903225806,0.8,0.43540969491004944,0.5059478282928467,33.933753967285156
6bba_fbc898dc,17,0.4,5,42,1,0.023809523809523808,0.2,0.4727409780025482,0.512211263179779,33.85272979736328
6bba_fbc898dc,17,0.5,5,11,1,0.09090909090909091,0.2,0.5177185535430908,0.5346525311470032,25.682262420654297
6bba_fbc898dc,17,0.6,5,0,0,nan,0.0,nan,nan,nan
6bba_fbc898dc,17,0.7,5,0,0,nan,0.0,nan,nan,nan
6bba_fbc898dc,17,0.8,5,0,0,nan,0.0,nan,nan,nan
6bba_fbc898dc,71,0.1,7,57,7,0.12280701754385964,1.0,0.39628082513809204,0.49112433195114136,33.771324157714844
6bba_fbc898dc,71,0.15,7,55,7,0.12727272727272726,1.0,0.4060010015964508,0.49151360988616943,33.771324157714844
6bba_fbc898dc,71,0.2,7,52,7,0.1346153846153846,1.0,0.41888782382011414,0.49209755659103394,33.35820770263672
6bba_fbc898dc,71,0.25,7,50,7,0.14,1.0,0.4268299341201782,0.4925534725189209,32.36894226074219
6bba_fbc898dc,71,0.3,7,46,6,0.13043478260869565,0.8571428571428571,0.4397094249725342,0.4935986399650574,32.36894226074219
6bba_fbc898dc,71,0.4,7,37,6,0.16216216216216217,0.8571428571428571,0.4600604176521301,0.4988800585269928,31.79279327392578
6bba_fbc898dc,71,0.5,7,4,1,0.25,0.14285714285714285,0.5110058784484863,0.5159865021705627,39.859283447265625
6bba_fbc898dc,71,0.6,7,0,0,nan,0.0,nan,nan,nan
6bba_fbc898dc,71,0.7,7,0,0,nan,0.0,nan,nan,nan
6bba_fbc898dc,71,0.8,7,0,0,nan,0.0,nan,nan,nan
6bba_fc516dc6,24,0.1,11,88,11,0.125,1.0,0.4270634651184082,0.5272186994552612,16.394075393676758
6bba_fc516dc6,24,0.15,11,84,11,0.13095238095238096,1.0,0.44118186831474304,0.532149612903595,16.282718658447266
6bba_fc516dc6,24,0.2,11,79,11,0.13924050632911392,1.0,0.4587012231349945,0.5361003875732422,14.762590408325195
6bba_fc516dc6,24,0.25,11,77,11,0.14285714285714285,1.0,0.4647173285484314,0.5363529920578003,14.69536018371582
6bba_fc516dc6,24,0.3,11,73,11,0.1506849315068493,1.0,0.47557929158210754,0.5368582010269165,14.69536018371582
6bba_fc516dc6,24,0.4,11,63,11,0.1746031746031746,1.0,0.48991209268569946,0.5459152460098267,16.191495895385742
6bba_fc516dc6,24,0.5,11,24,3,0.125,0.2727272727272727,0.5305094718933105,0.5704107880592346,19.912296295166016
6bba_fc516dc6,24,0.6,11,0,0,nan,0.0,nan,nan,nan
6bba_fc516dc6,24,0.7,11,0,0,nan,0.0,nan,nan,nan
6bba_fc516dc6,24,0.8,11,0,0,nan,0.0,nan,nan,nan
6bba_fc516dc6,78,0.1,6,75,6,0.08,1.0,0.39917469024658203,0.5182886123657227,22.975584030151367
6bba_fc516dc6,78,0.15,6,66,6,0.09090909090909091,1.0,0.4378616213798523,0.5201102495193481,23.280418395996094
6bba_fc516dc6,78,0.2,6,63,6,0.09523809523809523,1.0,0.44959756731987,0.5207676291465759,23.780376434326172
6bba_fc516dc6,78,0.25,6,61,6,0.09836065573770492,1.0,0.45675280690193176,0.5212058424949646,23.58525276184082
6bba_fc516dc6,78,0.3,6,57,6,0.10526315789473684,1.0,0.47011587023735046,0.5219462513923645,22.55510902404785
6bba_fc516dc6,78,0.4,6,51,5,0.09803921568627451,0.8333333333333334,0.4845621883869171,0.5230568051338196,22.378807067871094
6bba_fc516dc6,78,0.5,6,23,0,0.0,0.0,0.5162635445594788,0.5279154181480408,27.295949935913086
6bba_fc516dc6,78,0.6,6,0,0,nan,0.0,nan,nan,nan
6bba_fc516dc6,78,0.7,6,0,0,nan,0.0,nan,nan,nan
6bba_fc516dc6,78,0.8,6,0,0,nan,0.0,nan,nan,nan
6bba_fc5f39dc,31,0.1,4,116,2,0.017241379310344827,0.5,0.2929704785346985,0.4190326929092407,25.10649871826172
6bba_fc5f39dc,31,0.15,4,101,2,0.019801980198019802,0.5,0.31774619221687317,0.4217796325683594,25.5856876373291
6bba_fc5f39dc,31,0.2,4,83,1,0.012048192771084338,0.25,0.3494742512702942,0.42834365367889404,25.5856876373291
6bba_fc5f39dc,31,0.25,4,78,1,0.01282051282051282,0.25,0.35708093643188477,0.42920204997062683,25.10649871826172
6bba_fc5f39dc,31,0.3,4,63,1,0.015873015873015872,0.25,0.37659281492233276,0.43167608976364136,23.508153915405273
6bba_fc5f39dc,31,0.4,4,18,0,0.0,0.0,0.4318808913230896,0.46114546060562134,34.40581512451172
6bba_fc5f39dc,31,0.5,4,0,0,nan,0.0,nan,nan,nan
6bba_fc5f39dc,31,0.6,4,0,0,nan,0.0,nan,nan,nan
6bba_fc5f39dc,31,0.7,4,0,0,nan,0.0,nan,nan,nan
6bba_fc5f39dc,31,0.8,4,0,0,nan,0.0,nan,nan,nan
6bba_fc5f39dc,85,0.1,4,193,2,0.010362694300518135,0.5,0.26421812176704407,0.3910437822341919,36.03165054321289
6bba_fc5f39dc,85,0.15,4,162,2,0.012345679012345678,0.5,0.2905831038951874,0.3983154296875,37.01225280761719
6bba_fc5f39dc,85,0.2,4,134,1,0.007462686567164179,0.25,0.3141353726387024,0.40704384446144104,38.489051818847656
6bba_fc5f39dc,85,0.25,4,108,0,0.0,0.0,0.33544036746025085,0.40882450342178345,37.30427551269531
6bba_fc5f39dc,85,0.3,4,71,0,0.0,0.0,0.3664584755897522,0.4272765517234802,38.7463264465332
6bba_fc5f39dc,85,0.4,4,16,0,0.0,0.0,0.4241178035736084,0.4446205794811249,38.16908645629883
6bba_fc5f39dc,85,0.5,4,0,0,nan,0.0,nan,nan,nan
6bba_fc5f39dc,85,0.6,4,0,0,nan,0.0,nan,nan,nan
6bba_fc5f39dc,85,0.7,4,0,0,nan,0.0,nan,nan,nan
6bba_fc5f39dc,85,0.8,4,0,0,nan,0.0,nan,nan,nan
6bba_fc83837d,38,0.1,11,130,8,0.06153846153846154,0.7272727272727273,0.28447461128234863,0.396542489528656,17.91875457763672
6bba_fc83837d,38,0.15,11,111,7,0.06306306306306306,0.6363636363636364,0.31182336807250977,0.4029421806335449,17.728984832763672
6bba_fc83837d,38,0.2,11,104,7,0.0673076923076923,0.6363636363636364,0.3211720585823059,0.40369513630867004,17.4661808013916
6bba_fc83837d,38,0.25,11,88,7,0.07954545454545454,0.6363636363636364,0.3384036719799042,0.4107528626918793,16.96286392211914
6bba_fc83837d,38,0.3,11,62,7,0.11290322580645161,0.6363636363636364,0.3653544485569,0.42653438448905945,16.6185302734375
6bba_fc83837d,38,0.4,11,13,2,0.15384615384615385,0.18181818181818182,0.4289558529853821,0.4612647294998169,15.965676307678223
6bba_fc83837d,38,0.5,11,0,0,nan,0.0,nan,nan,nan
6bba_fc83837d,38,0.6,11,0,0,nan,0.0,nan,nan,nan
6bba_fc83837d,38,0.7,11,0,0,nan,0.0,nan,nan,nan
6bba_fc83837d,38,0.8,11,0,0,nan,0.0,nan,nan,nan
6bba_fc83837d,92,0.1,11,144,9,0.0625,0.8181818181818182,0.25687095522880554,0.37675002217292786,20.003223419189453
6bba_fc83837d,92,0.15,11,117,8,0.06837606837606838,0.7272727272727273,0.28810369968414307,0.37989673018455505,20.82798957824707
6bba_fc83837d,92,0.2,11,99,8,0.08080808080808081,0.7272727272727273,0.3086192309856415,0.38694214820861816,20.82798957824707
6bba_fc83837d,92,0.25,11,80,8,0.1,0.7272727272727273,0.3269977867603302,0.3910842537879944,19.812713623046875
6bba_fc83837d,92,0.3,11,51,6,0.11764705882352941,0.5454545454545454,0.3543502986431122,0.3956652879714966,15.137924194335938
6bba_fc83837d,92,0.4,11,5,1,0.2,0.09090909090909091,0.4102460741996765,0.4160868227481842,11.579906463623047
6bba_fc83837d,92,0.5,11,0,0,nan,0.0,nan,nan,nan
6bba_fc83837d,92,0.6,11,0,0,nan,0.0,nan,nan,nan
6bba_fc83837d,92,0.7,11,0,0,nan,0.0,nan,nan,nan
6bba_fc83837d,92,0.8,11,0,0,nan,0.0,nan,nan,nan
6bba_fe670320,45,0.1,4,71,4,0.056338028169014086,1.0,0.4025704860687256,0.5019618272781372,34.91032791137695
6bba_fe670320,45,0.15,4,67,4,0.05970149253731343,1.0,0.4190255105495453,0.5021482706069946,33.56052780151367
6bba_fe670320,45,0.2,4,63,4,0.06349206349206349,1.0,0.43449166417121887,0.5023346543312073,33.49161148071289
6bba_fe670320,45,0.25,4,60,4,0.06666666666666667,1.0,0.44533970952033997,0.5024417042732239,33.52606964111328
6bba_fe670320,45,0.3,4,56,4,0.07142857142857142,1.0,0.45720532536506653,0.5024971961975098,33.405250549316406
6bba_fe670320,45,0.4,4,48,4,0.08333333333333333,1.0,0.47257867455482483,0.5035367608070374,33.0711669921875
6bba_fe670320,45,0.5,4,10,0,0.0,0.0,0.5111404061317444,0.529247522354126,33.218631744384766
6bba_fe670320,45,0.6,4,0,0,nan,0.0,nan,nan,nan
6bba_fe670320,45,0.7,4,0,0,nan,0.0,nan,nan,nan
6bba_fe670320,45,0.8,4,0,0,nan,0.0,nan,nan,nan
6bba_fe670320,99,0.1,2,221,2,0.00904977375565611,1.0,0.3107092082500458,0.41475287079811096,70.4565658569336
6bba_fe670320,99,0.15,2,205,2,0.00975609756097561,1.0,0.3252042829990387,0.4200388789176941,68.4003677368164
6bba_fe670320,99,0.2,2,191,2,0.010471204188481676,1.0,0.33595532178878784,0.42142829298973083,65.9759292602539
6bba_fe670320,99,0.25,2,171,2,0.011695906432748537,1.0,0.34882256388664246,0.4232867956161499,64.8633804321289
6bba_fe670320,99,0.3,2,132,0,0.0,0.0,0.37051624059677124,0.42898890376091003,65.59039306640625
6bba_fe670320,99,0.4,2,32,0,0.0,0.0,0.42685312032699585,0.45075133442878723,65.66426849365234
6bba_fe670320,99,0.5,2,0,0,nan,0.0,nan,nan,nan
6bba_fe670320,99,0.6,2,0,0,nan,0.0,nan,nan,nan
6bba_fe670320,99,0.7,2,0,0,nan,0.0,nan,nan,nan
6bba_fe670320,99,0.8,2,0,0,nan,0.0,nan,nan,nan
