film,embryo,t,P,Q,score,score_iso,score_pt,img,label,true,gt_src
44b6_a21120c2,44b6,3,605,823,0.30542925000190735,0.06752422451972961,0.01778719387948513,1.2366530895233154,parent_unmatched,0,-1
44b6_a21120c2,44b6,3,601,842,0.2981076240539551,0.2981076240539551,0.2981076240539551,0.3768034875392914,parent_unmatched,0,-1
44b6_a21120c2,44b6,4,676,893,0.2522244453430176,0.03242279216647148,0.008145801723003387,0.8262724280357361,parent_unmatched,0,-1
44b6_a21120c2,44b6,4,705,942,0.44363725185394287,0.44363725185394287,0.43284258246421814,1.0622879266738892,parent_unmatched,0,-1
44b6_a21120c2,44b6,6,1311,1552,0.46922460198402405,0.46922460198402405,0.40866485238075256,1.6007639169692993,parent_unmatched,0,-1
44b6_a21120c2,44b6,7,1576,1822,0.4548673927783966,0.28543806076049805,0.036776103079319,0.8074951767921448,parent_unmatched,0,-1
44b6_a21120c2,44b6,9,1921,2167,0.1949882209300995,0.1949882209300995,0.1949882209300995,0.5897670984268188,parent_unmatched,0,-1
44b6_a21120c2,44b6,9,1892,2134,0.42255493998527527,0.42255493998527527,0.42255493998527527,0.6561305522918701,parent_unmatched,0,-1
44b6_a21120c2,44b6,10,2237,2491,0.4610000550746918,0.28458788990974426,0.08630470931529999,1.2004680633544922,parent_unmatched,0,-1
44b6_a21120c2,44b6,10,2156,2409,0.48650944232940674,0.48650944232940674,0.48650944232940674,1.1265226602554321,parent_unmatched,0,-1
44b6_a21120c2,44b6,11,2357,2623,0.477506548166275,0.477506548166275,0.477506548166275,0.9958352446556091,parent_unmatched,0,-1
44b6_a21120c2,44b6,11,2530,2789,0.29468533396720886,0.29468533396720886,0.2637336254119873,0.3121289014816284,parent_unmatched,0,-1
44b6_a21120c2,44b6,13,2995,3239,0.22983233630657196,0.15328457951545715,0.0940832868218422,1.014996886253357,parent_unmatched,0,-1
44b6_a21120c2,44b6,14,3105,3346,0.3218521177768707,0.26318252086639404,0.044926781207323074,1.3116601705551147,parent_unmatched,0,-1
44b6_a21120c2,44b6,14,3107,3348,0.07217883318662643,0.07217883318662643,0.028052104637026787,0.785082995891571,parent_unmatched,0,-1
44b6_a21120c2,44b6,18,4158,4402,0.05496860295534134,0.04376397654414177,0.04376397654414177,0.5249739289283752,parent_unmatched,0,-1
44b6_a21120c2,44b6,18,4084,4313,0.14128588140010834,0.14128588140010834,0.0708707645535469,0.6346393823623657,parent_unmatched,0,-1
44b6_a21120c2,44b6,19,4323,4563,0.0971081405878067,0.0971081405878067,0.029194694012403488,0.8751594424247742,parent_unmatched,0,-1
44b6_a21120c2,44b6,20,4575,4815,0.34868109226226807,0.34868109226226807,0.34868109226226807,1.2720874547958374,parent_unmatched,0,-1
44b6_a21120c2,44b6,30,7064,7320,0.46366086602211,0.46366086602211,0.46366086602211,0.9385865926742554,parent_unmatched,0,-1
44b6_a21120c2,44b6,32,7781,8032,0.37424924969673157,0.37424924969673157,0.37424924969673157,0.8050107955932617,parent_unmatched,0,-1
44b6_a21120c2,44b6,34,8123,8379,0.32716038823127747,0.32716038823127747,0.32716038823127747,1.0817371606826782,parent_unmatched,0,-1
44b6_a21120c2,44b6,35,8421,8681,0.4476282000541687,0.4476282000541687,0.3620017170906067,0.8721380829811096,parent_unmatched,0,-1
44b6_a21120c2,44b6,41,9998,10256,0.41296419501304626,0.41296419501304626,0.41296419501304626,1.3243780136108398,parent_unmatched,0,-1
44b6_a21120c2,44b6,41,9832,10072,0.17239147424697876,0.17239147424697876,0.07956331223249435,0.3165814280509949,parent_unmatched,0,-1
44b6_a21120c2,44b6,42,10117,10379,0.5021726489067078,0.5021726489067078,0.46730920672416687,1.0601856708526611,parent_unmatched,0,-1
44b6_a21120c2,44b6,42,10094,10340,0.4667346179485321,0.4667346179485321,0.4290212094783783,1.0368075370788574,parent_unmatched,0,-1
44b6_a21120c2,44b6,43,10567,10808,0.5105467438697815,0.5105467438697815,0.5105467438697815,1.225366473197937,parent_unmatched,0,-1
44b6_a21120c2,44b6,45,10991,11246,0.4829801023006439,0.4829801023006439,0.40037035942077637,1.3149055242538452,parent_unmatched,0,-1
44b6_a21120c2,44b6,45,10973,11230,0.24120360612869263,0.1942489594221115,0.13229583203792572,0.9281715750694275,parent_unmatched,0,-1
44b6_a21120c2,44b6,46,11288,11533,0.4936586916446686,0.4936586916446686,0.4701245427131653,1.1896638870239258,parent_unmatched,0,-1
44b6_a21120c2,44b6,48,11617,11857,0.29229509830474854,0.06939588487148285,0.02334451675415039,0.7863277792930603,parent_unmatched,0,-1
44b6_a21120c2,44b6,49,11861,12116,0.12387367337942123,0.07716581970453262,0.03167303651571274,0.7180317640304565,parent_unmatched,0,-1
44b6_a21120c2,44b6,49,11872,12115,0.10340984910726547,0.051774464547634125,0.010275485925376415,0.5457320213317871,parent_unmatched,0,-1
44b6_a21120c2,44b6,50,12131,12376,0.03540108725428581,0.026145877316594124,0.01695401594042778,0.5008202791213989,parent_unmatched,0,-1
44b6_a21120c2,44b6,51,12468,12715,0.38382482528686523,0.38382482528686523,0.38382482528686523,0.5410123467445374,parent_unmatched,0,-1
44b6_a21120c2,44b6,52,12744,13007,0.4163539707660675,0.4163539707660675,0.4163539707660675,0.8682647347450256,parent_unmatched,0,-1
44b6_a21120c2,44b6,52,12668,12922,0.4582754373550415,0.4582754373550415,0.44956713914871216,1.3552258014678955,parent_unmatched,0,-1
44b6_a21120c2,44b6,53,13019,13278,0.43039241433143616,0.43039241433143616,0.43039241433143616,0.7843804955482483,TRUE,1,179
44b6_a21120c2,44b6,54,13333,13596,0.42388099431991577,0.42388099431991577,0.3639848530292511,0.9366132616996765,parent_unmatched,0,-1
44b6_a21120c2,44b6,56,13689,13949,0.39382314682006836,0.39382314682006836,0.39382314682006836,0.8633695840835571,parent_unmatched,0,-1
44b6_a21120c2,44b6,60,14760,15018,0.4684353470802307,0.4684353470802307,0.4684353470802307,0.8903326392173767,parent_unmatched,0,-1
44b6_a21120c2,44b6,61,15015,15278,0.4881230890750885,0.4881230890750885,0.4881230890750885,1.1448030471801758,parent_unmatched,0,-1
44b6_a21120c2,44b6,61,14970,15210,0.13310889899730682,0.13310889899730682,0.11200647801160812,0.7805330157279968,parent_unmatched,0,-1
44b6_a21120c2,44b6,62,15204,15453,0.255349338054657,0.13814717531204224,0.05459057539701462,0.6485506892204285,parent_unmatched,0,-1
44b6_a21120c2,44b6,63,15531,15765,0.09919251501560211,0.09919251501560211,0.0890243723988533,0.7357633113861084,parent_unmatched,0,-1
44b6_a21120c2,44b6,67,16423,16650,0.19491395354270935,0.19491395354270935,0.1559603065252304,0.9663519263267517,parent_unmatched,0,-1
44b6_a21120c2,44b6,68,16719,16952,0.4255748391151428,0.4255748391151428,0.12171269208192825,0.8620269894599915,parent_unmatched,0,-1
44b6_a21120c2,44b6,70,17102,17317,0.08187906444072723,0.08187906444072723,0.06712009012699127,0.46885085105895996,parent_unmatched,0,-1
44b6_a21120c2,44b6,73,17966,18195,0.48737043142318726,0.3855573236942291,0.31290197372436523,1.3419269323349,parent_unmatched,0,-1
44b6_a21120c2,44b6,74,18110,18319,0.4762546718120575,0.4762546718120575,0.29087138175964355,1.2497434616088867,parent_unmatched,0,-1
44b6_a21120c2,44b6,74,18005,18210,0.24225249886512756,0.10161026567220688,0.06462555378675461,0.57426518201828,parent_unmatched,0,-1
44b6_a21120c2,44b6,75,18218,18430,0.16590319573879242,0.10137876123189926,0.052523594349622726,0.8399052619934082,parent_unmatched,0,-1
44b6_a21120c2,44b6,75,18321,18529,0.37760356068611145,0.37760356068611145,0.23200924694538116,1.1050795316696167,parent_unmatched,0,-1
44b6_a21120c2,44b6,77,18656,18846,0.22787058353424072,0.08344479650259018,0.01699482649564743,0.8306161761283875,parent_unmatched,0,-1
44b6_a21120c2,44b6,78,18865,19059,0.48444443941116333,0.48444443941116333,0.4034893810749054,1.008711576461792,parent_unmatched,0,-1
44b6_a21120c2,44b6,78,18965,19161,0.16894881427288055,0.024310223758220673,0.008946385234594345,0.935043215751648,parent_unmatched,0,-1
44b6_a21120c2,44b6,82,19666,19859,0.4826928377151489,0.42726555466651917,0.36329299211502075,1.1487436294555664,parent_unmatched,0,-1
44b6_a21120c2,44b6,85,20267,20455,0.48984983563423157,0.48984983563423157,0.48984983563423157,1.1660236120224,parent_unmatched,0,-1
44b6_a21120c2,44b6,89,20885,21059,0.5298154950141907,0.5298154950141907,0.3779299855232239,1.358359456062317,parent_unmatched,0,-1
44b6_a21120c2,44b6,90,21131,21313,0.5249450206756592,0.5249450206756592,0.484699010848999,1.26206636428833,parent_unmatched,0,-1
44b6_a21120c2,44b6,92,21408,21578,0.2297486811876297,0.2297486811876297,0.14936231076717377,0.8074264526367188,parent_unmatched,0,-1
44b6_a21120c2,44b6,93,21579,21754,0.3221535384654999,0.11480024456977844,0.016585415229201317,0.9421756267547607,parent_unmatched,0,-1
44b6_a21120c2,44b6,94,21843,22004,0.3851773738861084,0.3851773738861084,0.3851773738861084,0.4247952401638031,parent_unmatched,0,-1
44b6_c50204e0,44b6,3,638,912,0.2628268599510193,0.2628268599510193,0.23833854496479034,0.71799635887146,parent_unmatched,0,-1
44b6_c50204e0,44b6,5,996,1261,0.13849186897277832,0.10756195336580276,0.10756195336580276,0.7115105986595154,parent_unmatched,0,-1
44b6_c50204e0,44b6,6,1434,1775,0.2980475127696991,0.2980475127696991,0.2512217164039612,0.9018856883049011,parent_unmatched,0,-1
44b6_c50204e0,44b6,6,1482,1804,0.22593732178211212,0.22593732178211212,0.2104182094335556,1.2735568284988403,parent_unmatched,0,-1
44b6_c50204e0,44b6,7,1572,1897,0.08749399334192276,0.08749399334192276,0.059085410088300705,1.1431806087493896,parent_unmatched,0,-1
44b6_c50204e0,44b6,8,2018,2384,0.31932201981544495,0.31932201981544495,0.2544190287590027,0.8823915719985962,parent_unmatched,0,-1
44b6_c50204e0,44b6,10,2871,3225,0.20249886810779572,0.20249886810779572,0.18534404039382935,0.8592426776885986,parent_unmatched,0,-1
44b6_c50204e0,44b6,11,3205,3571,0.16954942047595978,0.16954942047595978,0.15290704369544983,0.5490409135818481,parent_unmatched,0,-1
44b6_c50204e0,44b6,12,3363,3786,0.11842356622219086,0.052049193531274796,0.024593912065029144,0.4816664755344391,parent_unmatched,0,-1
44b6_c50204e0,44b6,13,4021,4395,0.12458961457014084,0.12458961457014084,0.11268950998783112,0.8882496356964111,parent_unmatched,0,-1
44b6_c50204e0,44b6,13,3776,4157,0.2572898864746094,0.2572898864746094,0.2572898864746094,0.6666175127029419,parent_unmatched,0,-1
44b6_c50204e0,44b6,13,3930,4318,0.07202412933111191,0.07202412933111191,0.06193813681602478,0.8788415193557739,parent_unmatched,0,-1
44b6_c50204e0,44b6,17,5417,5781,0.27297109365463257,0.27297109365463257,0.25671905279159546,0.5771052837371826,parent_unmatched,0,-1
44b6_c50204e0,44b6,17,5437,5817,0.09862882643938065,0.06175541132688522,0.05400216951966286,0.538443922996521,parent_unmatched,0,-1
44b6_c50204e0,44b6,17,5245,5627,0.04138564318418503,0.04138564318418503,0.03613021597266197,0.9060052037239075,parent_unmatched,0,-1
44b6_c50204e0,44b6,19,6102,6478,0.15997418761253357,0.15997418761253357,0.15997418761253357,0.6320476531982422,parent_unmatched,0,-1
44b6_c50204e0,44b6,20,6506,6883,0.17558200657367706,0.17558200657367706,0.14236301183700562,1.094781517982483,parent_unmatched,0,-1
44b6_c50204e0,44b6,20,6617,7003,0.08302410691976547,0.08302410691976547,0.060972150415182114,0.6681764125823975,parent_unmatched,0,-1
44b6_c50204e0,44b6,20,6496,6902,0.18717458844184875,0.18717458844184875,0.17384342849254608,0.6118109226226807,parent_unmatched,0,-1
44b6_c50204e0,44b6,21,6796,7199,0.09870706498622894,0.06395706534385681,0.0460568368434906,1.0174412727355957,parent_unmatched,0,-1
44b6_c50204e0,44b6,21,7115,7521,0.07740510255098343,0.06658024340867996,0.06464739888906479,0.7255484461784363,parent_unmatched,0,-1
44b6_c50204e0,44b6,22,7184,7594,0.2167290896177292,0.2167290896177292,0.2167290896177292,0.6861944198608398,parent_unmatched,0,-1
44b6_c50204e0,44b6,22,7437,7820,0.1970367282629013,0.08950990438461304,0.03009677305817604,0.7777462005615234,parent_unmatched,0,-1
44b6_c50204e0,44b6,22,7496,7872,0.2134796380996704,0.2134796380996704,0.2104591280221939,0.8482663035392761,parent_unmatched,0,-1
44b6_c50204e0,44b6,23,7632,8052,0.12163408100605011,0.12027249485254288,0.10861481726169586,1.0816242694854736,parent_unmatched,0,-1
44b6_c50204e0,44b6,23,7788,8180,0.15664082765579224,0.15664082765579224,0.12990868091583252,0.8065465092658997,parent_unmatched,0,-1
44b6_c50204e0,44b6,24,8273,8704,0.24007339775562286,0.24007339775562286,0.2059631496667862,0.5621708035469055,parent_unmatched,0,-1
44b6_c50204e0,44b6,24,8258,8680,0.11420081555843353,0.11420081555843353,0.1014617383480072,0.9107390642166138,parent_unmatched,0,-1
44b6_c50204e0,44b6,25,8709,9134,0.2067842334508896,0.2067842334508896,0.16881680488586426,0.7307711243629456,parent_unmatched,0,-1
44b6_c50204e0,44b6,26,9111,9547,0.1763940304517746,0.13675136864185333,0.13470229506492615,1.1815121173858643,parent_unmatched,0,-1
44b6_c50204e0,44b6,26,8814,9256,0.2249819040298462,0.2249819040298462,0.14593058824539185,0.6328531503677368,parent_unmatched,0,-1
44b6_c50204e0,44b6,26,8866,9296,0.0711047425866127,0.05567622557282448,0.030713608488440514,0.7601313591003418,parent_unmatched,0,-1
44b6_c50204e0,44b6,27,9510,9930,0.14383746683597565,0.14383746683597565,0.14383746683597565,0.9140964150428772,parent_unmatched,0,-1
44b6_c50204e0,44b6,28,9921,10362,0.13459818065166473,0.13459818065166473,0.11289945244789124,0.3922024071216583,parent_unmatched,0,-1
44b6_c50204e0,44b6,28,10058,10533,0.18429456651210785,0.12561501562595367,0.1001691147685051,1.2995716333389282,parent_unmatched,0,-1
44b6_c50204e0,44b6,28,9863,10295,0.1798969805240631,0.14451521635055542,0.1386253386735916,0.6517188549041748,parent_unmatched,0,-1
44b6_c50204e0,44b6,29,10154,10624,0.05860001966357231,0.05860001966357231,0.049758754670619965,0.7083738446235657,parent_unmatched,0,-1
44b6_c50204e0,44b6,29,10307,10772,0.27247917652130127,0.27247917652130127,0.2503562867641449,0.5681875944137573,TRUE,1,43
44b6_c50204e0,44b6,30,11007,11482,0.26165804266929626,0.26165804266929626,0.222352534532547,1.591056227684021,parent_unmatched,0,-1
44b6_c50204e0,44b6,30,11013,11499,0.17699433863162994,0.15964671969413757,0.10658257454633713,1.16802179813385,parent_unmatched,0,-1
44b6_c50204e0,44b6,30,10928,11408,0.25027576088905334,0.19618862867355347,0.16037267446517944,1.0652825832366943,parent_unmatched,0,-1
44b6_c50204e0,44b6,30,10981,11459,0.21611888706684113,0.21611888706684113,0.16674144566059113,1.1945847272872925,parent_unmatched,0,-1
44b6_c50204e0,44b6,32,11877,12372,0.17380675673484802,0.17380675673484802,0.11769066005945206,0.6382642388343811,parent_unmatched,0,-1
44b6_c50204e0,44b6,32,11832,12339,0.2273111492395401,0.22661001980304718,0.1719927042722702,1.2286508083343506,parent_unmatched,0,-1
44b6_c50204e0,44b6,33,12075,12578,0.18443791568279266,0.18443791568279266,0.1332744061946869,0.6523459553718567,parent_unmatched,0,-1
44b6_c50204e0,44b6,33,12301,12801,0.27799782156944275,0.255188524723053,0.20307740569114685,1.0852004289627075,parent_unmatched,0,-1
44b6_c50204e0,44b6,33,12138,12622,0.2841162383556366,0.2841162383556366,0.2644024193286896,0.7674542665481567,parent_unmatched,0,-1
44b6_c50204e0,44b6,33,12221,12711,0.1386362463235855,0.1386362463235855,0.11266361176967621,0.5751094818115234,parent_unmatched,0,-1
44b6_c50204e0,44b6,34,12933,13416,0.22050197422504425,0.20948627591133118,0.17029812932014465,1.0674704313278198,parent_unmatched,0,-1
44b6_c50204e0,44b6,35,13174,13696,0.21464073657989502,0.21464073657989502,0.14761745929718018,0.693669855594635,parent_unmatched,0,-1
44b6_c50204e0,44b6,36,13597,14108,0.1929212510585785,0.1929212510585785,0.16171985864639282,0.5379173159599304,parent_unmatched,0,-1
44b6_c50204e0,44b6,38,14749,15251,0.2703971564769745,0.23643676936626434,0.16037949919700623,1.0605958700180054,parent_unmatched,0,-1
44b6_c50204e0,44b6,38,14837,15348,0.17370407283306122,0.17370407283306122,0.12879300117492676,1.0226746797561646,parent_unmatched,0,-1
44b6_c50204e0,44b6,39,15473,16005,0.30626174807548523,0.30626174807548523,0.27706050872802734,1.2265962362289429,parent_unmatched,0,-1
44b6_c50204e0,44b6,39,15150,15688,0.15235133469104767,0.15235133469104767,0.15235133469104767,0.645919919013977,parent_unmatched,0,-1
44b6_c50204e0,44b6,39,15261,15774,0.2696966528892517,0.17314283549785614,0.15408234298229218,0.9688798785209656,parent_unmatched,0,-1
44b6_c50204e0,44b6,40,15817,16374,0.13466788828372955,0.13466788828372955,0.13466788828372955,0.4830871522426605,parent_unmatched,0,-1
44b6_c50204e0,44b6,40,15565,16137,0.25486859679222107,0.25486859679222107,0.25486859679222107,0.980485200881958,parent_unmatched,0,-1
44b6_c50204e0,44b6,41,16423,16944,0.34322389960289,0.34322389960289,0.32975926995277405,1.1929113864898682,parent_unmatched,0,-1
44b6_c50204e0,44b6,43,17526,18057,0.22128425538539886,0.22128425538539886,0.21011273562908173,1.0279252529144287,parent_unmatched,0,-1
44b6_c50204e0,44b6,44,17684,18222,0.1447947770357132,0.1447947770357132,0.1252608448266983,0.5382888317108154,parent_unmatched,0,-1
44b6_c50204e0,44b6,45,18735,19286,0.1989043653011322,0.16671881079673767,0.1039246916770935,1.1999399662017822,parent_unmatched,0,-1
44b6_c50204e0,44b6,45,18690,19241,0.27752044796943665,0.27752044796943665,0.2716602385044098,1.074164628982544,parent_unmatched,0,-1
44b6_c50204e0,44b6,46,18780,19341,0.2033131867647171,0.1969234049320221,0.1778702288866043,0.8903297185897827,parent_unmatched,0,-1
44b6_c50204e0,44b6,46,19040,19589,0.2077685296535492,0.2077685296535492,0.18898756802082062,0.5154687762260437,parent_unmatched,0,-1
44b6_c50204e0,44b6,46,19229,19768,0.23312951624393463,0.17447294294834137,0.14000295102596283,1.238394856452942,parent_unmatched,0,-1
44b6_c50204e0,44b6,46,18928,19493,0.2550395727157593,0.2550395727157593,0.24271488189697266,0.3682718276977539,parent_unmatched,0,-1
44b6_c50204e0,44b6,47,19329,19885,0.08460439741611481,0.08460439741611481,0.07564134895801544,0.680705189704895,parent_unmatched,0,-1
44b6_c50204e0,44b6,47,19707,20239,0.16935084760189056,0.16389785706996918,0.15658999979496002,0.9098907113075256,parent_unmatched,0,-1
44b6_c50204e0,44b6,47,19537,20084,0.29225993156433105,0.29225993156433105,0.29225993156433105,0.8308817148208618,parent_unmatched,0,-1
44b6_c50204e0,44b6,47,19578,20091,0.17504572868347168,0.17504572868347168,0.1547631323337555,0.7983672022819519,parent_unmatched,0,-1
44b6_c50204e0,44b6,50,21120,21657,0.08673276007175446,0.07798229902982712,0.06428522616624832,0.7739349007606506,parent_unmatched,0,-1
44b6_c50204e0,44b6,50,21471,22053,0.16571500897407532,0.16571500897407532,0.12856605648994446,0.4354299008846283,parent_unmatched,0,-1
44b6_c50204e0,44b6,50,21338,21943,0.007033875212073326,0.007033875212073326,0.004448366817086935,-0.010064270347356796,parent_unmatched,0,-1
44b6_c50204e0,44b6,51,22010,22540,0.09109838306903839,0.09109838306903839,0.06469577550888062,0.5122478604316711,parent_unmatched,0,-1
44b6_c50204e0,44b6,52,22475,23020,0.241365447640419,0.241365447640419,0.2266816943883896,0.8926228284835815,parent_unmatched,0,-1
44b6_c50204e0,44b6,53,22748,23281,0.1843365579843521,0.1843365579843521,0.16056795418262482,0.6870046257972717,parent_unmatched,0,-1
44b6_c50204e0,44b6,53,23129,23700,0.21757753193378448,0.21757753193378448,0.18470820784568787,1.7997575998306274,parent_unmatched,0,-1
44b6_c50204e0,44b6,53,22900,23466,0.33787235617637634,0.33787235617637634,0.33787235617637634,1.1767760515213013,parent_unmatched,0,-1
44b6_c50204e0,44b6,53,23131,23714,0.15572026371955872,0.08737022429704666,0.030633309856057167,0.5542061924934387,parent_unmatched,0,-1
44b6_c50204e0,44b6,54,23620,24150,0.29013755917549133,0.29013755917549133,0.2787761092185974,0.7044052481651306,parent_unmatched,0,-1
44b6_c50204e0,44b6,54,23605,24172,0.2592414319515228,0.2592414319515228,0.20538030564785004,0.8764476776123047,parent_unmatched,0,-1
44b6_c50204e0,44b6,54,23362,23945,0.17736627161502838,0.09719400107860565,0.06481049954891205,1.0423593521118164,parent_unmatched,0,-1
44b6_c50204e0,44b6,55,24254,24760,0.12312904000282288,0.12312904000282288,0.12141754478216171,1.0949978828430176,parent_unmatched,0,-1
44b6_c50204e0,44b6,55,23767,24330,0.10704729706048965,0.10704729706048965,0.08903945982456207,0.3485575020313263,parent_unmatched,0,-1
44b6_c50204e0,44b6,56,24544,25066,0.250994473695755,0.250994473695755,0.23207859694957733,0.5749499797821045,parent_unmatched,0,-1
44b6_c50204e0,44b6,60,26970,27513,0.24287496507167816,0.20427165925502777,0.20427165925502777,0.9180956482887268,parent_unmatched,0,-1
44b6_c50204e0,44b6,61,27225,27741,0.2220369577407837,0.2220369577407837,0.13751985132694244,0.9170369505882263,parent_unmatched,0,-1
44b6_c50204e0,44b6,61,27175,27735,0.15354938805103302,0.14177723228931427,0.09852150827646255,0.7673285603523254,parent_unmatched,0,-1
44b6_c50204e0,44b6,61,27378,27887,0.19772189855575562,0.17669828236103058,0.11173146218061447,0.628460168838501,parent_unmatched,0,-1
44b6_c50204e0,44b6,62,27922,28471,0.23575638234615326,0.23575638234615326,0.2085316777229309,0.5847886800765991,parent_unmatched,0,-1
44b6_c50204e0,44b6,62,27920,28453,0.14790552854537964,0.04101766645908356,0.016236690804362297,0.4710488021373749,parent_unmatched,0,-1
44b6_c50204e0,44b6,63,28168,28709,0.09945252537727356,0.09635888785123825,0.09070312976837158,0.48171254992485046,parent_unmatched,0,-1
44b6_c50204e0,44b6,63,28299,28828,0.23336854577064514,0.23336854577064514,0.2094886153936386,1.1810444593429565,parent_unmatched,0,-1
44b6_c50204e0,44b6,64,29183,29729,0.14365771412849426,0.14365771412849426,0.10671520233154297,1.0592907667160034,parent_unmatched,0,-1
44b6_c50204e0,44b6,65,29479,30013,0.0771976038813591,0.0771976038813591,0.035185039043426514,0.33666160702705383,parent_unmatched,0,-1
44b6_c50204e0,44b6,65,29446,30011,0.10085953027009964,0.09270814806222916,0.06617531180381775,0.4842909872531891,parent_unmatched,0,-1
44b6_c50204e0,44b6,65,29188,29767,0.01630403846502304,0.004780643619596958,0.0009746741852723062,0.2249220609664917,parent_unmatched,0,-1
44b6_c50204e0,44b6,66,30208,30748,0.17851684987545013,0.17851684987545013,0.15591442584991455,0.9204656481742859,parent_unmatched,0,-1
44b6_c50204e0,44b6,66,30144,30688,0.25083863735198975,0.25083863735198975,0.15305934846401215,0.9884580969810486,TRUE,1,186
44b6_c50204e0,44b6,66,29775,30309,0.15200500190258026,0.15200500190258026,0.06591756641864777,0.38820788264274597,parent_unmatched,0,-1
44b6_c50204e0,44b6,66,29877,30408,0.21365873515605927,0.21365873515605927,0.1793663650751114,0.8602489829063416,parent_unmatched,0,-1
44b6_c50204e0,44b6,67,30443,31023,0.21724139153957367,0.16171275079250336,0.12152595072984695,1.2991535663604736,parent_unmatched,0,-1
44b6_c50204e0,44b6,68,30921,31462,0.11617535352706909,0.11480202525854111,0.10162483155727386,0.14459986984729767,parent_unmatched,0,-1
44b6_c50204e0,44b6,70,32090,32620,0.15883366763591766,0.15883366763591766,0.15883366763591766,0.5640328526496887,parent_unmatched,0,-1
44b6_c50204e0,44b6,70,32237,32746,0.1508323848247528,0.1508323848247528,0.14748668670654297,0.7697558999061584,parent_unmatched,0,-1
44b6_c50204e0,44b6,70,32337,32829,0.16082553565502167,0.16082553565502167,0.16082553565502167,0.4599006474018097,parent_unmatched,0,-1
44b6_c50204e0,44b6,72,33149,33647,0.2231711745262146,0.2231711745262146,0.2182665765285492,0.7394603490829468,parent_unmatched,0,-1
44b6_c50204e0,44b6,72,33418,33953,0.16942785680294037,0.1020238995552063,0.04751504957675934,1.0474499464035034,parent_unmatched,0,-1
44b6_c50204e0,44b6,72,33384,33866,0.015519384294748306,0.015519384294748306,0.012607579119503498,0.12650541961193085,parent_unmatched,0,-1
44b6_c50204e0,44b6,73,33919,34437,0.14663778245449066,0.14663778245449066,0.11675108224153519,1.1684595346450806,parent_unmatched,0,-1
44b6_c50204e0,44b6,73,34004,34565,0.15579432249069214,0.15579432249069214,0.15579432249069214,0.8068742156028748,parent_unmatched,0,-1
44b6_c50204e0,44b6,74,34284,34799,0.2757934629917145,0.2550886571407318,0.1164582371711731,0.9913614392280579,parent_unmatched,0,-1
44b6_c50204e0,44b6,75,34809,35351,0.28398406505584717,0.28398406505584717,0.2381533831357956,0.7097780108451843,parent_unmatched,0,-1
44b6_c50204e0,44b6,76,35322,35855,0.12573708593845367,0.12573708593845367,0.09187065064907074,0.5620784163475037,parent_unmatched,0,-1
44b6_c50204e0,44b6,76,35411,35928,0.20691652595996857,0.20691652595996857,0.1917584091424942,1.2046927213668823,parent_unmatched,0,-1
44b6_c50204e0,44b6,76,35189,35729,0.2371489703655243,0.0887855663895607,0.040761061012744904,1.0025688409805298,parent_unmatched,0,-1
44b6_c50204e0,44b6,76,35569,36130,0.1370774656534195,0.1370774656534195,0.09833987802267075,0.5481388568878174,parent_unmatched,0,-1
44b6_c50204e0,44b6,78,36674,37182,0.16420650482177734,0.16420650482177734,0.14646418392658234,0.7230612635612488,parent_unmatched,0,-1
44b6_c50204e0,44b6,78,36665,37215,0.2166893035173416,0.2166893035173416,0.1516558676958084,1.3355189561843872,parent_unmatched,0,-1
44b6_c50204e0,44b6,79,37199,37759,0.22947677969932556,0.22947677969932556,0.1804783046245575,1.0611380338668823,parent_unmatched,0,-1
44b6_c50204e0,44b6,79,36717,37251,0.025868963450193405,0.02371213398873806,0.013091819360852242,0.30126217007637024,parent_unmatched,0,-1
44b6_c50204e0,44b6,79,36813,37304,0.09394177794456482,0.0934717133641243,0.09018262475728989,0.40232786536216736,parent_unmatched,0,-1
44b6_c50204e0,44b6,80,37509,38046,0.22260193526744843,0.22260193526744843,0.22260193526744843,0.6328912973403931,parent_unmatched,0,-1
44b6_c50204e0,44b6,80,37537,38055,0.22863581776618958,0.22863581776618958,0.21507799625396729,0.9810740351676941,parent_unmatched,0,-1
44b6_c50204e0,44b6,81,38199,38705,0.20832104980945587,0.20832104980945587,0.20812352001667023,1.0511714220046997,parent_unmatched,0,-1
44b6_c50204e0,44b6,81,38112,38642,0.32783791422843933,0.32783791422843933,0.32783791422843933,0.6616351008415222,parent_unmatched,0,-1
44b6_c50204e0,44b6,84,39482,40007,0.3253560960292816,0.3253560960292816,0.24183081090450287,0.8887298107147217,parent_unmatched,0,-1
44b6_c50204e0,44b6,85,40193,40737,0.1278040111064911,0.1278040111064911,0.1278040111064911,1.2329655885696411,parent_unmatched,0,-1
44b6_c50204e0,44b6,86,40742,41264,0.2134324312210083,0.2134324312210083,0.14769712090492249,0.7506831884384155,parent_unmatched,0,-1
44b6_c50204e0,44b6,86,40656,41212,0.14472883939743042,0.14472883939743042,0.14472883939743042,0.8046924471855164,parent_unmatched,0,-1
44b6_c50204e0,44b6,86,40826,41417,0.17027349770069122,0.17027349770069122,0.17027349770069122,1.0930746793746948,parent_unmatched,0,-1
44b6_c50204e0,44b6,87,41413,41954,0.21162880957126617,0.21162880957126617,0.21162880957126617,1.3328717947006226,parent_unmatched,0,-1
44b6_c50204e0,44b6,87,41190,41703,0.35785236954689026,0.35785236954689026,0.35785236954689026,1.3293590545654297,parent_unmatched,0,-1
44b6_c50204e0,44b6,88,41794,42323,0.18594782054424286,0.18594782054424286,0.18594782054424286,0.597145140171051,parent_unmatched,0,-1
44b6_c50204e0,44b6,89,42431,42999,0.17638765275478363,0.08176395297050476,0.03955719619989395,0.9883556962013245,parent_unmatched,0,-1
44b6_c50204e0,44b6,90,42720,43242,0.2817079424858093,0.2817079424858093,0.26382362842559814,0.9070320129394531,parent_unmatched,0,-1
44b6_c50204e0,44b6,90,42954,43505,0.2927687168121338,0.2927687168121338,0.2654770314693451,1.0038411617279053,parent_unmatched,0,-1
44b6_c50204e0,44b6,90,42888,43435,0.24899178743362427,0.2004626840353012,0.099741131067276,1.3428410291671753,parent_unmatched,0,-1
44b6_c50204e0,44b6,90,43037,43611,0.013535432517528534,0.013535432517528534,0.009761172346770763,0.38810938596725464,parent_unmatched,0,-1
44b6_c50204e0,44b6,91,43180,43710,0.21134504675865173,0.207792729139328,0.16265378892421722,0.44992005825042725,parent_unmatched,0,-1
44b6_c50204e0,44b6,91,43615,44161,0.05806756019592285,0.02299639955163002,0.004057398531585932,0.7228589057922363,parent_unmatched,0,-1
44b6_c50204e0,44b6,91,43513,44024,0.08281849324703217,0.04051898792386055,0.04051898792386055,0.6702515482902527,parent_unmatched,0,-1
44b6_c50204e0,44b6,92,43877,44451,0.1448497623205185,0.12714383006095886,0.09056361764669418,0.6885751485824585,parent_unmatched,0,-1
44b6_c50204e0,44b6,93,44423,44939,0.27008578181266785,0.27008578181266785,0.27008578181266785,1.2774596214294434,parent_unmatched,0,-1
44b6_c50204e0,44b6,93,44552,45064,0.22833386063575745,0.22833386063575745,0.21677784621715546,0.9568410515785217,parent_unmatched,0,-1
44b6_c50204e0,44b6,94,44763,45304,0.19145378470420837,0.13729777932167053,0.07521004229784012,0.6160006523132324,parent_unmatched,0,-1
44b6_c50204e0,44b6,94,45022,45516,0.0500277541577816,0.02001398615539074,0.013162797316908836,0.38702070713043213,parent_unmatched,0,-1
44b6_d2f34f90,44b6,3,334,480,0.06384075433015823,0.02823439985513687,0.01562645472586155,0.7801229953765869,parent_unmatched,0,-1
44b6_d2f34f90,44b6,6,853,1009,0.09818969666957855,0.09818969666957855,0.09485995769500732,0.9055985808372498,parent_unmatched,0,-1
44b6_d2f34f90,44b6,9,1270,1445,0.07045400142669678,0.07045400142669678,0.0692795068025589,0.7779275178909302,parent_unmatched,0,-1
44b6_d2f34f90,44b6,10,1441,1606,0.32922351360321045,0.2604375183582306,0.23454560339450836,0.7565883994102478,parent_unmatched,0,-1
44b6_d2f34f90,44b6,11,1639,1803,0.2556563913822174,0.2556563913822174,0.19654837250709534,0.9193751215934753,parent_unmatched,0,-1
44b6_d2f34f90,44b6,23,3779,3970,0.2877194881439209,0.2877194881439209,0.2639979124069214,0.8802650570869446,parent_unmatched,0,-1
44b6_d2f34f90,44b6,24,4033,4253,0.05825415253639221,0.05825415253639221,0.0552310012280941,0.8719887137413025,parent_unmatched,0,-1
44b6_d2f34f90,44b6,25,4237,4433,0.09818296134471893,0.09818296134471893,0.07545889914035797,0.9491381049156189,parent_unmatched,0,-1
44b6_d2f34f90,44b6,27,4611,4820,0.03150191158056259,0.03150191158056259,0.03150191158056259,0.7214692831039429,parent_unmatched,0,-1
44b6_d2f34f90,44b6,28,4804,5028,0.07222449779510498,0.05949065089225769,0.045053571462631226,0.8468136787414551,parent_unmatched,0,-1
44b6_d2f34f90,44b6,29,5068,5294,0.1542554795742035,0.1542554795742035,0.1487957239151001,0.6887136697769165,parent_unmatched,0,-1
44b6_d2f34f90,44b6,30,5235,5430,0.04343639314174652,0.04343639314174652,0.0427902489900589,0.8113304972648621,parent_unmatched,0,-1
44b6_d2f34f90,44b6,30,5273,5489,0.16722403466701508,0.16722403466701508,0.146602064371109,0.7421806454658508,parent_unmatched,0,-1
44b6_d2f34f90,44b6,35,6222,6414,0.04837904870510101,0.04837904870510101,0.04500613361597061,0.8929721117019653,parent_unmatched,0,-1
44b6_d2f34f90,44b6,36,6266,6448,0.24718941748142242,0.24718941748142242,0.22486507892608643,0.49082377552986145,parent_unmatched,0,-1
44b6_d2f34f90,44b6,37,6483,6669,0.2608652412891388,0.2608652412891388,0.1900644749403,0.7400601506233215,parent_unmatched,0,-1
44b6_d2f34f90,44b6,45,7997,8185,0.2906627058982849,0.29042676091194153,0.2667772173881531,0.5542609691619873,parent_unmatched,0,-1
44b6_d2f34f90,44b6,46,8187,8362,0.22375640273094177,0.22375640273094177,0.22375640273094177,0.9559648036956787,parent_unmatched,0,-1
44b6_d2f34f90,44b6,47,8408,8605,0.05788344144821167,0.05788344144821167,0.04689692333340645,0.7760453820228577,parent_unmatched,0,-1
44b6_d2f34f90,44b6,49,8801,8977,0.1392146348953247,0.1392146348953247,0.10198123008012772,0.7839916348457336,parent_unmatched,0,-1
44b6_d2f34f90,44b6,50,8918,9103,0.07429896295070648,0.07429896295070648,0.06001938506960869,0.985256552696228,parent_unmatched,0,-1
44b6_d2f34f90,44b6,53,9486,9667,0.06664721667766571,0.0579439252614975,0.04617660865187645,0.9020121097564697,parent_unmatched,0,-1
44b6_d2f34f90,44b6,55,9883,10076,0.1663748323917389,0.12336385250091553,0.11795724928379059,0.7090913653373718,parent_unmatched,0,-1
44b6_d2f34f90,44b6,56,9998,10206,0.20491454005241394,0.20491454005241394,0.20338362455368042,0.5157530307769775,parent_unmatched,0,-1
44b6_d2f34f90,44b6,59,10611,10819,0.051696598529815674,0.051696598529815674,0.051696598529815674,0.8261600136756897,parent_unmatched,0,-1
44b6_d2f34f90,44b6,59,10603,10818,0.04097205400466919,0.04097205400466919,0.04041212052106857,1.0663083791732788,parent_unmatched,0,-1
44b6_d2f34f90,44b6,60,10757,10965,0.20361781120300293,0.20361781120300293,0.1823333501815796,0.5784898996353149,parent_unmatched,0,-1
44b6_d2f34f90,44b6,60,10878,11096,0.07969310134649277,0.039879560470581055,0.03702211007475853,0.6552718281745911,parent_unmatched,0,-1
44b6_d2f34f90,44b6,61,11047,11253,0.2396870106458664,0.2396870106458664,0.22723472118377686,0.7222940325737,parent_unmatched,0,-1
44b6_d2f34f90,44b6,72,13281,13466,0.27757707238197327,0.27757707238197327,0.25195345282554626,0.8167001605033875,parent_unmatched,0,-1
44b6_d2f34f90,44b6,77,14285,14458,0.21160444617271423,0.21160444617271423,0.21011298894882202,0.6104117035865784,parent_unmatched,0,-1
44b6_d2f34f90,44b6,78,14510,14701,0.026692364364862442,0.026692364364862442,0.02060787007212639,0.8821942806243896,parent_unmatched,0,-1
44b6_d2f34f90,44b6,85,15699,15870,0.117075115442276,0.117075115442276,0.117075115442276,0.719951331615448,parent_unmatched,0,-1
44b6_d2f34f90,44b6,87,16016,16192,0.0536600686609745,0.04500698298215866,0.04161030426621437,0.8408625721931458,parent_unmatched,0,-1
44b6_d2f34f90,44b6,88,16175,16349,0.2695053815841675,0.22017234563827515,0.22017234563827515,0.6048599481582642,parent_unmatched,0,-1
44b6_d2f34f90,44b6,92,16892,17072,0.14199253916740417,0.14199253916740417,0.14199253916740417,0.6040034294128418,parent_unmatched,0,-1
44b6_d2f34f90,44b6,93,17028,17213,0.18740099668502808,0.18740099668502808,0.17289885878562927,0.9378800988197327,parent_unmatched,0,-1
44b6_d2f34f90,44b6,94,17253,17448,0.19889816641807556,0.19889816641807556,0.1846010535955429,0.5390815138816833,parent_unmatched,0,-1
44b6_d5e7d891,44b6,2,313,574,0.1512048989534378,0.1512048989534378,0.1512048989534378,0.909903347492218,parent_unmatched,0,-1
44b6_d5e7d891,44b6,3,707,1011,0.2724283039569855,0.2724283039569855,0.26749560236930847,0.9478920698165894,parent_matched_not_divider,0,19
44b6_d5e7d891,44b6,4,1090,1419,0.21217313408851624,0.21217313408851624,0.12861502170562744,1.3671528100967407,parent_unmatched,0,-1
44b6_d5e7d891,44b6,5,1221,1560,0.1912083923816681,0.12550228834152222,0.1017918810248375,0.835649311542511,parent_unmatched,0,-1
44b6_d5e7d891,44b6,7,2039,2373,0.047375019639730453,0.047375019639730453,0.039623767137527466,0.6388119459152222,parent_unmatched,0,-1
44b6_d5e7d891,44b6,10,3000,3334,0.1932983696460724,0.1932983696460724,0.11837343126535416,0.8139281272888184,parent_unmatched,0,-1
44b6_d5e7d891,44b6,10,3098,3448,0.146426722407341,0.12274791300296783,0.07314838469028473,0.836273193359375,parent_unmatched,0,-1
44b6_d5e7d891,44b6,12,3691,4045,0.4021049737930298,0.4021049737930298,0.33806079626083374,0.9694579243659973,parent_unmatched,0,-1
44b6_d5e7d891,44b6,12,3618,3970,0.2675406336784363,0.2675406336784363,0.21009208261966705,1.0807920694351196,parent_unmatched,0,-1
44b6_d5e7d891,44b6,13,4127,4515,0.35551148653030396,0.35551148653030396,0.35551148653030396,1.22495698928833,parent_unmatched,0,-1
44b6_d5e7d891,44b6,16,5309,5687,0.28001081943511963,0.28001081943511963,0.26612842082977295,0.885884702205658,parent_unmatched,0,-1
44b6_d5e7d891,44b6,17,5799,6185,0.11827601492404938,0.11827601492404938,0.06998363137245178,1.296675205230713,parent_unmatched,0,-1
44b6_d5e7d891,44b6,18,5841,6239,0.09330350160598755,0.09330350160598755,0.09330350160598755,0.5672718286514282,parent_unmatched,0,-1
44b6_d5e7d891,44b6,19,6392,6812,0.22995632886886597,0.22995632886886597,0.22995632886886597,0.8005198240280151,parent_unmatched,0,-1
44b6_d5e7d891,44b6,19,6403,6787,0.08635733276605606,0.08635733276605606,0.08239348232746124,0.6099836826324463,parent_unmatched,0,-1
44b6_d5e7d891,44b6,19,6325,6682,0.20457211136817932,0.20457211136817932,0.19227246940135956,0.8726751804351807,parent_unmatched,0,-1
44b6_d5e7d891,44b6,20,6790,7155,0.2567424476146698,0.2567424476146698,0.2567424476146698,0.9966959357261658,parent_unmatched,0,-1
44b6_d5e7d891,44b6,21,7166,7554,0.19181522727012634,0.19181522727012634,0.18113981187343597,0.8630331158638,parent_unmatched,0,-1
44b6_d5e7d891,44b6,22,7775,8179,0.28360190987586975,0.28360190987586975,0.27922284603118896,0.8238142132759094,parent_unmatched,0,-1
44b6_d5e7d891,44b6,23,7988,8376,0.08077023923397064,0.021775417029857635,0.01473072450608015,0.5422031879425049,parent_unmatched,0,-1
44b6_d5e7d891,44b6,23,8220,8674,0.3171887993812561,0.3171887993812561,0.3171887993812561,0.9510825276374817,parent_unmatched,0,-1
44b6_d5e7d891,44b6,24,8505,8907,0.26732608675956726,0.26732608675956726,0.2541716694831848,0.9399089217185974,parent_unmatched,0,-1
44b6_d5e7d891,44b6,25,8934,9382,0.26122766733169556,0.26122766733169556,0.26122766733169556,0.8040528893470764,parent_unmatched,0,-1
44b6_d5e7d891,44b6,25,9008,9437,0.2092028260231018,0.2092028260231018,0.1850680112838745,0.8630023002624512,parent_unmatched,0,-1
44b6_d5e7d891,44b6,25,9044,9470,0.10827280580997467,0.10827280580997467,0.10309292376041412,0.8087698817253113,parent_unmatched,0,-1
44b6_d5e7d891,44b6,26,9277,9722,0.2793567478656769,0.2793567478656769,0.2793567478656769,0.7982350587844849,parent_unmatched,0,-1
44b6_d5e7d891,44b6,26,9453,9857,0.3772692084312439,0.3772692084312439,0.33423712849617004,0.7731704711914062,parent_unmatched,0,-1
44b6_d5e7d891,44b6,29,10700,11168,0.3058090806007385,0.3058090806007385,0.3058090806007385,0.8004894256591797,parent_unmatched,0,-1
44b6_d5e7d891,44b6,29,10463,10902,0.144740030169487,0.144740030169487,0.12988686561584473,0.9938673973083496,parent_unmatched,0,-1
44b6_d5e7d891,44b6,29,10813,11232,0.2269548773765564,0.2269548773765564,0.200647234916687,0.9547434449195862,parent_unmatched,0,-1
44b6_d5e7d891,44b6,30,10941,11376,0.18684031069278717,0.18684031069278717,0.09284902364015579,0.8455847501754761,parent_unmatched,0,-1
44b6_d5e7d891,44b6,30,11261,11732,0.19940122961997986,0.19940122961997986,0.19940122961997986,1.0318721532821655,parent_unmatched,0,-1
44b6_d5e7d891,44b6,31,11459,11902,0.15257367491722107,0.12590725719928741,0.07461056858301163,0.9497312307357788,parent_unmatched,0,-1
44b6_d5e7d891,44b6,31,11747,12192,0.14832040667533875,0.14832040667533875,0.1325974017381668,0.8067827224731445,parent_unmatched,0,-1
44b6_d5e7d891,44b6,32,11879,12351,0.07311561703681946,0.018212029710412025,0.009854485280811787,0.30093899369239807,parent_unmatched,0,-1
44b6_d5e7d891,44b6,32,11946,12400,0.2535170614719391,0.2535170614719391,0.2511172592639923,0.7838879823684692,parent_unmatched,0,-1
44b6_d5e7d891,44b6,32,11957,12461,0.2306784689426422,0.2306784689426422,0.2128847986459732,1.0980076789855957,parent_unmatched,0,-1
44b6_d5e7d891,44b6,32,12017,12480,0.2196183204650879,0.2196183204650879,0.2196183204650879,0.7593410611152649,parent_unmatched,0,-1
44b6_d5e7d891,44b6,34,13085,13550,0.12118182331323624,0.12118182331323624,0.08597056567668915,0.5462506413459778,parent_unmatched,0,-1
44b6_d5e7d891,44b6,35,13668,14126,0.13005775213241577,0.13005775213241577,0.1289830505847931,1.190556287765503,parent_unmatched,0,-1
44b6_d5e7d891,44b6,35,13718,14185,0.15820592641830444,0.15820592641830444,0.15044760704040527,0.456841379404068,parent_unmatched,0,-1
44b6_d5e7d891,44b6,38,15020,15511,0.0979994609951973,0.0979994609951973,0.06942064315080643,0.953963041305542,parent_unmatched,0,-1
44b6_d5e7d891,44b6,38,14972,15493,0.26070117950439453,0.26070117950439453,0.24206016957759857,0.664539098739624,parent_unmatched,0,-1
44b6_d5e7d891,44b6,40,15691,16159,0.19653242826461792,0.15063031017780304,0.12150132656097412,0.614473819732666,parent_unmatched,0,-1
44b6_d5e7d891,44b6,40,15740,16247,0.12894278764724731,0.12894278764724731,0.1106611117720604,0.8999708294868469,parent_unmatched,0,-1
44b6_d5e7d891,44b6,40,15988,16447,0.3280259668827057,0.3280259668827057,0.3280259668827057,0.9294520616531372,parent_unmatched,0,-1
44b6_d5e7d891,44b6,40,16051,16530,0.2917744815349579,0.2917744815349579,0.2917744815349579,1.4613425731658936,parent_unmatched,0,-1
44b6_d5e7d891,44b6,41,16216,16717,0.1085609719157219,0.1085609719157219,0.0983872041106224,0.8589975833892822,parent_unmatched,0,-1
44b6_d5e7d891,44b6,41,16450,16903,0.07358904927968979,0.07358904927968979,0.04160720482468605,0.7979569435119629,parent_unmatched,0,-1
44b6_d5e7d891,44b6,43,17257,17727,0.1854502558708191,0.1854502558708191,0.1854502558708191,0.8014169335365295,parent_unmatched,0,-1
44b6_d5e7d891,44b6,43,17262,17790,0.2829948365688324,0.2829948365688324,0.2798895835876465,0.6294097304344177,parent_unmatched,0,-1
44b6_d5e7d891,44b6,44,17960,18470,0.0969252958893776,0.09617243707180023,0.0723978653550148,0.6831851601600647,parent_unmatched,0,-1
44b6_d5e7d891,44b6,44,18013,18533,0.18269607424736023,0.1742694079875946,0.0603078231215477,1.1146457195281982,parent_unmatched,0,-1
44b6_d5e7d891,44b6,44,17627,18169,0.2408629208803177,0.2408629208803177,0.2408629208803177,0.9211727380752563,parent_unmatched,0,-1
44b6_d5e7d891,44b6,45,18518,18976,0.0705440416932106,0.06377975642681122,0.03142467886209488,0.7233313322067261,parent_unmatched,0,-1
44b6_d5e7d891,44b6,46,18997,19518,0.18352414667606354,0.0868898332118988,0.04038707911968231,0.9519575238227844,parent_unmatched,0,-1
44b6_d5e7d891,44b6,46,18730,19235,0.11126185208559036,0.11126185208559036,0.10859186947345734,0.4787170886993408,parent_unmatched,0,-1
44b6_d5e7d891,44b6,47,19489,19988,0.08822713047266006,0.08822713047266006,0.06350415199995041,0.9605774283409119,parent_unmatched,0,-1
44b6_d5e7d891,44b6,47,19260,19772,0.2646554112434387,0.2646554112434387,0.2624216675758362,1.0196226835250854,parent_unmatched,0,-1
44b6_d5e7d891,44b6,48,20065,20585,0.18286021053791046,0.13787135481834412,0.10720246285200119,1.1941839456558228,parent_unmatched,0,-1
44b6_d5e7d891,44b6,48,19956,20485,0.11424961686134338,0.11424961686134338,0.08061402291059494,1.0716744661331177,parent_unmatched,0,-1
44b6_d5e7d891,44b6,49,20615,21144,0.25651541352272034,0.25651541352272034,0.22197212278842926,0.7167680859565735,parent_unmatched,0,-1
44b6_d5e7d891,44b6,50,20674,21181,0.1225992888212204,0.1225992888212204,0.10352811217308044,0.5725429654121399,parent_unmatched,0,-1
44b6_d5e7d891,44b6,51,21372,21876,0.11768108606338501,0.11768108606338501,0.11768108606338501,0.3913903534412384,parent_unmatched,0,-1
44b6_d5e7d891,44b6,51,21171,21734,0.069085031747818,0.055532366037368774,0.043969325721263885,0.6128524541854858,parent_unmatched,0,-1
44b6_d5e7d891,44b6,52,22061,22582,0.12303642928600311,0.12303642928600311,0.1067047044634819,0.6055764555931091,parent_unmatched,0,-1
44b6_d5e7d891,44b6,52,22068,22550,0.21493667364120483,0.21493667364120483,0.16807135939598083,0.8402489423751831,parent_unmatched,0,-1
44b6_d5e7d891,44b6,53,22664,23186,0.15208327770233154,0.15208327770233154,0.15208327770233154,0.7179957032203674,parent_unmatched,0,-1
44b6_d5e7d891,44b6,53,22461,23010,0.3403696119785309,0.3403696119785309,0.3403696119785309,1.0894497632980347,parent_unmatched,0,-1
44b6_d5e7d891,44b6,54,22775,23268,0.17396138608455658,0.17396138608455658,0.11054299026727676,0.8583391308784485,parent_unmatched,0,-1
44b6_d5e7d891,44b6,54,22968,23457,0.1239495798945427,0.05959843099117279,0.02617277204990387,1.3009573221206665,parent_unmatched,0,-1
44b6_d5e7d891,44b6,55,23703,24228,0.22407422959804535,0.22407422959804535,0.22401070594787598,0.6748553514480591,parent_unmatched,0,-1
44b6_d5e7d891,44b6,56,24047,24552,0.06515215337276459,0.06040174514055252,0.05066097900271416,0.7792609333992004,parent_unmatched,0,-1
44b6_d5e7d891,44b6,56,23838,24384,0.24951721727848053,0.24951721727848053,0.2388984113931656,1.0437889099121094,parent_unmatched,0,-1
44b6_d5e7d891,44b6,57,24765,25284,0.03868027776479721,0.03281944617629051,0.013766259886324406,0.34033456444740295,parent_unmatched,0,-1
44b6_d5e7d891,44b6,58,24798,25334,0.14243076741695404,0.08733898401260376,0.07013999670743942,1.0122929811477661,parent_unmatched,0,-1
44b6_d5e7d891,44b6,58,25230,25774,0.05730437487363815,0.03251410648226738,0.008810454979538918,0.6457620859146118,parent_unmatched,0,-1
44b6_d5e7d891,44b6,58,25169,25647,0.17307713627815247,0.17307713627815247,0.154954195022583,0.6658058762550354,parent_unmatched,0,-1
44b6_d5e7d891,44b6,59,25748,26295,0.15678606927394867,0.15678606927394867,0.1058545708656311,0.9046317338943481,parent_unmatched,0,-1
44b6_d5e7d891,44b6,61,26433,26986,0.14634372293949127,0.14634372293949127,0.139490008354187,1.0487257242202759,parent_matched_not_divider,0,573
44b6_d5e7d891,44b6,61,26773,27326,0.2758614420890808,0.2758614420890808,0.263489693403244,0.6522806286811829,parent_unmatched,0,-1
44b6_d5e7d891,44b6,61,26859,27412,0.10999570041894913,0.10999570041894913,0.10312039405107498,0.8370015621185303,parent_unmatched,0,-1
44b6_d5e7d891,44b6,61,26726,27289,0.20708143711090088,0.20708143711090088,0.20708143711090088,1.2005093097686768,parent_unmatched,0,-1
44b6_d5e7d891,44b6,62,27067,27633,0.19865316152572632,0.12886162102222443,0.07514912635087967,0.7764066457748413,parent_unmatched,0,-1
44b6_d5e7d891,44b6,62,26958,27538,0.11021406948566437,0.11021406948566437,0.1035306379199028,0.6417610049247742,parent_unmatched,0,-1
44b6_d5e7d891,44b6,63,27910,28482,0.17784611880779266,0.16488243639469147,0.1475728303194046,0.8131481409072876,parent_matched_not_divider,0,587
44b6_d5e7d891,44b6,63,27860,28388,0.21668878197669983,0.21668878197669983,0.18871694803237915,0.4715144634246826,parent_unmatched,0,-1
44b6_d5e7d891,44b6,63,27870,28393,0.07256180793046951,0.05848705768585205,0.03783348575234413,0.8850417137145996,parent_unmatched,0,-1
44b6_d5e7d891,44b6,63,27817,28378,0.24145637452602386,0.20515257120132446,0.1649198979139328,0.6369041204452515,parent_unmatched,0,-1
44b6_d5e7d891,44b6,64,28502,29082,0.2684570848941803,0.2684570848941803,0.2462816685438156,0.5318751335144043,parent_unmatched,0,-1
44b6_d5e7d891,44b6,65,29126,29690,0.09690599143505096,0.09690599143505096,0.08307939767837524,0.7865857481956482,parent_unmatched,0,-1
44b6_d5e7d891,44b6,66,29161,29728,0.07850975543260574,0.0675075575709343,0.0675075575709343,0.19351425766944885,parent_unmatched,0,-1
44b6_d5e7d891,44b6,66,29500,30076,0.18667426705360413,0.16160239279270172,0.13518676161766052,0.6775595545768738,parent_unmatched,0,-1
44b6_d5e7d891,44b6,67,30057,30612,0.24579258263111115,0.19351673126220703,0.08727223426103592,1.22092866897583,parent_unmatched,0,-1
44b6_d5e7d891,44b6,68,30457,30983,0.11405985802412033,0.11405985802412033,0.11233745515346527,0.7372037768363953,parent_unmatched,0,-1
44b6_d5e7d891,44b6,69,31352,31924,0.16938811540603638,0.16938811540603638,0.16938811540603638,0.906044065952301,parent_unmatched,0,-1
44b6_d5e7d891,44b6,69,30953,31510,0.14166729152202606,0.14166729152202606,0.1260475218296051,0.7998982071876526,parent_unmatched,0,-1
44b6_d5e7d891,44b6,69,31156,31722,0.15270157158374786,0.15270157158374786,0.15270157158374786,0.9524563550949097,parent_unmatched,0,-1
44b6_d5e7d891,44b6,69,31263,31885,0.25610482692718506,0.25610482692718506,0.22339054942131042,0.7984557747840881,parent_unmatched,0,-1
44b6_d5e7d891,44b6,70,31817,32390,0.28253859281539917,0.28253859281539917,0.28253859281539917,1.2529858350753784,parent_unmatched,0,-1
44b6_d5e7d891,44b6,70,31722,32289,0.08701904863119125,0.08701904863119125,0.0857270210981369,0.8385812640190125,parent_unmatched,0,-1
44b6_d5e7d891,44b6,72,33046,33622,0.2285669445991516,0.16631080210208893,0.09911924600601196,1.1385643482208252,parent_unmatched,0,-1
44b6_d5e7d891,44b6,73,33215,33815,0.15411143004894257,0.15411143004894257,0.15411143004894257,0.5371556878089905,parent_unmatched,0,-1
44b6_d5e7d891,44b6,74,34284,34888,0.12810423970222473,0.09477134793996811,0.06376592814922333,1.4219313859939575,parent_unmatched,0,-1
44b6_d5e7d891,44b6,74,34305,34913,0.30553510785102844,0.30553510785102844,0.3003596365451813,0.35738879442214966,parent_unmatched,0,-1
44b6_d5e7d891,44b6,74,34001,34575,0.28102296590805054,0.28102296590805054,0.24578550457954407,1.0221608877182007,parent_unmatched,0,-1
44b6_d5e7d891,44b6,75,34873,35496,0.2876940071582794,0.2876940071582794,0.2602821886539459,0.6450732350349426,parent_unmatched,0,-1
44b6_d5e7d891,44b6,76,35571,36192,0.26772528886795044,0.26772528886795044,0.220542311668396,0.5280529856681824,parent_unmatched,0,-1
44b6_d5e7d891,44b6,77,35745,36373,0.2350970208644867,0.21963296830654144,0.21963296830654144,0.8640081882476807,parent_unmatched,0,-1
44b6_d5e7d891,44b6,77,36196,36835,0.2901812493801117,0.2901812493801117,0.2700054347515106,0.6246678233146667,parent_unmatched,0,-1
44b6_d5e7d891,44b6,78,36628,37268,0.21835465729236603,0.21835465729236603,0.17491114139556885,0.8000910878181458,parent_unmatched,0,-1
44b6_d5e7d891,44b6,78,36779,37437,0.18999634683132172,0.18999634683132172,0.17116381227970123,0.8512315154075623,parent_unmatched,0,-1
44b6_d5e7d891,44b6,78,36713,37324,0.28370246291160583,0.28370246291160583,0.2721371352672577,0.8845157027244568,parent_unmatched,0,-1
44b6_d5e7d891,44b6,78,36339,36993,0.1697227954864502,0.1697227954864502,0.09923973679542542,0.9118286967277527,parent_unmatched,0,-1
44b6_d5e7d891,44b6,79,37146,37763,0.11936204880475998,0.11936204880475998,0.08903268724679947,1.2735482454299927,parent_unmatched,0,-1
44b6_d5e7d891,44b6,79,37007,37638,0.0013334372779354453,0.0004134181363042444,0.0004134181363042444,0.05466030165553093,parent_unmatched,0,-1
44b6_d5e7d891,44b6,80,37690,38330,0.2533533275127411,0.2533533275127411,0.2533533275127411,0.6072595119476318,parent_unmatched,0,-1
44b6_d5e7d891,44b6,80,37839,38502,0.10033072531223297,0.10033072531223297,0.07668725401163101,0.5706649422645569,parent_unmatched,0,-1
44b6_d5e7d891,44b6,80,37665,38271,0.037202294915914536,0.037202294915914536,0.034282974898815155,0.06173202022910118,parent_unmatched,0,-1
44b6_d5e7d891,44b6,80,37691,38302,0.19376449286937714,0.19376449286937714,0.17957861721515656,0.8305606842041016,parent_unmatched,0,-1
44b6_d5e7d891,44b6,80,38141,38774,0.08400588482618332,0.08400588482618332,0.07931827753782272,0.6781116724014282,parent_unmatched,0,-1
44b6_d5e7d891,44b6,81,38281,38936,0.13640911877155304,0.13640911877155304,0.12586601078510284,0.6668579578399658,parent_unmatched,0,-1
44b6_d5e7d891,44b6,81,38388,39044,0.06024625897407532,0.06024625897407532,0.038471974432468414,0.57016521692276,parent_unmatched,0,-1
44b6_d5e7d891,44b6,81,38594,39245,0.3325779139995575,0.3325779139995575,0.3300386667251587,0.9450453519821167,parent_matched_not_divider,0,749
44b6_d5e7d891,44b6,81,38170,38848,0.11121080815792084,0.11121080815792084,0.10708235204219818,0.4691801965236664,parent_unmatched,0,-1
44b6_d5e7d891,44b6,83,39729,40365,0.2921513020992279,0.26258862018585205,0.26258862018585205,0.8310215473175049,parent_unmatched,0,-1
44b6_d5e7d891,44b6,83,39786,40398,0.23836906254291534,0.23836906254291534,0.2174825519323349,0.5915789604187012,parent_unmatched,0,-1
44b6_d5e7d891,44b6,83,39452,40076,0.02128482796251774,0.0014283775817602873,0.00021407257008831948,0.045447807759046555,parent_unmatched,0,-1
44b6_d5e7d891,44b6,83,39564,40157,0.060361482203006744,0.060361482203006744,0.050365377217531204,0.47257301211357117,parent_unmatched,0,-1
44b6_d5e7d891,44b6,84,40443,41077,0.14451158046722412,0.14451158046722412,0.1310720443725586,0.7668147087097168,parent_unmatched,0,-1
44b6_d5e7d891,44b6,84,40482,41106,0.3009559214115143,0.2632216513156891,0.1399698704481125,0.7033098936080933,parent_matched_not_divider,0,773
44b6_d5e7d891,44b6,85,40845,41455,0.12167012691497803,0.12167012691497803,0.12167012691497803,1.3894069194793701,parent_unmatched,0,-1
44b6_d5e7d891,44b6,85,41105,41672,0.2845054566860199,0.268800288438797,0.25988441705703735,0.8091373443603516,parent_unmatched,0,-1
44b6_d5e7d891,44b6,86,41723,42399,0.2673269510269165,0.2673269510269165,0.25957077741622925,1.028673768043518,parent_unmatched,0,-1
44b6_d5e7d891,44b6,87,42397,42986,0.31928035616874695,0.31928035616874695,0.30519384145736694,0.9919255971908569,parent_unmatched,0,-1
44b6_d5e7d891,44b6,87,42258,42843,0.12014521658420563,0.08551222085952759,0.03116896189749241,0.5893754363059998,parent_unmatched,0,-1
44b6_d5e7d891,44b6,88,42946,43534,0.24763230979442596,0.24763230979442596,0.24763230979442596,0.7752670049667358,parent_unmatched,0,-1
44b6_d5e7d891,44b6,88,42979,43631,0.2404855638742447,0.19607199728488922,0.1096566915512085,0.9689165949821472,parent_unmatched,0,-1
44b6_d5e7d891,44b6,88,42957,43546,0.2040909379720688,0.2040909379720688,0.204037144780159,0.7533107995986938,parent_unmatched,0,-1
44b6_d5e7d891,44b6,89,43309,43916,0.22575242817401886,0.17324841022491455,0.07029694318771362,0.7305352687835693,parent_unmatched,0,-1
44b6_d5e7d891,44b6,89,43334,43970,0.09553135186433792,0.09553135186433792,0.04604807123541832,0.9427995681762695,parent_unmatched,0,-1
44b6_d5e7d891,44b6,91,44541,45181,0.22909821569919586,0.05054110661149025,0.015285619534552097,0.8638054728507996,parent_unmatched,0,-1
44b6_d5e7d891,44b6,92,45344,45980,0.24861924350261688,0.24861924350261688,0.21710385382175446,0.8885084986686707,parent_unmatched,0,-1
44b6_d5e7d891,44b6,92,45410,46001,0.2711026072502136,0.2711026072502136,0.2711026072502136,0.5339893698692322,parent_unmatched,0,-1
44b6_d5e7d891,44b6,92,45451,46099,0.2110532820224762,0.12832997739315033,0.11312131583690643,0.5928462147712708,parent_unmatched,0,-1
44b6_d5e7d891,44b6,92,45491,46080,0.20740124583244324,0.18180541694164276,0.13742972910404205,0.7352510690689087,parent_unmatched,0,-1
44b6_d5e7d891,44b6,93,45844,46460,0.247803196310997,0.247803196310997,0.2455253154039383,0.9587754011154175,parent_unmatched,0,-1
44b6_d5e7d891,44b6,93,45931,46568,0.1805499941110611,0.1805499941110611,0.1785305142402649,0.6437782645225525,parent_unmatched,0,-1
44b6_d5e7d891,44b6,93,46207,46853,0.307468444108963,0.307468444108963,0.2775866389274597,1.0461676120758057,parent_unmatched,0,-1
44b6_d5e7d891,44b6,93,46204,46864,0.11411524564027786,0.09783308953046799,0.07211486995220184,1.2279835939407349,parent_unmatched,0,-1
44b6_d5e7d891,44b6,93,46005,46609,0.07886671274900436,0.07886671274900436,0.07886671274900436,0.6874744296073914,parent_unmatched,0,-1
44b6_d5e7d891,44b6,94,46555,47166,0.15787796676158905,0.15787796676158905,0.14341898262500763,0.473715215921402,parent_unmatched,0,-1
44b6_d5e7d891,44b6,94,46685,47330,0.2973504066467285,0.2973504066467285,0.26538580656051636,0.6666213870048523,parent_unmatched,0,-1
44b6_e28840c6,44b6,14,5058,5402,0.3694661259651184,0.3694661259651184,0.3694661259651184,1.0435302257537842,parent_unmatched,0,-1
44b6_e28840c6,44b6,53,18226,18549,0.061159953474998474,0.061159953474998474,0.059863582253456116,0.8162221908569336,parent_unmatched,0,-1
44b6_e28840c6,44b6,70,23938,24268,0.1504961997270584,0.12565286457538605,0.11712845414876938,0.5375356078147888,parent_unmatched,0,-1
44b6_e28840c6,44b6,76,25871,26224,0.2278192937374115,0.20155128836631775,0.20155128836631775,0.21242009103298187,parent_unmatched,0,-1
44b6_e28840c6,44b6,78,26621,26971,0.2867145538330078,0.2867145538330078,0.25026845932006836,0.8749713897705078,parent_unmatched,0,-1
44b6_12dfb391,44b6,2,795,1234,0.4154680073261261,0.4154680073261261,0.4154680073261261,1.2106119394302368,parent_unmatched,0,-1
44b6_12dfb391,44b6,7,3148,3637,0.4457660913467407,0.4457660913467407,0.4457660913467407,1.3873857259750366,parent_unmatched,0,-1
44b6_12dfb391,44b6,19,8978,9488,0.3707232177257538,0.3707232177257538,0.34529441595077515,0.9024642109870911,parent_unmatched,0,-1
44b6_12dfb391,44b6,20,9497,9989,0.3450795114040375,0.3450795114040375,0.2988756597042084,0.7615606188774109,parent_unmatched,0,-1
44b6_12dfb391,44b6,23,10757,11247,0.08690782636404037,0.08690782636404037,0.07196197658777237,0.2744971513748169,parent_unmatched,0,-1
44b6_12dfb391,44b6,23,10886,11362,0.2212909311056137,0.2212909311056137,0.2212909311056137,0.5758894681930542,parent_unmatched,0,-1
44b6_12dfb391,44b6,24,11624,12132,0.43168702721595764,0.43168702721595764,0.3877582550048828,1.4292489290237427,parent_unmatched,0,-1
44b6_12dfb391,44b6,26,12696,13214,0.46060651540756226,0.46060651540756226,0.46060651540756226,1.7823691368103027,parent_unmatched,0,-1
44b6_12dfb391,44b6,28,13531,14066,0.4728417992591858,0.4728417992591858,0.4728417992591858,1.6188156604766846,parent_unmatched,0,-1
44b6_12dfb391,44b6,30,14603,15137,0.4114702343940735,0.4114702343940735,0.4114702343940735,1.2612252235412598,parent_unmatched,0,-1
44b6_12dfb391,44b6,32,15615,16112,0.33857962489128113,0.33857962489128113,0.31815823912620544,0.7838345170021057,parent_unmatched,0,-1
44b6_12dfb391,44b6,33,16314,16846,0.31200316548347473,0.31200316548347473,0.2488963007926941,1.044297218322754,parent_unmatched,0,-1
44b6_12dfb391,44b6,37,18458,18980,0.239756777882576,0.239756777882576,0.21143777668476105,1.2276921272277832,parent_unmatched,0,-1
44b6_12dfb391,44b6,38,18691,19253,0.4077695906162262,0.4077695906162262,0.3603314459323883,1.001893401145935,parent_unmatched,0,-1
44b6_12dfb391,44b6,39,19286,19801,0.29321739077568054,0.29321739077568054,0.24228191375732422,0.5454294681549072,parent_unmatched,0,-1
44b6_12dfb391,44b6,42,21033,21561,0.31929638981819153,0.31929638981819153,0.31646233797073364,0.6798712611198425,parent_unmatched,0,-1
44b6_12dfb391,44b6,46,23360,23906,0.3682060241699219,0.3682060241699219,0.31398946046829224,1.145286202430725,parent_unmatched,0,-1
44b6_12dfb391,44b6,52,26300,26859,0.028068138286471367,0.028068138286471367,0.014165852218866348,0.16546374559402466,parent_unmatched,0,-1
44b6_12dfb391,44b6,54,27663,28194,0.3483545780181885,0.3483545780181885,0.3483545780181885,1.2067644596099854,parent_unmatched,0,-1
44b6_12dfb391,44b6,58,29950,30504,0.3283268213272095,0.3283268213272095,0.3085304796695709,1.3423397541046143,parent_unmatched,0,-1
44b6_12dfb391,44b6,59,30587,31180,0.3646239936351776,0.3646239936351776,0.36134853959083557,0.9680206179618835,parent_unmatched,0,-1
44b6_12dfb391,44b6,62,32339,32892,0.35500597953796387,0.35500597953796387,0.35241204500198364,1.0842688083648682,parent_unmatched,0,-1
44b6_12dfb391,44b6,62,32370,32976,0.39312800765037537,0.39312800765037537,0.39312800765037537,0.7283926606178284,parent_unmatched,0,-1
44b6_12dfb391,44b6,63,32838,33412,0.25268667936325073,0.25268667936325073,0.22068820893764496,0.8453938961029053,parent_unmatched,0,-1
44b6_12dfb391,44b6,63,33015,33588,0.1735420674085617,0.05795746669173241,0.02956748567521572,0.5073709487915039,parent_unmatched,0,-1
44b6_12dfb391,44b6,63,32945,33565,0.31613782048225403,0.31613782048225403,0.31613782048225403,0.9163002967834473,parent_unmatched,0,-1
44b6_12dfb391,44b6,64,33545,34106,0.25640612840652466,0.25640612840652466,0.2118813544511795,0.8535363078117371,parent_unmatched,0,-1
44b6_12dfb391,44b6,64,33610,34193,0.3880560100078583,0.3880560100078583,0.3880560100078583,1.179702639579773,parent_unmatched,0,-1
44b6_12dfb391,44b6,68,35963,36546,0.4085966944694519,0.4085966944694519,0.4085966944694519,1.2029403448104858,parent_unmatched,0,-1
44b6_12dfb391,44b6,68,35913,36468,0.4545794725418091,0.4545794725418091,0.4545794725418091,1.4705063104629517,parent_unmatched,0,-1
44b6_12dfb391,44b6,73,38922,39477,0.23981799185276031,0.23981799185276031,0.21280689537525177,1.111024260520935,parent_unmatched,0,-1
44b6_12dfb391,44b6,74,39270,39857,0.24554722011089325,0.24554722011089325,0.24554722011089325,0.8496494889259338,parent_unmatched,0,-1
44b6_12dfb391,44b6,75,39825,40396,0.3197515606880188,0.3197515606880188,0.2916877269744873,0.7847768664360046,parent_unmatched,0,-1
44b6_12dfb391,44b6,76,40566,41181,0.39118316769599915,0.39118316769599915,0.3716906011104584,1.2091987133026123,parent_unmatched,0,-1
44b6_12dfb391,44b6,77,41134,41695,0.25310924649238586,0.25310924649238586,0.25310924649238586,0.8625226020812988,parent_unmatched,0,-1
44b6_12dfb391,44b6,79,42484,43087,0.24129126965999603,0.24129126965999603,0.1017633005976677,1.6631473302841187,parent_unmatched,0,-1
44b6_12dfb391,44b6,79,42337,42930,0.3206084072589874,0.3206084072589874,0.31932908296585083,0.8938963413238525,parent_unmatched,0,-1
44b6_12dfb391,44b6,79,42221,42837,0.32452911138534546,0.32452911138534546,0.3010561466217041,0.5791120529174805,parent_unmatched,0,-1
44b6_12dfb391,44b6,80,42557,43154,0.02149992436170578,0.02149992436170578,0.018964577466249466,0.126564621925354,parent_unmatched,0,-1
44b6_12dfb391,44b6,81,43612,44215,0.3220379650592804,0.3220379650592804,0.3220379650592804,0.8340698480606079,parent_unmatched,0,-1
44b6_12dfb391,44b6,81,43638,44248,0.22528699040412903,0.22528699040412903,0.22528699040412903,1.0578640699386597,parent_unmatched,0,-1
44b6_12dfb391,44b6,81,43647,44260,0.37677836418151855,0.37677836418151855,0.37677836418151855,1.2190403938293457,parent_unmatched,0,-1
44b6_12dfb391,44b6,86,46616,47187,0.1302645355463028,0.1302645355463028,0.10293077677488327,0.6740550398826599,parent_unmatched,0,-1
44b6_12dfb391,44b6,87,47136,47763,0.20656491816043854,0.20656491816043854,0.20656491816043854,0.7827831506729126,parent_unmatched,0,-1
44b6_12dfb391,44b6,87,46952,47523,0.1768529862165451,0.1768529862165451,0.1768529862165451,0.8535096049308777,parent_unmatched,0,-1
44b6_12dfb391,44b6,88,47645,48242,0.32914143800735474,0.32914143800735474,0.3026472330093384,0.7317190170288086,parent_unmatched,0,-1
44b6_12dfb391,44b6,88,47618,48247,0.1915731579065323,0.1915731579065323,0.16663408279418945,0.9129704833030701,parent_unmatched,0,-1
44b6_12dfb391,44b6,90,49055,49662,0.38102200627326965,0.38102200627326965,0.38102200627326965,1.528774619102478,parent_unmatched,0,-1
44b6_12dfb391,44b6,91,49516,50153,0.2559461295604706,0.2478432059288025,0.2478432059288025,1.0147137641906738,parent_unmatched,0,-1
44b6_12dfb391,44b6,93,50830,51464,0.3234209418296814,0.30496132373809814,0.30496132373809814,0.9195697903633118,parent_unmatched,0,-1
44b6_12dfb391,44b6,94,51402,52055,0.2471846342086792,0.2471846342086792,0.24708689749240875,0.9128970503807068,parent_unmatched,0,-1
44b6_12dfb391,44b6,94,51349,51985,0.37509286403656006,0.37509286403656006,0.28618088364601135,1.4929791688919067,parent_unmatched,0,-1
44b6_267148e4,44b6,3,387,550,0.3066478967666626,0.3066478967666626,0.2165544629096985,1.1835486888885498,parent_unmatched,0,-1
44b6_267148e4,44b6,4,512,692,0.2782771587371826,0.2782771587371826,0.22421018779277802,0.792165994644165,parent_unmatched,0,-1
44b6_267148e4,44b6,8,1364,1556,0.06384807825088501,0.06384807825088501,0.050400394946336746,0.8956000208854675,parent_unmatched,0,-1
44b6_267148e4,44b6,9,1577,1781,0.18282067775726318,0.18282067775726318,0.17194190621376038,1.1126779317855835,parent_unmatched,0,-1
44b6_267148e4,44b6,10,1682,1879,0.37596938014030457,0.37596938014030457,0.2973701059818268,1.0016205310821533,parent_unmatched,0,-1
44b6_267148e4,44b6,11,1871,2081,0.38293877243995667,0.38293877243995667,0.37728163599967957,0.8167712688446045,parent_unmatched,0,-1
44b6_267148e4,44b6,13,2220,2420,0.30089929699897766,0.30089929699897766,0.15251567959785461,1.1359264850616455,parent_unmatched,0,-1
44b6_267148e4,44b6,13,2253,2464,0.21601584553718567,0.06889044493436813,0.049169912934303284,0.7171549201011658,parent_unmatched,0,-1
44b6_267148e4,44b6,14,2473,2689,0.18140707910060883,0.1571241170167923,0.1571241170167923,0.9686958193778992,parent_unmatched,0,-1
44b6_267148e4,44b6,14,2467,2684,0.38661178946495056,0.38661178946495056,0.38661178946495056,1.0940364599227905,parent_unmatched,0,-1
44b6_267148e4,44b6,15,2709,2935,0.3210614323616028,0.3210614323616028,0.22898341715335846,1.3310794830322266,parent_unmatched,0,-1
44b6_267148e4,44b6,16,3069,3307,0.07523126900196075,0.03717358037829399,0.009986411780118942,1.0196832418441772,parent_unmatched,0,-1
44b6_267148e4,44b6,22,4475,4723,0.15251772105693817,0.15251772105693817,0.14360415935516357,1.2301219701766968,parent_unmatched,0,-1
44b6_267148e4,44b6,23,4751,5014,0.08730758726596832,0.03475111722946167,0.01973385363817215,0.8651589155197144,parent_unmatched,0,-1
44b6_267148e4,44b6,23,4599,4884,0.12719972431659698,0.12719972431659698,0.05356839671730995,0.9256775379180908,parent_unmatched,0,-1
44b6_267148e4,44b6,25,5096,5370,0.3507896959781647,0.3507896959781647,0.28966450691223145,1.0303902626037598,parent_unmatched,0,-1
44b6_267148e4,44b6,27,5813,6077,0.0922446995973587,0.0922446995973587,0.0922446995973587,0.9925161600112915,parent_unmatched,0,-1
44b6_267148e4,44b6,29,6138,6387,0.229679137468338,0.229679137468338,0.2083585411310196,0.6653730869293213,parent_unmatched,0,-1
44b6_267148e4,44b6,29,6290,6565,0.26978442072868347,0.26978442072868347,0.2649209797382355,0.8822189569473267,parent_unmatched,0,-1
44b6_267148e4,44b6,30,6499,6778,0.28268924355506897,0.28268924355506897,0.18499653041362762,0.7598227262496948,parent_unmatched,0,-1
44b6_267148e4,44b6,30,6560,6827,0.11991740018129349,0.11991740018129349,0.0910186618566513,0.7020375728607178,parent_unmatched,0,-1
44b6_267148e4,44b6,31,6813,7087,0.11481927335262299,0.11481927335262299,0.0941767767071724,0.8364015817642212,parent_unmatched,0,-1
44b6_267148e4,44b6,31,6686,6959,0.37935611605644226,0.37935611605644226,0.29685693979263306,1.2412327527999878,parent_unmatched,0,-1
44b6_267148e4,44b6,32,7019,7321,0.33564049005508423,0.33564049005508423,0.32981279492378235,0.9639493227005005,parent_unmatched,0,-1
44b6_267148e4,44b6,33,7335,7630,0.23684269189834595,0.23684269189834595,0.23684269189834595,0.7346193194389343,parent_unmatched,0,-1
44b6_267148e4,44b6,37,8606,8872,0.024183550849556923,0.024183550849556923,0.018275391310453415,0.9330101609230042,parent_unmatched,0,-1
44b6_267148e4,44b6,38,8755,9029,0.34668880701065063,0.34668880701065063,0.33617323637008667,0.8446778655052185,parent_unmatched,0,-1
44b6_267148e4,44b6,40,9240,9502,0.30207839608192444,0.30207839608192444,0.2756842374801636,0.719157338142395,parent_unmatched,0,-1
44b6_267148e4,44b6,40,9286,9563,0.3160301744937897,0.3160301744937897,0.30070269107818604,0.621446967124939,parent_unmatched,0,-1
44b6_267148e4,44b6,41,9684,9946,0.056349799036979675,0.02992377243936062,0.02992377243936062,1.0050774812698364,parent_unmatched,0,-1
44b6_267148e4,44b6,45,10736,10972,0.18843606114387512,0.18843606114387512,0.14896565675735474,1.0244711637496948,parent_unmatched,0,-1
44b6_267148e4,44b6,46,10917,11126,0.3618669807910919,0.3618669807910919,0.3303593099117279,1.1982618570327759,parent_unmatched,0,-1
44b6_267148e4,44b6,46,10878,11098,0.39385634660720825,0.39385634660720825,0.36495450139045715,0.8343209624290466,parent_unmatched,0,-1
44b6_267148e4,44b6,47,11210,11429,0.1125694140791893,0.05763401463627815,0.038144439458847046,0.7734572291374207,parent_unmatched,0,-1
44b6_267148e4,44b6,48,11321,11492,0.27540123462677,0.27540123462677,0.19745515286922455,1.1906518936157227,parent_unmatched,0,-1
44b6_267148e4,44b6,49,11678,11917,0.054263122379779816,0.054263122379779816,0.04936998337507248,0.9326701760292053,parent_unmatched,0,-1
44b6_267148e4,44b6,50,11907,12165,0.1513829082250595,0.09174467623233795,0.0456230491399765,1.2243131399154663,parent_unmatched,0,-1
44b6_267148e4,44b6,50,11795,12063,0.04843592271208763,0.007618988398462534,0.003939774353057146,0.5096118450164795,parent_unmatched,0,-1
44b6_267148e4,44b6,51,12214,12489,0.14913314580917358,0.09048853069543839,0.018306918442249298,0.8390661478042603,parent_unmatched,0,-1
44b6_267148e4,44b6,51,12064,12341,0.34081965684890747,0.34081965684890747,0.30778640508651733,0.8553723692893982,parent_unmatched,0,-1
44b6_267148e4,44b6,52,12241,12518,0.10108990222215652,0.06814057379961014,0.02943682298064232,0.6896941065788269,parent_unmatched,0,-1
44b6_267148e4,44b6,52,12414,12701,0.3100689649581909,0.3100689649581909,0.2843225300312042,1.0328937768936157,parent_unmatched,0,-1
44b6_267148e4,44b6,53,12768,13056,0.08139277994632721,0.029075676575303078,0.01493756752461195,0.9420420527458191,parent_unmatched,0,-1
44b6_267148e4,44b6,54,13048,13341,0.06341508030891418,0.03146742284297943,0.017080768942832947,0.9189065098762512,parent_unmatched,0,-1
44b6_267148e4,44b6,54,12863,13158,0.2005295306444168,0.2005295306444168,0.17363017797470093,0.7214245200157166,parent_unmatched,0,-1
44b6_267148e4,44b6,55,13145,13434,0.31422337889671326,0.31422337889671326,0.31422337889671326,0.7690933346748352,parent_unmatched,0,-1
44b6_267148e4,44b6,55,13316,13603,0.0673864409327507,0.0673864409327507,0.05708928406238556,0.5014249086380005,parent_unmatched,0,-1
44b6_267148e4,44b6,56,13404,13698,0.30842405557632446,0.30842405557632446,0.2804639935493469,0.8898953199386597,parent_unmatched,0,-1
44b6_267148e4,44b6,56,13610,13903,0.09908735007047653,0.05940774083137512,0.03554069623351097,0.9145217537879944,parent_unmatched,0,-1
44b6_267148e4,44b6,57,13723,14008,0.23151186108589172,0.22153376042842865,0.15537554025650024,0.6862920522689819,parent_unmatched,0,-1
44b6_267148e4,44b6,59,14393,14657,0.05507388338446617,0.05507388338446617,0.04967094585299492,0.8715577125549316,parent_unmatched,0,-1
44b6_267148e4,44b6,59,14400,14673,0.11670218408107758,0.11670218408107758,0.06492840498685837,0.8706779479980469,parent_unmatched,0,-1
44b6_267148e4,44b6,60,14541,14815,0.2620343267917633,0.2620343267917633,0.2473805993795395,0.7763672471046448,parent_unmatched,0,-1
44b6_267148e4,44b6,61,15006,15291,0.09774318337440491,0.09774318337440491,0.06070538982748985,0.9849452972412109,parent_unmatched,0,-1
44b6_267148e4,44b6,63,15491,15765,0.14057105779647827,0.14057105779647827,0.14057105779647827,0.9935640096664429,parent_unmatched,0,-1
44b6_267148e4,44b6,63,15444,15720,0.16492225229740143,0.16492225229740143,0.11341864615678787,0.7578709721565247,parent_unmatched,0,-1
44b6_267148e4,44b6,65,16081,16361,0.04173770546913147,0.029734747484326363,0.023446252569556236,1.0161603689193726,parent_unmatched,0,-1
44b6_267148e4,44b6,66,16250,16506,0.2878427803516388,0.28541913628578186,0.2669965624809265,1.0050597190856934,parent_unmatched,0,-1
44b6_267148e4,44b6,67,16554,16812,0.20477119088172913,0.12648151814937592,0.10839230567216873,0.8962006568908691,parent_unmatched,0,-1
44b6_267148e4,44b6,67,16622,16882,0.04321475699543953,0.031452421098947525,0.009370126761496067,0.7646142840385437,parent_unmatched,0,-1
44b6_267148e4,44b6,70,17339,17599,0.1426163911819458,0.12579624354839325,0.08211445808410645,0.9747301936149597,parent_unmatched,0,-1
44b6_267148e4,44b6,73,18081,18311,0.05124690756201744,0.05124690756201744,0.049028076231479645,0.899528443813324,parent_unmatched,0,-1
44b6_267148e4,44b6,75,18637,18883,0.17214573919773102,0.15417525172233582,0.14324210584163666,0.9643433094024658,parent_unmatched,0,-1
44b6_267148e4,44b6,75,18608,18859,0.06323229521512985,0.06323229521512985,0.06323229521512985,0.8578130006790161,parent_unmatched,0,-1
44b6_267148e4,44b6,76,18696,18938,0.24415405094623566,0.24415405094623566,0.18379293382167816,0.6921606659889221,parent_unmatched,0,-1
44b6_267148e4,44b6,76,18865,19106,0.06774713844060898,0.06774713844060898,0.06747425347566605,1.1200518608093262,parent_unmatched,0,-1
44b6_267148e4,44b6,77,19120,19354,0.19772499799728394,0.19772499799728394,0.19772499799728394,0.9634517431259155,parent_unmatched,0,-1
44b6_267148e4,44b6,77,19111,19357,0.07369125634431839,0.07369125634431839,0.03654056414961815,0.8175097703933716,parent_unmatched,0,-1
44b6_267148e4,44b6,78,19297,19521,0.0399177111685276,0.02613227628171444,0.011073908768594265,0.7273691296577454,parent_unmatched,0,-1
44b6_267148e4,44b6,79,19503,19726,0.04459240287542343,0.025987548753619194,0.012095295824110508,0.6957604289054871,parent_unmatched,0,-1
44b6_267148e4,44b6,79,19554,19780,0.030382316559553146,0.025932880118489265,0.02327682636678219,0.7079017162322998,parent_unmatched,0,-1
44b6_267148e4,44b6,81,20012,20227,0.10506006330251694,0.10506006330251694,0.09317056089639664,0.8891690373420715,parent_unmatched,0,-1
44b6_267148e4,44b6,83,20448,20649,0.18450087308883667,0.18450087308883667,0.15201175212860107,1.0300796031951904,parent_unmatched,0,-1
44b6_267148e4,44b6,84,20676,20889,0.11907339096069336,0.11907339096069336,0.11025628447532654,0.8607854247093201,parent_unmatched,0,-1
44b6_267148e4,44b6,85,20728,20936,0.30439215898513794,0.30439215898513794,0.1868078112602234,0.8319339156150818,parent_unmatched,0,-1
44b6_267148e4,44b6,85,20918,21123,0.07173988968133926,0.07173988968133926,0.07173988968133926,1.0042312145233154,parent_unmatched,0,-1
44b6_267148e4,44b6,86,20978,21194,0.16673249006271362,0.16673249006271362,0.14758345484733582,0.8130107522010803,parent_unmatched,0,-1
44b6_267148e4,44b6,89,21664,21869,0.07341276109218597,0.059785112738609314,0.037838954478502274,1.1611074209213257,parent_unmatched,0,-1
44b6_267148e4,44b6,92,22161,22354,0.44302716851234436,0.35060909390449524,0.1574038416147232,1.0022304058074951,parent_unmatched,0,-1
44b6_2a2eff9f,44b6,1,359,821,0.10215754806995392,0.06804776936769485,0.006585599388927221,0.3555763065814972,parent_unmatched,0,-1
44b6_2a2eff9f,44b6,2,859,1338,0.23748567700386047,0.23748567700386047,0.20136840641498566,0.5520527362823486,parent_unmatched,0,-1
44b6_2a2eff9f,44b6,4,1355,1859,0.16025081276893616,0.16025081276893616,0.16025081276893616,0.7531243562698364,parent_unmatched,0,-1
44b6_2a2eff9f,44b6,4,1713,2237,0.15137307345867157,0.15137307345867157,0.14768415689468384,0.8572912812232971,parent_unmatched,0,-1
44b6_2a2eff9f,44b6,5,2077,2579,0.16534793376922607,0.0564676895737648,0.04636315256357193,1.0475977659225464,parent_unmatched,0,-1
44b6_2a2eff9f,44b6,5,2028,2534,0.2932639420032501,0.2932639420032501,0.20784585177898407,1.3079596757888794,parent_unmatched,0,-1
44b6_2a2eff9f,44b6,5,1972,2533,0.08408510684967041,0.08408510684967041,0.040473759174346924,0.6372225880622864,parent_unmatched,0,-1
44b6_2a2eff9f,44b6,6,2857,3402,0.20459811389446259,0.1698300540447235,0.13614702224731445,0.9163445830345154,parent_unmatched,0,-1
44b6_2a2eff9f,44b6,7,2993,3521,0.30449920892715454,0.30449920892715454,0.28795894980430603,0.7171422243118286,parent_unmatched,0,-1
44b6_2a2eff9f,44b6,10,4593,5129,0.04882432892918587,0.04882432892918587,0.027062196284532547,0.6896300315856934,parent_unmatched,0,-1
44b6_2a2eff9f,44b6,11,5414,5900,0.2537035346031189,0.2537035346031189,0.2537035346031189,1.1269029378890991,parent_unmatched,0,-1
44b6_2a2eff9f,44b6,12,5531,6012,0.15088866651058197,0.15088866651058197,0.12524636089801788,0.9949631690979004,parent_unmatched,0,-1
44b6_2a2eff9f,44b6,12,5938,6457,0.16827383637428284,0.14679980278015137,0.14679980278015137,0.4372841417789459,parent_unmatched,0,-1
44b6_2a2eff9f,44b6,12,5642,6151,0.06801024824380875,0.042371928691864014,0.02910252846777439,0.7324686646461487,parent_unmatched,0,-1
44b6_2a2eff9f,44b6,13,6447,6921,0.06352882832288742,0.06352882832288742,0.06352882832288742,0.16662512719631195,parent_unmatched,0,-1
44b6_2a2eff9f,44b6,14,6961,7461,0.2830049991607666,0.2830049991607666,0.23957890272140503,0.8609336018562317,parent_matched_not_divider,0,18
44b6_2a2eff9f,44b6,16,7630,8100,0.37637898325920105,0.37637898325920105,0.362255334854126,1.1812611818313599,parent_unmatched,0,-1
44b6_2a2eff9f,44b6,19,8923,9383,0.37302789092063904,0.37302789092063904,0.3562561273574829,0.8333677053451538,parent_unmatched,0,-1
44b6_2a2eff9f,44b6,22,10407,10876,0.17844660580158234,0.156191885471344,0.06847421824932098,0.554475724697113,parent_unmatched,0,-1
44b6_2a2eff9f,44b6,24,11229,11686,0.31088995933532715,0.3030625283718109,0.25440898537635803,0.7177878022193909,parent_unmatched,0,-1
44b6_2a2eff9f,44b6,24,11222,11673,0.2583545744419098,0.2583545744419098,0.2583545744419098,0.3802550435066223,parent_unmatched,0,-1
44b6_2a2eff9f,44b6,27,12627,13095,0.045384570956230164,0.037672799080610275,0.018913444131612778,0.2673434615135193,parent_unmatched,0,-1
44b6_2a2eff9f,44b6,28,13119,13557,0.12459336221218109,0.12459336221218109,0.12459336221218109,1.3122457265853882,parent_unmatched,0,-1
44b6_2a2eff9f,44b6,29,13748,14183,0.08639109879732132,0.08639109879732132,0.04862655699253082,1.0938606262207031,parent_unmatched,0,-1
44b6_2a2eff9f,44b6,29,13867,14324,0.13225586712360382,0.13225586712360382,0.12613679468631744,1.1928656101226807,parent_unmatched,0,-1
44b6_2a2eff9f,44b6,30,14324,14757,0.08803385496139526,0.06356976181268692,0.018370702862739563,1.0187883377075195,parent_unmatched,0,-1
44b6_2a2eff9f,44b6,31,14542,14990,0.26768991351127625,0.26768991351127625,0.26768991351127625,1.007865309715271,parent_unmatched,0,-1
44b6_2a2eff9f,44b6,32,15053,15504,0.08949543535709381,0.08270352333784103,0.06104685738682747,0.5545523166656494,parent_unmatched,0,-1
44b6_2a2eff9f,44b6,33,15565,16007,0.08926033973693848,0.08926033973693848,0.07423464953899384,0.9066933989524841,parent_unmatched,0,-1
44b6_2a2eff9f,44b6,34,15762,16197,0.24129129946231842,0.24129129946231842,0.24079804122447968,0.6023815274238586,parent_unmatched,0,-1
44b6_2a2eff9f,44b6,34,15873,16305,0.27534186840057373,0.2556971311569214,0.2535820007324219,0.7402239441871643,parent_unmatched,0,-1
44b6_2a2eff9f,44b6,34,16060,16523,0.01238744705915451,0.007192064542323351,0.004799239803105593,0.5847268104553223,parent_unmatched,0,-1
44b6_2a2eff9f,44b6,35,16307,16736,0.1439332515001297,0.1439332515001297,0.1439332515001297,0.6947985887527466,parent_unmatched,0,-1
44b6_2a2eff9f,44b6,35,16429,16907,0.11636018753051758,0.11636018753051758,0.11636018753051758,0.7144314050674438,parent_unmatched,0,-1
44b6_2a2eff9f,44b6,36,16970,17389,0.14963074028491974,0.14963074028491974,0.14963074028491974,0.7182232141494751,parent_unmatched,0,-1
44b6_2a2eff9f,44b6,38,17763,18210,0.16943690180778503,0.16943690180778503,0.16943690180778503,0.35432538390159607,parent_unmatched,0,-1
44b6_2a2eff9f,44b6,40,18564,18965,0.3107651174068451,0.285626620054245,0.22852873802185059,0.5430985689163208,parent_unmatched,0,-1
44b6_2a2eff9f,44b6,45,20411,20820,0.12290427088737488,0.11831767857074738,0.11831767857074738,0.6974683403968811,parent_unmatched,0,-1
44b6_2a2eff9f,44b6,46,21155,21574,0.215005561709404,0.157961905002594,0.1435774564743042,0.7871603965759277,parent_unmatched,0,-1
44b6_2a2eff9f,44b6,47,21587,22042,0.06572137027978897,0.06572137027978897,0.04851701855659485,0.8758065104484558,parent_unmatched,0,-1
44b6_2a2eff9f,44b6,47,21584,22051,0.10545302927494049,0.10545302927494049,0.08288254588842392,0.9768794775009155,parent_unmatched,0,-1
44b6_2a2eff9f,44b6,47,21383,21791,0.3403171896934509,0.3403171896934509,0.3403171896934509,0.6911830306053162,parent_unmatched,0,-1
44b6_2a2eff9f,44b6,49,22297,22702,0.3465200662612915,0.3465200662612915,0.3465200662612915,0.7766163349151611,parent_unmatched,0,-1
44b6_2a2eff9f,44b6,50,22653,23074,0.31741175055503845,0.31741175055503845,0.31741175055503845,0.7883831858634949,parent_unmatched,0,-1
44b6_2a2eff9f,44b6,50,22643,23060,0.33733072876930237,0.33733072876930237,0.33733072876930237,0.38561326265335083,parent_unmatched,0,-1
44b6_2a2eff9f,44b6,56,25399,25844,0.12103404104709625,0.1038551926612854,0.05483337491750717,1.6342209577560425,parent_unmatched,0,-1
44b6_2a2eff9f,44b6,57,25731,26168,0.23833732306957245,0.23833732306957245,0.1976940929889679,0.5125684142112732,parent_unmatched,0,-1
44b6_2a2eff9f,44b6,60,27017,27449,0.32959702610969543,0.32959702610969543,0.3182847201824188,1.11526620388031,parent_unmatched,0,-1
44b6_2a2eff9f,44b6,61,27563,28005,0.19705429673194885,0.18600864708423615,0.18600864708423615,0.41610273718833923,parent_unmatched,0,-1
44b6_2a2eff9f,44b6,61,27411,27860,0.2512248158454895,0.2512248158454895,0.1733824461698532,1.1405415534973145,parent_unmatched,0,-1
44b6_2a2eff9f,44b6,62,28082,28543,0.1873493492603302,0.1873493492603302,0.08381591737270355,1.505523920059204,parent_unmatched,0,-1
44b6_2a2eff9f,44b6,62,27794,28250,0.017975088208913803,0.012263487093150616,0.007206065114587545,0.24733847379684448,parent_unmatched,0,-1
44b6_2a2eff9f,44b6,64,28956,29392,0.1309310346841812,0.1309310346841812,0.08145041018724442,1.1225831508636475,parent_unmatched,0,-1
44b6_2a2eff9f,44b6,64,28976,29402,0.27244341373443604,0.27244341373443604,0.24552135169506073,0.41456225514411926,parent_unmatched,0,-1
44b6_2a2eff9f,44b6,64,28981,29452,0.07115701586008072,0.07115701586008072,0.06823816150426865,0.8177133202552795,parent_unmatched,0,-1
44b6_2a2eff9f,44b6,65,29299,29766,0.057679854333400726,0.057679854333400726,0.03607422485947609,0.0787104070186615,parent_unmatched,0,-1
44b6_2a2eff9f,44b6,66,29636,30099,0.32136234641075134,0.31116896867752075,0.30811235308647156,1.1159592866897583,parent_unmatched,0,-1
44b6_2a2eff9f,44b6,66,29763,30206,0.3061612546443939,0.3061612546443939,0.3061612546443939,0.5106921195983887,parent_unmatched,0,-1
44b6_2a2eff9f,44b6,66,29793,30263,0.13747359812259674,0.13747359812259674,0.12648068368434906,1.7895599603652954,parent_unmatched,0,-1
44b6_2a2eff9f,44b6,67,30143,30587,0.250607430934906,0.250607430934906,0.250607430934906,0.5317243933677673,parent_unmatched,0,-1
44b6_2a2eff9f,44b6,67,30340,30838,0.13241852819919586,0.13241852819919586,0.10740507394075394,0.6602147221565247,parent_unmatched,0,-1
44b6_2a2eff9f,44b6,67,30123,30613,0.26036307215690613,0.2523043751716614,0.2098453938961029,0.6114636063575745,parent_unmatched,0,-1
44b6_2a2eff9f,44b6,69,31225,31705,0.03354165330529213,0.021476121619343758,0.021476121619343758,0.4444918632507324,parent_unmatched,0,-1
44b6_2a2eff9f,44b6,70,31346,31793,0.12599708139896393,0.12599708139896393,0.10786520689725876,0.5185022354125977,parent_unmatched,0,-1
44b6_2a2eff9f,44b6,71,32217,32704,0.16866682469844818,0.16866682469844818,0.13027669489383698,0.5920896530151367,parent_unmatched,0,-1
44b6_2a2eff9f,44b6,72,32560,33059,0.28801918029785156,0.28801918029785156,0.28801918029785156,0.40507546067237854,parent_unmatched,0,-1
44b6_2a2eff9f,44b6,74,33643,34120,0.16342611610889435,0.16342611610889435,0.10514689236879349,0.6683444380760193,parent_unmatched,0,-1
44b6_2a2eff9f,44b6,74,33436,33916,0.16477985680103302,0.16477985680103302,0.1576555222272873,1.1959612369537354,parent_unmatched,0,-1
44b6_2a2eff9f,44b6,74,33524,33995,0.3174971044063568,0.3174971044063568,0.3174971044063568,0.5955145359039307,parent_unmatched,0,-1
44b6_2a2eff9f,44b6,74,33391,33862,0.31122922897338867,0.31122922897338867,0.31122922897338867,0.871845543384552,parent_unmatched,0,-1
44b6_2a2eff9f,44b6,75,33861,34313,0.22596997022628784,0.22596997022628784,0.22395731508731842,0.7826117277145386,parent_unmatched,0,-1
44b6_2a2eff9f,44b6,76,34382,34857,0.12987269461154938,0.12987269461154938,0.11523522436618805,0.9255691766738892,parent_unmatched,0,-1
44b6_2a2eff9f,44b6,76,34281,34752,0.2167031466960907,0.2167031466960907,0.19191031157970428,0.7217288017272949,parent_unmatched,0,-1
44b6_2a2eff9f,44b6,78,35409,35900,0.2783799171447754,0.2783799171447754,0.25099751353263855,0.8184694647789001,parent_unmatched,0,-1
44b6_2a2eff9f,44b6,78,35583,36084,0.15666331350803375,0.09313520044088364,0.045949261635541916,0.5294170379638672,parent_unmatched,0,-1
44b6_2a2eff9f,44b6,78,35387,35873,0.22930781543254852,0.22930781543254852,0.20141275227069855,0.9501022100448608,parent_unmatched,0,-1
44b6_2a2eff9f,44b6,79,36077,36573,0.20044578611850739,0.14456915855407715,0.08317308872938156,0.35808128118515015,parent_unmatched,0,-1
44b6_2a2eff9f,44b6,81,37041,37541,0.09171973168849945,0.09171973168849945,0.05614381283521652,1.0024924278259277,parent_unmatched,0,-1
44b6_2a2eff9f,44b6,85,38828,39300,0.1988287717103958,0.1988287717103958,0.1988287717103958,0.32489141821861267,parent_unmatched,0,-1
44b6_2a2eff9f,44b6,86,39369,39842,0.1654527634382248,0.1654527634382248,0.1654527634382248,1.0699782371520996,parent_unmatched,0,-1
44b6_2a2eff9f,44b6,88,40226,40698,0.2754512429237366,0.2754512429237366,0.2754512429237366,0.6505930423736572,parent_unmatched,0,-1
44b6_2a2eff9f,44b6,89,40603,41086,0.311522513628006,0.311522513628006,0.311522513628006,0.39058351516723633,parent_unmatched,0,-1
44b6_2a2eff9f,44b6,89,40674,41162,0.09781379252672195,0.09781379252672195,0.07678180187940598,0.9588444828987122,parent_unmatched,0,-1
44b6_2a2eff9f,44b6,91,41693,42199,0.052601080387830734,0.03399428725242615,0.026462899520993233,1.186201572418213,parent_unmatched,0,-1
44b6_2a2eff9f,44b6,93,42519,43002,0.12436986714601517,0.12436986714601517,0.10718438774347305,0.8789363503456116,parent_unmatched,0,-1
44b6_2a2eff9f,44b6,93,42832,43330,0.04891170561313629,0.04399790242314339,0.04399790242314339,1.0264253616333008,parent_unmatched,0,-1
44b6_2a2eff9f,44b6,94,43287,43798,0.11453182995319366,0.11453182995319366,0.09179817140102386,1.0021765232086182,parent_unmatched,0,-1
44b6_341df25f,44b6,1,72,166,0.42426207661628723,0.42426207661628723,0.34503689408302307,0.7628564238548279,parent_unmatched,0,-1
44b6_341df25f,44b6,21,2106,2217,0.11971264332532883,0.11971264332532883,0.08810307830572128,0.6683973670005798,parent_unmatched,0,-1
44b6_341df25f,44b6,23,2293,2399,0.42298048734664917,0.42298048734664917,0.3563925623893738,1.061468243598938,parent_unmatched,0,-1
44b6_341df25f,44b6,26,2680,2785,0.22524382174015045,0.0845535546541214,0.015927499160170555,0.8276299834251404,parent_unmatched,0,-1
44b6_341df25f,44b6,36,3581,3669,0.38977500796318054,0.2787354588508606,0.17737632989883423,1.8740177154541016,parent_unmatched,0,-1
44b6_341df25f,44b6,71,6787,6885,0.4758944809436798,0.4758944809436798,0.44513535499572754,1.8030093908309937,parent_unmatched,0,-1
44b6_341df25f,44b6,72,6893,6995,0.2039874792098999,0.19051937758922577,0.06842605024576187,1.0568450689315796,parent_unmatched,0,-1
44b6_341df25f,44b6,83,7899,7976,0.033862218260765076,0.033862218260765076,0.026400815695524216,0.20991294085979462,parent_unmatched,0,-1
44b6_341df25f,44b6,92,8661,8746,0.32671788334846497,0.17522217333316803,0.03181575983762741,0.8951625823974609,parent_unmatched,0,-1
44b6_587a1e22,44b6,2,319,500,0.3578939735889435,0.3578939735889435,0.3578939735889435,0.3820149302482605,parent_unmatched,0,-1
44b6_587a1e22,44b6,3,361,531,0.0876319482922554,0.0876319482922554,0.03334943950176239,0.30913999676704407,parent_unmatched,0,-1
44b6_587a1e22,44b6,6,926,1127,0.25645312666893005,0.25645312666893005,0.18505878746509552,0.7357780337333679,parent_unmatched,0,-1
44b6_587a1e22,44b6,6,987,1191,0.06855043023824692,0.033176518976688385,0.0051028188318014145,0.5857142806053162,parent_unmatched,0,-1
44b6_587a1e22,44b6,10,1776,1987,0.12256483733654022,0.12256483733654022,0.03655127063393593,0.5125905871391296,parent_unmatched,0,-1
44b6_587a1e22,44b6,12,2224,2438,0.2989685833454132,0.2989685833454132,0.23876333236694336,0.8809939026832581,parent_unmatched,0,-1
44b6_587a1e22,44b6,14,2706,2921,0.4163351058959961,0.4163351058959961,0.4163351058959961,0.997332751750946,parent_unmatched,0,-1
44b6_587a1e22,44b6,16,3116,3327,0.40128278732299805,0.40128278732299805,0.3455888032913208,1.1867737770080566,parent_unmatched,0,-1
44b6_587a1e22,44b6,16,3156,3386,0.31993889808654785,0.31993889808654785,0.31836649775505066,0.6835787892341614,parent_unmatched,0,-1
44b6_587a1e22,44b6,19,3956,4187,0.4285837411880493,0.4285837411880493,0.4285837411880493,1.0251721143722534,parent_unmatched,0,-1
44b6_587a1e22,44b6,21,4434,4667,0.33325985074043274,0.22050230205059052,0.037661924958229065,0.5322951674461365,parent_unmatched,0,-1
44b6_587a1e22,44b6,21,4271,4494,0.08155038952827454,0.04845352843403816,0.016481179744005203,0.5040405988693237,parent_unmatched,0,-1
44b6_587a1e22,44b6,24,4996,5233,0.3647491931915283,0.2504081428050995,0.1325567066669464,0.950519323348999,parent_unmatched,0,-1
44b6_587a1e22,44b6,24,4934,5160,0.02474087104201317,0.00997268408536911,0.00997268408536911,0.3518865704536438,parent_unmatched,0,-1
44b6_587a1e22,44b6,25,5373,5613,0.49000734090805054,0.39076170325279236,0.14070674777030945,1.1336740255355835,parent_unmatched,0,-1
44b6_587a1e22,44b6,25,5159,5403,0.21506568789482117,0.18115025758743286,0.11213524639606476,0.5002261996269226,parent_unmatched,0,-1
44b6_587a1e22,44b6,26,5423,5652,0.0999191626906395,0.09503871202468872,0.0539872944355011,0.4468993544578552,parent_unmatched,0,-1
44b6_587a1e22,44b6,30,6461,6703,0.33700260519981384,0.33700260519981384,0.16347041726112366,1.027610182762146,parent_unmatched,0,-1
44b6_587a1e22,44b6,33,7137,7380,0.394325852394104,0.394325852394104,0.394325852394104,1.0147144794464111,parent_unmatched,0,-1
44b6_587a1e22,44b6,34,7551,7790,0.33771559596061707,0.33771559596061707,0.33771559596061707,0.913569450378418,parent_unmatched,0,-1
44b6_587a1e22,44b6,37,8127,8349,0.43908563256263733,0.43908563256263733,0.43908563256263733,1.1764531135559082,parent_unmatched,0,-1
44b6_587a1e22,44b6,40,8771,8993,0.1347767561674118,0.10187886655330658,0.03525274246931076,0.69899582862854,parent_unmatched,0,-1
44b6_587a1e22,44b6,41,9023,9251,0.3975834250450134,0.3975834250450134,0.38692227005958557,0.8163164258003235,parent_unmatched,0,-1
44b6_587a1e22,44b6,41,9029,9250,0.45759421586990356,0.45759421586990356,0.45759421586990356,1.06216561794281,parent_unmatched,0,-1
44b6_587a1e22,44b6,42,9421,9671,0.029948081821203232,0.029948081821203232,0.019815975800156593,0.17368614673614502,parent_unmatched,0,-1
44b6_587a1e22,44b6,42,9232,9461,0.3098958432674408,0.3098958432674408,0.3098958432674408,0.835198163986206,parent_unmatched,0,-1
44b6_587a1e22,44b6,44,9735,9974,0.4273584485054016,0.29829829931259155,0.1386122852563858,1.1410599946975708,parent_unmatched,0,-1
44b6_587a1e22,44b6,47,10493,10735,0.37023237347602844,0.37023237347602844,0.37023237347602844,0.7439989447593689,parent_unmatched,0,-1
44b6_587a1e22,44b6,54,11968,12187,0.378356397151947,0.378356397151947,0.35061997175216675,0.8823010325431824,parent_unmatched,0,-1
44b6_587a1e22,44b6,56,12408,12635,0.4202841520309448,0.4202841520309448,0.4202841520309448,1.0023542642593384,parent_unmatched,0,-1
44b6_587a1e22,44b6,56,12536,12752,0.11045181751251221,0.11045181751251221,0.11045181751251221,0.8336257338523865,parent_unmatched,0,-1
44b6_587a1e22,44b6,57,12725,12931,0.3847322463989258,0.3847322463989258,0.3847322463989258,0.6805766224861145,parent_unmatched,0,-1
44b6_587a1e22,44b6,58,12826,13036,0.3408072292804718,0.3408072292804718,0.3408072292804718,0.8408050537109375,parent_unmatched,0,-1
44b6_587a1e22,44b6,58,12879,13089,0.32636189460754395,0.10525951534509659,0.06830950081348419,0.8442789912223816,parent_unmatched,0,-1
44b6_587a1e22,44b6,60,13201,13417,0.4474697411060333,0.4474697411060333,0.4155493378639221,1.004268765449524,parent_unmatched,0,-1
44b6_587a1e22,44b6,60,13214,13412,0.12060357630252838,0.12060357630252838,0.06250815093517303,0.574668288230896,parent_unmatched,0,-1
44b6_587a1e22,44b6,62,13663,13879,0.02510162815451622,0.02510162815451622,0.021012574434280396,0.5014893412590027,parent_unmatched,0,-1
44b6_587a1e22,44b6,65,14284,14485,0.4473128318786621,0.4473128318786621,0.41707202792167664,0.8993486762046814,parent_unmatched,0,-1
44b6_587a1e22,44b6,66,14527,14707,0.4091087579727173,0.4091087579727173,0.33737367391586304,0.7728476524353027,parent_unmatched,0,-1
44b6_587a1e22,44b6,67,14762,14946,0.45370176434516907,0.45370176434516907,0.45370176434516907,0.9362736940383911,parent_unmatched,0,-1
44b6_587a1e22,44b6,69,15033,15214,0.27669423818588257,0.27669423818588257,0.2529999315738678,1.0189180374145508,parent_unmatched,0,-1
44b6_587a1e22,44b6,70,15314,15492,0.44549497961997986,0.44549497961997986,0.3659686744213104,1.3201426267623901,parent_unmatched,0,-1
44b6_587a1e22,44b6,74,16003,16166,0.41705211997032166,0.41705211997032166,0.3744446337223053,0.7671537399291992,parent_unmatched,0,-1
44b6_587a1e22,44b6,76,16214,16374,0.2078161984682083,0.17910988628864288,0.07573778927326202,0.7980459332466125,parent_unmatched,0,-1
44b6_587a1e22,44b6,78,16541,16693,0.02815001830458641,0.014376267790794373,0.005362006835639477,0.4009653925895691,parent_unmatched,0,-1
44b6_587a1e22,44b6,89,18116,18245,0.4764116704463959,0.4764116704463959,0.41535571217536926,1.3547940254211426,parent_unmatched,0,-1
44b6_587a1e22,44b6,93,18530,18647,0.4382835030555725,0.3512957990169525,0.0547061450779438,1.3485369682312012,parent_unmatched,0,-1
44b6_5f15d135,44b6,1,112,374,0.255227267742157,0.255227267742157,0.23970100283622742,0.7530310153961182,parent_unmatched,0,-1
44b6_5f15d135,44b6,2,259,536,0.20821037888526917,0.20821037888526917,0.17659752070903778,0.4997578263282776,parent_unmatched,0,-1
44b6_5f15d135,44b6,2,503,784,0.020384902134537697,0.011978354305028915,0.008979006670415401,0.990920901298523,parent_unmatched,0,-1
44b6_5f15d135,44b6,3,754,1060,0.25700411200523376,0.25700411200523376,0.25700411200523376,1.0952413082122803,parent_unmatched,0,-1
44b6_5f15d135,44b6,3,765,1102,0.05189422890543938,0.05189422890543938,0.04521997645497322,0.9505447745323181,parent_unmatched,0,-1
44b6_5f15d135,44b6,6,1460,1792,0.24538563191890717,0.24538563191890717,0.21301411092281342,0.3472195863723755,parent_unmatched,0,-1
44b6_5f15d135,44b6,6,1731,2048,0.20516283810138702,0.16007766127586365,0.14764055609703064,0.7179409265518188,parent_unmatched,0,-1
44b6_5f15d135,44b6,6,1570,1906,0.15529343485832214,0.15529343485832214,0.15529343485832214,0.5313293933868408,parent_unmatched,0,-1
44b6_5f15d135,44b6,7,2039,2368,0.24782158434391022,0.24782158434391022,0.17276504635810852,0.8612003326416016,parent_unmatched,0,-1
44b6_5f15d135,44b6,7,2014,2343,0.20860184729099274,0.20860184729099274,0.20860184729099274,1.1074084043502808,parent_unmatched,0,-1
44b6_5f15d135,44b6,9,2696,2984,0.0754447728395462,0.0754447728395462,0.06675603985786438,0.8866062164306641,parent_unmatched,0,-1
44b6_5f15d135,44b6,10,2806,3117,0.0782114565372467,0.0782114565372467,0.05622275546193123,0.8214484453201294,parent_unmatched,0,-1
44b6_5f15d135,44b6,10,2758,3055,0.16526834666728973,0.16526834666728973,0.16526834666728973,0.7063255906105042,parent_unmatched,0,-1
44b6_5f15d135,44b6,11,3282,3593,0.22077429294586182,0.22077429294586182,0.18951135873794556,0.7022624611854553,parent_matched_not_divider,0,32
44b6_5f15d135,44b6,11,3118,3444,0.2834663987159729,0.2834663987159729,0.28037047386169434,0.6876331567764282,parent_unmatched,0,-1
44b6_5f15d135,44b6,12,3588,3911,0.22657178342342377,0.20838738977909088,0.17216072976589203,0.7741424441337585,parent_unmatched,0,-1
44b6_5f15d135,44b6,13,3789,4125,0.14877429604530334,0.14877429604530334,0.14877429604530334,0.8270107507705688,parent_unmatched,0,-1
44b6_5f15d135,44b6,14,4074,4393,0.10573072731494904,0.10573072731494904,0.09841597080230713,0.7991194128990173,parent_unmatched,0,-1
44b6_5f15d135,44b6,16,4731,5080,0.22939032316207886,0.22939032316207886,0.22479751706123352,0.6296270489692688,parent_unmatched,0,-1
44b6_5f15d135,44b6,17,5252,5592,0.30372387170791626,0.30372387170791626,0.2682507336139679,1.0121222734451294,parent_unmatched,0,-1
44b6_5f15d135,44b6,19,5813,6163,0.11464960128068924,0.10185515135526657,0.10185515135526657,0.9054417610168457,parent_unmatched,0,-1
44b6_5f15d135,44b6,20,6237,6560,0.04336743801832199,0.04336743801832199,0.041604600846767426,0.8670026063919067,parent_unmatched,0,-1
44b6_5f15d135,44b6,20,6227,6546,0.1328333020210266,0.1328333020210266,0.1328333020210266,0.7389701008796692,parent_unmatched,0,-1
44b6_5f15d135,44b6,21,6530,6857,0.27681729197502136,0.27681729197502136,0.27681729197502136,0.5393105745315552,parent_unmatched,0,-1
44b6_5f15d135,44b6,22,6985,7314,0.23384785652160645,0.23384785652160645,0.19055190682411194,0.6635364890098572,parent_unmatched,0,-1
44b6_5f15d135,44b6,23,7329,7633,0.08672085404396057,0.07873955368995667,0.05767272785305977,1.2409394979476929,parent_unmatched,0,-1
44b6_5f15d135,44b6,23,7217,7525,0.13316486775875092,0.11809272319078445,0.10122749209403992,0.9317362904548645,parent_unmatched,0,-1
44b6_5f15d135,44b6,24,7627,7933,0.23028847575187683,0.23028847575187683,0.2055949866771698,0.9425249695777893,parent_unmatched,0,-1
44b6_5f15d135,44b6,24,7521,7824,0.03733384609222412,0.02546634152531624,0.01955355703830719,0.5140230655670166,parent_unmatched,0,-1
44b6_5f15d135,44b6,25,7833,8143,0.028781473636627197,0.028781473636627197,0.024459848180413246,0.8441053628921509,parent_unmatched,0,-1
44b6_5f15d135,44b6,26,8202,8525,0.12725627422332764,0.11293431371450424,0.08119083940982819,0.8650377988815308,parent_unmatched,0,-1
44b6_5f15d135,44b6,27,8569,8893,0.11217876523733139,0.11217876523733139,0.09798639267683029,0.6323239803314209,parent_unmatched,0,-1
44b6_5f15d135,44b6,28,8868,9165,0.22588631510734558,0.22588631510734558,0.19066958129405975,0.6571894288063049,parent_unmatched,0,-1
44b6_5f15d135,44b6,28,8678,8989,0.27666178345680237,0.27666178345680237,0.27666178345680237,0.7237434387207031,parent_unmatched,0,-1
44b6_5f15d135,44b6,29,9068,9374,0.054810699075460434,0.03195376694202423,0.024700870737433434,0.9169877767562866,parent_unmatched,0,-1
44b6_5f15d135,44b6,30,9478,9785,0.1744387298822403,0.1744387298822403,0.12175107002258301,0.8773860931396484,parent_unmatched,0,-1
44b6_5f15d135,44b6,30,9495,9788,0.11752276867628098,0.11752276867628098,0.07737650722265244,0.8299474120140076,parent_unmatched,0,-1
44b6_5f15d135,44b6,31,9742,10058,0.22916024923324585,0.22916024923324585,0.21615751087665558,0.6877997517585754,parent_unmatched,0,-1
44b6_5f15d135,44b6,34,10548,10844,0.14359356462955475,0.14359356462955475,0.14359356462955475,0.840091347694397,parent_unmatched,0,-1
44b6_5f15d135,44b6,35,10729,11027,0.20367394387722015,0.20367394387722015,0.20367394387722015,0.7214692234992981,parent_unmatched,0,-1
44b6_5f15d135,44b6,36,11270,11580,0.1700461059808731,0.1700461059808731,0.16881509125232697,0.8073579668998718,parent_unmatched,0,-1
44b6_5f15d135,44b6,36,11093,11393,0.34992045164108276,0.34992045164108276,0.3150656223297119,0.7753608822822571,parent_unmatched,0,-1
44b6_5f15d135,44b6,38,11914,12234,0.1329251229763031,0.1329251229763031,0.10798097401857376,0.9913678765296936,parent_unmatched,0,-1
44b6_5f15d135,44b6,40,12531,12858,0.0650966614484787,0.0650966614484787,0.05969907343387604,0.7517906427383423,parent_unmatched,0,-1
44b6_5f15d135,44b6,41,12701,13054,0.18645144999027252,0.18645144999027252,0.17324455082416534,0.3743095397949219,parent_unmatched,0,-1
44b6_5f15d135,44b6,41,12859,13211,0.1647367775440216,0.08908278495073318,0.057854507118463516,0.6146430969238281,parent_unmatched,0,-1
44b6_5f15d135,44b6,43,13487,13834,0.1744242161512375,0.1744242161512375,0.1744242161512375,0.5853202939033508,parent_unmatched,0,-1
44b6_5f15d135,44b6,45,14092,14412,0.10445387661457062,0.07989943772554398,0.05899018421769142,1.0038982629776,parent_unmatched,0,-1
44b6_5f15d135,44b6,47,14868,15209,0.0322800874710083,0.0322800874710083,0.0322800874710083,0.9623661637306213,parent_unmatched,0,-1
44b6_5f15d135,44b6,52,16582,16934,0.11401001363992691,0.11401001363992691,0.11401001363992691,0.5484912395477295,parent_unmatched,0,-1
44b6_5f15d135,44b6,52,16576,16932,0.05460633710026741,0.05460633710026741,0.05460633710026741,0.6888311505317688,parent_unmatched,0,-1
44b6_5f15d135,44b6,53,16654,16992,0.25689202547073364,0.25689202547073364,0.25689202547073364,0.487125962972641,parent_unmatched,0,-1
44b6_5f15d135,44b6,53,16770,17089,0.2623976767063141,0.2623976767063141,0.2623976767063141,0.3707284927368164,parent_unmatched,0,-1
44b6_5f15d135,44b6,54,16966,17306,0.21384336054325104,0.206222802400589,0.15058255195617676,0.20600397884845734,parent_unmatched,0,-1
44b6_5f15d135,44b6,54,17134,17472,0.03337112441658974,0.03337112441658974,0.03324723243713379,1.137193202972412,parent_unmatched,0,-1
44b6_5f15d135,44b6,54,17262,17588,0.12671776115894318,0.12671776115894318,0.12671776115894318,0.484859436750412,parent_unmatched,0,-1
44b6_5f15d135,44b6,55,17435,17762,0.2601436376571655,0.2601436376571655,0.24718622863292694,0.6085690855979919,parent_unmatched,0,-1
44b6_5f15d135,44b6,55,17339,17675,0.2976981997489929,0.2976981997489929,0.26893797516822815,0.5337015986442566,parent_unmatched,0,-1
44b6_5f15d135,44b6,60,18879,19193,0.30138200521469116,0.30138200521469116,0.28244903683662415,0.4858871102333069,parent_unmatched,0,-1
44b6_5f15d135,44b6,62,19661,19945,0.08188103884458542,0.08188103884458542,0.04797249659895897,0.30689865350723267,parent_unmatched,0,-1
44b6_5f15d135,44b6,63,19883,20143,0.17119033634662628,0.17119033634662628,0.16254118084907532,0.05617154389619827,parent_unmatched,0,-1
44b6_5f15d135,44b6,64,20013,20271,0.3029094636440277,0.3029094636440277,0.2910827398300171,0.8697495460510254,parent_unmatched,0,-1
44b6_5f15d135,44b6,69,21539,21781,0.13086926937103271,0.11639393866062164,0.09385094791650772,0.4277152717113495,parent_unmatched,0,-1
44b6_5f15d135,44b6,70,21651,21903,0.3007575571537018,0.3007575571537018,0.2967827618122101,0.4535440504550934,parent_unmatched,0,-1
44b6_5f15d135,44b6,72,22101,22347,0.2363397777080536,0.2363397777080536,0.23227302730083466,0.45773157477378845,parent_unmatched,0,-1
44b6_5f15d135,44b6,72,22257,22502,0.1497378945350647,0.1497378945350647,0.12644104659557343,0.3891422748565674,parent_unmatched,0,-1
44b6_5f15d135,44b6,73,22311,22558,0.07095205038785934,0.07095205038785934,0.05576262250542641,0.7286179065704346,parent_unmatched,0,-1
44b6_5f15d135,44b6,78,23570,23795,0.18694673478603363,0.18694673478603363,0.12942777574062347,0.4262983202934265,parent_unmatched,0,-1
44b6_5f15d135,44b6,80,23950,24164,0.2798158824443817,0.2798158824443817,0.2532074451446533,0.5401812195777893,parent_unmatched,0,-1
44b6_5f15d135,44b6,80,24002,24205,0.2853679060935974,0.2853679060935974,0.27373090386390686,0.7459962368011475,parent_unmatched,0,-1
44b6_5f15d135,44b6,84,24845,25056,0.32961949706077576,0.32961949706077576,0.32961949706077576,0.8988553881645203,parent_unmatched,0,-1
44b6_5f15d135,44b6,86,25389,25598,0.15085899829864502,0.15085899829864502,0.15085899829864502,0.21933197975158691,parent_unmatched,0,-1
44b6_5f15d135,44b6,86,25390,25607,0.042219217866659164,0.042219217866659164,0.03121914714574814,0.8317139744758606,parent_unmatched,0,-1
44b6_5f15d135,44b6,90,26167,26365,0.0028772642835974693,0.0028772642835974693,0.0009491524542681873,-0.09603311866521835,parent_unmatched,0,-1
44b6_706092f0,44b6,7,2409,2795,0.31548503041267395,0.31548503041267395,0.31145158410072327,1.1156071424484253,parent_unmatched,0,-1
44b6_706092f0,44b6,20,7162,7501,0.2422780990600586,0.2422780990600586,0.2422780990600586,0.6494103670120239,parent_unmatched,0,-1
44b6_706092f0,44b6,20,7244,7577,0.43723466992378235,0.43723466992378235,0.43723466992378235,1.5836886167526245,parent_unmatched,0,-1
44b6_706092f0,44b6,27,9738,10115,0.3157654404640198,0.3157654404640198,0.29182109236717224,1.024367094039917,parent_unmatched,0,-1
44b6_706092f0,44b6,48,17848,18199,0.19029894471168518,0.19029894471168518,0.19029894471168518,0.34662386775016785,parent_unmatched,0,-1
44b6_706092f0,44b6,48,17800,18163,0.006133564282208681,0.006133564282208681,0.004010104574263096,0.09838229417800903,parent_unmatched,0,-1
44b6_706092f0,44b6,59,21976,22370,0.079397052526474,0.03305642679333687,0.006887898780405521,0.5933014750480652,parent_unmatched,0,-1
44b6_706092f0,44b6,59,22129,22516,0.28929024934768677,0.28929024934768677,0.28547465801239014,0.34874922037124634,parent_unmatched,0,-1
44b6_706092f0,44b6,65,24489,24890,0.302461713552475,0.302461713552475,0.2893873155117035,0.6863888502120972,parent_unmatched,0,-1
44b6_706092f0,44b6,66,24762,25155,0.4595962166786194,0.4595962166786194,0.4595962166786194,1.0113481283187866,parent_unmatched,0,-1
44b6_706092f0,44b6,67,25332,25705,0.21804015338420868,0.21804015338420868,0.21804015338420868,0.6559957265853882,parent_unmatched,0,-1
44b6_706092f0,44b6,74,27714,28087,0.1200699582695961,0.1200699582695961,0.08190792798995972,0.1986558735370636,parent_unmatched,0,-1
44b6_706092f0,44b6,81,30555,30932,0.2659059166908264,0.25369158387184143,0.20066627860069275,0.4049246609210968,parent_unmatched,0,-1
44b6_706092f0,44b6,81,30676,31049,0.35191667079925537,0.35191667079925537,0.3279849886894226,1.4225878715515137,parent_unmatched,0,-1
44b6_706092f0,44b6,81,30439,30828,0.2891666889190674,0.2891666889190674,0.2332254946231842,0.34952056407928467,parent_unmatched,0,-1
44b6_706092f0,44b6,82,31025,31412,0.2515180706977844,0.23695561289787292,0.1844528317451477,0.6066465973854065,parent_unmatched,0,-1
44b6_706092f0,44b6,88,33206,33588,0.3621998429298401,0.3370792865753174,0.3242362439632416,0.6854604482650757,parent_unmatched,0,-1
44b6_706092f0,44b6,89,33625,33998,0.38633158802986145,0.38633158802986145,0.38584670424461365,1.3643661737442017,parent_unmatched,0,-1
44b6_74d0c52e,44b6,2,144,223,0.32858240604400635,0.32858240604400635,0.25343674421310425,0.5234778523445129,parent_unmatched,0,-1
44b6_74d0c52e,44b6,8,668,770,0.13804994523525238,0.13804994523525238,0.13804994523525238,0.43193748593330383,parent_unmatched,0,-1
44b6_74d0c52e,44b6,11,969,1068,0.3497694730758667,0.3497694730758667,0.26905980706214905,0.441387414932251,parent_unmatched,0,-1
44b6_74d0c52e,44b6,15,1438,1548,0.14087636768817902,0.14087636768817902,0.07823330909013748,0.725013256072998,parent_unmatched,0,-1
44b6_74d0c52e,44b6,18,1780,1897,0.3108645975589752,0.3108645975589752,0.2626361846923828,0.41999155282974243,parent_unmatched,0,-1
44b6_74d0c52e,44b6,20,1995,2107,0.2766987681388855,0.2766987681388855,0.2536828815937042,0.456875741481781,parent_unmatched,0,-1
44b6_74d0c52e,44b6,24,2429,2543,0.13163070380687714,0.13163070380687714,0.13163070380687714,0.6900467276573181,parent_unmatched,0,-1
44b6_74d0c52e,44b6,28,2896,3014,0.16196319460868835,0.16196319460868835,0.14389446377754211,0.6123743653297424,parent_unmatched,0,-1
44b6_74d0c52e,44b6,36,3765,3878,0.21998608112335205,0.18460670113563538,0.17342907190322876,0.8326272368431091,parent_unmatched,0,-1
44b6_74d0c52e,44b6,37,3858,3982,0.29168543219566345,0.29168543219566345,0.23518677055835724,0.35518017411231995,parent_unmatched,0,-1
44b6_74d0c52e,44b6,45,4859,4975,0.27902743220329285,0.27902743220329285,0.2617981433868408,0.3987113833427429,parent_unmatched,0,-1
44b6_74d0c52e,44b6,49,5283,5394,0.3363456130027771,0.31340739130973816,0.2978071868419647,0.26188579201698303,parent_unmatched,0,-1
44b6_74d0c52e,44b6,55,5993,6109,0.27988895773887634,0.27988895773887634,0.24062670767307281,0.410343736410141,parent_matched_not_divider,0,54
44b6_74d0c52e,44b6,64,6941,7044,0.3198928236961365,0.3198928236961365,0.31109118461608887,0.47631555795669556,parent_unmatched,0,-1
44b6_74d0c52e,44b6,67,7276,7376,0.21951106190681458,0.21951106190681458,0.16019761562347412,0.20527327060699463,parent_unmatched,0,-1
44b6_74d0c52e,44b6,72,7757,7851,0.21142469346523285,0.21142469346523285,0.1725880652666092,0.07957343012094498,parent_unmatched,0,-1
44b6_74d0c52e,44b6,81,8601,8705,0.33371835947036743,0.33371835947036743,0.3234761357307434,0.17994016408920288,parent_unmatched,0,-1
44b6_74d0c52e,44b6,85,9030,9131,0.29125475883483887,0.29125475883483887,0.26660430431365967,0.2313472479581833,parent_unmatched,0,-1
44b6_7a302da0,44b6,2,761,1296,0.14429610967636108,0.14429610967636108,0.12332787364721298,0.8219810724258423,parent_unmatched,0,-1
44b6_7a302da0,44b6,3,1111,1641,0.28796860575675964,0.20247353613376617,0.1456567496061325,1.2370356321334839,parent_unmatched,0,-1
44b6_7a302da0,44b6,3,1253,1769,0.29428136348724365,0.29428136348724365,0.29428136348724365,0.8645018935203552,parent_unmatched,0,-1
44b6_7a302da0,44b6,5,2548,3129,0.16762854158878326,0.15913337469100952,0.15256671607494354,1.0174821615219116,parent_unmatched,0,-1
44b6_7a302da0,44b6,6,2768,3363,0.364126980304718,0.361892968416214,0.361892968416214,0.7113834619522095,parent_unmatched,0,-1
44b6_7a302da0,44b6,6,2913,3524,0.13155768811702728,0.01761825755238533,0.006811194587498903,0.5618962049484253,parent_unmatched,0,-1
44b6_7a302da0,44b6,7,3719,4299,0.33036187291145325,0.33036187291145325,0.31843745708465576,0.8692753911018372,parent_unmatched,0,-1
44b6_7a302da0,44b6,7,3380,4005,0.2881552577018738,0.2881552577018738,0.2881552577018738,0.8808582425117493,parent_unmatched,0,-1
44b6_7a302da0,44b6,9,4508,5145,0.2399754822254181,0.2399754822254181,0.2399754822254181,0.7475934028625488,parent_unmatched,0,-1
44b6_7a302da0,44b6,10,5494,6086,0.3334963917732239,0.3334963917732239,0.3334963917732239,0.8119771480560303,parent_unmatched,0,-1
44b6_7a302da0,44b6,10,5263,5911,0.023847872391343117,0.023847872391343117,0.023847872391343117,0.5932104587554932,parent_unmatched,0,-1
44b6_7a302da0,44b6,11,5944,6565,0.24427452683448792,0.24427452683448792,0.21824604272842407,0.5291840434074402,parent_unmatched,0,-1
44b6_7a302da0,44b6,11,6143,6737,0.06982871145009995,0.05830618739128113,0.038341764360666275,1.005008339881897,parent_unmatched,0,-1
44b6_7a302da0,44b6,12,6719,7319,0.12830446660518646,0.12586040794849396,0.08968127518892288,0.592443585395813,parent_unmatched,0,-1
44b6_7a302da0,44b6,12,6760,7347,0.05921575427055359,0.050650108605623245,0.0411873459815979,0.8094034194946289,parent_unmatched,0,-1
44b6_7a302da0,44b6,13,7070,7681,0.32643523812294006,0.32643523812294006,0.32643523812294006,0.7682945132255554,parent_unmatched,0,-1
44b6_7a302da0,44b6,14,7596,8149,0.22246365249156952,0.22246365249156952,0.2115621566772461,1.3108930587768555,parent_unmatched,0,-1
44b6_7a302da0,44b6,15,8367,8962,0.3236536979675293,0.3236536979675293,0.28522855043411255,0.6902753710746765,parent_unmatched,0,-1
44b6_7a302da0,44b6,15,8102,8696,0.25497573614120483,0.25497573614120483,0.25497573614120483,1.0401281118392944,parent_unmatched,0,-1
44b6_7a302da0,44b6,20,11197,11786,0.34543919563293457,0.34543919563293457,0.3256807327270508,1.0513252019882202,parent_unmatched,0,-1
44b6_7a302da0,44b6,21,11935,12563,0.3363654911518097,0.3363654911518097,0.3157286047935486,0.9150705337524414,parent_unmatched,0,-1
44b6_7a302da0,44b6,21,12080,12720,0.3472711443901062,0.3472711443901062,0.3267729580402374,0.6802350878715515,parent_unmatched,0,-1
44b6_7a302da0,44b6,23,13350,13974,0.3572971522808075,0.3572971522808075,0.3572971522808075,1.3021035194396973,parent_unmatched,0,-1
44b6_7a302da0,44b6,23,13244,13813,0.3540792763233185,0.3540792763233185,0.3540792763233185,0.9439398646354675,parent_unmatched,0,-1
44b6_7a302da0,44b6,25,14171,14824,0.06873995810747147,0.04482533410191536,0.04400971904397011,0.11090254783630371,parent_unmatched,0,-1
44b6_7a302da0,44b6,26,15048,15613,0.11854314804077148,0.11854314804077148,0.10000619292259216,0.6390336155891418,parent_unmatched,0,-1
44b6_7a302da0,44b6,27,15904,16534,0.1613919734954834,0.12953521311283112,0.12546415627002716,1.1206285953521729,parent_unmatched,0,-1
44b6_7a302da0,44b6,27,15732,16362,0.30225688219070435,0.30225688219070435,0.24943497776985168,1.0042845010757446,parent_unmatched,0,-1
44b6_7a302da0,44b6,27,15844,16494,0.30262240767478943,0.30262240767478943,0.30262240767478943,0.5173128843307495,parent_unmatched,0,-1
44b6_7a302da0,44b6,27,15531,16172,0.29344016313552856,0.26033371686935425,0.20176555216312408,0.6165427565574646,parent_unmatched,0,-1
44b6_7a302da0,44b6,28,15982,16622,0.21383756399154663,0.1764409840106964,0.11102038621902466,0.43621405959129333,parent_unmatched,0,-1
44b6_7a302da0,44b6,28,16543,17177,0.06022466719150543,0.06022466719150543,0.0473446398973465,0.6967187523841858,parent_unmatched,0,-1
44b6_7a302da0,44b6,29,17106,17708,0.3516174554824829,0.3516174554824829,0.31806349754333496,1.1102492809295654,parent_unmatched,0,-1
44b6_7a302da0,44b6,30,17630,18237,0.31331226229667664,0.31331226229667664,0.31331226229667664,0.6797547340393066,parent_unmatched,0,-1
44b6_7a302da0,44b6,31,18010,18619,0.2791348099708557,0.2791348099708557,0.2791348099708557,0.34340140223503113,parent_unmatched,0,-1
44b6_7a302da0,44b6,32,18993,19638,0.17371626198291779,0.08960026502609253,0.07700908929109573,0.8323938250541687,parent_unmatched,0,-1
44b6_7a302da0,44b6,32,18847,19406,0.16213665902614594,0.1293344795703888,0.11455840617418289,0.4884679615497589,parent_unmatched,0,-1
44b6_7a302da0,44b6,33,19536,20138,0.17604966461658478,0.17604966461658478,0.16610261797904968,0.8033872246742249,parent_unmatched,0,-1
44b6_7a302da0,44b6,34,20223,20852,0.29859763383865356,0.29859763383865356,0.2556706964969635,0.6402756571769714,parent_unmatched,0,-1
44b6_7a302da0,44b6,36,21460,22091,0.3127242922782898,0.3127242922782898,0.28829440474510193,0.6026690006256104,parent_unmatched,0,-1
44b6_7a302da0,44b6,36,21436,22103,0.24218034744262695,0.14298777282238007,0.062067437916994095,1.1392384767532349,parent_unmatched,0,-1
44b6_7a302da0,44b6,37,21822,22448,0.34209585189819336,0.34209585189819336,0.33270320296287537,0.5778617858886719,parent_matched_not_divider,0,241
44b6_7a302da0,44b6,39,23023,23661,0.3362089693546295,0.3362089693546295,0.3362089693546295,0.7260487675666809,parent_unmatched,0,-1
44b6_7a302da0,44b6,41,24289,24957,0.2685481309890747,0.2685481309890747,0.2552330791950226,0.6574116945266724,parent_unmatched,0,-1
44b6_7a302da0,44b6,43,25780,26395,0.3286229968070984,0.3286229968070984,0.3286229968070984,1.19695246219635,parent_unmatched,0,-1
44b6_7a302da0,44b6,43,25804,26404,0.20700271427631378,0.20700271427631378,0.10651230067014694,0.6453012228012085,parent_unmatched,0,-1
44b6_7a302da0,44b6,45,26740,27344,0.15123151242733002,0.12226653099060059,0.12007966637611389,0.5444517135620117,parent_unmatched,0,-1
44b6_7a302da0,44b6,47,27827,28436,0.062233325093984604,0.062233325093984604,0.04373827949166298,0.21510882675647736,parent_unmatched,0,-1
44b6_7a302da0,44b6,49,29426,30056,0.40526071190834045,0.40526071190834045,0.32469701766967773,1.2455707788467407,parent_unmatched,0,-1
44b6_7a302da0,44b6,49,29474,30071,0.2819007933139801,0.20302024483680725,0.1341092884540558,1.0704034566879272,parent_unmatched,0,-1
44b6_7a302da0,44b6,51,30560,31179,0.16257427632808685,0.14649134874343872,0.14649134874343872,0.8205827474594116,parent_unmatched,0,-1
44b6_7a302da0,44b6,53,31596,32207,0.33266741037368774,0.26483356952667236,0.14215917885303497,0.5294957160949707,parent_matched_not_divider,0,335
44b6_7a302da0,44b6,53,31890,32531,0.2673466205596924,0.2673466205596924,0.2673466205596924,0.8789254426956177,parent_unmatched,0,-1
44b6_7a302da0,44b6,54,32191,32820,0.31033042073249817,0.31033042073249817,0.31033042073249817,0.4652860462665558,parent_unmatched,0,-1
44b6_7a302da0,44b6,55,32903,33554,0.22848178446292877,0.22848178446292877,0.2173091173171997,0.7402984499931335,parent_unmatched,0,-1
44b6_7a302da0,44b6,56,33603,34234,0.2730400264263153,0.26020270586013794,0.22834345698356628,0.8356389403343201,parent_unmatched,0,-1
44b6_7a302da0,44b6,56,33349,33934,0.021602598950266838,0.021602598950266838,0.015392417088150978,0.2461605817079544,parent_unmatched,0,-1
44b6_7a302da0,44b6,57,33957,34576,0.04115532338619232,0.02905423939228058,0.018498631194233894,0.25420278310775757,parent_unmatched,0,-1
44b6_7a302da0,44b6,57,34144,34748,0.24213728308677673,0.24213728308677673,0.23586365580558777,0.8036186099052429,parent_unmatched,0,-1
44b6_7a302da0,44b6,59,35673,36305,0.2527269423007965,0.2527269423007965,0.22876381874084473,0.4130643308162689,parent_unmatched,0,-1
44b6_7a302da0,44b6,60,36264,36856,0.13452643156051636,0.05250540003180504,0.020460696890950203,1.173080563545227,parent_unmatched,0,-1
44b6_7a302da0,44b6,60,36294,36896,0.18156515061855316,0.18156515061855316,0.16603274643421173,0.8917521834373474,parent_unmatched,0,-1
44b6_7a302da0,44b6,62,37449,38064,0.32655951380729675,0.32655951380729675,0.3206910789012909,1.2386869192123413,parent_unmatched,0,-1
44b6_7a302da0,44b6,62,37397,37993,0.3448646068572998,0.3448646068572998,0.34474077820777893,0.8537667989730835,parent_unmatched,0,-1
44b6_7a302da0,44b6,63,37643,38246,0.009718053042888641,0.001923528965562582,0.0014032932231202722,0.08250328153371811,parent_unmatched,0,-1
44b6_7a302da0,44b6,65,39212,39794,0.25633230805397034,0.25633230805397034,0.22627362608909607,1.2141252756118774,parent_unmatched,0,-1
44b6_7a302da0,44b6,65,39163,39754,0.22132214903831482,0.2107841670513153,0.19019325077533722,0.7890171408653259,parent_unmatched,0,-1
44b6_7a302da0,44b6,67,40086,40687,0.3573334813117981,0.3573334813117981,0.3166968822479248,0.6421486139297485,parent_unmatched,0,-1
44b6_7a302da0,44b6,67,40300,40906,0.3214269280433655,0.3214269280433655,0.29430922865867615,0.8882057666778564,parent_unmatched,0,-1
44b6_7a302da0,44b6,67,40379,41017,0.12045416235923767,0.1143450140953064,0.0990302562713623,0.8297752141952515,parent_unmatched,0,-1
44b6_7a302da0,44b6,69,41632,42220,0.23903226852416992,0.23903226852416992,0.21904224157333374,0.8857545256614685,parent_unmatched,0,-1
44b6_7a302da0,44b6,70,42275,42907,0.24349886178970337,0.24349886178970337,0.22811797261238098,1.029701828956604,parent_unmatched,0,-1
44b6_7a302da0,44b6,70,41917,42540,0.23767709732055664,0.23767709732055664,0.23767709732055664,0.5770046710968018,parent_unmatched,0,-1
44b6_7a302da0,44b6,71,42793,43442,0.293544739484787,0.293544739484787,0.2698332965373993,0.6642704606056213,parent_unmatched,0,-1
44b6_7a302da0,44b6,71,42849,43443,0.22191694378852844,0.22191694378852844,0.20557907223701477,0.7448833584785461,parent_unmatched,0,-1
44b6_7a302da0,44b6,73,44200,44828,0.21729524433612823,0.21729524433612823,0.12356743961572647,0.9649520516395569,parent_unmatched,0,-1
44b6_7a302da0,44b6,73,44094,44753,0.20484337210655212,0.20484337210655212,0.13252222537994385,1.0061891078948975,parent_unmatched,0,-1
44b6_7a302da0,44b6,75,44978,45584,0.1947193145751953,0.1947193145751953,0.11771062016487122,0.21841999888420105,parent_unmatched,0,-1
44b6_7a302da0,44b6,76,45950,46510,0.3041939437389374,0.3041939437389374,0.3041939437389374,1.0561577081680298,parent_unmatched,0,-1
44b6_7a302da0,44b6,76,45460,46066,0.11875733733177185,0.11875733733177185,0.0799291729927063,0.4296257793903351,parent_unmatched,0,-1
44b6_7a302da0,44b6,76,45835,46429,0.3149687349796295,0.3149687349796295,0.250058114528656,1.4758003950119019,parent_unmatched,0,-1
44b6_7a302da0,44b6,76,46014,46601,0.3255987763404846,0.3255987763404846,0.3255987763404846,0.8549964427947998,parent_unmatched,0,-1
44b6_7a302da0,44b6,76,45931,46543,0.28377971053123474,0.28377971053123474,0.28377971053123474,0.8922010660171509,parent_unmatched,0,-1
44b6_7a302da0,44b6,77,46561,47119,0.29896724224090576,0.29896724224090576,0.29552677273750305,0.852632999420166,parent_unmatched,0,-1
44b6_7a302da0,44b6,77,46237,46807,0.3152535557746887,0.3152535557746887,0.14239007234573364,0.5737853050231934,parent_unmatched,0,-1
44b6_7a302da0,44b6,78,46844,47439,0.3306032419204712,0.2891320586204529,0.21362505853176117,0.4604049623012543,parent_unmatched,0,-1
44b6_7a302da0,44b6,80,48310,48923,0.3252952992916107,0.3252952992916107,0.30610203742980957,0.8750802874565125,parent_unmatched,0,-1
44b6_7a302da0,44b6,81,48869,49431,0.24117769300937653,0.178658589720726,0.1389773190021515,0.7972841262817383,parent_unmatched,0,-1
44b6_7a302da0,44b6,81,48913,49514,0.14871369302272797,0.049272190779447556,0.029927406460046768,0.7570483684539795,parent_unmatched,0,-1
44b6_7a302da0,44b6,82,49467,50040,0.3759545385837555,0.3759545385837555,0.2941560745239258,1.3247653245925903,parent_unmatched,0,-1
44b6_7a302da0,44b6,84,50259,50819,0.2791500687599182,0.27117568254470825,0.20035281777381897,0.5950084328651428,parent_unmatched,0,-1
44b6_7a302da0,44b6,85,51244,51800,0.2403801679611206,0.2403801679611206,0.2057323008775711,0.6182843446731567,parent_unmatched,0,-1
44b6_7a302da0,44b6,85,51135,51738,0.11899669468402863,0.11899669468402863,0.10185594856739044,0.9521825909614563,parent_unmatched,0,-1
44b6_7a302da0,44b6,86,51739,52285,0.21555785834789276,0.21555785834789276,0.2136649638414383,0.49176880717277527,parent_unmatched,0,-1
44b6_7a302da0,44b6,88,52873,53462,0.3687763810157776,0.3687763810157776,0.3687763810157776,1.0091423988342285,parent_unmatched,0,-1
44b6_7a302da0,44b6,89,53113,53691,0.2001907080411911,0.2001907080411911,0.18042266368865967,0.6349412202835083,parent_unmatched,0,-1
44b6_7a302da0,44b6,89,53477,54055,0.23003506660461426,0.23003506660461426,0.23003506660461426,0.6327642202377319,parent_unmatched,0,-1
44b6_7a302da0,44b6,90,54134,54749,0.10496310889720917,0.09624622017145157,0.07606438547372818,0.6966353058815002,parent_unmatched,0,-1
44b6_7a302da0,44b6,90,53905,54488,0.3093632459640503,0.266795814037323,0.21767213940620422,0.7269765138626099,parent_unmatched,0,-1
44b6_7a302da0,44b6,90,53920,54514,0.3434879183769226,0.3434879183769226,0.3434879183769226,0.8040558695793152,parent_unmatched,0,-1
44b6_7a302da0,44b6,90,54160,54746,0.1667342483997345,0.14305005967617035,0.12230966240167618,0.8507388830184937,parent_unmatched,0,-1
44b6_7a302da0,44b6,91,54703,55302,0.18433406949043274,0.18433406949043274,0.18433406949043274,0.5079597234725952,parent_unmatched,0,-1
44b6_7a302da0,44b6,93,55842,56482,0.35586482286453247,0.35586482286453247,0.3483729064464569,1.2984837293624878,parent_unmatched,0,-1
44b6_7a302da0,44b6,94,56267,56920,0.2442179173231125,0.2442179173231125,0.2442179173231125,0.7711280584335327,parent_unmatched,0,-1
44b6_7a302da0,44b6,94,56286,56883,0.43599480390548706,0.43599480390548706,0.43599480390548706,1.1447522640228271,parent_unmatched,0,-1
44b6_996155de,44b6,3,169,247,0.20494526624679565,0.20494526624679565,0.18497566878795624,1.145984172821045,parent_unmatched,0,-1
44b6_996155de,44b6,13,1044,1140,0.18619680404663086,0.17777802050113678,0.16667184233665466,1.0819023847579956,parent_unmatched,0,-1
44b6_996155de,44b6,18,1572,1670,0.3023340702056885,0.3023340702056885,0.15436124801635742,0.6365060210227966,parent_unmatched,0,-1
44b6_996155de,44b6,34,3046,3139,0.34870535135269165,0.34870535135269165,0.3281997740268707,1.3321951627731323,parent_unmatched,0,-1
44b6_996155de,44b6,35,3157,3258,0.34347543120384216,0.34347543120384216,0.34347543120384216,1.4801291227340698,parent_unmatched,0,-1
44b6_996155de,44b6,38,3449,3547,0.25602084398269653,0.12457048147916794,0.046025484800338745,1.2152150869369507,parent_unmatched,0,-1
44b6_996155de,44b6,40,3619,3709,0.07998073846101761,0.07998073846101761,0.07950344681739807,1.060549259185791,parent_unmatched,0,-1
44b6_996155de,44b6,44,4047,4147,0.41986003518104553,0.41986003518104553,0.368329793214798,0.4426218867301941,parent_unmatched,0,-1
44b6_996155de,44b6,60,5594,5705,0.17772188782691956,0.17063526809215546,0.12953723967075348,1.1123130321502686,parent_unmatched,0,-1
44b6_996155de,44b6,64,6007,6124,0.14793458580970764,0.08438154309988022,0.0370497889816761,0.7904174327850342,parent_unmatched,0,-1
44b6_996155de,44b6,67,6423,6542,0.24603527784347534,0.24603527784347534,0.2328576147556305,0.8110243082046509,parent_unmatched,0,-1
44b6_996155de,44b6,68,6559,6670,0.1745343804359436,0.1745343804359436,0.1492084115743637,1.0079277753829956,parent_unmatched,0,-1
44b6_996155de,44b6,75,7365,7476,0.13839080929756165,0.13839080929756165,0.09840522706508636,0.8384465575218201,parent_unmatched,0,-1
44b6_996155de,44b6,83,8286,8418,0.33084386587142944,0.33084386587142944,0.316383957862854,0.6372619271278381,parent_unmatched,0,-1
44b6_996155de,44b6,88,8981,9110,0.13992297649383545,0.13992297649383545,0.08725745230913162,0.802378237247467,parent_unmatched,0,-1
44b6_996155de,44b6,91,9345,9476,0.04932228475809097,0.04932228475809097,0.038701966404914856,0.7062802314758301,parent_unmatched,0,-1
44b6_996155de,44b6,92,9504,9634,0.27938002347946167,0.27938002347946167,0.2658345401287079,0.34998631477355957,parent_unmatched,0,-1
44b6_9be80b04,44b6,1,163,448,0.04639521241188049,0.04639521241188049,0.02185925282537937,0.7940273284912109,parent_unmatched,0,-1
44b6_9be80b04,44b6,2,457,750,0.103293776512146,0.103293776512146,0.06808306276798248,0.8295347094535828,parent_unmatched,0,-1
44b6_9be80b04,44b6,3,672,988,0.2688746154308319,0.2688746154308319,0.2688746154308319,1.0453523397445679,parent_unmatched,0,-1
44b6_9be80b04,44b6,4,1085,1418,0.09820255637168884,0.07028837502002716,0.044915877282619476,0.6021825671195984,parent_unmatched,0,-1
44b6_9be80b04,44b6,9,2952,3305,0.23734895884990692,0.23734895884990692,0.1655498743057251,0.4332541227340698,parent_unmatched,0,-1
44b6_9be80b04,44b6,10,3057,3422,0.13983170688152313,0.13983170688152313,0.13983170688152313,0.5036487579345703,parent_unmatched,0,-1
44b6_9be80b04,44b6,11,3568,3930,0.19573311507701874,0.19573311507701874,0.19573311507701874,0.45024967193603516,parent_unmatched,0,-1
44b6_9be80b04,44b6,11,3486,3843,0.32364359498023987,0.32364359498023987,0.32364359498023987,0.7782556414604187,parent_unmatched,0,-1
44b6_9be80b04,44b6,12,3958,4301,0.04110776260495186,0.03185127303004265,0.017970813438296318,0.724637508392334,parent_unmatched,0,-1
44b6_9be80b04,44b6,14,4662,5034,0.23750849068164825,0.14560945332050323,0.029291246086359024,0.8257763981819153,parent_unmatched,0,-1
44b6_9be80b04,44b6,15,4908,5266,0.02830561250448227,0.026326360180974007,0.02269982546567917,0.9331890940666199,parent_unmatched,0,-1
44b6_9be80b04,44b6,15,4832,5207,0.2620735168457031,0.2620735168457031,0.24960553646087646,0.6732001900672913,parent_unmatched,0,-1
44b6_9be80b04,44b6,15,5044,5404,0.286786288022995,0.286786288022995,0.24368654191493988,0.7039458155632019,parent_unmatched,0,-1
44b6_9be80b04,44b6,18,6248,6585,0.2687673270702362,0.2687673270702362,0.2627933919429779,0.919747531414032,parent_unmatched,0,-1
44b6_9be80b04,44b6,21,7015,7348,0.29658904671669006,0.29658904671669006,0.26410621404647827,0.8351331949234009,parent_unmatched,0,-1
44b6_9be80b04,44b6,22,7408,7729,0.34129905700683594,0.34129905700683594,0.34129905700683594,0.9159443974494934,parent_unmatched,0,-1
44b6_9be80b04,44b6,25,8546,8873,0.26192933320999146,0.26192933320999146,0.20167014002799988,0.6273835301399231,parent_unmatched,0,-1
44b6_9be80b04,44b6,25,8432,8738,0.1726415604352951,0.1726415604352951,0.13123995065689087,0.38407233357429504,parent_unmatched,0,-1
44b6_9be80b04,44b6,26,8896,9219,0.18643136322498322,0.18643136322498322,0.18536323308944702,0.8283511996269226,parent_unmatched,0,-1
44b6_9be80b04,44b6,27,9024,9367,0.11915650963783264,0.11915650963783264,0.11915650963783264,0.5785792469978333,parent_unmatched,0,-1
44b6_9be80b04,44b6,29,9738,10102,0.2936527132987976,0.2612581253051758,0.2612581253051758,0.7448842525482178,parent_unmatched,0,-1
44b6_9be80b04,44b6,31,10514,10880,0.07466468214988708,0.07466468214988708,0.06281915307044983,0.5735477805137634,parent_unmatched,0,-1
44b6_9be80b04,44b6,31,10526,10847,0.2928810119628906,0.2873585522174835,0.17171935737133026,0.9862926006317139,parent_unmatched,0,-1
44b6_9be80b04,44b6,32,10762,11112,0.19153250753879547,0.19153250753879547,0.1533862203359604,0.562587320804596,parent_unmatched,0,-1
44b6_9be80b04,44b6,32,10979,11344,0.1672375351190567,0.1672375351190567,0.1672375351190567,0.6009910702705383,parent_unmatched,0,-1
44b6_9be80b04,44b6,35,11954,12308,0.30889564752578735,0.30889564752578735,0.30889564752578735,0.6448504328727722,parent_unmatched,0,-1
44b6_9be80b04,44b6,36,12487,12862,0.20394161343574524,0.20394161343574524,0.14676663279533386,0.4478469789028168,parent_unmatched,0,-1
44b6_9be80b04,44b6,36,12232,12626,0.16948339343070984,0.16948339343070984,0.16948339343070984,0.8399912118911743,parent_unmatched,0,-1
44b6_9be80b04,44b6,37,12835,13202,0.28362321853637695,0.28362321853637695,0.28362321853637695,0.6350327134132385,parent_unmatched,0,-1
44b6_9be80b04,44b6,37,12728,13085,0.21101807057857513,0.21101807057857513,0.16796652972698212,0.803993284702301,parent_unmatched,0,-1
44b6_9be80b04,44b6,41,14210,14597,0.3407691419124603,0.3407691419124603,0.3407691419124603,1.0013346672058105,parent_unmatched,0,-1
44b6_9be80b04,44b6,46,16090,16439,0.2621936500072479,0.2621936500072479,0.26002541184425354,0.928909420967102,parent_unmatched,0,-1
44b6_9be80b04,44b6,48,16589,16944,0.2098972201347351,0.16698578000068665,0.13326232135295868,1.0605069398880005,parent_unmatched,0,-1
44b6_9be80b04,44b6,48,16531,16876,0.031036831438541412,0.031036831438541412,0.022826895117759705,0.6202254295349121,parent_unmatched,0,-1
44b6_9be80b04,44b6,49,16916,17248,0.0716363862156868,0.04246683791279793,0.03116396814584732,0.5128037333488464,parent_unmatched,0,-1
44b6_9be80b04,44b6,49,16869,17206,0.02177111618220806,0.02177111618220806,0.02177111618220806,0.14902769029140472,parent_unmatched,0,-1
44b6_9be80b04,44b6,53,18359,18710,0.22438479959964752,0.2235666811466217,0.21216771006584167,0.6969424486160278,parent_unmatched,0,-1
44b6_9be80b04,44b6,56,19444,19770,0.243877574801445,0.243877574801445,0.243877574801445,0.5596420168876648,parent_unmatched,0,-1
44b6_9be80b04,44b6,56,19375,19686,0.2525234520435333,0.19658154249191284,0.1005084216594696,0.9036410450935364,parent_unmatched,0,-1
44b6_9be80b04,44b6,62,21114,21416,0.16985014081001282,0.16985014081001282,0.16985014081001282,0.6814008355140686,parent_unmatched,0,-1
44b6_9be80b04,44b6,62,21160,21466,0.2507619559764862,0.2507619559764862,0.21824902296066284,0.9729850888252258,parent_unmatched,0,-1
44b6_9be80b04,44b6,63,21583,21875,0.24037641286849976,0.24037641286849976,0.22480371594429016,0.8325319290161133,parent_unmatched,0,-1
44b6_9be80b04,44b6,66,22323,22627,0.12895861268043518,0.12895861268043518,0.07943639904260635,0.9888203740119934,parent_unmatched,0,-1
44b6_9be80b04,44b6,68,22978,23279,0.22673295438289642,0.22673295438289642,0.22673295438289642,0.6396807432174683,parent_unmatched,0,-1
44b6_9be80b04,44b6,69,23374,23672,0.3276670277118683,0.30970707535743713,0.30970707535743713,0.9381381869316101,parent_unmatched,0,-1
44b6_9be80b04,44b6,69,23460,23789,0.17765168845653534,0.17765168845653534,0.11557620763778687,0.3993649482727051,parent_unmatched,0,-1
44b6_9be80b04,44b6,73,24559,24901,0.2920902669429779,0.2920902669429779,0.2784588038921356,0.8617439866065979,parent_unmatched,0,-1
44b6_9be80b04,44b6,74,24914,25278,0.2560625672340393,0.2560625672340393,0.19063909351825714,0.8665140271186829,parent_unmatched,0,-1
44b6_9be80b04,44b6,75,25160,25502,0.16769924759864807,0.16769924759864807,0.16006633639335632,0.7228303551673889,parent_unmatched,0,-1
44b6_9be80b04,44b6,77,26060,26371,0.15659235417842865,0.15659235417842865,0.1436271369457245,0.4877963364124298,parent_unmatched,0,-1
44b6_9be80b04,44b6,78,26190,26494,0.07096365094184875,0.07096365094184875,0.062093961983919144,0.4571964144706726,parent_unmatched,0,-1
44b6_9be80b04,44b6,78,26240,26563,0.2985980808734894,0.2985980808734894,0.29325950145721436,0.9369029402732849,TRUE,1,154
44b6_9be80b04,44b6,79,26559,26899,0.28146716952323914,0.2417292445898056,0.21518859267234802,0.9102784395217896,parent_unmatched,0,-1
44b6_9be80b04,44b6,80,26981,27320,0.18969592452049255,0.060752980411052704,0.04295666515827179,0.6084651350975037,parent_unmatched,0,-1
44b6_9be80b04,44b6,87,29226,29566,0.2962510585784912,0.2962510585784912,0.23492231965065002,0.7967398166656494,parent_matched_not_divider,0,180
44b6_9be80b04,44b6,88,29512,29871,0.23026804625988007,0.23026804625988007,0.23026804625988007,0.8909592628479004,parent_unmatched,0,-1
44b6_9be80b04,44b6,91,30640,30950,0.2530936300754547,0.2530936300754547,0.2530936300754547,0.5613255500793457,parent_unmatched,0,-1
44b6_9be80b04,44b6,94,31645,31979,0.05919135361909866,0.053203947842121124,0.024030916392803192,0.8763794898986816,parent_unmatched,0,-1
44b6_9be80b04,44b6,94,31682,31999,0.28107061982154846,0.28107061982154846,0.2734806537628174,0.8431524038314819,parent_unmatched,0,-1
44b6_aaf8b0ea,44b6,11,1815,1999,0.3221006393432617,0.3221006393432617,0.26820552349090576,0.5143396258354187,parent_unmatched,0,-1
44b6_aaf8b0ea,44b6,20,3501,3713,0.3919457495212555,0.3919457495212555,0.35487762093544006,0.39710676670074463,parent_unmatched,0,-1
44b6_aaf8b0ea,44b6,21,3678,3887,0.29957300424575806,0.29957300424575806,0.27912646532058716,0.9583787322044373,parent_unmatched,0,-1
44b6_aaf8b0ea,44b6,27,4947,5120,0.3972415328025818,0.3972415328025818,0.2968401610851288,1.0039643049240112,parent_unmatched,0,-1
44b6_aaf8b0ea,44b6,31,5681,5866,0.10373010486364365,0.10373010486364365,0.09275394678115845,0.9438704252243042,parent_unmatched,0,-1
44b6_aaf8b0ea,44b6,33,6034,6215,0.35240063071250916,0.35240063071250916,0.34356167912483215,0.849495530128479,parent_unmatched,0,-1
44b6_aaf8b0ea,44b6,34,6235,6415,0.17135021090507507,0.15674063563346863,0.1304323822259903,0.7693633437156677,parent_unmatched,0,-1
44b6_aaf8b0ea,44b6,48,8818,9001,0.2617620527744293,0.2617620527744293,0.2252131998538971,0.2952800691127777,parent_unmatched,0,-1
44b6_aaf8b0ea,44b6,55,10221,10404,0.3733891248703003,0.3733891248703003,0.3503912091255188,0.6865077614784241,parent_unmatched,0,-1
44b6_aaf8b0ea,44b6,73,13684,13868,0.04365960881114006,0.03740624710917473,0.01760125532746315,1.0604426860809326,parent_unmatched,0,-1
44b6_aaf8b0ea,44b6,81,15216,15411,0.327169269323349,0.327169269323349,0.2748938798904419,1.2386945486068726,parent_unmatched,0,-1
44b6_aaf8b0ea,44b6,85,15813,15995,0.35865429043769836,0.35865429043769836,0.35865429043769836,1.1024633646011353,parent_unmatched,0,-1
44b6_aaf8b0ea,44b6,86,16068,16251,0.19766193628311157,0.19766193628311157,0.18687327206134796,0.6986985802650452,parent_unmatched,0,-1
44b6_aaf8b0ea,44b6,90,16698,16882,0.2250804752111435,0.2250804752111435,0.19256633520126343,1.0109765529632568,parent_unmatched,0,-1
44b6_aaf8b0ea,44b6,91,17035,17204,0.19916628301143646,0.19916628301143646,0.1614622175693512,1.2555986642837524,parent_unmatched,0,-1
44b6_c8e2a523,44b6,1,8,182,0.28785449266433716,0.03215160593390465,0.0024680346250534058,1.0068013668060303,parent_unmatched,0,-1
44b6_c8e2a523,44b6,2,314,522,0.4711056053638458,0.4711056053638458,0.4711056053638458,0.8271536231040955,parent_unmatched,0,-1
44b6_c8e2a523,44b6,3,410,629,0.2599219083786011,0.2599219083786011,0.2599219083786011,1.0223571062088013,parent_unmatched,0,-1
44b6_c8e2a523,44b6,3,480,699,0.44508036971092224,0.44508036971092224,0.44508036971092224,0.5522247552871704,parent_unmatched,0,-1
44b6_c8e2a523,44b6,5,826,1068,0.49297600984573364,0.3938080668449402,0.13253696262836456,1.4394868612289429,parent_unmatched,0,-1
44b6_c8e2a523,44b6,5,882,1097,0.5230234861373901,0.5230234861373901,0.5230234861373901,1.5066159963607788,parent_unmatched,0,-1
44b6_c8e2a523,44b6,9,1965,2240,0.507440447807312,0.507440447807312,0.507440447807312,1.4405275583267212,parent_unmatched,0,-1
44b6_c8e2a523,44b6,12,2754,3028,0.48238641023635864,0.48238641023635864,0.4815672039985657,1.4023637771606445,parent_unmatched,0,-1
44b6_c8e2a523,44b6,17,4031,4307,0.43096739053726196,0.43096739053726196,0.34336838126182556,1.2029874324798584,parent_unmatched,0,-1
44b6_c8e2a523,44b6,22,5619,5906,0.34423986077308655,0.2843620479106903,0.268860787153244,0.7406899929046631,parent_unmatched,0,-1
44b6_c8e2a523,44b6,23,5709,5991,0.22515487670898438,0.22515487670898438,0.15581832826137543,1.0018870830535889,parent_unmatched,0,-1
44b6_c8e2a523,44b6,27,7023,7334,0.31829237937927246,0.31829237937927246,0.2891339659690857,0.6191776394844055,parent_unmatched,0,-1
44b6_c8e2a523,44b6,28,7217,7513,0.21969746053218842,0.194386824965477,0.12105842679738998,0.9667601585388184,parent_unmatched,0,-1
44b6_c8e2a523,44b6,29,7602,7898,0.004793649539351463,0.004793649539351463,0.004793649539351463,0.07504913210868835,parent_unmatched,0,-1
44b6_c8e2a523,44b6,31,8287,8616,0.365707665681839,0.365707665681839,0.365707665681839,0.4344755709171295,parent_unmatched,0,-1
44b6_c8e2a523,44b6,35,9474,9819,0.4587503969669342,0.4587503969669342,0.4390973150730133,0.9927048087120056,parent_unmatched,0,-1
44b6_c8e2a523,44b6,36,9651,9972,0.2835666537284851,0.044463299214839935,0.0021483234595507383,1.248267412185669,parent_unmatched,0,-1
44b6_c8e2a523,44b6,41,11390,11713,0.501457929611206,0.501457929611206,0.501457929611206,1.1189452409744263,parent_unmatched,0,-1
44b6_c8e2a523,44b6,43,11867,12176,0.19008424878120422,0.19008424878120422,0.19008424878120422,0.9806603193283081,parent_unmatched,0,-1
44b6_c8e2a523,44b6,45,12673,13006,0.40137845277786255,0.40137845277786255,0.34249433875083923,0.670486330986023,parent_unmatched,0,-1
44b6_c8e2a523,44b6,45,12584,12930,0.4297884702682495,0.4297884702682495,0.3154967427253723,0.905211865901947,parent_unmatched,0,-1
44b6_c8e2a523,44b6,48,13673,14019,0.4319232702255249,0.4319232702255249,0.32507094740867615,0.748427152633667,parent_unmatched,0,-1
44b6_c8e2a523,44b6,51,14780,15127,0.4790807366371155,0.4790807366371155,0.33632323145866394,1.4426705837249756,parent_unmatched,0,-1
44b6_c8e2a523,44b6,54,15480,15820,0.2660485506057739,0.0498967319726944,0.0018687538104131818,1.0586013793945312,parent_unmatched,0,-1
44b6_c8e2a523,44b6,54,15639,15998,0.40632614493370056,0.40632614493370056,0.30123886466026306,0.5261813998222351,parent_unmatched,0,-1
44b6_c8e2a523,44b6,55,15860,16215,0.4163801670074463,0.4163801670074463,0.4163801670074463,0.684169352054596,parent_unmatched,0,-1
44b6_c8e2a523,44b6,56,16228,16573,0.16624628007411957,0.15679620206356049,0.09104624390602112,0.5418447852134705,parent_unmatched,0,-1
44b6_c8e2a523,44b6,56,16160,16515,0.3588683605194092,0.3588683605194092,0.2744521200656891,0.9269590973854065,parent_unmatched,0,-1
44b6_c8e2a523,44b6,60,17623,17951,0.13942278921604156,0.13942278921604156,0.11305274814367294,0.7895004153251648,parent_unmatched,0,-1
44b6_c8e2a523,44b6,60,17649,18007,0.4116237759590149,0.4116237759590149,0.3734776973724365,0.5394554138183594,parent_unmatched,0,-1
44b6_c8e2a523,44b6,61,18006,18343,0.36649611592292786,0.36649611592292786,0.36649611592292786,0.3568275570869446,parent_unmatched,0,-1
44b6_c8e2a523,44b6,61,17892,18218,0.19857580959796906,0.19731324911117554,0.19416356086730957,0.6115620136260986,parent_unmatched,0,-1
44b6_c8e2a523,44b6,63,18748,19107,0.41288015246391296,0.41288015246391296,0.41288015246391296,0.8575619459152222,parent_unmatched,0,-1
44b6_c8e2a523,44b6,66,19724,20059,0.10852677375078201,0.0636429488658905,0.008006507530808449,0.6892703771591187,parent_unmatched,0,-1
44b6_c8e2a523,44b6,67,20116,20476,0.13777349889278412,0.010067250579595566,0.002757274778559804,0.6110172867774963,parent_unmatched,0,-1
44b6_c8e2a523,44b6,68,20333,20694,0.4029604494571686,0.4029604494571686,0.4029604494571686,0.7984107136726379,parent_unmatched,0,-1
44b6_c8e2a523,44b6,69,20694,21042,0.35019174218177795,0.35019174218177795,0.3307372033596039,0.7365540862083435,parent_unmatched,0,-1
44b6_c8e2a523,44b6,80,24505,24832,0.009503430686891079,0.009348701685667038,0.006612625438719988,0.1892702728509903,parent_unmatched,0,-1
44b6_c8e2a523,44b6,82,25363,25700,0.39422181248664856,0.39422181248664856,0.3657410144805908,0.6535463929176331,parent_unmatched,0,-1
44b6_c8e2a523,44b6,85,26169,26492,0.19904877245426178,0.19904877245426178,0.16600774228572845,0.3811449706554413,parent_unmatched,0,-1
44b6_c8e2a523,44b6,85,26217,26544,0.3381032943725586,0.3381032943725586,0.23928923904895782,0.41085124015808105,parent_unmatched,0,-1
44b6_c8e2a523,44b6,87,27075,27398,0.4358164370059967,0.4358164370059967,0.4147382080554962,1.1929960250854492,parent_unmatched,0,-1
44b6_c8e2a523,44b6,87,26965,27301,0.4322868585586548,0.4322868585586548,0.4322868585586548,0.9163347482681274,parent_unmatched,0,-1
44b6_c8e2a523,44b6,89,27686,28002,0.46544235944747925,0.46544235944747925,0.46544235944747925,1.1002306938171387,parent_unmatched,0,-1
44b6_c8e2a523,44b6,90,27943,28250,0.4052642583847046,0.4052642583847046,0.4052642583847046,0.662555992603302,parent_unmatched,0,-1
44b6_c8e2a523,44b6,93,28974,29302,0.4002216160297394,0.4002216160297394,0.4002216160297394,1.3750866651535034,parent_unmatched,0,-1
44b6_d754aa59,44b6,2,75,134,0.28650715947151184,0.08435169607400894,0.01737276464700699,0.847621738910675,parent_unmatched,0,-1
44b6_d754aa59,44b6,15,851,915,0.042049407958984375,0.042049407958984375,0.036502156406641006,0.3218550682067871,parent_unmatched,0,-1
44b6_d754aa59,44b6,21,1264,1321,0.2586166262626648,0.1404249370098114,0.07436478137969971,0.9630411863327026,parent_unmatched,0,-1
44b6_d754aa59,44b6,60,3214,3268,0.34603351354599,0.1991509348154068,0.057882264256477356,1.2092422246932983,parent_unmatched,0,-1
44b6_d754aa59,44b6,66,3554,3618,0.3761637508869171,0.3761637508869171,0.3444012701511383,1.8051544427871704,parent_unmatched,0,-1
44b6_d754aa59,44b6,80,4450,4521,0.16708491742610931,0.10415380448102951,0.03050922229886055,1.256727695465088,parent_unmatched,0,-1
44b6_d754aa59,44b6,83,4659,4738,0.20241381227970123,0.20241381227970123,0.09762166440486908,1.3625816106796265,parent_unmatched,0,-1
44b6_d754aa59,44b6,87,4948,5030,0.2888958752155304,0.2888958752155304,0.25097280740737915,0.8787168264389038,parent_unmatched,0,-1
44b6_deabac95,44b6,1,80,285,0.25343433022499084,0.1526554822921753,0.1293564736843109,0.5869446992874146,parent_unmatched,0,-1
44b6_deabac95,44b6,3,420,624,0.4298793375492096,0.4298793375492096,0.3618949055671692,0.8396798968315125,parent_unmatched,0,-1
44b6_deabac95,44b6,3,430,657,0.10451161116361618,0.10451161116361618,0.07844232022762299,0.48917156457901,parent_unmatched,0,-1
44b6_deabac95,44b6,4,801,1035,0.3901987373828888,0.3901987373828888,0.38127145171165466,1.2094861268997192,parent_unmatched,0,-1
44b6_deabac95,44b6,5,878,1123,0.16070617735385895,0.16070617735385895,0.11999204009771347,0.6678412556648254,parent_unmatched,0,-1
44b6_deabac95,44b6,6,1202,1442,0.2261979728937149,0.2261979728937149,0.2040635049343109,0.7743869423866272,parent_unmatched,0,-1
44b6_deabac95,44b6,10,2204,2454,0.3893219530582428,0.3893219530582428,0.27094337344169617,1.1856168508529663,parent_unmatched,0,-1
44b6_deabac95,44b6,19,4235,4456,0.3577975332736969,0.3577975332736969,0.3577975332736969,0.7332878708839417,parent_matched_not_divider,0,4
44b6_deabac95,44b6,21,4585,4808,0.11735021322965622,0.06296495348215103,0.027567533776164055,0.5842890739440918,parent_unmatched,0,-1
44b6_deabac95,44b6,23,5092,5315,0.3008909523487091,0.3008909523487091,0.28927361965179443,0.6653578281402588,parent_unmatched,0,-1
44b6_deabac95,44b6,26,5715,5925,0.18709410727024078,0.18709410727024078,0.09019698202610016,0.636704683303833,parent_unmatched,0,-1
44b6_deabac95,44b6,26,5732,5947,0.29033225774765015,0.29033225774765015,0.28827986121177673,1.3733375072479248,parent_unmatched,0,-1
44b6_deabac95,44b6,29,6359,6554,0.3985386788845062,0.3985386788845062,0.19849087297916412,0.7854005694389343,parent_unmatched,0,-1
44b6_deabac95,44b6,29,6347,6566,0.43864864110946655,0.43864864110946655,0.34549224376678467,1.0589888095855713,parent_unmatched,0,-1
44b6_deabac95,44b6,32,7020,7233,0.20641231536865234,0.20641231536865234,0.14666366577148438,0.8172469139099121,parent_unmatched,0,-1
44b6_deabac95,44b6,32,7056,7283,0.057696107774972916,0.057696107774972916,0.057696107774972916,0.5127902626991272,parent_unmatched,0,-1
44b6_deabac95,44b6,34,7580,7788,0.32429197430610657,0.32429197430610657,0.31821370124816895,0.4138621389865875,parent_unmatched,0,-1
44b6_deabac95,44b6,35,7743,7954,0.28091755509376526,0.28091755509376526,0.2668343186378479,0.5653035044670105,parent_unmatched,0,-1
44b6_deabac95,44b6,39,8621,8825,0.2975424826145172,0.2975424826145172,0.25725632905960083,0.8397359848022461,parent_unmatched,0,-1
44b6_deabac95,44b6,40,8656,8849,0.2426864355802536,0.2426864355802536,0.18247997760772705,1.031133770942688,parent_unmatched,0,-1
44b6_deabac95,44b6,44,9463,9661,0.3298647105693817,0.29340699315071106,0.2558339536190033,1.4009202718734741,parent_unmatched,0,-1
44b6_deabac95,44b6,48,10330,10505,0.33518606424331665,0.26425886154174805,0.2086506187915802,0.8382437825202942,parent_unmatched,0,-1
44b6_deabac95,44b6,49,10520,10696,0.5003128051757812,0.5003128051757812,0.40368878841400146,1.4094173908233643,parent_unmatched,0,-1
44b6_deabac95,44b6,50,10607,10784,0.3331177532672882,0.3331177532672882,0.2952079176902771,0.7459276914596558,parent_unmatched,0,-1
44b6_deabac95,44b6,51,10725,10890,0.17963363230228424,0.17963363230228424,0.17790713906288147,0.7247970700263977,parent_unmatched,0,-1
44b6_deabac95,44b6,55,11432,11594,0.353489488363266,0.19114390015602112,0.08514880388975143,1.1545888185501099,parent_unmatched,0,-1
44b6_deabac95,44b6,62,12470,12605,0.3253850042819977,0.3253850042819977,0.23137401044368744,1.02959406375885,parent_unmatched,0,-1
44b6_deabac95,44b6,64,12838,12981,0.22431236505508423,0.22431236505508423,0.18629875779151917,0.7622977495193481,parent_unmatched,0,-1
44b6_deabac95,44b6,68,13339,13467,0.42414364218711853,0.3460957407951355,0.22096873819828033,1.5169936418533325,parent_matched_not_divider,0,92
44b6_deabac95,44b6,72,13880,14006,0.3940385580062866,0.3940385580062866,0.33959081768989563,0.8537840843200684,parent_unmatched,0,-1
44b6_deabac95,44b6,88,15541,15633,0.45651403069496155,0.45651403069496155,0.33627986907958984,1.429427146911621,parent_unmatched,0,-1
44b6_deabac95,44b6,93,15985,16070,0.5074615478515625,0.5074615478515625,0.37088680267333984,2.176835298538208,parent_unmatched,0,-1
6bba_48816121,6bba,2,397,672,0.1920742392539978,0.1920742392539978,0.10300043970346451,0.9467520117759705,parent_unmatched,0,-1
6bba_48816121,6bba,5,1177,1476,0.3100937008857727,0.3100937008857727,0.30845797061920166,1.0062265396118164,parent_matched_not_divider,0,17
6bba_48816121,6bba,5,1232,1524,0.3751523792743683,0.3751523792743683,0.3560563623905182,1.1280690431594849,parent_unmatched,0,-1
6bba_48816121,6bba,8,2027,2317,0.034251295030117035,0.029994286596775055,0.029994286596775055,0.19459974765777588,parent_unmatched,0,-1
6bba_48816121,6bba,8,2188,2512,0.3250789940357208,0.3250789940357208,0.25085127353668213,0.5293112993240356,parent_unmatched,0,-1
6bba_48816121,6bba,9,2360,2673,0.24343888461589813,0.24343888461589813,0.2323819249868393,0.7075902223587036,parent_unmatched,0,-1
6bba_48816121,6bba,12,3410,3752,0.3947310745716095,0.3947310745716095,0.28631287813186646,0.9987173080444336,TRUE,1,46
6bba_48816121,6bba,14,4009,4347,0.14377984404563904,0.1254478245973587,0.1254478245973587,0.9543918967247009,parent_unmatched,0,-1
6bba_48816121,6bba,15,4227,4537,0.09010352939367294,0.09010352939367294,0.08660007268190384,0.1020081490278244,parent_unmatched,0,-1
6bba_48816121,6bba,17,4863,5163,0.24449637532234192,0.24449637532234192,0.18068327009677887,0.6182351112365723,parent_unmatched,0,-1
6bba_48816121,6bba,27,7882,8158,0.2894797623157501,0.2894797623157501,0.22435854375362396,0.3237120807170868,parent_unmatched,0,-1
6bba_48816121,6bba,28,8316,8607,0.49405330419540405,0.49405330419540405,0.43606868386268616,1.8313864469528198,parent_unmatched,0,-1
6bba_48816121,6bba,32,9527,9821,0.26296940445899963,0.26296940445899963,0.18333090841770172,0.8394241333007812,parent_unmatched,0,-1
6bba_48816121,6bba,33,9833,10115,0.2110074907541275,0.2110074907541275,0.18837344646453857,0.8506725430488586,parent_unmatched,0,-1
6bba_48816121,6bba,34,9958,10237,0.26693400740623474,0.26693400740623474,0.17968034744262695,0.4968824088573456,parent_unmatched,0,-1
6bba_48816121,6bba,35,10349,10634,0.04162584990262985,0.039382655173540115,0.019442243501544,0.2176859974861145,parent_unmatched,0,-1
6bba_48816121,6bba,36,10590,10901,0.19601009786128998,0.19601009786128998,0.10407545417547226,0.8410046100616455,parent_unmatched,0,-1
6bba_48816121,6bba,38,11213,11479,0.35170862078666687,0.35170862078666687,0.35170862078666687,0.9138370156288147,parent_unmatched,0,-1
6bba_48816121,6bba,39,11279,11542,0.10848889499902725,0.10848889499902725,0.06504128128290176,0.3917665481567383,parent_unmatched,0,-1
6bba_48816121,6bba,45,12914,13176,0.3566509783267975,0.3566509783267975,0.3566509783267975,0.6640894412994385,parent_unmatched,0,-1
6bba_48816121,6bba,45,12931,13214,0.3400019109249115,0.26685887575149536,0.20451830327510834,0.6641659736633301,parent_unmatched,0,-1
6bba_48816121,6bba,46,13239,13527,0.3935824930667877,0.3935824930667877,0.18980208039283752,1.4534741640090942,parent_unmatched,0,-1
6bba_48816121,6bba,48,13953,14226,0.26834309101104736,0.26834309101104736,0.22751379013061523,1.1181236505508423,parent_unmatched,0,-1
6bba_48816121,6bba,50,14414,14658,0.2887260913848877,0.2887260913848877,0.22115907073020935,0.534339427947998,parent_unmatched,0,-1
6bba_48816121,6bba,55,15675,15918,0.4436131715774536,0.4436131715774536,0.41951891779899597,0.9938388466835022,parent_unmatched,0,-1
6bba_48816121,6bba,58,16442,16664,0.3665239214897156,0.3665239214897156,0.3651675879955292,0.5490244030952454,parent_unmatched,0,-1
6bba_48816121,6bba,60,16964,17186,0.15983028709888458,0.025547614321112633,0.00778368441388011,0.5063681602478027,parent_unmatched,0,-1
6bba_48816121,6bba,62,17261,17501,0.1235349029302597,0.04289889335632324,0.02417130209505558,0.7127214670181274,parent_unmatched,0,-1
6bba_48816121,6bba,63,17549,17784,0.3724575340747833,0.3724575340747833,0.3724575340747833,0.7924740314483643,parent_unmatched,0,-1
6bba_48816121,6bba,64,17772,18006,0.25387075543403625,0.25387075543403625,0.16451673209667206,0.8062098622322083,parent_unmatched,0,-1
6bba_48816121,6bba,65,18001,18241,0.19058430194854736,0.19058430194854736,0.1652059108018875,0.6998117566108704,parent_unmatched,0,-1
6bba_48816121,6bba,66,18486,18729,0.12692232429981232,0.12692232429981232,0.07218021899461746,0.8416224122047424,parent_unmatched,0,-1
6bba_48816121,6bba,67,18718,18961,0.25902289152145386,0.25902289152145386,0.22848302125930786,0.8928593397140503,parent_unmatched,0,-1
6bba_48816121,6bba,69,19064,19298,0.2985118627548218,0.2985118627548218,0.27580776810646057,0.48636364936828613,parent_unmatched,0,-1
6bba_48816121,6bba,71,19536,19760,0.305658757686615,0.305658757686615,0.26720672845840454,0.648414134979248,parent_unmatched,0,-1
6bba_48816121,6bba,73,19999,20233,0.466923326253891,0.466923326253891,0.34120339155197144,1.0443434715270996,parent_unmatched,0,-1
6bba_48816121,6bba,73,20150,20381,0.24779430031776428,0.24779430031776428,0.17803968489170074,0.9994748830795288,parent_unmatched,0,-1
6bba_48816121,6bba,75,20608,20837,0.3824287950992584,0.3824287950992584,0.34585854411125183,1.2566076517105103,parent_unmatched,0,-1
6bba_48816121,6bba,78,21237,21470,0.4131104350090027,0.4131104350090027,0.4131104350090027,1.4243149757385254,parent_unmatched,0,-1
6bba_48816121,6bba,79,21522,21735,0.4167309105396271,0.4167309105396271,0.30292028188705444,1.2885594367980957,parent_unmatched,0,-1
6bba_48816121,6bba,79,21429,21674,0.3624708354473114,0.3624708354473114,0.3624708354473114,1.2386629581451416,parent_unmatched,0,-1
6bba_48816121,6bba,82,22071,22313,0.31762754917144775,0.31762754917144775,0.1916285902261734,0.6702932715415955,parent_unmatched,0,-1
6bba_48816121,6bba,83,22344,22570,0.37006741762161255,0.37006741762161255,0.37006741762161255,0.5996912717819214,parent_unmatched,0,-1
6bba_48816121,6bba,85,22835,23069,0.4188114106655121,0.4188114106655121,0.4188114106655121,1.0870063304901123,parent_unmatched,0,-1
6bba_48816121,6bba,87,23313,23546,0.04126167669892311,0.04126167669892311,0.028477519750595093,0.2779504358768463,parent_unmatched,0,-1
6bba_48816121,6bba,88,23507,23727,0.41498270630836487,0.41498270630836487,0.38911131024360657,0.760546863079071,parent_unmatched,0,-1
6bba_48816121,6bba,89,23784,24017,0.2988796532154083,0.2988796532154083,0.184651181101799,0.6875883340835571,parent_unmatched,0,-1
6bba_48816121,6bba,91,24132,24349,0.40367209911346436,0.40367209911346436,0.40367209911346436,0.5948963165283203,parent_unmatched,0,-1
6bba_48816121,6bba,92,24456,24688,0.311331182718277,0.311331182718277,0.26502561569213867,0.7144966125488281,parent_unmatched,0,-1
6bba_48816121,6bba,94,24743,24964,0.17852024734020233,0.17852024734020233,0.06797792762517929,1.0452690124511719,parent_unmatched,0,-1
6bba_09961292,6bba,1,19,364,0.1656515747308731,0.1656515747308731,0.15582530200481415,0.9721301198005676,parent_unmatched,0,-1
6bba_09961292,6bba,4,1001,1311,0.4521048367023468,0.4521048367023468,0.4399857521057129,1.424788475036621,parent_unmatched,0,-1
6bba_09961292,6bba,6,1765,2143,0.09521430730819702,0.09521430730819702,0.06580368429422379,0.629819929599762,parent_unmatched,0,-1
6bba_09961292,6bba,8,2436,2794,0.3195004165172577,0.3195004165172577,0.15631316602230072,0.8205527067184448,parent_unmatched,0,-1
6bba_09961292,6bba,9,2823,3180,0.29634469747543335,0.29634469747543335,0.29022401571273804,0.8753790855407715,parent_unmatched,0,-1
6bba_09961292,6bba,20,6429,6752,0.34384846687316895,0.34384846687316895,0.27293315529823303,1.119094729423523,parent_unmatched,0,-1
6bba_09961292,6bba,22,7258,7585,0.29776862263679504,0.29776862263679504,0.2754724621772766,0.8048515319824219,parent_unmatched,0,-1
6bba_09961292,6bba,23,7543,7838,0.4348841905593872,0.4348841905593872,0.28599515557289124,0.8340357542037964,parent_unmatched,0,-1
6bba_09961292,6bba,24,7805,8129,0.34320446848869324,0.17614811658859253,0.053594283759593964,1.0420438051223755,parent_unmatched,0,-1
6bba_09961292,6bba,25,8108,8437,0.37399375438690186,0.37399375438690186,0.3665330708026886,0.9707489609718323,parent_unmatched,0,-1
6bba_09961292,6bba,29,9412,9728,0.13749463856220245,0.09649670124053955,0.08871200680732727,0.6007748246192932,parent_unmatched,0,-1
6bba_09961292,6bba,29,9382,9670,0.2529047727584839,0.2529047727584839,0.14286889135837555,0.6868200302124023,parent_unmatched,0,-1
6bba_09961292,6bba,30,9701,10029,0.2622850239276886,0.2622850239276886,0.2244967371225357,0.5702455639839172,parent_unmatched,0,-1
6bba_09961292,6bba,31,9839,10163,0.42689356207847595,0.42689356207847595,0.42689356207847595,1.4450852870941162,parent_unmatched,0,-1
6bba_09961292,6bba,33,10692,10992,0.35899588465690613,0.2535354495048523,0.07757557183504105,0.995248019695282,parent_unmatched,0,-1
6bba_09961292,6bba,39,12361,12540,0.3054868280887604,0.2534733712673187,0.1589546948671341,1.1029692888259888,parent_unmatched,0,-1
6bba_09961292,6bba,39,12327,12671,0.45715636014938354,0.45715636014938354,0.36251866817474365,0.884674072265625,parent_unmatched,0,-1
6bba_09961292,6bba,40,12704,13004,0.2226516604423523,0.21636274456977844,0.1578012853860855,0.48632729053497314,parent_unmatched,0,-1
6bba_09961292,6bba,40,12786,13071,0.22158095240592957,0.22158095240592957,0.08785339444875717,0.6329211592674255,parent_unmatched,0,-1
6bba_09961292,6bba,45,14050,14365,0.3454897105693817,0.3454897105693817,0.2878762185573578,1.1384377479553223,TRUE,1,1022
6bba_09961292,6bba,46,14439,14758,0.2884370684623718,0.2884370684623718,0.23480822145938873,0.8963353037834167,parent_unmatched,0,-1
6bba_09961292,6bba,48,15117,15435,0.35916006565093994,0.35916006565093994,0.26143911480903625,0.6317117214202881,parent_unmatched,0,-1
6bba_09961292,6bba,57,17763,18082,0.6276232004165649,0.6276232004165649,0.6276232004165649,2.5995540618896484,parent_unmatched,0,-1
6bba_09961292,6bba,61,18816,19129,0.09003466367721558,0.08656128495931625,0.04287862777709961,0.40841326117515564,parent_unmatched,0,-1
6bba_09961292,6bba,62,19197,19533,0.330361932516098,0.330361932516098,0.25654640793800354,0.7754040360450745,parent_unmatched,0,-1
6bba_09961292,6bba,66,20537,20870,0.13666343688964844,0.13666343688964844,0.07462071627378464,0.6797413229942322,parent_unmatched,0,-1
6bba_09961292,6bba,66,20450,20688,0.36733341217041016,0.16905167698860168,0.09977300465106964,0.8073786497116089,parent_unmatched,0,-1
6bba_09961292,6bba,72,22431,22746,0.36713334918022156,0.25965428352355957,0.16783417761325836,0.995295524597168,parent_unmatched,0,-1
6bba_09961292,6bba,87,26835,27118,0.3967747986316681,0.3967747986316681,0.3967747986316681,0.9816835522651672,parent_unmatched,0,-1
6bba_09961292,6bba,87,26973,27261,0.2991523742675781,0.2223680317401886,0.13309712707996368,1.130436658859253,parent_matched_not_divider,0,1696
6bba_09961292,6bba,93,28745,29011,0.32890477776527405,0.32890477776527405,0.22117140889167786,0.5793541669845581,parent_unmatched,0,-1
6bba_09961292,6bba,93,28584,28885,0.25680550932884216,0.25680550932884216,0.24498918652534485,1.1346142292022705,parent_unmatched,0,-1
6bba_afb141ff,6bba,1,56,137,0.5598243474960327,0.5598243474960327,0.43493783473968506,1.9219683408737183,parent_unmatched,0,-1
6bba_afb141ff,6bba,2,109,202,0.4770034849643707,0.4770034849643707,0.47107914090156555,1.139577031135559,parent_unmatched,0,-1
6bba_afb141ff,6bba,4,334,441,0.1802939772605896,0.1802939772605896,0.12734580039978027,0.6134185194969177,parent_unmatched,0,-1
6bba_afb141ff,6bba,7,648,752,0.09846872091293335,0.08873943984508514,0.021056735888123512,0.7347546219825745,parent_unmatched,0,-1
6bba_afb141ff,6bba,10,966,1066,0.2629050612449646,0.2629050612449646,0.19295385479927063,0.7508343458175659,parent_unmatched,0,-1
6bba_afb141ff,6bba,14,1335,1429,0.355001300573349,0.355001300573349,0.2996242344379425,1.1886910200119019,parent_unmatched,0,-1
6bba_afb141ff,6bba,16,1542,1620,0.08127676695585251,0.08127676695585251,0.035011619329452515,0.39799708127975464,parent_unmatched,0,-1
6bba_afb141ff,6bba,28,2300,2361,0.5201481580734253,0.4975225329399109,0.3864310383796692,1.376845121383667,parent_unmatched,0,-1
6bba_afb141ff,6bba,39,2979,3046,0.3980420231819153,0.3980420231819153,0.15921758115291595,0.751677930355072,parent_unmatched,0,-1
6bba_afb141ff,6bba,43,3268,3327,0.1148146316409111,0.1148146316409111,0.05888908728957176,0.9929718375205994,parent_unmatched,0,-1
6bba_afb141ff,6bba,48,3552,3610,0.32163500785827637,0.32163500785827637,0.32163500785827637,0.660427987575531,parent_unmatched,0,-1
6bba_afb141ff,6bba,55,3985,4047,0.5320432782173157,0.5320432782173157,0.4992964565753937,1.281937837600708,parent_unmatched,0,-1
6bba_cdcfe533,6bba,1,102,331,0.18183915317058563,0.06438873708248138,0.056513238698244095,0.7593347430229187,parent_unmatched,0,-1
6bba_cdcfe533,6bba,1,165,397,0.1307070106267929,0.1307070106267929,0.12690475583076477,0.4234893023967743,parent_unmatched,0,-1
6bba_cdcfe533,6bba,2,416,683,0.023028861731290817,0.023028861731290817,0.023028861731290817,0.3113046884536743,parent_unmatched,0,-1
6bba_cdcfe533,6bba,2,444,712,0.25332269072532654,0.25332269072532654,0.25332269072532654,0.7152054309844971,parent_unmatched,0,-1
6bba_cdcfe533,6bba,3,687,983,0.010468829423189163,0.0062556485645473,0.003819929901510477,0.3509277403354645,parent_unmatched,0,-1
6bba_cdcfe533,6bba,3,713,1020,0.15264150500297546,0.0792444497346878,0.03591633960604668,0.69234299659729,parent_unmatched,0,-1
6bba_cdcfe533,6bba,4,837,1138,0.3335447609424591,0.3335447609424591,0.30846765637397766,1.0810248851776123,parent_unmatched,0,-1
6bba_cdcfe533,6bba,4,766,1053,0.3339318335056305,0.3339318335056305,0.3339318335056305,1.1719063520431519,parent_unmatched,0,-1
6bba_cdcfe533,6bba,5,1093,1409,0.46803024411201477,0.46803024411201477,0.46803024411201477,1.69953191280365,parent_unmatched,0,-1
6bba_cdcfe533,6bba,5,1231,1545,0.04708025977015495,0.024934588000178337,0.009648377075791359,0.6712101697921753,parent_unmatched,0,-1
6bba_cdcfe533,6bba,6,1612,1946,0.018406592309474945,0.005793925374746323,0.004418210592120886,0.4594021141529083,parent_unmatched,0,-1
6bba_cdcfe533,6bba,6,1414,1756,0.3951506018638611,0.3951506018638611,0.2777692377567291,0.8606753945350647,parent_unmatched,0,-1
6bba_cdcfe533,6bba,7,1856,2196,0.00236544874496758,0.001187661080621183,0.0010344712063670158,0.03472701832652092,parent_unmatched,0,-1
6bba_cdcfe533,6bba,7,1888,2215,0.03508730232715607,0.029900064691901207,0.025071371346712112,0.09214964509010315,parent_unmatched,0,-1
6bba_cdcfe533,6bba,9,2575,2893,0.30869877338409424,0.30869877338409424,0.24147923290729523,1.0403064489364624,parent_unmatched,0,-1
6bba_cdcfe533,6bba,9,2385,2704,0.41772449016571045,0.41772449016571045,0.41772449016571045,1.2027369737625122,parent_unmatched,0,-1
6bba_cdcfe533,6bba,10,2758,3078,0.01676388643682003,0.0025368263013660908,0.00198513176292181,0.1619926244020462,parent_unmatched,0,-1
6bba_cdcfe533,6bba,11,3282,3603,0.11081885546445847,0.053186215460300446,0.01978784054517746,0.3324314057826996,parent_unmatched,0,-1
6bba_cdcfe533,6bba,11,3031,3354,0.0032022397499531507,0.0032022397499531507,0.003165836213156581,0.12796978652477264,parent_unmatched,0,-1
6bba_cdcfe533,6bba,12,3602,3912,0.18262088298797607,0.18262088298797607,0.1481446921825409,0.517568051815033,parent_unmatched,0,-1
6bba_cdcfe533,6bba,13,3827,4130,0.005549521651118994,0.005549521651118994,0.005549521651118994,0.11596131324768066,parent_unmatched,0,-1
6bba_cdcfe533,6bba,13,3858,4155,0.010269071906805038,0.010269071906805038,0.010269071906805038,0.13938425481319427,parent_unmatched,0,-1
6bba_cdcfe533,6bba,14,3950,4272,0.186330184340477,0.12808281183242798,0.025958478450775146,0.6196578741073608,parent_unmatched,0,-1
6bba_cdcfe533,6bba,14,4066,4369,0.24981309473514557,0.15479986369609833,0.07242237031459808,1.1207926273345947,parent_unmatched,0,-1
6bba_cdcfe533,6bba,15,4375,4676,0.009027007967233658,0.007525377441197634,0.0066466666758060455,0.16389641165733337,parent_unmatched,0,-1
6bba_cdcfe533,6bba,15,4242,4570,0.223367840051651,0.037758469581604004,0.002688175765797496,1.0787379741668701,parent_unmatched,0,-1
6bba_cdcfe533,6bba,16,4624,4922,0.009254476055502892,0.009254476055502892,0.004632294178009033,0.14465409517288208,parent_unmatched,0,-1
6bba_cdcfe533,6bba,17,4861,5164,0.06708594411611557,0.011418861337006092,0.004674127325415611,0.5447996258735657,parent_unmatched,0,-1
6bba_cdcfe533,6bba,18,5238,5541,0.08743589371442795,0.08743589371442795,0.08743589371442795,0.43181273341178894,parent_unmatched,0,-1
6bba_cdcfe533,6bba,18,5145,5432,0.12411613017320633,0.11253395676612854,0.04891267418861389,0.46682459115982056,parent_unmatched,0,-1
6bba_cdcfe533,6bba,19,5501,5801,0.08449956029653549,0.02437933161854744,0.01621590368449688,0.33304867148399353,parent_unmatched,0,-1
6bba_cdcfe533,6bba,19,5511,5821,0.4624045193195343,0.4624045193195343,0.4624045193195343,1.1970964670181274,parent_unmatched,0,-1
6bba_cdcfe533,6bba,20,5744,6042,0.021732306107878685,0.007134278770536184,0.007134278770536184,0.3383522927761078,parent_unmatched,0,-1
6bba_cdcfe533,6bba,20,5933,6229,0.27786123752593994,0.27786123752593994,0.27786123752593994,0.5907263159751892,parent_unmatched,0,-1
6bba_cdcfe533,6bba,23,6648,6939,0.043084513396024704,0.043084513396024704,0.043084513396024704,0.37520232796669006,parent_matched_not_divider,0,8
6bba_cdcfe533,6bba,23,6587,6883,0.20980797708034515,0.20980797708034515,0.20332655310630798,0.8966642022132874,parent_unmatched,0,-1
6bba_cdcfe533,6bba,24,6983,7280,0.46339020133018494,0.3721126317977905,0.16350208222866058,1.3344496488571167,parent_unmatched,0,-1
6bba_cdcfe533,6bba,24,7078,7359,0.012070485390722752,0.012070485390722752,0.012070485390722752,0.16211575269699097,parent_unmatched,0,-1
6bba_cdcfe533,6bba,26,7608,7894,0.40730077028274536,0.40730077028274536,0.3136802017688751,0.6502387523651123,parent_unmatched,0,-1
6bba_cdcfe533,6bba,26,7521,7816,0.01649789698421955,0.006652371026575565,0.0035772554110735655,0.10837312042713165,parent_unmatched,0,-1
6bba_cdcfe533,6bba,27,7879,8152,0.4349214434623718,0.4349214434623718,0.4045824706554413,0.8393497467041016,parent_unmatched,0,-1
6bba_cdcfe533,6bba,27,7730,8011,0.14435900747776031,0.14435900747776031,0.07033383846282959,0.6179398894309998,parent_unmatched,0,-1
6bba_cdcfe533,6bba,28,8012,8290,0.24113936722278595,0.24113936722278595,0.07415955513715744,0.6080023050308228,parent_unmatched,0,-1
6bba_cdcfe533,6bba,29,8315,8609,0.49535423517227173,0.49535423517227173,0.3598347008228302,1.6550883054733276,parent_unmatched,0,-1
6bba_cdcfe533,6bba,29,8327,8602,0.10758557170629501,0.10758557170629501,0.10758557170629501,0.46028244495391846,parent_unmatched,0,-1
6bba_cdcfe533,6bba,30,8689,8969,0.1180943176150322,0.025033967569470406,0.004595586564391851,0.6525453329086304,parent_unmatched,0,-1
6bba_cdcfe533,6bba,32,9201,9486,0.009751798585057259,0.007341540418565273,0.006625106558203697,0.22576594352722168,parent_unmatched,0,-1
6bba_cdcfe533,6bba,33,9386,9658,0.3099091649055481,0.3099091649055481,0.18712803721427917,1.1260356903076172,parent_unmatched,0,-1
6bba_cdcfe533,6bba,33,9401,9651,0.2641787528991699,0.2641787528991699,0.23428551852703094,0.7001479268074036,parent_unmatched,0,-1
6bba_cdcfe533,6bba,35,9965,10247,0.08655519783496857,0.08655519783496857,0.07882418483495712,0.5760954022407532,parent_unmatched,0,-1
6bba_cdcfe533,6bba,36,10205,10480,0.015103565528988838,0.015103565528988838,0.012977579608559608,0.31524667143821716,parent_unmatched,0,-1
6bba_cdcfe533,6bba,38,10802,11075,0.05406630039215088,0.007473726291209459,0.006005262956023216,0.21204160153865814,parent_unmatched,0,-1
6bba_cdcfe533,6bba,38,10794,11059,0.10955265164375305,0.10955265164375305,0.10913839936256409,0.6726068258285522,parent_unmatched,0,-1
6bba_cdcfe533,6bba,40,11394,11667,0.3952876031398773,0.3952876031398773,0.25039395689964294,0.8005368113517761,parent_unmatched,0,-1
6bba_cdcfe533,6bba,46,12966,13236,0.22114498913288116,0.22114498913288116,0.20257192850112915,0.6933240294456482,parent_unmatched,0,-1
6bba_cdcfe533,6bba,46,13087,13363,0.4761824905872345,0.4761824905872345,0.3108104467391968,0.9755236506462097,parent_unmatched,0,-1
6bba_cdcfe533,6bba,47,13384,13655,0.32592493295669556,0.32592493295669556,0.2708095908164978,0.7843201160430908,parent_unmatched,0,-1
6bba_cdcfe533,6bba,52,14692,14976,0.3956944942474365,0.3956944942474365,0.14593997597694397,1.3743804693222046,parent_unmatched,0,-1
6bba_cdcfe533,6bba,53,15055,15344,0.31492215394973755,0.31492215394973755,0.31492215394973755,0.4596378803253174,TRUE,1,398
6bba_cdcfe533,6bba,55,15596,15891,0.43530988693237305,0.43530988693237305,0.28876498341560364,0.9494329690933228,parent_unmatched,0,-1
6bba_cdcfe533,6bba,55,15652,15919,0.3999074101448059,0.3999074101448059,0.3863997757434845,0.6456236243247986,parent_unmatched,0,-1
6bba_cdcfe533,6bba,60,16960,17245,0.331656813621521,0.331656813621521,0.19052860140800476,0.6486691832542419,parent_unmatched,0,-1
6bba_cdcfe533,6bba,64,18175,18478,0.41766592860221863,0.23781083524227142,0.05706402659416199,0.883371114730835,parent_matched_not_divider,0,633
6bba_cdcfe533,6bba,65,18628,18921,0.39843183755874634,0.39843183755874634,0.39843183755874634,0.776442289352417,parent_unmatched,0,-1
6bba_cdcfe533,6bba,66,18692,18989,0.38016313314437866,0.12130168080329895,0.011301763355731964,0.9260743856430054,parent_unmatched,0,-1
6bba_cdcfe533,6bba,66,18681,18967,0.14147183299064636,0.14147183299064636,0.12395422160625458,0.5387812852859497,parent_unmatched,0,-1
6bba_cdcfe533,6bba,67,19188,19473,0.19839651882648468,0.19839651882648468,0.1335565149784088,0.48494717478752136,parent_unmatched,0,-1
6bba_cdcfe533,6bba,68,19266,19562,0.01253665890544653,0.010417084209620953,0.010417084209620953,0.23067238926887512,parent_unmatched,0,-1
6bba_cdcfe533,6bba,69,19570,19870,0.24388040602207184,0.24388040602207184,0.24388040602207184,1.0692387819290161,parent_unmatched,0,-1
6bba_cdcfe533,6bba,69,19646,19945,0.25180748105049133,0.25180748105049133,0.18334275484085083,0.36874493956565857,parent_unmatched,0,-1
6bba_cdcfe533,6bba,72,20521,20814,0.42374205589294434,0.42374205589294434,0.3355642557144165,1.2425150871276855,parent_unmatched,0,-1
6bba_cdcfe533,6bba,73,20874,21170,0.45242127776145935,0.45242127776145935,0.3021637201309204,0.7557348608970642,parent_matched_not_divider,0,799
6bba_cdcfe533,6bba,74,21259,21557,0.3462730646133423,0.13783608376979828,0.011648661457002163,0.8907263875007629,parent_unmatched,0,-1
6bba_cdcfe533,6bba,76,21639,21946,0.27524054050445557,0.27524054050445557,0.27524054050445557,0.8401473164558411,parent_unmatched,0,-1
6bba_cdcfe533,6bba,76,21792,22074,0.08647720515727997,0.08647720515727997,0.08647720515727997,0.25878453254699707,parent_unmatched,0,-1
6bba_cdcfe533,6bba,77,21939,22218,0.0794450119137764,0.0794450119137764,0.03325217589735985,0.5750269293785095,parent_unmatched,0,-1
6bba_cdcfe533,6bba,82,23401,23677,0.06759430468082428,0.06759430468082428,0.02717915177345276,0.5860680341720581,parent_unmatched,0,-1
6bba_cdcfe533,6bba,83,23754,24045,0.29098960757255554,0.15709121525287628,0.08823226392269135,0.7096071243286133,parent_unmatched,0,-1
6bba_cdcfe533,6bba,83,23800,24093,0.33998340368270874,0.33998340368270874,0.22719991207122803,0.6507304906845093,parent_unmatched,0,-1
6bba_cdcfe533,6bba,84,24004,24289,0.44348323345184326,0.44348323345184326,0.44348323345184326,1.1482468843460083,parent_unmatched,0,-1
6bba_cdcfe533,6bba,85,24304,24596,0.48163291811943054,0.48163291811943054,0.2678399384021759,1.7417038679122925,parent_unmatched,0,-1
6bba_cdcfe533,6bba,86,24554,24833,0.1234358549118042,0.06899166107177734,0.04436285048723221,0.7755118608474731,parent_unmatched,0,-1
6bba_cdcfe533,6bba,87,25042,25325,0.29686474800109863,0.29686474800109863,0.29686474800109863,0.30291569232940674,TRUE,1,1414
6bba_cdcfe533,6bba,89,25450,25749,0.4544791877269745,0.17141349613666534,0.006606064271181822,1.1185206174850464,parent_unmatched,0,-1
6bba_cdcfe533,6bba,91,26027,26321,0.419752299785614,0.30901503562927246,0.18697956204414368,1.2401279211044312,parent_unmatched,0,-1
6bba_cdcfe533,6bba,92,26472,26769,0.24859429895877838,0.24859429895877838,0.24859429895877838,0.2851108908653259,parent_matched_not_divider,0,1182
6bba_cdcfe533,6bba,92,26412,26714,0.4645865261554718,0.4645865261554718,0.4645865261554718,0.8109116554260254,parent_unmatched,0,-1
6bba_cdcfe533,6bba,93,26610,26921,0.4165869355201721,0.4165869355201721,0.26800429821014404,0.9212420582771301,parent_unmatched,0,-1
6bba_debd7bfa,6bba,1,129,322,0.3813074231147766,0.3813074231147766,0.3813074231147766,0.6275948286056519,parent_unmatched,0,-1
6bba_debd7bfa,6bba,2,386,593,0.18689370155334473,0.18689370155334473,0.13100560009479523,1.2299405336380005,parent_unmatched,0,-1
6bba_debd7bfa,6bba,3,555,791,0.20039740204811096,0.09552261978387833,0.0479523204267025,0.8773561120033264,parent_unmatched,0,-1
6bba_debd7bfa,6bba,7,1574,1820,0.18386991322040558,0.11696223169565201,0.05325176939368248,0.9027327299118042,parent_unmatched,0,-1
6bba_debd7bfa,6bba,7,1565,1813,0.3572607934474945,0.3572607934474945,0.2978692948818207,1.3345913887023926,parent_unmatched,0,-1
6bba_debd7bfa,6bba,8,1803,2037,0.25522151589393616,0.25522151589393616,0.23563532531261444,1.0039148330688477,parent_unmatched,0,-1
6bba_debd7bfa,6bba,8,1699,1934,0.3090883493423462,0.3090883493423462,0.3090883493423462,0.43259114027023315,parent_unmatched,0,-1
6bba_debd7bfa,6bba,9,2043,2253,0.23367661237716675,0.23367661237716675,0.2030644714832306,0.8289753794670105,parent_unmatched,0,-1
6bba_debd7bfa,6bba,11,2377,2595,0.24771738052368164,0.24771738052368164,0.21628034114837646,0.8643463253974915,parent_unmatched,0,-1
6bba_debd7bfa,6bba,12,2531,2749,0.2660297751426697,0.2660297751426697,0.17138513922691345,1.0854216814041138,parent_unmatched,0,-1
6bba_debd7bfa,6bba,12,2549,2769,0.31593531370162964,0.22213634848594666,0.20208269357681274,1.0115662813186646,parent_unmatched,0,-1
6bba_debd7bfa,6bba,13,2915,3112,0.08188953995704651,0.0441567488014698,0.031750939786434174,0.9759883880615234,parent_unmatched,0,-1
6bba_debd7bfa,6bba,15,3273,3468,0.2410263568162918,0.2410263568162918,0.17191565036773682,0.6512652635574341,parent_unmatched,0,-1
6bba_debd7bfa,6bba,16,3535,3742,0.1992729753255844,0.1992729753255844,0.16682158410549164,0.6320896744728088,parent_unmatched,0,-1
6bba_debd7bfa,6bba,16,3443,3650,0.18820904195308685,0.09695208072662354,0.04050853103399277,0.9472475051879883,parent_unmatched,0,-1
6bba_debd7bfa,6bba,17,3671,3876,0.2664904296398163,0.2664904296398163,0.2664904296398163,0.9730932116508484,parent_unmatched,0,-1
6bba_debd7bfa,6bba,17,3675,3867,0.17102950811386108,0.17102950811386108,0.0785379633307457,0.7542988061904907,parent_unmatched,0,-1
6bba_debd7bfa,6bba,20,4179,4368,0.4188885986804962,0.2935185432434082,0.16695661842823029,1.1291418075561523,parent_unmatched,0,-1
6bba_debd7bfa,6bba,23,4914,5100,0.23777855932712555,0.23777855932712555,0.19600209593772888,0.8953932523727417,parent_unmatched,0,-1
6bba_debd7bfa,6bba,27,5678,5873,0.09638798236846924,0.09638798236846924,0.09070839732885361,0.49874696135520935,parent_unmatched,0,-1
6bba_debd7bfa,6bba,28,5809,5997,0.38962697982788086,0.38962697982788086,0.3120633363723755,1.1376421451568604,parent_unmatched,0,-1
6bba_debd7bfa,6bba,30,6228,6414,0.35563749074935913,0.3053675889968872,0.2769751250743866,0.9281575679779053,parent_unmatched,0,-1
6bba_debd7bfa,6bba,31,6405,6572,0.42713141441345215,0.42713141441345215,0.3907845616340637,0.928816556930542,parent_unmatched,0,-1
6bba_debd7bfa,6bba,36,7219,7372,0.40779462456703186,0.40779462456703186,0.37660858035087585,0.9464532136917114,parent_unmatched,0,-1
6bba_debd7bfa,6bba,37,7284,7432,0.4050624370574951,0.4050624370574951,0.36886414885520935,1.190395474433899,TRUE,1,737
6bba_debd7bfa,6bba,40,7731,7885,0.2915077805519104,0.2915077805519104,0.19510690867900848,1.012709379196167,parent_unmatched,0,-1
6bba_debd7bfa,6bba,46,8600,8718,0.31619992852211,0.2736704647541046,0.2593735158443451,1.2538641691207886,parent_unmatched,0,-1
6bba_debd7bfa,6bba,47,8736,8861,0.3329382538795471,0.3329382538795471,0.3220903277397156,0.8401270508766174,parent_unmatched,0,-1
6bba_debd7bfa,6bba,50,9093,9196,0.1389312744140625,0.1389312744140625,0.0922345295548439,0.45806753635406494,parent_unmatched,0,-1
6bba_debd7bfa,6bba,52,9264,9361,0.21151931583881378,0.21151931583881378,0.2009928673505783,0.797600269317627,parent_unmatched,0,-1
6bba_debd7bfa,6bba,53,9383,9475,0.3217790126800537,0.161910742521286,0.034631576389074326,1.1770145893096924,parent_unmatched,0,-1
6bba_debd7bfa,6bba,54,9466,9560,0.08244079351425171,0.07752865552902222,0.0563589446246624,0.4675903916358948,parent_unmatched,0,-1
6bba_debd7bfa,6bba,63,10189,10261,0.16522854566574097,0.16522854566574097,0.14182916283607483,0.25738292932510376,parent_unmatched,0,-1
6bba_debd7bfa,6bba,68,10512,10580,0.39718884229660034,0.24041521549224854,0.03168364241719246,1.0724866390228271,parent_unmatched,0,-1
6bba_debd7bfa,6bba,76,11065,11129,0.1830112338066101,0.1830112338066101,0.11198282241821289,0.350430428981781,parent_unmatched,0,-1
6bba_debd7bfa,6bba,92,12020,12076,0.18299604952335358,0.18299604952335358,0.16806824505329132,0.42936456203460693,parent_unmatched,0,-1
6bba_df673a83,6bba,6,1278,1525,0.3365260660648346,0.3365260660648346,0.29642072319984436,1.0009928941726685,parent_unmatched,0,-1
6bba_df673a83,6bba,13,2778,3018,0.1939220130443573,0.1939220130443573,0.12969613075256348,0.3406238555908203,parent_unmatched,0,-1
6bba_df673a83,6bba,19,4196,4423,0.26151806116104126,0.26151806116104126,0.21357999742031097,0.5269371867179871,parent_unmatched,0,-1
6bba_df673a83,6bba,25,5675,5898,0.19514362514019012,0.19514362514019012,0.13539902865886688,0.5860123634338379,parent_unmatched,0,-1
6bba_df673a83,6bba,27,6088,6334,0.3235775828361511,0.3235775828361511,0.31087446212768555,0.5539401173591614,parent_unmatched,0,-1
6bba_df673a83,6bba,28,6318,6562,0.38522636890411377,0.38522636890411377,0.38522636890411377,1.0462913513183594,parent_unmatched,0,-1
6bba_df673a83,6bba,29,6547,6783,0.2768275737762451,0.2768275737762451,0.2713906764984131,0.9358454942703247,parent_unmatched,0,-1
6bba_df673a83,6bba,43,9731,9954,0.10637043416500092,0.10637043416500092,0.04375074803829193,0.6996482610702515,parent_unmatched,0,-1
6bba_df673a83,6bba,48,10983,11213,0.3237745463848114,0.3237745463848114,0.3237745463848114,0.928403377532959,parent_unmatched,0,-1
6bba_df673a83,6bba,48,10936,11184,0.16038094460964203,0.16038094460964203,0.13778170943260193,0.4560937285423279,parent_unmatched,0,-1
6bba_df673a83,6bba,49,11261,11482,0.34629926085472107,0.34629926085472107,0.2640160620212555,0.9503145813941956,TRUE,1,300
6bba_df673a83,6bba,51,11678,11894,0.22959432005882263,0.22959432005882263,0.1954088807106018,0.5796156525611877,parent_matched_not_divider,0,648
6bba_df673a83,6bba,54,12309,12551,0.1689089685678482,0.1689089685678482,0.1453833132982254,0.6054883003234863,parent_unmatched,0,-1
6bba_df673a83,6bba,58,13209,13433,0.11697179824113846,0.11697179824113846,0.04738278314471245,0.9441507458686829,parent_unmatched,0,-1
6bba_df673a83,6bba,67,15230,15461,0.05248355492949486,0.05248355492949486,0.04291346296668053,0.6453320384025574,parent_unmatched,0,-1
6bba_df673a83,6bba,69,15759,15988,0.30600622296333313,0.30600622296333313,0.302263081073761,0.6608814001083374,parent_unmatched,0,-1
6bba_df673a83,6bba,75,17148,17376,0.2867417335510254,0.2867417335510254,0.22628234326839447,0.5310512781143188,parent_unmatched,0,-1
6bba_df673a83,6bba,75,17080,17313,0.2521229088306427,0.2521229088306427,0.1974673718214035,1.1542549133300781,parent_unmatched,0,-1
6bba_df673a83,6bba,79,17944,18186,0.2645781636238098,0.2645781636238098,0.22988972067832947,0.849427342414856,parent_unmatched,0,-1
6bba_df673a83,6bba,82,18653,18882,0.23080848157405853,0.23080848157405853,0.159994974732399,0.5020796656608582,parent_unmatched,0,-1
6bba_df673a83,6bba,88,20111,20305,0.30107808113098145,0.30107808113098145,0.30107808113098145,0.8513087630271912,parent_unmatched,0,-1
6bba_df673a83,6bba,90,20388,20608,0.26897457242012024,0.26897457242012024,0.19086788594722748,1.1153744459152222,parent_unmatched,0,-1
6bba_df673a83,6bba,93,20985,21184,0.1886807531118393,0.1886807531118393,0.08600553125143051,0.590823233127594,parent_unmatched,0,-1
6bba_df673a83,6bba,94,21245,21458,0.17372295260429382,0.17372295260429382,0.11563089489936829,0.7387387156486511,parent_unmatched,0,-1
6bba_df673a83,6bba,94,21279,21497,0.3500155210494995,0.3500155210494995,0.3500155210494995,0.9085448980331421,parent_unmatched,0,-1
6bba_05db0fb1,6bba,1,50,732,0.28387343883514404,0.2473863810300827,0.19259138405323029,0.7698713541030884,parent_unmatched,0,-1
6bba_05db0fb1,6bba,1,554,1241,0.2767618000507355,0.2767618000507355,0.2767618000507355,0.9406052827835083,parent_unmatched,0,-1
6bba_05db0fb1,6bba,1,384,1040,0.019264468923211098,0.00515588466078043,0.003759086597710848,0.37365949153900146,parent_unmatched,0,-1
6bba_05db0fb1,6bba,2,1327,2026,0.09502225369215012,0.09502225369215012,0.06543075293302536,0.13845905661582947,parent_unmatched,0,-1
6bba_05db0fb1,6bba,2,1376,2093,0.05677172914147377,0.0041182031854987144,0.002956569893285632,0.2738453149795532,parent_unmatched,0,-1
6bba_05db0fb1,6bba,5,2975,3794,0.23508690297603607,0.23508690297603607,0.23508690297603607,1.4405797719955444,parent_unmatched,0,-1
6bba_05db0fb1,6bba,6,3748,4561,0.12402546405792236,0.10021068900823593,0.0735800489783287,0.4827006459236145,parent_unmatched,0,-1
6bba_05db0fb1,6bba,7,4866,5637,0.25582125782966614,0.25582125782966614,0.24260535836219788,1.0014747381210327,parent_unmatched,0,-1
6bba_05db0fb1,6bba,7,4785,5542,0.07035868614912033,0.07035868614912033,0.016073279082775116,0.11203133314847946,parent_unmatched,0,-1
6bba_05db0fb1,6bba,8,5218,5986,0.3298564553260803,0.3298564553260803,0.3011864125728607,0.918761134147644,parent_unmatched,0,-1
6bba_05db0fb1,6bba,8,5217,5999,0.08728158473968506,0.08728158473968506,0.08728158473968506,0.23027005791664124,parent_unmatched,0,-1
6bba_05db0fb1,6bba,9,6631,7405,0.003238661913201213,0.00023911052267067134,7.106323027983308e-05,-0.0829511433839798,parent_matched_not_divider,0,62
6bba_05db0fb1,6bba,10,7321,8076,0.17333006858825684,0.11369152367115021,0.06327496469020844,0.8325641751289368,parent_unmatched,0,-1
6bba_05db0fb1,6bba,10,6854,7614,0.19993425905704498,0.19993425905704498,0.18142764270305634,0.5600999593734741,parent_unmatched,0,-1
6bba_05db0fb1,6bba,10,7483,8271,0.06763176620006561,0.03732828423380852,0.020912081003189087,0.11195752024650574,parent_unmatched,0,-1
6bba_05db0fb1,6bba,10,7486,8275,0.10695282369852066,0.10695282369852066,0.027882782742381096,0.3751848638057709,parent_unmatched,0,-1
6bba_05db0fb1,6bba,10,6814,7548,0.1795312613248825,0.1795312613248825,0.15422627329826355,0.49031057953834534,parent_unmatched,0,-1
6bba_05db0fb1,6bba,10,7048,7860,0.058879245072603226,0.058879245072603226,0.017435334622859955,0.7475585341453552,parent_unmatched,0,-1
6bba_05db0fb1,6bba,11,7985,8791,0.2981235086917877,0.2981235086917877,0.2981235086917877,0.863202691078186,parent_unmatched,0,-1
6bba_05db0fb1,6bba,11,7764,8516,0.23713433742523193,0.23713433742523193,0.23713433742523193,0.5929009914398193,parent_unmatched,0,-1
6bba_05db0fb1,6bba,11,8001,8744,0.2626431882381439,0.2626431882381439,0.2626431882381439,0.7077565789222717,parent_unmatched,0,-1
6bba_05db0fb1,6bba,12,8713,9524,0.18330493569374084,0.18330493569374084,0.14984950423240662,0.31861448287963867,parent_unmatched,0,-1
6bba_05db0fb1,6bba,13,9699,10503,0.07049217075109482,0.07049217075109482,0.04610934853553772,0.7175660133361816,parent_unmatched,0,-1
6bba_05db0fb1,6bba,14,10515,11316,0.16810490190982819,0.16810490190982819,0.16619963943958282,0.5346570611000061,parent_unmatched,0,-1
6bba_05db0fb1,6bba,14,10268,11100,0.09076178818941116,0.06433907151222229,0.05643775314092636,0.9050869941711426,parent_unmatched,0,-1
6bba_05db0fb1,6bba,15,11048,11897,0.17467866837978363,0.17467866837978363,0.17467866837978363,0.29898932576179504,parent_unmatched,0,-1
6bba_05db0fb1,6bba,15,11322,12155,0.004240646958351135,0.004240646958351135,0.002617892576381564,-0.005708305165171623,parent_matched_not_divider,0,117
6bba_05db0fb1,6bba,16,11855,12656,0.18181876838207245,0.18181876838207245,0.15884554386138916,0.45379573106765747,parent_unmatched,0,-1
6bba_05db0fb1,6bba,16,11766,12600,0.38679996132850647,0.3116416037082672,0.18977124989032745,1.5895382165908813,parent_unmatched,0,-1
6bba_05db0fb1,6bba,16,11519,12299,0.35151103138923645,0.35151103138923645,0.24031831324100494,0.9823290705680847,parent_unmatched,0,-1
6bba_05db0fb1,6bba,16,11809,12610,0.16926448047161102,0.16926448047161102,0.16926448047161102,0.5732863545417786,parent_unmatched,0,-1
6bba_05db0fb1,6bba,16,12181,12960,0.0004994409973733127,0.0004994409973733127,0.0004950364818796515,-0.08113724738359451,parent_unmatched,0,-1
6bba_05db0fb1,6bba,18,13468,14310,0.2340129017829895,0.2340129017829895,0.22507809102535248,0.2782943844795227,parent_unmatched,0,-1
6bba_05db0fb1,6bba,20,14857,15684,0.0709754154086113,0.02086707204580307,0.013614743947982788,0.5225435495376587,parent_unmatched,0,-1
6bba_05db0fb1,6bba,20,15462,16304,0.14622952044010162,0.14622952044010162,0.13798990845680237,0.5501946806907654,parent_unmatched,0,-1
6bba_05db0fb1,6bba,20,15037,15836,0.13881099224090576,0.13881099224090576,0.1088656634092331,0.24069052934646606,parent_unmatched,0,-1
6bba_05db0fb1,6bba,20,14989,15831,0.013962490484118462,0.01179559901356697,0.005078114103525877,0.3397587835788727,parent_unmatched,0,-1
6bba_05db0fb1,6bba,21,15918,16710,0.3352230489253998,0.3352230489253998,0.329743891954422,0.681929349899292,parent_unmatched,0,-1
6bba_05db0fb1,6bba,22,16569,17414,0.2460782825946808,0.2460782825946808,0.17102178931236267,1.0541133880615234,parent_unmatched,0,-1
6bba_05db0fb1,6bba,23,17596,18378,0.01434489618986845,0.01434489618986845,0.01167974155396223,0.3582770526409149,parent_unmatched,0,-1
6bba_05db0fb1,6bba,24,18752,19596,0.17341133952140808,0.17341133952140808,0.07450316846370697,0.1898985505104065,parent_unmatched,0,-1
6bba_05db0fb1,6bba,25,19321,20114,0.34118518233299255,0.34118518233299255,0.3028617203235626,0.7843921780586243,parent_unmatched,0,-1
6bba_05db0fb1,6bba,25,19122,19931,0.20253781974315643,0.20253781974315643,0.179894357919693,0.9518120288848877,parent_unmatched,0,-1
6bba_05db0fb1,6bba,26,20420,21253,0.0010671369964256883,0.0010671369964256883,0.0006086676730774343,-0.06414173543453217,parent_unmatched,0,-1
6bba_05db0fb1,6bba,28,21313,22144,0.1945173442363739,0.1692732572555542,0.1170077845454216,0.7823088765144348,parent_unmatched,0,-1
6bba_05db0fb1,6bba,28,21897,22776,0.009414328262209892,0.009414328262209892,0.004407568369060755,0.00803726352751255,parent_unmatched,0,-1
6bba_05db0fb1,6bba,28,21488,22278,0.27766621112823486,0.27766621112823486,0.2529871165752411,1.3029043674468994,parent_unmatched,0,-1
6bba_05db0fb1,6bba,29,22797,23627,0.037603966891765594,0.037603966891765594,0.03297733888030052,0.2130485624074936,parent_unmatched,0,-1
6bba_05db0fb1,6bba,29,22291,23109,0.23165470361709595,0.22732792794704437,0.18227389454841614,0.9783656001091003,parent_unmatched,0,-1
6bba_05db0fb1,6bba,30,23299,24101,0.20492343604564667,0.20492343604564667,0.20492343604564667,1.1775331497192383,parent_unmatched,0,-1
6bba_05db0fb1,6bba,31,24088,24882,0.2023729532957077,0.2023729532957077,0.2023729532957077,0.5156056880950928,parent_unmatched,0,-1
6bba_05db0fb1,6bba,31,24549,25397,0.00028213008772581816,0.00028213008772581816,0.00028213008772581816,-0.06386496871709824,parent_unmatched,0,-1
6bba_05db0fb1,6bba,31,23902,24691,0.17588664591312408,0.17588664591312408,0.07754596322774887,1.1898508071899414,parent_unmatched,0,-1
6bba_05db0fb1,6bba,33,26104,26919,0.03743485361337662,0.03743485361337662,0.03454315662384033,0.13188156485557556,parent_unmatched,0,-1
6bba_05db0fb1,6bba,33,25611,26439,0.27913662791252136,0.27913662791252136,0.24843955039978027,1.1422795057296753,parent_unmatched,0,-1
6bba_05db0fb1,6bba,36,28297,29079,0.20900146663188934,0.20900146663188934,0.20900146663188934,0.39630797505378723,parent_unmatched,0,-1
6bba_05db0fb1,6bba,39,30647,31522,0.12449658662080765,0.12449658662080765,0.12449658662080765,0.9261249899864197,parent_unmatched,0,-1
6bba_05db0fb1,6bba,39,30445,31271,0.1548267900943756,0.1548267900943756,0.12454133480787277,1.150211215019226,parent_unmatched,0,-1
6bba_05db0fb1,6bba,39,30582,31345,0.23574545979499817,0.23574545979499817,0.22694602608680725,0.4718541204929352,parent_unmatched,0,-1
6bba_05db0fb1,6bba,39,30422,31212,0.18138808012008667,0.18138808012008667,0.17057602107524872,0.7621334195137024,parent_unmatched,0,-1
6bba_05db0fb1,6bba,39,30636,31503,0.11666921526193619,0.11666921526193619,0.10941372066736221,0.32980823516845703,parent_unmatched,0,-1
6bba_05db0fb1,6bba,39,30570,31416,0.033721912652254105,0.033721912652254105,0.030218610540032387,0.750737726688385,parent_unmatched,0,-1
6bba_05db0fb1,6bba,40,31599,32327,0.2059929221868515,0.2059929221868515,0.16935421526432037,0.3925153315067291,parent_unmatched,0,-1
6bba_05db0fb1,6bba,40,31489,32211,0.24485160410404205,0.24485160410404205,0.24485160410404205,0.5404420495033264,parent_unmatched,0,-1
6bba_05db0fb1,6bba,40,31747,32484,0.05690115690231323,0.01981060579419136,0.014269078150391579,0.5050069689750671,parent_unmatched,0,-1
6bba_05db0fb1,6bba,40,31204,32004,0.22826790809631348,0.22826790809631348,0.21867050230503082,0.6805903911590576,parent_unmatched,0,-1
6bba_05db0fb1,6bba,40,31271,32075,0.1486111581325531,0.1486111581325531,0.08482804894447327,1.1290558576583862,parent_unmatched,0,-1
6bba_05db0fb1,6bba,40,31800,32604,0.2763727903366089,0.2763727903366089,0.24435950815677643,0.22152620553970337,parent_unmatched,0,-1
6bba_05db0fb1,6bba,41,32102,32883,0.3512797951698303,0.3512797951698303,0.30575305223464966,0.8320819735527039,parent_unmatched,0,-1
6bba_05db0fb1,6bba,41,32283,33056,0.22862228751182556,0.22862228751182556,0.22862228751182556,0.416536420583725,parent_unmatched,0,-1
6bba_05db0fb1,6bba,42,33020,33829,0.0951194316148758,0.0951194316148758,0.06727759540081024,0.13095445930957794,parent_unmatched,0,-1
6bba_05db0fb1,6bba,43,33513,34284,0.31195685267448425,0.1698874831199646,0.05275263264775276,1.263567328453064,parent_unmatched,0,-1
6bba_05db0fb1,6bba,44,34711,35527,0.10125985741615295,0.10125985741615295,0.05712990090250969,0.9145549535751343,parent_unmatched,0,-1
6bba_05db0fb1,6bba,44,34287,35068,0.2627241611480713,0.15578977763652802,0.10663295537233353,1.4694182872772217,parent_unmatched,0,-1
6bba_05db0fb1,6bba,44,34676,35441,0.2221153974533081,0.2221153974533081,0.2221153974533081,0.47720572352409363,parent_unmatched,0,-1
6bba_05db0fb1,6bba,48,37773,38569,0.23305360972881317,0.23305360972881317,0.08833042532205582,0.752454936504364,parent_unmatched,0,-1
6bba_05db0fb1,6bba,51,39749,40556,0.2622314691543579,0.2622314691543579,0.1896674931049347,1.0175371170043945,parent_unmatched,0,-1
6bba_05db0fb1,6bba,51,40423,41192,0.003832113929092884,0.003832113929092884,0.003769931150600314,0.10352441668510437,parent_unmatched,0,-1
6bba_05db0fb1,6bba,52,40678,41459,0.06999224424362183,0.046360984444618225,0.038843438029289246,0.5708790421485901,parent_unmatched,0,-1
6bba_05db0fb1,6bba,54,42590,43302,0.27251988649368286,0.27251988649368286,0.27034828066825867,0.46231526136398315,parent_unmatched,0,-1
6bba_05db0fb1,6bba,55,42833,43585,0.07447744160890579,0.07447744160890579,0.028523819521069527,0.3813689053058624,parent_unmatched,0,-1
6bba_05db0fb1,6bba,55,42803,43533,0.3332432210445404,0.18897855281829834,0.0609048567712307,1.1852167844772339,parent_matched_not_divider,0,643
6bba_05db0fb1,6bba,56,44169,44882,0.0011771315475925803,0.0002557544212322682,0.0001904801611090079,-0.0034889155067503452,parent_unmatched,0,-1
6bba_05db0fb1,6bba,58,44962,45719,0.27796298265457153,0.23834940791130066,0.15931794047355652,1.3938630819320679,parent_unmatched,0,-1
6bba_05db0fb1,6bba,59,46140,46855,0.04454950615763664,0.003989143297076225,0.00023025873815640807,0.31578850746154785,parent_unmatched,0,-1
6bba_05db0fb1,6bba,59,45710,46428,0.27684977650642395,0.27684977650642395,0.15481525659561157,1.0751631259918213,parent_unmatched,0,-1
6bba_05db0fb1,6bba,61,47359,48114,0.042415328323841095,0.042415328323841095,0.04097561538219452,0.188645601272583,parent_unmatched,0,-1
6bba_05db0fb1,6bba,62,48518,49224,0.09140365570783615,0.09140365570783615,0.08442621678113937,0.11142299324274063,parent_unmatched,0,-1
6bba_05db0fb1,6bba,66,51381,52096,0.18183961510658264,0.18183961510658264,0.16431333124637604,0.3116864562034607,parent_unmatched,0,-1
6bba_05db0fb1,6bba,66,50771,51511,0.31370845437049866,0.31370845437049866,0.2316388487815857,1.6801105737686157,parent_unmatched,0,-1
6bba_05db0fb1,6bba,67,51540,52261,0.21134743094444275,0.21134743094444275,0.1497659832239151,1.3756473064422607,parent_unmatched,0,-1
6bba_05db0fb1,6bba,68,52157,52920,0.164762482047081,0.164762482047081,0.12415175139904022,0.8518046736717224,parent_unmatched,0,-1
6bba_05db0fb1,6bba,68,52275,52951,0.16249226033687592,0.16249226033687592,0.09385218471288681,0.9517557621002197,parent_unmatched,0,-1
6bba_05db0fb1,6bba,69,52875,53601,0.16337479650974274,0.16337479650974274,0.16230207681655884,1.214821457862854,parent_unmatched,0,-1
6bba_05db0fb1,6bba,71,54840,55568,0.006435382645577192,0.0019962082151323557,0.0019962082151323557,-0.02068965882062912,parent_unmatched,0,-1
6bba_05db0fb1,6bba,72,55084,55801,0.11805204302072525,0.09373163431882858,0.05654311925172806,0.7528156042098999,parent_unmatched,0,-1
6bba_05db0fb1,6bba,72,55329,56027,0.22132699191570282,0.22132699191570282,0.16837546229362488,1.1396939754486084,parent_unmatched,0,-1
6bba_05db0fb1,6bba,72,55468,56205,0.1582319736480713,0.1582319736480713,0.14429302513599396,0.40790432691574097,parent_unmatched,0,-1
6bba_05db0fb1,6bba,72,55456,56130,0.19868113100528717,0.19868113100528717,0.16454455256462097,0.584182858467102,parent_unmatched,0,-1
6bba_05db0fb1,6bba,73,55845,56558,0.22700253129005432,0.19249054789543152,0.14682690799236298,0.6482394337654114,parent_unmatched,0,-1
6bba_05db0fb1,6bba,73,55984,56684,0.17957980930805206,0.17957980930805206,0.16057907044887543,0.314985454082489,parent_unmatched,0,-1
6bba_05db0fb1,6bba,82,62304,62978,0.09443038702011108,0.09443038702011108,0.05893604829907417,0.7919533848762512,parent_unmatched,0,-1
6bba_05db0fb1,6bba,83,62825,63525,0.19402572512626648,0.19402572512626648,0.19402572512626648,1.0118422508239746,parent_unmatched,0,-1
6bba_05db0fb1,6bba,83,63043,63724,0.26605015993118286,0.26605015993118286,0.2271725982427597,0.5815708041191101,parent_unmatched,0,-1
6bba_05db0fb1,6bba,86,65103,65790,0.26697874069213867,0.26697874069213867,0.263249933719635,0.7805715203285217,parent_unmatched,0,-1
6bba_05db0fb1,6bba,86,65307,65974,0.02056911773979664,0.02056911773979664,0.00969267264008522,0.10951412469148636,parent_unmatched,0,-1
6bba_05db0fb1,6bba,86,65378,66050,0.2579069435596466,0.2579069435596466,0.1839623898267746,0.5863147974014282,parent_unmatched,0,-1
6bba_05db0fb1,6bba,87,65592,66340,0.19300493597984314,0.19300493597984314,0.18800421059131622,0.680821418762207,parent_unmatched,0,-1
6bba_05db0fb1,6bba,87,65913,66614,0.09683234989643097,0.0326252356171608,0.003662163158878684,0.5483461022377014,parent_unmatched,0,-1
6bba_05db0fb1,6bba,90,67951,68674,0.3056160807609558,0.3056160807609558,0.3056160807609558,0.6905760169029236,parent_unmatched,0,-1
6bba_05db0fb1,6bba,90,67747,68375,0.18162252008914948,0.09865668416023254,0.023939695209264755,1.4368078708648682,parent_unmatched,0,-1
6bba_05db0fb1,6bba,91,68696,69421,0.1225387379527092,0.1225387379527092,0.1225387379527092,0.2579593360424042,parent_unmatched,0,-1
6bba_05db0fb1,6bba,92,69068,69751,0.26914307475090027,0.18664340674877167,0.07209555059671402,0.818790853023529,parent_unmatched,0,-1
6bba_05db0fb1,6bba,92,69406,70077,0.06027699634432793,0.028460821136832237,0.0194498673081398,0.1395624577999115,parent_unmatched,0,-1
6bba_05db0fb1,6bba,92,69234,69900,0.0865016058087349,0.0865016058087349,0.0686768963932991,0.89166259765625,parent_unmatched,0,-1
6bba_05db0fb1,6bba,92,69159,69839,0.10386266559362411,0.10386266559362411,0.10386266559362411,0.5288083553314209,parent_unmatched,0,-1
6bba_05db0fb1,6bba,92,69354,70036,0.28561514616012573,0.28561514616012573,0.28561514616012573,0.5627636909484863,parent_unmatched,0,-1
6bba_05db0fb1,6bba,93,69849,70536,0.17803552746772766,0.17803552746772766,0.17803552746772766,0.46085086464881897,parent_unmatched,0,-1
6bba_05db0fb1,6bba,93,69762,70448,0.15994173288345337,0.1509847790002823,0.1268509477376938,1.220387578010559,parent_unmatched,0,-1
6bba_05db0fb1,6bba,93,69885,70612,0.27798163890838623,0.27798163890838623,0.2770128548145294,0.7402801513671875,parent_unmatched,0,-1
6bba_05db0fb1,6bba,93,70095,70790,0.24670261144638062,0.24670261144638062,0.18044257164001465,0.24674451351165771,parent_unmatched,0,-1
6bba_05db0fb1,6bba,93,69862,70599,0.1924169659614563,0.15390239655971527,0.15390239655971527,0.6360712051391602,parent_unmatched,0,-1
6bba_05db0fb1,6bba,94,70474,71179,0.19382497668266296,0.13241249322891235,0.10873271524906158,0.6570756435394287,parent_unmatched,0,-1
6bba_05db0fb1,6bba,94,70487,71204,0.17038924992084503,0.16279982030391693,0.15237103402614594,1.068009376525879,parent_unmatched,0,-1
6bba_05db0fb1,6bba,94,70937,71670,0.027150532230734825,0.027150532230734825,0.017460783943533897,0.24319694936275482,parent_unmatched,0,-1
6bba_05db0fb1,6bba,94,70403,71120,0.13082142174243927,0.07530458271503448,0.03598775342106819,1.3030115365982056,parent_unmatched,0,-1
6bba_05db0fb1,6bba,94,70904,71612,0.32913845777511597,0.32913845777511597,0.2880312502384186,0.32309597730636597,parent_unmatched,0,-1
6bba_12665c0e,6bba,2,251,402,0.2498583346605301,0.2498583346605301,0.22383977472782135,0.7542200684547424,parent_unmatched,0,-1
6bba_12665c0e,6bba,7,1013,1174,0.35049962997436523,0.29830339550971985,0.20712260901927948,1.1793525218963623,parent_matched_not_divider,0,64
6bba_12665c0e,6bba,15,2194,2330,0.12147538363933563,0.09184305369853973,0.09184305369853973,0.8141508102416992,parent_unmatched,0,-1
6bba_12665c0e,6bba,17,2410,2545,0.251008540391922,0.21043872833251953,0.12966351211071014,0.8453879356384277,parent_unmatched,0,-1
6bba_12665c0e,6bba,18,2587,2709,0.4285812973976135,0.4285812973976135,0.40772518515586853,1.0761202573776245,parent_unmatched,0,-1
6bba_12665c0e,6bba,20,2850,2971,0.3630317449569702,0.3630317449569702,0.36178991198539734,1.188852310180664,parent_matched_not_divider,0,248
6bba_12665c0e,6bba,23,3195,3320,0.05420955643057823,0.05420955643057823,0.04620612412691116,0.6612113118171692,parent_unmatched,0,-1
6bba_12665c0e,6bba,25,3366,3495,0.3828639090061188,0.3828639090061188,0.18321332335472107,1.3483563661575317,parent_unmatched,0,-1
6bba_12665c0e,6bba,32,4228,4327,0.1527668684720993,0.1527668684720993,0.10180157423019409,0.49055349826812744,parent_unmatched,0,-1
6bba_12665c0e,6bba,33,4255,4356,0.42551544308662415,0.42551544308662415,0.35812458395957947,1.4375121593475342,parent_matched_not_divider,0,413
6bba_12665c0e,6bba,40,4933,5015,0.35709187388420105,0.35709187388420105,0.35709187388420105,0.7962856292724609,parent_unmatched,0,-1
6bba_12665c0e,6bba,41,5016,5113,0.22537750005722046,0.22537750005722046,0.08897985517978668,1.021005630493164,parent_matched_not_divider,0,493
6bba_12665c0e,6bba,70,6961,7019,0.07425316423177719,0.032074544578790665,0.014167290180921555,1.0298269987106323,parent_unmatched,0,-1
6bba_12665c0e,6bba,79,7512,7569,0.1444644033908844,0.04054420813918114,0.03029649890959263,0.7818734645843506,parent_unmatched,0,-1
6bba_12665c0e,6bba,81,7612,7671,0.05086813494563103,0.02086268924176693,0.01737816445529461,0.11521312594413757,parent_unmatched,0,-1
6bba_12665c0e,6bba,82,7664,7728,0.05694811791181564,0.05694811791181564,0.03233056887984276,0.5160157084465027,parent_unmatched,0,-1
6bba_20852818,6bba,2,283,473,0.3475341796875,0.3475341796875,0.31096336245536804,1.467942237854004,parent_matched_not_divider,0,6
6bba_20852818,6bba,3,525,742,0.04322897642850876,0.007186027243733406,0.004133536014705896,0.31241339445114136,parent_unmatched,0,-1
6bba_20852818,6bba,3,556,773,0.11690347641706467,0.06069585308432579,0.03555842489004135,0.5977458953857422,parent_matched_not_divider,0,17
6bba_20852818,6bba,4,653,893,0.25743526220321655,0.04858621954917908,0.012710070237517357,1.0400514602661133,parent_unmatched,0,-1
6bba_20852818,6bba,4,610,842,0.22363147139549255,0.22363147139549255,0.22363147139549255,1.044831395149231,parent_unmatched,0,-1
6bba_20852818,6bba,5,938,1161,0.27873101830482483,0.27873101830482483,0.27873101830482483,0.46549734473228455,parent_unmatched,0,-1
6bba_20852818,6bba,5,1017,1261,0.2171367108821869,0.04263562709093094,0.008962680585682392,0.5974669456481934,parent_unmatched,0,-1
6bba_20852818,6bba,8,1710,1936,0.5001893043518066,0.5001893043518066,0.493160218000412,1.3293732404708862,parent_unmatched,0,-1
6bba_20852818,6bba,9,1875,2090,0.4378995895385742,0.4378995895385742,0.4378995895385742,0.9485340118408203,parent_unmatched,0,-1
6bba_20852818,6bba,12,2550,2751,0.3012068271636963,0.3012068271636963,0.27134811878204346,0.5025191903114319,parent_unmatched,0,-1
6bba_20852818,6bba,16,3244,3426,0.2649024426937103,0.2649024426937103,0.2649024426937103,1.1307448148727417,parent_unmatched,0,-1
6bba_20852818,6bba,16,3388,3584,0.49979767203330994,0.49979767203330994,0.44033005833625793,1.3994344472885132,parent_unmatched,0,-1
6bba_20852818,6bba,30,5562,5686,0.4457184374332428,0.4457184374332428,0.4457184374332428,0.8726222515106201,parent_unmatched,0,-1
6bba_20852818,6bba,63,8657,8722,0.12332586944103241,0.12332586944103241,0.12332586944103241,0.4090394675731659,parent_unmatched,0,-1
6bba_20852818,6bba,75,9424,9493,0.3036803901195526,0.3036803901195526,0.3036803901195526,0.6156651377677917,parent_unmatched,0,-1
6bba_20852818,6bba,79,9733,9799,0.060690753161907196,0.060690753161907196,0.060690753161907196,0.2273043543100357,parent_unmatched,0,-1
6bba_4ffd3da3,6bba,2,349,540,0.2489706575870514,0.2489706575870514,0.21576446294784546,1.3010358810424805,parent_unmatched,0,-1
6bba_4ffd3da3,6bba,3,487,704,0.274711936712265,0.274711936712265,0.2599518299102783,0.7486602663993835,parent_unmatched,0,-1
6bba_4ffd3da3,6bba,4,723,950,0.30476948618888855,0.30476948618888855,0.2983892560005188,1.038930058479309,parent_unmatched,0,-1
6bba_4ffd3da3,6bba,4,770,1016,0.19363166391849518,0.19363166391849518,0.14406725764274597,0.658420205116272,parent_unmatched,0,-1
6bba_4ffd3da3,6bba,5,866,1118,0.10508385300636292,0.10508385300636292,0.08315315842628479,0.5643832087516785,parent_unmatched,0,-1
6bba_4ffd3da3,6bba,6,1242,1501,0.28013888001441956,0.28013888001441956,0.20307984948158264,1.0096694231033325,parent_unmatched,0,-1
6bba_4ffd3da3,6bba,7,1346,1596,0.027551136910915375,0.027551136910915375,0.027551136910915375,0.5723924040794373,parent_unmatched,0,-1
6bba_4ffd3da3,6bba,7,1311,1550,0.2065841257572174,0.18652963638305664,0.07286585867404938,0.8492279052734375,parent_unmatched,0,-1
6bba_4ffd3da3,6bba,9,1847,2090,0.23381367325782776,0.23381367325782776,0.23381367325782776,0.6823782920837402,parent_unmatched,0,-1
6bba_4ffd3da3,6bba,10,2170,2413,0.30821627378463745,0.30821627378463745,0.19478249549865723,1.435463309288025,parent_unmatched,0,-1
6bba_4ffd3da3,6bba,12,2604,2854,0.12423925846815109,0.12423925846815109,0.10209919512271881,0.8071233034133911,parent_unmatched,0,-1
6bba_4ffd3da3,6bba,13,2915,3154,0.29351118206977844,0.29351118206977844,0.2319294959306717,0.8433765172958374,parent_unmatched,0,-1
6bba_4ffd3da3,6bba,14,2979,3232,0.034142959862947464,0.034142959862947464,0.03152870386838913,0.7884956002235413,parent_unmatched,0,-1
6bba_4ffd3da3,6bba,16,3531,3779,0.28482547402381897,0.28482547402381897,0.2541307806968689,0.9411212801933289,parent_unmatched,0,-1
6bba_4ffd3da3,6bba,18,3955,4183,0.10640117526054382,0.10640117526054382,0.07421208173036575,1.0741806030273438,parent_unmatched,0,-1
6bba_4ffd3da3,6bba,19,4277,4522,0.29807040095329285,0.29807040095329285,0.2784497141838074,0.8422943949699402,parent_unmatched,0,-1
6bba_4ffd3da3,6bba,21,4654,4894,0.05588984116911888,0.03967466950416565,0.03121846728026867,0.9100267291069031,parent_unmatched,0,-1
6bba_4ffd3da3,6bba,22,4959,5186,0.14412620663642883,0.0900060385465622,0.05389650538563728,0.7534142732620239,parent_unmatched,0,-1
6bba_4ffd3da3,6bba,23,5290,5531,0.3322318494319916,0.3322318494319916,0.29801708459854126,1.1029224395751953,parent_unmatched,0,-1
6bba_4ffd3da3,6bba,23,5286,5545,0.33072781562805176,0.33072781562805176,0.21608059108257294,1.2946633100509644,parent_unmatched,0,-1
6bba_4ffd3da3,6bba,24,5351,5566,0.3519021272659302,0.3519021272659302,0.33138641715049744,0.8823083639144897,parent_unmatched,0,-1
6bba_4ffd3da3,6bba,28,6458,6691,0.25197553634643555,0.25197553634643555,0.24638427793979645,0.658801257610321,parent_unmatched,0,-1
6bba_4ffd3da3,6bba,30,6778,7016,0.08511987328529358,0.08511987328529358,0.08511987328529358,0.584073007106781,parent_unmatched,0,-1
6bba_4ffd3da3,6bba,31,7082,7316,0.4323769211769104,0.4323769211769104,0.40149158239364624,1.3749845027923584,parent_unmatched,0,-1
6bba_4ffd3da3,6bba,33,7587,7835,0.24159684777259827,0.24159684777259827,0.21739913523197174,0.7058078050613403,parent_unmatched,0,-1
6bba_4ffd3da3,6bba,36,8177,8419,0.19705459475517273,0.19705459475517273,0.14927969872951508,0.8924776315689087,parent_unmatched,0,-1
6bba_4ffd3da3,6bba,36,8169,8391,0.255062997341156,0.255062997341156,0.255062997341156,0.5778820514678955,parent_unmatched,0,-1
6bba_4ffd3da3,6bba,39,8975,9225,0.07989610731601715,0.07989610731601715,0.07811548560857773,0.6026301980018616,parent_unmatched,0,-1
6bba_4ffd3da3,6bba,39,8924,9167,0.06478337198495865,0.06478337198495865,0.049591854214668274,0.5400627255439758,parent_unmatched,0,-1
6bba_4ffd3da3,6bba,40,9205,9428,0.2530042827129364,0.2530042827129364,0.2263907790184021,0.5314440727233887,parent_unmatched,0,-1
6bba_4ffd3da3,6bba,43,9929,10165,0.04547572135925293,0.04547572135925293,0.04547572135925293,0.7587958574295044,parent_unmatched,0,-1
6bba_4ffd3da3,6bba,44,10216,10448,0.08484496176242828,0.04397298023104668,0.01874171942472458,0.8945038914680481,parent_unmatched,0,-1
6bba_4ffd3da3,6bba,44,10039,10280,0.027494676411151886,0.023214606568217278,0.017081227153539658,0.5438712239265442,parent_unmatched,0,-1
6bba_4ffd3da3,6bba,45,10419,10661,0.0835501104593277,0.0835501104593277,0.07493554055690765,0.715150773525238,parent_unmatched,0,-1
6bba_4ffd3da3,6bba,45,10409,10645,0.29227209091186523,0.29227209091186523,0.2618299126625061,0.9258231520652771,parent_matched_not_divider,0,222
6bba_4ffd3da3,6bba,47,10833,11059,0.1691904217004776,0.1691904217004776,0.1691904217004776,0.5191642045974731,parent_unmatched,0,-1
6bba_4ffd3da3,6bba,47,10727,10950,0.1003233939409256,0.1003233939409256,0.057383742183446884,0.6625865697860718,parent_matched_not_divider,0,229
6bba_4ffd3da3,6bba,50,11529,11753,0.3702872693538666,0.3702872693538666,0.3702872693538666,0.8867748975753784,parent_matched_not_divider,0,246
6bba_4ffd3da3,6bba,52,11944,12179,0.07205058634281158,0.07205058634281158,0.0649777352809906,0.819643497467041,parent_unmatched,0,-1
6bba_4ffd3da3,6bba,56,13028,13261,0.3830196261405945,0.3830196261405945,0.28206971287727356,1.3355995416641235,parent_unmatched,0,-1
6bba_4ffd3da3,6bba,59,13689,13924,0.09017689526081085,0.09017689526081085,0.09017689526081085,0.780134916305542,parent_unmatched,0,-1
6bba_4ffd3da3,6bba,63,14451,14670,0.24472644925117493,0.24472644925117493,0.2267223745584488,0.7872352004051208,parent_unmatched,0,-1
6bba_4ffd3da3,6bba,63,14571,14805,0.2921646535396576,0.2921646535396576,0.2647075951099396,1.0076806545257568,parent_unmatched,0,-1
6bba_4ffd3da3,6bba,64,14705,14940,0.19268785417079926,0.19268785417079926,0.19211885333061218,0.4086301624774933,parent_unmatched,0,-1
6bba_4ffd3da3,6bba,65,14896,15101,0.12258139997720718,0.12258139997720718,0.08512982726097107,0.5341019630432129,parent_unmatched,0,-1
6bba_4ffd3da3,6bba,68,15703,15915,0.2345627397298813,0.2345627397298813,0.22913271188735962,1.0733445882797241,parent_unmatched,0,-1
6bba_4ffd3da3,6bba,70,15980,16206,0.03217503800988197,0.03217503800988197,0.01886853016912937,0.5245822072029114,parent_unmatched,0,-1
6bba_4ffd3da3,6bba,71,16286,16502,0.04282841086387634,0.04282841086387634,0.03698662295937538,0.4179466962814331,parent_unmatched,0,-1
6bba_4ffd3da3,6bba,72,16467,16677,0.07310650497674942,0.06426247954368591,0.03965078294277191,0.6613563299179077,parent_unmatched,0,-1
6bba_4ffd3da3,6bba,72,16401,16615,0.05150623619556427,0.019337374716997147,0.014022779650986195,0.3432612419128418,parent_unmatched,0,-1
6bba_4ffd3da3,6bba,73,16682,16893,0.2626897394657135,0.2475876361131668,0.1934908777475357,0.8451243042945862,parent_unmatched,0,-1
6bba_4ffd3da3,6bba,76,17406,17607,0.3708781898021698,0.3708781898021698,0.3435820937156677,0.7429563999176025,parent_matched_not_divider,0,473
6bba_4ffd3da3,6bba,76,17249,17461,0.24880999326705933,0.24880999326705933,0.24880999326705933,0.9775553941726685,parent_unmatched,0,-1
6bba_4ffd3da3,6bba,77,17537,17742,0.2750072479248047,0.2750072479248047,0.1443484127521515,0.8594594597816467,parent_unmatched,0,-1
6bba_4ffd3da3,6bba,78,17821,18020,0.3511476218700409,0.3511476218700409,0.3425145149230957,1.1648309230804443,parent_unmatched,0,-1
6bba_4ffd3da3,6bba,80,18179,18375,0.14922766387462616,0.14922766387462616,0.12851348519325256,0.42733263969421387,parent_unmatched,0,-1
6bba_4ffd3da3,6bba,80,18244,18445,0.25144460797309875,0.25144460797309875,0.23014797270298004,0.6356286406517029,parent_unmatched,0,-1
6bba_4ffd3da3,6bba,81,18339,18564,0.20187728106975555,0.20187728106975555,0.14596502482891083,0.6952764391899109,parent_unmatched,0,-1
6bba_4ffd3da3,6bba,85,19288,19504,0.34391629695892334,0.34391629695892334,0.3170674443244934,0.6107470989227295,parent_unmatched,0,-1
6bba_4ffd3da3,6bba,85,19172,19373,0.20196674764156342,0.07307446002960205,0.02283378317952156,0.8442785143852234,parent_unmatched,0,-1
6bba_4ffd3da3,6bba,86,19377,19586,0.4063396453857422,0.3222714066505432,0.22884400188922882,1.2351205348968506,parent_unmatched,0,-1
6bba_4ffd3da3,6bba,86,19471,19668,0.35453125834465027,0.35453125834465027,0.3008327782154083,0.9627397656440735,parent_unmatched,0,-1
6bba_4ffd3da3,6bba,87,19687,19894,0.2677414119243622,0.2677414119243622,0.26471608877182007,0.5739697217941284,parent_unmatched,0,-1
6bba_4ffd3da3,6bba,87,19629,19823,0.06913930922746658,0.029298031702637672,0.01280369982123375,0.4290035665035248,parent_unmatched,0,-1
6bba_4ffd3da3,6bba,88,19912,20111,0.341757595539093,0.23491999506950378,0.091440849006176,1.1931166648864746,parent_unmatched,0,-1
6bba_4ffd3da3,6bba,88,19752,19944,0.23748336732387543,0.23748336732387543,0.0974247083067894,0.7762711048126221,parent_unmatched,0,-1
6bba_4ffd3da3,6bba,90,20315,20521,0.20099548995494843,0.20099548995494843,0.1633947640657425,0.8015175461769104,parent_unmatched,0,-1
6bba_4ffd3da3,6bba,91,20393,20599,0.09060808271169662,0.09060808271169662,0.051407624036073685,0.8530187010765076,parent_unmatched,0,-1
6bba_4ffd3da3,6bba,92,20610,20809,0.1606718897819519,0.1606718897819519,0.10089529305696487,0.484762579202652,parent_unmatched,0,-1
6bba_4ffd3da3,6bba,92,20743,20953,0.043554745614528656,0.043554745614528656,0.018289363011717796,0.4542350471019745,parent_unmatched,0,-1
6bba_4ffd3da3,6bba,93,20857,21053,0.07083676010370255,0.056937314569950104,0.027099356055259705,0.73350590467453,parent_unmatched,0,-1
6bba_4ffd3da3,6bba,94,21104,21305,0.2730734646320343,0.2730734646320343,0.20219652354717255,0.5667150020599365,parent_unmatched,0,-1
6bba_4ffd3da3,6bba,94,20976,21185,0.13279300928115845,0.13279300928115845,0.1280166208744049,0.6822576522827148,parent_unmatched,0,-1
6bba_57b7cc1e,6bba,1,407,1184,0.035622190684080124,0.01954485848546028,0.003146987408399582,0.5135367512702942,parent_unmatched,0,-1
6bba_57b7cc1e,6bba,2,825,1603,0.12109778076410294,0.009150057099759579,0.00023680226877331734,0.48418113589286804,parent_unmatched,0,-1
6bba_57b7cc1e,6bba,2,1086,1860,0.2637259066104889,0.15354306995868683,0.11219333857297897,0.5248560309410095,parent_unmatched,0,-1
6bba_57b7cc1e,6bba,2,1409,2154,0.0010701529681682587,0.0004063299857079983,7.559833466075361e-05,-0.035604942589998245,parent_unmatched,0,-1
6bba_57b7cc1e,6bba,2,1193,1986,0.2656260132789612,0.2656260132789612,0.2656260132789612,0.5824692249298096,parent_unmatched,0,-1
6bba_57b7cc1e,6bba,3,2124,3029,0.06707184761762619,0.02463107742369175,0.004828509408980608,0.7541800737380981,parent_unmatched,0,-1
6bba_57b7cc1e,6bba,3,1746,2603,0.04734672233462334,0.015303256921470165,0.0006506837671622634,0.34331896901130676,parent_unmatched,0,-1
6bba_57b7cc1e,6bba,4,2989,3910,0.10612384974956512,0.10612384974956512,0.10157172381877899,0.30874019861221313,parent_unmatched,0,-1
6bba_57b7cc1e,6bba,4,2888,3753,0.3050178587436676,0.23206716775894165,0.16501256823539734,0.983242928981781,parent_unmatched,0,-1
6bba_57b7cc1e,6bba,4,3066,4009,0.08641543239355087,0.02675366774201393,0.018478509038686752,0.78155517578125,parent_unmatched,0,-1
6bba_57b7cc1e,6bba,5,3659,4629,0.008536295033991337,0.004586980678141117,0.0028322977013885975,0.4007481634616852,parent_unmatched,0,-1
6bba_57b7cc1e,6bba,5,3763,4705,0.1498948037624359,0.11020483821630478,0.024305718019604683,0.8397489786148071,parent_unmatched,0,-1
6bba_57b7cc1e,6bba,5,3895,4821,0.07451071590185165,0.07451071590185165,0.048044633120298386,1.273681640625,parent_unmatched,0,-1
6bba_57b7cc1e,6bba,5,3835,4737,0.21474866569042206,0.21474866569042206,0.1880013793706894,0.425606369972229,parent_unmatched,0,-1
6bba_57b7cc1e,6bba,6,4058,4985,0.18168717622756958,0.18168717622756958,0.10575629770755768,0.3249259889125824,parent_unmatched,0,-1
6bba_57b7cc1e,6bba,6,4521,5515,0.2081243395805359,0.1723981499671936,0.10032819211483002,0.718413233757019,parent_unmatched,0,-1
6bba_57b7cc1e,6bba,6,4184,5087,0.0017618092242628336,0.0015730852028355002,0.0001525517291156575,-0.0036708111874759197,parent_unmatched,0,-1
6bba_57b7cc1e,6bba,7,5151,6121,0.16592377424240112,0.16592377424240112,0.14630137383937836,0.28732818365097046,parent_unmatched,0,-1
6bba_57b7cc1e,6bba,7,5815,6760,0.10978645086288452,0.023617176339030266,0.010839144699275494,0.7683060169219971,parent_unmatched,0,-1
6bba_57b7cc1e,6bba,7,5518,6455,0.06131625548005104,0.011158240959048271,0.002610498573631048,0.37328916788101196,parent_unmatched,0,-1
6bba_57b7cc1e,6bba,8,6782,7726,0.11029797047376633,0.11029797047376633,0.07875818759202957,0.5473124384880066,parent_unmatched,0,-1
6bba_57b7cc1e,6bba,8,6829,7769,0.22155791521072388,0.22155791521072388,0.18526577949523926,0.5506201982498169,parent_unmatched,0,-1
6bba_57b7cc1e,6bba,8,6615,7550,0.31226253509521484,0.31226253509521484,0.29973921179771423,0.6210277676582336,parent_unmatched,0,-1
6bba_57b7cc1e,6bba,8,6805,7759,0.13846176862716675,0.07656300812959671,0.004538354463875294,0.881039559841156,parent_unmatched,0,-1
6bba_57b7cc1e,6bba,8,6295,7251,0.01408403180539608,0.008268230594694614,0.004682797938585281,0.8464264869689941,parent_unmatched,0,-1
6bba_57b7cc1e,6bba,8,5963,6973,0.2565244734287262,0.2565244734287262,0.2099454700946808,0.6292970776557922,parent_unmatched,0,-1
6bba_57b7cc1e,6bba,8,6066,7081,0.08029043674468994,0.0025169355794787407,6.381027196766809e-05,0.7422327399253845,parent_unmatched,0,-1
6bba_57b7cc1e,6bba,9,7146,8126,0.058249399065971375,0.058249399065971375,0.05789214000105858,0.2554798424243927,parent_unmatched,0,-1
6bba_57b7cc1e,6bba,9,7718,8705,0.06612884253263474,0.06612884253263474,0.05239810049533844,0.9018450975418091,parent_unmatched,0,-1
6bba_57b7cc1e,6bba,9,7669,8658,0.16758012771606445,0.16758012771606445,0.12871047854423523,0.9456311464309692,parent_unmatched,0,-1
6bba_57b7cc1e,6bba,9,7235,8246,0.2217298001050949,0.2217298001050949,0.16356702148914337,0.42216113209724426,parent_unmatched,0,-1
6bba_57b7cc1e,6bba,10,8418,9435,0.15493808686733246,0.15493808686733246,0.14578737318515778,0.8083257675170898,parent_unmatched,0,-1
6bba_57b7cc1e,6bba,10,7968,8970,0.30258649587631226,0.30258649587631226,0.30258649587631226,0.44495338201522827,parent_unmatched,0,-1
6bba_57b7cc1e,6bba,10,7927,8874,0.02084662765264511,0.02084662765264511,0.009401218965649605,0.33967146277427673,parent_unmatched,0,-1
6bba_57b7cc1e,6bba,10,8519,9458,0.1843806505203247,0.1843806505203247,0.15180326998233795,0.25048118829727173,parent_unmatched,0,-1
6bba_57b7cc1e,6bba,10,8862,9849,0.05772440880537033,0.05772440880537033,0.0368049219250679,0.43397611379623413,parent_unmatched,0,-1
6bba_57b7cc1e,6bba,10,8198,9203,0.0706792101264,0.0706792101264,0.06898486614227295,0.8962686061859131,parent_unmatched,0,-1
6bba_57b7cc1e,6bba,10,8770,9832,0.06436150521039963,0.0034657646901905537,0.00010591091267997399,0.7757681608200073,parent_matched_not_divider,0,173
6bba_57b7cc1e,6bba,11,9007,10015,0.14614270627498627,0.14614270627498627,0.14614270627498627,0.28746211528778076,parent_unmatched,0,-1
6bba_57b7cc1e,6bba,11,9136,10075,0.12297171354293823,0.12297171354293823,0.1137767881155014,0.3652994632720947,parent_unmatched,0,-1
6bba_57b7cc1e,6bba,11,9783,10706,0.04062911868095398,0.04062911868095398,0.026358122006058693,0.8184572458267212,parent_unmatched,0,-1
6bba_57b7cc1e,6bba,11,9570,10523,0.050023313611745834,0.03862208127975464,0.03214015066623688,0.967257022857666,parent_unmatched,0,-1
6bba_57b7cc1e,6bba,11,9812,10838,0.20261390507221222,0.20261390507221222,0.16086414456367493,1.073176383972168,parent_unmatched,0,-1
6bba_57b7cc1e,6bba,11,9463,10495,0.09127087891101837,0.09127087891101837,0.08344149589538574,0.4408063292503357,parent_unmatched,0,-1
6bba_57b7cc1e,6bba,11,9195,10111,0.08006610721349716,0.08006610721349716,0.05419479310512543,0.08296434581279755,parent_unmatched,0,-1
6bba_57b7cc1e,6bba,12,10291,11260,0.18029509484767914,0.18029509484767914,0.13829351961612701,1.0753719806671143,parent_unmatched,0,-1
6bba_57b7cc1e,6bba,12,10831,11816,0.0001420688786311075,6.156717427074909e-05,3.8803751522209495e-05,-0.19862553477287292,parent_unmatched,0,-1
6bba_57b7cc1e,6bba,12,10387,11347,0.032685041427612305,0.032685041427612305,0.01046663522720337,0.32545432448387146,parent_unmatched,0,-1
6bba_57b7cc1e,6bba,12,10013,10974,0.25917935371398926,0.25917935371398926,0.2360227108001709,0.33092108368873596,parent_unmatched,0,-1
6bba_57b7cc1e,6bba,13,11283,12296,0.20041769742965698,0.20041769742965698,0.11668552458286285,0.21995364129543304,parent_unmatched,0,-1
6bba_57b7cc1e,6bba,13,11625,12638,0.040229473263025284,0.040229473263025284,0.027975473552942276,0.3083711266517639,parent_unmatched,0,-1
6bba_57b7cc1e,6bba,13,10925,11936,0.2250221073627472,0.1984853893518448,0.18096230924129486,0.5604215264320374,parent_unmatched,0,-1
6bba_57b7cc1e,6bba,13,10970,12000,0.19232387840747833,0.19232387840747833,0.12214039266109467,0.5177873373031616,parent_unmatched,0,-1
6bba_57b7cc1e,6bba,13,11605,12636,0.0781664252281189,0.06445813924074173,0.01982296071946621,0.5716856718063354,parent_unmatched,0,-1
6bba_57b7cc1e,6bba,13,11591,12560,0.11757385730743408,0.11757385730743408,0.11757385730743408,0.4511714279651642,parent_unmatched,0,-1
6bba_57b7cc1e,6bba,14,12427,13428,0.2073352038860321,0.2073352038860321,0.20649319887161255,0.6284724473953247,parent_unmatched,0,-1
6bba_57b7cc1e,6bba,15,13413,14416,0.04989848658442497,0.04989848658442497,0.011534235440194607,0.6406101584434509,parent_unmatched,0,-1
6bba_57b7cc1e,6bba,15,13805,14804,0.08181335777044296,0.039713483303785324,0.00267163198441267,0.254934161901474,parent_unmatched,0,-1
6bba_57b7cc1e,6bba,16,13985,14967,0.2122187614440918,0.14657552540302277,0.08787823468446732,0.37616488337516785,parent_unmatched,0,-1
6bba_57b7cc1e,6bba,16,14533,15520,0.03270401433110237,0.03270401433110237,0.03270401433110237,0.42581284046173096,parent_unmatched,0,-1
6bba_57b7cc1e,6bba,16,14474,15490,0.17329539358615875,0.14134521782398224,0.028392182663083076,0.35091808438301086,parent_unmatched,0,-1
6bba_57b7cc1e,6bba,16,14385,15407,0.21848657727241516,0.21848657727241516,0.21314530074596405,0.5416581034660339,parent_unmatched,0,-1
6bba_57b7cc1e,6bba,16,14405,15378,0.012124133296310902,0.012124133296310902,0.012124133296310902,0.07718989998102188,parent_unmatched,0,-1
6bba_57b7cc1e,6bba,16,14335,15356,0.04819450154900551,0.04819450154900551,0.036292366683483124,0.4235176742076874,parent_matched_not_divider,0,272
6bba_57b7cc1e,6bba,16,14599,15638,0.2210898995399475,0.2210898995399475,0.2210898995399475,0.4441741108894348,parent_unmatched,0,-1
6bba_57b7cc1e,6bba,16,14623,15567,0.2548031508922577,0.2548031508922577,0.2548031508922577,0.9170981645584106,parent_unmatched,0,-1
6bba_57b7cc1e,6bba,17,15549,16540,0.015020249411463737,0.015020249411463737,0.004966074600815773,0.15954451262950897,parent_unmatched,0,-1
6bba_57b7cc1e,6bba,17,15510,16462,0.19759146869182587,0.19759146869182587,0.15430571138858795,1.3901783227920532,parent_unmatched,0,-1
6bba_57b7cc1e,6bba,17,15661,16731,0.22550858557224274,0.18353956937789917,0.1652408093214035,0.5112923979759216,parent_unmatched,0,-1
6bba_57b7cc1e,6bba,18,16761,17745,0.25270894169807434,0.18164265155792236,0.08423373848199844,1.429195523262024,parent_unmatched,0,-1
6bba_57b7cc1e,6bba,18,16543,17540,0.041735272854566574,0.041735272854566574,0.0108877494931221,0.8786404132843018,parent_unmatched,0,-1
6bba_57b7cc1e,6bba,19,17645,18604,0.10734322667121887,0.10734322667121887,0.09898937493562698,0.7871432304382324,parent_unmatched,0,-1
6bba_57b7cc1e,6bba,19,17502,18465,0.01890433207154274,0.01890433207154274,0.00724561745300889,0.4624728858470917,parent_unmatched,0,-1
6bba_57b7cc1e,6bba,19,17619,18553,0.17303407192230225,0.09191275388002396,0.03292303532361984,0.7615601420402527,parent_unmatched,0,-1
6bba_57b7cc1e,6bba,19,17467,18422,0.23296904563903809,0.23296904563903809,0.2076619416475296,0.6106570363044739,parent_unmatched,0,-1
6bba_57b7cc1e,6bba,20,18130,19131,0.07307004928588867,0.07307004928588867,0.06561553478240967,0.4971618354320526,parent_unmatched,0,-1
6bba_57b7cc1e,6bba,20,18754,19680,0.16190765798091888,0.014073568396270275,0.00010235956870019436,0.3575030565261841,parent_unmatched,0,-1
6bba_57b7cc1e,6bba,20,18277,19246,0.08783368021249771,0.08783368021249771,0.06099393591284752,0.2396988570690155,parent_unmatched,0,-1
6bba_57b7cc1e,6bba,20,18245,19184,0.000410279055358842,0.000410279055358842,0.0003370400227140635,-0.1272706240415573,parent_unmatched,0,-1
6bba_57b7cc1e,6bba,20,18203,19130,0.1751217395067215,0.1751217395067215,0.13823086023330688,0.29579609632492065,parent_unmatched,0,-1
6bba_57b7cc1e,6bba,20,18739,19637,0.10950977355241776,0.10950977355241776,0.0273337010294199,1.2520203590393066,parent_unmatched,0,-1
6bba_57b7cc1e,6bba,20,17968,18903,0.07238473743200302,0.07238473743200302,0.04568281024694443,0.6344832181930542,parent_unmatched,0,-1
6bba_57b7cc1e,6bba,22,20207,21190,0.01944916322827339,0.01944916322827339,0.007936634123325348,0.26535898447036743,parent_unmatched,0,-1
6bba_57b7cc1e,6bba,22,20517,21442,0.09853706508874893,0.09853706508874893,0.0751606896519661,1.2548729181289673,parent_unmatched,0,-1
6bba_57b7cc1e,6bba,22,20196,21139,0.02187548205256462,0.020767908543348312,0.020767908543348312,0.4971626102924347,parent_unmatched,0,-1
6bba_57b7cc1e,6bba,22,20594,21490,0.19770610332489014,0.19770610332489014,0.17288599908351898,0.6745620369911194,parent_unmatched,0,-1
6bba_57b7cc1e,6bba,23,21636,22596,0.247767835855484,0.10660163313150406,0.09654179960489273,1.1340713500976562,parent_unmatched,0,-1
6bba_57b7cc1e,6bba,23,20887,21822,0.2157214879989624,0.2157214879989624,0.21525296568870544,0.42951416969299316,parent_unmatched,0,-1
6bba_57b7cc1e,6bba,23,21595,22530,0.3185228109359741,0.3185228109359741,0.2790996730327606,0.575169026851654,parent_unmatched,0,-1
6bba_57b7cc1e,6bba,24,21792,22779,0.058198317885398865,0.023306040093302727,0.00958817359060049,0.46983206272125244,parent_unmatched,0,-1
6bba_57b7cc1e,6bba,24,22191,23134,0.07845166325569153,0.06969209015369415,0.028155073523521423,0.757198691368103,parent_unmatched,0,-1
6bba_57b7cc1e,6bba,24,22140,23103,0.11031607538461685,0.11031607538461685,0.08292188495397568,1.0045406818389893,parent_unmatched,0,-1
6bba_57b7cc1e,6bba,24,22552,23576,0.10158393532037735,0.015391883440315723,0.005290025379508734,0.48578959703445435,parent_unmatched,0,-1
6bba_57b7cc1e,6bba,24,22613,23588,0.04072226956486702,0.04072226956486702,0.03220295533537865,0.3623148202896118,parent_unmatched,0,-1
6bba_57b7cc1e,6bba,26,24406,25400,0.07749153673648834,0.0143737206235528,0.000933011993765831,0.34331440925598145,parent_unmatched,0,-1
6bba_57b7cc1e,6bba,26,23604,24616,0.1766321063041687,0.1766321063041687,0.1766321063041687,0.8240836262702942,parent_unmatched,0,-1
6bba_57b7cc1e,6bba,26,24249,25183,0.13061104714870453,0.13061104714870453,0.12551060318946838,1.2803304195404053,parent_unmatched,0,-1
6bba_57b7cc1e,6bba,26,24092,25052,0.09501395374536514,0.09501395374536514,0.06819470971822739,0.4243675768375397,parent_unmatched,0,-1
6bba_57b7cc1e,6bba,26,23806,24764,0.04271339997649193,0.04271339997649193,0.009977788664400578,0.9248838424682617,parent_unmatched,0,-1
6bba_57b7cc1e,6bba,26,23987,24987,0.00037746966700069606,0.00037746966700069606,0.00020657249842770398,-0.12919463217258453,parent_unmatched,0,-1
6bba_57b7cc1e,6bba,26,24350,25351,0.1591777503490448,0.1591777503490448,0.1591777503490448,0.5437532067298889,parent_unmatched,0,-1
6bba_57b7cc1e,6bba,27,25287,26310,0.2892038822174072,0.2892038822174072,0.24238507449626923,1.2527137994766235,parent_unmatched,0,-1
6bba_57b7cc1e,6bba,27,25242,26226,0.15293177962303162,0.15293177962303162,0.11708098649978638,0.4795088469982147,parent_unmatched,0,-1
6bba_57b7cc1e,6bba,27,24644,25617,0.0893561914563179,0.05790352076292038,0.04043974727392197,0.6507098078727722,parent_unmatched,0,-1
6bba_57b7cc1e,6bba,27,25388,26377,0.07026970386505127,0.07026970386505127,0.046858396381139755,0.6167374849319458,parent_unmatched,0,-1
6bba_57b7cc1e,6bba,27,24731,25752,0.04375411570072174,0.04375411570072174,0.027408337220549583,0.27689260244369507,parent_unmatched,0,-1
6bba_57b7cc1e,6bba,27,25271,26235,0.22952261567115784,0.22952261567115784,0.18798953294754028,0.5190823078155518,parent_unmatched,0,-1
6bba_57b7cc1e,6bba,27,24767,25751,0.048975296318531036,0.048975296318531036,0.03632650524377823,0.17229685187339783,parent_unmatched,0,-1
6bba_57b7cc1e,6bba,28,26449,27439,0.23916928470134735,0.23916928470134735,0.20771168172359467,0.8776602149009705,parent_unmatched,0,-1
6bba_57b7cc1e,6bba,28,26278,27263,0.24871116876602173,0.24871116876602173,0.1832807958126068,0.5193528532981873,parent_unmatched,0,-1
6bba_57b7cc1e,6bba,28,25814,26807,0.21023140847682953,0.06900088489055634,0.029499290511012077,0.25886744260787964,parent_unmatched,0,-1
6bba_57b7cc1e,6bba,28,26435,27444,0.2576841115951538,0.2576841115951538,0.23140579462051392,0.695955216884613,parent_unmatched,0,-1
6bba_57b7cc1e,6bba,28,26035,26991,0.04655326157808304,0.03317816182971001,0.0021168149542063475,0.05326695740222931,parent_unmatched,0,-1
6bba_57b7cc1e,6bba,28,25800,26820,0.0882028192281723,0.021855553612113,0.0024232366122305393,1.1692595481872559,parent_unmatched,0,-1
6bba_57b7cc1e,6bba,28,26372,27385,0.0818411186337471,0.038784872740507126,0.018766775727272034,0.4125699996948242,parent_unmatched,0,-1
6bba_57b7cc1e,6bba,29,26721,27694,0.055121514946222305,0.055121514946222305,0.014127818867564201,0.5602294206619263,parent_unmatched,0,-1
6bba_57b7cc1e,6bba,29,27253,28297,0.028414210304617882,0.028414210304617882,0.009768873453140259,0.9564053416252136,parent_unmatched,0,-1
6bba_57b7cc1e,6bba,29,27271,28212,0.12009833008050919,0.12009833008050919,0.10148632526397705,0.5574251413345337,parent_unmatched,0,-1
6bba_57b7cc1e,6bba,29,27285,28224,0.023806365206837654,0.023806365206837654,0.005317171104252338,0.18763543665409088,parent_unmatched,0,-1
6bba_57b7cc1e,6bba,29,26735,27751,0.1350167691707611,0.1350167691707611,0.09191740304231644,0.5181644558906555,parent_unmatched,0,-1
6bba_57b7cc1e,6bba,29,26772,27784,0.0942305326461792,0.04669211059808731,0.03627742454409599,0.6972594261169434,parent_unmatched,0,-1
6bba_57b7cc1e,6bba,30,27899,28904,0.28909942507743835,0.28909942507743835,0.24701565504074097,0.35786041617393494,parent_unmatched,0,-1
6bba_57b7cc1e,6bba,30,27636,28672,0.0004635850782506168,0.0004635850782506168,0.0002657415752764791,-0.06236138194799423,parent_unmatched,0,-1
6bba_57b7cc1e,6bba,30,27633,28621,0.09448764473199844,0.09448764473199844,0.07128769904375076,0.45988258719444275,parent_unmatched,0,-1
6bba_57b7cc1e,6bba,30,28208,29187,0.297050803899765,0.297050803899765,0.2752082645893097,0.8806262016296387,parent_unmatched,0,-1
6bba_57b7cc1e,6bba,31,28741,29705,0.05619727820158005,0.035952698439359665,0.020983245223760605,1.2174084186553955,parent_unmatched,0,-1
6bba_57b7cc1e,6bba,31,28794,29792,0.10712645202875137,0.10712645202875137,0.1058480516076088,0.6922467350959778,parent_unmatched,0,-1
6bba_57b7cc1e,6bba,31,29113,30135,9.029373177327216e-05,2.506860255380161e-05,1.6737776604713872e-05,-0.12689682841300964,parent_unmatched,0,-1
6bba_57b7cc1e,6bba,31,29301,30280,0.04350557178258896,0.016586262732744217,0.0053452481515705585,0.31543296575546265,parent_unmatched,0,-1
6bba_57b7cc1e,6bba,31,29423,30363,0.023792583495378494,0.0066693988628685474,0.003192438744008541,0.4486617147922516,parent_unmatched,0,-1
6bba_57b7cc1e,6bba,31,28624,29598,0.11712855100631714,0.11712855100631714,0.08686511218547821,0.2240724116563797,parent_unmatched,0,-1
6bba_57b7cc1e,6bba,31,29314,30349,0.05803115665912628,0.05190517380833626,0.03609759360551834,0.7248108983039856,parent_unmatched,0,-1
6bba_57b7cc1e,6bba,32,29951,30987,0.26059964299201965,0.26059964299201965,0.24662882089614868,0.9783812761306763,parent_unmatched,0,-1
6bba_57b7cc1e,6bba,32,30425,31420,0.029947852715849876,0.029947852715849876,0.029947852715849876,0.5446199774742126,parent_unmatched,0,-1
6bba_57b7cc1e,6bba,32,29926,30936,0.27730196714401245,0.27730196714401245,0.2721059024333954,0.3990146219730377,parent_unmatched,0,-1
6bba_57b7cc1e,6bba,32,29733,30774,0.22258542478084564,0.22258542478084564,0.1912057250738144,0.5138188004493713,parent_unmatched,0,-1
6bba_57b7cc1e,6bba,32,29868,30842,0.1425444483757019,0.1088634803891182,0.05856127291917801,1.2639917135238647,parent_unmatched,0,-1
6bba_57b7cc1e,6bba,32,30342,31338,0.00996940303593874,0.00996940303593874,0.002938175341114402,0.5078367590904236,parent_unmatched,0,-1
6bba_57b7cc1e,6bba,32,29760,30831,0.2271493375301361,0.2271493375301361,0.21411632001399994,0.7601006031036377,parent_unmatched,0,-1
6bba_57b7cc1e,6bba,32,30210,31147,0.25290483236312866,0.25290483236312866,0.16665752232074738,0.6850069165229797,parent_matched_not_divider,0,555
6bba_57b7cc1e,6bba,33,31198,32194,0.03741263598203659,0.03741263598203659,0.03741263598203659,0.5749396085739136,parent_unmatched,0,-1
6bba_57b7cc1e,6bba,33,31057,32060,0.08361893892288208,0.055688828229904175,0.050513096153736115,1.5380741357803345,parent_unmatched,0,-1
6bba_57b7cc1e,6bba,33,31384,32361,0.23815879225730896,0.23815879225730896,0.06803193688392639,0.5411043167114258,parent_unmatched,0,-1
6bba_57b7cc1e,6bba,33,30533,31549,0.21874959766864777,0.1346655786037445,0.048856668174266815,1.4173082113265991,parent_unmatched,0,-1
6bba_57b7cc1e,6bba,33,30853,31864,0.1915661096572876,0.1915661096572876,0.1915661096572876,0.3332775831222534,parent_unmatched,0,-1
6bba_57b7cc1e,6bba,33,30669,31748,0.08039974421262741,0.07392650842666626,0.06642276048660278,0.7292805910110474,parent_unmatched,0,-1
6bba_57b7cc1e,6bba,34,32424,33461,0.009151500649750233,0.001520846621133387,0.00015057760174386203,0.20120497047901154,parent_unmatched,0,-1
6bba_57b7cc1e,6bba,35,32795,33698,0.06206595525145531,0.040659379214048386,0.032582513988018036,1.2629597187042236,parent_unmatched,0,-1
6bba_57b7cc1e,6bba,36,33808,34770,0.08555074781179428,0.04756845533847809,0.005886504426598549,0.5636533498764038,parent_unmatched,0,-1
6bba_57b7cc1e,6bba,36,34056,35075,0.2843065559864044,0.2843065559864044,0.28393203020095825,0.36311280727386475,parent_unmatched,0,-1
6bba_57b7cc1e,6bba,36,33500,34518,0.0030058284755796194,0.0030058284755796194,0.0008303954964503646,-0.03314073011279106,parent_unmatched,0,-1
6bba_57b7cc1e,6bba,36,33994,34918,0.012477267533540726,0.012477267533540726,0.006938795559108257,0.4532712399959564,parent_unmatched,0,-1
6bba_57b7cc1e,6bba,36,34240,35271,0.032293688505887985,0.024347592145204544,0.01560882292687893,0.34380245208740234,parent_unmatched,0,-1
6bba_57b7cc1e,6bba,37,35163,36169,0.0016653005732223392,0.0016653005732223392,0.0016653005732223392,-0.018122291192412376,parent_matched_not_divider,0,661
6bba_57b7cc1e,6bba,37,35103,36106,0.1522340029478073,0.1522340029478073,0.12333837896585464,0.7420811653137207,parent_unmatched,0,-1
6bba_57b7cc1e,6bba,37,34838,35843,0.04572589322924614,0.020482247695326805,0.008698197081685066,0.3198051452636719,parent_unmatched,0,-1
6bba_57b7cc1e,6bba,37,34683,35657,0.08336734771728516,0.050254061818122864,0.018022704869508743,0.9915291666984558,parent_unmatched,0,-1
6bba_57b7cc1e,6bba,37,34975,35991,0.058799758553504944,0.058799758553504944,0.04838624969124794,0.39895689487457275,parent_unmatched,0,-1
6bba_57b7cc1e,6bba,37,35363,36285,0.12037723511457443,0.12037723511457443,0.0723613053560257,1.349311113357544,parent_unmatched,0,-1
6bba_57b7cc1e,6bba,37,35056,36090,0.008380540646612644,0.0040394277311861515,0.0007288389606401324,0.01625676080584526,parent_unmatched,0,-1
6bba_57b7cc1e,6bba,37,34640,35686,0.23193542659282684,0.23193542659282684,0.19318191707134247,0.7420811653137207,parent_unmatched,0,-1
6bba_57b7cc1e,6bba,38,35976,36948,0.0462099090218544,0.0462099090218544,0.02150549553334713,0.7532861828804016,parent_unmatched,0,-1
6bba_57b7cc1e,6bba,38,35913,36932,0.1844443529844284,0.1844443529844284,0.15866754949092865,0.20798112452030182,parent_unmatched,0,-1
6bba_57b7cc1e,6bba,38,36092,37054,0.3027086555957794,0.3027086555957794,0.29514387249946594,0.8586668372154236,parent_unmatched,0,-1
6bba_57b7cc1e,6bba,38,36246,37208,0.18503600358963013,0.18503600358963013,0.11949649453163147,0.35109227895736694,parent_matched_not_divider,0,684
6bba_57b7cc1e,6bba,38,35847,36842,0.012510452419519424,0.012510452419519424,0.010182288475334644,0.552851140499115,parent_unmatched,0,-1
6bba_57b7cc1e,6bba,38,36144,37133,0.13109396398067474,0.13109396398067474,0.061684612184762955,0.5596029162406921,parent_unmatched,0,-1
6bba_57b7cc1e,6bba,38,35725,36738,0.2349434196949005,0.2349434196949005,0.21302613615989685,0.6783547401428223,parent_unmatched,0,-1
6bba_57b7cc1e,6bba,39,37419,38386,0.20397032797336578,0.1956128478050232,0.15594413876533508,0.3317423462867737,parent_unmatched,0,-1
6bba_57b7cc1e,6bba,39,36987,37992,0.12592291831970215,0.12592291831970215,0.12592291831970215,0.6227278113365173,parent_unmatched,0,-1
6bba_57b7cc1e,6bba,39,37404,38420,0.1600187122821808,0.029359441250562668,0.004383306484669447,0.3008192181587219,parent_unmatched,0,-1
6bba_57b7cc1e,6bba,39,36744,37759,0.18150070309638977,0.18150070309638977,0.1762741208076477,0.5901459455490112,parent_unmatched,0,-1
6bba_57b7cc1e,6bba,39,36974,38005,0.0299605093896389,0.0299605093896389,0.028576906770467758,0.456738144159317,parent_unmatched,0,-1
6bba_57b7cc1e,6bba,39,36782,37748,0.02006092108786106,0.02006092108786106,0.01060622651129961,0.8542365431785583,parent_unmatched,0,-1
6bba_57b7cc1e,6bba,39,37349,38353,0.1355465203523636,0.025984350591897964,0.0005685465876013041,0.495717853307724,parent_unmatched,0,-1
6bba_57b7cc1e,6bba,39,36937,37904,0.20223306119441986,0.20223306119441986,0.20223306119441986,0.5423987507820129,parent_unmatched,0,-1
6bba_57b7cc1e,6bba,40,38238,39256,0.14708347618579865,0.14708347618579865,0.09475728124380112,0.3217830955982208,parent_unmatched,0,-1
6bba_57b7cc1e,6bba,40,38190,39230,0.15951092541217804,0.15951092541217804,0.15951092541217804,0.6200729012489319,parent_unmatched,0,-1
6bba_57b7cc1e,6bba,40,37944,38994,0.05818287655711174,0.05818287655711174,0.046542808413505554,0.40963301062583923,parent_unmatched,0,-1
6bba_57b7cc1e,6bba,40,38054,39092,0.1256418377161026,0.1256418377161026,0.10947731137275696,1.2645138502120972,parent_unmatched,0,-1
6bba_57b7cc1e,6bba,40,37743,38814,0.2652497887611389,0.21484681963920593,0.14084960520267487,0.6244466304779053,parent_unmatched,0,-1
6bba_57b7cc1e,6bba,40,37811,38765,0.04732472822070122,0.04732472822070122,0.03152663633227348,0.19394460320472717,parent_unmatched,0,-1
6bba_57b7cc1e,6bba,40,37954,39039,0.0981091856956482,0.0981091856956482,0.06136440113186836,1.2903814315795898,parent_unmatched,0,-1
6bba_57b7cc1e,6bba,41,38798,39806,0.11496850848197937,0.11496850848197937,0.08440899103879929,0.8697547912597656,parent_unmatched,0,-1
6bba_57b7cc1e,6bba,41,38764,39752,0.043891824781894684,0.015391145832836628,0.0014453984331339598,0.5784083604812622,parent_unmatched,0,-1
6bba_57b7cc1e,6bba,41,38713,39688,0.07832971215248108,0.07664880156517029,0.0245622880756855,0.40072736144065857,parent_unmatched,0,-1
6bba_57b7cc1e,6bba,41,38475,39494,0.1650882065296173,0.13925881683826447,0.11091122031211853,0.5184252858161926,parent_unmatched,0,-1
6bba_57b7cc1e,6bba,41,38469,39484,0.0007787327631376684,0.0003826707834377885,0.00011087252642028034,-0.016003891825675964,parent_unmatched,0,-1
6bba_57b7cc1e,6bba,41,38757,39728,0.07540810108184814,0.0730285495519638,0.0346352718770504,0.6493547558784485,parent_unmatched,0,-1
6bba_57b7cc1e,6bba,41,39160,40155,0.22870266437530518,0.22870266437530518,0.2059599757194519,0.38270723819732666,parent_unmatched,0,-1
6bba_57b7cc1e,6bba,41,39017,40025,0.13546612858772278,0.13546612858772278,0.11898878216743469,0.6639724969863892,parent_unmatched,0,-1
6bba_57b7cc1e,6bba,42,39718,40677,0.016952062025666237,0.013123766519129276,0.009798494167625904,0.25690746307373047,parent_unmatched,0,-1
6bba_57b7cc1e,6bba,42,40025,41007,0.11188119649887085,0.11188119649887085,0.11188119649887085,0.6271229386329651,parent_unmatched,0,-1
6bba_57b7cc1e,6bba,44,41672,42686,0.05755572021007538,0.05755572021007538,0.05064544081687927,0.46239081025123596,parent_unmatched,0,-1
6bba_57b7cc1e,6bba,44,41879,42850,0.18165390193462372,0.16731199622154236,0.09524325281381607,0.47660017013549805,parent_unmatched,0,-1
6bba_57b7cc1e,6bba,44,41605,42571,0.12117133289575577,0.06008998304605484,0.015357622876763344,0.6312084197998047,parent_unmatched,0,-1
6bba_57b7cc1e,6bba,44,42254,43279,0.13026268780231476,0.025537382811307907,0.00012090634845662862,0.5197497010231018,parent_unmatched,0,-1
6bba_57b7cc1e,6bba,44,42243,43188,0.11836573481559753,0.11836573481559753,0.08239293843507767,0.4063355624675751,parent_unmatched,0,-1
6bba_57b7cc1e,6bba,44,42047,42988,0.14547885954380035,0.14547885954380035,0.12398126721382141,0.6803545951843262,parent_unmatched,0,-1
6bba_57b7cc1e,6bba,44,41521,42499,0.0863463431596756,0.07839986681938171,0.06039366126060486,0.6587146520614624,parent_unmatched,0,-1
6bba_57b7cc1e,6bba,45,42970,43938,0.14624620974063873,0.14624620974063873,0.12862804532051086,0.7533836960792542,parent_unmatched,0,-1
6bba_57b7cc1e,6bba,45,43172,44118,0.16014540195465088,0.16014540195465088,0.16014540195465088,0.21108385920524597,parent_unmatched,0,-1
6bba_57b7cc1e,6bba,45,42738,43781,0.04772548750042915,0.04772548750042915,0.042094215750694275,0.3761865496635437,parent_unmatched,0,-1
6bba_57b7cc1e,6bba,45,43158,44201,0.2671593129634857,0.2671593129634857,0.23775263130664825,0.7468149662017822,parent_unmatched,0,-1
6bba_57b7cc1e,6bba,45,42635,43625,0.010641088709235191,0.007880695164203644,0.00463608605787158,0.21133650839328766,parent_unmatched,0,-1
6bba_57b7cc1e,6bba,45,42570,43638,0.2206927239894867,0.2206927239894867,0.2036983221769333,0.7756163477897644,parent_unmatched,0,-1
6bba_57b7cc1e,6bba,46,43560,44549,0.003753120079636574,0.003448805073276162,0.0008248965605162084,0.10227038711309433,parent_unmatched,0,-1
6bba_57b7cc1e,6bba,46,44307,45342,0.21383294463157654,0.21383294463157654,0.17733551561832428,0.7667649984359741,parent_unmatched,0,-1
6bba_57b7cc1e,6bba,46,43819,44819,0.03987136110663414,0.03987136110663414,0.0328698568046093,0.40881866216659546,parent_unmatched,0,-1
6bba_57b7cc1e,6bba,46,43908,44899,0.1870792657136917,0.115557000041008,0.08339428901672363,0.6198006272315979,parent_unmatched,0,-1
6bba_57b7cc1e,6bba,46,44103,45052,0.11840736865997314,0.11840736865997314,0.052125465124845505,0.3140410780906677,parent_matched_not_divider,0,820
6bba_57b7cc1e,6bba,46,43689,44605,0.16083228588104248,0.16083228588104248,0.14172056317329407,0.2881448566913605,parent_unmatched,0,-1
6bba_57b7cc1e,6bba,47,44945,45880,0.114962138235569,0.114962138235569,0.05212339386343956,0.5858083367347717,parent_unmatched,0,-1
6bba_57b7cc1e,6bba,47,44781,45752,0.09336940199136734,0.06301009654998779,0.02580532804131508,0.4127714931964874,parent_unmatched,0,-1
6bba_57b7cc1e,6bba,48,46212,47228,0.11346595734357834,0.023270124569535255,0.002412936184555292,1.4895769357681274,parent_unmatched,0,-1
6bba_57b7cc1e,6bba,48,45740,46700,0.20565609633922577,0.20565609633922577,0.19702793657779694,0.3813225030899048,parent_unmatched,0,-1
6bba_57b7cc1e,6bba,48,45567,46596,0.22248485684394836,0.22248485684394836,0.13984693586826324,0.6668983697891235,parent_unmatched,0,-1
6bba_57b7cc1e,6bba,48,45648,46641,0.12276232242584229,0.11257663369178772,0.1041274145245552,0.6272172331809998,parent_unmatched,0,-1
6bba_57b7cc1e,6bba,49,47190,48196,0.24138706922531128,0.10352182388305664,0.048335961997509,0.5077162384986877,parent_unmatched,0,-1
6bba_57b7cc1e,6bba,49,47188,48143,0.3166450262069702,0.3166450262069702,0.2985420525074005,0.9386290311813354,parent_unmatched,0,-1
6bba_57b7cc1e,6bba,49,46577,47536,0.24196100234985352,0.18972593545913696,0.16970433294773102,0.6242373585700989,parent_unmatched,0,-1
6bba_57b7cc1e,6bba,49,46827,47829,0.05533674731850624,0.05195492506027222,0.04432308301329613,0.5046058297157288,parent_unmatched,0,-1
6bba_57b7cc1e,6bba,49,46563,47508,0.1168130561709404,0.1168130561709404,0.06184383109211922,0.6963751912117004,parent_unmatched,0,-1
6bba_57b7cc1e,6bba,49,47187,48114,0.16430804133415222,0.16430804133415222,0.16430804133415222,0.9617179036140442,parent_unmatched,0,-1
6bba_57b7cc1e,6bba,51,49180,50192,0.09963851422071457,0.09963851422071457,0.0791667178273201,0.7996957302093506,parent_unmatched,0,-1
6bba_57b7cc1e,6bba,51,48771,49791,0.2729785442352295,0.2729785442352295,0.24663010239601135,0.6644269824028015,parent_unmatched,0,-1
6bba_57b7cc1e,6bba,51,49269,50296,0.08238360285758972,0.0010843771742656827,2.7526893973117694e-05,0.08506592363119125,parent_unmatched,0,-1
6bba_57b7cc1e,6bba,51,49126,50123,0.14637050032615662,0.14637050032615662,0.10312549024820328,0.7312373518943787,parent_unmatched,0,-1
6bba_57b7cc1e,6bba,52,49574,50593,0.1372794508934021,0.1372794508934021,0.08557761460542679,0.35008805990219116,parent_unmatched,0,-1
6bba_57b7cc1e,6bba,52,49824,50796,0.0799039900302887,0.0799039900302887,0.0506347194314003,0.6583013534545898,parent_unmatched,0,-1
6bba_57b7cc1e,6bba,52,49553,50592,0.02315816842019558,0.02315816842019558,0.012426593340933323,0.49570658802986145,parent_unmatched,0,-1
6bba_57b7cc1e,6bba,52,49455,50456,0.14249439537525177,0.06766390800476074,0.01378557737916708,0.9052743911743164,parent_unmatched,0,-1
6bba_57b7cc1e,6bba,53,50543,51531,0.152682363986969,0.152682363986969,0.12768368422985077,0.6719165444374084,parent_unmatched,0,-1
6bba_57b7cc1e,6bba,54,52329,53314,0.27759498357772827,0.27759498357772827,0.25591161847114563,0.3886689841747284,parent_unmatched,0,-1
6bba_57b7cc1e,6bba,54,52209,53252,0.047066446393728256,0.0347151979804039,0.019649656489491463,0.7784512639045715,parent_unmatched,0,-1
6bba_57b7cc1e,6bba,54,52056,53098,0.15155696868896484,0.15155696868896484,0.11377357691526413,0.733795166015625,parent_unmatched,0,-1
6bba_57b7cc1e,6bba,54,51878,52870,0.0002441680699121207,0.0002441680699121207,0.0001437154714949429,-0.07533399015665054,parent_unmatched,0,-1
6bba_57b7cc1e,6bba,54,51522,52487,0.26075249910354614,0.23453573882579803,0.17910608649253845,0.8403018116950989,parent_unmatched,0,-1
6bba_57b7cc1e,6bba,54,51784,52736,0.13693076372146606,0.13693076372146606,0.09949664771556854,0.7105393409729004,parent_unmatched,0,-1
6bba_57b7cc1e,6bba,54,51588,52548,0.051998261362314224,0.051998261362314224,0.0325799435377121,0.3701138198375702,parent_unmatched,0,-1
6bba_57b7cc1e,6bba,55,52364,53420,0.07576780021190643,0.07576780021190643,0.029137371107935905,0.9152751564979553,parent_unmatched,0,-1
6bba_57b7cc1e,6bba,55,52408,53416,0.07823416590690613,0.07823416590690613,0.05432227998971939,0.364829957485199,parent_unmatched,0,-1
6bba_57b7cc1e,6bba,55,53280,54256,0.2462882697582245,0.2462882697582245,0.21494507789611816,0.4791940748691559,parent_unmatched,0,-1
6bba_57b7cc1e,6bba,55,52673,53736,0.11734913289546967,0.11734913289546967,0.0896466001868248,0.23657791316509247,parent_unmatched,0,-1
6bba_57b7cc1e,6bba,55,53147,54076,0.1447172462940216,0.1447172462940216,0.14388279616832733,0.7120282649993896,parent_unmatched,0,-1
6bba_57b7cc1e,6bba,56,54230,55215,0.09631932526826859,0.09631932526826859,0.06864490360021591,0.455990731716156,parent_unmatched,0,-1
6bba_57b7cc1e,6bba,56,54051,54991,0.24484628438949585,0.2037021964788437,0.1328827291727066,0.5965868234634399,parent_unmatched,0,-1
6bba_57b7cc1e,6bba,56,53560,54492,0.008054140023887157,0.008054140023887157,0.006910176016390324,0.1451157182455063,parent_unmatched,0,-1
6bba_57b7cc1e,6bba,56,53928,54895,0.04953690990805626,0.04953690990805626,0.032599013298749924,0.4546470642089844,parent_unmatched,0,-1
6bba_57b7cc1e,6bba,58,55557,56523,0.05404128506779671,0.03379836305975914,0.025020262226462364,0.9924865365028381,parent_unmatched,0,-1
6bba_57b7cc1e,6bba,59,56429,57451,0.2006525844335556,0.2006525844335556,0.17882853746414185,0.5264926552772522,parent_unmatched,0,-1
6bba_57b7cc1e,6bba,59,57307,58325,0.04328472539782524,0.030916985124349594,0.01609477773308754,1.0585664510726929,parent_unmatched,0,-1
6bba_57b7cc1e,6bba,59,56868,57909,0.26715224981307983,0.26715224981307983,0.24815227091312408,0.7771390080451965,parent_unmatched,0,-1
6bba_57b7cc1e,6bba,59,56461,57427,0.04396722838282585,0.025558017194271088,0.005258200224488974,0.3650326430797577,parent_unmatched,0,-1
6bba_57b7cc1e,6bba,59,57229,58200,0.2291279286146164,0.2291279286146164,0.19686710834503174,1.1493313312530518,parent_unmatched,0,-1
6bba_57b7cc1e,6bba,59,57173,58128,0.04507853463292122,0.04507853463292122,0.04445863142609596,0.2401040941476822,parent_unmatched,0,-1
6bba_57b7cc1e,6bba,59,56674,57660,0.10093645751476288,0.08497308939695358,0.08497308939695358,0.5297624468803406,parent_unmatched,0,-1
6bba_57b7cc1e,6bba,60,58135,59071,0.1538032591342926,0.1538032591342926,0.13386066257953644,0.5052168369293213,parent_unmatched,0,-1
6bba_57b7cc1e,6bba,60,57506,58561,0.04776101931929588,0.04776101931929588,0.039391253143548965,0.26096993684768677,parent_unmatched,0,-1
6bba_57b7cc1e,6bba,61,59339,60305,0.09149417281150818,0.08536896109580994,0.07559321820735931,0.3257429003715515,parent_unmatched,0,-1
6bba_57b7cc1e,6bba,61,58920,59931,0.11446848511695862,0.11446848511695862,0.0570032000541687,0.44779688119888306,parent_unmatched,0,-1
6bba_57b7cc1e,6bba,62,60019,61015,0.22360827028751373,0.22360827028751373,0.20521029829978943,0.6464180946350098,parent_unmatched,0,-1
6bba_57b7cc1e,6bba,62,60073,61082,0.20003420114517212,0.10304107517004013,0.023684486746788025,0.639994740486145,parent_unmatched,0,-1
6bba_57b7cc1e,6bba,62,60011,60948,0.11637425422668457,0.09185949712991714,0.08656542003154755,0.48618581891059875,parent_unmatched,0,-1
6bba_57b7cc1e,6bba,62,59548,60561,0.1438501924276352,0.1438501924276352,0.07367223501205444,0.6808703541755676,parent_unmatched,0,-1
6bba_57b7cc1e,6bba,63,60439,61430,0.14185497164726257,0.14185497164726257,0.053120315074920654,0.44553717970848083,parent_unmatched,0,-1
6bba_57b7cc1e,6bba,63,61038,62012,0.24857638776302338,0.24857638776302338,0.23745287954807281,0.35429227352142334,parent_unmatched,0,-1
6bba_57b7cc1e,6bba,63,60871,61825,0.24695517122745514,0.24695517122745514,0.21698890626430511,0.5171310901641846,parent_unmatched,0,-1
6bba_57b7cc1e,6bba,63,61011,62024,0.2060728222131729,0.2060728222131729,0.20357292890548706,0.8971650004386902,parent_unmatched,0,-1
6bba_57b7cc1e,6bba,63,60756,61780,0.00212378753349185,0.0006946271168999374,0.0005138114793226123,-0.1049201563000679,parent_unmatched,0,-1
6bba_57b7cc1e,6bba,63,61115,62015,0.10864953696727753,0.09966583549976349,0.027080586180090904,0.3954329192638397,parent_unmatched,0,-1
6bba_57b7cc1e,6bba,64,61736,62725,0.13844141364097595,0.13844141364097595,0.13414984941482544,0.8834275603294373,parent_unmatched,0,-1
6bba_57b7cc1e,6bba,64,62180,63232,0.2663111388683319,0.2663111388683319,0.17357765138149261,0.5714069604873657,parent_unmatched,0,-1
6bba_57b7cc1e,6bba,64,61590,62515,0.03769965097308159,0.03631921857595444,0.026264719665050507,0.910986602306366,parent_unmatched,0,-1
6bba_57b7cc1e,6bba,65,62967,63984,0.04491124674677849,0.04491124674677849,0.04476640000939369,0.23900559544563293,parent_unmatched,0,-1
6bba_57b7cc1e,6bba,65,62761,63771,0.09465254098176956,0.09465254098176956,0.045723672956228256,0.4449360966682434,parent_unmatched,0,-1
6bba_57b7cc1e,6bba,66,64089,65091,0.018107522279024124,0.018107522279024124,0.00892963819205761,0.3571428656578064,parent_unmatched,0,-1
6bba_57b7cc1e,6bba,66,64177,65144,0.06220971792936325,0.06220971792936325,0.0610591284930706,0.5661250352859497,parent_unmatched,0,-1
6bba_57b7cc1e,6bba,66,63410,64415,0.267063707113266,0.267063707113266,0.25095289945602417,0.6586549282073975,parent_unmatched,0,-1
6bba_57b7cc1e,6bba,66,63547,64568,0.01514717098325491,0.01514717098325491,0.00654522143304348,0.8310765027999878,parent_unmatched,0,-1
6bba_57b7cc1e,6bba,66,64166,65198,0.00011047149746445939,0.00011047149746445939,5.413468534243293e-05,-0.18912209570407867,parent_unmatched,0,-1
6bba_57b7cc1e,6bba,66,63620,64597,0.0054421573877334595,0.0054421573877334595,0.0012661163927987218,0.9336493015289307,parent_unmatched,0,-1
6bba_57b7cc1e,6bba,66,63767,64727,0.01063637062907219,0.01063637062907219,0.007271308917552233,0.9699841737747192,parent_unmatched,0,-1
6bba_57b7cc1e,6bba,67,65145,66168,0.04296562448143959,0.01949874684214592,0.010151308961212635,0.25933805108070374,parent_unmatched,0,-1
6bba_57b7cc1e,6bba,67,64916,65943,0.14357434213161469,0.11784962564706802,0.06534507125616074,0.30768322944641113,parent_unmatched,0,-1
6bba_57b7cc1e,6bba,67,64786,65814,0.10821384191513062,0.10821384191513062,0.10357751697301865,0.32139480113983154,parent_unmatched,0,-1
6bba_57b7cc1e,6bba,67,65089,66041,0.22021421790122986,0.1588592231273651,0.11608272790908813,1.049409031867981,parent_unmatched,0,-1
6bba_57b7cc1e,6bba,67,64435,65491,0.19882628321647644,0.1476770043373108,0.08112386614084244,0.797517716884613,parent_unmatched,0,-1
6bba_57b7cc1e,6bba,67,64754,65778,0.011104363016784191,0.011104363016784191,0.004830885678529739,0.047044917941093445,parent_unmatched,0,-1
6bba_57b7cc1e,6bba,67,64842,65867,0.02193457819521427,0.02193457819521427,0.01620262861251831,0.7199763655662537,parent_unmatched,0,-1
6bba_57b7cc1e,6bba,68,66001,67045,0.1658855676651001,0.1658855676651001,0.1658855676651001,0.47426435351371765,parent_unmatched,0,-1
6bba_57b7cc1e,6bba,68,65919,66895,0.0243394672870636,0.005671383813023567,0.000806368247140199,0.006947589106857777,parent_unmatched,0,-1
6bba_57b7cc1e,6bba,68,65968,67038,0.1743771880865097,0.1743771880865097,0.12873542308807373,0.9722967743873596,parent_unmatched,0,-1
6bba_57b7cc1e,6bba,68,65655,66681,0.1312669813632965,0.11095833033323288,0.04214232414960861,0.3205641806125641,parent_unmatched,0,-1
6bba_57b7cc1e,6bba,68,65746,66697,0.01656361296772957,0.006697988603264093,0.004323511850088835,1.0752917528152466,parent_unmatched,0,-1
6bba_57b7cc1e,6bba,68,65731,66742,0.04100779816508293,0.04100779816508293,0.03575083985924721,0.6254048943519592,parent_unmatched,0,-1
6bba_57b7cc1e,6bba,68,66223,67142,0.038609426468610764,0.038609426468610764,0.03150244802236557,0.3985722064971924,parent_unmatched,0,-1
6bba_57b7cc1e,6bba,68,65734,66727,0.09909109026193619,0.08889037370681763,0.040235769003629684,0.5605607032775879,parent_unmatched,0,-1
6bba_57b7cc1e,6bba,69,66860,67842,0.2113094925880432,0.2113094925880432,0.12954755127429962,0.6347407698631287,parent_unmatched,0,-1
6bba_57b7cc1e,6bba,69,67225,68145,0.2404717206954956,0.2404717206954956,0.2404717206954956,0.3384457528591156,parent_unmatched,0,-1
6bba_57b7cc1e,6bba,69,66666,67676,0.07560998201370239,0.07560998201370239,0.04675053432583809,0.1196337565779686,parent_unmatched,0,-1
6bba_57b7cc1e,6bba,69,67183,68169,0.19823810458183289,0.07852723449468613,0.018207086250185966,0.6165167689323425,parent_unmatched,0,-1
6bba_57b7cc1e,6bba,69,66423,67431,0.09179592877626419,0.08117076009511948,0.05259500443935394,0.8907446265220642,parent_unmatched,0,-1
6bba_57b7cc1e,6bba,70,67642,68616,0.2319285273551941,0.2319285273551941,0.12656979262828827,1.0270694494247437,parent_unmatched,0,-1
6bba_57b7cc1e,6bba,70,67870,68836,0.06298183649778366,0.06298183649778366,0.04085883870720863,0.5209667682647705,parent_unmatched,0,-1
6bba_57b7cc1e,6bba,70,67641,68617,0.06315635144710541,0.06315635144710541,0.06119190901517868,0.7568579912185669,parent_unmatched,0,-1
6bba_57b7cc1e,6bba,70,67883,68848,0.16699041426181793,0.16699041426181793,0.16290533542633057,0.7545619606971741,parent_unmatched,0,-1
6bba_57b7cc1e,6bba,70,68082,69075,0.23337742686271667,0.23337742686271667,0.23337742686271667,0.49365559220314026,parent_unmatched,0,-1
6bba_57b7cc1e,6bba,70,68047,68965,0.2255815714597702,0.21759583055973053,0.1486760824918747,0.865740180015564,parent_unmatched,0,-1
6bba_57b7cc1e,6bba,70,67860,68799,0.004373607225716114,0.00015260904910974205,5.383711322792806e-05,-0.1070694848895073,parent_unmatched,0,-1
6bba_57b7cc1e,6bba,71,68977,69942,0.09577254951000214,0.09577254951000214,0.07299672067165375,0.4106980562210083,parent_unmatched,0,-1
6bba_57b7cc1e,6bba,71,68391,69386,0.1737385243177414,0.1737385243177414,0.14949873089790344,0.9994245767593384,parent_unmatched,0,-1
6bba_57b7cc1e,6bba,71,68514,69472,0.10194569826126099,0.10194569826126099,0.047866854816675186,0.4571608603000641,parent_unmatched,0,-1
6bba_57b7cc1e,6bba,73,70717,71659,0.13750581443309784,0.1063833087682724,0.06424424797296524,0.6344641447067261,parent_unmatched,0,-1
6bba_57b7cc1e,6bba,74,71489,72423,0.010377299971878529,0.007526300381869078,0.0028126677498221397,1.0930482149124146,parent_unmatched,0,-1
6bba_57b7cc1e,6bba,74,71447,72410,0.051899589598178864,0.03339041769504547,0.02215321734547615,0.27818921208381653,parent_unmatched,0,-1
6bba_57b7cc1e,6bba,74,71816,72760,0.13300681114196777,0.13300681114196777,0.11396656185388565,0.7437888383865356,parent_unmatched,0,-1
6bba_57b7cc1e,6bba,74,71228,72246,0.16359218955039978,0.1297980546951294,0.12274719029664993,0.27532249689102173,parent_unmatched,0,-1
6bba_57b7cc1e,6bba,75,72325,73295,0.13498984277248383,0.10502786189317703,0.0355786569416523,0.44078513979911804,parent_unmatched,0,-1
6bba_57b7cc1e,6bba,75,72182,73179,0.1133309081196785,0.07423515617847443,0.03175980970263481,1.1706526279449463,parent_unmatched,0,-1
6bba_57b7cc1e,6bba,75,72666,73694,0.06575571000576019,0.06575571000576019,0.059775181114673615,0.5669550895690918,parent_unmatched,0,-1
6bba_57b7cc1e,6bba,75,72403,73293,0.03532850742340088,0.03532850742340088,0.03532850742340088,0.44215521216392517,parent_unmatched,0,-1
6bba_57b7cc1e,6bba,76,73656,74580,0.2675110697746277,0.2675110697746277,0.24479036033153534,0.7517714500427246,parent_unmatched,0,-1
6bba_57b7cc1e,6bba,76,73196,74193,0.1084490567445755,0.06690201908349991,0.01763002946972847,1.3867428302764893,parent_unmatched,0,-1
6bba_57b7cc1e,6bba,76,73660,74668,0.11710730195045471,0.11710730195045471,0.07248126715421677,0.40228572487831116,parent_unmatched,0,-1
6bba_57b7cc1e,6bba,76,73824,74725,0.2207092046737671,0.2207092046737671,0.19715717434883118,1.0438857078552246,parent_unmatched,0,-1
6bba_57b7cc1e,6bba,76,73621,74507,0.09673166275024414,0.09673166275024414,0.08549080044031143,0.5057142972946167,parent_unmatched,0,-1
6bba_57b7cc1e,6bba,77,74631,75585,0.10346650332212448,0.10346650332212448,0.04873305931687355,0.14303754270076752,parent_unmatched,0,-1
6bba_57b7cc1e,6bba,77,74636,75591,0.2609518766403198,0.2609518766403198,0.20719967782497406,0.6233497858047485,parent_unmatched,0,-1
6bba_57b7cc1e,6bba,77,74471,75429,0.06518777459859848,0.06518777459859848,0.06518777459859848,0.32774654030799866,parent_unmatched,0,-1
6bba_57b7cc1e,6bba,77,74106,75067,0.07021009176969528,0.06167055293917656,0.05167199298739433,0.6557226777076721,parent_unmatched,0,-1
6bba_57b7cc1e,6bba,77,74343,75273,0.036292098462581635,0.031672555953264236,0.014125362038612366,0.6075077652931213,parent_unmatched,0,-1
6bba_57b7cc1e,6bba,77,74373,75371,0.1799475997686386,0.1799475997686386,0.04282684251666069,2.052577257156372,parent_unmatched,0,-1
6bba_57b7cc1e,6bba,78,75378,76381,0.24499142169952393,0.24499142169952393,0.21666225790977478,0.5188076496124268,parent_unmatched,0,-1
6bba_57b7cc1e,6bba,78,75581,76587,0.03200225532054901,0.027533626183867455,0.007838228717446327,0.5180979371070862,parent_unmatched,0,-1
6bba_57b7cc1e,6bba,79,76323,77267,0.03399690240621567,0.03399690240621567,0.010158599354326725,0.8674753904342651,parent_unmatched,0,-1
6bba_57b7cc1e,6bba,79,75998,76961,0.20897597074508667,0.13497528433799744,0.021287063136696815,0.6573558449745178,parent_unmatched,0,-1
6bba_57b7cc1e,6bba,79,76358,77291,0.019057253375649452,0.019057253375649452,0.012663137167692184,0.6645933985710144,parent_unmatched,0,-1
6bba_5c039895,6bba,20,2202,2320,0.32627806067466736,0.14936766028404236,0.05625071004033089,1.2653008699417114,parent_unmatched,0,-1
6bba_5c039895,6bba,27,2974,3087,0.20059515535831451,0.20059515535831451,0.17775587737560272,0.7184157371520996,parent_unmatched,0,-1
6bba_5c039895,6bba,32,3434,3535,0.32197606563568115,0.21865910291671753,0.06839653104543686,0.696029007434845,parent_matched_not_divider,0,341
6bba_5c039895,6bba,33,3558,3665,0.21023894846439362,0.21023894846439362,0.193617582321167,0.6098735928535461,parent_unmatched,0,-1
6bba_5c039895,6bba,34,3614,3717,0.26219671964645386,0.26219671964645386,0.13798373937606812,1.180739402770996,parent_unmatched,0,-1
6bba_5c039895,6bba,36,3897,4001,0.44644808769226074,0.33359697461128235,0.15568020939826965,1.1797599792480469,parent_unmatched,0,-1
6bba_5c039895,6bba,38,4026,4130,0.10676586627960205,0.10676586627960205,0.08733874559402466,0.6396751999855042,parent_unmatched,0,-1
6bba_5c039895,6bba,40,4217,4302,0.43070417642593384,0.43070417642593384,0.3143819570541382,1.1125423908233643,parent_unmatched,0,-1
6bba_5c039895,6bba,44,4571,4651,0.30263590812683105,0.1700744777917862,0.020874429494142532,0.6996740698814392,parent_matched_not_divider,0,478
6bba_5c039895,6bba,45,4671,4747,0.4520650804042816,0.4520650804042816,0.4353933036327362,1.2476204633712769,parent_unmatched,0,-1
6bba_5c039895,6bba,49,4998,5081,0.39217105507850647,0.3418106436729431,0.24887749552726746,1.6572445631027222,parent_unmatched,0,-1
6bba_5c039895,6bba,53,5330,5423,0.4058420658111572,0.4058420658111572,0.4058420658111572,1.1209157705307007,TRUE,1,1110
6bba_5c039895,6bba,64,6239,6318,0.2284337431192398,0.14107872545719147,0.04252541437745094,0.9016891717910767,parent_unmatched,0,-1
6bba_5c039895,6bba,87,7847,7912,0.378811776638031,0.378811776638031,0.3585031032562256,1.1941289901733398,parent_matched_not_divider,0,971
6bba_786893ac,6bba,1,125,811,0.07424311339855194,0.030164772644639015,0.007360297255218029,0.7177239656448364,parent_unmatched,0,-1
6bba_786893ac,6bba,1,405,1072,0.1414666771888733,0.1414666771888733,0.10230781137943268,0.24703821539878845,parent_unmatched,0,-1
6bba_786893ac,6bba,2,912,1627,0.3262445330619812,0.3262445330619812,0.2627575695514679,0.7143877744674683,parent_unmatched,0,-1
6bba_786893ac,6bba,2,1249,1953,0.36398816108703613,0.36398816108703613,0.28241783380508423,1.2729016542434692,parent_unmatched,0,-1
6bba_786893ac,6bba,3,1435,2188,0.012046224437654018,0.010204366408288479,0.00788905005902052,0.2775934934616089,parent_unmatched,0,-1
6bba_786893ac,6bba,3,2004,2853,0.0956404060125351,0.0956404060125351,0.09219589829444885,0.4347831904888153,parent_unmatched,0,-1
6bba_786893ac,6bba,3,1992,2844,0.20315514504909515,0.1817377656698227,0.18093110620975494,0.5251607298851013,parent_unmatched,0,-1
6bba_786893ac,6bba,5,3431,4182,0.14289787411689758,0.14289787411689758,0.14289787411689758,0.35722118616104126,parent_unmatched,0,-1
6bba_786893ac,6bba,6,3818,4621,0.04752741754055023,0.04752741754055023,0.0187502633780241,0.13889780640602112,parent_unmatched,0,-1
6bba_786893ac,6bba,6,4120,4988,0.006844986230134964,0.004980294033885002,0.0030705067329108715,0.4876432418823242,parent_unmatched,0,-1
6bba_786893ac,6bba,6,4284,5082,0.00032584593282081187,0.00010988859867211431,9.250408766092733e-05,-0.07240357249975204,parent_unmatched,0,-1
6bba_786893ac,6bba,6,4340,5183,0.09662692993879318,0.09662692993879318,0.026498138904571533,0.3975871801376343,parent_unmatched,0,-1
6bba_786893ac,6bba,7,4971,5785,0.1382884830236435,0.1382884830236435,0.10411877185106277,1.1690047979354858,parent_unmatched,0,-1
6bba_786893ac,6bba,7,5062,5958,0.1493798941373825,0.1493798941373825,0.1493798941373825,1.372121810913086,parent_unmatched,0,-1
6bba_786893ac,6bba,7,4610,5481,0.15886935591697693,0.08060649037361145,0.032002031803131104,0.40071210265159607,parent_unmatched,0,-1
6bba_786893ac,6bba,7,5040,5847,0.183390811085701,0.183390811085701,0.16662898659706116,0.35896193981170654,parent_unmatched,0,-1
6bba_786893ac,6bba,7,4565,5375,0.07192109525203705,0.07192109525203705,0.07192109525203705,0.22751791775226593,parent_unmatched,0,-1
6bba_786893ac,6bba,8,6029,6891,0.08466236293315887,0.08466236293315887,0.03781216964125633,0.6811941266059875,parent_unmatched,0,-1
6bba_786893ac,6bba,8,6071,6907,0.15872913599014282,0.11399655789136887,0.05580810829997063,0.7986981272697449,parent_unmatched,0,-1
6bba_786893ac,6bba,8,5741,6556,0.2093692421913147,0.2093692421913147,0.15051814913749695,0.6427742838859558,parent_unmatched,0,-1
6bba_786893ac,6bba,8,5703,6547,0.03691159188747406,0.011310352012515068,0.0033168804366141558,0.20504283905029297,parent_unmatched,0,-1
6bba_786893ac,6bba,9,6573,7384,0.00941389612853527,0.00941389612853527,0.004412433598190546,0.03939071670174599,parent_unmatched,0,-1
6bba_786893ac,6bba,9,6280,7093,0.0239736195653677,0.014868426136672497,0.009190558455884457,0.08086424320936203,parent_unmatched,0,-1
6bba_786893ac,6bba,10,7196,8039,0.27842405438423157,0.27842405438423157,0.17578114569187164,0.714033305644989,parent_unmatched,0,-1
6bba_786893ac,6bba,10,7442,8298,0.06817230582237244,0.06817230582237244,0.059335291385650635,1.0678012371063232,parent_unmatched,0,-1
6bba_786893ac,6bba,10,7546,8429,0.09664956480264664,0.0791042298078537,0.06664552539587021,0.4397960305213928,parent_unmatched,0,-1
6bba_786893ac,6bba,10,7384,8177,0.003395906649529934,0.003108551725745201,0.0012840586714446545,-0.0025046158116310835,parent_unmatched,0,-1
6bba_786893ac,6bba,11,7949,8793,0.05486845597624779,0.05486845597624779,0.04543057829141617,0.18985281884670258,parent_unmatched,0,-1
6bba_786893ac,6bba,11,8406,9296,0.201934814453125,0.201934814453125,0.201934814453125,0.3212040662765503,parent_unmatched,0,-1
6bba_786893ac,6bba,11,8298,9135,0.028624387457966805,0.028624387457966805,0.023809611797332764,0.7094889283180237,parent_unmatched,0,-1
6bba_786893ac,6bba,12,9166,9997,0.0008945507579483092,0.00039111750083975494,0.0002220565511379391,-0.06741070002317429,parent_unmatched,0,-1
6bba_786893ac,6bba,12,9277,10159,0.1601068526506424,0.14010284841060638,0.1270727515220642,0.3778507709503174,parent_unmatched,0,-1
6bba_786893ac,6bba,12,9313,10155,0.27987226843833923,0.13884058594703674,0.024925298988819122,0.5944160223007202,parent_unmatched,0,-1
6bba_786893ac,6bba,12,9354,10176,0.21567364037036896,0.21567364037036896,0.18954388797283173,0.7423388361930847,parent_unmatched,0,-1
6bba_786893ac,6bba,12,9095,9853,0.14287380874156952,0.14287380874156952,0.12718349695205688,0.32451197504997253,parent_unmatched,0,-1
6bba_786893ac,6bba,13,9764,10634,0.16213682293891907,0.1366269290447235,0.10448119789361954,0.4003526270389557,parent_unmatched,0,-1
6bba_786893ac,6bba,13,10218,11081,0.046070389449596405,0.023006219416856766,0.006494253408163786,1.0739247798919678,parent_unmatched,0,-1
6bba_786893ac,6bba,13,9738,10632,0.2534710466861725,0.2534710466861725,0.2534710466861725,0.43179410696029663,parent_unmatched,0,-1
6bba_786893ac,6bba,13,9553,10413,0.13875813782215118,0.13875813782215118,0.1279652714729309,0.3637755513191223,parent_unmatched,0,-1
6bba_786893ac,6bba,14,11081,11930,0.11517298966646194,0.04147959500551224,0.0073088775388896465,1.126475214958191,parent_unmatched,0,-1
6bba_786893ac,6bba,16,12697,13559,0.2801421284675598,0.2801421284675598,0.2617392838001251,0.3748927414417267,parent_unmatched,0,-1
6bba_786893ac,6bba,16,12565,13429,0.2199004590511322,0.2199004590511322,0.19818833470344543,1.3710291385650635,parent_unmatched,0,-1
6bba_786893ac,6bba,16,12264,13086,0.16922052204608917,0.16922052204608917,0.13223759829998016,1.1135162115097046,parent_unmatched,0,-1
6bba_786893ac,6bba,16,12849,13715,0.08568432182073593,0.01620272733271122,0.004583404865115881,0.48769327998161316,parent_unmatched,0,-1
6bba_786893ac,6bba,17,13704,14492,0.28256580233573914,0.28256580233573914,0.127273827791214,1.354701042175293,parent_unmatched,0,-1
6bba_786893ac,6bba,18,13803,14615,0.0010731712682172656,0.0010731712682172656,0.0009538010926917195,-0.007798133417963982,parent_unmatched,0,-1
6bba_786893ac,6bba,18,14271,15115,0.21903088688850403,0.0914047509431839,0.0079284543171525,0.8487740159034729,parent_unmatched,0,-1
6bba_786893ac,6bba,18,13856,14649,0.26339191198349,0.26339191198349,0.26339191198349,0.37981167435646057,parent_unmatched,0,-1
6bba_786893ac,6bba,19,15317,16225,0.25148892402648926,0.25148892402648926,0.1889738142490387,0.33193132281303406,parent_unmatched,0,-1
6bba_786893ac,6bba,19,15215,16120,0.3706786334514618,0.3706786334514618,0.3706786334514618,1.664800763130188,parent_unmatched,0,-1
6bba_786893ac,6bba,19,14656,15506,0.21921546757221222,0.21921546757221222,0.21921546757221222,0.5754254460334778,parent_unmatched,0,-1
6bba_786893ac,6bba,19,14571,15412,0.06380048394203186,0.02257121354341507,0.010621197521686554,0.22890053689479828,parent_unmatched,0,-1
6bba_786893ac,6bba,19,15329,16266,0.02426840551197529,0.0013243386056274176,0.0003641353687271476,0.06162145361304283,parent_unmatched,0,-1
6bba_786893ac,6bba,19,15381,16257,0.3577929139137268,0.3577929139137268,0.3421892523765564,0.8200870752334595,parent_unmatched,0,-1
6bba_786893ac,6bba,20,15791,16670,0.31901994347572327,0.31901994347572327,0.28611037135124207,0.5943479537963867,parent_unmatched,0,-1
6bba_786893ac,6bba,20,15737,16635,0.2620653510093689,0.2620653510093689,0.2459205538034439,0.811325192451477,parent_unmatched,0,-1
6bba_786893ac,6bba,20,15951,16861,0.23821040987968445,0.23821040987968445,0.22051672637462616,0.39280927181243896,parent_unmatched,0,-1
6bba_786893ac,6bba,20,16191,16986,0.08229394257068634,0.0164540633559227,0.0020016334019601345,1.3435548543930054,parent_unmatched,0,-1
6bba_786893ac,6bba,20,16072,16927,0.30629992485046387,0.30629992485046387,0.2902441620826721,0.7486971020698547,parent_unmatched,0,-1
6bba_786893ac,6bba,21,16499,17347,0.05298854038119316,0.0269381832331419,0.022942712530493736,0.39141491055488586,parent_unmatched,0,-1
6bba_786893ac,6bba,24,19289,20129,0.15096381306648254,0.0605761744081974,0.01129367295652628,0.4528379440307617,parent_unmatched,0,-1
6bba_786893ac,6bba,25,20340,21188,0.27825629711151123,0.24986706674098969,0.0720704197883606,1.1475070714950562,parent_unmatched,0,-1
6bba_786893ac,6bba,26,21094,21899,0.29880163073539734,0.29880163073539734,0.2959314286708832,0.743240475654602,parent_unmatched,0,-1
6bba_786893ac,6bba,26,20550,21338,0.00048451946349814534,0.00028740213019773364,0.0002682635677047074,-0.07084256410598755,parent_unmatched,0,-1
6bba_786893ac,6bba,28,22391,23253,0.20593467354774475,0.20593467354774475,0.15927372872829437,1.544592261314392,parent_unmatched,0,-1
6bba_786893ac,6bba,28,22539,23351,0.2271600216627121,0.11505568772554398,0.024563664570450783,0.7545300126075745,parent_unmatched,0,-1
6bba_786893ac,6bba,28,22286,23117,0.0001117133506340906,7.939624629216269e-05,6.0675578424707055e-05,-0.1400764435529709,parent_unmatched,0,-1
6bba_786893ac,6bba,29,23785,24638,0.008810042403638363,0.008810042403638363,0.0018230242421850562,0.0077757686376571655,parent_unmatched,0,-1
6bba_786893ac,6bba,29,23638,24449,0.2509289085865021,0.2509289085865021,0.2509289085865021,0.8245569467544556,parent_unmatched,0,-1
6bba_786893ac,6bba,29,23736,24577,0.14251556992530823,0.04951365292072296,0.0020052369218319654,0.6175406575202942,parent_matched_not_divider,0,659
6bba_786893ac,6bba,30,24162,24977,0.19494588673114777,0.13569864630699158,0.060645654797554016,0.6658174991607666,parent_unmatched,0,-1
6bba_786893ac,6bba,30,23940,24751,0.053178995847702026,0.053178995847702026,0.04423711821436882,0.6874464154243469,parent_unmatched,0,-1
6bba_786893ac,6bba,31,24676,25537,0.09548608213663101,0.09548608213663101,0.08297432959079742,0.2721487581729889,parent_unmatched,0,-1
6bba_786893ac,6bba,31,24859,25694,0.05158425122499466,0.05158425122499466,0.04269273951649666,0.7062899470329285,parent_unmatched,0,-1
6bba_786893ac,6bba,31,25253,26137,0.25426995754241943,0.25426995754241943,0.2446800172328949,0.6885228157043457,parent_unmatched,0,-1
6bba_786893ac,6bba,31,25169,26066,0.376027911901474,0.376027911901474,0.376027911901474,0.8281689286231995,parent_unmatched,0,-1
6bba_786893ac,6bba,32,26131,27010,0.11019729822874069,0.11019729822874069,0.07916312664747238,0.4692002832889557,parent_unmatched,0,-1
6bba_786893ac,6bba,32,25903,26731,0.17613863945007324,0.06150216609239578,0.006858855485916138,0.17206121981143951,parent_unmatched,0,-1
6bba_786893ac,6bba,32,25579,26442,5.725072696805e-05,5.463292109197937e-05,5.266733933240175e-05,-0.22973786294460297,parent_unmatched,0,-1
6bba_786893ac,6bba,33,26468,27336,0.10164864361286163,0.027750205248594284,0.017179710790514946,0.8692306876182556,parent_unmatched,0,-1
6bba_786893ac,6bba,33,26893,27782,0.30682241916656494,0.30682241916656494,0.28317031264305115,0.5724120736122131,parent_unmatched,0,-1
6bba_786893ac,6bba,33,26742,27636,0.2029510885477066,0.2029510885477066,0.16167329251766205,0.21788182854652405,parent_unmatched,0,-1
6bba_786893ac,6bba,33,26994,27853,0.29074299335479736,0.2894655466079712,0.2801566421985626,0.7793294787406921,parent_unmatched,0,-1
6bba_786893ac,6bba,33,26483,27356,0.14286646246910095,0.14286646246910095,0.14286646246910095,0.30452337861061096,parent_unmatched,0,-1
6bba_786893ac,6bba,33,26347,27205,0.03019631654024124,0.020508721470832825,0.007762335240840912,0.13487040996551514,parent_unmatched,0,-1
6bba_786893ac,6bba,34,27700,28589,0.341899573802948,0.341899573802948,0.341899573802948,0.5870208144187927,parent_unmatched,0,-1
6bba_786893ac,6bba,34,27413,28299,0.05990099534392357,0.03326196223497391,0.013703416101634502,1.1303142309188843,parent_unmatched,0,-1
6bba_786893ac,6bba,34,27927,28813,0.186207115650177,0.1761438101530075,0.16119574010372162,0.8826001286506653,parent_matched_not_divider,0,752
6bba_786893ac,6bba,34,27635,28478,0.24715320765972137,0.24715320765972137,0.1648874133825302,0.4453634023666382,parent_unmatched,0,-1
6bba_786893ac,6bba,34,27298,28149,0.10075012594461441,0.10075012594461441,0.09737987816333771,0.6316801309585571,parent_unmatched,0,-1
6bba_786893ac,6bba,35,28859,29674,0.21281813085079193,0.21281813085079193,0.0894293561577797,1.4377033710479736,parent_unmatched,0,-1
6bba_786893ac,6bba,35,28141,29004,0.22638411819934845,0.1642761081457138,0.12939125299453735,0.38358384370803833,parent_unmatched,0,-1
6bba_786893ac,6bba,35,28255,29110,0.15761637687683105,0.14978785812854767,0.11721768975257874,0.4222586750984192,parent_unmatched,0,-1
6bba_786893ac,6bba,35,28559,29458,0.2463185340166092,0.16256870329380035,0.10250349342823029,0.5421838164329529,parent_unmatched,0,-1
6bba_786893ac,6bba,36,29471,30311,0.11786496639251709,0.11786496639251709,0.08913544565439224,0.44507667422294617,parent_unmatched,0,-1
6bba_786893ac,6bba,36,29223,30130,0.2664492428302765,0.19606296718120575,0.08800110965967178,0.26402854919433594,parent_unmatched,0,-1
6bba_786893ac,6bba,39,31996,32872,0.22380569577217102,0.22380569577217102,0.20114871859550476,0.7060269117355347,parent_unmatched,0,-1
6bba_786893ac,6bba,39,32147,32997,0.014545034617185593,0.008224024437367916,0.008224024437367916,-0.014392649754881859,parent_unmatched,0,-1
6bba_786893ac,6bba,39,31921,32739,0.15175960958003998,0.08182700723409653,0.02349068596959114,0.3744337856769562,parent_unmatched,0,-1
6bba_786893ac,6bba,39,31915,32780,0.20609739422798157,0.20609739422798157,0.20171573758125305,0.2546824514865875,parent_unmatched,0,-1
6bba_786893ac,6bba,39,31678,32458,0.11690391600131989,0.11690391600131989,0.11690391600131989,0.7596245408058167,parent_unmatched,0,-1
6bba_786893ac,6bba,40,33056,33885,0.16131305694580078,0.16131305694580078,0.13105370104312897,0.7701445817947388,parent_unmatched,0,-1
6bba_786893ac,6bba,40,32337,33168,0.03882720321416855,0.03882720321416855,0.01811152510344982,0.16869905591011047,parent_unmatched,0,-1
6bba_786893ac,6bba,41,33300,34150,0.059821102768182755,0.059821102768182755,0.048751987516880035,0.6705328822135925,parent_unmatched,0,-1
6bba_786893ac,6bba,41,33338,34134,0.1242557018995285,0.038340430706739426,0.011127169243991375,0.6454446911811829,parent_unmatched,0,-1
6bba_786893ac,6bba,43,35494,36290,0.29751265048980713,0.29751265048980713,0.23841579258441925,0.8563840389251709,parent_unmatched,0,-1
6bba_786893ac,6bba,43,35258,36085,0.2687007486820221,0.2687007486820221,0.2612887918949127,0.501764178276062,parent_unmatched,0,-1
6bba_786893ac,6bba,43,35482,36260,0.23051795363426208,0.23051795363426208,0.18537282943725586,0.7240898013114929,parent_matched_not_divider,0,898
6bba_786893ac,6bba,44,36382,37187,0.02209482342004776,0.0027035214006900787,0.0001581456745043397,0.08005644381046295,parent_unmatched,0,-1
6bba_786893ac,6bba,45,36613,37485,0.009395638480782509,0.009395638480782509,0.004594620317220688,-0.024946793913841248,parent_unmatched,0,-1
6bba_786893ac,6bba,45,36871,37670,0.10565564036369324,0.10565564036369324,0.06894546002149582,1.1944974660873413,parent_unmatched,0,-1
6bba_786893ac,6bba,45,37017,37892,0.3136039972305298,0.3136039972305298,0.3136039972305298,0.6679766178131104,parent_unmatched,0,-1
6bba_786893ac,6bba,45,37022,37845,0.3441387712955475,0.3441387712955475,0.3430793881416321,1.0470281839370728,parent_unmatched,0,-1
6bba_786893ac,6bba,46,37440,38251,0.03092164546251297,0.030184904113411903,0.01794586144387722,0.6457663178443909,parent_unmatched,0,-1
6bba_786893ac,6bba,46,37635,38453,0.27238425612449646,0.27238425612449646,0.24626819789409637,0.3219081461429596,parent_unmatched,0,-1
6bba_786893ac,6bba,47,38242,39088,0.1381891965866089,0.1381891965866089,0.09958978742361069,0.7642061710357666,parent_unmatched,0,-1
6bba_786893ac,6bba,47,38843,39654,0.10594266653060913,0.10594266653060913,0.05097681283950806,1.0646419525146484,parent_unmatched,0,-1
6bba_786893ac,6bba,47,38618,39473,0.16273939609527588,0.16273939609527588,0.1432291716337204,0.3949229419231415,parent_unmatched,0,-1
6bba_786893ac,6bba,47,38826,39727,0.006854315288364887,0.003460848703980446,0.0011011982569471002,0.006409930530935526,parent_unmatched,0,-1
6bba_786893ac,6bba,47,38589,39428,0.15167267620563507,0.15167267620563507,0.13980676233768463,0.42131444811820984,parent_unmatched,0,-1
6bba_786893ac,6bba,48,39480,40345,0.09543178975582123,0.09543178975582123,0.056699980050325394,0.4199465811252594,parent_unmatched,0,-1
6bba_786893ac,6bba,48,39164,39964,6.401914288289845e-05,5.635614070342854e-05,5.1786162657663226e-05,-0.2764355540275574,parent_unmatched,0,-1
6bba_786893ac,6bba,48,39263,40103,0.19249111413955688,0.10062767565250397,0.03635749965906143,0.5035140514373779,parent_unmatched,0,-1
6bba_786893ac,6bba,48,39543,40451,0.30364927649497986,0.30364927649497986,0.2742534875869751,1.0755493640899658,parent_unmatched,0,-1
6bba_786893ac,6bba,48,39414,40200,0.2837353050708771,0.2837353050708771,0.2458861619234085,0.19447514414787292,parent_unmatched,0,-1
6bba_786893ac,6bba,48,39247,40077,0.0776253193616867,0.0776253193616867,0.07028192281723022,0.4173752963542938,parent_unmatched,0,-1
6bba_786893ac,6bba,49,39843,40671,0.024789869785308838,0.023312363773584366,0.0112125463783741,0.21877239644527435,parent_unmatched,0,-1
6bba_786893ac,6bba,49,40079,40901,0.13923801481723785,0.13589128851890564,0.13589128851890564,0.49161943793296814,parent_unmatched,0,-1
6bba_786893ac,6bba,49,40495,41357,0.21675120294094086,0.18926773965358734,0.13116848468780518,0.9019326567649841,parent_unmatched,0,-1
6bba_786893ac,6bba,49,39953,40796,0.17596405744552612,0.17596405744552612,0.1572144627571106,0.7611545324325562,parent_unmatched,0,-1
6bba_786893ac,6bba,51,42093,42886,0.1368507593870163,0.1368507593870163,0.12130630016326904,1.081568956375122,parent_unmatched,0,-1
6bba_786893ac,6bba,51,41861,42702,0.2763476073741913,0.24157817661762238,0.11775700747966766,0.37026169896125793,parent_unmatched,0,-1
6bba_786893ac,6bba,54,43936,44763,0.03474286571145058,0.03474286571145058,0.024885613471269608,0.9456512331962585,parent_unmatched,0,-1
6bba_786893ac,6bba,54,43973,44767,0.16059495508670807,0.12594445049762726,0.08598021417856216,0.5257087349891663,parent_unmatched,0,-1
6bba_786893ac,6bba,54,44171,44984,0.2975267469882965,0.1552838385105133,0.00867750309407711,0.3522568941116333,parent_unmatched,0,-1
6bba_786893ac,6bba,54,44017,44863,0.018726054579019547,0.01588437892496586,0.012849381193518639,0.3875393569469452,parent_unmatched,0,-1
6bba_786893ac,6bba,54,43865,44707,0.08383087068796158,0.08383087068796158,0.08383087068796158,0.42918890714645386,parent_unmatched,0,-1
6bba_786893ac,6bba,56,45920,46690,0.20230869948863983,0.1575416475534439,0.13771416246891022,0.7739788889884949,parent_unmatched,0,-1
6bba_786893ac,6bba,56,46045,46832,0.12813501060009003,0.12813501060009003,0.12813501060009003,0.7668524980545044,parent_unmatched,0,-1
6bba_786893ac,6bba,57,46323,47094,0.03630189597606659,0.03630189597606659,0.025811634957790375,0.82490074634552,parent_unmatched,0,-1
6bba_786893ac,6bba,57,46649,47445,0.04755586013197899,0.03492509946227074,0.02076549455523491,1.3719093799591064,parent_unmatched,0,-1
6bba_786893ac,6bba,57,46471,47217,0.030302053317427635,0.030302053317427635,0.018931865692138672,0.7687786221504211,parent_unmatched,0,-1
6bba_786893ac,6bba,57,46735,47568,0.10774291306734085,0.057208526879549026,0.01631774753332138,0.7387698292732239,parent_unmatched,0,-1
6bba_786893ac,6bba,57,46819,47592,0.12414498627185822,0.11240977048873901,0.10953251272439957,0.3876962959766388,parent_unmatched,0,-1
6bba_786893ac,6bba,59,48338,49154,0.27281877398490906,0.2644944489002228,0.12613268196582794,1.1590850353240967,parent_unmatched,0,-1
6bba_786893ac,6bba,60,49409,50189,0.0937100276350975,0.0937100276350975,0.07803478837013245,1.2311906814575195,parent_unmatched,0,-1
6bba_786893ac,6bba,61,49988,50761,0.29764264822006226,0.29764264822006226,0.2564757466316223,0.40832728147506714,parent_unmatched,0,-1
6bba_786893ac,6bba,61,49981,50810,0.22200217843055725,0.22200217843055725,0.20968712866306305,0.8357473015785217,parent_unmatched,0,-1
6bba_786893ac,6bba,64,51877,52644,0.24978430569171906,0.1581859141588211,0.10903599113225937,0.6038893461227417,parent_unmatched,0,-1
6bba_786893ac,6bba,64,52022,52842,0.26071515679359436,0.26071515679359436,0.22296659648418427,0.5271479487419128,parent_unmatched,0,-1
6bba_786893ac,6bba,64,52372,53189,0.07490194588899612,0.04229697957634926,0.02497868612408638,1.1233761310577393,parent_unmatched,0,-1
6bba_786893ac,6bba,64,52003,52838,0.2838246524333954,0.2838246524333954,0.2838246524333954,0.6247086524963379,parent_is_divider_wrong_daughter,0,1143
6bba_786893ac,6bba,64,52038,52800,0.2709759771823883,0.054131027311086655,0.0061944518238306046,0.1605379581451416,parent_unmatched,0,-1
6bba_786893ac,6bba,64,52292,53028,0.1615510880947113,0.1615510880947113,0.137290358543396,0.8245046138763428,parent_unmatched,0,-1
6bba_786893ac,6bba,65,52988,53762,0.3352082371711731,0.3352082371711731,0.3212198317050934,0.8720802664756775,parent_unmatched,0,-1
6bba_786893ac,6bba,66,54003,54809,0.02014646679162979,0.02014646679162979,0.005127293523401022,-0.005778839811682701,parent_unmatched,0,-1
6bba_786893ac,6bba,66,53435,54214,0.1552775800228119,0.1275269091129303,0.09509920328855515,0.5103628039360046,parent_unmatched,0,-1
6bba_786893ac,6bba,71,57683,58475,0.19324906170368195,0.0890423059463501,0.06225331872701645,0.2021368443965912,parent_unmatched,0,-1
6bba_786893ac,6bba,73,59554,60318,0.15721005201339722,0.15721005201339722,0.10811689496040344,1.3307955265045166,parent_unmatched,0,-1
6bba_786893ac,6bba,74,59841,60597,0.07685083150863647,0.05483679845929146,0.02307766117155552,0.6171092987060547,parent_unmatched,0,-1
6bba_786893ac,6bba,74,60333,61095,0.29429006576538086,0.29429006576538086,0.2852203845977783,0.4163323938846588,parent_unmatched,0,-1
6bba_786893ac,6bba,74,60378,61175,0.10379448533058167,0.10379448533058167,0.10379448533058167,0.26512688398361206,parent_unmatched,0,-1
6bba_786893ac,6bba,74,59913,60690,0.21129965782165527,0.14688681066036224,0.09657122939825058,0.2525862455368042,parent_unmatched,0,-1
6bba_786893ac,6bba,74,59871,60657,0.01816849410533905,0.011520994827151299,0.008112494833767414,1.273909568786621,parent_unmatched,0,-1
6bba_786893ac,6bba,74,60081,60893,0.23949189484119415,0.23949189484119415,0.18730111420154572,0.5562639832496643,parent_unmatched,0,-1
6bba_786893ac,6bba,75,60728,61562,0.17020519077777863,0.17020519077777863,0.15603576600551605,0.23157882690429688,parent_unmatched,0,-1
6bba_786893ac,6bba,75,61136,61986,0.21692536771297455,0.21692536771297455,0.1807393580675125,0.3252622187137604,parent_unmatched,0,-1
6bba_786893ac,6bba,75,60894,61651,0.2737015187740326,0.2131761610507965,0.18544290959835052,0.48051750659942627,parent_unmatched,0,-1
6bba_786893ac,6bba,75,60732,61595,0.11763710528612137,0.11763710528612137,0.11763710528612137,0.49219051003456116,parent_unmatched,0,-1
6bba_786893ac,6bba,75,60638,61412,0.1639644056558609,0.1639644056558609,0.11510862410068512,1.4781535863876343,parent_unmatched,0,-1
6bba_786893ac,6bba,78,63039,63798,0.2998921573162079,0.2981293797492981,0.2753947079181671,0.5882677435874939,parent_unmatched,0,-1
6bba_786893ac,6bba,78,63547,64271,0.18724405765533447,0.15166184306144714,0.12270743399858475,0.6674872040748596,parent_unmatched,0,-1
6bba_786893ac,6bba,78,63116,63888,0.2839292287826538,0.2839292287826538,0.2603003978729248,0.7471342086791992,parent_unmatched,0,-1
6bba_786893ac,6bba,78,63241,64006,0.11700478196144104,0.05925507843494415,0.02121933177113533,0.7049379944801331,parent_unmatched,0,-1
6bba_786893ac,6bba,79,63949,64690,0.036555398255586624,0.036555398255586624,0.022515011951327324,0.4058026671409607,parent_unmatched,0,-1
6bba_786893ac,6bba,80,64387,65166,0.06518996506929398,0.04519006982445717,0.03272773325443268,0.8198389410972595,parent_unmatched,0,-1
6bba_786893ac,6bba,80,65083,65848,0.19090256094932556,0.19090256094932556,0.19090256094932556,0.2710137963294983,parent_unmatched,0,-1
6bba_786893ac,6bba,80,64425,65190,5.1416562200756744e-05,5.0926380936289206e-05,4.577499203151092e-05,-0.359043687582016,parent_unmatched,0,-1
6bba_786893ac,6bba,80,65066,65894,0.06447228789329529,0.04549648240208626,0.017680145800113678,0.9852591156959534,parent_unmatched,0,-1
6bba_786893ac,6bba,80,64755,65527,0.13459762930870056,0.13459762930870056,0.09455838054418564,0.14304327964782715,parent_unmatched,0,-1
6bba_786893ac,6bba,81,65833,66662,0.24699372053146362,0.24699372053146362,0.14505647122859955,0.932539165019989,parent_unmatched,0,-1
6bba_786893ac,6bba,81,65137,65969,0.00026087224250659347,0.00022010294196661562,0.00014115902013145387,-0.12989206612110138,parent_unmatched,0,-1
6bba_786893ac,6bba,81,65215,66032,0.13371284306049347,0.13371284306049347,0.13371284306049347,0.6070339679718018,parent_unmatched,0,-1
6bba_786893ac,6bba,83,66996,67794,0.1064235046505928,0.1064235046505928,0.09593501687049866,0.5304837822914124,parent_unmatched,0,-1
6bba_786893ac,6bba,84,67897,68677,0.27108827233314514,0.17477929592132568,0.049655430018901825,0.4834791123867035,parent_unmatched,0,-1
6bba_786893ac,6bba,85,68833,69581,0.2119266390800476,0.2119266390800476,0.20982442796230316,0.6936884522438049,parent_unmatched,0,-1
6bba_786893ac,6bba,88,70746,71530,0.18652522563934326,0.18652522563934326,0.18652522563934326,0.6224773526191711,parent_matched_not_divider,0,1357
6bba_786893ac,6bba,88,70952,71786,0.25919219851493835,0.25919219851493835,0.25919219851493835,0.39783838391304016,parent_unmatched,0,-1
6bba_786893ac,6bba,88,70906,71705,0.07719682157039642,0.06062202528119087,0.029136473312973976,0.417032927274704,parent_unmatched,0,-1
6bba_786893ac,6bba,88,70750,71524,0.07302828878164291,0.03468504920601845,0.031880006194114685,0.30881693959236145,parent_unmatched,0,-1
6bba_786893ac,6bba,89,71560,72353,0.056828003376722336,0.036888714879751205,0.03196604922413826,1.0179966688156128,parent_unmatched,0,-1
6bba_786893ac,6bba,91,73573,74377,0.29994016885757446,0.29994016885757446,0.26522019505500793,0.5829516053199768,parent_unmatched,0,-1
6bba_786893ac,6bba,91,73789,74608,0.2667461931705475,0.2535810172557831,0.17889966070652008,0.6450337767601013,parent_unmatched,0,-1
6bba_786893ac,6bba,91,73330,74132,0.30496537685394287,0.288094699382782,0.24328209459781647,0.6171176433563232,parent_unmatched,0,-1
6bba_786893ac,6bba,91,73368,74168,0.0053890664130449295,0.0053890664130449295,0.0053890664130449295,0.04430469498038292,parent_unmatched,0,-1
6bba_786893ac,6bba,92,74086,74875,0.11674506217241287,0.09921379387378693,0.04978778213262558,0.20259949564933777,parent_unmatched,0,-1
6bba_786893ac,6bba,92,74465,75254,0.2908330261707306,0.22204960882663727,0.22204960882663727,0.3127460777759552,parent_unmatched,0,-1
6bba_786893ac,6bba,92,74248,75026,0.28986290097236633,0.28986290097236633,0.2802397906780243,0.8831649422645569,parent_unmatched,0,-1
6bba_786893ac,6bba,93,74724,75467,0.08911458402872086,0.04767543077468872,0.028528032824397087,0.8078342080116272,parent_unmatched,0,-1
6bba_786893ac,6bba,93,74723,75481,0.05629093199968338,0.05629093199968338,0.04547882452607155,0.5818367004394531,parent_unmatched,0,-1
6bba_786893ac,6bba,93,74992,75740,0.05969054996967316,0.05969054996967316,0.05004246160387993,0.7113872170448303,parent_unmatched,0,-1
6bba_786893ac,6bba,94,76006,76792,0.2174084633588791,0.20341941714286804,0.17099271714687347,0.5491276383399963,parent_unmatched,0,-1
6bba_7f87b3d8,6bba,2,241,388,0.2285180240869522,0.2285180240869522,0.2285180240869522,0.42057904601097107,parent_unmatched,0,-1
6bba_7f87b3d8,6bba,3,395,555,0.2322852909564972,0.2322852909564972,0.2322852909564972,0.551886796951294,parent_unmatched,0,-1
6bba_7f87b3d8,6bba,4,480,657,0.46088582277297974,0.46088582277297974,0.35455021262168884,0.7559291124343872,parent_unmatched,0,-1
6bba_7f87b3d8,6bba,5,692,890,0.3333278298377991,0.3333278298377991,0.23237620294094086,0.8376078605651855,parent_unmatched,0,-1
6bba_7f87b3d8,6bba,6,864,1091,0.22077910602092743,0.1348116248846054,0.0471641831099987,0.6869577765464783,parent_unmatched,0,-1
6bba_7f87b3d8,6bba,6,989,1188,0.23247794806957245,0.18958652019500732,0.05748888477683067,0.5348471403121948,parent_unmatched,0,-1
6bba_7f87b3d8,6bba,7,1111,1312,0.12579205632209778,0.12579205632209778,0.07745551317930222,0.7449076771736145,parent_unmatched,0,-1
6bba_7f87b3d8,6bba,7,1067,1289,0.10734499990940094,0.04161660000681877,0.028944360092282295,1.0169419050216675,parent_matched_not_divider,0,70
6bba_7f87b3d8,6bba,8,1332,1507,0.36595186591148376,0.36595186591148376,0.14664670825004578,0.8922869563102722,parent_unmatched,0,-1
6bba_7f87b3d8,6bba,9,1492,1679,0.30410557985305786,0.30410557985305786,0.30410557985305786,0.404474139213562,parent_unmatched,0,-1
6bba_7f87b3d8,6bba,10,1673,1858,0.3551206886768341,0.3551206886768341,0.3551206886768341,1.247436285018921,parent_unmatched,0,-1
6bba_7f87b3d8,6bba,11,1765,1947,0.448657363653183,0.448657363653183,0.4304799735546112,1.266011357307434,parent_unmatched,0,-1
6bba_7f87b3d8,6bba,12,2094,2259,0.27442753314971924,0.27442753314971924,0.18483422696590424,0.8455511331558228,parent_unmatched,0,-1
6bba_7f87b3d8,6bba,14,2364,2534,0.27836814522743225,0.27836814522743225,0.16552108526229858,0.9853353500366211,parent_unmatched,0,-1
6bba_7f87b3d8,6bba,15,2528,2670,0.2990168631076813,0.15698671340942383,0.08040513843297958,0.8193495273590088,parent_unmatched,0,-1
6bba_7f87b3d8,6bba,16,2637,2793,0.3607495129108429,0.3333699703216553,0.2512393295764923,1.4708921909332275,parent_unmatched,0,-1
6bba_7f87b3d8,6bba,18,2997,3130,0.08034950494766235,0.05986287072300911,0.052279286086559296,0.31094247102737427,parent_unmatched,0,-1
6bba_7f87b3d8,6bba,19,3071,3213,0.4011150896549225,0.4011150896549225,0.3210563659667969,1.0768862962722778,parent_unmatched,0,-1
6bba_7f87b3d8,6bba,20,3263,3393,0.37686610221862793,0.37686610221862793,0.32103732228279114,0.7489550113677979,parent_unmatched,0,-1
6bba_7f87b3d8,6bba,27,4061,4164,0.49986204504966736,0.49986204504966736,0.40317603945732117,1.2234065532684326,parent_matched_not_divider,0,179
6bba_7f87b3d8,6bba,34,4725,4817,0.42632797360420227,0.42632797360420227,0.3279094696044922,0.7955288290977478,parent_unmatched,0,-1
6bba_7f87b3d8,6bba,35,4829,4916,0.48439449071884155,0.48439449071884155,0.41188672184944153,1.149354100227356,parent_unmatched,0,-1
6bba_7f87b3d8,6bba,47,5802,5873,0.20852303504943848,0.20852303504943848,0.05587282404303551,0.8899431824684143,parent_unmatched,0,-1
6bba_7f87b3d8,6bba,56,6499,6570,0.2580265998840332,0.2580265998840332,0.12393246591091156,0.8195799589157104,parent_unmatched,0,-1
6bba_7f87b3d8,6bba,60,6809,6887,0.4096974730491638,0.331887423992157,0.13099685311317444,1.2365223169326782,parent_matched_not_divider,0,652
6bba_7f87b3d8,6bba,61,6873,6949,0.32822465896606445,0.32822465896606445,0.11866085976362228,1.5077416896820068,parent_matched_not_divider,0,663
6bba_7f87b3d8,6bba,62,7016,7088,0.29001814126968384,0.29001814126968384,0.16338737308979034,0.4976015090942383,parent_unmatched,0,-1
6bba_7f87b3d8,6bba,65,7238,7313,0.1695753037929535,0.1695753037929535,0.15082405507564545,0.4319077432155609,parent_unmatched,0,-1
6bba_7f87b3d8,6bba,67,7383,7460,0.2628920376300812,0.041743312031030655,0.029129285365343094,0.8156779408454895,parent_unmatched,0,-1
6bba_7f87b3d8,6bba,71,7668,7747,0.42674610018730164,0.16021022200584412,0.034797925502061844,1.3398728370666504,parent_unmatched,0,-1
6bba_7f87b3d8,6bba,77,8211,8300,0.2220945805311203,0.2220945805311203,0.2102155089378357,0.4661027193069458,parent_unmatched,0,-1
6bba_7f87b3d8,6bba,78,8281,8363,0.3456522524356842,0.3456522524356842,0.3012808859348297,1.2386850118637085,parent_unmatched,0,-1
6bba_7f87b3d8,6bba,79,8363,8466,0.4095349609851837,0.4095349609851837,0.3022419810295105,1.2159414291381836,parent_unmatched,0,-1
6bba_7f87b3d8,6bba,85,8903,8976,0.044235244393348694,0.037174176424741745,0.00850307010114193,0.34911903738975525,parent_unmatched,0,-1
6bba_7f87b3d8,6bba,89,9198,9290,0.4430754780769348,0.4430754780769348,0.4137880802154541,1.211135745048523,parent_unmatched,0,-1
6bba_7f87b3d8,6bba,94,9711,9815,0.20104576647281647,0.05873994901776314,0.03307664394378662,1.1852833032608032,parent_unmatched,0,-1
6bba_969618f6,6bba,2,316,510,0.35917624831199646,0.35917624831199646,0.31025728583335876,1.2962490320205688,parent_unmatched,0,-1
6bba_969618f6,6bba,4,597,808,0.0625341609120369,0.0625341609120369,0.06025128439068794,0.4195213317871094,parent_unmatched,0,-1
6bba_969618f6,6bba,6,1111,1331,0.27284038066864014,0.27284038066864014,0.25453898310661316,1.0749139785766602,parent_unmatched,0,-1
6bba_969618f6,6bba,7,1285,1497,0.315656453371048,0.315656453371048,0.2894933521747589,0.9939504861831665,parent_matched_not_divider,0,48
6bba_969618f6,6bba,11,2163,2382,0.10149234533309937,0.10149234533309937,0.07343045622110367,0.6548894643783569,parent_unmatched,0,-1
6bba_969618f6,6bba,13,2634,2854,0.29922834038734436,0.29922834038734436,0.22080646455287933,0.7184947729110718,parent_unmatched,0,-1
6bba_969618f6,6bba,17,3502,3716,0.17055681347846985,0.1019333153963089,0.0436171256005764,1.0326313972473145,parent_unmatched,0,-1
6bba_969618f6,6bba,19,3965,4163,0.35236334800720215,0.35236334800720215,0.3351752460002899,0.9866520762443542,parent_unmatched,0,-1
6bba_969618f6,6bba,22,4599,4796,0.18584617972373962,0.18584617972373962,0.16190171241760254,0.7708017230033875,parent_unmatched,0,-1
6bba_969618f6,6bba,23,4634,4822,0.11783245950937271,0.11783245950937271,0.11783245950937271,0.7774060964584351,parent_unmatched,0,-1
6bba_969618f6,6bba,24,4990,5192,0.3533692955970764,0.3533692955970764,0.3400425612926483,0.7701745629310608,parent_unmatched,0,-1
6bba_969618f6,6bba,26,5387,5605,0.2093350887298584,0.13287299871444702,0.06630357354879379,0.8413255214691162,parent_unmatched,0,-1
6bba_969618f6,6bba,28,5730,5943,0.24759787321090698,0.24759787321090698,0.20193442702293396,0.9628509283065796,parent_unmatched,0,-1
6bba_969618f6,6bba,32,6505,6694,0.19883336126804352,0.19883336126804352,0.17666450142860413,0.9234557747840881,parent_unmatched,0,-1
6bba_969618f6,6bba,36,7257,7463,0.28994542360305786,0.28994542360305786,0.24902528524398804,0.8038638830184937,parent_unmatched,0,-1
6bba_969618f6,6bba,37,7468,7658,0.24848397076129913,0.24848397076129913,0.08739741891622543,0.9432764649391174,parent_unmatched,0,-1
6bba_969618f6,6bba,44,8935,9133,0.0553627610206604,0.0553627610206604,0.03471095487475395,0.707713782787323,parent_unmatched,0,-1
6bba_969618f6,6bba,47,9436,9619,0.20508283376693726,0.07826831936836243,0.02900630235671997,1.0125049352645874,parent_unmatched,0,-1
6bba_969618f6,6bba,49,9936,10125,0.09547244757413864,0.09547244757413864,0.05050373077392578,0.6108070015907288,parent_unmatched,0,-1
6bba_969618f6,6bba,50,10085,10283,0.22705434262752533,0.22705434262752533,0.2107340544462204,0.8396031856536865,parent_unmatched,0,-1
6bba_969618f6,6bba,51,10203,10395,0.2608017325401306,0.2100319266319275,0.17093908786773682,0.9047017693519592,parent_unmatched,0,-1
6bba_969618f6,6bba,53,10620,10817,0.23083218932151794,0.23083218932151794,0.17392167448997498,0.7637401819229126,parent_unmatched,0,-1
6bba_969618f6,6bba,54,10746,10933,0.3128405213356018,0.3128405213356018,0.30248525738716125,1.3396096229553223,parent_unmatched,0,-1
6bba_969618f6,6bba,56,11230,11421,0.2104603499174118,0.09565940499305725,0.024707874283194542,0.44875526428222656,parent_unmatched,0,-1
6bba_969618f6,6bba,58,11619,11804,0.2993943989276886,0.2993943989276886,0.2993943989276886,0.6672496795654297,parent_unmatched,0,-1
6bba_969618f6,6bba,59,11775,11981,0.043294068425893784,0.043294068425893784,0.043294068425893784,0.4193912148475647,parent_unmatched,0,-1
6bba_969618f6,6bba,60,11880,12067,0.4254128038883209,0.4254128038883209,0.39464423060417175,1.2810781002044678,parent_unmatched,0,-1
6bba_969618f6,6bba,64,12695,12868,0.2708597481250763,0.2708597481250763,0.2708597481250763,0.8626323938369751,parent_matched_not_divider,0,421
6bba_969618f6,6bba,65,12850,13022,0.2804371416568756,0.2804371416568756,0.24495947360992432,0.8395723700523376,parent_unmatched,0,-1
6bba_969618f6,6bba,66,12984,13157,0.34049609303474426,0.34049609303474426,0.3218000829219818,1.0474889278411865,parent_unmatched,0,-1
6bba_969618f6,6bba,67,13067,13218,0.10017837584018707,0.02484724298119545,0.006894194055348635,0.6409220695495605,parent_unmatched,0,-1
6bba_969618f6,6bba,69,13524,13704,0.23768022656440735,0.19253455102443695,0.14692279696464539,0.8304635286331177,parent_unmatched,0,-1
6bba_969618f6,6bba,70,13614,13790,0.24012689292430878,0.229119211435318,0.08691714704036713,1.1624499559402466,parent_unmatched,0,-1
6bba_969618f6,6bba,71,13768,13943,0.07474029064178467,0.07474029064178467,0.026936139911413193,0.5907543301582336,parent_unmatched,0,-1
6bba_969618f6,6bba,72,14011,14172,0.29225271940231323,0.29225271940231323,0.27991387248039246,0.7886747717857361,parent_unmatched,0,-1
6bba_969618f6,6bba,76,14607,14752,0.17922276258468628,0.17922276258468628,0.1593019664287567,0.9381210207939148,parent_unmatched,0,-1
6bba_969618f6,6bba,88,15939,16055,0.08166366815567017,0.050380829721689224,0.03454677388072014,0.8518856763839722,parent_unmatched,0,-1
6bba_bb9f20c3,6bba,10,1624,1911,0.48222458362579346,0.48222458362579346,0.48222458362579346,1.0500036478042603,parent_matched_not_divider,0,82
6bba_bb9f20c3,6bba,10,1538,1864,0.359940767288208,0.359940767288208,0.359940767288208,0.7987671494483948,parent_unmatched,0,-1
6bba_bb9f20c3,6bba,11,1834,2141,0.2125224471092224,0.2125224471092224,0.0495985709130764,0.4660649001598358,parent_unmatched,0,-1
6bba_bb9f20c3,6bba,24,5747,6036,0.31103944778442383,0.31103944778442383,0.24780595302581787,0.9725016355514526,parent_matched_not_divider,0,370
6bba_bb9f20c3,6bba,24,5755,6038,0.19501017034053802,0.07068363577127457,0.018287744373083115,0.36464256048202515,parent_unmatched,0,-1
6bba_bb9f20c3,6bba,26,6352,6651,0.2878091037273407,0.2878091037273407,0.04575569927692413,0.864147424697876,parent_unmatched,0,-1
6bba_bb9f20c3,6bba,32,7871,8162,0.4696054458618164,0.4696054458618164,0.3853117525577545,1.412394642829895,parent_unmatched,0,-1
6bba_bb9f20c3,6bba,37,9462,9729,0.3062589764595032,0.3062589764595032,0.18641161918640137,0.6531709432601929,parent_unmatched,0,-1
6bba_bb9f20c3,6bba,39,9976,10239,0.5028820037841797,0.42809486389160156,0.22742071747779846,1.5043611526489258,parent_unmatched,0,-1
6bba_bb9f20c3,6bba,43,11077,11350,0.5283969640731812,0.5283969640731812,0.3351884186267853,1.295063853263855,parent_unmatched,0,-1
6bba_bb9f20c3,6bba,47,12041,12297,0.4549686908721924,0.3738340139389038,0.05716193839907646,1.1713286638259888,parent_unmatched,0,-1
6bba_bb9f20c3,6bba,52,13349,13610,0.28705745935440063,0.28705745935440063,0.27447474002838135,0.6385208964347839,parent_unmatched,0,-1
6bba_bb9f20c3,6bba,53,13670,13914,0.23958851397037506,0.1597750335931778,0.1597750335931778,0.7808091044425964,parent_unmatched,0,-1
6bba_bb9f20c3,6bba,54,13924,14179,0.42507004737854004,0.42507004737854004,0.31479430198669434,1.3789405822753906,parent_unmatched,0,-1
6bba_bb9f20c3,6bba,61,15621,15868,0.42686590552330017,0.42686590552330017,0.3830220103263855,0.8128167390823364,parent_unmatched,0,-1
6bba_bb9f20c3,6bba,72,18193,18399,0.3741874098777771,0.3741874098777771,0.3346439301967621,0.7996081113815308,parent_unmatched,0,-1
6bba_bb9f20c3,6bba,79,19676,19863,0.508371114730835,0.508371114730835,0.4302836060523987,1.0157053470611572,parent_unmatched,0,-1
6bba_bb9f20c3,6bba,79,19640,19854,0.5066745281219482,0.5066745281219482,0.5066745281219482,1.025384783744812,parent_matched_not_divider,0,1467
6bba_bb9f20c3,6bba,80,19893,20099,0.12561863660812378,0.12561863660812378,0.11548323929309845,0.2609332799911499,parent_unmatched,0,-1
6bba_bb9f20c3,6bba,81,20065,20272,0.05160827562212944,0.0060227313078939915,0.002157061593607068,0.43526774644851685,parent_unmatched,0,-1
6bba_bb9f20c3,6bba,83,20544,20765,0.44930052757263184,0.44930052757263184,0.1836109459400177,0.9184228181838989,parent_unmatched,0,-1
6bba_bb9f20c3,6bba,91,22068,22263,0.346662312746048,0.3091399371623993,0.1384124904870987,1.2770696878433228,parent_unmatched,0,-1
6bba_07e24132,6bba,5,1437,1769,0.02255523018538952,0.02255523018538952,0.018100470304489136,0.33580079674720764,parent_unmatched,0,-1
6bba_07e24132,6bba,6,1763,2121,0.18519234657287598,0.18519234657287598,0.18519234657287598,0.7383698225021362,parent_unmatched,0,-1
6bba_07e24132,6bba,13,4262,4642,0.13103307783603668,0.13103307783603668,0.13103307783603668,0.47041934728622437,parent_unmatched,0,-1
6bba_07e24132,6bba,15,4963,5349,0.06752730906009674,0.06752730906009674,0.058593250811100006,0.29806283116340637,parent_unmatched,0,-1
6bba_07e24132,6bba,21,7276,7662,0.11988330632448196,0.07538290321826935,0.06174219027161598,0.5263881683349609,parent_unmatched,0,-1
6bba_07e24132,6bba,21,7370,7756,0.17338253557682037,0.17338253557682037,0.16438889503479004,0.5215376615524292,parent_unmatched,0,-1
6bba_07e24132,6bba,21,7287,7646,0.2878684997558594,0.2878684997558594,0.2878684997558594,0.8493448495864868,parent_unmatched,0,-1
6bba_07e24132,6bba,22,7575,7951,0.31921902298927307,0.31921902298927307,0.31921902298927307,0.46359512209892273,parent_unmatched,0,-1
6bba_07e24132,6bba,26,8950,9284,0.010233565233647823,0.009920908138155937,0.007988312281668186,0.4357122480869293,parent_unmatched,0,-1
6bba_07e24132,6bba,30,10294,10633,0.02631239965558052,0.02631239965558052,0.01245882548391819,0.9269789457321167,parent_unmatched,0,-1
6bba_07e24132,6bba,32,11197,11541,0.24353580176830292,0.24353580176830292,0.24353580176830292,0.8335484266281128,parent_unmatched,0,-1
6bba_07e24132,6bba,41,14100,14420,0.08697780966758728,0.08697780966758728,0.07599775493144989,0.6405345797538757,parent_unmatched,0,-1
6bba_07e24132,6bba,41,14086,14423,0.05304865911602974,0.05304865911602974,0.03217916563153267,0.5841980576515198,parent_unmatched,0,-1
6bba_07e24132,6bba,44,15258,15573,0.31158095598220825,0.31158095598220825,0.31158095598220825,1.0676558017730713,parent_matched_not_divider,0,135
6bba_07e24132,6bba,49,16711,17012,0.11300620436668396,0.11300620436668396,0.09146805107593536,0.42514875531196594,parent_unmatched,0,-1
6bba_07e24132,6bba,50,16996,17295,0.1377561390399933,0.1377561390399933,0.1377561390399933,0.37303173542022705,parent_unmatched,0,-1
6bba_07e24132,6bba,50,16852,17155,0.040201615542173386,0.026972314342856407,0.01916803978383541,1.2308368682861328,parent_unmatched,0,-1
6bba_07e24132,6bba,53,17879,18205,0.06343100965023041,0.06343100965023041,0.05648183450102806,0.3701624572277069,parent_unmatched,0,-1
6bba_07e24132,6bba,56,19009,19372,0.1305641382932663,0.09020061790943146,0.07777915894985199,0.8774600625038147,parent_unmatched,0,-1
6bba_07e24132,6bba,56,19142,19478,0.3336740732192993,0.3336740732192993,0.26151153445243835,0.804143488407135,parent_unmatched,0,-1
6bba_07e24132,6bba,73,24678,25035,0.16106130182743073,0.16106130182743073,0.12041674554347992,0.19641612470149994,parent_unmatched,0,-1
6bba_07e24132,6bba,73,24661,25026,0.032459039241075516,0.028716370463371277,0.02061956189572811,0.3646775484085083,parent_unmatched,0,-1
6bba_07e24132,6bba,76,25475,25816,0.03967974707484245,0.015562272630631924,0.012118957936763763,0.7506556510925293,parent_unmatched,0,-1
6bba_07e24132,6bba,76,25612,25953,0.17618989944458008,0.17618989944458008,0.12939035892486572,0.6540297865867615,parent_unmatched,0,-1
6bba_07e24132,6bba,76,25464,25764,0.07228612899780273,0.04903246462345123,0.04117388278245926,0.5259121656417847,parent_unmatched,0,-1
6bba_07e24132,6bba,77,25858,26232,0.19871732592582703,0.19871732592582703,0.15470294654369354,0.6850559115409851,parent_unmatched,0,-1
6bba_07e24132,6bba,77,25895,26260,0.2855782210826874,0.2855782210826874,0.2756555676460266,0.769721508026123,parent_unmatched,0,-1
6bba_07e24132,6bba,77,25973,26305,0.3434654176235199,0.3434654176235199,0.3434654176235199,0.8597162961959839,parent_unmatched,0,-1
6bba_07e24132,6bba,80,26940,27297,0.06254100799560547,0.06254100799560547,0.047160934656858444,0.5028291344642639,parent_unmatched,0,-1
6bba_07e24132,6bba,82,27661,27996,0.0814209133386612,0.0814209133386612,0.07107775658369064,0.6971333026885986,parent_unmatched,0,-1
6bba_07e24132,6bba,84,28479,28804,0.18937136232852936,0.18937136232852936,0.13387250900268555,0.2444411814212799,parent_unmatched,0,-1
6bba_07e24132,6bba,86,29064,29396,0.05479801818728447,0.05479801818728447,0.04406992346048355,1.1037180423736572,parent_unmatched,0,-1
6bba_07e24132,6bba,93,31238,31556,0.1207459568977356,0.1207459568977356,0.09869050979614258,0.9282422661781311,parent_unmatched,0,-1
6bba_2312ac41,6bba,2,224,430,0.3375883102416992,0.3375883102416992,0.3193501830101013,0.7802757024765015,parent_unmatched,0,-1
6bba_2312ac41,6bba,5,849,1061,0.09802209585905075,0.09802209585905075,0.09318539500236511,0.9055888056755066,parent_unmatched,0,-1
6bba_2312ac41,6bba,6,1201,1421,0.40709832310676575,0.40709832310676575,0.35644903779029846,0.8566364645957947,parent_unmatched,0,-1
6bba_2312ac41,6bba,6,1108,1328,0.29796043038368225,0.17706862092018127,0.07446127384901047,1.0530877113342285,parent_unmatched,0,-1
6bba_2312ac41,6bba,11,2239,2439,0.22914697229862213,0.22914697229862213,0.1482231318950653,1.0232332944869995,parent_unmatched,0,-1
6bba_2312ac41,6bba,20,3990,4174,0.35348954796791077,0.35348954796791077,0.31126269698143005,1.0982372760772705,TRUE,1,1139
6bba_2312ac41,6bba,21,4146,4321,0.19333966076374054,0.19333966076374054,0.16413915157318115,0.6735345721244812,parent_unmatched,0,-1
6bba_2312ac41,6bba,22,4332,4502,0.38637280464172363,0.38637280464172363,0.380582332611084,0.6190529465675354,parent_unmatched,0,-1
6bba_2312ac41,6bba,40,7285,7426,0.375929057598114,0.375929057598114,0.375929057598114,0.8980111479759216,parent_unmatched,0,-1
6bba_2312ac41,6bba,47,8166,8303,0.28942441940307617,0.28942441940307617,0.26017817854881287,1.1045606136322021,parent_unmatched,0,-1
6bba_2312ac41,6bba,51,8712,8840,0.03558192402124405,0.03558192402124405,0.010280399583280087,0.4178090989589691,parent_unmatched,0,-1
6bba_2312ac41,6bba,54,9123,9244,0.44914424419403076,0.44914424419403076,0.4289790093898773,1.1019612550735474,parent_unmatched,0,-1
6bba_2312ac41,6bba,58,9515,9638,0.3193664848804474,0.22597958147525787,0.10630980134010315,1.2268288135528564,parent_unmatched,0,-1
6bba_2312ac41,6bba,76,11476,11564,0.024115143343806267,0.024115143343806267,0.02254173532128334,0.2772432267665863,parent_unmatched,0,-1
6bba_2312ac41,6bba,86,12204,12282,0.21861697733402252,0.0718017965555191,0.025263095274567604,0.9821712374687195,parent_unmatched,0,-1
6bba_337b1b3a,6bba,1,25,179,0.18667590618133545,0.18667590618133545,0.18667590618133545,0.5221329927444458,parent_unmatched,0,-1
6bba_337b1b3a,6bba,2,142,315,0.05631376430392265,0.05631376430392265,0.011984428390860558,0.764229953289032,parent_unmatched,0,-1
6bba_337b1b3a,6bba,3,488,704,0.33287742733955383,0.20567770302295685,0.11212200671434402,1.1573586463928223,parent_unmatched,0,-1
6bba_337b1b3a,6bba,4,592,812,0.28861576318740845,0.28861576318740845,0.2437417209148407,0.8819046020507812,parent_unmatched,0,-1
6bba_337b1b3a,6bba,4,595,811,0.11426622420549393,0.02881232090294361,0.011489644646644592,0.43378007411956787,parent_unmatched,0,-1
6bba_337b1b3a,6bba,5,758,999,0.3328176438808441,0.3328176438808441,0.3328176438808441,1.1505719423294067,parent_unmatched,0,-1
6bba_337b1b3a,6bba,5,892,1133,0.0450916513800621,0.0450916513800621,0.0450916513800621,0.32368049025535583,parent_unmatched,0,-1
6bba_337b1b3a,6bba,6,1153,1420,0.11044536530971527,0.11044536530971527,0.11044536530971527,0.20026132464408875,parent_unmatched,0,-1
6bba_337b1b3a,6bba,6,1168,1447,0.08206547051668167,0.08206547051668167,0.07645345479249954,0.33869126439094543,parent_unmatched,0,-1
6bba_337b1b3a,6bba,7,1261,1525,0.36500030755996704,0.18422377109527588,0.048222173005342484,0.7604262232780457,parent_unmatched,0,-1
6bba_337b1b3a,6bba,7,1214,1471,0.1025201678276062,0.1025201678276062,0.1025201678276062,0.5175895690917969,parent_unmatched,0,-1
6bba_337b1b3a,6bba,8,1703,1992,0.31293419003486633,0.31293419003486633,0.2129424661397934,0.6907718181610107,parent_unmatched,0,-1
6bba_337b1b3a,6bba,8,1519,1785,0.06654100120067596,0.06654100120067596,0.06654100120067596,0.5194476842880249,parent_unmatched,0,-1
6bba_337b1b3a,6bba,9,1978,2265,0.38078415393829346,0.38078415393829346,0.28281325101852417,0.8680746555328369,parent_unmatched,0,-1
6bba_337b1b3a,6bba,9,1882,2148,0.046197593212127686,0.017350710928440094,0.013925716280937195,0.3943025469779968,parent_unmatched,0,-1
6bba_337b1b3a,6bba,10,2298,2598,0.40423867106437683,0.40423867106437683,0.40423867106437683,0.7329630255699158,parent_unmatched,0,-1
6bba_337b1b3a,6bba,10,2164,2442,0.4031319320201874,0.4031319320201874,0.4031319320201874,0.9259994029998779,parent_unmatched,0,-1
6bba_337b1b3a,6bba,11,2419,2739,0.004131946712732315,0.004131946712732315,0.004131946712732315,0.09678706526756287,parent_unmatched,0,-1
6bba_337b1b3a,6bba,11,2342,2650,0.3382958173751831,0.3382958173751831,0.2802650034427643,0.6826980710029602,parent_unmatched,0,-1
6bba_337b1b3a,6bba,12,2638,2969,0.0381183996796608,0.0381183996796608,0.0381183996796608,0.41526955366134644,parent_unmatched,0,-1
6bba_337b1b3a,6bba,12,2906,3236,0.03791262209415436,0.012980571947991848,0.007377409376204014,0.2254091501235962,parent_unmatched,0,-1
6bba_337b1b3a,6bba,13,3148,3454,0.09400513768196106,0.09400513768196106,0.09174013137817383,0.5410962104797363,parent_unmatched,0,-1
6bba_337b1b3a,6bba,14,3290,3600,0.06578638404607773,0.009703397750854492,0.0061936271376907825,0.5861030220985413,parent_unmatched,0,-1
6bba_337b1b3a,6bba,14,3308,3616,0.4206732511520386,0.4206732511520386,0.37474071979522705,1.4344813823699951,parent_unmatched,0,-1
6bba_337b1b3a,6bba,15,3594,3915,0.10116555541753769,0.10116555541753769,0.10116555541753769,0.752570390701294,parent_unmatched,0,-1
6bba_337b1b3a,6bba,16,3915,4237,0.4284004271030426,0.2863762676715851,0.05965328961610794,1.5787264108657837,parent_unmatched,0,-1
6bba_337b1b3a,6bba,16,3926,4253,0.005225799046456814,0.005225799046456814,0.004554213024675846,0.1671498566865921,parent_unmatched,0,-1
6bba_337b1b3a,6bba,16,3965,4287,0.01855918951332569,0.01855918951332569,0.016444234177470207,0.30160951614379883,parent_unmatched,0,-1
6bba_337b1b3a,6bba,17,4385,4721,0.17616809904575348,0.17616809904575348,0.17616809904575348,0.7415426969528198,parent_unmatched,0,-1
6bba_337b1b3a,6bba,17,4300,4643,0.009375068359076977,0.009375068359076977,0.008586764335632324,0.1693941056728363,parent_unmatched,0,-1
6bba_337b1b3a,6bba,18,4792,5121,0.2996116578578949,0.2996116578578949,0.2768736183643341,0.8035162687301636,parent_unmatched,0,-1
6bba_337b1b3a,6bba,18,4686,4987,0.23781903088092804,0.23781903088092804,0.18806806206703186,0.7417111396789551,parent_unmatched,0,-1
6bba_337b1b3a,6bba,18,4567,4898,0.286205917596817,0.286205917596817,0.2857290506362915,1.1728589534759521,parent_unmatched,0,-1
6bba_337b1b3a,6bba,19,5061,5407,0.2907402217388153,0.07405506819486618,0.0026290169917047024,0.8271918296813965,parent_unmatched,0,-1
6bba_337b1b3a,6bba,19,4885,5219,0.0258270762860775,0.005319315008819103,0.00020459311781451106,0.26587608456611633,parent_unmatched,0,-1
6bba_337b1b3a,6bba,20,5218,5558,0.03256925940513611,0.03256925940513611,0.010166231542825699,0.3601706326007843,parent_unmatched,0,-1
6bba_337b1b3a,6bba,20,5217,5559,0.11329203099012375,0.023223616182804108,0.0020610166247934103,0.5870051383972168,parent_unmatched,0,-1
6bba_337b1b3a,6bba,20,5228,5564,0.09121599048376083,0.02071777544915676,0.006620884872972965,0.6674484014511108,parent_unmatched,0,-1
6bba_337b1b3a,6bba,21,5865,6218,0.020461689680814743,0.020461689680814743,0.019759582355618477,0.2319534718990326,parent_unmatched,0,-1
6bba_337b1b3a,6bba,22,6025,6358,0.2842831313610077,0.2842831313610077,0.2842831313610077,0.7863860726356506,parent_unmatched,0,-1
6bba_337b1b3a,6bba,22,5895,6236,0.03986753895878792,0.03768986836075783,0.006946903187781572,0.22059781849384308,parent_unmatched,0,-1
6bba_337b1b3a,6bba,22,6202,6543,0.41293543577194214,0.41293543577194214,0.3228355646133423,0.9377036690711975,parent_unmatched,0,-1
6bba_337b1b3a,6bba,24,6612,6960,0.35721176862716675,0.35721176862716675,0.31745973229408264,1.2802141904830933,parent_unmatched,0,-1
6bba_337b1b3a,6bba,25,6972,7290,0.036084000021219254,0.036084000021219254,0.036084000021219254,0.4205652177333832,parent_unmatched,0,-1
6bba_337b1b3a,6bba,25,6996,7336,0.3831368386745453,0.3831368386745453,0.3831368386745453,1.130188226699829,parent_unmatched,0,-1
6bba_337b1b3a,6bba,25,6950,7293,0.025381512939929962,0.013247967697679996,0.00863434374332428,0.45547378063201904,parent_unmatched,0,-1
6bba_337b1b3a,6bba,26,7242,7576,0.008795231580734253,0.007344505749642849,0.002944528590887785,0.28568121790885925,parent_unmatched,0,-1
6bba_337b1b3a,6bba,26,7266,7604,0.2843917906284332,0.2843917906284332,0.23820964992046356,0.9668309688568115,parent_unmatched,0,-1
6bba_337b1b3a,6bba,26,7356,7702,0.36372724175453186,0.36372724175453186,0.34422948956489563,0.6340466141700745,parent_unmatched,0,-1
6bba_337b1b3a,6bba,28,7920,8241,0.3803965151309967,0.3803965151309967,0.3215917646884918,1.3414342403411865,parent_unmatched,0,-1
6bba_337b1b3a,6bba,28,7938,8255,0.02151910588145256,0.02151910588145256,0.01942349597811699,0.2740495204925537,parent_unmatched,0,-1
6bba_337b1b3a,6bba,28,8022,8348,0.05485578626394272,0.05485578626394272,0.04266470670700073,0.2499309629201889,parent_unmatched,0,-1
6bba_337b1b3a,6bba,29,8287,8601,0.05065027251839638,0.004900175612419844,0.003914914559572935,0.29725077748298645,parent_unmatched,0,-1
6bba_337b1b3a,6bba,29,8242,8581,0.10732343047857285,0.019983947277069092,0.008509991690516472,0.39794257283210754,parent_unmatched,0,-1
6bba_337b1b3a,6bba,30,8661,8980,0.4800255000591278,0.27665895223617554,0.09133072197437286,1.5016177892684937,parent_unmatched,0,-1
6bba_337b1b3a,6bba,32,9274,9574,0.4029688835144043,0.4029688835144043,0.38066017627716064,1.3613088130950928,parent_unmatched,0,-1
6bba_337b1b3a,6bba,33,9584,9883,0.2439134269952774,0.018982039764523506,0.01215972937643528,0.62845778465271,parent_unmatched,0,-1
6bba_337b1b3a,6bba,34,9807,10112,0.20267650485038757,0.037516433745622635,0.016062762588262558,1.0489120483398438,parent_unmatched,0,-1
6bba_337b1b3a,6bba,35,10314,10612,0.42863228917121887,0.42863228917121887,0.4184872508049011,0.8420747518539429,parent_unmatched,0,-1
6bba_337b1b3a,6bba,38,11172,11473,0.4207584261894226,0.4207584261894226,0.3979162275791168,0.8879519701004028,parent_unmatched,0,-1
6bba_337b1b3a,6bba,38,11060,11367,0.05878165736794472,0.022326434031128883,0.020922254770994186,0.31766030192375183,parent_unmatched,0,-1
6bba_337b1b3a,6bba,39,11569,11867,0.4095552861690521,0.4095552861690521,0.3693822920322418,0.7325946092605591,parent_unmatched,0,-1
6bba_337b1b3a,6bba,44,12901,13215,0.47927892208099365,0.47927892208099365,0.4714478850364685,1.4223130941390991,parent_unmatched,0,-1
6bba_337b1b3a,6bba,50,14838,15127,0.4274429380893707,0.30710676312446594,0.16865365207195282,1.0200115442276,parent_unmatched,0,-1
6bba_337b1b3a,6bba,59,17301,17579,0.40549686551094055,0.40549686551094055,0.40549686551094055,0.5876501202583313,TRUE,1,380
6bba_337b1b3a,6bba,61,17754,18030,0.4915982484817505,0.4915982484817505,0.3516891300678253,1.0652698278427124,parent_unmatched,0,-1
6bba_337b1b3a,6bba,62,18236,18523,0.4314414858818054,0.4314414858818054,0.38674965500831604,0.8198067545890808,parent_unmatched,0,-1
6bba_337b1b3a,6bba,63,18537,18797,0.281341016292572,0.12642189860343933,0.012927437201142311,0.7796134948730469,parent_unmatched,0,-1
6bba_337b1b3a,6bba,64,18623,18904,0.3692886531352997,0.3692886531352997,0.30950433015823364,0.8819762468338013,parent_unmatched,0,-1
6bba_337b1b3a,6bba,65,18836,19126,0.21875397861003876,0.21875397861003876,0.09683234989643097,0.9340610504150391,parent_unmatched,0,-1
6bba_337b1b3a,6bba,65,18850,19147,0.47924256324768066,0.47924256324768066,0.47924256324768066,1.7381619215011597,parent_unmatched,0,-1
6bba_337b1b3a,6bba,71,20629,20922,0.3284473717212677,0.3284473717212677,0.28696730732917786,1.1484837532043457,parent_unmatched,0,-1
6bba_337b1b3a,6bba,71,20662,20964,0.46383288502693176,0.27324607968330383,0.028815902769565582,1.5664126873016357,parent_unmatched,0,-1
6bba_337b1b3a,6bba,80,23319,23613,0.4401536285877228,0.4401536285877228,0.4401536285877228,1.457243800163269,parent_unmatched,0,-1
6bba_337b1b3a,6bba,81,23855,24191,0.3464215397834778,0.3464215397834778,0.3464215397834778,0.4793705940246582,parent_unmatched,0,-1
6bba_337b1b3a,6bba,83,24414,24723,0.47167202830314636,0.47167202830314636,0.47167202830314636,1.294630527496338,parent_unmatched,0,-1
6bba_337b1b3a,6bba,88,25879,26206,0.41247618198394775,0.41247618198394775,0.39759156107902527,0.8362370729446411,parent_unmatched,0,-1
6bba_337b1b3a,6bba,88,25806,26109,0.2262938916683197,0.2262938916683197,0.09014556556940079,0.8167405724525452,parent_matched_not_divider,0,961
6bba_337b1b3a,6bba,89,26233,26554,0.41668179631233215,0.41668179631233215,0.3716619908809662,0.7592893242835999,parent_unmatched,0,-1
6bba_337b1b3a,6bba,89,26189,26492,0.35511261224746704,0.35511261224746704,0.23032712936401367,0.9080974459648132,parent_matched_not_divider,0,992
6bba_337b1b3a,6bba,90,26458,26760,0.3577841818332672,0.3577841818332672,0.3577841818332672,0.7866513729095459,parent_matched_not_divider,0,1010
6bba_337b1b3a,6bba,92,27059,27379,0.357079416513443,0.357079416513443,0.1400451362133026,1.470957636833191,parent_unmatched,0,-1
6bba_337b1b3a,6bba,92,27105,27447,0.04222512245178223,0.03698631748557091,0.03698631748557091,0.42231184244155884,parent_unmatched,0,-1
6bba_3c5691b6,6bba,5,264,326,0.21483783423900604,0.21483783423900604,0.17223629355430603,0.7309301495552063,parent_unmatched,0,-1
6bba_3c5691b6,6bba,33,2124,2181,0.21846464276313782,0.21846464276313782,0.19694018363952637,0.8626610040664673,parent_unmatched,0,-1
6bba_3c5691b6,6bba,42,2728,2809,0.45715323090553284,0.45715323090553284,0.3529868423938751,1.5462985038757324,parent_unmatched,0,-1
6bba_3c5691b6,6bba,51,3461,3542,0.4583463966846466,0.4583463966846466,0.44300398230552673,1.5352708101272583,parent_unmatched,0,-1
6bba_3c5691b6,6bba,90,6671,6773,0.26134562492370605,0.26134562492370605,0.20147112011909485,0.6096924543380737,parent_unmatched,0,-1
