film,fold,tau,n_pred,n_est,ratio,node_recall,J_ceiling,mult,adjJ_ceiling,weight
44b6_0113de3b,44b6,0.965,27170,25755.0,1.0549407881964667,1.0,1.0,0.9945059211803533,0.9945059211803533,50
44b6_0113de3b,44b6,0.98,26923,25755.0,1.0453504173946806,1.0,1.0,0.9954649582605319,0.9954649582605319,50
44b6_0113de3b,44b6,0.99,26636,25755.0,1.0342069501067754,1.0,1.0,0.9965793049893225,0.9965793049893225,50
44b6_0113de3b,44b6,0.995,26323,25755.0,1.0220539701028926,1.0,1.0,0.9977946029897108,0.9977946029897108,50
44b6_0113de3b,44b6,0.998,25865,25755.0,1.0042710153368277,1.0,1.0,0.9995728984663173,0.9995728984663173,50
44b6_0113de3b,44b6,0.999,25445,25755.0,0.9879635022325762,1.0,1.0,1.0012036497767425,1.0012036497767425,50
44b6_0113de3b,44b6,0.9995,24968,25755.0,0.9694428266356048,1.0,1.0,1.0030557173364396,1.0030557173364396,50
44b6_0113de3b,44b6,0.9999,23252,25755.0,0.902814987381091,1.0,1.0,1.009718501261891,1.009718501261891,50
44b6_0b24845f,44b6,0.965,44127,32795.0,1.345540478731514,1.0,1.0,0.9654459521268486,0.9654459521268486,49
44b6_0b24845f,44b6,0.98,41894,32795.0,1.2774508309193475,1.0,1.0,0.9722549169080652,0.9722549169080652,49
44b6_0b24845f,44b6,0.99,38981,32795.0,1.1886263149870406,1.0,1.0,0.981137368501296,0.981137368501296,49
44b6_0b24845f,44b6,0.995,35605,32795.0,1.0856837932611678,1.0,1.0,0.9914316206738832,0.9914316206738832,49
44b6_0b24845f,44b6,0.998,30691,32795.0,0.9358438786400366,1.0,1.0,1.0064156121359964,1.0064156121359964,49
44b6_0b24845f,44b6,0.999,26777,32795.0,0.8164964171367587,1.0,1.0,1.018350358286324,1.018350358286324,49
44b6_0b24845f,44b6,0.9995,22948,32795.0,0.6997408141484982,1.0,1.0,1.0300259185851501,1.0300259185851501,49
44b6_0b24845f,44b6,0.9999,14156,32795.0,0.43165116633633177,0.9607843137254902,0.9183673469387755,1.0568348833663668,0.9705626479895205,49
44b6_0c582fdc,44b6,0.965,32994,27958.0,1.1801273338579297,1.0,1.0,0.981987266614207,0.981987266614207,70
44b6_0c582fdc,44b6,0.98,32364,27958.0,1.157593533156878,1.0,1.0,0.9842406466843122,0.9842406466843122,70
44b6_0c582fdc,44b6,0.99,31455,27958.0,1.1250804778596466,1.0,1.0,0.9874919522140353,0.9874919522140353,70
44b6_0c582fdc,44b6,0.995,30400,27958.0,1.0873453036697904,1.0,1.0,0.991265469633021,0.991265469633021,70
44b6_0c582fdc,44b6,0.998,28722,27958.0,1.0273267043422276,1.0,1.0,0.9972673295657772,0.9972673295657772,70
44b6_0c582fdc,44b6,0.999,27004,27958.0,0.9658773875098362,1.0,1.0,1.0034122612490164,1.0034122612490164,70
44b6_0c582fdc,44b6,0.9995,25163,27958.0,0.9000286143500966,1.0,1.0,1.0099971385649904,1.0099971385649904,70
44b6_0c582fdc,44b6,0.9999,19315,27958.0,0.6908577151441447,1.0,1.0,1.0309142284855854,1.0309142284855854,70
44b6_0db75fae,44b6,0.965,20401,15335.0,1.330355396152592,1.0,1.0,0.9669644603847408,0.9669644603847408,151
44b6_0db75fae,44b6,0.98,20199,15335.0,1.3171829149005543,1.0,1.0,0.9682817085099445,0.9682817085099445,151
44b6_0db75fae,44b6,0.99,19878,15335.0,1.2962504075643952,1.0,1.0,0.9703749592435604,0.9703749592435604,151
44b6_0db75fae,44b6,0.995,19541,15335.0,1.2742745353765894,1.0,1.0,0.972572546462341,0.972572546462341,151
44b6_0db75fae,44b6,0.998,18878,15335.0,1.2310401043364851,1.0,1.0,0.9768959895663515,0.9768959895663515,151
44b6_0db75fae,44b6,0.999,18281,15335.0,1.1921095533094228,1.0,1.0,0.9807890446690577,0.9807890446690577,151
44b6_0db75fae,44b6,0.9995,17609,15335.0,1.1482882295402674,1.0,1.0,0.9851711770459732,0.9851711770459732,151
44b6_0db75fae,44b6,0.9999,15180,15335.0,0.989892402999674,1.0,1.0,1.0010107597000326,1.0010107597000326,151
44b6_12dfb391,44b6,0.965,58817,58672.0,1.0024713662394327,0.998730964467005,0.9974126778783958,0.9997528633760567,0.9971661806765068,773
44b6_12dfb391,44b6,0.98,57659,58672.0,0.9827345241341696,0.998730964467005,0.9974126778783958,1.001726547586583,0.9991347583302141,773
44b6_12dfb391,44b6,0.99,55732,58672.0,0.949890919007363,0.998730964467005,0.9974126778783958,1.0050109080992637,1.002410621144285,773
44b6_12dfb391,44b6,0.995,53528,58672.0,0.9123261521679847,0.998730964467005,0.9974126778783958,1.0087673847832015,1.0061573786129991,773
44b6_12dfb391,44b6,0.998,49672,58672.0,0.8466048541041723,0.998730964467005,0.9974126778783958,1.0153395145895827,1.0127125042025462,773
44b6_12dfb391,44b6,0.999,46283,58672.0,0.7888430597218434,0.998730964467005,0.9974126778783958,1.0211156940278157,1.0184737388039402,773
44b6_12dfb391,44b6,0.9995,42833,58672.0,0.7300415871284429,0.9949238578680203,0.9909443725743855,1.0269958412871558,1.0176957495808039,773
44b6_12dfb391,44b6,0.9999,33374,58672.0,0.568823288791928,0.9657360406091371,0.9469598965071151,1.0431176711208072,0.9877906018893026,773
44b6_144b256d,44b6,0.965,47081,65376.0,0.7201572442486539,1.0,1.0,1.0279842755751345,1.0279842755751345,119
44b6_144b256d,44b6,0.98,43370,65376.0,0.6633932941752325,1.0,1.0,1.0336606705824767,1.0336606705824767,119
44b6_144b256d,44b6,0.99,38754,65376.0,0.5927863436123348,1.0,1.0,1.0407213656387666,1.0407213656387666,119
44b6_144b256d,44b6,0.995,33942,65376.0,0.5191813509544787,1.0,1.0,1.0480818649045522,1.0480818649045522,119
44b6_144b256d,44b6,0.998,27510,65376.0,0.42079662261380324,1.0,1.0,1.0579203377386197,1.0579203377386197,119
44b6_144b256d,44b6,0.999,23060,65376.0,0.3527288301517376,1.0,1.0,1.0647271169848262,1.0647271169848262,119
44b6_144b256d,44b6,0.9995,19131,65376.0,0.29263032305433184,1.0,1.0,1.0707369676945668,1.0707369676945668,119
44b6_144b256d,44b6,0.9999,11444,65376.0,0.17504894762604015,1.0,1.0,1.082495105237396,1.082495105237396,119
44b6_1574802b,44b6,0.965,22935,17677.0,1.2974486621032981,0.9870967741935484,0.9738562091503268,0.9702551337896702,0.9448889865010514,153
44b6_1574802b,44b6,0.98,22793,17677.0,1.2894156248232167,0.9870967741935484,0.9738562091503268,0.9710584375176783,0.9456712888244057,153
44b6_1574802b,44b6,0.99,22545,17677.0,1.2753860949256095,0.9870967741935484,0.9738562091503268,0.9724613905074391,0.9470375633046302,153
44b6_1574802b,44b6,0.995,22264,17677.0,1.2594897324206595,0.9870967741935484,0.9738562091503268,0.9740510267579341,0.9485856404374652,153
44b6_1574802b,44b6,0.998,21764,17677.0,1.2312043898851615,0.9870967741935484,0.9738562091503268,0.9768795610114839,0.951340226083079,153
44b6_1574802b,44b6,0.999,21170,17677.0,1.1976014029529898,0.9870967741935484,0.9738562091503268,0.9802398597047011,0.9546126738300683,153
44b6_1574802b,44b6,0.9995,20416,17677.0,1.1549471064094585,0.9870967741935484,0.9738562091503268,0.9845052893590541,0.958766588983654,153
44b6_1574802b,44b6,0.9999,16977,17677.0,0.9604005204503027,0.9741935483870968,0.954248366013072,1.0039599479549697,0.9580271398785986,153
44b6_18ced818,44b6,0.965,95683,78644.0,1.216659885051625,0.99,0.9797979797979798,0.9783340114948375,0.9585696880302953,99
44b6_18ced818,44b6,0.98,93979,78644.0,1.1949926249936422,0.99,0.9797979797979798,0.9805007375006358,0.9606926417935523,99
44b6_18ced818,44b6,0.99,91540,78644.0,1.163979451706424,0.99,0.9797979797979798,0.9836020548293576,0.9637313062469463,99
44b6_18ced818,44b6,0.995,88501,78644.0,1.1253369614973805,0.99,0.9797979797979798,0.9874663038502619,0.9675174896310647,99
44b6_18ced818,44b6,0.998,83423,78644.0,1.0607675092823357,0.99,0.9797979797979798,0.9939232490717664,0.9738439915147611,99
44b6_18ced818,44b6,0.999,78612,78644.0,0.9995931030975027,0.99,0.9797979797979798,1.0000406896902498,0.9798378474742852,99
44b6_18ced818,44b6,0.9995,73083,78644.0,0.929288947662886,0.99,0.9797979797979798,1.0070711052337114,0.9867262344209091,99
44b6_18ced818,44b6,0.9999,54737,78644.0,0.6960098672498856,0.99,0.9797979797979798,1.0303990132750114,1.009582871592688,99
44b6_1d530831,44b6,0.965,45704,35825.0,1.2757571528262386,0.9927536231884058,0.985239852398524,0.9724242847173761,0.9580711587436879,271
44b6_1d530831,44b6,0.98,44701,35825.0,1.2477599441730636,0.9927536231884058,0.985239852398524,0.9752240055826936,0.9608295553157904,271
44b6_1d530831,44b6,0.99,43274,35825.0,1.207927424982554,0.9927536231884058,0.985239852398524,0.9792072575017445,0.9647540138485823,271
44b6_1d530831,44b6,0.995,41553,35825.0,1.1598883461270062,0.9927536231884058,0.985239852398524,0.9840111653872994,0.9694870153446824,271
44b6_1d530831,44b6,0.998,38810,35825.0,1.0833217027215631,0.9927536231884058,0.985239852398524,0.9916678297278437,0.9770306661894254,271
44b6_1d530831,44b6,0.999,36280,35825.0,1.0127006280530355,0.9927536231884058,0.985239852398524,0.9987299371946965,0.9839885359076899,271
44b6_1d530831,44b6,0.9995,33736,35825.0,0.94168876482903,0.9927536231884058,0.985239852398524,1.005831123517097,0.9909849076718261,271
44b6_1d530831,44b6,0.9999,26268,35825.0,0.7332309839497557,0.9528985507246377,0.915129151291513,1.0266769016050243,0.9395419616164061,271
44b6_24264f12,44b6,0.965,30410,26353.0,1.1539483170796494,0.9956521739130435,0.9909502262443439,0.984605168292035,0.9756947142803425,221
44b6_24264f12,44b6,0.98,30061,26353.0,1.1407050430691004,0.9956521739130435,0.9909502262443439,0.98592949569309,0.9770070568180395,221
44b6_24264f12,44b6,0.99,29582,26353.0,1.1225287443554814,0.9956521739130435,0.9909502262443439,0.9877471255644519,0.978808237550294,221
44b6_24264f12,44b6,0.995,29017,26353.0,1.1010890600690624,0.9956521739130435,0.9909502262443439,0.9898910939930937,0.9809328035497173,221
44b6_24264f12,44b6,0.998,28079,26353.0,1.0654953895192198,0.9956521739130435,0.9909502262443439,0.993450461048078,0.9844599591381407,221
44b6_24264f12,44b6,0.999,27189,26353.0,1.0317231434751262,0.9956521739130435,0.9909502262443439,0.9968276856524874,0.9878066206239581,221
44b6_24264f12,44b6,0.9995,26202,26353.0,0.994270102075665,0.9956521739130435,0.9909502262443439,1.0005729897924336,0.9915180306087917,221
44b6_24264f12,44b6,0.9999,22860,26353.0,0.8674534208628999,0.9826086956521739,0.9728506787330317,1.01325465791371,0.9857454816807586,221
44b6_267148e4,44b6,0.965,27311,19130.0,1.4276529012023,0.9857142857142858,0.9711191335740073,0.95723470987977,0.9295889420854084,277
44b6_267148e4,44b6,0.98,26908,19130.0,1.4065865133298483,0.9857142857142858,0.9711191335740073,0.9593413486670151,0.9316347393192314,277
44b6_267148e4,44b6,0.99,26388,19130.0,1.3794040773653946,0.9857142857142858,0.9711191335740073,0.9620595922634605,0.9342744776854545,277
44b6_267148e4,44b6,0.995,25693,19130.0,1.343073706220596,0.9857142857142858,0.9711191335740073,0.9656926293779404,0.9378025895403104,277
44b6_267148e4,44b6,0.998,24586,19130.0,1.2852064819654991,0.9857142857142858,0.9711191335740073,0.9714793518034501,0.9434221864084047,277
44b6_267148e4,44b6,0.999,23564,19130.0,1.2317825405122844,0.9857142857142858,0.9711191335740073,0.9768217459487716,0.94861028758202,277
44b6_267148e4,44b6,0.9995,22417,19130.0,1.1718243596445375,0.975,0.9494584837545126,0.9828175640355462,0.9331444741564933,277
44b6_267148e4,44b6,0.9999,18529,19130.0,0.9685833768949295,0.9321428571428572,0.8844765342960289,1.0031416623105072,0.8872552608883547,277
44b6_2a2eff9f,44b6,0.965,52805,56367.0,0.9368069970017918,1.0,1.0,1.0063193002998208,1.0063193002998208,210
44b6_2a2eff9f,44b6,0.98,51146,56367.0,0.9073748824666915,1.0,1.0,1.009262511753331,1.009262511753331,210
44b6_2a2eff9f,44b6,0.99,48866,56367.0,0.8669256834672769,1.0,1.0,1.0133074316532724,1.0133074316532724,210
44b6_2a2eff9f,44b6,0.995,46125,56367.0,0.8182979402842089,1.0,1.0,1.0181702059715791,1.0181702059715791,210
44b6_2a2eff9f,44b6,0.998,41704,56367.0,0.7398655241542037,1.0,1.0,1.0260134475845797,1.0260134475845797,210
44b6_2a2eff9f,44b6,0.999,38011,56367.0,0.6743484663012046,1.0,1.0,1.0325651533698796,1.0325651533698796,210
44b6_2a2eff9f,44b6,0.9995,34296,56367.0,0.6084411091596147,0.9953271028037384,0.9904761904761905,1.0391558890840384,1.0292591663308572,210
44b6_2a2eff9f,44b6,0.9999,24552,56367.0,0.43557400606737984,0.985981308411215,0.9761904761904762,1.056442599393262,1.031289204169613,210
44b6_2f31fc2f,44b6,0.965,30298,24368.0,1.2433519369665134,0.9775280898876404,0.9529411764705882,0.9756648063033486,0.9297511683596615,85
44b6_2f31fc2f,44b6,0.98,29376,24368.0,1.205515430072226,0.9775280898876404,0.9529411764705882,0.9794484569927774,0.9333567648989995,85
44b6_2f31fc2f,44b6,0.99,28196,24368.0,1.157091267235719,0.9775280898876404,0.9529411764705882,0.9842908732764281,0.937971302769302,85
44b6_2f31fc2f,44b6,0.995,26685,24368.0,1.0950837163493106,0.9775280898876404,0.9529411764705882,0.990491628365069,0.9438802576184775,85
44b6_2f31fc2f,44b6,0.998,24333,24368.0,0.9985636900853578,0.9775280898876404,0.9529411764705882,1.0001436309914642,0.9530780483565717,85
44b6_2f31fc2f,44b6,0.999,22272,24368.0,0.9139855548260013,0.9775280898876404,0.9529411764705882,1.0086014445173999,0.9611378471283457,85
44b6_2f31fc2f,44b6,0.9995,20165,24368.0,0.8275196979645436,0.9775280898876404,0.9529411764705882,1.0172480302035456,0.9693775346645551,85
44b6_2f31fc2f,44b6,0.9999,14075,24368.0,0.5776017728168089,0.9775280898876404,0.9529411764705882,1.0422398227183192,0.9931932428256923,85
44b6_33b596bf,44b6,0.965,27828,23330.0,1.1927989712816116,1.0,1.0,0.9807201028718389,0.9807201028718389,49
44b6_33b596bf,44b6,0.98,27446,23330.0,1.1764252036005143,1.0,1.0,0.9823574796399486,0.9823574796399486,49
44b6_33b596bf,44b6,0.99,26917,23330.0,1.1537505357908273,1.0,1.0,0.9846249464209172,0.9846249464209172,49
44b6_33b596bf,44b6,0.995,26344,23330.0,1.1291898842691812,1.0,1.0,0.9870810115730819,0.9870810115730819,49
44b6_33b596bf,44b6,0.998,25383,23330.0,1.0879982854693528,1.0,1.0,0.9912001714530647,0.9912001714530647,49
44b6_33b596bf,44b6,0.999,24380,23330.0,1.045006429489927,1.0,1.0,0.9954993570510073,0.9954993570510073,49
44b6_33b596bf,44b6,0.9995,23404,23330.0,1.0031718816973854,0.98,0.9591836734693877,0.9996828118302614,0.9588794317555568,49
44b6_33b596bf,44b6,0.9999,20177,23330.0,0.8648521217316759,0.9,0.8571428571428571,1.0135147878268325,0.8687269609944278,49
44b6_341df25f,44b6,0.965,10819,7436.0,1.4549488972565896,1.0,1.0,0.954505110274341,0.954505110274341,209
44b6_341df25f,44b6,0.98,10535,7436.0,1.4167563206024745,1.0,1.0,0.9583243679397525,0.9583243679397525,209
44b6_341df25f,44b6,0.99,10161,7436.0,1.3664604626143089,1.0,1.0,0.9633539537385691,0.9633539537385691,209
44b6_341df25f,44b6,0.995,9797,7436.0,1.31750941366326,1.0,1.0,0.968249058633674,0.968249058633674,209
44b6_341df25f,44b6,0.998,9326,7436.0,1.2541689080150618,1.0,1.0,0.9745831091984938,0.9745831091984938,209
44b6_341df25f,44b6,0.999,8984,7436.0,1.2081764389456697,1.0,1.0,0.979182356105433,0.979182356105433,209
44b6_341df25f,44b6,0.9995,8679,7436.0,1.1671597633136095,1.0,1.0,0.9832840236686391,0.9832840236686391,209
44b6_341df25f,44b6,0.9999,7933,7436.0,1.0668370091447015,0.9953703703703703,0.9952153110047847,0.9933162990855299,0.9885635895205274,209
44b6_3a861e03,44b6,0.965,42492,40546.0,1.0479948700241701,0.9989304812834224,0.9978237214363439,0.9952005129975829,0.9930346794546068,919
44b6_3a861e03,44b6,0.98,42070,40546.0,1.03758693829231,0.9989304812834224,0.9978237214363439,0.996241306170769,0.9940732075719209,919
44b6_3a861e03,44b6,0.99,41457,40546.0,1.022468307601243,0.9989304812834224,0.9978237214363439,0.9977531692398757,0.995581780405839,919
44b6_3a861e03,44b6,0.995,40744,40546.0,1.00488334237656,0.9989304812834224,0.9978237214363439,0.999511665762344,0.9973364499500211,919
44b6_3a861e03,44b6,0.998,39406,40546.0,0.971883786316776,0.9957219251336898,0.9912948857453754,1.0028116213683225,0.9940820316284459,919
44b6_3a861e03,44b6,0.999,38129,40546.0,0.9403886943224979,0.9893048128342246,0.9836779107725789,1.0059611305677503,0.9895417432353061,919
44b6_3a861e03,44b6,0.9995,36702,40546.0,0.9051941005277956,0.9871657754010695,0.9804134929270947,1.0094805899472203,0.9897083912322585,919
44b6_3a861e03,44b6,0.9999,31555,40546.0,0.7782518620825729,0.9540106951871657,0.9303590859630033,1.0221748137917428,0.9509896254536889,919
44b6_3bb3690f,44b6,0.965,21796,31937.0,0.6824686100760873,1.0,1.0,1.0317531389923913,1.0317531389923913,396
44b6_3bb3690f,44b6,0.98,20813,31937.0,0.6516892632369978,1.0,1.0,1.0348310736763002,1.0348310736763002,396
44b6_3bb3690f,44b6,0.99,19598,31937.0,0.6136456148041457,1.0,1.0,1.0386354385195855,1.0386354385195855,396
44b6_3bb3690f,44b6,0.995,18377,31937.0,0.5754140965024893,1.0,1.0,1.042458590349751,1.042458590349751,396
44b6_3bb3690f,44b6,0.998,16664,31937.0,0.5217772489588878,1.0,1.0,1.0478222751041113,1.0478222751041113,396
44b6_3bb3690f,44b6,0.999,15248,31937.0,0.47743995992109467,1.0,1.0,1.0522560040078905,1.0522560040078905,396
44b6_3bb3690f,44b6,0.9995,13966,31937.0,0.4372984312865955,1.0,1.0,1.0562701568713404,1.0562701568713404,396
44b6_3bb3690f,44b6,0.9999,10494,31937.0,0.3285844005385603,1.0,1.0,1.067141559946144,1.067141559946144,396
44b6_40c45f5a,44b6,0.965,41744,32681.0,1.2773170955601114,1.0,1.0,0.9722682904439889,0.9722682904439889,198
44b6_40c45f5a,44b6,0.98,40804,32681.0,1.2485542058076557,1.0,1.0,0.9751445794192344,0.9751445794192344,198
44b6_40c45f5a,44b6,0.99,39491,32681.0,1.2083779566108748,1.0,1.0,0.9791622043389125,0.9791622043389125,198
44b6_40c45f5a,44b6,0.995,37950,32681.0,1.1612251767081792,1.0,1.0,0.983877482329182,0.983877482329182,198
44b6_40c45f5a,44b6,0.998,35340,32681.0,1.0813622594167864,1.0,1.0,0.9918637740583214,0.9918637740583214,198
44b6_40c45f5a,44b6,0.999,32981,32681.0,1.0091796456656772,1.0,1.0,0.9990820354334322,0.9990820354334322,198
44b6_40c45f5a,44b6,0.9995,30382,32681.0,0.9296533153820262,1.0,1.0,1.0070346684617975,1.0070346684617975,198
44b6_40c45f5a,44b6,0.9999,22767,32681.0,0.6966433095682507,1.0,1.0,1.0303356690431749,1.0303356690431749,198
44b6_415c0a3a,44b6,0.965,49554,57292.0,0.8649375130908329,1.0,1.0,1.0135062486909168,1.0135062486909168,322
44b6_415c0a3a,44b6,0.98,47449,57292.0,0.8281959086783495,1.0,1.0,1.017180409132165,1.017180409132165,322
44b6_415c0a3a,44b6,0.99,44635,57292.0,0.7790791035397612,1.0,1.0,1.022092089646024,1.022092089646024,322
44b6_415c0a3a,44b6,0.995,41460,57292.0,0.7236612441527613,1.0,1.0,1.0276338755847239,1.0276338755847239,322
44b6_415c0a3a,44b6,0.998,36733,57292.0,0.6411540878307617,1.0,1.0,1.035884591216924,1.035884591216924,322
44b6_415c0a3a,44b6,0.999,32966,57292.0,0.5754031976541227,1.0,1.0,1.0424596802345878,1.0424596802345878,322
44b6_415c0a3a,44b6,0.9995,29337,57292.0,0.5120610207358793,1.0,1.0,1.048793897926412,1.048793897926412,322
44b6_415c0a3a,44b6,0.9999,20703,57292.0,0.36135935209104236,0.9939577039274925,0.9875776397515528,1.0638640647908957,1.0506483621226859,322
44b6_53f95252,44b6,0.965,42867,38715.0,1.1072452537776056,1.0,1.0,0.9892754746222394,0.9892754746222394,68
44b6_53f95252,44b6,0.98,41781,38715.0,1.0791941108097636,1.0,1.0,0.9920805889190236,0.9920805889190236,68
44b6_53f95252,44b6,0.99,40244,38715.0,1.0394937362779284,1.0,1.0,0.9960506263722072,0.9960506263722072,68
44b6_53f95252,44b6,0.995,38388,38715.0,0.9915536613715614,1.0,1.0,1.0008446338628438,1.0008446338628438,68
44b6_53f95252,44b6,0.998,35377,38715.0,0.9137801885574067,1.0,1.0,1.0086219811442594,1.0086219811442594,68
44b6_53f95252,44b6,0.999,32787,38715.0,0.8468810538550949,1.0,1.0,1.0153118946144906,1.0153118946144906,68
44b6_53f95252,44b6,0.9995,30239,38715.0,0.7810667699857936,0.9857142857142858,0.9705882352941176,1.0218933230014207,0.9918376370307906,68
44b6_53f95252,44b6,0.9999,23174,38715.0,0.5985793620043911,0.9571428571428572,0.9264705882352942,1.0401420637995609,0.963661029696652,68
44b6_551a5dba,44b6,0.965,49632,57627.0,0.861262949659014,1.0,1.0,1.0138737050340987,1.0138737050340987,224
44b6_551a5dba,44b6,0.98,46957,57627.0,0.8148437364429868,1.0,1.0,1.0185156263557014,1.0185156263557014,224
44b6_551a5dba,44b6,0.99,43632,57627.0,0.7571450882398876,1.0,1.0,1.0242854911760113,1.0242854911760113,224
44b6_551a5dba,44b6,0.995,40030,57627.0,0.6946396654346053,1.0,1.0,1.0305360334565394,1.0305360334565394,224
44b6_551a5dba,44b6,0.998,35135,57627.0,0.6096968434935013,1.0,1.0,1.03903031565065,1.03903031565065,224
44b6_551a5dba,44b6,0.999,31538,57627.0,0.547278185572735,0.9956140350877193,0.9910714285714286,1.0452721814427266,1.0359393941084165,224
44b6_551a5dba,44b6,0.9995,28216,57627.0,0.4896315963003453,0.9956140350877193,0.9910714285714286,1.0510368403699655,1.0416525828666623,224
44b6_551a5dba,44b6,0.9999,20140,57627.0,0.34948895483020115,0.9956140350877193,0.9910714285714286,1.06505110451698,1.0555417196552213,224
44b6_5740d24b,44b6,0.965,18766,19730.0,0.9511403953370502,1.0,1.0,1.004885960466295,1.004885960466295,170
44b6_5740d24b,44b6,0.98,18015,19730.0,0.9130765331981754,1.0,1.0,1.0086923466801825,1.0086923466801825,170
44b6_5740d24b,44b6,0.99,17086,19730.0,0.8659908768373036,1.0,1.0,1.0134009123162697,1.0134009123162697,170
44b6_5740d24b,44b6,0.995,16066,19730.0,0.8142929548910289,1.0,1.0,1.0185707045108972,1.0185707045108972,170
44b6_5740d24b,44b6,0.998,14519,19730.0,0.735884439939179,1.0,1.0,1.026411556006082,1.026411556006082,170
44b6_5740d24b,44b6,0.999,13371,19730.0,0.6776989356310188,1.0,1.0,1.0322301064368982,1.0322301064368982,170
44b6_5740d24b,44b6,0.9995,12292,19730.0,0.6230106436898125,1.0,1.0,1.0376989356310187,1.0376989356310187,170
44b6_5740d24b,44b6,0.9999,9710,19730.0,0.49214394323365435,1.0,1.0,1.0507856056766345,1.0507856056766345,170
44b6_587a1e22,44b6,0.965,20823,18137.0,1.1480950543088713,1.0,1.0,0.9851904945691129,0.9851904945691129,371
44b6_587a1e22,44b6,0.98,20659,18137.0,1.1390527650658875,1.0,1.0,0.9860947234934112,0.9860947234934112,371
44b6_587a1e22,44b6,0.99,20445,18137.0,1.1272536803219937,1.0,1.0,0.9872746319678006,0.9872746319678006,371
44b6_587a1e22,44b6,0.995,20158,18137.0,1.1114296741467717,1.0,1.0,0.9888570325853229,0.9888570325853229,371
44b6_587a1e22,44b6,0.998,19691,18137.0,1.0856812041682748,1.0,1.0,0.9914318795831725,0.9914318795831725,371
44b6_587a1e22,44b6,0.999,19292,18137.0,1.063681976071015,1.0,1.0,0.9936318023928985,0.9936318023928985,371
44b6_587a1e22,44b6,0.9995,18818,18137.0,1.0375475547223907,1.0,1.0,0.996245244527761,0.996245244527761,371
44b6_587a1e22,44b6,0.9999,17190,18137.0,0.9477862932127695,1.0,1.0,1.005221370678723,1.005221370678723,371
44b6_5f15d135,44b6,0.965,34425,29519.0,1.16619804193909,0.9856115107913669,0.9706959706959707,0.983380195806091,0.9545631937311873,273
44b6_5f15d135,44b6,0.98,32786,29519.0,1.110674480842847,0.9856115107913669,0.9706959706959707,0.9889325519157153,0.9599528434346687,273
44b6_5f15d135,44b6,0.99,30624,29519.0,1.0374335173955758,0.9856115107913669,0.9706959706959707,0.9962566482604425,0.9670623142454844,273
44b6_5f15d135,44b6,0.995,28247,29519.0,0.9569091093871743,0.9856115107913669,0.9706959706959707,1.0043090890612825,0.9748787860851277,273
44b6_5f15d135,44b6,0.998,24760,29519.0,0.838781801551543,0.9820143884892086,0.9633699633699634,1.0161218198448456,0.9789012403633495,273
44b6_5f15d135,44b6,0.999,21933,29519.0,0.7430129746942647,0.9820143884892086,0.9633699633699634,1.0256987025305735,0.9881273214854975,273
44b6_5f15d135,44b6,0.9995,19235,29519.0,0.6516142145736644,0.9748201438848921,0.9523809523809523,1.0348385785426335,0.9855605509929842,273
44b6_5f15d135,44b6,0.9999,12600,29519.0,0.42684372776855584,0.9496402877697842,0.9230769230769231,1.0573156272231443,0.9759836558982871,273
44b6_668e0cc7,44b6,0.965,40183,39701.0,1.0121407521221129,0.9968895800933126,0.9952456418383518,0.9987859247877887,0.9940373387745346,631
44b6_668e0cc7,44b6,0.98,39635,39701.0,0.9983375733608725,0.9968895800933126,0.9952456418383518,1.0001662426639129,0.9954110941250988,631
44b6_668e0cc7,44b6,0.99,38841,39701.0,0.9783380771265208,0.9968895800933126,0.9952456418383518,1.002166192287348,0.9974015352717187,631
44b6_668e0cc7,44b6,0.995,37777,39701.0,0.9515377446411929,0.9968895800933126,0.9952456418383518,1.0048462255358808,1.000068826682303,631
44b6_668e0cc7,44b6,0.998,35954,39701.0,0.9056195058058991,0.9968895800933126,0.9952456418383518,1.0094380494194102,1.0046388193904747,631
44b6_668e0cc7,44b6,0.999,34297,39701.0,0.863882521850835,0.995334370139969,0.9920760697305864,1.0136117478149165,1.0055799590049725,631
44b6_668e0cc7,44b6,0.9995,32497,39701.0,0.8185436135109947,0.995334370139969,0.9920760697305864,1.0181456386489005,1.010077923604139,631
44b6_668e0cc7,44b6,0.9999,27037,39701.0,0.6810155915468125,0.9642301710730948,0.9461172741679873,1.0318984408453187,0.976296940070769,631
44b6_66f9292d,44b6,0.965,36979,52710.0,0.7015556820337697,0.995,0.98989898989899,1.029844431796623,1.0194419627885765,198
44b6_66f9292d,44b6,0.98,34326,52710.0,0.6512236767216847,0.995,0.98989898989899,1.0348776323278315,1.0244243229103787,198
44b6_66f9292d,44b6,0.99,30944,52710.0,0.5870612786947448,0.995,0.98989898989899,1.0412938721305256,1.0307757522100154,198
44b6_66f9292d,44b6,0.995,27448,52710.0,0.5207361032062228,0.995,0.98989898989899,1.0479263896793778,1.0373412746321113,198
44b6_66f9292d,44b6,0.998,22736,52710.0,0.4313413014608234,0.995,0.98989898989899,1.0568658698539177,1.0461904570271106,198
44b6_66f9292d,44b6,0.999,19425,52710.0,0.36852589641434264,0.995,0.98989898989899,1.0631474103585656,1.052408547627671,198
44b6_66f9292d,44b6,0.9995,16555,52710.0,0.3140770252324037,0.995,0.98989898989899,1.0685922974767597,1.0577984358860855,198
44b6_66f9292d,44b6,0.9999,10747,52710.0,0.2038892050844242,0.995,0.98989898989899,1.0796110794915577,1.068705917072451,198
44b6_706092f0,44b6,0.965,45855,69898.0,0.6560273541446107,0.9830508474576272,0.9743589743589743,1.034397264585539,1.0078742578012945,117
44b6_706092f0,44b6,0.98,42062,69898.0,0.6017625683138287,0.9830508474576272,0.9743589743589743,1.039823743168617,1.0131615959078832,117
44b6_706092f0,44b6,0.99,37413,69898.0,0.5352513662765744,0.9830508474576272,0.9743589743589743,1.0464748633723426,1.0196421745679236,117
44b6_706092f0,44b6,0.995,32512,69898.0,0.46513491087012504,0.9830508474576272,0.9743589743589743,1.0534865089129875,1.026474034325475,117
44b6_706092f0,44b6,0.998,25922,69898.0,0.37085467395347504,0.9830508474576272,0.9743589743589743,1.0629145326046525,1.0356603138199179,117
44b6_706092f0,44b6,0.999,21375,69898.0,0.30580274113708544,0.9830508474576272,0.9743589743589743,1.0694197258862914,1.0419987072738224,117
44b6_706092f0,44b6,0.9995,17557,69898.0,0.25118029128158176,0.9830508474576272,0.9743589743589743,1.0748819708718418,1.0473208946956407,117
44b6_706092f0,44b6,0.9999,10217,69898.0,0.14617013362327963,0.9830508474576272,0.9743589743589743,1.085382986637672,1.0575526536469626,117
44b6_71a4179f,44b6,0.965,47498,67688.0,0.7017196548871292,1.0,1.0,1.0298280345112871,1.0298280345112871,119
44b6_71a4179f,44b6,0.98,44199,67688.0,0.6529813260843872,1.0,1.0,1.0347018673915613,1.0347018673915613,119
44b6_71a4179f,44b6,0.99,39943,67688.0,0.5901045975652996,1.0,1.0,1.0409895402434701,1.0409895402434701,119
44b6_71a4179f,44b6,0.995,35460,67688.0,0.5238742465429618,1.0,1.0,1.0476125753457037,1.0476125753457037,119
44b6_71a4179f,44b6,0.998,29125,67688.0,0.4302830634676752,1.0,1.0,1.0569716936532325,1.0569716936532325,119
44b6_71a4179f,44b6,0.999,24358,67688.0,0.35985699089942086,1.0,1.0,1.064014300910058,1.064014300910058,119
44b6_71a4179f,44b6,0.9995,20189,67688.0,0.2982655714454556,1.0,1.0,1.0701734428554543,1.0701734428554543,119
44b6_71a4179f,44b6,0.9999,12092,67688.0,0.17864318638458812,1.0,1.0,1.0821356813615413,1.0821356813615413,119
44b6_74d0c52e,44b6,0.965,13173,15090.0,0.8729622266401591,1.0,1.0,1.0127037773359842,1.0127037773359842,139
44b6_74d0c52e,44b6,0.98,12518,15090.0,0.8295559973492379,1.0,1.0,1.0170444002650763,1.0170444002650763,139
44b6_74d0c52e,44b6,0.99,11695,15090.0,0.7750165672630881,1.0,1.0,1.0224983432736912,1.0224983432736912,139
44b6_74d0c52e,44b6,0.995,10763,15090.0,0.7132538104705103,1.0,1.0,1.028674618952949,1.028674618952949,139
44b6_74d0c52e,44b6,0.998,9495,15090.0,0.6292246520874751,1.0,1.0,1.0370775347912524,1.0370775347912524,139
44b6_74d0c52e,44b6,0.999,8528,15090.0,0.5651424784625579,1.0,1.0,1.0434857521537442,1.0434857521537442,139
44b6_74d0c52e,44b6,0.9995,7733,15090.0,0.5124585818422797,1.0,1.0,1.048754141815772,1.048754141815772,139
44b6_74d0c52e,44b6,0.9999,5765,15090.0,0.3820410868124586,0.9714285714285714,0.9568345323741008,1.0617958913187542,1.0159629751467216,139
44b6_7a302da0,44b6,0.965,68666,66858.0,1.0270423883454485,0.998062015503876,0.9960552268244576,0.9972957611654552,0.9933616555987275,507
44b6_7a302da0,44b6,0.98,65651,66858.0,0.9819468126477011,0.998062015503876,0.9960552268244576,1.0018053187352298,0.9978534239867674,507
44b6_7a302da0,44b6,0.99,61430,66858.0,0.9188130066708546,0.998062015503876,0.9960552268244576,1.0081186993329145,1.0041418997300233,507
44b6_7a302da0,44b6,0.995,56735,66858.0,0.848589547997248,0.998062015503876,0.9960552268244576,1.0151410452002751,1.011136544035777,507
44b6_7a302da0,44b6,0.998,49847,66858.0,0.7455652277962248,0.998062015503876,0.9960552268244576,1.0254434772203775,1.0213983352984037,507
44b6_7a302da0,44b6,0.999,44619,66858.0,0.6673696491070628,0.998062015503876,0.9960552268244576,1.0332630350892937,1.029187046785194,507
44b6_7a302da0,44b6,0.9995,39780,66858.0,0.5949923718926681,0.998062015503876,0.9960552268244576,1.0405007628107332,1.036396223312466,507
44b6_7a302da0,44b6,0.9999,28157,66858.0,0.42114631009004155,0.9670542635658915,0.9467455621301775,1.057885368990996,1.0015482783346707,507
44b6_7e557709,44b6,0.965,54239,56060.0,0.9675169461291473,1.0,1.0,1.0032483053870853,1.0032483053870853,560
44b6_7e557709,44b6,0.98,53474,56060.0,0.9538708526578665,1.0,1.0,1.0046129147342133,1.0046129147342133,560
44b6_7e557709,44b6,0.99,52308,56060.0,0.9330717088833392,1.0,1.0,1.0066928291116661,1.0066928291116661,560
44b6_7e557709,44b6,0.995,50724,56060.0,0.9048162682839814,1.0,1.0,1.0095183731716018,1.0095183731716018,560
44b6_7e557709,44b6,0.998,47869,56060.0,0.853888690688548,1.0,1.0,1.0146111309311452,1.0146111309311452,560
44b6_7e557709,44b6,0.999,45193,56060.0,0.8061541205850874,1.0,1.0,1.0193845879414913,1.0193845879414913,560
44b6_7e557709,44b6,0.9995,42252,56060.0,0.7536924723510524,1.0,1.0,1.0246307527648948,1.0246307527648948,560
44b6_7e557709,44b6,0.9999,33908,56060.0,0.6048519443453443,0.9631578947368421,0.9446428571428571,1.0395148055654655,0.9819702359716629,560
44b6_808952d6,44b6,0.965,19946,15742.0,1.267056282556219,1.0,1.0,0.973294371744378,0.973294371744378,179
44b6_808952d6,44b6,0.98,19546,15742.0,1.241646550628891,1.0,1.0,0.9758353449371109,0.9758353449371109,179
44b6_808952d6,44b6,0.99,18995,15742.0,1.2066446448989963,1.0,1.0,0.9793355355101003,0.9793355355101003,179
44b6_808952d6,44b6,0.995,18421,15742.0,1.1701816795832805,1.0,1.0,0.982981832041672,0.982981832041672,179
44b6_808952d6,44b6,0.998,17451,15742.0,1.1085630796595096,1.0,1.0,0.9891436920340491,0.9891436920340491,179
44b6_808952d6,44b6,0.999,16559,15742.0,1.0518993774615677,1.0,1.0,0.9948100622538433,0.9948100622538433,179
44b6_808952d6,44b6,0.9995,15578,15742.0,0.9895820099097955,1.0,1.0,1.0010417990090203,1.0010417990090203,179
44b6_808952d6,44b6,0.9999,12438,15742.0,0.7901156142802693,0.994475138121547,0.994413407821229,1.020988438571973,1.015284592546431,179
44b6_81c256f0,44b6,0.965,13713,10052.0,1.3642061281337048,1.0,1.0,0.9635793871866295,0.9635793871866295,197
44b6_81c256f0,44b6,0.98,13456,10052.0,1.3386390768006367,1.0,1.0,0.9661360923199364,0.9661360923199364,197
44b6_81c256f0,44b6,0.99,13138,10052.0,1.3070035813768404,1.0,1.0,0.969299641862316,0.969299641862316,197
44b6_81c256f0,44b6,0.995,12770,10052.0,1.2703939514524474,1.0,1.0,0.9729606048547552,0.9729606048547552,197
44b6_81c256f0,44b6,0.998,12251,10052.0,1.2187624353362514,1.0,1.0,0.9781237564663748,0.9781237564663748,197
44b6_81c256f0,44b6,0.999,11779,10052.0,1.171806605650617,1.0,1.0,0.9828193394349383,0.9828193394349383,197
44b6_81c256f0,44b6,0.9995,11314,10052.0,1.1255471547950657,1.0,1.0,0.9874452845204934,0.9874452845204934,197
44b6_81c256f0,44b6,0.9999,9813,10052.0,0.9762236370871469,1.0,1.0,1.0023776362912853,1.0023776362912853,197
44b6_87bba6c4,44b6,0.965,37753,28102.0,1.343427514055939,1.0,1.0,0.965657248594406,0.965657248594406,149
44b6_87bba6c4,44b6,0.98,37193,28102.0,1.3235001067539678,1.0,1.0,0.9676499893246032,0.9676499893246032,149
44b6_87bba6c4,44b6,0.99,36441,28102.0,1.2967404455198919,1.0,1.0,0.9703259554480108,0.9703259554480108,149
44b6_87bba6c4,44b6,0.995,35449,28102.0,1.2614404668706853,1.0,1.0,0.9738559533129315,0.9738559533129315,149
44b6_87bba6c4,44b6,0.998,33694,28102.0,1.1989893957725428,1.0,1.0,0.9801010604227457,0.9801010604227457,149
44b6_87bba6c4,44b6,0.999,31974,28102.0,1.1377837876307737,1.0,1.0,0.9862216212369226,0.9862216212369226,149
44b6_87bba6c4,44b6,0.9995,30040,28102.0,1.0689630631271796,1.0,1.0,0.993103693687282,0.993103693687282,149
44b6_87bba6c4,44b6,0.9999,22971,28102.0,0.8174151305956872,0.9803921568627451,0.959731543624161,1.0182584869404312,0.9772547894797426,149
44b6_8cc6506c,44b6,0.965,25958,32172.0,0.8068506776078578,0.9975,0.9949494949494949,1.0193149322392143,1.014166877025885,396
44b6_8cc6506c,44b6,0.98,24723,32172.0,0.7684632599776203,0.9975,0.9949494949494949,1.023153674002238,1.017986231204247,396
44b6_8cc6506c,44b6,0.99,23257,32172.0,0.7228956856894194,0.9975,0.9949494949494949,1.0277104314310581,1.022519974706659,396
44b6_8cc6506c,44b6,0.995,21732,32172.0,0.6754942185751586,0.9975,0.9949494949494949,1.0324505781424842,1.0272361812831787,396
44b6_8cc6506c,44b6,0.998,19538,32172.0,0.6072982717891334,0.9975,0.9949494949494949,1.0392701728210867,1.0340213335644144,396
44b6_8cc6506c,44b6,0.999,17907,32172.0,0.5566020141738157,0.9975,0.9949494949494949,1.0443397985826184,1.0390653551554334,396
44b6_8cc6506c,44b6,0.9995,16287,32172.0,0.5062476687803058,0.9975,0.9949494949494949,1.0493752331219695,1.044075358207212,396
44b6_8cc6506c,44b6,0.9999,12385,32172.0,0.3849620788263086,0.9975,0.9949494949494949,1.0615037921173691,1.05614266185415,396
44b6_8f5ab931,44b6,0.965,34449,27571.0,1.249465017590947,0.9902597402597403,0.9801324503311258,0.9750534982409053,0.9556815744347946,604
44b6_8f5ab931,44b6,0.98,33784,27571.0,1.2253454716912697,0.9902597402597403,0.9801324503311258,0.977465452830873,0.9580456093971471,604
44b6_8f5ab931,44b6,0.99,32825,27571.0,1.1905625476043669,0.9902597402597403,0.9801324503311258,0.9809437452395633,0.9614547966586449,604
44b6_8f5ab931,44b6,0.995,31715,27571.0,1.1503028544485148,0.9902597402597403,0.9801324503311258,0.9849697145551485,0.9654007798288873,604
44b6_8f5ab931,44b6,0.998,29903,27571.0,1.0845816256211236,0.9902597402597403,0.9801324503311258,0.9915418374378876,0.9718423307338236,604
44b6_8f5ab931,44b6,0.999,28314,27571.0,1.0269486054187371,0.987012987012987,0.9735099337748344,0.9973051394581263,0.9708864602671825,604
44b6_8f5ab931,44b6,0.9995,26555,27571.0,0.9631496862645533,0.9821428571428571,0.9685430463576159,1.0036850313735446,0.9721121578700722,604
44b6_8f5ab931,44b6,0.9999,21175,27571.0,0.7680171194370897,0.948051948051948,0.9188741721854304,1.023198288056291,0.9401904799192741,604
44b6_8f9ecab4,44b6,0.965,55257,74833.0,0.7384041799740756,0.9973262032085561,0.9945945945945946,1.0261595820025924,1.0206127734512271,370
44b6_8f9ecab4,44b6,0.98,51831,74833.0,0.6926222388518435,0.9973262032085561,0.9945945945945946,1.0307377761148158,1.0251662205682492,370
44b6_8f9ecab4,44b6,0.99,47375,74833.0,0.6330763165982922,0.9973262032085561,0.9945945945945946,1.0366923683401708,1.0310886258086023,370
44b6_8f9ecab4,44b6,0.995,42621,74833.0,0.5695481939785924,0.9973262032085561,0.9945945945945946,1.0430451806021408,1.037407098544832,370
44b6_8f9ecab4,44b6,0.998,36179,74833.0,0.4834631780097016,0.9973262032085561,0.9945945945945946,1.0516536821990299,1.0459690677006568,370
44b6_8f9ecab4,44b6,0.999,31320,74833.0,0.4185319310999158,0.9973262032085561,0.9945945945945946,1.0581468068900084,1.0524270944203327,370
44b6_8f9ecab4,44b6,0.9995,27213,74833.0,0.36364972672484064,0.9973262032085561,0.9945945945945946,1.063635027327516,1.0578856488014212,370
44b6_8f9ecab4,44b6,0.9999,18357,74833.0,0.24530621517245066,0.9946524064171123,0.9891891891891892,1.075469378482755,1.0638426824991576,370
44b6_90724892,44b6,0.965,28409,25532.0,1.1126821243929186,1.0,1.0,0.9887317875607081,0.9887317875607081,103
44b6_90724892,44b6,0.98,27972,25532.0,1.095566348112173,1.0,1.0,0.9904433651887827,0.9904433651887827,103
44b6_90724892,44b6,0.99,27357,25532.0,1.071478928403572,1.0,1.0,0.9928521071596428,0.9928521071596428,103
44b6_90724892,44b6,0.995,26617,25532.0,1.0424956916810277,1.0,1.0,0.9957504308318972,0.9957504308318972,103
44b6_90724892,44b6,0.998,25381,25532.0,0.9940858530471565,1.0,1.0,1.0005914146952843,1.0005914146952843,103
44b6_90724892,44b6,0.999,24330,25532.0,0.9529218235939213,1.0,1.0,1.004707817640608,1.004707817640608,103
44b6_90724892,44b6,0.9995,23164,25532.0,0.9072536424878583,1.0,1.0,1.0092746357512141,1.0092746357512141,103
44b6_90724892,44b6,0.9999,19717,25532.0,0.7722465925113583,1.0,1.0,1.0227753407488642,1.0227753407488642,103
44b6_949adeb1,44b6,0.965,48681,37179.0,1.3093681917211328,0.9948453608247423,0.9894179894179894,0.9690631808278867,0.9588085439937292,378
44b6_949adeb1,44b6,0.98,47723,37179.0,1.2836009575297884,0.9948453608247423,0.9894179894179894,0.9716399042470212,0.9613580004983755,378
44b6_949adeb1,44b6,0.99,46444,37179.0,1.2491998171010517,0.9948453608247423,0.9894179894179894,0.9750800182898949,0.9647617112180441,378
44b6_949adeb1,44b6,0.995,44895,37179.0,1.2075365125474058,0.9948453608247423,0.9894179894179894,0.9792463487452594,0.9688839535204419,378
44b6_949adeb1,44b6,0.998,42322,37179.0,1.1383307781274374,0.9948453608247423,0.9894179894179894,0.9861669221872562,0.9757312933810418,378
44b6_949adeb1,44b6,0.999,39978,37179.0,1.0752844347615589,0.9948453608247423,0.9894179894179894,0.9924715565238441,0.9819692120103642,378
44b6_949adeb1,44b6,0.9995,37421,37179.0,1.006509050808252,0.9948453608247423,0.9894179894179894,0.9993490949191748,0.9887739722216173,378
44b6_949adeb1,44b6,0.9999,29732,37179.0,0.7996987546733371,0.9690721649484536,0.9444444444444444,1.0200301245326664,0.9633617842808516,378
44b6_95029e92,44b6,0.965,6230,5161.0,1.207130401085061,1.0,1.0,0.979286959891494,0.979286959891494,198
44b6_95029e92,44b6,0.98,5950,5161.0,1.152877349350901,1.0,1.0,0.9847122650649099,0.9847122650649099,198
44b6_95029e92,44b6,0.99,5616,5161.0,1.0881612090680102,1.0,1.0,0.9911838790931989,0.9911838790931989,198
44b6_95029e92,44b6,0.995,5384,5161.0,1.0432086804882774,1.0,1.0,0.9956791319511723,0.9956791319511723,198
44b6_95029e92,44b6,0.998,5096,5161.0,0.9874055415617129,1.0,1.0,1.0012594458438286,1.0012594458438286,198
44b6_95029e92,44b6,0.999,4875,5161.0,0.9445843828715366,1.0,1.0,1.0055415617128463,1.0055415617128463,198
44b6_95029e92,44b6,0.9995,4706,5161.0,0.9118387909319899,1.0,1.0,1.008816120906801,1.008816120906801,198
44b6_95029e92,44b6,0.9999,4371,5161.0,0.8469288897500484,1.0,1.0,1.0153071110249952,1.0153071110249952,198
44b6_97725144,44b6,0.965,46276,35774.0,1.2935651590540616,0.9955555555555555,0.9909502262443439,0.9706434840945939,0.961859380166136,221
44b6_97725144,44b6,0.98,45099,35774.0,1.2606641695085816,0.9955555555555555,0.9909502262443439,0.9739335830491418,0.9651197044695116,221
44b6_97725144,44b6,0.99,43410,35774.0,1.213451109744507,0.9955555555555555,0.9909502262443439,0.9786548890255493,0.9697982836950014,221
44b6_97725144,44b6,0.995,41399,35774.0,1.1572370995695198,0.9911111111111112,0.9819004524886877,0.9842762900430481,0.9664613345671558,221
44b6_97725144,44b6,0.998,38120,35774.0,1.0655783529937943,0.9866666666666667,0.9728506787330317,0.9934421647006205,0.9664708842110109,221
44b6_97725144,44b6,0.999,35242,35774.0,0.9851288645384917,0.9866666666666667,0.9728506787330317,1.001487113546151,0.9742974181557577,221
44b6_97725144,44b6,0.9995,32377,35774.0,0.9050427684910829,0.9777777777777777,0.9638009049773756,1.0094957231508916,0.9729528915436195,221
44b6_97725144,44b6,0.9999,24270,35774.0,0.6784256722759546,0.9244444444444444,0.8823529411764706,1.0321574327724046,0.9107271465638863,221
44b6_996155de,44b6,0.965,12236,7573.0,1.615740129407104,0.9973684210526316,0.9946949602122016,0.9384259870592896,0.9334475998600361,377
44b6_996155de,44b6,0.98,11973,7573.0,1.5810114881816981,0.9973684210526316,0.9946949602122016,0.9418988511818301,0.9369020403002289,377
44b6_996155de,44b6,0.99,11543,7573.0,1.5242308200184866,0.9973684210526316,0.9946949602122016,0.9475769179981514,0.9425499847461718,377
44b6_996155de,44b6,0.995,11065,7573.0,1.461111844711475,0.9973684210526316,0.9946949602122016,0.9538888155288525,0.9488283974093361,377
44b6_996155de,44b6,0.998,10227,7573.0,1.3504555658259607,0.9973684210526316,0.9946949602122016,0.9649544434174039,0.9598353217016617,377
44b6_996155de,44b6,0.999,9425,7573.0,1.2445530172982966,0.9973684210526316,0.9946949602122016,0.9755446982701703,0.9703693948310713,377
44b6_996155de,44b6,0.9995,8674,7573.0,1.1453849201109203,0.9973684210526316,0.9946949602122016,0.985461507988908,0.980233595479683,377
44b6_996155de,44b6,0.9999,6745,7573.0,0.890664201769444,0.9947368421052631,0.9893899204244032,1.0109335798230557,1.0002074940954901,377
44b6_9be80b04,44b6,0.965,40105,57877.0,0.6929350173644108,1.0,1.0,1.030706498263559,1.030706498263559,220
44b6_9be80b04,44b6,0.98,37335,57877.0,0.6450749002194308,1.0,1.0,1.035492509978057,1.035492509978057,220
44b6_9be80b04,44b6,0.99,33669,57877.0,0.5817336765900099,1.0,1.0,1.041826632340999,1.041826632340999,220
44b6_9be80b04,44b6,0.995,29906,57877.0,0.5167164849594831,1.0,1.0,1.0483283515040518,1.0483283515040518,220
44b6_9be80b04,44b6,0.998,24896,57877.0,0.4301536016034003,1.0,1.0,1.05698463983966,1.05698463983966,220
44b6_9be80b04,44b6,0.999,21251,57877.0,0.3671752164072084,1.0,1.0,1.0632824783592791,1.0632824783592791,220
44b6_9be80b04,44b6,0.9995,18077,57877.0,0.31233477892772604,1.0,1.0,1.0687665221072273,1.0687665221072273,220
44b6_9be80b04,44b6,0.9999,11259,57877.0,0.1945332342726817,0.9954954954954955,0.990909090909091,1.0805466765727318,1.0707235249675253,220
44b6_9bfa6a0a,44b6,0.965,53886,64308.0,0.8379361821235305,1.0,1.0,1.016206381787647,1.016206381787647,259
44b6_9bfa6a0a,44b6,0.98,51192,64308.0,0.7960440380668035,1.0,1.0,1.0203955961933195,1.0203955961933195,259
44b6_9bfa6a0a,44b6,0.99,47439,64308.0,0.7376842694532562,1.0,1.0,1.0262315730546743,1.0262315730546743,259
44b6_9bfa6a0a,44b6,0.995,43023,64308.0,0.6690147415562605,1.0,1.0,1.033098525844374,1.033098525844374,259
44b6_9bfa6a0a,44b6,0.998,36253,64308.0,0.5637401256453318,1.0,1.0,1.0436259874354668,1.0436259874354668,259
44b6_9bfa6a0a,44b6,0.999,31060,64308.0,0.4829881196740686,1.0,1.0,1.051701188032593,1.051701188032593,259
44b6_9bfa6a0a,44b6,0.9995,26474,64308.0,0.4116750637556758,1.0,1.0,1.0588324936244324,1.0588324936244324,259
44b6_9bfa6a0a,44b6,0.9999,16773,64308.0,0.26082291472289604,0.9962121212121212,0.9961389961389961,1.0739177085277103,1.0697713081086844,259
44b6_a21120c2,44b6,0.965,24498,23040.0,1.06328125,0.9966216216216216,0.993006993006993,0.993671875,0.9867231206293706,286
44b6_a21120c2,44b6,0.98,24155,23040.0,1.0483940972222223,0.9966216216216216,0.993006993006993,0.9951605902777778,0.9882014253108004,286
44b6_a21120c2,44b6,0.99,23779,23040.0,1.0320746527777778,0.9966216216216216,0.993006993006993,0.9967925347222222,0.9898219575563325,286
44b6_a21120c2,44b6,0.995,23376,23040.0,1.0145833333333334,0.9966216216216216,0.993006993006993,0.9985416666666667,0.9915588578088578,286
44b6_a21120c2,44b6,0.998,22756,23040.0,0.9876736111111111,0.9966216216216216,0.993006993006993,1.0012326388888888,0.9942310120435119,286
44b6_a21120c2,44b6,0.999,22208,23040.0,0.9638888888888889,0.9966216216216216,0.993006993006993,1.003611111111111,0.9965928515928515,286
44b6_a21120c2,44b6,0.9995,21640,23040.0,0.9392361111111112,0.9966216216216216,0.993006993006993,1.0060763888888888,0.9990408896658897,286
44b6_a21120c2,44b6,0.9999,19740,23040.0,0.8567708333333334,0.9831081081081081,0.972027972027972,1.0143229166666667,0.9859502476689976,286
44b6_a2bb48bb,44b6,0.965,74793,60613.0,1.233943213502054,1.0,1.0,0.9766056786497946,0.9766056786497946,410
44b6_a2bb48bb,44b6,0.98,71838,60613.0,1.1851912955966541,0.9975961538461539,0.9951219512195122,0.9814808704403346,0.976693158877211,410
44b6_a2bb48bb,44b6,0.99,67754,60613.0,1.1178130104103081,0.9975961538461539,0.9951219512195122,0.9882186989589692,0.9833981199396571,410
44b6_a2bb48bb,44b6,0.995,63235,60613.0,1.043258046953624,0.9975961538461539,0.9951219512195122,0.9956741953046376,0.9908172480104687,410
44b6_a2bb48bb,44b6,0.998,56390,60613.0,0.9303284773893389,0.9975961538461539,0.9951219512195122,1.0069671522610661,1.0020551173719878,410
44b6_a2bb48bb,44b6,0.999,50855,60613.0,0.8390114331908997,0.9975961538461539,0.9951219512195122,1.01609885668091,1.0111422768922225,410
44b6_a2bb48bb,44b6,0.9995,45476,60613.0,0.7502680943032023,0.9975961538461539,0.9951219512195122,1.0249731905696797,1.0199733213473885,410
44b6_a2bb48bb,44b6,0.9999,31489,60613.0,0.5195090162176431,0.9855769230769231,0.973170731707317,1.0480490983782358,1.0199307079339417,410
44b6_aaf8b0ea,44b6,0.965,22160,22099.0,1.0027603058961945,1.0,1.0,0.9997239694103806,0.9997239694103806,206
44b6_aaf8b0ea,44b6,0.98,21187,22099.0,0.9587311643060772,1.0,1.0,1.0041268835693922,1.0041268835693922,206
44b6_aaf8b0ea,44b6,0.99,19854,22099.0,0.8984116928367799,1.0,1.0,1.010158830716322,1.010158830716322,206
44b6_aaf8b0ea,44b6,0.995,18189,22099.0,0.8230689171455722,1.0,1.0,1.0176931082854428,1.0176931082854428,206
44b6_aaf8b0ea,44b6,0.998,15758,22099.0,0.7130639395447758,1.0,1.0,1.0286936060455225,1.0286936060455225,206
44b6_aaf8b0ea,44b6,0.999,13788,22099.0,0.623919634372596,1.0,1.0,1.0376080365627405,1.0376080365627405,206
44b6_aaf8b0ea,44b6,0.9995,11845,22099.0,0.5359971039413548,0.9904306220095693,0.9805825242718447,1.0464002896058646,1.026081837380508,206
44b6_aaf8b0ea,44b6,0.9999,7680,22099.0,0.3475270374225078,0.9234449760765551,0.8932038834951457,1.0652472962577493,0.9514830219001256,206
44b6_abf82518,44b6,0.965,33344,27604.0,1.2079408781336038,1.0,1.0,0.9792059121866397,0.9792059121866397,94
44b6_abf82518,44b6,0.98,32913,27604.0,1.192327198956673,1.0,1.0,0.9807672801043327,0.9807672801043327,94
44b6_abf82518,44b6,0.99,32307,27604.0,1.1703738588610346,1.0,1.0,0.9829626141138965,0.9829626141138965,94
44b6_abf82518,44b6,0.995,31484,27604.0,1.140559339226199,1.0,1.0,0.98594406607738,0.98594406607738,94
44b6_abf82518,44b6,0.998,29877,27604.0,1.0823431386755542,1.0,1.0,0.9917656861324445,0.9917656861324445,94
44b6_abf82518,44b6,0.999,28332,27604.0,1.026372989421823,1.0,1.0,0.9973627010578177,0.9973627010578177,94
44b6_abf82518,44b6,0.9995,26447,27604.0,0.9580857846688886,1.0,1.0,1.0041914215331111,1.0041914215331111,94
44b6_abf82518,44b6,0.9999,19885,27604.0,0.7203666135342705,0.9375,0.9148936170212766,1.027963338646573,0.9404770970596306,94
44b6_b2c44266,44b6,0.965,54588,59729.0,0.9139279077165197,1.0,1.0,1.008607209228348,1.008607209228348,168
44b6_b2c44266,44b6,0.98,52322,59729.0,0.875989887659261,1.0,1.0,1.012401011234074,1.012401011234074,168
44b6_b2c44266,44b6,0.99,49022,59729.0,0.8207403438865543,1.0,1.0,1.0179259656113446,1.0179259656113446,168
44b6_b2c44266,44b6,0.995,45263,59729.0,0.7578060908436438,1.0,1.0,1.0242193909156356,1.0242193909156356,168
44b6_b2c44266,44b6,0.998,39605,59729.0,0.6630782367024394,1.0,1.0,1.033692176329756,1.033692176329756,168
44b6_b2c44266,44b6,0.999,35167,59729.0,0.5887759714711447,1.0,1.0,1.0411224028528856,1.0411224028528856,168
44b6_b2c44266,44b6,0.9995,30864,59729.0,0.5167339148487334,1.0,1.0,1.0483266085151266,1.0483266085151266,168
44b6_b2c44266,44b6,0.9999,20894,59729.0,0.3498133235111922,0.9941176470588236,0.9880952380952381,1.0650186676488809,1.0523398739863943,168
44b6_c15fded2,44b6,0.965,22734,20585.0,1.1043964051493806,1.0,1.0,0.9895603594850619,0.9895603594850619,102
44b6_c15fded2,44b6,0.98,22513,20585.0,1.0936604323536556,1.0,1.0,0.9906339567646344,0.9906339567646344,102
44b6_c15fded2,44b6,0.99,22223,20585.0,1.0795725042506679,1.0,1.0,0.9920427495749332,0.9920427495749332,102
44b6_c15fded2,44b6,0.995,21843,20585.0,1.0611124605295117,1.0,1.0,0.9938887539470488,0.9938887539470488,102
44b6_c15fded2,44b6,0.998,21169,20585.0,1.0283701724556715,1.0,1.0,0.9971629827544328,0.9971629827544328,102
44b6_c15fded2,44b6,0.999,20554,20585.0,0.9984940490648531,1.0,1.0,1.0001505950935148,1.0001505950935148,102
44b6_c15fded2,44b6,0.9995,19855,20585.0,0.9645372844304105,1.0,1.0,1.003546271556959,1.003546271556959,102
44b6_c15fded2,44b6,0.9999,17718,20585.0,0.860723828030119,1.0,1.0,1.0139276171969882,1.0139276171969882,102
44b6_c50204e0,44b6,0.965,57626,47078.0,1.224053698118017,0.993993993993994,0.9876923076923076,0.9775946301881984,0.9655626962781897,325
44b6_c50204e0,44b6,0.98,55740,47078.0,1.1839925230468584,0.993993993993994,0.9876923076923076,0.9816007476953141,0.9695195077236795,325
44b6_c50204e0,44b6,0.99,53011,47078.0,1.1260248948553464,0.993993993993994,0.9876923076923076,0.9873975105144653,0.9752449257696719,325
44b6_c50204e0,44b6,0.995,49869,47078.0,1.059284591528952,0.993993993993994,0.9876923076923076,0.9940715408471048,0.981836814190525,325
44b6_c50204e0,44b6,0.998,45131,47078.0,0.9586431029355538,0.993993993993994,0.9876923076923076,1.0041356897064446,0.9917770966023652,325
44b6_c50204e0,44b6,0.999,41107,47078.0,0.8731679340668678,0.9819819819819819,0.9661538461538461,1.0126832065933131,0.9784077749855394,325
44b6_c50204e0,44b6,0.9995,37096,47078.0,0.7879689026721611,0.978978978978979,0.96,1.0212031097327838,0.9803549853434724,325
44b6_c50204e0,44b6,0.9999,26391,47078.0,0.5605803135222397,0.9279279279279279,0.8861538461538462,1.043941968647776,0.9250931906786446,325
44b6_c771cb04,44b6,0.965,48662,53345.0,0.9122129534164402,0.986784140969163,0.9730941704035875,1.008778704658356,0.9816366767303286,223
44b6_c771cb04,44b6,0.98,45812,53345.0,0.8587871403130565,0.986784140969163,0.9730941704035875,1.0141212859686943,0.9868355114583259,223
44b6_c771cb04,44b6,0.99,41939,53345.0,0.7861842721904584,0.986784140969163,0.9730941704035875,1.021381572780954,0.993900454230794,223
44b6_c771cb04,44b6,0.995,37851,53345.0,0.7095510357109382,0.986784140969163,0.9730941704035875,1.0290448964289063,1.001357589798532,223
44b6_c771cb04,44b6,0.998,32022,53345.0,0.6002811884900178,0.9823788546255506,0.968609865470852,1.0399718811509981,1.0073270238951373,223
44b6_c771cb04,44b6,0.999,27642,53345.0,0.5181741494048177,0.9779735682819384,0.9641255605381166,1.0481825850595183,1.0105796223668002,223
44b6_c771cb04,44b6,0.9995,23629,53345.0,0.44294685537538664,0.973568281938326,0.9551569506726457,1.0557053144624613,1.0083642689708712,223
44b6_c771cb04,44b6,0.9999,14638,53345.0,0.27440247445871213,0.933920704845815,0.8968609865470852,1.0725597525541288,0.9619369978063936,223
44b6_c8e2a523,44b6,0.965,32540,33144.0,0.981776490465846,1.0,1.0,1.0018223509534154,1.0018223509534154,164
44b6_c8e2a523,44b6,0.98,32172,33144.0,0.9706734250543084,1.0,1.0,1.0029326574945692,1.0029326574945692,164
44b6_c8e2a523,44b6,0.99,31616,33144.0,0.9538981414433985,1.0,1.0,1.0046101858556602,1.0046101858556602,164
44b6_c8e2a523,44b6,0.995,30976,33144.0,0.9345884624668115,1.0,1.0,1.0065411537533189,1.0065411537533189,164
44b6_c8e2a523,44b6,0.998,29770,33144.0,0.8982017861453053,1.0,1.0,1.0101798213854694,1.0101798213854694,164
44b6_c8e2a523,44b6,0.999,28673,33144.0,0.8651037895244992,1.0,1.0,1.0134896210475501,1.0134896210475501,164
44b6_c8e2a523,44b6,0.9995,27502,33144.0,0.8297731112720251,1.0,1.0,1.0170226888727976,1.0170226888727976,164
44b6_c8e2a523,44b6,0.9999,23770,33144.0,0.7171735457398021,1.0,1.0,1.0282826454260199,1.0282826454260199,164
44b6_c96cfa10,44b6,0.965,49054,46236.0,1.06094817890821,0.9984101748807631,0.9983766233766234,0.993905182109179,0.9922916996706901,616
44b6_c96cfa10,44b6,0.98,47947,46236.0,1.0370057963491652,0.9984101748807631,0.9983766233766234,0.9962994203650835,0.9946820511761791,616
44b6_c96cfa10,44b6,0.99,46359,46236.0,1.0026602647287828,0.9984101748807631,0.9983766233766234,0.9997339735271217,0.9981110287649023,616
44b6_c96cfa10,44b6,0.995,44343,46236.0,0.9590578769789774,0.9984101748807631,0.9983766233766234,1.0040942123021022,1.002464189230183,616
44b6_c96cfa10,44b6,0.998,40930,46236.0,0.8852409377973873,0.9968203497615262,0.9951298701298701,1.0114759062202612,1.006549887196461,616
44b6_c96cfa10,44b6,0.999,38145,46236.0,0.825006488450558,0.9952305246422893,0.9918831168831169,1.0174993511549442,1.009240427850115,616
44b6_c96cfa10,44b6,0.9995,35285,46236.0,0.763149926464227,0.9936406995230525,0.9902597402597403,1.0236850073535773,1.0137140494897436,616
44b6_c96cfa10,44b6,0.9999,27319,46236.0,0.5908599359806211,0.9443561208267091,0.9090909090909091,1.040914006401938,0.9462854603653982,616
44b6_cf2536e8,44b6,0.965,39035,57565.0,0.6781030139841918,1.0,1.0,1.0321896986015808,1.0321896986015808,75
44b6_cf2536e8,44b6,0.98,36464,57565.0,0.6334404586120038,1.0,1.0,1.0366559541387996,1.0366559541387996,75
44b6_cf2536e8,44b6,0.99,33301,57565.0,0.578493876487449,1.0,1.0,1.0421506123512552,1.0421506123512552,75
44b6_cf2536e8,44b6,0.995,29740,57565.0,0.5166333709719447,1.0,1.0,1.0483366629028055,1.0483366629028055,75
44b6_cf2536e8,44b6,0.998,24882,57565.0,0.43224181360201513,1.0,1.0,1.0567758186397984,1.0567758186397984,75
44b6_cf2536e8,44b6,0.999,21355,57565.0,0.3709719447580995,1.0,1.0,1.06290280552419,1.06290280552419,75
44b6_cf2536e8,44b6,0.9995,18260,57565.0,0.31720663597672194,1.0,1.0,1.0682793364023278,1.0682793364023278,75
44b6_cf2536e8,44b6,0.9999,11315,57565.0,0.19656040997133675,1.0,1.0,1.0803439590028663,1.0803439590028663,75
44b6_cf8fed6b,44b6,0.965,48384,43729.0,1.1064510965263326,1.0,1.0,0.9893548903473668,0.9893548903473668,188
44b6_cf8fed6b,44b6,0.98,47888,43729.0,1.0951085092272863,1.0,1.0,0.9904891490772714,0.9904891490772714,188
44b6_cf8fed6b,44b6,0.99,47160,43729.0,1.0784605181915892,1.0,1.0,0.9921539481808411,0.9921539481808411,188
44b6_cf8fed6b,44b6,0.995,46262,43729.0,1.057924946831622,1.0,1.0,0.9942075053168378,0.9942075053168378,188
44b6_cf8fed6b,44b6,0.998,44600,43729.0,1.0199181321319948,1.0,1.0,0.9980081867868005,0.9980081867868005,188
44b6_cf8fed6b,44b6,0.999,42974,43729.0,0.9827345697363306,1.0,1.0,1.0017265430263669,1.0017265430263669,188
44b6_cf8fed6b,44b6,0.9995,41017,43729.0,0.9379816597681173,1.0,1.0,1.0062018340231882,1.0062018340231882,188
44b6_cf8fed6b,44b6,0.9999,34757,43729.0,0.7948272313567656,1.0,1.0,1.0205172768643234,1.0205172768643234,188
44b6_d29c9ab2,44b6,0.965,39204,38055.0,1.0301931415057155,0.9992609016999261,0.9984939759036144,0.9969806858494284,0.9954792089129082,1328
44b6_d29c9ab2,44b6,0.98,38942,38055.0,1.0233083694652476,0.9992609016999261,0.9984939759036144,0.9976691630534752,0.9961666492536958,1328
44b6_d29c9ab2,44b6,0.99,38563,38055.0,1.013349099986861,0.9992609016999261,0.9984939759036144,0.9986650900013139,0.9971610763115528,1328
44b6_d29c9ab2,44b6,0.995,38175,38055.0,1.0031533307055578,0.9992609016999261,0.9984939759036144,0.9996846669294442,0.9981791177322613,1328
44b6_d29c9ab2,44b6,0.998,37523,38055.0,0.9860202338720273,0.9985218033998522,0.9969879518072289,1.0013979766127972,0.9983817176470959,1328
44b6_d29c9ab2,44b6,0.999,36826,38055.0,0.9677046380239127,0.9955654101995566,0.9924698795180723,1.0032295361976087,0.9956750969190122,1328
44b6_d29c9ab2,44b6,0.9995,36125,38055.0,0.9492839311522796,0.9948263118994827,0.9909638554216867,1.005071606884772,0.9959896345334036,1328
44b6_d29c9ab2,44b6,0.9999,33322,38055.0,0.8756273814216265,0.975609756097561,0.9608433734939759,1.0124372618578374,0.9727936341344884,1328
44b6_d2f34f90,44b6,0.965,22744,24074.0,0.9447536761651575,1.0,1.0,1.0055246323834843,1.0055246323834843,281
44b6_d2f34f90,44b6,0.98,21686,24074.0,0.9008058486333804,1.0,1.0,1.009919415136662,1.009919415136662,281
44b6_d2f34f90,44b6,0.99,20486,24074.0,0.8509595414139736,1.0,1.0,1.0149040458586027,1.0149040458586027,281
44b6_d2f34f90,44b6,0.995,19138,24074.0,0.7949655229708399,1.0,1.0,1.020503447702916,1.020503447702916,281
44b6_d2f34f90,44b6,0.998,17131,24074.0,0.711597574146382,1.0,1.0,1.0288402425853618,1.0288402425853618,281
44b6_d2f34f90,44b6,0.999,15548,24074.0,0.6458419872061145,1.0,1.0,1.0354158012793886,1.0354158012793886,281
44b6_d2f34f90,44b6,0.9995,13997,24074.0,0.5814156351250311,1.0,1.0,1.041858436487497,1.041858436487497,281
44b6_d2f34f90,44b6,0.9999,10148,24074.0,0.42153360471878376,1.0,1.0,1.0578466395281216,1.0578466395281216,281
44b6_d5e7d891,44b6,0.965,56716,44848.0,1.2646271851587585,0.9944812362030905,0.9888017917133258,0.9735372814841241,0.9626354082312223,893
44b6_d5e7d891,44b6,0.98,55662,44848.0,1.2411255797359972,0.9944812362030905,0.9888017917133258,0.9758874420264003,0.964959251186239,893
44b6_d5e7d891,44b6,0.99,54106,44848.0,1.2064306100606492,0.9944812362030905,0.9888017917133258,0.9793569389939351,0.9683898960040813,893
44b6_d5e7d891,44b6,0.995,52282,44848.0,1.1657599001070282,0.9944812362030905,0.9888017917133258,0.9834240099892971,0.9724114230913207,893
44b6_d5e7d891,44b6,0.998,49181,44848.0,1.096615233678202,0.9922737306843267,0.9843225083986562,0.9903384766321798,0.9748124534822912,893
44b6_d5e7d891,44b6,0.999,46276,44848.0,1.0318408847663219,0.9900662251655629,0.9798432250839866,0.9968159115233678,0.9767233175620905,893
44b6_d5e7d891,44b6,0.9995,43161,44848.0,0.9623840528005708,0.9845474613686535,0.9720044792833147,1.003761594719943,0.9756607662003477,893
44b6_d5e7d891,44b6,0.9999,33485,44848.0,0.7466330717088834,0.9392935982339956,0.9025755879059351,1.0253366928291117,0.9254438683317626,893
44b6_d754aa59,44b6,0.965,7710,5171.0,1.4910075420614968,1.0,1.0,0.9508992457938503,0.9508992457938503,70
44b6_d754aa59,44b6,0.98,7381,5171.0,1.427383484819184,1.0,1.0,0.9572616515180816,0.9572616515180816,70
44b6_d754aa59,44b6,0.99,7038,5171.0,1.3610520208857089,1.0,1.0,0.9638947979114291,0.9638947979114291,70
44b6_d754aa59,44b6,0.995,6685,5171.0,1.292786695029975,1.0,1.0,0.9707213304970025,0.9707213304970025,70
44b6_d754aa59,44b6,0.998,6295,5171.0,1.2173660800618835,1.0,1.0,0.9782633919938116,0.9782633919938116,70
44b6_d754aa59,44b6,0.999,6043,5171.0,1.1686327596209631,1.0,1.0,0.9831367240379036,0.9831367240379036,70
44b6_d754aa59,44b6,0.9995,5822,5171.0,1.1258944111390448,1.0,1.0,0.9874105588860955,0.9874105588860955,70
44b6_d754aa59,44b6,0.9999,5303,5171.0,1.0255269773738156,1.0,1.0,0.9974473022626185,0.9974473022626185,70
44b6_d78e09d9,44b6,0.965,26449,22259.0,1.1882384653398625,0.9956803455723542,0.991130820399113,0.9811761534660137,0.9724739259408163,451
44b6_d78e09d9,44b6,0.98,26094,22259.0,1.1722898602812346,0.9956803455723542,0.991130820399113,0.9827710139718765,0.9740546413424142,451
44b6_d78e09d9,44b6,0.99,25634,22259.0,1.151624062177097,0.9956803455723542,0.991130820399113,0.9848375937822903,0.9761028922853299,451
44b6_d78e09d9,44b6,0.995,25061,22259.0,1.1258816658430297,0.9956803455723542,0.991130820399113,0.987411833415697,0.9786543005250922,451
44b6_d78e09d9,44b6,0.998,24242,22259.0,1.0890875600880543,0.9956803455723542,0.991130820399113,0.9910912439911945,0.9823010777473702,451
44b6_d78e09d9,44b6,0.999,23485,22259.0,1.055078844512332,0.9956803455723542,0.991130820399113,0.9944921155487668,0.9856717863642988,451
44b6_d78e09d9,44b6,0.9995,22696,22259.0,1.0196325081989308,0.9935205183585313,0.9889135254988913,0.9980367491801069,0.9869720402091522,451
44b6_d78e09d9,44b6,0.9999,19873,22259.0,0.892807403746799,0.9827213822894169,0.9733924611973392,1.01071925962532,0.9838265077062428,451
44b6_db3c847b,44b6,0.965,19896,15023.0,1.3243693004060442,0.9878787878787879,0.9753086419753086,0.9675630699593956,0.9436726237875587,162
44b6_db3c847b,44b6,0.98,19534,15023.0,1.3002729148638754,0.9878787878787879,0.9753086419753086,0.9699727085136125,0.9460227650935233,162
44b6_db3c847b,44b6,0.99,18984,15023.0,1.2636623843440058,0.9878787878787879,0.9753086419753086,0.9736337615655994,0.9495934217738562,162
44b6_db3c847b,44b6,0.995,18377,15023.0,1.223257671570259,0.9878787878787879,0.9753086419753086,0.9776742328429741,0.9535341283283327,162
44b6_db3c847b,44b6,0.998,17384,15023.0,1.1571590228316582,0.9878787878787879,0.9753086419753086,0.9842840977168342,0.9599807866620976,162
44b6_db3c847b,44b6,0.999,16403,15023.0,1.0918591493043999,0.9878787878787879,0.9753086419753086,0.99081408506956,0.9663495397592006,162
44b6_db3c847b,44b6,0.9995,15340,15023.0,1.0211009784996339,0.9878787878787879,0.9753086419753086,0.9978899021500366,0.9732506453068258,162
44b6_db3c847b,44b6,0.9999,12097,15023.0,0.8052319776342941,0.9515151515151515,0.9197530864197531,1.0194768022365706,0.937666935390426,162
44b6_ddf577ad,44b6,0.965,52752,53492.0,0.9861661556868316,1.0,1.0,1.001383384431317,1.001383384431317,647
44b6_ddf577ad,44b6,0.98,51112,53492.0,0.9555073655873776,1.0,1.0,1.0044492634412623,1.0044492634412623,647
44b6_ddf577ad,44b6,0.99,48774,53492.0,0.9117998953114484,1.0,1.0,1.0088200104688552,1.0088200104688552,647
44b6_ddf577ad,44b6,0.995,46006,53492.0,0.8600538398265161,1.0,1.0,1.0139946160173483,1.0139946160173483,647
44b6_ddf577ad,44b6,0.998,41590,53492.0,0.7774994391684737,0.9984825493171472,0.9969088098918083,1.0222500560831527,1.01909008682169,647
44b6_ddf577ad,44b6,0.999,37846,53492.0,0.7075076646975249,0.9984825493171472,0.9969088098918083,1.0292492335302474,1.0260676284806949,647
44b6_ddf577ad,44b6,0.9995,34148,53492.0,0.6383758319000972,0.9969650986342944,0.9938176197836167,1.0361624168099903,1.0297564667833443,647
44b6_ddf577ad,44b6,0.9999,24612,53492.0,0.46010618410229565,0.9742033383915023,0.9567233384853169,1.0539893815897705,1.00837623988264,647
44b6_deabac95,44b6,0.965,18291,13989.0,1.3075273429122882,1.0,1.0,0.9692472657087712,0.9692472657087712,124
44b6_deabac95,44b6,0.98,18159,13989.0,1.2980913574951747,1.0,1.0,0.9701908642504825,0.9701908642504825,124
44b6_deabac95,44b6,0.99,18000,13989.0,1.2867252841518335,1.0,1.0,0.9713274715848167,0.9713274715848167,124
44b6_deabac95,44b6,0.995,17800,13989.0,1.2724283365501465,1.0,1.0,0.9727571663449853,0.9727571663449853,124
44b6_deabac95,44b6,0.998,17451,13989.0,1.2474801629852026,1.0,1.0,0.9752519837014797,0.9752519837014797,124
44b6_deabac95,44b6,0.999,17129,13989.0,1.2244620773464865,1.0,1.0,0.9775537922653513,0.9775537922653513,124
44b6_deabac95,44b6,0.9995,16730,13989.0,1.1959396668811209,1.0,1.0,0.9804060333118879,0.9804060333118879,124
44b6_deabac95,44b6,0.9999,15158,13989.0,1.0835656587318607,0.9841269841269841,0.9758064516129032,0.9916434341268139,0.96765206072052,124
44b6_e28840c6,44b6,0.965,41033,74686.0,0.5494068500120505,0.9967845659163987,0.9935275080906149,1.045059314998795,1.0382951770376376,309
44b6_e28840c6,44b6,0.98,37514,74686.0,0.5022895857322658,0.9967845659163987,0.9935275080906149,1.0497710414267734,1.0429764068544318,309
44b6_e28840c6,44b6,0.99,33320,74686.0,0.44613448303564257,0.9967845659163987,0.9935275080906149,1.0553865516964358,1.0485555707793068,309
44b6_e28840c6,44b6,0.995,29218,74686.0,0.3912112042417588,0.9935691318327974,0.9870550161812298,1.0608788795758242,1.0471458196460401,309
44b6_e28840c6,44b6,0.998,23896,74686.0,0.31995286934633,0.9935691318327974,0.9870550161812298,1.068004713065367,1.0541794093363654,309
44b6_e28840c6,44b6,0.999,20164,74686.0,0.26998366494389847,0.9935691318327974,0.9870550161812298,1.07300163350561,1.059111644722366,309
44b6_e28840c6,44b6,0.9995,16962,74686.0,0.22711083737246607,0.9903536977491961,0.9838187702265372,1.0772889162627535,1.059857056776301,309
44b6_e28840c6,44b6,0.9999,10614,74686.0,0.14211498808344267,0.9807073954983923,0.970873786407767,1.0857885011916557,1.054163593389957,309
44b6_e29f0176,44b6,0.965,16540,12969.0,1.2753489089366952,1.0,1.0,0.9724651091063304,0.9724651091063304,50
44b6_e29f0176,44b6,0.98,16400,12969.0,1.2645539363096614,1.0,1.0,0.9735446063690338,0.9735446063690338,50
44b6_e29f0176,44b6,0.99,16210,12969.0,1.2499036163158301,1.0,1.0,0.975009638368417,0.975009638368417,50
44b6_e29f0176,44b6,0.995,16014,12969.0,1.234790654637983,1.0,1.0,0.9765209345362017,0.9765209345362017,50
44b6_e29f0176,44b6,0.998,15661,12969.0,1.2075719022283908,1.0,1.0,0.9792428097771609,0.9792428097771609,50
44b6_e29f0176,44b6,0.999,15351,12969.0,1.1836687485542448,1.0,1.0,0.9816331251445756,0.9816331251445756,50
44b6_e29f0176,44b6,0.9995,14989,12969.0,1.155756033618629,1.0,1.0,0.9844243966381371,0.9844243966381371,50
44b6_e29f0176,44b6,0.9999,13511,12969.0,1.0417919654560877,1.0,1.0,0.9958208034543913,0.9958208034543913,50
44b6_e31261b4,44b6,0.965,78811,72856.0,1.0817365762600197,1.0,1.0,0.991826342373998,0.991826342373998,113
44b6_e31261b4,44b6,0.98,77850,72856.0,1.0685461732733061,1.0,1.0,0.9931453826726694,0.9931453826726694,113
44b6_e31261b4,44b6,0.99,76283,72856.0,1.0470379927528275,1.0,1.0,0.9952962007247173,0.9952962007247173,113
44b6_e31261b4,44b6,0.995,74445,72856.0,1.0218101460415066,1.0,1.0,0.9978189853958493,0.9978189853958493,113
44b6_e31261b4,44b6,0.998,70924,72856.0,0.9734819369715604,1.0,1.0,1.002651806302844,1.002651806302844,113
44b6_e31261b4,44b6,0.999,67373,72856.0,0.9247419567365762,1.0,1.0,1.0075258043263424,1.0075258043263424,113
44b6_e31261b4,44b6,0.9995,63158,72856.0,0.8668881080487537,1.0,1.0,1.0133111891951245,1.0133111891951245,113
44b6_e31261b4,44b6,0.9999,48254,72856.0,0.6623201932579335,0.9482758620689655,0.9026548672566371,1.0337679806742066,0.9331356993696378,113
44b6_e35b117d,44b6,0.965,35278,28641.0,1.231730735658671,0.9962962962962963,0.9924812030075187,0.9768269264341329,0.9694823630774853,266
44b6_e35b117d,44b6,0.98,33389,28641.0,1.1657763346251877,0.9962962962962963,0.9924812030075187,0.9834223665374813,0.9760282134056204,266
44b6_e35b117d,44b6,0.99,31008,28641.0,1.0826437624384624,0.9962962962962963,0.9924812030075187,0.9917356237561538,0.9842789649309195,266
44b6_e35b117d,44b6,0.995,28284,28641.0,0.987535351419294,0.9962962962962963,0.9924812030075187,1.0012464648580706,0.9937182959493632,266
44b6_e35b117d,44b6,0.998,24216,28641.0,0.8455012045668796,0.9962962962962963,0.9924812030075187,1.015449879543312,1.0078149180429863,266
44b6_e35b117d,44b6,0.999,21171,28641.0,0.7391850843196816,0.9962962962962963,0.9924812030075187,1.0260814915680319,1.0183665931351895,266
44b6_e35b117d,44b6,0.9995,18401,28641.0,0.6424705841276491,0.9962962962962963,0.9924812030075187,1.035752941587235,1.0279653254850754,266
44b6_e35b117d,44b6,0.9999,12268,28641.0,0.4283369994064453,0.9888888888888889,0.9774436090225563,1.0571663000593554,1.0333204436670391,266
44b6_e57ff5c6,44b6,0.965,26047,20314.0,1.2822191592005514,1.0,1.0,0.9717780840799448,0.9717780840799448,186
44b6_e57ff5c6,44b6,0.98,25230,20314.0,1.242000590725608,1.0,1.0,0.9757999409274392,0.9757999409274392,186
44b6_e57ff5c6,44b6,0.99,24140,20314.0,1.1883430146696858,1.0,1.0,0.9811656985330314,0.9811656985330314,186
44b6_e57ff5c6,44b6,0.995,22875,20314.0,1.1260706901644186,1.0,1.0,0.9873929309835582,0.9873929309835582,186
44b6_e57ff5c6,44b6,0.998,20835,20314.0,1.025647336812051,1.0,1.0,0.9974352663187949,0.9974352663187949,186
44b6_e57ff5c6,44b6,0.999,19037,20314.0,0.9371369498867775,0.9844559585492227,0.9731182795698925,1.0062863050113222,0.9792355978873619,186
44b6_e57ff5c6,44b6,0.9995,17252,20314.0,0.8492665157034558,0.9792746113989638,0.967741935483871,1.0150733484296544,0.9823290468674075,186
44b6_e57ff5c6,44b6,0.9999,12332,20314.0,0.6070690164418627,0.9015544041450777,0.8817204301075269,1.0392930983558137,0.9163659576900723,186
44b6_eb2880fc,44b6,0.965,46167,48084.0,0.9601322685300724,1.0,1.0,1.0039867731469927,1.0039867731469927,379
44b6_eb2880fc,44b6,0.98,45048,48084.0,0.9368604941352633,1.0,1.0,1.0063139505864738,1.0063139505864738,379
44b6_eb2880fc,44b6,0.99,43538,48084.0,0.9054571167124199,1.0,1.0,1.009454288328758,1.009454288328758,379
44b6_eb2880fc,44b6,0.995,41779,48084.0,0.868875301555611,1.0,1.0,1.013112469844439,1.013112469844439,379
44b6_eb2880fc,44b6,0.998,38945,48084.0,0.8099367773063805,1.0,1.0,1.019006322269362,1.019006322269362,379
44b6_eb2880fc,44b6,0.999,36547,48084.0,0.7600657183262624,1.0,1.0,1.0239934281673737,1.0239934281673737,379
44b6_eb2880fc,44b6,0.9995,34131,48084.0,0.709820314449713,0.9974358974358974,0.9947229551451188,1.0290179685550287,1.023587794578485,379
44b6_eb2880fc,44b6,0.9999,27782,48084.0,0.5777805507029365,0.9897435897435898,0.9841688654353562,1.0422219449297063,1.0257223890732994,379
44b6_f28707c6,44b6,0.965,25184,18656.0,1.3499142367066896,1.0,1.0,0.965008576329331,0.965008576329331,61
44b6_f28707c6,44b6,0.98,24871,18656.0,1.3331367924528301,1.0,1.0,0.9666863207547169,0.9666863207547169,61
44b6_f28707c6,44b6,0.99,24518,18656.0,1.3142152658662092,1.0,1.0,0.9685784734133791,0.9685784734133791,61
44b6_f28707c6,44b6,0.995,24102,18656.0,1.291916809605489,1.0,1.0,0.9708083190394511,0.9708083190394511,61
44b6_f28707c6,44b6,0.998,23371,18656.0,1.252733704974271,1.0,1.0,0.9747266295025729,0.9747266295025729,61
44b6_f28707c6,44b6,0.999,22717,18656.0,1.2176779588336193,1.0,1.0,0.978232204116638,0.978232204116638,61
44b6_f28707c6,44b6,0.9995,22001,18656.0,1.179298885077187,1.0,1.0,0.9820701114922813,0.9820701114922813,61
44b6_f28707c6,44b6,0.9999,19122,18656.0,1.0249785591766725,0.9047619047619048,0.8524590163934426,0.9975021440823327,0.8503296965947754,61
6bba_05b6850b,6bba,0.965,8839,6362.0,1.3893429739075762,0.9988385598141696,0.9976331360946745,0.9610657026092424,0.9587909908870903,845
6bba_05b6850b,6bba,0.98,8655,6362.0,1.3604212511788745,0.9988385598141696,0.9976331360946745,0.9639578748821125,0.9616763177817997,845
6bba_05b6850b,6bba,0.99,8423,6362.0,1.3239547312165985,0.9988385598141696,0.9976331360946745,0.9676045268783402,0.9653143386490424,845
6bba_05b6850b,6bba,0.995,8178,6362.0,1.2854448286702296,0.9988385598141696,0.9976331360946745,0.9714555171329771,0.9691562141338457,845
6bba_05b6850b,6bba,0.998,7870,6362.0,1.2370323797547942,0.9988385598141696,0.9976331360946745,0.9762967620245205,0.9739860004575985,845
6bba_05b6850b,6bba,0.999,7643,6362.0,1.2013517761710153,0.9988385598141696,0.9976331360946745,0.9798648223828985,0.9775456157027023,845
6bba_05b6850b,6bba,0.9995,7369,6362.0,1.1582835586293618,0.9988385598141696,0.9976331360946745,0.9841716441370638,0.981842243795911,845
6bba_05b6850b,6bba,0.9999,6658,6362.0,1.0465262496070418,0.9988385598141696,0.9976331360946745,0.9953473750392958,0.9929915232640548,845
6bba_05db0fb1,6bba,0.965,79302,69800.0,1.136131805157593,0.9951179820992677,0.9907016060862215,0.9863868194842407,0.9772150062853171,1183
6bba_05db0fb1,6bba,0.98,78528,69800.0,1.1250429799426933,0.9951179820992677,0.9907016060862215,0.9874957020057307,0.9783135779803181,1183
6bba_05db0fb1,6bba,0.99,77456,69800.0,1.1096848137535817,0.9951179820992677,0.9907016060862215,0.9890315186246418,0.9798351139713273,1183
6bba_05db0fb1,6bba,0.995,76050,69800.0,1.089541547277937,0.9951179820992677,0.9907016060862215,0.9910458452722063,0.9818307106162517,1183
6bba_05db0fb1,6bba,0.998,73254,69800.0,1.049484240687679,0.9951179820992677,0.9907016060862215,0.9950515759312321,0.9857991944136973,1183
6bba_05db0fb1,6bba,0.999,70388,69800.0,1.0084240687679082,0.9951179820992677,0.9907016060862215,0.9991575931232092,0.9898670322404067,1183
6bba_05db0fb1,6bba,0.9995,66811,69800.0,0.9571776504297994,0.9926769731489016,0.9864750633981403,1.00428223495702,0.9906993813988523,1183
6bba_05db0fb1,6bba,0.9999,51579,69800.0,0.7389541547277937,0.9308380797396257,0.893491124260355,1.0261045845272205,0.9168153388379308,1183
6bba_062c8d37,6bba,0.965,7967,6030.0,1.3212271973466003,1.0,1.0,0.9678772802653399,0.9678772802653399,898
6bba_062c8d37,6bba,0.98,7699,6030.0,1.2767827529021558,1.0,1.0,0.9723217247097844,0.9723217247097844,898
6bba_062c8d37,6bba,0.99,7428,6030.0,1.2318407960199005,1.0,1.0,0.9768159203980099,0.9768159203980099,898
6bba_062c8d37,6bba,0.995,7166,6030.0,1.1883913764510778,1.0,1.0,0.9811608623548922,0.9811608623548922,898
6bba_062c8d37,6bba,0.998,6818,6030.0,1.1306799336650082,1.0,1.0,0.9869320066334991,0.9869320066334991,898
6bba_062c8d37,6bba,0.999,6559,6030.0,1.0877280265339966,1.0,1.0,0.9912271973466004,0.9912271973466004,898
6bba_062c8d37,6bba,0.9995,6321,6030.0,1.0482587064676616,1.0,1.0,0.9951741293532338,0.9951741293532338,898
6bba_062c8d37,6bba,0.9999,5686,6030.0,0.9429519071310116,1.0,1.0,1.0057048092868988,1.0057048092868988,898
6bba_07477033,6bba,0.965,6556,4836.0,1.3556658395368073,1.0,1.0,0.9644334160463193,0.9644334160463193,602
6bba_07477033,6bba,0.98,6436,4836.0,1.3308519437551696,1.0,1.0,0.9669148056244831,0.9669148056244831,602
6bba_07477033,6bba,0.99,6269,4836.0,1.2963192721257237,1.0,1.0,0.9703680727874276,0.9703680727874276,602
6bba_07477033,6bba,0.995,6098,4836.0,1.26095947063689,1.0,1.0,0.973904052936311,0.973904052936311,602
6bba_07477033,6bba,0.998,5835,4836.0,1.206575682382134,1.0,1.0,0.9793424317617866,0.9793424317617866,602
6bba_07477033,6bba,0.999,5636,4836.0,1.1654259718775848,1.0,1.0,0.9834574028122415,0.9834574028122415,602
6bba_07477033,6bba,0.9995,5428,4836.0,1.1224152191894128,1.0,1.0,0.9877584780810588,0.9877584780810588,602
6bba_07477033,6bba,0.9999,4804,4836.0,0.9933829611248967,0.99836867862969,0.9983388704318937,1.0006617038875103,0.9989994751435112,602
6bba_07e24132,6bba,0.965,39965,21485.0,1.8601349778915524,0.9693593314763231,0.9536231884057971,0.9139865022108448,0.8715987223981679,345
6bba_07e24132,6bba,0.98,37981,21485.0,1.7677914824296022,0.9693593314763231,0.9536231884057971,0.9232208517570398,0.880404812255264,345
6bba_07e24132,6bba,0.99,35322,21485.0,1.6440307191063532,0.9693593314763231,0.9536231884057971,0.9355969280893647,0.8922069256272492,345
6bba_07e24132,6bba,0.995,32275,21485.0,1.5022108447754248,0.9665738161559888,0.9507246376811594,0.9497789155224575,0.9029782153372929,345
6bba_07e24132,6bba,0.998,27936,21485.0,1.300255992552944,0.9637883008356546,0.9449275362318841,0.9699744007447056,0.9165555207036928,345
6bba_07e24132,6bba,0.999,24451,21485.0,1.1380498021875727,0.9554317548746518,0.9391304347826087,0.9861950197812427,0.9261657577076019,345
6bba_07e24132,6bba,0.9995,21019,21485.0,0.9783104491505702,0.9415041782729805,0.9188405797101449,1.002168955084943,0.9208335036577593,345
6bba_07e24132,6bba,0.9999,12573,21485.0,0.5851989760297882,0.9108635097493036,0.8840579710144928,1.0414801023970213,0.9207287861770768,345
6bba_085bf656,6bba,0.965,10346,8463.0,1.2224979321753515,0.9991652754590985,0.9982876712328768,0.9777502067824648,0.9760759769763305,1168
6bba_085bf656,6bba,0.98,10132,8463.0,1.197211390759778,0.9991652754590985,0.9982876712328768,0.9802788609240222,0.9786003012306591,1168
6bba_085bf656,6bba,0.99,9866,8463.0,1.1657804561030367,0.9991652754590985,0.9982876712328768,0.9834219543896964,0.9817380126869744,1168
6bba_085bf656,6bba,0.995,9599,8463.0,1.1342313600378116,0.9991652754590985,0.9982876712328768,0.9865768639962188,0.9848875200510199,1168
6bba_085bf656,6bba,0.998,9269,8463.0,1.0952380952380953,0.9991652754590985,0.9982876712328768,0.9904761904761905,0.9887801696020875,1168
6bba_085bf656,6bba,0.999,9018,8463.0,1.065579581708614,0.9991652754590985,0.9982876712328768,0.9934420418291386,0.9917409424424449,1168
6bba_085bf656,6bba,0.9995,8826,8463.0,1.042892591279688,0.9991652754590985,0.9982876712328768,0.9957107408720312,0.9940057567267023,1168
6bba_085bf656,6bba,0.9999,8247,8463.0,0.9744771357674583,0.9974958263772955,0.9948630136986302,1.0025522864232541,0.9974021890614908,1168
6bba_09961292,6bba,0.965,33008,31117.0,1.0607706398431724,0.9964102564102564,0.9935863174772849,0.9939229360156827,0.9875482298520333,1871
6bba_09961292,6bba,0.98,32735,31117.0,1.0519973005109746,0.9964102564102564,0.9935863174772849,0.9948002699489026,0.988419936843939,1871
6bba_09961292,6bba,0.99,32385,31117.0,1.0407494295722595,0.9964102564102564,0.9935863174772849,0.995925057042774,0.9895375099104847,1871
6bba_09961292,6bba,0.995,31947,31117.0,1.0266735225118102,0.9958974358974358,0.9930518439337253,0.997332647748819,0.9904030248622692,1871
6bba_09961292,6bba,0.998,31181,31117.0,1.0020567535430793,0.9948717948717949,0.9919828968466061,0.9997943246456921,0.9917788704128297,1871
6bba_09961292,6bba,0.999,30407,31117.0,0.9771828903814636,0.9933333333333333,0.9893105291288081,1.0022817109618536,0.9915678498077986,1871
6bba_09961292,6bba,0.9995,29367,31117.0,0.9437606453064241,0.9917948717948718,0.9882415820416889,1.0056239354693577,0.9937993889272273,1871
6bba_09961292,6bba,0.9999,25274,31117.0,0.8122248288716779,0.958974358974359,0.9406734366648851,1.0187775171128322,0.9583369482194466,1871
6bba_0c7fa718,6bba,0.965,16078,13650.0,1.1778754578754578,0.9957386363636364,0.9939301972685888,0.9822124542124542,0.9762506183750493,659
6bba_0c7fa718,6bba,0.98,15793,13650.0,1.156996336996337,0.9957386363636364,0.9939301972685888,0.9843003663003663,0.9783258572484673,659
6bba_0c7fa718,6bba,0.99,15463,13650.0,1.1328205128205129,0.9957386363636364,0.9939301972685888,0.9867179487179487,0.980728765417688,659
6bba_0c7fa718,6bba,0.995,15158,13650.0,1.1104761904761904,0.9957386363636364,0.9939301972685888,0.9889523809523809,0.9829496350892405,659
6bba_0c7fa718,6bba,0.998,14810,13650.0,1.084981684981685,0.9957386363636364,0.9939301972685888,0.9915018315018315,0.9854836109767824,659
6bba_0c7fa718,6bba,0.999,14554,13650.0,1.0662271062271063,0.9943181818181818,0.9908952959028832,0.9933772893772894,0.9843328831007132,659
6bba_0c7fa718,6bba,0.9995,14278,13650.0,1.046007326007326,0.9928977272727273,0.9893778452200304,0.9953992673992674,0.984825982313084,659
6bba_0c7fa718,6bba,0.9999,13359,13650.0,0.9786813186813187,0.9786931818181818,0.9696509863429439,1.002131868131868,0.9717181543797628,659
6bba_0e7c0d07,6bba,0.965,28175,22467.0,1.2540615124404682,1.0,1.0,0.9745938487559531,0.9745938487559531,198
6bba_0e7c0d07,6bba,0.98,27914,22467.0,1.2424444741175946,1.0,1.0,0.9757555525882405,0.9757555525882405,198
6bba_0e7c0d07,6bba,0.99,27563,22467.0,1.2268215605109716,1.0,1.0,0.9773178439489029,0.9773178439489029,198
6bba_0e7c0d07,6bba,0.995,27150,22467.0,1.208439043931099,1.0,1.0,0.9791560956068901,0.9791560956068901,198
6bba_0e7c0d07,6bba,0.998,26489,22467.0,1.1790181154582275,1.0,1.0,0.9820981884541773,0.9820981884541773,198
6bba_0e7c0d07,6bba,0.999,25854,22467.0,1.1507544398451062,1.0,1.0,0.9849245560154893,0.9849245560154893,198
6bba_0e7c0d07,6bba,0.9995,25003,22467.0,1.112876663550986,0.9952153110047847,0.9949494949494949,0.9887123336449014,0.9837188370103311,198
6bba_0e7c0d07,6bba,0.9999,20992,22467.0,0.9343481550718832,0.9760765550239234,0.9696969696969697,1.0065651844928116,0.9760632092051507,198
6bba_12665c0e,6bba,0.965,10005,8314.0,1.2033918691363965,1.0,1.0,0.9796608130863603,0.9796608130863603,998
6bba_12665c0e,6bba,0.98,9740,8314.0,1.1715179215780611,1.0,1.0,0.9828482078421938,0.9828482078421938,998
6bba_12665c0e,6bba,0.99,9443,8314.0,1.1357950445032476,1.0,1.0,0.9864204955496753,0.9864204955496753,998
6bba_12665c0e,6bba,0.995,9179,8314.0,1.1040413759923022,1.0,1.0,0.9895958624007698,0.9895958624007698,998
6bba_12665c0e,6bba,0.998,8885,8314.0,1.0686793360596585,1.0,1.0,0.9931320663940342,0.9931320663940342,998
6bba_12665c0e,6bba,0.999,8696,8314.0,1.0459465961029588,1.0,1.0,0.9954053403897041,0.9954053403897041,998
6bba_12665c0e,6bba,0.9995,8527,8314.0,1.0256194370940581,1.0,1.0,0.9974380562905942,0.9974380562905942,998
6bba_12665c0e,6bba,0.9999,8085,8314.0,0.9724560981477026,0.9980694980694981,0.9959919839679359,1.0027543901852298,0.9987353345131448,998
6bba_13f19531,6bba,0.965,7735,5773.0,1.339857959466482,1.0,1.0,0.9660142040533518,0.9660142040533518,704
6bba_13f19531,6bba,0.98,7499,5773.0,1.298978001039321,1.0,1.0,0.9701021998960679,0.9701021998960679,704
6bba_13f19531,6bba,0.99,7234,5773.0,1.2530746578901784,1.0,1.0,0.9746925342109821,0.9746925342109821,704
6bba_13f19531,6bba,0.995,6972,5773.0,1.2076909752295166,1.0,1.0,0.9792309024770484,0.9792309024770484,704
6bba_13f19531,6bba,0.998,6651,5773.0,1.1520873029620649,1.0,1.0,0.9847912697037935,0.9847912697037935,704
6bba_13f19531,6bba,0.999,6419,5773.0,1.1119002251862116,0.9986431478968792,0.9985795454545454,0.9888099774813788,0.9874054178542745,704
6bba_13f19531,6bba,0.9995,6219,5773.0,1.077256192620821,0.9986431478968792,0.9985795454545454,0.9922743807379178,0.9908649000834605,704
6bba_13f19531,6bba,0.9999,5737,5773.0,0.9937640741382296,0.9986431478968792,0.9985795454545454,1.000623592586177,0.999202252255799,704
6bba_15403b9a,6bba,0.965,7761,6889.0,1.1265786035709102,0.9986807387862797,0.9972565157750343,0.987342139642909,0.9846333820581548,729
6bba_15403b9a,6bba,0.98,7661,6889.0,1.1120627086659893,0.9986807387862797,0.9972565157750343,0.988793729133401,0.9860809891357785,729
6bba_15403b9a,6bba,0.99,7547,6889.0,1.0955145884743795,0.9986807387862797,0.9972565157750343,0.9904485411525621,0.9877312612042697,729
6bba_15403b9a,6bba,0.995,7434,6889.0,1.0791116272318189,0.9986807387862797,0.9972565157750343,0.9920888372768181,0.9893670572019845,729
6bba_15403b9a,6bba,0.998,7281,6889.0,1.05690230802729,0.9986807387862797,0.9972565157750343,0.994309769197271,0.991581896030749,729
6bba_15403b9a,6bba,0.999,7187,6889.0,1.0432573668166643,0.9986807387862797,0.9972565157750343,0.9956742633183335,0.9929426466837153,729
6bba_15403b9a,6bba,0.9995,7087,6889.0,1.0287414719117434,0.9986807387862797,0.9972565157750343,0.9971258528088257,0.9943902537613392,729
6bba_15403b9a,6bba,0.9999,6829,6889.0,0.9912904630570475,0.9986807387862797,0.9972565157750343,1.0008709536942952,0.9981250800216085,729
6bba_1d0d8384,6bba,0.965,24094,17909.0,1.3453570830308783,0.9958275382475661,0.9926739926739927,0.9654642916969122,0.9583912932229421,1365
6bba_1d0d8384,6bba,0.98,23433,17909.0,1.308448266234854,0.9958275382475661,0.9926739926739927,0.9691551733765146,0.9620551354763204,1365
6bba_1d0d8384,6bba,0.99,22648,17909.0,1.2646155564241444,0.9958275382475661,0.9926739926739927,0.9735384443575855,0.9664062945820721,1365
6bba_1d0d8384,6bba,0.995,21785,17909.0,1.21642749455581,0.9951321279554938,0.9912087912087912,0.978357250544419,0.9697563076824901,1365
6bba_1d0d8384,6bba,0.998,20512,17909.0,1.1453459154614998,0.9944367176634215,0.9897435897435898,0.98546540845385,0.9753580709312465,1365
6bba_1d0d8384,6bba,0.999,19450,17909.0,1.0860461220615334,0.9909596662030598,0.9846153846153847,0.9913953877938466,0.9761431510585568,1365
6bba_1d0d8384,6bba,0.9995,18410,17909.0,1.0279747612932046,0.9874826147426982,0.9794871794871794,0.9972025238706795,0.9767470874835886,1365
6bba_1d0d8384,6bba,0.9999,15114,17909.0,0.8439332179351164,0.9485396383866481,0.9230769230769231,1.0156066782064883,0.93748308757522,1365
6bba_1ebfb80d,6bba,0.965,15550,11558.0,1.345388475514795,1.0,1.0,0.9654611524485205,0.9654611524485205,719
6bba_1ebfb80d,6bba,0.98,15237,11558.0,1.3183076656861048,1.0,1.0,0.9681692334313895,0.9681692334313895,719
6bba_1ebfb80d,6bba,0.99,14869,11558.0,1.2864682471015747,1.0,1.0,0.9713531752898426,0.9713531752898426,719
6bba_1ebfb80d,6bba,0.995,14474,11558.0,1.252292784218723,1.0,1.0,0.9747707215781277,0.9747707215781277,719
6bba_1ebfb80d,6bba,0.998,13869,11558.0,1.1999480879044817,1.0,1.0,0.9800051912095519,0.9800051912095519,719
6bba_1ebfb80d,6bba,0.999,13415,11558.0,1.1606679356290015,1.0,1.0,0.9839332064370998,0.9839332064370998,719
6bba_1ebfb80d,6bba,0.9995,12903,11558.0,1.11636961412009,1.0,1.0,0.988363038587991,0.988363038587991,719
6bba_1ebfb80d,6bba,0.9999,11041,11558.0,0.9552690776951029,0.9838926174496644,0.9777468706536857,1.0044730922304896,0.9821204225841923,719
6bba_1f58c2f6,6bba,0.965,40711,28903.0,1.4085389059959175,1.0,1.0,0.9591461094004082,0.9591461094004082,299
6bba_1f58c2f6,6bba,0.98,40039,28903.0,1.3852887243538734,1.0,1.0,0.9614711275646126,0.9614711275646126,299
6bba_1f58c2f6,6bba,0.99,39068,28903.0,1.351693595820503,1.0,1.0,0.9648306404179496,0.9648306404179496,299
6bba_1f58c2f6,6bba,0.995,37896,28903.0,1.3111441718852714,1.0,1.0,0.9688855828114729,0.9688855828114729,299
6bba_1f58c2f6,6bba,0.998,35857,28903.0,1.2405978618136526,0.9968454258675079,0.9933110367892977,0.9759402138186347,0.9694121856325569,299
6bba_1f58c2f6,6bba,0.999,33935,28903.0,1.1740995744386395,0.9968454258675079,0.9933110367892977,0.982590042556136,0.9760175339102756,299
6bba_1f58c2f6,6bba,0.9995,31629,28903.0,1.0943154689824586,0.9968454258675079,0.9933110367892977,0.9905684531017541,0.9839425771612742,299
6bba_1f58c2f6,6bba,0.9999,23884,28903.0,0.8263502058609833,0.9873817034700315,0.9832775919732442,1.0173649794139017,1.0003521871160104,299
6bba_207c6aaf,6bba,0.965,28595,11999.0,2.383115259604967,0.9936842105263158,0.9866666666666667,0.8616884740395032,0.8501992943856432,450
6bba_207c6aaf,6bba,0.98,28197,11999.0,2.3499458288190684,0.9936842105263158,0.9866666666666667,0.8650054171180932,0.8534720115565186,450
6bba_207c6aaf,6bba,0.99,27685,11999.0,2.307275606300525,0.9936842105263158,0.9866666666666667,0.8692724393699475,0.8576821401783482,450
6bba_207c6aaf,6bba,0.995,27153,11999.0,2.2629385782148512,0.9936842105263158,0.9866666666666667,0.8737061421785148,0.862056726949468,450
6bba_207c6aaf,6bba,0.998,26231,11999.0,2.186098841570131,0.9936842105263158,0.9866666666666667,0.8813901158429869,0.869638247631747,450
6bba_207c6aaf,6bba,0.999,25351,11999.0,2.1127593966163847,0.9936842105263158,0.9866666666666667,0.8887240603383615,0.8768744062005167,450
6bba_207c6aaf,6bba,0.9995,24346,11999.0,2.0290024168680723,0.991578947368421,0.9822222222222222,0.8970997583131928,0.8811513181654027,450
6bba_207c6aaf,6bba,0.9999,20172,11999.0,1.6811400950079174,0.9431578947368421,0.9133333333333333,0.9318859904992083,0.851122537989277,450
6bba_20852818,6bba,0.965,13130,9758.0,1.3455626152900184,0.9968487394957983,0.9933993399339934,0.9654437384709982,0.9590711725404966,909
6bba_20852818,6bba,0.98,12796,9758.0,1.3113342898134863,0.9968487394957983,0.9933993399339934,0.9688665710186514,0.9624714121340399,909
6bba_20852818,6bba,0.99,12419,9758.0,1.2726993236318918,0.9968487394957983,0.9933993399339934,0.9727300676368108,0.9663094071243566,909
6bba_20852818,6bba,0.995,11994,9758.0,1.2291453166632507,0.9968487394957983,0.9933993399339934,0.9770854683336749,0.9706360593017695,909
6bba_20852818,6bba,0.998,11432,9758.0,1.1715515474482476,0.9968487394957983,0.9933993399339934,0.9828448452551752,0.976357420534019,909
6bba_20852818,6bba,0.999,11033,9758.0,1.1306620209059233,0.9957983193277311,0.9911991199119912,0.9869337979094077,0.9782479118992039,909
6bba_20852818,6bba,0.9995,10596,9758.0,1.0858782537405205,0.9957983193277311,0.9911991199119912,0.9914121746259479,0.9826868749592729,909
6bba_20852818,6bba,0.9999,9177,9758.0,0.9404591104734576,0.9884453781512605,0.9801980198019802,1.0059540889526541,0.9860342060030967,909
6bba_2312ac41,6bba,0.965,15261,11950.0,1.277071129707113,1.0,1.0,0.9722928870292887,0.9722928870292887,1132
6bba_2312ac41,6bba,0.98,15046,11950.0,1.2590794979079498,1.0,1.0,0.974092050209205,0.974092050209205,1132
6bba_2312ac41,6bba,0.99,14798,11950.0,1.238326359832636,1.0,1.0,0.9761673640167364,0.9761673640167364,1132
6bba_2312ac41,6bba,0.995,14510,11950.0,1.2142259414225942,1.0,1.0,0.9785774058577406,0.9785774058577406,1132
6bba_2312ac41,6bba,0.998,14168,11950.0,1.1856066945606694,1.0,1.0,0.9814393305439331,0.9814393305439331,1132
6bba_2312ac41,6bba,0.999,13878,11950.0,1.1613389121338913,1.0,1.0,0.9838661087866108,0.9838661087866108,1132
6bba_2312ac41,6bba,0.9995,13560,11950.0,1.1347280334728034,1.0,1.0,0.9865271966527197,0.9865271966527197,1132
6bba_2312ac41,6bba,0.9999,12278,11950.0,1.0274476987447698,0.995674740484429,0.9920494699646644,0.997255230125523,0.9893265224655144,1132
6bba_23af9eeb,6bba,0.965,6537,4450.0,1.4689887640449437,1.0,1.0,0.9531011235955056,0.9531011235955056,499
6bba_23af9eeb,6bba,0.98,6261,4450.0,1.4069662921348314,1.0,1.0,0.9593033707865168,0.9593033707865168,499
6bba_23af9eeb,6bba,0.99,5949,4450.0,1.3368539325842697,1.0,1.0,0.966314606741573,0.966314606741573,499
6bba_23af9eeb,6bba,0.995,5654,4450.0,1.270561797752809,1.0,1.0,0.9729438202247191,0.9729438202247191,499
6bba_23af9eeb,6bba,0.998,5297,4450.0,1.1903370786516854,1.0,1.0,0.9809662921348314,0.9809662921348314,499
6bba_23af9eeb,6bba,0.999,5060,4450.0,1.1370786516853932,1.0,1.0,0.9862921348314607,0.9862921348314607,499
6bba_23af9eeb,6bba,0.9995,4856,4450.0,1.0912359550561799,1.0,1.0,0.990876404494382,0.990876404494382,499
6bba_23af9eeb,6bba,0.9999,4296,4450.0,0.9653932584269663,1.0,1.0,1.0034606741573033,1.0034606741573033,499
6bba_2540cd90,6bba,0.965,3858,3783.0,1.0198255352894527,1.0,1.0,0.9980174464710547,0.9980174464710547,523
6bba_2540cd90,6bba,0.98,3749,3783.0,0.9910124240021148,1.0,1.0,1.0008987575997885,1.0008987575997885,523
6bba_2540cd90,6bba,0.99,3644,3783.0,0.9632566745968808,1.0,1.0,1.003674332540312,1.003674332540312,523
6bba_2540cd90,6bba,0.995,3570,3783.0,0.943695479777954,1.0,1.0,1.0056304520222046,1.0056304520222046,523
6bba_2540cd90,6bba,0.998,3473,3783.0,0.9180544541369283,1.0,1.0,1.0081945545863071,1.0081945545863071,523
6bba_2540cd90,6bba,0.999,3436,3783.0,0.908273856727465,1.0,1.0,1.0091726143272535,1.0091726143272535,523
6bba_2540cd90,6bba,0.9995,3389,3783.0,0.8958498546127412,1.0,1.0,1.0104150145387258,1.0104150145387258,523
6bba_2540cd90,6bba,0.9999,3221,3783.0,0.8514406555643669,1.0,1.0,1.0148559344435633,1.0148559344435633,523
6bba_2646afc7,6bba,0.965,7029,5495.0,1.2791628753412192,0.9986449864498645,0.9972260748959778,0.9720837124658781,0.969387225052658,721
6bba_2646afc7,6bba,0.98,6896,5495.0,1.2549590536851682,0.9986449864498645,0.9972260748959778,0.9745040946314831,0.9718008932594124,721
6bba_2646afc7,6bba,0.99,6719,5495.0,1.2227479526842584,0.9986449864498645,0.9972260748959778,0.9777252047315742,0.975013068241334,721
6bba_2646afc7,6bba,0.995,6533,5495.0,1.1888989990900818,0.9986449864498645,0.9972260748959778,0.9811101000909919,0.9783885741545397,721
6bba_2646afc7,6bba,0.998,6238,5495.0,1.135213830755232,0.9986449864498645,0.9972260748959778,0.9864786169244768,0.9837421991244089,721
6bba_2646afc7,6bba,0.999,6020,5495.0,1.0955414012738853,0.9986449864498645,0.9972260748959778,0.9904458598726115,0.987698437237736,721
6bba_2646afc7,6bba,0.9995,5831,5495.0,1.0611464968152866,0.9986449864498645,0.9972260748959778,0.9938853503184714,0.991128386794703,721
6bba_2646afc7,6bba,0.9999,5286,5495.0,0.9619654231119199,0.997289972899729,0.9944521497919556,1.003803457688808,0.9982345064672334,721
6bba_268e1230,6bba,0.965,7806,5107.0,1.5284903074211866,0.9937597503900156,0.986863711001642,0.9471509692578813,0.9347089204006349,609
6bba_268e1230,6bba,0.98,7659,5107.0,1.4997062854905032,0.9937597503900156,0.986863711001642,0.9500293714509497,0.9375495110706417,609
6bba_268e1230,6bba,0.99,7467,5107.0,1.4621108282749167,0.9937597503900156,0.986863711001642,0.9537889171725084,0.9412596703130994,609
6bba_268e1230,6bba,0.995,7238,5107.0,1.41727041315841,0.9937597503900156,0.986863711001642,0.958272958684159,0.9456848081595723,609
6bba_268e1230,6bba,0.998,6947,5107.0,1.360289798316037,0.9937597503900156,0.986863711001642,0.9639710201683963,0.9513080182614223,609
6bba_268e1230,6bba,0.999,6662,5107.0,1.3044840415116508,0.9937597503900156,0.986863711001642,0.9695515958488349,0.9568152858869454,609
6bba_268e1230,6bba,0.9995,6351,5107.0,1.2435872332093205,0.9937597503900156,0.986863711001642,0.975641276679068,0.9628249709098848,609
6bba_268e1230,6bba,0.9999,5240,5107.0,1.0260426865087136,0.9937597503900156,0.986863711001642,0.9973957313491286,0.9842936527763979,609
6bba_2819ca14,6bba,0.965,6543,5534.0,1.1823274304300686,1.0,1.0,0.9817672569569932,0.9817672569569932,949
6bba_2819ca14,6bba,0.98,6394,5534.0,1.1554029634983738,1.0,1.0,0.9844597036501627,0.9844597036501627,949
6bba_2819ca14,6bba,0.99,6233,5534.0,1.1263100831225155,1.0,1.0,0.9873689916877485,0.9873689916877485,949
6bba_2819ca14,6bba,0.995,6103,5534.0,1.1028189374774124,1.0,1.0,0.9897181062522588,0.9897181062522588,949
6bba_2819ca14,6bba,0.998,5914,5534.0,1.0686664257318395,1.0,1.0,0.9931333574268161,0.9931333574268161,949
6bba_2819ca14,6bba,0.999,5774,5534.0,1.043368268883267,1.0,1.0,0.9956631731116733,0.9956631731116733,949
6bba_2819ca14,6bba,0.9995,5661,5534.0,1.0229490422840621,1.0,1.0,0.9977050957715938,0.9977050957715938,949
6bba_2819ca14,6bba,0.9999,5355,5534.0,0.9676544994578966,0.9989858012170385,0.9989462592202318,1.0032345500542104,1.0021774008971458,949
6bba_283bf9f1,6bba,0.965,24914,20861.0,1.1942859882076602,0.9992548435171386,0.9984472049689441,0.980571401179234,0.9790487747798874,1288
6bba_283bf9f1,6bba,0.98,24652,20861.0,1.1817266669862423,0.9992548435171386,0.9984472049689441,0.9818273333013757,0.9803027566968705,1288
6bba_283bf9f1,6bba,0.99,24371,20861.0,1.1682565552945687,0.9992548435171386,0.9984472049689441,0.9831743444705431,0.9816476762337876,1288
6bba_283bf9f1,6bba,0.995,24125,20861.0,1.156464215521787,0.9992548435171386,0.9984472049689441,0.9843535784478213,0.9828250791024055,1288
6bba_283bf9f1,6bba,0.998,23779,20861.0,1.139878241695029,0.9985096870342772,0.9976708074534162,0.986012175830497,0.9837155636197118,1288
6bba_283bf9f1,6bba,0.999,23496,20861.0,1.126312257322276,0.9977645305514158,0.9961180124223602,0.9873687742677724,0.9835358209515155,1288
6bba_283bf9f1,6bba,0.9995,23145,20861.0,1.109486601792819,0.9940387481371088,0.9906832298136646,0.9890513398207181,0.9798365757851214,1288
6bba_283bf9f1,6bba,0.9999,21415,20861.0,1.0265567326590288,0.9694485842026825,0.9557453416149069,0.9973443267340971,0.9532071942621689,1288
6bba_312f0dc3,6bba,0.965,11705,9963.0,1.1748469336545218,1.0,1.0,0.9825153066345478,0.9825153066345478,500
6bba_312f0dc3,6bba,0.98,11561,9963.0,1.1603934557864097,1.0,1.0,0.983960654421359,0.983960654421359,500
6bba_312f0dc3,6bba,0.99,11383,9963.0,1.1425273511994378,1.0,1.0,0.9857472648800563,0.9857472648800563,500
6bba_312f0dc3,6bba,0.995,11181,9963.0,1.1222523336344474,1.0,1.0,0.9877747666365553,0.9877747666365553,500
6bba_312f0dc3,6bba,0.998,10963,9963.0,1.1003713740841112,1.0,1.0,0.9899628625915888,0.9899628625915888,500
6bba_312f0dc3,6bba,0.999,10772,9963.0,1.081200441634046,1.0,1.0,0.9918799558365954,0.9918799558365954,500
6bba_312f0dc3,6bba,0.9995,10581,9963.0,1.0620295091839806,1.0,1.0,0.9937970490816019,0.9937970490816019,500
6bba_312f0dc3,6bba,0.9999,9862,9963.0,0.9898624912175048,1.0,1.0,1.0010137508782495,1.0010137508782495,500
6bba_32db13fc,6bba,0.965,56961,38705.0,1.4716703268311588,0.9965197215777262,0.9938347718865598,0.9528329673168842,0.9469585347193694,811
6bba_32db13fc,6bba,0.98,56324,38705.0,1.4552125048443354,0.9965197215777262,0.9938347718865598,0.9544787495155664,0.9485941702953719,811
6bba_32db13fc,6bba,0.99,55499,38705.0,1.4338974292727038,0.9965197215777262,0.9938347718865598,0.9566102570727296,0.9507125366222196,811
6bba_32db13fc,6bba,0.995,54368,38705.0,1.4046763983981398,0.9953596287703016,0.9913686806411838,0.9595323601601861,0.9512503299245249,811
6bba_32db13fc,6bba,0.998,52377,38705.0,1.3532360160186023,0.994199535962877,0.9889025893958077,0.9646763983981398,0.9539709883049422,811
6bba_32db13fc,6bba,0.999,50171,38705.0,1.2962407957628213,0.9872389791183295,0.9778051787916153,0.9703759204237179,0.9488386003649918,811
6bba_32db13fc,6bba,0.9995,47583,38705.0,1.229376049605994,0.9802784222737819,0.9642416769420469,0.9770623950394006,0.9421242822698043,811
6bba_32db13fc,6bba,0.9999,37384,38705.0,0.9658700426301512,0.8932714617169374,0.8397040690505548,1.0034129957369848,0.8425699754585532,811
6bba_337b1b3a,6bba,0.965,31549,30480.0,1.0350721784776904,0.9952830188679245,0.9909315746084089,0.9964927821522309,0.9874561617040243,1213
6bba_337b1b3a,6bba,0.98,31183,30480.0,1.0230643044619423,0.9952830188679245,0.9909315746084089,0.9976935695538057,0.9886460598546368,1213
6bba_337b1b3a,6bba,0.99,30751,30480.0,1.0088910761154857,0.9952830188679245,0.9909315746084089,0.9991108923884514,0.9900505298029006,1213
6bba_337b1b3a,6bba,0.995,30345,30480.0,0.9955708661417323,0.9952830188679245,0.9909315746084089,1.0004429133858268,0.9913704714672413,1213
6bba_337b1b3a,6bba,0.998,29736,30480.0,0.9755905511811024,0.9952830188679245,0.9909315746084089,1.0024409448818898,0.9933503839637523,1213
6bba_337b1b3a,6bba,0.999,29207,30480.0,0.9582349081364829,0.9952830188679245,0.9909315746084089,1.0041765091863517,0.9950702094328069,1213
6bba_337b1b3a,6bba,0.9995,28640,30480.0,0.9396325459317585,0.9929245283018868,0.9884583676834295,1.0060367454068242,0.9944254391943794,1213
6bba_337b1b3a,6bba,0.9999,26615,30480.0,0.8731955380577427,0.9803459119496856,0.9703215169002474,1.0126804461942258,0.9826256266864005,1213
6bba_372c8cb8,6bba,0.965,8680,7021.0,1.2362911266201395,1.0,1.0,0.976370887337986,0.976370887337986,1007
6bba_372c8cb8,6bba,0.98,8441,7021.0,1.2022503916820966,1.0,1.0,0.9797749608317904,0.9797749608317904,1007
6bba_372c8cb8,6bba,0.99,8151,7021.0,1.1609457342258938,1.0,1.0,0.9839054265774106,0.9839054265774106,1007
6bba_372c8cb8,6bba,0.995,7900,7021.0,1.1251958410482836,1.0,1.0,0.9874804158951717,0.9874804158951717,1007
6bba_372c8cb8,6bba,0.998,7487,7021.0,1.066372311636519,1.0,1.0,0.9933627688363481,0.9933627688363481,1007
6bba_372c8cb8,6bba,0.999,7205,7021.0,1.0262070930066942,1.0,1.0,0.9973792906993306,0.9973792906993306,1007
6bba_372c8cb8,6bba,0.9995,6961,7021.0,0.991454208802165,1.0,1.0,1.0008545791197836,1.0008545791197836,1007
6bba_372c8cb8,6bba,0.9999,6374,7021.0,0.9078478849166786,1.0,1.0,1.0092152115083322,1.0092152115083322,1007
6bba_3a1849c2,6bba,0.965,10161,7003.0,1.450949593031558,0.9889173060528559,0.978984238178634,0.9549050406968442,0.9348369837995375,1142
6bba_3a1849c2,6bba,0.98,9862,7003.0,1.408253605597601,0.9889173060528559,0.978984238178634,0.9591746394402398,0.9390168536726692,1142
6bba_3a1849c2,6bba,0.99,9496,7003.0,1.3559902898757674,0.9889173060528559,0.978984238178634,0.9644009710124233,0.9441333499053322,1142
6bba_3a1849c2,6bba,0.995,9117,7003.0,1.3018706268741969,0.9889173060528559,0.978984238178634,0.9698129373125803,0.9494315796107398,1142
6bba_3a1849c2,6bba,0.998,8622,7003.0,1.2311866342995859,0.9889173060528559,0.978984238178634,0.9768813365700414,0.9563514310729477,1142
6bba_3a1849c2,6bba,0.999,8239,7003.0,1.1764957875196345,0.9872122762148338,0.9772329246935202,0.9823504212480365,0.9599851752301303,1142
6bba_3a1849c2,6bba,0.9995,7814,7003.0,1.1158075110666856,0.9872122762148338,0.9772329246935202,0.9884192488933314,0.9659158334194028,1142
6bba_3a1849c2,6bba,0.9999,6555,7003.0,0.9360274168213623,0.9863597612958227,0.9763572679509632,1.0063972583178638,0.9826032776045692,1142
6bba_3abfe10a,6bba,0.965,71637,52065.0,1.3759147219821377,0.9899699097291875,0.9818181818181818,0.9624085278017862,0.9449101909326628,935
6bba_3abfe10a,6bba,0.98,70429,52065.0,1.352712954960146,0.9899699097291875,0.9818181818181818,0.9647287045039854,0.9471881826039129,935
6bba_3abfe10a,6bba,0.99,68684,52065.0,1.3191971573994046,0.9889669007021064,0.9807486631016042,0.9680802842600595,0.9494434445630744,935
6bba_3abfe10a,6bba,0.995,66559,52065.0,1.2783827907423413,0.9879638916750251,0.9796791443850268,0.9721617209257659,0.9524065629604296,935
6bba_3abfe10a,6bba,0.998,62901,52065.0,1.208124459809853,0.9829488465396189,0.9711229946524064,0.9791875540190147,0.9509115497853105,935
6bba_3abfe10a,6bba,0.999,59467,52065.0,1.1421684432920387,0.9749247743229689,0.9614973262032086,0.9857831556707961,0.9478278683936318,935
6bba_3abfe10a,6bba,0.9995,55275,52065.0,1.0616537021031403,0.9608826479438315,0.9443850267379679,0.993834629789686,0.9385625434270509,935
6bba_3abfe10a,6bba,0.9999,38425,52065.0,0.7380197829636032,0.8696088264794383,0.8235294117647058,1.0261980217036397,0.8451042531677032,935
6bba_3c5691b6,6bba,0.965,9496,6258.0,1.5174177053371685,1.0,1.0,0.9482582294662831,0.9482582294662831,746
6bba_3c5691b6,6bba,0.98,9097,6258.0,1.4536593160754234,1.0,1.0,0.9546340683924577,0.9546340683924577,746
6bba_3c5691b6,6bba,0.99,8648,6258.0,1.3819111537232343,1.0,1.0,0.9618088846276766,0.9618088846276766,746
6bba_3c5691b6,6bba,0.995,8238,6258.0,1.3163950143815915,1.0,1.0,0.9683604985618408,0.9683604985618408,746
6bba_3c5691b6,6bba,0.998,7719,6258.0,1.2334611697027804,1.0,1.0,0.976653883029722,0.976653883029722,746
6bba_3c5691b6,6bba,0.999,7313,6258.0,1.1685842122083734,1.0,1.0,0.9831415787791626,0.9831415787791626,746
6bba_3c5691b6,6bba,0.9995,6973,6258.0,1.1142537551933525,1.0,1.0,0.9885746244806648,0.9885746244806648,746
6bba_3c5691b6,6bba,0.9999,6135,6258.0,0.9803451581975072,0.9986928104575163,0.9973190348525469,1.0019654841802492,0.999279249638211,746
6bba_3db54e20,6bba,0.965,29283,23236.0,1.2602427268032363,0.9960159362549801,0.9915611814345991,0.9739757273196764,0.9657565228697214,474
6bba_3db54e20,6bba,0.98,29063,23236.0,1.2507746600103289,0.9960159362549801,0.9915611814345991,0.9749225339989671,0.9666953396192289,474
6bba_3db54e20,6bba,0.99,28746,23236.0,1.2371320364950937,0.9960159362549801,0.9915611814345991,0.9762867963504906,0.9680480892082924,474
6bba_3db54e20,6bba,0.995,28398,23236.0,1.2221552762954038,0.9960159362549801,0.9915611814345991,0.9777844723704596,0.9695331266120591,474
6bba_3db54e20,6bba,0.998,27757,23236.0,1.1945687725942502,0.9960159362549801,0.9915611814345991,0.980543122740575,0.9722684972322156,474
6bba_3db54e20,6bba,0.999,27111,23236.0,1.1667670855568946,0.9960159362549801,0.9915611814345991,0.9833232914443105,0.9750252045966792,474
6bba_3db54e20,6bba,0.9995,26242,23236.0,1.1293682217249097,0.9920318725099602,0.9831223628691983,0.9870631778275091,0.9704038836869604,474
6bba_3db54e20,6bba,0.9999,21880,23236.0,0.941642279221897,0.9641434262948207,0.9430379746835443,1.0058357720778104,0.9485413293645174,474
6bba_3fda6b25,6bba,0.965,15969,9842.0,1.622536069904491,0.9966859983429992,0.9957591178965225,0.9377463930095509,0.933769521113836,1179
6bba_3fda6b25,6bba,0.98,15041,9842.0,1.528246291404186,0.9966859983429992,0.9957591178965225,0.9471753708595814,0.9431585117804483,1179
6bba_3fda6b25,6bba,0.99,13906,9842.0,1.4129242023978865,0.9966859983429992,0.9957591178965225,0.9587075797602114,0.9546418139427381,1179
6bba_3fda6b25,6bba,0.995,12645,9842.0,1.2847998374314165,0.9966859983429992,0.9957591178965225,0.9715200162568584,0.9673999144067444,1179
6bba_3fda6b25,6bba,0.998,11217,9842.0,1.1397073765494818,0.9966859983429992,0.9957591178965225,0.9860292623450518,0.9818476284928676,1179
6bba_3fda6b25,6bba,0.999,10234,9842.0,1.0398293029871977,0.9966859983429992,0.9957591178965225,0.9960170697012802,0.9917930787356259,1179
6bba_3fda6b25,6bba,0.9995,9465,9842.0,0.9616947774842511,0.9966859983429992,0.9957591178965225,1.0038305222515749,0.9995733953548337,1179
6bba_3fda6b25,6bba,0.9999,7918,9842.0,0.8045112781954887,0.9950289975144988,0.9940627650551315,1.019548872180451,1.01349557098854,1179
6bba_43fea39d,6bba,0.965,8234,5748.0,1.4324982602644398,0.9967032967032967,0.9943181818181818,0.956750173973556,0.9513140934396153,880
6bba_43fea39d,6bba,0.98,8097,5748.0,1.4086638830897704,0.9967032967032967,0.9943181818181818,0.959133611691023,0.9536839888973239,880
6bba_43fea39d,6bba,0.99,7943,5748.0,1.3818719554627696,0.9967032967032967,0.9943181818181818,0.9618128044537231,0.9563479589738724,880
6bba_43fea39d,6bba,0.995,7779,5748.0,1.3533402922755742,0.9967032967032967,0.9943181818181818,0.9646659707724425,0.9591849141203264,880
6bba_43fea39d,6bba,0.998,7552,5748.0,1.313848295059151,0.9967032967032967,0.9943181818181818,0.9686151704940849,0.9631116752071865,880
6bba_43fea39d,6bba,0.999,7349,5748.0,1.2785316631871955,0.9967032967032967,0.9943181818181818,0.9721468336812804,0.9666232721262731,880
6bba_43fea39d,6bba,0.9995,7138,5748.0,1.2418232428670841,0.9967032967032967,0.9943181818181818,0.9758176757132916,0.9702732571012842,880
6bba_43fea39d,6bba,0.9999,6501,5748.0,1.1310020876826723,0.9945054945054945,0.9920454545454546,0.9868997912317328,0.9790494519832985,880
6bba_474be664,6bba,0.965,38033,28293.0,1.3442547626621426,0.9897260273972602,0.9825174825174825,0.9655745237337857,0.9486938502419363,286
6bba_474be664,6bba,0.98,36395,28293.0,1.286360583890008,0.9863013698630136,0.9755244755244755,0.9713639416109991,0.9475892996834572,286
6bba_474be664,6bba,0.99,34150,28293.0,1.2070123352065882,0.9828767123287672,0.9685314685314685,0.9792987664793412,0.948481672429292,286
6bba_474be664,6bba,0.995,31606,28293.0,1.1170961015092071,0.976027397260274,0.9545454545454546,0.9882903898490792,0.9433680994013939,286
6bba_474be664,6bba,0.998,27817,28293.0,0.9831760506132259,0.9623287671232876,0.9405594405594405,1.0016823949386775,0.942141833001763,286
6bba_474be664,6bba,0.999,24621,28293.0,0.8702152475877426,0.9417808219178082,0.9230769230769231,1.0129784752412256,0.9350570540688237,286
6bba_474be664,6bba,0.9995,21498,28293.0,0.7598345880606511,0.934931506849315,0.9125874125874126,1.0240165411939348,0.9345046057748846,286
6bba_474be664,6bba,0.9999,13327,28293.0,0.4710352383981904,0.8732876712328768,0.8321678321678322,1.052896476160181,0.8761865780633673,286
6bba_48816121,6bba,0.965,28757,23965.0,1.199958272480701,0.9935828877005347,0.9880174291938998,0.9800041727519299,0.9682612033616562,918
6bba_48816121,6bba,0.98,28588,23965.0,1.1929063217191738,0.9935828877005347,0.9880174291938998,0.9807093678280826,0.9689579483878769,918
6bba_48816121,6bba,0.99,28391,23965.0,1.1846860004172752,0.9935828877005347,0.9880174291938998,0.9815313999582724,0.9697701304598617,918
6bba_48816121,6bba,0.995,28165,23965.0,1.1752555810557062,0.9935828877005347,0.9880174291938998,0.9824744418944293,0.9707018723292455,918
6bba_48816121,6bba,0.998,27795,23965.0,1.1598163989150845,0.9935828877005347,0.9880174291938998,0.9840183601084915,0.9722272904339889,918
6bba_48816121,6bba,0.999,27491,23965.0,1.1471312330481953,0.9935828877005347,0.9880174291938998,0.9852868766951804,0.9734806069308591,918
6bba_48816121,6bba,0.9995,27107,23965.0,1.1311078656373879,0.9935828877005347,0.9880174291938998,0.9868892134362612,0.9750637435584847,918
6bba_48816121,6bba,0.9999,25387,23965.0,1.0593365324431463,0.9871657754010695,0.9760348583877996,0.9940663467556854,0.9702434059837627,918
6bba_4aa14c89,6bba,0.965,10758,6787.0,1.5850891410048622,0.9957567185289957,0.9926578560939795,0.9414910858995138,0.934578522860604,681
6bba_4aa14c89,6bba,0.98,10482,6787.0,1.5444231619272137,0.9957567185289957,0.9926578560939795,0.9455576838072787,0.9386152632213222,681
6bba_4aa14c89,6bba,0.99,10157,6787.0,1.4965374981582438,0.9957567185289957,0.9926578560939795,0.9503462501841756,0.9433686712547764,681
6bba_4aa14c89,6bba,0.995,9791,6787.0,1.442610873729188,0.9957567185289957,0.9926578560939795,0.9557389126270812,0.9487217399939897,681
6bba_4aa14c89,6bba,0.998,9229,6787.0,1.359805510534846,0.9943422913719944,0.9911894273127754,0.9640194489465154,0.9555258855196739,681
6bba_4aa14c89,6bba,0.999,8821,6787.0,1.2996905849418006,0.9943422913719944,0.9911894273127754,0.9700309415058199,0.961484413386826,681
6bba_4aa14c89,6bba,0.9995,8340,6787.0,1.2288198025637247,0.9943422913719944,0.9911894273127754,0.9771180197436276,0.9685090504066793,681
6bba_4aa14c89,6bba,0.9999,6693,6787.0,0.9861499926329748,0.9702970297029703,0.9574155653450808,1.0013850007367024,0.9587415866084141,681
6bba_4f99ce20,6bba,0.965,6969,5965.0,1.1683151718357083,0.9981078524124882,0.997029702970297,0.9831684828164292,0.980248180392222,1010
6bba_4f99ce20,6bba,0.98,6777,5965.0,1.136127409891031,0.9981078524124882,0.997029702970297,0.9863872590108969,0.9834573958653199,1010
6bba_4f99ce20,6bba,0.99,6563,5965.0,1.1002514668901928,0.9981078524124882,0.997029702970297,0.9899748533109807,0.9870343339447104,1010
6bba_4f99ce20,6bba,0.995,6381,5965.0,1.069740150880134,0.9981078524124882,0.997029702970297,0.9930259849119866,0.9900764027785847,1010
6bba_4f99ce20,6bba,0.998,6184,5965.0,1.0367141659681476,0.9981078524124882,0.997029702970297,0.9963285834031852,0.9933691915712946,1010
6bba_4f99ce20,6bba,0.999,6033,5965.0,1.0113998323554065,0.9981078524124882,0.997029702970297,0.9988600167644593,0.9958931058235748,1010
6bba_4f99ce20,6bba,0.9995,5873,5965.0,0.9845766974015088,0.9981078524124882,0.997029702970297,1.0015423302598492,0.9985674520511566,1010
6bba_4f99ce20,6bba,0.9999,5476,5965.0,0.91802179379715,0.9971617786187322,0.996039603960396,1.008197820620285,1.004204957964363,1010
6bba_4ffd3da3,6bba,0.965,25818,17637.0,1.4638543970062936,0.9971671388101983,0.9956458635703919,0.9536145602993706,0.9494623924025664,689
6bba_4ffd3da3,6bba,0.98,25628,17637.0,1.453081589839542,0.9971671388101983,0.9956458635703919,0.9546918410160458,0.9505349824920282,689
6bba_4ffd3da3,6bba,0.99,25352,17637.0,1.4374326699552078,0.9971671388101983,0.9956458635703919,0.9562567330044792,0.9520930607272463,689
6bba_4ffd3da3,6bba,0.995,25032,17637.0,1.4192889947269944,0.9971671388101983,0.9956458635703919,0.9580711005273006,0.95389952824634,689
6bba_4ffd3da3,6bba,0.998,24415,17637.0,1.3843057209275953,0.9957507082152974,0.9927431059506531,0.9615694279072404,0.9545914204478264,689
6bba_4ffd3da3,6bba,0.999,23802,17637.0,1.3495492430685492,0.9957507082152974,0.9927431059506531,0.9650450756931451,0.9580418458259959,689
6bba_4ffd3da3,6bba,0.9995,23053,17637.0,1.307081703237512,0.9943342776203966,0.9898403483309144,0.9692918296762488,0.9594441623210475,689
6bba_4ffd3da3,6bba,0.9999,20122,17637.0,1.1408969779440947,0.9759206798866855,0.9593613933236574,0.9859103022055905,0.9458442812161035,689
6bba_55b7eebe,6bba,0.965,5935,5257.0,1.1289708959482594,0.9985815602836879,0.997093023255814,0.9871029104051741,0.9842334252005078,688
6bba_55b7eebe,6bba,0.98,5764,5257.0,1.096442838120601,0.9985815602836879,0.997093023255814,0.9903557161879399,0.9874767751525099,688
6bba_55b7eebe,6bba,0.99,5564,5257.0,1.0583983260414684,0.9985815602836879,0.997093023255814,0.9941601673958531,0.9912701669092373,688
6bba_55b7eebe,6bba,0.995,5379,5257.0,1.0232071523682709,0.9985815602836879,0.997093023255814,0.9976792847631729,0.9947790542842102,688
6bba_55b7eebe,6bba,0.998,5139,5257.0,0.9775537378733118,0.9985815602836879,0.997093023255814,1.0022446262126687,0.9993311243922831,688
6bba_55b7eebe,6bba,0.999,4953,5257.0,0.9421723416397185,0.9985815602836879,0.997093023255814,1.005782765836028,1.0028589787260396,688
6bba_55b7eebe,6bba,0.9995,4797,5257.0,0.912497622217995,0.9985815602836879,0.997093023255814,1.0087502377782005,1.0058178242962872,688
6bba_55b7eebe,6bba,0.9999,4430,5257.0,0.8426859425527867,0.9985815602836879,0.997093023255814,1.0157314057447213,1.012778698169882,688
6bba_55c70843,6bba,0.965,53147,35415.0,1.5006917972610476,0.9857142857142858,0.9785867237687366,0.9499308202738952,0.9295896892187796,467
6bba_55c70843,6bba,0.98,52211,35415.0,1.47426231822674,0.9857142857142858,0.9785867237687366,0.952573768177326,0.9321760429486894,467
6bba_55c70843,6bba,0.99,50785,35415.0,1.4339968939714811,0.9857142857142858,0.9785867237687366,0.9566003106028519,0.9361163639090007,467
6bba_55c70843,6bba,0.995,48907,35415.0,1.3809685161654666,0.9857142857142858,0.9785867237687366,0.9619031483834534,0.9413056505593965,467
6bba_55c70843,6bba,0.998,45491,35415.0,1.2845122123394042,0.9857142857142858,0.9785867237687366,0.9715487787660596,0.9507447363941953,467
6bba_55c70843,6bba,0.999,41949,35415.0,1.1844980940279544,0.9816326530612245,0.9721627408993576,0.9815501905972046,0.9542265236212653,467
6bba_55c70843,6bba,0.9995,37751,35415.0,1.065960751094169,0.9653061224489796,0.9486081370449678,0.993403924890583,0.9423510465236151,467
6bba_55c70843,6bba,0.9999,22524,35415.0,0.636001694197374,0.8448979591836735,0.7901498929336188,1.0363998305802626,0.8189112151694152,467
6bba_57b7cc1e,6bba,0.965,110547,65511.0,1.6874570682786096,0.9843279083785413,0.9736180904522613,0.931254293172139,0.9066860266437283,1592
6bba_57b7cc1e,6bba,0.98,109052,65511.0,1.664636473264032,0.9843279083785413,0.9736180904522613,0.9335363526735968,0.9089078810578362,1592
6bba_57b7cc1e,6bba,0.99,106694,65511.0,1.6286425180504038,0.9843279083785413,0.9736180904522613,0.9371357481949596,0.9124123176521278,1592
6bba_57b7cc1e,6bba,0.995,103369,65511.0,1.577887682984537,0.9837251356238698,0.9723618090452262,0.9422112317015463,0.9161702177600464,1592
6bba_57b7cc1e,6bba,0.998,97174,65511.0,1.483323411335501,0.9789029535864979,0.9660804020100503,0.9516676588664499,0.9193874744576633,1592
6bba_57b7cc1e,6bba,0.999,90545,65511.0,1.382134298056815,0.9686558167570826,0.9491206030150754,0.9617865701943185,0.9128514494746327,1592
6bba_57b7cc1e,6bba,0.9995,81866,65511.0,1.249652730075865,0.9529837251356239,0.925251256281407,0.9750347269924134,0.9021521060677292,1592
6bba_57b7cc1e,6bba,0.9999,47230,65511.0,0.7209476271160569,0.7408077154912598,0.6293969849246231,1.0279052372883943,0.6469604571375447,1592
6bba_5a4d9360,6bba,0.965,6751,5976.0,1.1296854082998662,0.998661311914324,0.997229916897507,0.9870314591700133,0.9842973000033374,722
6bba_5a4d9360,6bba,0.98,6626,5976.0,1.108768406961178,0.998661311914324,0.997229916897507,0.9891231593038822,0.98638320595401,722
6bba_5a4d9360,6bba,0.99,6447,5976.0,1.0788152610441768,0.998661311914324,0.997229916897507,0.9921184738955823,0.9893702232753729,722
6bba_5a4d9360,6bba,0.995,6290,5976.0,1.0525435073627845,0.998661311914324,0.997229916897507,0.9947456492637216,0.9919901211494176,722
6bba_5a4d9360,6bba,0.998,6083,5976.0,1.017904953145917,0.998661311914324,0.997229916897507,0.9982095046854083,0.9954443814037313,722
6bba_5a4d9360,6bba,0.999,5916,5976.0,0.9899598393574297,0.9973226238286479,0.9958448753462604,1.001004016064257,0.9968447195986161,722
6bba_5a4d9360,6bba,0.9995,5777,5976.0,0.9667001338688086,0.9973226238286479,0.9958448753462604,1.0033299866131191,0.9991610254499067,722
6bba_5a4d9360,6bba,0.9999,5409,5976.0,0.9051204819277109,0.9892904953145917,0.9861495844875346,1.0094879518072288,0.9955061242198712,722
6bba_5b28472a,6bba,0.965,8669,5802.0,1.494139951740779,0.9905020352781547,0.9861878453038674,0.9505860048259221,0.9374563638752879,724
6bba_5b28472a,6bba,0.98,8379,5802.0,1.4441571871768355,0.9905020352781547,0.9861878453038674,0.9555842812823164,0.9423856033640524,724
6bba_5b28472a,6bba,0.99,8048,5802.0,1.387107893829714,0.9905020352781547,0.9861878453038674,0.9612892106170287,0.948011735332263,724
6bba_5b28472a,6bba,0.995,7661,5802.0,1.320406756290934,0.9905020352781547,0.9861878453038674,0.9679593243709066,0.9545897204431316,724
6bba_5b28472a,6bba,0.998,7219,5802.0,1.2442261289210617,0.9905020352781547,0.9861878453038674,0.9755773871078939,0.9621025613191108,724
6bba_5b28472a,6bba,0.999,6869,5802.0,1.1839021027231988,0.9905020352781547,0.9861878453038674,0.9816097897276801,0.9680516434607231,724
6bba_5b28472a,6bba,0.9995,6513,5802.0,1.122543950361944,0.9877883310719131,0.9834254143646409,0.9877456049638056,0.9713741308483834,724
6bba_5b28472a,6bba,0.9999,5684,5802.0,0.979662185453292,0.9864314789687924,0.9820441988950276,1.0020337814546707,0.9840414621744072,724
6bba_5c039895,6bba,0.965,10127,8570.0,1.1816802800466744,0.9982964224872232,0.9973799126637555,0.9818319719953326,0.9792594864791876,1145
6bba_5c039895,6bba,0.98,9937,8570.0,1.15950991831972,0.9982964224872232,0.9973799126637555,0.984049008168028,0.9814707138234829,1145
6bba_5c039895,6bba,0.99,9720,8570.0,1.134189031505251,0.9982964224872232,0.9973799126637555,0.9865810968494749,0.9839961682114414,1145
6bba_5c039895,6bba,0.995,9542,8570.0,1.113418903150525,0.9982964224872232,0.9973799126637555,0.9886581096849475,0.9860677390918865,1145
6bba_5c039895,6bba,0.998,9279,8570.0,1.0827304550758459,0.9982964224872232,0.9973799126637555,0.9917269544924154,0.9891285432579375,1145
6bba_5c039895,6bba,0.999,9095,8570.0,1.061260210035006,0.9982964224872232,0.9973799126637555,0.9938739789964994,0.9912699423703077,1145
6bba_5c039895,6bba,0.9995,8933,8570.0,1.0423570595099183,0.9974446337308348,0.9956331877729258,0.9957642940490081,0.9914159783544709,1145
6bba_5c039895,6bba,0.9999,8453,8570.0,0.9863477246207701,0.9940374787052811,0.9895196506550218,1.001365227537923,0.990870570131412,1145
6bba_5c824876,6bba,0.965,30222,24647.0,1.2261938572645759,0.9982905982905983,0.9964601769911504,0.9773806142735424,0.9739208598867334,1130
6bba_5c824876,6bba,0.98,29922,24647.0,1.214021990505944,0.9974358974358974,0.995575221238938,0.9785978009494056,0.9742677221841428,1130
6bba_5c824876,6bba,0.99,29612,24647.0,1.2014443948553577,0.9965811965811966,0.9946902654867257,0.9798555605144642,0.9746527876267768,1130
6bba_5c824876,6bba,0.995,29211,24647.0,1.1851746662879863,0.9957264957264957,0.9938053097345133,0.9814825333712014,0.9754025530759816,1130
6bba_5c824876,6bba,0.998,28564,24647.0,1.158924006978537,0.9948717948717949,0.9920353982300885,0.9841075993021463,0.9762695741749611,1130
6bba_5c824876,6bba,0.999,27930,24647.0,1.1332007952286283,0.9923076923076923,0.988495575221239,0.9866799204771372,0.9753287355512941,1130
6bba_5c824876,6bba,0.9995,27229,24647.0,1.1047591999026252,0.9888888888888889,0.9823008849557522,0.9895240800097375,0.9720103794785916,1130
6bba_5c824876,6bba,0.9999,24139,24647.0,0.9793889722887167,0.9735042735042735,0.9619469026548673,1.0020611027711284,0.9639295740816075,1130
6bba_5dfe9ad1,6bba,0.965,35292,26913.0,1.3113365288150707,0.9980544747081712,0.995965030262273,0.968866347118493,0.9649570007279678,1487
6bba_5dfe9ad1,6bba,0.98,34969,26913.0,1.2993348939174376,0.9980544747081712,0.995965030262273,0.9700665106082562,0.9661523215943695,1487
6bba_5dfe9ad1,6bba,0.99,34537,26913.0,1.2832831717014082,0.9980544747081712,0.995965030262273,0.9716716828298592,0.9677510169946344,1487
6bba_5dfe9ad1,6bba,0.995,34089,26913.0,1.2666369412551555,0.9980544747081712,0.995965030262273,0.9733363058744845,0.96940892333565,1487
6bba_5dfe9ad1,6bba,0.998,33370,26913.0,1.2399212276594953,0.9980544747081712,0.995965030262273,0.9760078772340505,0.9720697149856279,1487
6bba_5dfe9ad1,6bba,0.999,32756,26913.0,1.2171069743246758,0.9980544747081712,0.995965030262273,0.9782893025675324,0.9743419348369304,1487
6bba_5dfe9ad1,6bba,0.9995,32006,26913.0,1.189239401032958,0.9961089494163424,0.9926025554808339,0.9810760598967042,0.9738186041745363,1487
6bba_5dfe9ad1,6bba,0.9999,29150,26913.0,1.0831196819380968,0.9675745784695201,0.9522528581035642,0.9916880318061904,0.944337762634543,1487
6bba_5f89039d,6bba,0.965,5208,4611.0,1.129472999349382,0.9977876106194691,0.9977401129943503,0.9870527000650618,0.9848220724942933,885
6bba_5f89039d,6bba,0.98,5073,4611.0,1.100195185426155,0.9977876106194691,0.9977401129943503,0.9899804814573845,0.9877432374314921,885
6bba_5f89039d,6bba,0.99,4924,4611.0,1.0678811537627413,0.9977876106194691,0.9977401129943503,0.9932118846237259,0.9909673379918079,885
6bba_5f89039d,6bba,0.995,4769,4611.0,1.034265885924962,0.9977876106194691,0.9977401129943503,0.9965734114075038,0.994321268104888,885
6bba_5f89039d,6bba,0.998,4560,4611.0,0.988939492517892,0.9977876106194691,0.9977401129943503,1.0011060507482108,0.9988436641928476,885
6bba_5f89039d,6bba,0.999,4410,4611.0,0.9564085881587508,0.9977876106194691,0.9977401129943503,1.0043591411841248,1.0020894030119574,885
6bba_5f89039d,6bba,0.9995,4288,4611.0,0.9299501192799826,0.9977876106194691,0.9977401129943503,1.0070049880720018,1.0047292705848334,885
6bba_5f89039d,6bba,0.9999,3942,4611.0,0.8549121665582303,0.9977876106194691,0.9977401129943503,1.014508783344177,1.01221610812758,885
6bba_61dd1e0d,6bba,0.965,13368,10128.0,1.319905213270142,0.996415770609319,0.994475138121547,0.9680094786729858,0.9626613600062842,543
6bba_61dd1e0d,6bba,0.98,13034,10128.0,1.2869273301737756,0.996415770609319,0.994475138121547,0.9713072669826224,0.9659409284910057,543
6bba_61dd1e0d,6bba,0.99,12636,10128.0,1.2476303317535544,0.996415770609319,0.994475138121547,0.9752369668246446,0.9698489172841769,543
6bba_61dd1e0d,6bba,0.995,12183,10128.0,1.2029028436018958,0.996415770609319,0.994475138121547,0.9797097156398105,0.9742969547799221,543
6bba_61dd1e0d,6bba,0.998,11553,10128.0,1.1406990521327014,0.996415770609319,0.994475138121547,0.9859300947867299,0.9804829671912231,543
6bba_61dd1e0d,6bba,0.999,11015,10128.0,1.0875789889415481,0.996415770609319,0.994475138121547,0.9912421011058452,0.9857656254091278,543
6bba_61dd1e0d,6bba,0.9995,10421,10128.0,1.028929699842022,0.996415770609319,0.994475138121547,0.9971070300157978,0.991598151396926,543
6bba_61dd1e0d,6bba,0.9999,8483,10128.0,0.8375789889415481,0.992831541218638,0.988950276243094,1.0162421011058451,1.0050129066184876,543
6bba_61ecbe65,6bba,0.965,7660,5774.0,1.3266366470384483,0.996875,0.995114006514658,0.9673363352961551,0.9626099362637635,614
6bba_61ecbe65,6bba,0.98,7436,5774.0,1.2878420505715276,0.996875,0.995114006514658,0.9712157949428473,0.9664704408958953,614
6bba_61ecbe65,6bba,0.99,7224,5774.0,1.251125736058192,0.996875,0.995114006514658,0.9748874263941808,0.970124132779877,614
6bba_61ecbe65,6bba,0.995,6990,5774.0,1.2105992379632837,0.996875,0.995114006514658,0.9789400762036716,0.9741569813688002,614
6bba_61ecbe65,6bba,0.998,6656,5774.0,1.1527537235885001,0.996875,0.995114006514658,0.98472462764115,0.9799132695256395,614
6bba_61ecbe65,6bba,0.999,6439,5774.0,1.1151714582611707,0.996875,0.995114006514658,0.9884828541738829,0.9836531333880171,614
6bba_61ecbe65,6bba,0.9995,6208,5774.0,1.075164530654659,0.996875,0.995114006514658,0.9924835469345341,0.9876342787899028,614
6bba_61ecbe65,6bba,0.9999,5659,5774.0,0.9800831312781434,0.996875,0.995114006514658,1.0019916868721856,0.9970959620177613,614
6bba_6321a359,6bba,0.965,7690,4821.0,1.5951047500518565,0.9975816203143894,0.9962406015037594,0.9404895249948143,0.9369538500888187,798
6bba_6321a359,6bba,0.98,7369,4821.0,1.5285210537232938,0.9975816203143894,0.9962406015037594,0.9471478946276706,0.9435871882568898,798
6bba_6321a359,6bba,0.99,7006,4821.0,1.453225471893798,0.9975816203143894,0.9962406015037594,0.9546774528106202,0.9510884398301291,798
6bba_6321a359,6bba,0.995,6647,4821.0,1.3787595934453434,0.9975816203143894,0.9962406015037594,0.9621240406554656,0.9585070329838286,798
6bba_6321a359,6bba,0.998,6212,4821.0,1.2885293507571043,0.9975816203143894,0.9962406015037594,0.9711470649242896,0.9674961361087847,798
6bba_6321a359,6bba,0.999,5900,4821.0,1.2238124870358846,0.9975816203143894,0.9962406015037594,0.9776187512964115,0.9739434928328912,798
6bba_6321a359,6bba,0.9995,5645,4821.0,1.1709188964945032,0.9975816203143894,0.9962406015037594,0.9829081103505497,0.9792129670785551,798
6bba_6321a359,6bba,0.9999,4980,4821.0,1.0329807093963908,0.9963724304715841,0.9949874686716792,0.9967019290603609,0.991705929415948,798
6bba_6479435d,6bba,0.965,37105,23453.0,1.5821003709546753,0.9886547811993517,0.9775862068965517,0.9417899629045324,0.920680877529086,580
6bba_6479435d,6bba,0.98,36770,23453.0,1.5678164840318936,0.9886547811993517,0.9775862068965517,0.9432183515968107,0.9220772506127443,580
6bba_6479435d,6bba,0.99,36273,23453.0,1.5466251652240652,0.9886547811993517,0.9775862068965517,0.9453374834775935,0.9241488847099922,580
6bba_6479435d,6bba,0.995,35661,23453.0,1.520530422547222,0.9886547811993517,0.9775862068965517,0.9479469577452778,0.926699870761332,580
6bba_6479435d,6bba,0.998,34523,23453.0,1.4720078454781904,0.9886547811993517,0.9775862068965517,0.9527992154521809,0.931443370967908,580
6bba_6479435d,6bba,0.999,33429,23453.0,1.425361361019912,0.9870340356564019,0.9741379310344828,0.9574638638980087,0.9327018674178879,580
6bba_6479435d,6bba,0.9995,32098,23453.0,1.3686095595446213,0.9837925445705025,0.9706896551724138,0.9631390440455379,0.9349091065476514,580
6bba_6479435d,6bba,0.9999,26539,23453.0,1.1315823135632967,0.9367909238249594,0.903448275862069,0.9868417686436703,0.8915604944297988,580
6bba_67ebd073,6bba,0.965,23097,16061.0,1.4380798206836436,0.974025974025974,0.95662100456621,0.9561920179316357,0.9147133687519529,438
6bba_67ebd073,6bba,0.98,22719,16061.0,1.414544548907291,0.974025974025974,0.95662100456621,0.9585455451092709,0.9169648022848962,438
6bba_67ebd073,6bba,0.99,22139,16061.0,1.3784322271340514,0.974025974025974,0.95662100456621,0.9621567772865949,0.9204193828380896,438
6bba_67ebd073,6bba,0.995,21462,16061.0,1.3362804308573564,0.974025974025974,0.95662100456621,0.9663719569142644,0.9244517122079378,438
6bba_67ebd073,6bba,0.998,20272,16061.0,1.2621879085984684,0.974025974025974,0.95662100456621,0.9737812091401532,0.931539558515352,438
6bba_67ebd073,6bba,0.999,19216,16061.0,1.1964385779216735,0.974025974025974,0.95662100456621,0.9803561422078326,0.9378292775915111,438
6bba_67ebd073,6bba,0.9995,18004,16061.0,1.1209762779403525,0.974025974025974,0.95662100456621,0.9879023722059648,0.9450481597130119,438
6bba_67ebd073,6bba,0.9999,14276,16061.0,0.8888612166116681,0.9675324675324676,0.9474885844748858,1.0111138783388331,0.9580188573301729,438
6bba_6ca87370,6bba,0.965,8464,7195.0,1.1763724808895066,0.9972247918593895,0.9961977186311787,0.9823627519110494,0.9786275323220339,1052
6bba_6ca87370,6bba,0.98,8280,7195.0,1.1507991660875607,0.9972247918593895,0.9961977186311787,0.9849200833912439,0.9811751401083875,1052
6bba_6ca87370,6bba,0.99,8031,7195.0,1.1161917998610147,0.9972247918593895,0.9961977186311787,0.9883808200138985,0.9846227180366594,1052
6bba_6ca87370,6bba,0.995,7837,7195.0,1.0892286309937456,0.9972247918593895,0.9961977186311787,0.9910771369006255,0.9873087827679234,1052
6bba_6ca87370,6bba,0.998,7581,7195.0,1.0536483669214733,0.9972247918593895,0.9961977186311787,0.9946351633078526,0.9908532805576327,1052
6bba_6ca87370,6bba,0.999,7414,7195.0,1.0304378040305768,0.9972247918593895,0.9961977186311787,0.9969562195969424,0.9931655115376383,1052
6bba_6ca87370,6bba,0.9995,7215,7195.0,1.0027797081306462,0.9972247918593895,0.9961977186311787,0.9997220291869354,0.9959208047413577,1052
6bba_6ca87370,6bba,0.9999,6682,7195.0,0.9287004864489229,0.9972247918593895,0.9961977186311787,1.0071299513551077,1.0033005599050884,1052
6bba_6db0e9b4,6bba,0.965,33473,28435.0,1.1771760154738877,0.9977728285077951,0.9954545454545455,0.9822823984526112,0.9778174784596448,440
6bba_6db0e9b4,6bba,0.98,32800,28435.0,1.1535080007033585,0.9977728285077951,0.9954545454545455,0.9846491999296642,0.9801735217481657,440
6bba_6db0e9b4,6bba,0.99,31848,28435.0,1.1200281343414806,0.9977728285077951,0.9954545454545455,0.9879971865658519,0.9835062902632798,440
6bba_6db0e9b4,6bba,0.995,30745,28435.0,1.081237911025145,0.9977728285077951,0.9954545454545455,0.9918762088974855,0.9873676806752243,440
6bba_6db0e9b4,6bba,0.998,28881,28435.0,1.0156848953754176,0.9977728285077951,0.9954545454545455,0.9984315104624583,0.9938931854149017,440
6bba_6db0e9b4,6bba,0.999,27224,28435.0,0.9574116405837876,0.9977728285077951,0.9954545454545455,1.0042588359416214,0.9996940230509777,440
6bba_6db0e9b4,6bba,0.9995,25403,28435.0,0.8933708457886408,0.9977728285077951,0.9954545454545455,1.010662915421136,1.0060689930783127,440
6bba_6db0e9b4,6bba,0.9999,19611,28435.0,0.689678213469316,0.9955456570155902,0.9931818181818182,1.0310321786530685,1.0240024137986157,440
6bba_6feb10f0,6bba,0.965,20963,8862.0,2.3654931166779507,0.9634502923976608,0.9419210722263589,0.8634506883322048,0.8133023981684581,1343
6bba_6feb10f0,6bba,0.98,20226,8862.0,2.282329045362221,0.9634502923976608,0.9419210722263589,0.871767095463778,0.8211357972909004,1343
6bba_6feb10f0,6bba,0.99,19290,8862.0,2.176709546377793,0.9634502923976608,0.9419210722263589,0.8823290453622207,0.8310843204640426,1343
6bba_6feb10f0,6bba,0.995,18072,8862.0,2.039268788083954,0.9634502923976608,0.9419210722263589,0.8960731211916046,0.8440301551060163,1343
6bba_6feb10f0,6bba,0.998,16092,8862.0,1.8158429248476642,0.9634502923976608,0.9419210722263589,0.9184157075152336,0.8650751079722788,1343
6bba_6feb10f0,6bba,0.999,14407,8862.0,1.6257052584066802,0.9634502923976608,0.9419210722263589,0.937429474159332,0.8829845754367498,1343
6bba_6feb10f0,6bba,0.9995,12718,8862.0,1.435116226585421,0.9627192982456141,0.9404318689501117,0.9564883773414579,0.8995121523322869,1343
6bba_6feb10f0,6bba,0.9999,8198,8862.0,0.9250733468742948,0.9451754385964912,0.9166046165301563,1.0074926653125704,0.9234724281457738,1343
6bba_6feeb0b1,6bba,0.965,9642,7518.0,1.2825219473264167,0.9978401727861771,0.996276991809382,0.9717478052673584,0.968129980229133,1343
6bba_6feeb0b1,6bba,0.98,9364,7518.0,1.2455440276669327,0.9978401727861771,0.996276991809382,0.9754455972333067,0.9718140052853048,1343
6bba_6feeb0b1,6bba,0.99,9061,7518.0,1.205240755520085,0.9978401727861771,0.996276991809382,0.9794759244479915,0.9758293275587585,1343
6bba_6feeb0b1,6bba,0.995,8758,7518.0,1.1649374833732375,0.9978401727861771,0.996276991809382,0.9835062516626762,0.9798446498322121,1343
6bba_6feeb0b1,6bba,0.998,8367,7518.0,1.1129289704708698,0.9978401727861771,0.996276991809382,0.988707102952913,0.9850261383104971,1343
6bba_6feeb0b1,6bba,0.999,8024,7518.0,1.0673051343442406,0.9964002879769619,0.9940431868950111,0.9932694865655759,0.9873527658712166,1343
6bba_6feeb0b1,6bba,0.9995,7710,7518.0,1.025538707102953,0.9956803455723542,0.9932985852568875,0.9974461292897047,0.9907618290934221,1343
6bba_6feeb0b1,6bba,0.9999,6919,7518.0,0.9203245544027667,0.9827213822894169,0.9731943410275503,1.0079675445597234,0.980948310304958,1343
6bba_705ec2c9,6bba,0.965,10705,5600.0,1.9116071428571428,0.9932885906040269,0.9857651245551602,0.9088392857142857,0.8959020716827657,562
6bba_705ec2c9,6bba,0.98,10528,5600.0,1.88,0.9932885906040269,0.9857651245551602,0.912,0.8990177935943061,562
6bba_705ec2c9,6bba,0.99,10284,5600.0,1.8364285714285715,0.9932885906040269,0.9857651245551602,0.9163571428571429,0.9033129130655821,562
6bba_705ec2c9,6bba,0.995,10013,5600.0,1.7880357142857144,0.9932885906040269,0.9857651245551602,0.9211964285714286,0.908083312150483,562
6bba_705ec2c9,6bba,0.998,9628,5600.0,1.7192857142857143,0.9932885906040269,0.9857651245551602,0.9280714285714285,0.9148604473817997,562
6bba_705ec2c9,6bba,0.999,9305,5600.0,1.6616071428571428,0.9932885906040269,0.9857651245551602,0.9338392857142858,0.9205461997966448,562
6bba_705ec2c9,6bba,0.9995,8997,5600.0,1.606607142857143,0.9916107382550335,0.9822064056939501,0.9393392857142857,0.922625063548551,562
6bba_705ec2c9,6bba,0.9999,8220,5600.0,1.4678571428571427,0.9916107382550335,0.9822064056939501,0.9532142857142857,0.9362531774275545,562
6bba_718b21f9,6bba,0.965,4914,4306.0,1.141198327914538,0.9984871406959153,0.9969325153374233,0.9858801672085462,0.9828559949164954,652
6bba_718b21f9,6bba,0.98,4806,4306.0,1.1161170459823502,0.9984871406959153,0.9969325153374233,0.988388295401765,0.9853564294649497,652
6bba_718b21f9,6bba,0.99,4655,4306.0,1.0810496980956805,0.9984871406959153,0.9969325153374233,0.9918950301904319,0.9888524073984367,652
6bba_718b21f9,6bba,0.995,4490,4306.0,1.042731072921505,0.9984871406959153,0.9969325153374233,0.9957268927078495,0.9926725157363531,652
6bba_718b21f9,6bba,0.998,4302,4306.0,0.9990710636321412,0.9984871406959153,0.9969325153374233,1.0000928936367859,0.9970251240244031,652
6bba_718b21f9,6bba,0.999,4197,4306.0,0.9746864839758477,0.9969742813918305,0.9938650306748467,1.0025313516024152,0.9963808525128299,652
6bba_718b21f9,6bba,0.9995,4105,4306.0,0.9533209475150952,0.9954614220877458,0.99079754601227,1.0046679052484906,0.9954224950774923,652
6bba_718b21f9,6bba,0.9999,3872,4306.0,0.89921040408732,0.9863842662632375,0.9831288343558282,1.010078959591268,0.993037750150311,652
6bba_74686d6a,6bba,0.965,35606,29803.0,1.1947119417508305,0.9965870307167235,0.9947916666666666,0.980528805824917,0.9754218849612455,576
6bba_74686d6a,6bba,0.98,34789,29803.0,1.167298594101265,0.9965870307167235,0.9947916666666666,0.9832701405898735,0.9781489419409679,576
6bba_74686d6a,6bba,0.99,33613,29803.0,1.1278394792470556,0.9965870307167235,0.9947916666666666,0.9872160520752944,0.9820743018040688,576
6bba_74686d6a,6bba,0.995,32252,29803.0,1.082172935610509,0.9965870307167235,0.9947916666666666,0.9917827064389491,0.9866171715095795,576
6bba_74686d6a,6bba,0.998,29885,29803.0,1.0027514008656846,0.9965870307167235,0.9947916666666666,0.9997248599134315,0.9945179596013823,576
6bba_74686d6a,6bba,0.999,27725,29803.0,0.9302754756232594,0.9965870307167235,0.9947916666666666,1.006972452437674,1.0017278042478943,576
6bba_74686d6a,6bba,0.9995,25318,29803.0,0.8495117941146865,0.9948805460750854,0.9930555555555556,1.0150488205885313,1.0079998704455555,576
6bba_74686d6a,6bba,0.9999,18129,29803.0,0.6082944669999665,0.9829351535836177,0.9756944444444444,1.0391705533000033,1.0139129356850727,576
6bba_767a1e17,6bba,0.965,63918,47714.0,1.339606823992958,0.9986072423398329,0.9969604863221885,0.9660393176007042,0.9631030278815531,658
6bba_767a1e17,6bba,0.98,63317,47714.0,1.3270109401852705,0.9986072423398329,0.9969604863221885,0.967298905981473,0.9643587877262101,658
6bba_767a1e17,6bba,0.99,62481,47714.0,1.3094898771848933,0.9986072423398329,0.9969604863221885,0.9690510122815107,0.9661055684751839,658
6bba_767a1e17,6bba,0.995,61406,47714.0,1.286959802154504,0.9986072423398329,0.9969604863221885,0.9713040197845496,0.9683517279311011,658
6bba_767a1e17,6bba,0.998,59313,47714.0,1.243094270025569,0.9958217270194986,0.9908814589665653,0.9756905729974431,0.9667936984716305,658
6bba_767a1e17,6bba,0.999,57149,47714.0,1.197740705034162,0.9930362116991643,0.9893617021276596,0.9802259294965838,0.9697979940764074,658
6bba_767a1e17,6bba,0.9995,54247,47714.0,1.1369199815567759,0.9874651810584958,0.9787234042553191,0.9863080018443224,0.9653227252093368,658
6bba_767a1e17,6bba,0.9999,41779,47714.0,0.8756130276229199,0.9080779944289693,0.851063829787234,1.012438697237708,0.8616499550959217,658
6bba_76db78c1,6bba,0.965,5695,4855.0,1.173017507723996,1.0,1.0,0.9826982492276004,0.9826982492276004,604
6bba_76db78c1,6bba,0.98,5578,4855.0,1.148918640576725,1.0,1.0,0.9851081359423275,0.9851081359423275,604
6bba_76db78c1,6bba,0.99,5430,4855.0,1.1184346035015449,1.0,1.0,0.9881565396498455,0.9881565396498455,604
6bba_76db78c1,6bba,0.995,5276,4855.0,1.086714727085479,1.0,1.0,0.9913285272914522,0.9913285272914522,604
6bba_76db78c1,6bba,0.998,5099,4855.0,1.0502574665293511,1.0,1.0,0.9949742533470649,0.9949742533470649,604
6bba_76db78c1,6bba,0.999,4938,4855.0,1.0170957775489187,1.0,1.0,0.9982904222451081,0.9982904222451081,604
6bba_76db78c1,6bba,0.9995,4817,4855.0,0.992173017507724,1.0,1.0,1.0007826982492276,1.0007826982492276,604
6bba_76db78c1,6bba,0.9999,4469,4855.0,0.9204943357363543,1.0,1.0,1.0079505664263646,1.0079505664263646,604
6bba_784a78c9,6bba,0.965,14809,13096.0,1.1308032987171655,0.9994407158836689,0.9988499137435307,0.9869196701282834,0.9857846273794296,1739
6bba_784a78c9,6bba,0.98,14604,13096.0,1.115149664019548,0.9994407158836689,0.9988499137435307,0.9884850335980452,0.9873481905461785,1739
6bba_784a78c9,6bba,0.99,14404,13096.0,1.0998778252901649,0.9994407158836689,0.9988499137435307,0.9900122174709836,0.9888736180259335,1739
6bba_784a78c9,6bba,0.995,14200,13096.0,1.0843005497861942,0.9994407158836689,0.9988499137435307,0.9915699450213806,0.9904295540552835,1739
6bba_784a78c9,6bba,0.998,13920,13096.0,1.062919975565058,0.9994407158836689,0.9988499137435307,0.9937080024434942,0.9925651525269404,1739
6bba_784a78c9,6bba,0.999,13722,13096.0,1.047800855222969,0.9994407158836689,0.9988499137435307,0.9952199144777031,0.9940753257318977,1739
6bba_784a78c9,6bba,0.9995,13486,13096.0,1.029780085522297,0.9994407158836689,0.9988499137435307,0.9970219914477703,0.9958753301580086,1739
6bba_784a78c9,6bba,0.9999,12676,13096.0,0.9679291386682957,0.9966442953020134,0.9942495687176538,1.0032070861331703,0.9974382127223987,1739
6bba_786893ac,6bba,0.965,90707,58979.0,1.5379541870835383,0.995221843003413,0.9913978494623656,0.9462045812916462,0.9380651870439761,1395
6bba_786893ac,6bba,0.98,88399,58979.0,1.498821614472948,0.995221843003413,0.9913978494623656,0.9501178385527052,0.941944781876983,1395
6bba_786893ac,6bba,0.99,85072,58979.0,1.4424117058614083,0.995221843003413,0.9913978494623656,0.9557588294138591,0.9475372480855679,1395
6bba_786893ac,6bba,0.995,80868,58979.0,1.3711320978653418,0.9945392491467577,0.9906810035842294,0.9628867902134658,0.9539136516666736,1395
6bba_786893ac,6bba,0.998,73731,58979.0,1.2501229251089372,0.9924914675767919,0.9863799283154122,0.9749877074891062,0.9617083050215127,1395
6bba_786893ac,6bba,0.999,67110,58979.0,1.1378626290713645,0.9829351535836177,0.9698924731182795,0.9862137370928635,0.9565212804922182,1395
6bba_786893ac,6bba,0.9995,59384,58979.0,1.0068668509130367,0.9761092150170648,0.9591397849462365,0.9993133149086963,0.9584811579554378,1395
6bba_786893ac,6bba,0.9999,32564,58979.0,0.5521287237830415,0.821160409556314,0.739068100358423,1.0447871276216958,0.7721688376902999,1395
6bba_789f8168,6bba,0.965,13109,10676.0,1.227894342450356,1.0,1.0,0.9772105657549645,0.9772105657549645,681
6bba_789f8168,6bba,0.98,12838,10676.0,1.202510303484451,1.0,1.0,0.9797489696515549,0.9797489696515549,681
6bba_789f8168,6bba,0.99,12550,10676.0,1.1755339078306482,1.0,1.0,0.9824466092169352,0.9824466092169352,681
6bba_789f8168,6bba,0.995,12279,10676.0,1.1501498688647434,1.0,1.0,0.9849850131135257,0.9849850131135257,681
6bba_789f8168,6bba,0.998,11895,10676.0,1.1141813413263395,0.9985974754558204,0.9970631424375918,0.9885818658673661,0.9856785417385339,681
6bba_789f8168,6bba,0.999,11651,10676.0,1.0913263394529786,0.9985974754558204,0.9970631424375918,0.9908673660547022,0.9879573297373608,681
6bba_789f8168,6bba,0.9995,11414,10676.0,1.06912701386287,0.9971949509116409,0.9941262848751835,0.993087298613713,0.9872541867275825,681
6bba_789f8168,6bba,0.9999,10554,10676.0,0.9885724990633196,0.9915848527349228,0.9853157121879589,1.001142750093668,0.9864416818103543,681
6bba_78a7bd97,6bba,0.965,53067,40613.0,1.3066505798635906,0.9943566591422122,0.9879807692307693,0.9693349420136409,0.9576842816529001,832
6bba_78a7bd97,6bba,0.98,52427,40613.0,1.2908920788909954,0.9943566591422122,0.9879807692307693,0.9709107921109005,0.959241191244183,832
6bba_78a7bd97,6bba,0.99,51406,40613.0,1.2657523453081525,0.9943566591422122,0.9879807692307693,0.9734247654691848,0.9617249485765264,832
6bba_78a7bd97,6bba,0.995,50041,40613.0,1.2321424174525397,0.9943566591422122,0.9879807692307693,0.976785758254746,0.9650455448141841,832
6bba_78a7bd97,6bba,0.998,47462,40613.0,1.1686405830645359,0.9932279909706546,0.9855769230769231,0.9831359416935463,0.9689560963806587,832
6bba_78a7bd97,6bba,0.999,44679,40613.0,1.1001157264915176,0.9864559819413092,0.9759615384615384,0.9899884273508482,0.9661906286164528,832
6bba_78a7bd97,6bba,0.9995,41174,40613.0,1.0138133110087904,0.9796839729119639,0.9627403846153846,0.998618668899121,0.9614105213800431,832
6bba_78a7bd97,6bba,0.9999,28099,40613.0,0.6918720606702288,0.8611738148984198,0.7860576923076923,1.0308127939329772,0.8102783260002008,832
6bba_7af54fde,6bba,0.965,14329,9624.0,1.488881961762261,0.9946949602122016,0.9908424908424909,0.9511118038237739,0.9424019887704427,1092
6bba_7af54fde,6bba,0.98,14042,9624.0,1.4590606816292602,0.9946949602122016,0.9908424908424909,0.954093931837074,0.9453568079191521,1092
6bba_7af54fde,6bba,0.99,13706,9624.0,1.4241479634247713,0.9946949602122016,0.9908424908424909,0.9575852036575229,0.9488161083859339,1092
6bba_7af54fde,6bba,0.995,13341,9624.0,1.3862219451371571,0.9946949602122016,0.9908424908424909,0.9613778054862843,0.9525739794287176,1092
6bba_7af54fde,6bba,0.998,12777,9624.0,1.3276184538653366,0.9938107869142352,0.98992673992674,0.9672381546134663,0.9574949131292647,1092
6bba_7af54fde,6bba,0.999,12286,9624.0,1.2766001662510391,0.9938107869142352,0.98992673992674,0.9723399833748961,0.9625453498427314,1092
6bba_7af54fde,6bba,0.9995,11768,9624.0,1.2227763923524522,0.9938107869142352,0.98992673992674,0.9777223607647548,0.9678735091453297,1092
6bba_7af54fde,6bba,0.9999,9843,9624.0,1.0227556109725686,0.9787798408488063,0.9697802197802198,0.9977244389027431,0.9675734256391987,1092
6bba_7b5d3b2c,6bba,0.965,6725,5780.0,1.1634948096885813,1.0,1.0,0.9836505190311419,0.9836505190311419,555
6bba_7b5d3b2c,6bba,0.98,6553,5780.0,1.1337370242214533,1.0,1.0,0.9866262975778547,0.9866262975778547,555
6bba_7b5d3b2c,6bba,0.99,6374,5780.0,1.1027681660899653,1.0,1.0,0.9897231833910035,0.9897231833910035,555
6bba_7b5d3b2c,6bba,0.995,6211,5780.0,1.074567474048443,1.0,1.0,0.9925432525951557,0.9925432525951557,555
6bba_7b5d3b2c,6bba,0.998,5958,5780.0,1.030795847750865,1.0,1.0,0.9969204152249135,0.9969204152249135,555
6bba_7b5d3b2c,6bba,0.999,5771,5780.0,0.9984429065743945,1.0,1.0,1.0001557093425606,1.0001557093425606,555
6bba_7b5d3b2c,6bba,0.9995,5572,5780.0,0.9640138408304498,1.0,1.0,1.003598615916955,1.003598615916955,555
6bba_7b5d3b2c,6bba,0.9999,4990,5780.0,0.8633217993079585,0.9964601769911504,0.9945945945945946,1.0136678200692042,1.0081885345553168,555
6bba_7d3058ae,6bba,0.965,9813,7611.0,1.2893180922349232,1.0,1.0,0.9710681907765076,0.9710681907765076,1173
6bba_7d3058ae,6bba,0.98,9508,7611.0,1.24924451451846,1.0,1.0,0.975075548548154,0.975075548548154,1173
6bba_7d3058ae,6bba,0.99,9207,7611.0,1.20969649191959,1.0,1.0,0.979030350808041,0.979030350808041,1173
6bba_7d3058ae,6bba,0.995,8905,7611.0,1.1700170805413217,1.0,1.0,0.9829982919458679,0.9829982919458679,1173
6bba_7d3058ae,6bba,0.998,8441,7611.0,1.1090526869005386,0.9991666666666666,0.9982949701619779,0.9890947313099462,0.9874082952804323,1173
6bba_7d3058ae,6bba,0.999,8126,7611.0,1.0676652213900932,0.9991666666666666,0.9982949701619779,0.9932334778609907,0.9915399851451152,1173
6bba_7d3058ae,6bba,0.9995,7860,7611.0,1.0327158060701616,0.9983333333333333,0.9974424552429667,0.9967284193929838,0.9941792418497792,1173
6bba_7d3058ae,6bba,0.9999,7126,7611.0,0.9362764419918539,0.9975,0.9965899403239556,1.0063723558008146,1.0029405660112125,1173
6bba_7f87b3d8,6bba,0.965,12779,10581.0,1.2077308382950571,0.998,0.9957173447537473,0.9792269161704943,0.9750332248806849,934
6bba_7f87b3d8,6bba,0.98,12520,10581.0,1.1832530006615631,0.998,0.9957173447537473,0.9816746999338437,0.9774705256300584,934
6bba_7f87b3d8,6bba,0.99,12270,10581.0,1.1596257442585767,0.998,0.9957173447537473,0.9840374255741423,0.9798231325309982,934
6bba_7f87b3d8,6bba,0.995,12038,10581.0,1.1376996503166052,0.998,0.9957173447537473,0.9862300349683395,0.9820063517350703,934
6bba_7f87b3d8,6bba,0.998,11793,10581.0,1.1145449390416784,0.998,0.9957173447537473,0.9885455060958321,0.9843119064979913,934
6bba_7f87b3d8,6bba,0.999,11610,10581.0,1.0972497873546925,0.998,0.9957173447537473,0.9902750212645307,0.9860340147494792,934
6bba_7f87b3d8,6bba,0.9995,11440,10581.0,1.0811832530006615,0.998,0.9957173447537473,0.9918816746999338,0.9876337874421183,934
6bba_7f87b3d8,6bba,0.9999,10923,10581.0,1.0323220867592855,0.996,0.9946466809421841,0.9967677913240715,0.9914317753105593,934
6bba_80d12824,6bba,0.965,11240,9021.0,1.2459815984924065,0.9970588235294118,0.9938837920489296,0.9754018401507594,0.9694360796605406,654
6bba_80d12824,6bba,0.98,11022,9021.0,1.2218157632191553,0.9970588235294118,0.9938837920489296,0.9778184236780845,0.9718378828604815,654
6bba_80d12824,6bba,0.99,10745,9021.0,1.1911096330783726,0.9970588235294118,0.9938837920489296,0.9808890366921628,0.9748897153668284,654
6bba_80d12824,6bba,0.995,10385,9021.0,1.1512027491408934,0.9970588235294118,0.9938837920489296,0.9848797250859107,0.9788559958804922,654
6bba_80d12824,6bba,0.998,9905,9021.0,1.0979935705575878,0.9970588235294118,0.9938837920489296,0.9902006429442413,0.9841443698987107,654
6bba_80d12824,6bba,0.999,9539,9021.0,1.0574215718878173,0.9955882352941177,0.9923547400611621,0.9942578428112183,0.9866564831566983,654
6bba_80d12824,6bba,0.9995,9221,9021.0,1.0221704910763774,0.9941176470588236,0.9892966360856269,0.9977829508923622,0.9871033168614042,654
6bba_80d12824,6bba,0.9999,8232,9021.0,0.9125374127036914,0.9897058823529412,0.9847094801223242,1.008746258729631,0.9933220040089944,654
6bba_825bd1c6,6bba,0.965,9311,7586.0,1.2273925652517796,0.9927685950413223,0.9903225806451613,0.9772607434748221,0.9678033814411948,930
6bba_825bd1c6,6bba,0.98,9115,7586.0,1.201555496968099,0.9927685950413223,0.9903225806451613,0.9798444503031901,0.9703620846550948,930
6bba_825bd1c6,6bba,0.99,8906,7586.0,1.1740047455839704,0.9927685950413223,0.9903225806451613,0.982599525441603,0.9730904977760392,930
6bba_825bd1c6,6bba,0.995,8695,7586.0,1.1461903506459268,0.9927685950413223,0.9903225806451613,0.9853809649354073,0.9758450201134518,930
6bba_825bd1c6,6bba,0.998,8456,7586.0,1.1146849459530714,0.9927685950413223,0.9903225806451613,0.9885315054046928,0.9789650714814216,930
6bba_825bd1c6,6bba,0.999,8249,7586.0,1.087397838122858,0.9927685950413223,0.9903225806451613,0.9912602161877142,0.9816673753858977,930
6bba_825bd1c6,6bba,0.9995,8016,7586.0,1.056683364091748,0.9907024793388429,0.9870967741935484,0.9943316635908253,0.9815015776090081,930
6bba_825bd1c6,6bba,0.9999,7126,7586.0,0.9393619825995254,0.9865702479338843,0.9817204301075269,1.0060638017400474,0.987673388159853,930
6bba_87289e13,6bba,0.965,16355,14966.0,1.0928103701723908,1.0,1.0,0.990718962982761,0.990718962982761,699
6bba_87289e13,6bba,0.98,16003,14966.0,1.0692903915541896,1.0,1.0,0.993070960844581,0.993070960844581,699
6bba_87289e13,6bba,0.99,15678,14966.0,1.047574502204998,1.0,1.0,0.9952425497795002,0.9952425497795002,699
6bba_87289e13,6bba,0.995,15342,14966.0,1.0251236135239876,1.0,1.0,0.9974876386476013,0.9974876386476013,699
6bba_87289e13,6bba,0.998,14921,14966.0,0.9969931845516504,1.0,1.0,1.000300681544835,1.000300681544835,699
6bba_87289e13,6bba,0.999,14656,14966.0,0.979286382466925,1.0,1.0,1.0020713617533075,1.0020713617533075,699
6bba_87289e13,6bba,0.9995,14415,14966.0,0.9631832152879861,1.0,1.0,1.0036816784712015,1.0036816784712015,699
6bba_87289e13,6bba,0.9999,13628,14966.0,0.9105973540024055,0.9972375690607734,0.9971387696709585,1.0089402645997594,1.0060534541144954,699
6bba_8b7818bf,6bba,0.965,7371,5828.0,1.2647563486616336,1.0,1.0,0.9735243651338367,0.9735243651338367,725
6bba_8b7818bf,6bba,0.98,7198,5828.0,1.2350720658888126,1.0,1.0,0.9764927934111187,0.9764927934111187,725
6bba_8b7818bf,6bba,0.99,7040,5828.0,1.2079615648592998,1.0,1.0,0.97920384351407,0.97920384351407,725
6bba_8b7818bf,6bba,0.995,6872,5828.0,1.1791352093342484,1.0,1.0,0.9820864790665752,0.9820864790665752,725
6bba_8b7818bf,6bba,0.998,6587,5828.0,1.1302333562113933,1.0,1.0,0.9869766643788607,0.9869766643788607,725
6bba_8b7818bf,6bba,0.999,6385,5828.0,1.09557309540151,1.0,1.0,0.990442690459849,0.990442690459849,725
6bba_8b7818bf,6bba,0.9995,6163,5828.0,1.057481125600549,1.0,1.0,0.9942518874399451,0.9942518874399451,725
6bba_8b7818bf,6bba,0.9999,5482,5828.0,0.9406314344543583,1.0,1.0,1.005936856554564,1.005936856554564,725
6bba_907271db,6bba,0.965,8551,7306.0,1.1704078839310157,0.9968253968253968,0.99457111834962,0.9829592116068985,0.9776228423799338,921
6bba_907271db,6bba,0.98,8394,7306.0,1.1489186969614016,0.9968253968253968,0.99457111834962,0.9851081303038598,0.979760094851613,921
6bba_907271db,6bba,0.99,8243,7306.0,1.128250752805913,0.9968253968253968,0.99457111834962,0.9871749247194087,0.9818156688848843,921
6bba_907271db,6bba,0.995,8083,7306.0,1.1063509444292363,0.9968253968253968,0.99457111834962,0.9893649055570763,0.9839937605757676,921
6bba_907271db,6bba,0.998,7857,7306.0,1.0754174650971804,0.9968253968253968,0.99457111834962,0.9924582534902819,0.9870703150891403,921
6bba_907271db,6bba,0.999,7715,7306.0,1.0559813851628799,0.9968253968253968,0.99457111834962,0.994401861483712,0.9890033714647993,921
6bba_907271db,6bba,0.9995,7559,7306.0,1.03462907199562,0.9968253968253968,0.99457111834962,0.996537092800438,0.9911270108634107,921
6bba_907271db,6bba,0.9999,7150,7306.0,0.9786476868327402,0.9968253968253968,0.99457111834962,1.002135231316726,0.9966947577482312,921
6bba_91951b3a,6bba,0.965,13652,11907.0,1.1465524481397498,0.9991582491582491,0.9991289198606271,0.985344755186025,0.9844864409393472,1148
6bba_91951b3a,6bba,0.98,13467,11907.0,1.1310153691106073,0.9991582491582491,0.9991289198606271,0.9868984630889392,0.9860387954381649,1148
6bba_91951b3a,6bba,0.99,13260,11907.0,1.1136306374401612,0.9991582491582491,0.9991289198606271,0.9886369362559839,0.9877757542557609,1148
6bba_91951b3a,6bba,0.995,13050,11907.0,1.0959939531368104,0.9991582491582491,0.9991289198606271,0.990400604686319,0.9895378863895539,1148
6bba_91951b3a,6bba,0.998,12785,11907.0,1.0737381372302006,0.9991582491582491,0.9991289198606271,0.99262618627698,0.9917615293202926,1148
6bba_91951b3a,6bba,0.999,12584,11907.0,1.0568573108255648,0.9991582491582491,0.9991289198606271,0.9943142689174436,0.9934481415054945,1148
6bba_91951b3a,6bba,0.9995,12366,11907.0,1.038548752834467,0.9991582491582491,0.9991289198606271,0.9961451247165533,0.9952774024824795,1148
6bba_91951b3a,6bba,0.9999,11630,11907.0,0.9767363735617703,0.9966329966329966,0.9939024390243902,1.002326362643823,0.9962146165301412,1148
6bba_96833384,6bba,0.965,6719,4869.0,1.3799548161840214,0.9986807387862797,0.9972260748959778,0.9620045183815978,0.9593359898978764,721
6bba_96833384,6bba,0.98,6469,4869.0,1.3286095707537482,0.9986807387862797,0.9972260748959778,0.9671390429246252,0.9644562716543765,721
6bba_96833384,6bba,0.99,6238,4869.0,1.2811665639761758,0.9986807387862797,0.9972260748959778,0.9718833436023824,0.9691874119973827,721
6bba_96833384,6bba,0.995,5962,4869.0,1.2244814130211543,0.9986807387862797,0.9972260748959778,0.9775518586978845,0.9748402030565589,721
6bba_96833384,6bba,0.998,5646,4869.0,1.159581022797289,0.9986807387862797,0.9972260748959778,0.9840418977202711,0.9813122391967751,721
6bba_96833384,6bba,0.999,5449,4869.0,1.1191209693982338,0.9986807387862797,0.9972260748959778,0.9880879030601766,0.9853470212208973,721
6bba_96833384,6bba,0.9995,5267,4869.0,1.081741630724995,0.9986807387862797,0.9972260748959778,0.9918258369275005,0.9890745863396294,721
6bba_96833384,6bba,0.9999,4820,4869.0,0.9899363318956664,0.9973614775725593,0.9944521497919556,1.0010063668104334,0.9954529334300705,721
6bba_969618f6,6bba,0.965,20192,13888.0,1.4539170506912442,0.9970544918998527,0.9954407294832827,0.9546082949308756,0.9502559774767835,658
6bba_969618f6,6bba,0.98,19999,13888.0,1.4400201612903225,0.9970544918998527,0.9954407294832827,0.9559979838709678,0.9516393304490637,658
6bba_969618f6,6bba,0.99,19739,13888.0,1.4212989631336406,0.9970544918998527,0.9954407294832827,0.9578701036866359,0.9535029147640525,658
6bba_969618f6,6bba,0.995,19426,13888.0,1.3987615207373272,0.9970544918998527,0.9954407294832827,0.9601238479262673,0.9557463835740199,658
6bba_969618f6,6bba,0.998,18922,13888.0,1.362471198156682,0.9970544918998527,0.9954407294832827,0.9637528801843318,0.9593588700923059,658
6bba_969618f6,6bba,0.999,18421,13888.0,1.3263968894009217,0.9941089837997055,0.9924012158054711,0.9673603110599078,0.9600095488178113,658
6bba_969618f6,6bba,0.9995,17856,13888.0,1.2857142857142858,0.9896907216494846,0.9878419452887538,0.9714285714285714,0.9596178897090751,658
6bba_969618f6,6bba,0.9999,15632,13888.0,1.1255760368663594,0.9602356406480118,0.9452887537993921,0.9874423963133641,0.9334181922597454,658
6bba_971fa5e0,6bba,0.965,6238,5609.0,1.112141201640221,0.9974747474747475,0.9960886571056062,0.9887858798359779,0.9849183992108045,767
6bba_971fa5e0,6bba,0.98,6086,5609.0,1.0850418969513282,0.9974747474747475,0.9960886571056062,0.9914958103048672,0.9876177302124101,767
6bba_971fa5e0,6bba,0.99,5891,5609.0,1.050276341593867,0.9974747474747475,0.9960886571056062,0.9949723658406133,0.9910806877473645,767
6bba_971fa5e0,6bba,0.995,5708,5609.0,1.0176502050276341,0.9974747474747475,0.9960886571056062,0.9982349794972366,0.9943305402032447,767
6bba_971fa5e0,6bba,0.998,5468,5609.0,0.9748618292030665,0.9974747474747475,0.9960886571056062,1.0025138170796934,0.9985926417847272,767
6bba_971fa5e0,6bba,0.999,5287,5609.0,0.9425922624353718,0.9974747474747475,0.9960886571056062,1.0057407737564628,1.0018069767274282,767
6bba_971fa5e0,6bba,0.9995,5125,5609.0,0.9137101087537886,0.9974747474747475,0.9960886571056062,1.0086289891246212,1.004683895294929,767
6bba_971fa5e0,6bba,0.9999,4714,5609.0,0.8404350151542165,0.9936868686868687,0.9895697522816167,1.0159564984845784,1.0053598205342829,767
6bba_9a41d029,6bba,0.965,21709,18231.0,1.1907739564478086,1.0,1.0,0.9809226043552192,0.9809226043552192,1353
6bba_9a41d029,6bba,0.98,21516,18231.0,1.1801875925621195,1.0,1.0,0.981981240743788,0.981981240743788,1353
6bba_9a41d029,6bba,0.99,21294,18231.0,1.1680105315122593,1.0,1.0,0.9831989468487741,0.9831989468487741,1353
6bba_9a41d029,6bba,0.995,21079,18231.0,1.1562174318468543,1.0,1.0,0.9843782568153145,0.9843782568153145,1353
6bba_9a41d029,6bba,0.998,20697,18231.0,1.1352641105808787,1.0,1.0,0.9864735889419122,0.9864735889419122,1353
6bba_9a41d029,6bba,0.999,20360,18231.0,1.1167791125006856,1.0,1.0,0.9883220887499314,0.9883220887499314,1353
6bba_9a41d029,6bba,0.9995,19944,18231.0,1.0939608359387856,0.9992862241256245,0.9992609016999261,0.9906039164061214,0.9898717627354592,1353
6bba_9a41d029,6bba,0.9999,18323,18231.0,1.0050463496242663,0.9964311206281228,0.9940872135994088,0.9994953650375734,0.9935855624357253,1353
6bba_9e23430b,6bba,0.965,11087,7708.0,1.4383757135443695,1.0,1.0,0.956162428645563,0.956162428645563,891
6bba_9e23430b,6bba,0.98,10861,7708.0,1.40905552672548,1.0,1.0,0.959094447327452,0.959094447327452,891
6bba_9e23430b,6bba,0.99,10543,7708.0,1.3677996886351842,1.0,1.0,0.9632200311364816,0.9632200311364816,891
6bba_9e23430b,6bba,0.995,10164,7708.0,1.3186299948105864,1.0,1.0,0.9681370005189414,0.9681370005189414,891
6bba_9e23430b,6bba,0.998,9607,7708.0,1.2463674104826155,0.9978118161925602,0.9966329966329966,0.9753632589517385,0.9720792075747966,891
6bba_9e23430b,6bba,0.999,9224,7708.0,1.1966787752983912,0.9945295404814004,0.9932659932659933,0.9803321224701609,0.9737305593558837,891
6bba_9e23430b,6bba,0.9995,8781,7708.0,1.1392060197197718,0.9934354485776805,0.9910213243546577,0.9860793980280228,0.9772257109525748,891
6bba_9e23430b,6bba,0.9999,7069,7708.0,0.9170991177996887,0.9846827133479212,0.9809203142536476,1.0082900882200312,0.989052230195631,891
6bba_a5e926bb,6bba,0.965,9854,8440.0,1.1675355450236966,0.9986504723346828,0.997134670487106,0.9832464454976303,0.9804291204388978,698
6bba_a5e926bb,6bba,0.98,9643,8440.0,1.1425355450236967,0.9986504723346828,0.997134670487106,0.9857464454976304,0.9829219571151157,698
6bba_a5e926bb,6bba,0.99,9404,8440.0,1.1142180094786729,0.9986504723346828,0.997134670487106,0.9885781990521327,0.9857455967625851,698
6bba_a5e926bb,6bba,0.995,9201,8440.0,1.090165876777251,0.9986504723346828,0.997134670487106,0.9909834123222748,0.9881439183041595,698
6bba_a5e926bb,6bba,0.998,8932,8440.0,1.0582938388625593,0.9986504723346828,0.997134670487106,0.994170616113744,0.9913219897065413,698
6bba_a5e926bb,6bba,0.999,8763,8440.0,1.0382701421800948,0.9986504723346828,0.997134670487106,0.9961729857819905,0.9933186219258817,698
6bba_a5e926bb,6bba,0.9995,8611,8440.0,1.020260663507109,0.9973009446693657,0.995702005730659,0.9979739336492891,0.9936846474015127,698
6bba_a5e926bb,6bba,0.9999,8201,8440.0,0.9716824644549763,0.9959514170040485,0.994269340974212,1.0028317535545024,0.9970848667146485,698
6bba_a90a0b9c,6bba,0.965,47469,36896.0,1.2865622289679097,0.988666085440279,0.97931654676259,0.9713437771032091,0.9512530335120456,1112
6bba_a90a0b9c,6bba,0.98,45881,36896.0,1.2435223330442324,0.988666085440279,0.97931654676259,0.9756477666955767,0.9554680017369452,1112
6bba_a90a0b9c,6bba,0.99,43536,36896.0,1.1799653078924546,0.988666085440279,0.97931654676259,0.9820034692107545,0.9616922463763594,1112
6bba_a90a0b9c,6bba,0.995,40564,36896.0,1.0994145706851692,0.987794245858762,0.9775179856115108,0.9900585429314831,0.9678000325238508,1112
6bba_a90a0b9c,6bba,0.998,35967,36896.0,0.9748211188204683,0.987794245858762,0.9775179856115108,1.002517888117953,0.9799792665325675,1112
6bba_a90a0b9c,6bba,0.999,31966,36896.0,0.8663811795316565,0.980819529206626,0.966726618705036,1.0133618820468344,0.9796439057557077,1112
6bba_a90a0b9c,6bba,0.9995,27863,36896.0,0.7551767129228101,0.9686137750653879,0.947841726618705,1.024482328707719,0.9710470993326761,1112
6bba_a90a0b9c,6bba,0.9999,16471,36896.0,0.4464169557675629,0.8500435919790759,0.7787769784172662,1.0553583044232437,0.8218887514663031,1112
6bba_ab78413d,6bba,0.965,23149,9241.0,2.5050319229520617,0.9686174724342663,0.9490333919156415,0.8494968077047939,0.80620083683759,1138
6bba_ab78413d,6bba,0.98,22430,9241.0,2.427226490639541,0.9686174724342663,0.9490333919156415,0.8572773509360458,0.8135848321712913,1138
6bba_ab78413d,6bba,0.99,21432,9241.0,2.3192295206146523,0.9686174724342663,0.9490333919156415,0.8680770479385348,0.8238341052492246,1138
6bba_ab78413d,6bba,0.995,20278,9241.0,2.194351260686073,0.9686174724342663,0.9490333919156415,0.8805648739313927,0.8356854691088789,1138
6bba_ab78413d,6bba,0.998,18348,9241.0,1.9854994048263175,0.9677692960135709,0.9472759226713533,0.9014500595173682,0.8539219368714613,1138
6bba_ab78413d,6bba,0.999,16751,9241.0,1.8126826101071312,0.9660729431721798,0.9437609841827768,0.9187317389892868,0.8670631701884833,1138
6bba_ab78413d,6bba,0.9995,15027,9241.0,1.6261227139919923,0.9567430025445293,0.929701230228471,0.9373877286008008,0.8714905244812365,1138
6bba_ab78413d,6bba,0.9999,10266,9241.0,1.1109187317389893,0.914334181509754,0.8725834797891037,0.9889081268261011,0.8629048944976435,1138
6bba_acd782a8,6bba,0.965,22664,19710.0,1.149873160832065,1.0,1.0,0.9850126839167935,0.9850126839167935,330
6bba_acd782a8,6bba,0.98,22460,19710.0,1.1395230847285642,1.0,1.0,0.9860476915271436,0.9860476915271436,330
6bba_acd782a8,6bba,0.99,22230,19710.0,1.1278538812785388,1.0,1.0,0.9872146118721461,0.9872146118721461,330
6bba_acd782a8,6bba,0.995,21936,19710.0,1.1129375951293758,1.0,1.0,0.9887062404870623,0.9887062404870623,330
6bba_acd782a8,6bba,0.998,21456,19710.0,1.0885844748858446,1.0,1.0,0.9911415525114156,0.9911415525114156,330
6bba_acd782a8,6bba,0.999,21020,19710.0,1.0664637239979706,1.0,1.0,0.993353627600203,0.993353627600203,330
6bba_acd782a8,6bba,0.9995,20475,19710.0,1.038812785388128,1.0,1.0,0.9961187214611872,0.9961187214611872,330
6bba_acd782a8,6bba,0.9999,18450,19710.0,0.9360730593607306,0.9859550561797753,0.9818181818181818,1.006392694063927,0.9880946450809465,330
6bba_ae82a791,6bba,0.965,8227,7403.0,1.111306227205187,0.9986622073578595,0.9972807613868117,0.9888693772794813,0.9861804054853834,1471
6bba_ae82a791,6bba,0.98,8124,7403.0,1.0973929488045386,0.9986622073578595,0.9972807613868117,0.9902607051195461,0.987567949973062,1471
6bba_ae82a791,6bba,0.99,8006,7403.0,1.0814534648115628,0.9986622073578595,0.9972807613868117,0.9918546535188437,0.9891575640463247,1471
6bba_ae82a791,6bba,0.995,7885,7403.0,1.0651087397001215,0.9986622073578595,0.9972807613868117,0.9934891260299878,0.9907875920367044,1471
6bba_ae82a791,6bba,0.998,7727,7403.0,1.0437660407942726,0.9986622073578595,0.9972807613868117,0.9956233959205727,0.9929160583381917,1471
6bba_ae82a791,6bba,0.999,7614,7403.0,1.0285019586654058,0.9986622073578595,0.9972807613868117,0.9971498041334594,0.9944383158829265,1471
6bba_ae82a791,6bba,0.9995,7491,7403.0,1.011887072808321,0.9979933110367893,0.9966009517335146,0.9988112927191679,0.9954162849261048,1471
6bba_ae82a791,6bba,0.9999,7080,7403.0,0.9563690395785492,0.9979933110367893,0.9966009517335146,1.004363096042145,1.000949217401621,1471
6bba_aeee7805,6bba,0.965,7189,5034.0,1.4280889948351212,1.0,1.0,0.9571911005164879,0.9571911005164879,768
6bba_aeee7805,6bba,0.98,6909,5034.0,1.3724672228843862,1.0,1.0,0.9627532777115614,0.9627532777115614,768
6bba_aeee7805,6bba,0.99,6652,5034.0,1.321414382201033,1.0,1.0,0.9678585617798967,0.9678585617798967,768
6bba_aeee7805,6bba,0.995,6381,5034.0,1.267580452920143,1.0,1.0,0.9732419547079857,0.9732419547079857,768
6bba_aeee7805,6bba,0.998,6030,5034.0,1.197854588796186,1.0,1.0,0.9802145411203814,0.9802145411203814,768
6bba_aeee7805,6bba,0.999,5801,5034.0,1.1523639253079063,1.0,1.0,0.9847636074692093,0.9847636074692093,768
6bba_aeee7805,6bba,0.9995,5618,5034.0,1.1160111243543902,1.0,1.0,0.988398887564561,0.988398887564561,768
6bba_aeee7805,6bba,0.9999,5122,5034.0,1.017481128327374,1.0,1.0,0.9982518871672627,0.9982518871672627,768
6bba_af149c94,6bba,0.965,9778,8933.0,1.0945930818314116,0.9940740740740741,0.9893697798025817,0.9905406918168589,0.9800110261483426,1317
6bba_af149c94,6bba,0.98,9517,8933.0,1.0653755737154371,0.9940740740740741,0.9893697798025817,0.9934624426284563,0.9829017181054507,1317
6bba_af149c94,6bba,0.99,9253,8933.0,1.0358222321728423,0.9940740740740741,0.9893697798025817,0.9964177767827158,0.9858256364068935,1317
6bba_af149c94,6bba,0.995,9044,8933.0,1.0124258367849546,0.9940740740740741,0.9893697798025817,0.9987574163215045,0.9881404050622022,1317
6bba_af149c94,6bba,0.998,8805,8933.0,0.9856711071308631,0.9940740740740741,0.9893697798025817,1.0014328892869138,0.990787437160857,1317
6bba_af149c94,6bba,0.999,8626,8933.0,0.9656330460091794,0.9940740740740741,0.9893697798025817,1.003436695399082,0.99276994237282,1317
6bba_af149c94,6bba,0.9995,8460,8933.0,0.9470502630695176,0.9925925925925926,0.9878511769172361,1.0052949736930483,0.9930818229116597,1317
6bba_af149c94,6bba,0.9999,7849,8933.0,0.8786521885144968,0.9911111111111112,0.9848139711465452,1.0121347811485504,0.9967644731584434,1317
6bba_afb141ff,6bba,0.965,7992,6054.0,1.3201189296333002,1.0,1.0,0.9679881070366699,0.9679881070366699,626
6bba_afb141ff,6bba,0.98,7863,6054.0,1.2988107036669971,1.0,1.0,0.9701189296333003,0.9701189296333003,626
6bba_afb141ff,6bba,0.99,7742,6054.0,1.278823918070697,1.0,1.0,0.9721176081929302,0.9721176081929302,626
6bba_afb141ff,6bba,0.995,7602,6054.0,1.2556987115956393,1.0,1.0,0.9744301288404361,0.9744301288404361,626
6bba_afb141ff,6bba,0.998,7411,6054.0,1.2241493227618103,1.0,1.0,0.9775850677238189,0.9775850677238189,626
6bba_afb141ff,6bba,0.999,7237,6054.0,1.1954079947142384,1.0,1.0,0.9804592005285762,0.9804592005285762,626
6bba_afb141ff,6bba,0.9995,7067,6054.0,1.1673273868516683,0.9984709480122325,0.9968051118210862,0.9832672613148332,0.9801258323649455,626
6bba_afb141ff,6bba,0.9999,6495,6054.0,1.0728444003964321,0.9954128440366973,0.9936102236421726,0.9927155599603568,0.9863723295452747,626
6bba_b1ae37b9,6bba,0.965,28150,24298.0,1.1585315663840645,1.0,1.0,0.9841468433615935,0.9841468433615935,579
6bba_b1ae37b9,6bba,0.98,27839,24298.0,1.1457321590254341,1.0,1.0,0.9854267840974565,0.9854267840974565,579
6bba_b1ae37b9,6bba,0.99,27414,24298.0,1.1282410074903284,1.0,1.0,0.9871758992509672,0.9871758992509672,579
6bba_b1ae37b9,6bba,0.995,26885,24298.0,1.1064696682854556,1.0,1.0,0.9893530331714544,0.9893530331714544,579
6bba_b1ae37b9,6bba,0.998,25944,24298.0,1.067742201004198,0.9983660130718954,0.9965457685664939,0.9932257798995802,0.9897949481900824,579
6bba_b1ae37b9,6bba,0.999,24995,24298.0,1.0286854885175734,0.9983660130718954,0.9965457685664939,0.9971314511482426,0.9936871283463489,579
6bba_b1ae37b9,6bba,0.9995,23772,24298.0,0.9783521277471396,0.9934640522875817,0.9913644214162349,1.0021647872252861,0.99351051445132,579
6bba_b1ae37b9,6bba,0.9999,18971,24298.0,0.7807638488764508,0.9689542483660131,0.9568221070811744,1.021923615112355,0.9777991066878146,579
6bba_b204cac7,6bba,0.965,7407,5092.0,1.454634721131186,0.9987893462469734,0.9975339087546239,0.9545365278868814,0.9521825537120678,811
6bba_b204cac7,6bba,0.98,7124,5092.0,1.399057344854674,0.9987893462469734,0.9975339087546239,0.9600942655145326,0.9577265854516114,811
6bba_b204cac7,6bba,0.99,6795,5092.0,1.334446190102121,0.9987893462469734,0.9975339087546239,0.9665553809897879,0.9641717672265578,811
6bba_b204cac7,6bba,0.995,6493,5092.0,1.2751374705420266,0.9987893462469734,0.9975339087546239,0.9724862529457974,0.9700880131111591,811
6bba_b204cac7,6bba,0.998,6078,5092.0,1.1936370777690495,0.9987893462469734,0.9975339087546239,0.980636292223095,0.9782179536479455,811
6bba_b204cac7,6bba,0.999,5785,5092.0,1.1360958366064415,0.9987893462469734,0.9975339087546239,0.9863904163393559,0.9839578875690985,811
6bba_b204cac7,6bba,0.9995,5569,5092.0,1.0936763550667714,0.9987893462469734,0.9975339087546239,0.9906323644933228,0.9881893746918596,811
6bba_b204cac7,6bba,0.9999,4988,5092.0,0.9795758051846033,0.9987893462469734,0.9975339087546239,1.0020424194815396,0.9995712914433607,811
6bba_b329af44,6bba,0.965,79234,62465.0,1.2684543344272792,0.9916413373860182,0.9842271293375394,0.9731545665572721,0.9578051254443813,1268
6bba_b329af44,6bba,0.98,78585,62465.0,1.2580645161290323,0.9916413373860182,0.9842271293375394,0.9741935483870968,0.9588277195481836,1268
6bba_b329af44,6bba,0.99,77557,62465.0,1.2416073000880492,0.9916413373860182,0.9842271293375394,0.9758392699911951,0.960447483398274,1268
6bba_b329af44,6bba,0.995,76212,62465.0,1.220075242135596,0.9901215805471124,0.9810725552050473,0.9779924757864404,0.9594815771911135,1268
6bba_b329af44,6bba,0.998,73470,62465.0,1.1761786600496278,0.9855623100303952,0.9747634069400631,0.9823821339950373,0.9575901558500521,1268
6bba_b329af44,6bba,0.999,70424,62465.0,1.1274153525974546,0.9787234042553191,0.9652996845425867,0.9872584647402546,0.9530002845757662,1268
6bba_b329af44,6bba,0.9995,66110,62465.0,1.0583526774993997,0.9635258358662614,0.9416403785488959,0.9941647322500601,0.9361456548159084,1268
6bba_b329af44,6bba,0.9999,48297,62465.0,0.7731849835908109,0.8419452887537994,0.7697160883280757,1.022681501640919,0.7871744050485306,1268
6bba_b693381b,6bba,0.965,7922,5558.0,1.4253328535444405,0.9979654120040692,0.9957219251336898,0.957466714645556,0.9533706003583022,935
6bba_b693381b,6bba,0.98,7720,5558.0,1.3889888449082404,0.9979654120040692,0.9957219251336898,0.961101115509176,0.9569894529829335,935
6bba_b693381b,6bba,0.99,7487,5558.0,1.3470672903922274,0.9979654120040692,0.9957219251336898,0.9652932709607772,0.9611636740796616,935
6bba_b693381b,6bba,0.995,7261,5558.0,1.3064051817200433,0.9979654120040692,0.9957219251336898,0.9693594818279957,0.9652124893923679,935
6bba_b693381b,6bba,0.998,6995,5558.0,1.258546239654552,0.9979654120040692,0.9957219251336898,0.9741453760345448,0.9699779091851991,935
6bba_b693381b,6bba,0.999,6771,5558.0,1.218243972652033,0.9979654120040692,0.9957219251336898,0.9781756027347966,0.9739908942738992,935
6bba_b693381b,6bba,0.9995,6565,5558.0,1.1811802806765024,0.9979654120040692,0.9957219251336898,0.9818819719323497,0.9776814073465429,935
6bba_b693381b,6bba,0.9999,6082,5558.0,1.094278517452321,0.9979654120040692,0.9957219251336898,0.9905721482547679,0.9863344064440523,935
6bba_bb9f20c3,6bba,0.965,27042,23071.0,1.17212084435005,0.9963636363636363,0.99308142629058,0.982787915564995,0.9759884249304314,1879
6bba_bb9f20c3,6bba,0.98,26699,23071.0,1.1572536951150796,0.9963636363636363,0.99308142629058,0.9842746304884921,0.9774648539071453,1879
6bba_bb9f20c3,6bba,0.99,26279,23071.0,1.1390490225824628,0.9963636363636363,0.99308142629058,0.9860950977417537,0.9792727261235298,1879
6bba_bb9f20c3,6bba,0.995,25949,23071.0,1.1247453513068355,0.9963636363636363,0.99308142629058,0.9875254648693165,0.9806931971506889,1879
6bba_bb9f20c3,6bba,0.998,25422,23071.0,1.1019028217242426,0.9963636363636363,0.99308142629058,0.9898097178275758,0.9829616463364855,1879
6bba_bb9f20c3,6bba,0.999,25041,23071.0,1.0853885830696546,0.9963636363636363,0.99308142629058,0.9914611416930346,0.9846016447042056,1879
6bba_bb9f20c3,6bba,0.9995,24604,23071.0,1.066447054744051,0.9963636363636363,0.99308142629058,0.9933552945255949,0.986482692700777,1879
6bba_bb9f20c3,6bba,0.9999,23110,23071.0,1.0016904338780286,0.9927272727272727,0.9877594465141033,0.9998309566121971,0.9875924723109303,1879
6bba_bbb708ca,6bba,0.965,9874,6785.0,1.4552689756816506,1.0,1.0,0.9544731024318349,0.9544731024318349,861
6bba_bbb708ca,6bba,0.98,9723,6785.0,1.4330140014738393,1.0,1.0,0.9566985998526161,0.9566985998526161,861
6bba_bbb708ca,6bba,0.99,9537,6785.0,1.4056005895357406,1.0,1.0,0.9594399410464259,0.9594399410464259,861
6bba_bbb708ca,6bba,0.995,9349,6785.0,1.3778924097273397,1.0,1.0,0.962210759027266,0.962210759027266,861
6bba_bbb708ca,6bba,0.998,9085,6785.0,1.3389830508474576,1.0,1.0,0.9661016949152542,0.9661016949152542,861
6bba_bbb708ca,6bba,0.999,8852,6785.0,1.3046425939572586,0.9988789237668162,0.9976771196283392,0.9695357406042742,0.9672836250628009,861
6bba_bbb708ca,6bba,0.9995,8614,6785.0,1.2695652173913043,0.9988789237668162,0.9976771196283392,0.9730434782608696,0.9707832146644448,861
6bba_bbb708ca,6bba,0.9999,7779,6785.0,1.146499631540162,0.9955156950672646,0.991869918699187,0.9853500368459838,0.9773390609366668,861
6bba_c27cba08,6bba,0.965,8218,6445.0,1.2750969743987588,0.9961315280464217,0.9918864097363083,0.9724903025601241,0.9645999147097377,493
6bba_c27cba08,6bba,0.98,8098,6445.0,1.256477889837083,0.9961315280464217,0.9918864097363083,0.9743522110162917,0.9664467164035834,493
6bba_c27cba08,6bba,0.99,7926,6445.0,1.229790535298681,0.9961315280464217,0.9918864097363083,0.9770209464701319,0.969093798831429,493
6bba_c27cba08,6bba,0.995,7779,6445.0,1.2069821567106285,0.9961315280464217,0.9918864097363083,0.9793017843289371,0.97135613090639,493
6bba_c27cba08,6bba,0.998,7586,6445.0,1.1770364623739333,0.9961315280464217,0.9918864097363083,0.9822963537626067,0.9743264036306585,493
6bba_c27cba08,6bba,0.999,7439,6445.0,1.1542280837858805,0.9961315280464217,0.9918864097363083,0.984577191621412,0.9765887357056195,493
6bba_c27cba08,6bba,0.9995,7278,6445.0,1.1292474786656324,0.9961315280464217,0.9918864097363083,0.9870752521334367,0.9790665279781958,493
6bba_c27cba08,6bba,0.9999,6764,6445.0,1.0494957331264547,0.9922630560928434,0.9878296146044625,0.9950504266873546,0.9829402795065754,493
6bba_c328f2fd,6bba,0.965,35351,31228.0,1.1320289483796593,0.9941291585127201,0.99,0.9867971051620341,0.9769291341104138,500
6bba_c328f2fd,6bba,0.98,34556,31228.0,1.1065710260023056,0.9941291585127201,0.99,0.9893428973997694,0.9794494684257717,500
6bba_c328f2fd,6bba,0.99,33418,31228.0,1.0701293710772384,0.9941291585127201,0.99,0.9929870628922761,0.9830571922633533,500
6bba_c328f2fd,6bba,0.995,31969,31228.0,1.023728705008326,0.9941291585127201,0.99,0.9976271294991674,0.9876508582041758,500
6bba_c328f2fd,6bba,0.998,29603,31228.0,0.9479633662098117,0.9941291585127201,0.99,1.005203663379019,0.9951516267452287,500
6bba_c328f2fd,6bba,0.999,27439,31228.0,0.8786665812732164,0.9921722113502935,0.986,1.0121333418726783,0.9979634750864609,500
6bba_c328f2fd,6bba,0.9995,25114,31228.0,0.8042141667734085,0.9843444227005871,0.972,1.0195785833226592,0.9910303829896246,500
6bba_c328f2fd,6bba,0.9999,18027,31228.0,0.5772703983604458,0.9569471624266145,0.932,1.0422729601639555,0.9713983988728067,500
6bba_c73a1d11,6bba,0.965,37748,16315.0,2.31369904995403,0.9864314789687924,0.9746478873239437,0.868630095004597,0.8466084869622269,710
6bba_c73a1d11,6bba,0.98,37128,16315.0,2.2756972111553786,0.9864314789687924,0.9746478873239437,0.8724302788844621,0.85031232815218,710
6bba_c73a1d11,6bba,0.99,36326,16315.0,2.2265399938706714,0.9864314789687924,0.9746478873239437,0.8773460006129329,0.8551034259495065,710
6bba_c73a1d11,6bba,0.995,35274,16315.0,2.1620594544897336,0.9864314789687924,0.9746478873239437,0.8837940545510267,0.8613880080976204,710
6bba_c73a1d11,6bba,0.998,33584,16315.0,2.0584737971192153,0.9864314789687924,0.9746478873239437,0.8941526202880784,0.8714839623089441,710
6bba_c73a1d11,6bba,0.999,32034,16315.0,1.9634692001225866,0.9837177747625508,0.9690140845070423,0.9036530799877414,0.8756525620162903,710
6bba_c73a1d11,6bba,0.9995,30197,16315.0,1.850873429359485,0.9823609226594301,0.9661971830985916,0.9149126570640514,0.8839860320365343,710
6bba_c73a1d11,6bba,0.9999,22714,16315.0,1.3922157523751149,0.9090909090909091,0.847887323943662,0.9607784247624885,0.8146318474746733,710
6bba_cdcfe533,6bba,0.965,30961,29785.0,1.0394829612220917,0.9992952783650458,0.9992581602373887,0.9960517038777909,0.9953127931182375,1348
6bba_cdcfe533,6bba,0.98,30615,29785.0,1.0278663756924626,0.9992952783650458,0.9992581602373887,0.9972133624307538,0.9964735899066953,1348
6bba_cdcfe533,6bba,0.99,30191,29785.0,1.0136310223266745,0.9992952783650458,0.9992581602373887,0.9986368977673326,0.9978960692081579,1348
6bba_cdcfe533,6bba,0.995,29809,29785.0,1.0008057747188182,0.9992952783650458,0.9992581602373887,0.9999194225281182,0.9991776425410794,1348
6bba_cdcfe533,6bba,0.998,29241,29785.0,0.9817357730401208,0.9992952783650458,0.9992581602373887,1.0018264226959879,1.0010832280203974,1348
6bba_cdcfe533,6bba,0.999,28791,29785.0,0.9666274970622797,0.9985905567300916,0.9977744807121661,1.003337250293772,1.001104303891041,1348
6bba_cdcfe533,6bba,0.9995,28367,29785.0,0.9523921436964915,0.9957716701902748,0.9933234421364985,1.0047607856303509,0.9980524421061125,1348
6bba_cdcfe533,6bba,0.9999,26841,29785.0,0.9011583011583012,0.9880197322057788,0.9814540059347181,1.0098841698841698,0.9911548640628759,1348
6bba_cf35214c,6bba,0.965,39505,34890.0,1.1322728575523073,0.998812351543943,0.9975520195838433,0.9867727142447693,0.9843571139651004,817
6bba_cf35214c,6bba,0.98,39078,34890.0,1.1200343938091144,0.998812351543943,0.9975520195838433,0.9879965606190886,0.9855779643874629,817
6bba_cf35214c,6bba,0.99,38534,34890.0,1.1044425336772714,0.998812351543943,0.9975520195838433,0.9895557466322729,0.9871333335438217,817
6bba_cf35214c,6bba,0.995,37879,34890.0,1.0856692462023503,0.998812351543943,0.9975520195838433,0.991433075379765,0.9890060666273054,817
6bba_cf35214c,6bba,0.998,36676,34890.0,1.051189452565205,0.998812351543943,0.9975520195838433,0.9948810547434795,0.9924456054050622,817
6bba_cf35214c,6bba,0.999,35686,34890.0,1.0228145600458585,0.996437054631829,0.99265605875153,0.9977185439954142,0.9903913576258028,817
6bba_cf35214c,6bba,0.9995,34583,34890.0,0.9912009171682431,0.996437054631829,0.99265605875153,1.0008799082831756,0.99352950503997,817
6bba_cf35214c,6bba,0.9999,30826,34890.0,0.8835196331327028,0.982185273159145,0.9755201958384333,1.0116480366867298,0.9868830908682051,817
6bba_cff5865f,6bba,0.965,51199,46362.0,1.1043311332556836,1.0,1.0,0.9895668866744316,0.9895668866744316,1501
6bba_cff5865f,6bba,0.98,50755,46362.0,1.0947543246624392,1.0,1.0,0.9905245675337561,0.9905245675337561,1501
6bba_cff5865f,6bba,0.99,50093,46362.0,1.0804753893274666,1.0,1.0,0.9919524610672533,0.9919524610672533,1501
6bba_cff5865f,6bba,0.995,49267,46362.0,1.062659074241836,0.9993634627625716,0.9986675549633578,0.9937340925758164,0.9924099965164216,1501
6bba_cff5865f,6bba,0.998,47755,46362.0,1.0300461584918683,0.9987269255251432,0.9973351099267155,0.9969953841508131,0.9943385010484791,1501
6bba_cff5865f,6bba,0.999,46325,46362.0,0.9992019326172297,0.9968173138128581,0.9940039973351099,1.000079806738277,0.9940833255519715,1501
6bba_cff5865f,6bba,0.9995,44644,46362.0,0.9629437901729865,0.991725015913431,0.9846768820786143,1.0037056209827013,0.9883257213940257,1501
6bba_cff5865f,6bba,0.9999,38248,46362.0,0.8249859798973297,0.9471674092934437,0.916055962691539,1.017501402010267,0.9320882263585059,1501
6bba_d0fc38b5,6bba,0.965,8093,6111.0,1.3243331696939944,1.0,1.0,0.9675666830306006,0.9675666830306006,813
6bba_d0fc38b5,6bba,0.98,7766,6111.0,1.2708231058746522,1.0,1.0,0.9729176894125348,0.9729176894125348,813
6bba_d0fc38b5,6bba,0.99,7413,6111.0,1.2130584192439862,1.0,1.0,0.9786941580756013,0.9786941580756013,813
6bba_d0fc38b5,6bba,0.995,7073,6111.0,1.1574210440189823,1.0,1.0,0.9842578955981018,0.9842578955981018,813
6bba_d0fc38b5,6bba,0.998,6651,6111.0,1.0883652430044182,1.0,1.0,0.9911634756995582,0.9911634756995582,813
6bba_d0fc38b5,6bba,0.999,6351,6111.0,1.039273441335297,1.0,1.0,0.9960726558664703,0.9960726558664703,813
6bba_d0fc38b5,6bba,0.9995,6070,6111.0,0.9932907871052201,1.0,1.0,1.000670921289478,1.000670921289478,813
6bba_d0fc38b5,6bba,0.9999,5503,6111.0,0.9005072819505809,1.0,1.0,1.0099492718049419,1.0099492718049419,813
6bba_d1acb6ff,6bba,0.965,21697,14719.0,1.47408111964128,0.9926578560939795,0.9875583203732504,0.952591888035872,0.9407400449498892,643
6bba_d1acb6ff,6bba,0.98,21564,14719.0,1.465045179699708,0.9926578560939795,0.9875583203732504,0.9534954820300292,0.9416323967170585,643
6bba_d1acb6ff,6bba,0.99,21364,14719.0,1.4514573000883213,0.9926578560939795,0.9875583203732504,0.9548542699911678,0.9429742790737039,643
6bba_d1acb6ff,6bba,0.995,21151,14719.0,1.4369862083021945,0.9926578560939795,0.9875583203732504,0.9563013791697805,0.9444033837835314,643
6bba_d1acb6ff,6bba,0.998,20747,14719.0,1.4095386914871935,0.9926578560939795,0.9875583203732504,0.9590461308512807,0.9471139861439553,643
6bba_d1acb6ff,6bba,0.999,20368,14719.0,1.3837896596236157,0.9926578560939795,0.9875583203732504,0.9616210340376384,0.9496568532097985,643
6bba_d1acb6ff,6bba,0.9995,19951,14719.0,1.3554589306338747,0.9926578560939795,0.9875583203732504,0.9644541069366125,0.9524546779234043,643
6bba_d1acb6ff,6bba,0.9999,17852,14719.0,1.2128541341123718,0.9897209985315712,0.9828926905132193,0.9787145865887629,0.9619714132567623,643
6bba_d2b9fc0c,6bba,0.965,20407,20178.0,1.0113489939538112,1.0,1.0,0.9988651006046189,0.9988651006046189,921
6bba_d2b9fc0c,6bba,0.98,20223,20178.0,1.0022301516503123,1.0,1.0,0.9997769848349688,0.9997769848349688,921
6bba_d2b9fc0c,6bba,0.99,19968,20178.0,0.9895926256318763,1.0,1.0,1.0010407374368124,1.0010407374368124,921
6bba_d2b9fc0c,6bba,0.995,19732,20178.0,0.9778967191991278,1.0,1.0,1.0022103280800871,1.0022103280800871,921
6bba_d2b9fc0c,6bba,0.998,19395,20178.0,0.9611953612845674,1.0,1.0,1.0038804638715433,1.0038804638715433,921
6bba_d2b9fc0c,6bba,0.999,19166,20178.0,0.9498463673307562,1.0,1.0,1.0050153632669243,1.0050153632669243,921
6bba_d2b9fc0c,6bba,0.9995,18901,20178.0,0.9367132520566954,0.9989406779661016,0.998914223669924,1.0063286747943305,1.0052360269389622,921
6bba_d2b9fc0c,6bba,0.9999,17925,20178.0,0.8883437407077015,0.9978813559322034,0.996742671009772,1.0111656259292299,1.0078719268219685,921
6bba_d3da753b,6bba,0.965,17365,17246.0,1.0069001507595965,0.9988726042841037,0.9976662777129521,0.9993099849240403,0.9969778729405536,857
6bba_d3da753b,6bba,0.98,17238,17246.0,0.9995361243186826,0.9988726042841037,0.9976662777129521,1.0000463875681318,0.9977125570253823,857
6bba_d3da753b,6bba,0.99,17060,17246.0,0.9892148904093703,0.9988726042841037,0.9976662777129521,1.001078510959063,0.9987422717269531,857
6bba_d3da753b,6bba,0.995,16827,17246.0,0.9757045111910008,0.9988726042841037,0.9976662777129521,1.0024295488808999,1.0000901567014813,857
6bba_d3da753b,6bba,0.998,16582,17246.0,0.9614983184506553,0.9988726042841037,0.9976662777129521,1.0038501681549346,1.0015074606446546,857
6bba_d3da753b,6bba,0.999,16410,17246.0,0.9515249913023309,0.9988726042841037,0.9976662777129521,1.0048475008697668,1.0025024658619026,857
6bba_d3da753b,6bba,0.9995,16241,17246.0,0.9417256175345008,0.9988726042841037,0.9976662777129521,1.00582743824655,1.0034801163369897,857
6bba_d3da753b,6bba,0.9999,15608,17246.0,0.9050214542502609,0.9988726042841037,0.9976662777129521,1.009497854574974,1.0071419669330253,857
6bba_d5eae175,6bba,0.965,4698,4519.0,1.0396105333038284,1.0,1.0,0.9960389466696171,0.9960389466696171,519
6bba_d5eae175,6bba,0.98,4597,4519.0,1.017260455853065,1.0,1.0,0.9982739544146935,0.9982739544146935,519
6bba_d5eae175,6bba,0.99,4478,4519.0,0.9909271962823634,1.0,1.0,1.0009072803717636,1.0009072803717636,519
6bba_d5eae175,6bba,0.995,4375,4519.0,0.9681345430404957,1.0,1.0,1.0031865456959503,1.0031865456959503,519
6bba_d5eae175,6bba,0.998,4251,4519.0,0.9406948439920336,1.0,1.0,1.0059305156007967,1.0059305156007967,519
6bba_d5eae175,6bba,0.999,4167,4519.0,0.9221066607656562,1.0,1.0,1.0077893339234343,1.0077893339234343,519
6bba_d5eae175,6bba,0.9995,4086,4519.0,0.904182341225935,1.0,1.0,1.0095817658774064,1.0095817658774064,519
6bba_d5eae175,6bba,0.9999,3846,4519.0,0.8510732462934277,1.0,1.0,1.0148926753706573,1.0148926753706573,519
6bba_d6ecebbb,6bba,0.965,8734,5359.0,1.6297816756857624,0.9977426636568849,0.9965197215777262,0.9370218324314238,0.9337607355668132,862
6bba_d6ecebbb,6bba,0.98,8579,5359.0,1.6008583690987124,0.9977426636568849,0.9965197215777262,0.9399141630901288,0.9366430001095366,862
6bba_d6ecebbb,6bba,0.99,8350,5359.0,1.5581265161410711,0.9977426636568849,0.9965197215777262,0.9441873483858929,0.9409013135307216,862
6bba_d6ecebbb,6bba,0.995,8131,5359.0,1.5172606829632393,0.9977426636568849,0.9965197215777262,0.948273931703676,0.944973674400763,862
6bba_d6ecebbb,6bba,0.998,7814,5359.0,1.458107855943273,0.9977426636568849,0.9965197215777262,0.9541892144056727,0.9508683702720102,862
6bba_d6ecebbb,6bba,0.999,7605,5359.0,1.419108042545251,0.9977426636568849,0.9965197215777262,0.9580891957454749,0.9547547785909083,862
6bba_d6ecebbb,6bba,0.9995,7377,5359.0,1.3765627915655907,0.9954853273137697,0.9930394431554525,0.9623437208434409,0.9556452726705167,862
6bba_d6ecebbb,6bba,0.9999,6721,5359.0,1.2541518940100764,0.9932279909706546,0.9907192575406032,0.9745848105989924,0.9655399399669831,862
6bba_d82a4fc6,6bba,0.965,35921,27716.0,1.2960383893779766,1.0,1.0,0.9703961610622024,0.9703961610622024,530
6bba_d82a4fc6,6bba,0.98,35150,27716.0,1.2682205224419107,1.0,1.0,0.9731779477558089,0.9731779477558089,530
6bba_d82a4fc6,6bba,0.99,34158,27716.0,1.2324289219223554,1.0,1.0,0.9767571078077645,0.9767571078077645,530
6bba_d82a4fc6,6bba,0.995,33046,27716.0,1.1923076923076923,1.0,1.0,0.9807692307692307,0.9807692307692307,530
6bba_d82a4fc6,6bba,0.998,31253,27716.0,1.1276158175782942,1.0,1.0,0.9872384182421706,0.9872384182421706,530
6bba_d82a4fc6,6bba,0.999,29671,27716.0,1.0705368740077934,1.0,1.0,0.9929463125992206,0.9929463125992206,530
6bba_d82a4fc6,6bba,0.9995,27908,27716.0,1.006927406552172,1.0,1.0,0.9993072593447828,0.9993072593447828,530
6bba_d82a4fc6,6bba,0.9999,22538,27716.0,0.8131765045461106,0.9963302752293578,0.9943396226415094,1.018682349545389,1.0129162230385282,530
6bba_debd7bfa,6bba,0.965,14218,11807.0,1.2042008977725078,1.0,1.0,0.9795799102227493,0.9795799102227493,729
6bba_debd7bfa,6bba,0.98,14048,11807.0,1.1898026594393156,1.0,1.0,0.9810197340560685,0.9810197340560685,729
6bba_debd7bfa,6bba,0.99,13835,11807.0,1.1717625137630219,1.0,1.0,0.9828237486236978,0.9828237486236978,729
6bba_debd7bfa,6bba,0.995,13623,11807.0,1.1538070636063351,1.0,1.0,0.9846192936393665,0.9846192936393665,729
6bba_debd7bfa,6bba,0.998,13349,11807.0,1.1306004912340137,1.0,1.0,0.9869399508765986,0.9869399508765986,729
6bba_debd7bfa,6bba,0.999,13157,11807.0,1.1143389514694673,1.0,1.0,0.9885661048530533,0.9885661048530533,729
6bba_debd7bfa,6bba,0.9995,12945,11807.0,1.0963835013127805,1.0,1.0,0.990361649868722,0.990361649868722,729
6bba_debd7bfa,6bba,0.9999,12263,11807.0,1.038621156940798,0.9973890339425587,0.9958847736625515,0.9961378843059202,0.9920385514486942,729
6bba_df673a83,6bba,0.965,24784,19239.0,1.2882166432766775,0.9940119760479041,0.9877675840978594,0.9711783356723322,0.9592984783552395,654
6bba_df673a83,6bba,0.98,24613,19239.0,1.2793284474245024,0.9940119760479041,0.9877675840978594,0.9720671552575497,0.9601764255296287,654
6bba_df673a83,6bba,0.99,24357,19239.0,1.266022142523,0.9940119760479041,0.9877675840978594,0.9733977857477,0.9614907791942113,654
6bba_df673a83,6bba,0.995,24053,19239.0,1.2502209054524664,0.9940119760479041,0.9877675840978594,0.9749779094547534,0.9630515741709033,654
6bba_df673a83,6bba,0.998,23500,19239.0,1.2214772077550808,0.9940119760479041,0.9877675840978594,0.9778522792244919,0.9658907834541618,654
6bba_df673a83,6bba,0.999,22984,19239.0,1.1946566869379904,0.9940119760479041,0.9877675840978594,0.9805343313062009,0.9685400275593361,654
6bba_df673a83,6bba,0.9995,22397,19239.0,1.1641457456208744,0.9910179640718563,0.9831804281345565,0.9835854254379126,0.9670419396889568,654
6bba_df673a83,6bba,0.9999,19876,19239.0,1.0331098289931908,0.9715568862275449,0.9587155963302753,0.9966890171006809,0.9555413053855152,654
6bba_e16ffc58,6bba,0.965,7464,6367.0,1.1722946442594628,0.9979253112033195,0.9968152866242038,0.9827705355740537,0.9796406931040726,942
6bba_e16ffc58,6bba,0.98,7276,6367.0,1.1427673943772578,0.9979253112033195,0.9968152866242038,0.9857232605622742,0.9825840145095281,942
6bba_e16ffc58,6bba,0.99,7081,6367.0,1.11214072561646,0.9979253112033195,0.9968152866242038,0.988785927438354,0.9856369276694421,942
6bba_e16ffc58,6bba,0.995,6891,6367.0,1.0822993560546568,0.9979253112033195,0.9968152866242038,0.9917700643945343,0.9886115610047428,942
6bba_e16ffc58,6bba,0.998,6643,6367.0,1.043348515784514,0.9979253112033195,0.9968152866242038,0.9956651484215486,0.9924942403055564,942
6bba_e16ffc58,6bba,0.999,6489,6367.0,1.0191613004554736,0.9979253112033195,0.9968152866242038,0.9980838699544526,0.9949052589036422,942
6bba_e16ffc58,6bba,0.9995,6306,6367.0,0.9904193497722632,0.9979253112033195,0.9968152866242038,1.0009580650227736,0.9977703004844846,942
6bba_e16ffc58,6bba,0.9999,5769,6367.0,0.9060782158002199,0.9927385892116183,0.9883227176220807,1.009392178419978,0.9976052209225048,942
6bba_e5e44988,6bba,0.965,7163,5615.0,1.2756901157613536,0.9984984984984985,0.9968454258675079,0.9724309884238647,0.9693633827821491,634
6bba_e5e44988,6bba,0.98,6964,5615.0,1.2402493321460375,0.9984984984984985,0.9968454258675079,0.9759750667853963,0.9728962810857578,634
6bba_e5e44988,6bba,0.99,6731,5615.0,1.198753339269813,0.9984984984984985,0.9968454258675079,0.9801246660730187,0.9770327901548074,634
6bba_e5e44988,6bba,0.995,6499,5615.0,1.1574354407836154,0.9984984984984985,0.9968454258675079,0.9842564559216385,0.9811515459660497,634
6bba_e5e44988,6bba,0.998,6181,5615.0,1.10080142475512,0.9984984984984985,0.9968454258675079,0.989919857524488,0.986797081948701,634
6bba_e5e44988,6bba,0.999,5957,5615.0,1.0609082813891362,0.9984984984984985,0.9968454258675079,0.9939091718610864,0.9907738116974868,634
6bba_e5e44988,6bba,0.9995,5772,5615.0,1.027960819234194,0.9984984984984985,0.9968454258675079,0.9972039180765806,0.9940581643917965,634
6bba_e5e44988,6bba,0.9999,5288,5615.0,0.9417631344612645,0.9954954954954955,0.9921135646687698,1.0058236865538737,0.997891323095247,634
6bba_ebdf3b34,6bba,0.965,66447,56847.0,1.1688743469312364,0.9988193624557261,0.9975093399750934,0.9831125653068764,0.9806639661404832,803
6bba_ebdf3b34,6bba,0.98,65648,56847.0,1.154819075764772,0.9988193624557261,0.9975093399750934,0.9845180924235228,0.9820659925669263,803
6bba_ebdf3b34,6bba,0.99,64513,56847.0,1.1348532024557145,0.9988193624557261,0.9975093399750934,0.9865146797544285,0.9840576070775806,803
6bba_ebdf3b34,6bba,0.995,63028,56847.0,1.108730451914789,0.9988193624557261,0.9975093399750934,0.9891269548085211,0.9866633758426219,803
6bba_ebdf3b34,6bba,0.998,60313,56847.0,1.0609706756732986,0.9976387249114522,0.9950186799501868,0.9939029324326701,0.9889519838277752,803
6bba_ebdf3b34,6bba,0.999,57660,56847.0,1.014301546255739,0.9940968122786304,0.9912826899128269,0.9985698453744261,0.9898650023885966,803
6bba_ebdf3b34,6bba,0.9995,54712,56847.0,0.9624430488856052,0.9917355371900827,0.987546699875467,1.0037556951114395,0.9912556241885074,803
6bba_ebdf3b34,6bba,0.9999,44800,56847.0,0.7880802856791036,0.9421487603305785,0.9215442092154421,1.0211919714320896,0.9410735477705434,803
6bba_ebff6e76,6bba,0.965,74137,41596.0,1.7823107991152995,0.9946889226100152,0.9889240506329114,0.92176892008847,0.9115594542014143,1264
6bba_ebff6e76,6bba,0.98,72533,41596.0,1.7437493989806712,0.9946889226100152,0.9889240506329114,0.9256250601019329,0.9153728838033356,1264
6bba_ebff6e76,6bba,0.99,69930,41596.0,1.6811712664679297,0.9946889226100152,0.9889240506329114,0.9318828733532071,0.92156138583189,1264
6bba_ebff6e76,6bba,0.995,66524,41596.0,1.5992883931147226,0.9931714719271624,0.9865506329113924,0.9400711606885277,0.9274277985590144,1264
6bba_ebff6e76,6bba,0.998,60426,41596.0,1.4526877584383113,0.9916540212443096,0.9841772151898734,0.9547312241561688,0.9396247174448371,1264
6bba_ebff6e76,6bba,0.999,54307,41596.0,1.3055822675257236,0.9833080424886191,0.9699367088607594,0.9694417732474276,0.9402971629757486,1264
6bba_ebff6e76,6bba,0.9995,47642,41596.0,1.1453505144725455,0.9696509863429439,0.9477848101265823,0.9854649485527455,0.9340087091504661,1264
6bba_ebff6e76,6bba,0.9999,27902,41596.0,0.6707856524665833,0.8095599393019727,0.7302215189873418,1.0329214347533417,0.7542614590801696,1264
6bba_ed9377fd,6bba,0.965,5627,4443.0,1.266486608147648,0.9943502824858758,0.9901574803149606,0.9733513391852352,0.9637711094688451,508
6bba_ed9377fd,6bba,0.98,5485,4443.0,1.2345262210218322,0.9943502824858758,0.9901574803149606,0.9765473778978168,0.9669356911074839,508
6bba_ed9377fd,6bba,0.99,5301,4443.0,1.1931127616475354,0.9943502824858758,0.9901574803149606,0.9806887238352464,0.9710362757660019,508
6bba_ed9377fd,6bba,0.995,5125,4443.0,1.1534998874634257,0.9943502824858758,0.9901574803149606,0.9846500112536575,0.9749585741350192,508
6bba_ed9377fd,6bba,0.998,4869,4443.0,1.0958811613774477,0.9943502824858758,0.9901574803149606,0.9904118838622552,0.9806637353990441,508
6bba_ed9377fd,6bba,0.999,4673,4443.0,1.0517668242178708,0.9943502824858758,0.9901574803149606,0.994823317578213,0.9850317494918133,508
6bba_ed9377fd,6bba,0.9995,4512,4443.0,1.0155300472653612,0.9943502824858758,0.9901574803149606,0.9984469952734639,0.9886197610680164,508
6bba_ed9377fd,6bba,0.9999,3933,4443.0,0.8852126941255908,0.9905838041431262,0.9862204724409449,1.0114787305874409,0.9975410315439132,508
6bba_edf14583,6bba,0.965,63703,59242.0,1.0753013065055197,0.9937578027465668,0.9881578947368421,0.992469869349448,0.9807169366860993,760
6bba_edf14583,6bba,0.98,62201,59242.0,1.0499476722595456,0.9937578027465668,0.9881578947368421,0.9950052327740454,0.9832222760701422,760
6bba_edf14583,6bba,0.99,60037,59242.0,1.013419533439114,0.9925093632958801,0.9868421052631579,0.9986580466560886,0.9855178092000874,760
6bba_edf14583,6bba,0.995,57426,59242.0,0.9693460720434827,0.9925093632958801,0.9868421052631579,1.0030653927956517,0.9898671639430773,760
6bba_edf14583,6bba,0.998,53083,59242.0,0.8960365956584855,0.9925093632958801,0.9868421052631579,1.0103963404341514,0.9971016517442283,760
6bba_edf14583,6bba,0.999,49148,59242.0,0.8296141251139394,0.9850187265917603,0.975,1.017038587488606,0.991612622801391,760
6bba_edf14583,6bba,0.9995,44953,59242.0,0.7588028763377334,0.9737827715355806,0.9578947368421052,1.0241197123662267,0.9809988823718592,760
6bba_edf14583,6bba,0.9999,31365,59242.0,0.5294385739846731,0.8614232209737828,0.8105263157894737,1.0470561426015328,0.8486665576875582,760
6bba_eebc57a5,6bba,0.965,14459,9347.0,1.5469134481651867,0.99317738791423,0.9878665318503539,0.9453086551834813,0.9338387827242277,989
6bba_eebc57a5,6bba,0.98,13751,9347.0,1.4711672194286938,0.99317738791423,0.9878665318503539,0.9528832780571306,0.941321499152494,989
6bba_eebc57a5,6bba,0.99,12812,9347.0,1.3707071787739382,0.99317738791423,0.9878665318503539,0.9629292821226062,0.95124561034761,989
6bba_eebc57a5,6bba,0.995,11911,9347.0,1.2743126136728362,0.99317738791423,0.9878665318503539,0.9725687386327164,0.9607681068191749,989
6bba_eebc57a5,6bba,0.998,10813,9347.0,1.156841767412004,0.9922027290448343,0.9868554095045501,0.9843158232587996,0.9713773948438711,989
6bba_eebc57a5,6bba,0.999,10120,9347.0,1.0827003316572161,0.9922027290448343,0.9868554095045501,0.9917299668342784,0.9786940825381757,989
6bba_eebc57a5,6bba,0.9995,9618,9347.0,1.0289932598694769,0.9922027290448343,0.9868554095045501,0.9971006740130524,0.9839941939704137,989
6bba_eebc57a5,6bba,0.9999,8516,9347.0,0.9110944688135231,0.98635477582846,0.9777553083923155,1.0088905531186476,0.9864480938986171,989
6bba_ef7b4f7e,6bba,0.965,7902,6107.0,1.293925004093663,0.9959481361426256,0.9950041631973355,0.9706074995906337,0.9657585029232367,1201
6bba_ef7b4f7e,6bba,0.98,7778,6107.0,1.2736204355657443,0.9959481361426256,0.9950041631973355,0.9726379564434255,0.9677788159449571,1201
6bba_ef7b4f7e,6bba,0.99,7614,6107.0,1.2467660062223678,0.9959481361426256,0.9950041631973355,0.9753233993777632,0.970450842844652,1201
6bba_ef7b4f7e,6bba,0.995,7468,6107.0,1.2228590142459472,0.9959481361426256,0.9950041631973355,0.9777140985754053,0.9728295984992583,1201
6bba_ef7b4f7e,6bba,0.998,7294,6107.0,1.1943671196987065,0.9959481361426256,0.9950041631973355,0.9805632880301294,0.9756645538684467,1201
6bba_ef7b4f7e,6bba,0.999,7104,6107.0,1.1632552808252825,0.9959481361426256,0.9950041631973355,0.9836744719174717,0.9787601947888248,1201
6bba_ef7b4f7e,6bba,0.9995,6928,6107.0,1.1344358932372687,0.9959481361426256,0.9950041631973355,0.9865564106762731,0.981627735851912,1201
6bba_ef7b4f7e,6bba,0.9999,6295,6107.0,1.030784345832651,0.9975688816855753,0.9975020815986678,0.9969215654167349,0.9944313366937956,1201
6bba_f17befbc,6bba,0.965,32291,24963.0,1.2935544606016904,0.9981447124304267,0.9960591133004926,0.970644553939831,0.9668193537272601,1015
6bba_f17befbc,6bba,0.98,32022,24963.0,1.282778512198053,0.9981447124304267,0.9960591133004926,0.9717221487801947,0.96789270188845,1015
6bba_f17befbc,6bba,0.99,31689,24963.0,1.2694387693786804,0.9972170686456401,0.994088669950739,0.973056123062132,0.9673040671622574,1015
6bba_f17befbc,6bba,0.995,31286,24963.0,1.2532948764170972,0.9962894248608535,0.993103448275862,0.9746705123582903,0.9679486467558193,1015
6bba_f17befbc,6bba,0.998,30616,24963.0,1.2264551536273685,0.9953617810760668,0.9921182266009853,0.9773544846372632,0.9696511980588414,1015
6bba_f17befbc,6bba,0.999,29941,24963.0,1.1994151343989103,0.9944341372912802,0.9911330049261083,0.980058486560109,0.9713683127876548,1015
6bba_f17befbc,6bba,0.9995,29091,24963.0,1.165364739814926,0.9925788497217068,0.987192118226601,0.9834635260185074,0.9708674414488123,1015
6bba_f17befbc,6bba,0.9999,25890,24963.0,1.0371349597404158,0.9721706864564007,0.9517241379310345,0.9962865040259584,0.9481899141764294,1015
6bba_f1fde7e0,6bba,0.965,11798,9040.0,1.3050884955752213,0.9978991596638656,0.9955156950672646,0.9694911504424779,0.9651436564943053,446
6bba_f1fde7e0,6bba,0.98,11491,9040.0,1.2711283185840707,0.9978991596638656,0.9955156950672646,0.9728871681415929,0.9685244454145006,446
6bba_f1fde7e0,6bba,0.99,11131,9040.0,1.2313053097345132,0.9978991596638656,0.9955156950672646,0.9768694690265487,0.9724888884479543,446
6bba_f1fde7e0,6bba,0.995,10790,9040.0,1.1935840707964602,0.9978991596638656,0.9955156950672646,0.980641592920354,0.9762440969879758,446
6bba_f1fde7e0,6bba,0.998,10399,9040.0,1.1503318584070796,0.9978991596638656,0.9955156950672646,0.984966814159292,0.9805499226159767,446
6bba_f1fde7e0,6bba,0.999,10175,9040.0,1.1255530973451326,0.9978991596638656,0.9955156950672646,0.9874446902654868,0.9830166871701258,446
6bba_f1fde7e0,6bba,0.9995,9959,9040.0,1.1016592920353983,0.9978991596638656,0.9955156950672646,0.9898340707964601,0.985395352990198,446
6bba_f1fde7e0,6bba,0.9999,9367,9040.0,1.0361725663716814,0.9957983193277311,0.9932735426008968,0.9963827433628318,0.9896806172864002,446
6bba_f20478e9,6bba,0.965,6746,5973.0,1.1294157040013393,0.9990029910269193,0.9979231568016614,0.9870584295998661,0.9850084640139889,963
6bba_f20478e9,6bba,0.98,6541,5973.0,1.0950945923321613,0.9990029910269193,0.9979231568016614,0.9904905407667839,0.9884334472241737,963
6bba_f20478e9,6bba,0.99,6298,5973.0,1.0544115184999163,0.9990029910269193,0.9979231568016614,0.9945588481500084,0.9924933053708807,963
6bba_f20478e9,6bba,0.995,6092,5973.0,1.0199229867738155,0.9990029910269193,0.9979231568016614,0.9980077013226184,0.995934995816237,963
6bba_f20478e9,6bba,0.998,5834,5973.0,0.9767286120877281,0.9990029910269193,0.9979231568016614,1.0023271387912271,1.0002454624905184,963
6bba_f20478e9,6bba,0.999,5648,5973.0,0.9455884815000837,0.9990029910269193,0.9979231568016614,1.0054411518499917,1.0033530082324424,963
6bba_f20478e9,6bba,0.9995,5512,5973.0,0.9228193537585803,0.9990029910269193,0.9979231568016614,1.007718064624142,1.0056251922157844,963
6bba_f20478e9,6bba,0.9999,5185,5973.0,0.8680729951448184,0.996011964107677,0.9948078920041536,1.0131927004855181,1.007932094563994,963
6bba_f4ae811c,6bba,0.965,11682,8903.0,1.3121419746152982,1.0,1.0,0.9687858025384701,0.9687858025384701,965
6bba_f4ae811c,6bba,0.98,11488,8903.0,1.290351566887566,1.0,1.0,0.9709648433112434,0.9709648433112434,965
6bba_f4ae811c,6bba,0.99,11249,8903.0,1.2635066831405144,1.0,1.0,0.9736493316859486,0.9736493316859486,965
6bba_f4ae811c,6bba,0.995,11007,8903.0,1.2363248343255082,1.0,1.0,0.9763675165674491,0.9763675165674491,965
6bba_f4ae811c,6bba,0.998,10709,8903.0,1.2028529709086824,1.0,1.0,0.9797147029091318,0.9797147029091318,965
6bba_f4ae811c,6bba,0.999,10470,8903.0,1.176008087161631,1.0,1.0,0.9823991912838369,0.9823991912838369,965
6bba_f4ae811c,6bba,0.9995,10258,8903.0,1.152195889026171,0.999000999000999,0.9989637305699481,0.9847804110973829,0.9837599132620488,965
6bba_f4ae811c,6bba,0.9999,9396,8903.0,1.0553745928338762,0.998001998001998,0.9979274611398964,0.9944625407166123,0.9924014784560597,965
6bba_f8ffd5e7,6bba,0.965,38336,29540.0,1.2977657413676371,0.9974293059125964,0.9945945945945946,0.9702234258632363,0.9649789749126243,370
6bba_f8ffd5e7,6bba,0.98,37929,29540.0,1.2839878131347326,0.9974293059125964,0.9945945945945946,0.9716012186865267,0.9663493202071401,370
6bba_f8ffd5e7,6bba,0.99,37352,29540.0,1.2644549763033175,0.9974293059125964,0.9945945945945946,0.9735545023696682,0.9682920456001025,370
6bba_f8ffd5e7,6bba,0.995,36617,29540.0,1.2395734597156398,0.9974293059125964,0.9945945945945946,0.976042654028436,0.9707667477904446,370
6bba_f8ffd5e7,6bba,0.998,35362,29540.0,1.197088693297224,0.9974293059125964,0.9945945945945946,0.9802911306702776,0.9749922596936815,370
6bba_f8ffd5e7,6bba,0.999,34200,29540.0,1.1577522004062288,0.9974293059125964,0.9945945945945946,0.9842247799593771,0.9789046460136508,370
6bba_f8ffd5e7,6bba,0.9995,32770,29540.0,1.1093432633716993,0.9974293059125964,0.9945945945945946,0.98906567366283,0.9837193727241121,370
6bba_f8ffd5e7,6bba,0.9999,27714,29540.0,0.9381855111712931,0.9974293059125964,0.9945945945945946,1.0061814488828706,1.0007426302402607,370
6bba_fbc898dc,6bba,0.965,6511,4889.0,1.3317651871548375,1.0,1.0,0.9668234812845162,0.9668234812845162,639
6bba_fbc898dc,6bba,0.98,6412,4889.0,1.3115156473716507,1.0,1.0,0.9688484352628349,0.9688484352628349,639
6bba_fbc898dc,6bba,0.99,6271,4889.0,1.2826753937410513,1.0,1.0,0.9717324606258949,0.9717324606258949,639
6bba_fbc898dc,6bba,0.995,6143,4889.0,1.256494170587032,1.0,1.0,0.9743505829412968,0.9743505829412968,639
6bba_fbc898dc,6bba,0.998,5981,4889.0,1.2233585600327266,1.0,1.0,0.9776641439967273,0.9776641439967273,639
6bba_fbc898dc,6bba,0.999,5825,4889.0,1.1914501943137656,1.0,1.0,0.9808549805686234,0.9808549805686234,639
6bba_fbc898dc,6bba,0.9995,5678,4889.0,1.1613826958478217,1.0,1.0,0.9838617304152178,0.9838617304152178,639
6bba_fbc898dc,6bba,0.9999,5257,4889.0,1.0752710165678052,1.0,1.0,0.9924728983432195,0.9924728983432195,639
6bba_fc516dc6,6bba,0.965,9081,7866.0,1.154462242562929,1.0,1.0,0.9845537757437071,0.9845537757437071,762
6bba_fc516dc6,6bba,0.98,8825,7866.0,1.1219171116196287,1.0,1.0,0.9878082888380372,0.9878082888380372,762
6bba_fc516dc6,6bba,0.99,8506,7866.0,1.0813628273582507,1.0,1.0,0.9918637172641749,0.9918637172641749,762
6bba_fc516dc6,6bba,0.995,8229,7866.0,1.0461479786422578,1.0,1.0,0.9953852021357742,0.9953852021357742,762
6bba_fc516dc6,6bba,0.998,7888,7866.0,1.0027968471904398,1.0,1.0,0.9997203152809561,0.9997203152809561,762
6bba_fc516dc6,6bba,0.999,7641,7866.0,0.971395881006865,1.0,1.0,1.0028604118993134,1.0028604118993134,762
6bba_fc516dc6,6bba,0.9995,7425,7866.0,0.9439359267734554,1.0,1.0,1.0056064073226545,1.0056064073226545,762
6bba_fc516dc6,6bba,0.9999,6913,7866.0,0.8788456648868548,1.0,1.0,1.0121154335113145,1.0121154335113145,762
6bba_fc5f39dc,6bba,0.965,21739,14020.0,1.550570613409415,0.9978768577494692,0.9956331877729258,0.9449429386590584,0.9408165502806346,458
6bba_fc5f39dc,6bba,0.98,21613,14020.0,1.541583452211127,0.9978768577494692,0.9956331877729258,0.9458416547788873,0.9417113418759226,458
6bba_fc5f39dc,6bba,0.99,21406,14020.0,1.5268188302425107,0.9978768577494692,0.9956331877729258,0.947318116975749,0.9431813566396103,458
6bba_fc5f39dc,6bba,0.995,21143,14020.0,1.5080599144079885,0.9978768577494692,0.9956331877729258,0.9491940085592011,0.9450490565567592,458
6bba_fc5f39dc,6bba,0.998,20694,14020.0,1.476034236804565,0.9957537154989384,0.9912663755458515,0.9523965763195436,0.9440787022905519,458
6bba_fc5f39dc,6bba,0.999,20287,14020.0,1.4470042796005707,0.9957537154989384,0.9912663755458515,0.955299572039943,0.9469563443365373,458
6bba_fc5f39dc,6bba,0.9995,19794,14020.0,1.4118402282453637,0.9936305732484076,0.9890829694323144,0.9588159771754636,0.9483485538438537,458
6bba_fc5f39dc,6bba,0.9999,17875,14020.0,1.2749643366619114,0.9766454352441614,0.962882096069869,0.9725035663338089,0.9364062723869208,458
6bba_fc83837d,6bba,0.965,20685,13087.0,1.5805761442653015,0.9916405433646813,0.9859154929577465,0.9419423855734699,0.9286755914104633,923
6bba_fc83837d,6bba,0.98,20212,13087.0,1.5444334071979828,0.9916405433646813,0.9859154929577465,0.9455566592802017,0.9322389598537201,923
6bba_fc83837d,6bba,0.99,19585,13087.0,1.4965232673645603,0.9916405433646813,0.9859154929577465,0.950347673263544,0.9369624947668743,923
6bba_fc83837d,6bba,0.995,18744,13087.0,1.4322610223886298,0.9916405433646813,0.9859154929577465,0.956773897761137,0.943298209060276,923
6bba_fc83837d,6bba,0.998,17352,13087.0,1.3258959272560555,0.9905956112852664,0.9837486457204767,0.9674104072743944,0.9516886780120803,923
6bba_fc83837d,6bba,0.999,15992,13087.0,1.2219760067242302,0.9895506792058516,0.9826652221018418,0.977802399327577,0.9608524119069473,923
6bba_fc83837d,6bba,0.9995,14422,13087.0,1.1020096278749905,0.9885057471264368,0.9815817984832069,0.989799037212501,0.9715687190839933,923
6bba_fc83837d,6bba,0.9999,9741,13087.0,0.7443264308092,0.9508881922675027,0.9274106175514626,1.02556735691908,0.9511220558209452,923
6bba_fe670320,6bba,0.965,12570,10836.0,1.1600221483942414,0.9972067039106145,0.9955882352941177,0.9839977851605759,0.9796566184613381,680
6bba_fe670320,6bba,0.98,12359,10836.0,1.1405500184569952,0.9972067039106145,0.9955882352941177,0.9859449981543005,0.9815952408095021,680
6bba_fe670320,6bba,0.99,12131,10836.0,1.1195090439276485,0.9972067039106145,0.9955882352941177,0.9880490956072352,0.9836900554795562,680
6bba_fe670320,6bba,0.995,11875,10836.0,1.0958840900701365,0.9972067039106145,0.9955882352941177,0.9904115909929864,0.9860421280915468,680
6bba_fe670320,6bba,0.998,11491,10836.0,1.0604466592838686,0.9972067039106145,0.9955882352941177,0.9939553340716132,0.9895702370095325,680
6bba_fe670320,6bba,0.999,11202,10836.0,1.0337763012181618,0.9972067039106145,0.9955882352941177,0.9966223698781839,0.9922255064816625,680
6bba_fe670320,6bba,0.9995,10906,10836.0,1.0064599483204135,0.9972067039106145,0.9955882352941177,0.9993540051679587,0.9949450904392766,680
6bba_fe670320,6bba,0.9999,9884,10836.0,0.9121447028423773,0.9958100558659218,0.9926470588235294,1.0087855297157622,1.0013679890560876,680
