[{"stream_name":"stderr","time":6.840084659,"data":"0.00s - Debugger warning: It seems that frozen modules are being used, which may\n"}
,{"stream_name":"stderr","time":6.840146517,"data":"0.00s - make the debugger miss breakpoints. Please pass -Xfrozen_modules=off\n"}
,{"stream_name":"stderr","time":6.840151037,"data":"0.00s - to python to disable frozen modules.\n"}
,{"stream_name":"stderr","time":6.8401537900000005,"data":"0.00s - Note: Debugging will proceed. Set PYDEVD_DISABLE_FILE_VALIDATION=1 to disable this validation.\n"}
,{"stream_name":"stderr","time":7.4284966,"data":"0.00s - Debugger warning: It seems that frozen modules are being used, which may\n"}
,{"stream_name":"stderr","time":7.42852679,"data":"0.00s - make the debugger miss breakpoints. Please pass -Xfrozen_modules=off\n"}
,{"stream_name":"stderr","time":7.428531851,"data":"0.00s - to python to disable frozen modules.\n"}
,{"stream_name":"stderr","time":7.428539076,"data":"0.00s - Note: Debugging will proceed. Set PYDEVD_DISABLE_FILE_VALIDATION=1 to disable this validation.\n"}
,{"stream_name":"stdout","time":9.186026559,"data":"BIOHUB_PRESET: harmonic_v3_division_wide\n"}
,{"stream_name":"stdout","time":9.186074194,"data":"BIOHUB_SCORE_AXIS: 0.933 baseline -\u003e 0.934 harmonic fusion -\u003e 0.939 wider divisions/calmer fusion -\u003e 0.941 repair adaptation -\u003e 0.946 primary edge-feature TTA -\u003e 0.947 secondary feature TTA + DeepCenter TTA\n"}
,{"stream_name":"stdout","time":9.186080415,"data":"Configuration guard: PASS\n"}
,{"stream_name":"stdout","time":9.186083579,"data":"Verified score progression: 0.933 -\u003e 0.934 -\u003e 0.939 -\u003e 0.941 -\u003e 0.946 -\u003e 0.947\n"}
,{"stream_name":"stdout","time":9.186086772,"data":"Previous verified configuration: public LB 0.946\n"}
,{"stream_name":"stdout","time":9.186089553,"data":"Current verified configuration: public LB 0.947\n"}
,{"stream_name":"stdout","time":9.186092231,"data":"0.946 primary edge-feature TTA retained with eight aligned D4 views\n"}
,{"stream_name":"stdout","time":9.186095067,"data":"0.947 change: secondary feature TTA blend 0.75 + DeepCenter TTA + safe-div threshold 0.20\n"}
,{"stream_name":"stdout","time":9.186098017,"data":"Reverse-time association weight retained at 0.150\n"}
,{"stream_name":"stdout","time":10.03561272,"data":"Biohub learned UNet + node-transformer + ILP submission\n"}
,{"stream_name":"stdout","time":10.03563875,"data":"COMP_DIR: /kaggle/input/competitions/biohub-cell-tracking-during-development exists: True\n"}
,{"stream_name":"stdout","time":10.035644401,"data":"TEST_DIR: /kaggle/input/competitions/biohub-cell-tracking-during-development/test exists: True\n"}
,{"stream_name":"stdout","time":10.035648734,"data":"{\n"}
,{"stream_name":"stdout","time":10.035652536,"data":"  \"adaptive_short_track_rescue\": true,\n"}
,{"stream_name":"stdout","time":10.035656959,"data":"  \"allow_artifact_fallback\": true,\n"}
,{"stream_name":"stdout","time":10.035661663,"data":"  \"allow_pip_install\": false,\n"}
,{"stream_name":"stdout","time":10.035666113,"data":"  \"deepcenter_checkpoint_default\": \"/kaggle/input/biohub-deepcenter-unet3d-center-prior-v1/weights/full_frame_center/best.pt\",\n"}
,{"stream_name":"stdout","time":10.035670659,"data":"  \"deepcenter_expected_epoch\": 2,\n"}
,{"stream_name":"stdout","time":10.035674587,"data":"  \"deepcenter_gap_add_gate\": true,\n"}
,{"stream_name":"stdout","time":10.035678781,"data":"  \"deepcenter_gap_confirm_min_span_um\": 8.5,\n"}
,{"stream_name":"stdout","time":10.035683083,"data":"  \"deepcenter_gap_threshold\": 0.25,\n"}
,{"stream_name":"stdout","time":10.035687669,"data":"  \"deepcenter_safe_div_add_gate\": true,\n"}
,{"stream_name":"stdout","time":10.03570335,"data":"  \"deepcenter_safe_div_threshold\": 0.2,\n"}
,{"stream_name":"stdout","time":10.03570798,"data":"  \"deepcenter_tta\": true,\n"}
,{"stream_name":"stdout","time":10.035712136,"data":"  \"det_threshold\": 0.965,\n"}
,{"stream_name":"stdout","time":10.03571611,"data":"  \"div_drop_to_single_if_bad\": true,\n"}
,{"stream_name":"stdout","time":10.035720117,"data":"  \"div_parent_max_um\": 10.5,\n"}
,{"stream_name":"stdout","time":10.035724125,"data":"  \"div_sister_max_um\": 8.0,\n"}
,{"stream_name":"stdout","time":10.035728243,"data":"  \"experiment_tag\": \"secondary_deepcenter_tta_0947\",\n"}
,{"stream_name":"stdout","time":10.035732302,"data":"  \"gap2_frame_frac_cap\": 0.006,\n"}
,{"stream_name":"stdout","time":10.035736416,"data":"  \"gap2_max_links_abs\": 180,\n"}
,{"stream_name":"stdout","time":10.03574056,"data":"  \"gap2_max_links_frac\": 0.0045,\n"}
,{"stream_name":"stdout","time":10.035744796,"data":"  \"gap2_max_step_um\": 4.4,\n"}
,{"stream_name":"stdout","time":10.035749567,"data":"  \"gap2_max_total_um\": 10.2,\n"}
,{"stream_name":"stdout","time":10.035754133,"data":"  \"gap2_require_context\": true,\n"}
,{"stream_name":"stdout","time":10.035758118,"data":"  \"gap_close_effective_max_gap\": 1,\n"}
,{"stream_name":"stdout","time":10.035762156,"data":"  \"gap_close_max_added_abs\": 2000,\n"}
,{"stream_name":"stdout","time":10.035766293,"data":"  \"gap_close_max_added_frac\": 0.05,\n"}
,{"stream_name":"stdout","time":10.035770579,"data":"  \"gap_close_max_gap\": 2,\n"}
,{"stream_name":"stdout","time":10.035775376,"data":"  \"gap_close_reuse_existing\": true,\n"}
,{"stream_name":"stdout","time":10.035779707,"data":"  \"gap_close_reuse_um\": 3.2,\n"}
,{"stream_name":"stdout","time":10.035784079,"data":"  \"gap_close_um\": 5.0,\n"}
,{"stream_name":"stdout","time":10.03578841,"data":"  \"gap_density_adaptive\": true,\n"}
,{"stream_name":"stdout","time":10.035792859,"data":"  \"gap_density_gain\": 0.04,\n"}
,{"stream_name":"stdout","time":10.035797438,"data":"  \"gap_density_max_step_delta_um\": 0.125,\n"}
,{"stream_name":"stdout","time":10.035801564,"data":"  \"gap_density_neighbors\": 3,\n"}
,{"stream_name":"stdout","time":10.035805587,"data":"  \"gap_density_reference_um\": 6.5,\n"}
,{"stream_name":"stdout","time":10.035809502,"data":"  \"gap_refine_max_shift_um\": 3.2,\n"}
,{"stream_name":"stdout","time":10.035813504,"data":"  \"gap_refine_synthetic\": true,\n"}
,{"stream_name":"stdout","time":10.035817426,"data":"  \"gap_refine_win_yx\": 3,\n"}
,{"stream_name":"stdout","time":10.03582146,"data":"  \"gap_refine_win_z\": 1,\n"}
,{"stream_name":"stdout","time":10.035825363,"data":"  \"ilp_appearance_weight\": 0.0,\n"}
,{"stream_name":"stdout","time":10.035829428,"data":"  \"ilp_disappearance_weight\": 2.0,\n"}
,{"stream_name":"stdout","time":10.03583344,"data":"  \"ilp_division_weight\": 1.2,\n"}
,{"stream_name":"stdout","time":10.035837439,"data":"  \"ilp_edge_weight\": -1.0,\n"}
,{"stream_name":"stdout","time":10.035841623,"data":"  \"method\": \"unet_transformer\",\n"}
,{"stream_name":"stdout","time":10.035846268,"data":"  \"motion_relink_learned_bonus\": 1.0,\n"}
,{"stream_name":"stdout","time":10.035850867,"data":"  \"motion_relink_max_frame_nodes\": 2600,\n"}
,{"stream_name":"stdout","time":10.035855473,"data":"  \"motion_relink_relaxed_um\": 10.0,\n"}
,{"stream_name":"stdout","time":10.03585952,"data":"  \"motion_relink_tight_um\": 6.0,\n"}
,{"stream_name":"stdout","time":10.035863577,"data":"  \"motion_relink_velocity_weight\": 0.5,\n"}
,{"stream_name":"stdout","time":10.035867778,"data":"  \"output_division_geometry_filter\": false,\n"}
,{"stream_name":"stdout","time":10.035878133,"data":"  \"output_edge_max_um\": 14.0,\n"}
,{"stream_name":"stdout","time":10.035882013,"data":"  \"output_enforce_next_frame\": true,\n"}
,{"stream_name":"stdout","time":10.035887982,"data":"  \"output_filter_short_tracks\": true,\n"}
,{"stream_name":"stdout","time":10.035892211,"data":"  \"output_gap2_recovery\": true,\n"}
,{"stream_name":"stdout","time":10.035896647,"data":"  \"output_gap_close\": true,\n"}
,{"stream_name":"stdout","time":10.035901177,"data":"  \"output_keep_division_components\": true,\n"}
,{"stream_name":"stdout","time":10.035905951,"data":"  \"output_linefit_smooth\": true,\n"}
,{"stream_name":"stdout","time":10.035911007,"data":"  \"output_linefit_weight\": 0.8,\n"}
,{"stream_name":"stdout","time":10.035914982,"data":"  \"output_linefit_window\": 2,\n"}
,{"stream_name":"stdout","time":10.035919287,"data":"  \"output_min_track_len\": 6,\n"}
,{"stream_name":"stdout","time":10.035924154,"data":"  \"output_motion_relink\": false,\n"}
,{"stream_name":"stdout","time":10.035928747,"data":"  \"output_prune_isolated\": true,\n"}
,{"stream_name":"stdout","time":10.03593331,"data":"  \"output_safe_divisions\": true,\n"}
,{"stream_name":"stdout","time":10.035937879,"data":"  \"output_single_child_repair\": false,\n"}
,{"stream_name":"stdout","time":10.035942407,"data":"  \"output_single_parent_repair\": true,\n"}
,{"stream_name":"stdout","time":10.035946786,"data":"  \"primary_artifact_manifest\": \"/kaggle/input/datasets/pilkwang/biohub-tracking-support-pack-50ep-v1/ARTIFACT_MANIFEST.json\",\n"}
,{"stream_name":"stdout","time":10.03597745,"data":"  \"safe_div_existing_child_max_um\": 10.0,\n"}
,{"stream_name":"stdout","time":10.035988054,"data":"  \"safe_div_frame_frac_cap\": 0.0076,\n"}
,{"stream_name":"stdout","time":10.035992718,"data":"  \"safe_div_global_frac_cap\": 0.00375,\n"}
,{"stream_name":"stdout","time":10.035997197,"data":"  \"safe_div_max_um\": 9.0,\n"}
,{"stream_name":"stdout","time":10.036002097,"data":"  \"safe_div_sister_max_um\": 14.0,\n"}
,{"stream_name":"stdout","time":10.036006134,"data":"  \"secondary_edge_feature_tta\": true,\n"}
,{"stream_name":"stdout","time":10.036010082,"data":"  \"secondary_edge_feature_tta_weight\": 0.75,\n"}
,{"stream_name":"stdout","time":10.03601417,"data":"  \"short_track_rescue_max_mean_edge_dist_um\": 3.0,\n"}
,{"stream_name":"stdout","time":10.036018298,"data":"  \"short_track_rescue_max_nodes_abs\": 120,\n"}
,{"stream_name":"stdout","time":10.036022481,"data":"  \"short_track_rescue_max_nodes_frac\": 0.012,\n"}
,{"stream_name":"stdout","time":10.036028563,"data":"  \"short_track_rescue_min_len\": 4,\n"}
,{"stream_name":"stdout","time":10.036036661,"data":"  \"short_track_rescue_min_mean_edge_prob\": 0.88,\n"}
,{"stream_name":"stdout","time":10.036039536,"data":"  \"short_track_rescue_trigger_removed_frac\": 0.1,\n"}
,{"stream_name":"stdout","time":10.036042516,"data":"  \"slice\": \"\",\n"}
,{"stream_name":"stdout","time":10.036045288,"data":"  \"target_artifact_slug\": \"biohub-tracking-support-pack\",\n"}
,{"stream_name":"stdout","time":10.036048183,"data":"  \"unet_batch_size\": 4,\n"}
,{"stream_name":"stdout","time":10.036050843,"data":"  \"use_deepcenter_add_only_gate\": true,\n"}
,{"stream_name":"stdout","time":10.036053636,"data":"  \"use_ilp\": true,\n"}
,{"stream_name":"stdout","time":10.036056327,"data":"  \"weights\": \"weights/unet_transformer/split_0/edge_predictor_best.pth\"\n"}
,{"stream_name":"stdout","time":10.036059191,"data":"}\n"}
,{"stream_name":"stdout","time":10.036066334,"data":"ARTIFACTS: /kaggle/input/datasets/pilkwang/biohub-tracking-support-pack-50ep-v1\n"}
,{"stream_name":"stdout","time":10.036069423,"data":"Has offline wheels: True\n"}
,{"stream_name":"stdout","time":10.036072123,"data":"Artifact name: biohub-tracking-support-pack-400ep-snapshot-v1\n"}
,{"stream_name":"stdout","time":10.036076065,"data":"Weight sha256: 12f6881ee3620a831697ca098ff8f48e687a24225f4e048b538deec3562fe771\n"}
,{"stream_name":"stdout","time":10.036080134,"data":"Weight path: weights/unet_transformer/split_0/edge_predictor_best.pth\n"}
,{"stream_name":"stdout","time":10.672226119,"data":"Installing missing packages from offline package dirs: ['polars']\n"}
,{"stream_name":"stdout","time":10.672255458,"data":"Dependency resolver is disabled with --no-deps to avoid replacing Kaggle numpy/scipy in a live kernel.\n"}
,{"stream_name":"stdout","time":10.672260472,"data":"Offline package dirs: ['/kaggle/input/datasets/pilkwang/biohub-tracking-support-pack-50ep-v1/wheels']\n"}
,{"stream_name":"stdout","time":16.444101701,"data":"Offline dependency install succeeded.\n"}
,{"stream_name":"stdout","time":16.44413195,"data":"Installing missing packages from offline package dirs: ['tracksdata', 'zarr', 'pyscipopt', 'geff', 'geff_spec', 'ilpy', 'imagecodecs', 'rustworkx', 'numcodecs', 'donfig', 'bidict']\n"}
,{"stream_name":"stdout","time":16.444137578,"data":"Dependency resolver is disabled with --no-deps to avoid replacing Kaggle numpy/scipy in a live kernel.\n"}
,{"stream_name":"stdout","time":16.444142613,"data":"Offline package dirs: ['/kaggle/input/datasets/pilkwang/biohub-tracking-support-pack-50ep-v1/wheels']\n"}
,{"stream_name":"stdout","time":41.91298756,"data":"Offline dependency install succeeded.\n"}
,{"stream_name":"stderr","time":49.491570067,"data":"/usr/local/lib/python3.12/dist-packages/dask/array/image.py:7: FutureWarning: `find_available_plugins` is deprecated since version 0.25 and will be removed in version 0.27. The plugin infrastructure of `skimage.io` is deprecated. Instead, use `imageio` or other I/O packages directly.\n"}
,{"stream_name":"stderr","time":49.491599333,"data":"  from skimage.io import imread as sk_imread\n"}
,{"stream_name":"stderr","time":49.491605451,"data":"/usr/lib/python3.12/importlib/__init__.py:90: FutureWarning: `reset_plugins` is deprecated since version 0.25 and will be removed in version 0.27. The plugin infrastructure of `skimage.io` is deprecated. Instead, use `imageio` or other I/O packages directly.\n"}
,{"stream_name":"stderr","time":49.491611544,"data":"  return _bootstrap._gcd_import(name[level:], package, level)\n"}
,{"stream_name":"stderr","time":49.491616578,"data":"\n"}
,{"stream_name":"stderr","time":49.491621785,"data":"/usr/local/lib/python3.12/dist-packages/dask/array/image.py:7: FutureWarning: `find_available_plugins` is deprecated since version 0.25 and will be removed in version 0.27. The plugin infrastructure of `skimage.io` is deprecated. Instead, use `imageio` or other I/O packages directly.\n"}
,{"stream_name":"stderr","time":49.491627751,"data":"  from skimage.io import imread as sk_imread\n"}
,{"stream_name":"stderr","time":49.491632657,"data":"/usr/lib/python3.12/importlib/__init__.py:90: FutureWarning: `reset_plugins` is deprecated since version 0.25 and will be removed in version 0.27. The plugin infrastructure of `skimage.io` is deprecated. Instead, use `imageio` or other I/O packages directly.\n"}
,{"stream_name":"stderr","time":49.49163821,"data":"  return _bootstrap._gcd_import(name[level:], package, level)\n"}
,{"stream_name":"stdout","time":49.701171047,"data":"Required graph/Zarr/ILP packages import successfully.\n"}
,{"stream_name":"stdout","time":49.701204478,"data":"Inference repo: /kaggle/working/tracking_repo\n"}
,{"stream_name":"stdout","time":49.701227005,"data":"Weights: /kaggle/working/tracking_repo/weights/unet_transformer/split_0/edge_predictor_best.pth\n"}
,{"stream_name":"stdout","time":50.559484402,"data":"Support repo Python manifest SHA256: 978b626d1fd1e7397435a437dfe68691defe1572fc3c20e61012d7c9b52ed029\n"}
,{"stream_name":"stdout","time":50.559515572,"data":"Primary materialized SHA256: 12f6881ee3620a831697ca098ff8f48e687a24225f4e048b538deec3562fe771\n"}
,{"stream_name":"stdout","time":50.559520479,"data":"DeepCenter materialized SHA256: 8040999a92f6b7bbd98fa8cf458141e045c0f9ad7c936bdb3b18e1f7edafe2a0\n"}
,{"stream_name":"stdout","time":321.353639617,"data":"Secondary artifact: /kaggle/input/datasets/pilkwang/biohub-temporal-unet3d-seed314159-v1\n"}
,{"stream_name":"stdout","time":321.353673741,"data":"Secondary weight: /kaggle/working/secondary_seed_weights/unet_transformer/split_0/edge_predictor_best.pth\n"}
,{"stream_name":"stdout","time":321.353678122,"data":"Secondary SHA256: 9bac2fa0dadc4a6fc1899e0caf187f4b553e0a7cd90ba1261a68b35ffe9e305f\n"}
,{"stream_name":"stdout","time":321.353681487,"data":"Secondary edge-logit weight: 0.15\n"}
,{"stream_name":"stdout","time":321.35368495,"data":"Secondary edge-feature TTA blend: 0.75\n"}
,{"stream_name":"stdout","time":321.35368871,"data":"Runtime integrity receipt: /kaggle/working/bidirectional_production_runtime_integrity.json\n"}
,{"stream_name":"stdout","time":325.096651801,"data":"CUDA device: Tesla T4\n"}
,{"stream_name":"stdout","time":325.096679609,"data":"Eight-view D4 detection TTA patch applied\n"}
,{"stream_name":"stdout","time":325.096685346,"data":"Calibrated dual-seed runtime patch applied\n"}
,{"stream_name":"stdout","time":325.096691688,"data":"Frozen frame retention guard applied at 0.90\n"}
,{"stream_name":"stdout","time":325.096699862,"data":"Bidirectional harmonic-probability association fusion applied | weight: 0.15\n"}
,{"stream_name":"stdout","time":325.096703665,"data":"Pre-ILP detector-coordinate manifest hook applied\n"}
,{"stream_name":"stdout","time":325.096706896,"data":"Edge-feature TTA patch installed and enabled\n"}
,{"stream_name":"stdout","time":325.096709997,"data":"Found 4 test videos\n"}
,{"stream_name":"stdout","time":325.096712981,"data":"['44b6_0113de3b', '44b6_0b24845f', '6bba_05b6850b', '6bba_05db0fb1']\n"}
,{"stream_name":"stdout","time":325.096716288,"data":"Launching 2 independent video shards on CUDA devices ['0', '1']\n"}
,{"stream_name":"stdout","time":325.096719536,"data":"GPU shard 0: CUDA_VISIBLE_DEVICES = 0 | /usr/bin/python3 scripts/predict_unet_transformer.py --data-dir /kaggle/input/competitions/biohub-cell-tracking-during-development/test --splits kaggle_test_splits_50ep.json --split 0 --weights weights/unet_transformer/split_0/edge_predictor_best.pth --unet-batch-size 4 --det-threshold 0.965 --ilp-edge-weight -1.0 --ilp-appearance-weight 0.0 --ilp-disappearance-weight 2.0 --ilp-division-weight 1.2 --use-ilp --method unet_transformer_gpu0 --slice 0::2\n"}
,{"stream_name":"stdout","time":325.099062371,"data":"GPU shard 1: CUDA_VISIBLE_DEVICES = 1 | /usr/bin/python3 scripts/predict_unet_transformer.py --data-dir /kaggle/input/competitions/biohub-cell-tracking-during-development/test --splits kaggle_test_splits_50ep.json --split 0 --weights weights/unet_transformer/split_0/edge_predictor_best.pth --unet-batch-size 4 --det-threshold 0.965 --ilp-edge-weight -1.0 --ilp-appearance-weight 0.0 --ilp-disappearance-weight 2.0 --ilp-division-weight 1.2 --use-ilp --method unet_transformer_gpu1 --slice 1::2\n"}
,{"stream_name":"stdout","time":330.432124279,"data":"/usr/local/lib/python3.12/dist-packages/dask/array/image.py:7: FutureWarning: `find_available_plugins` is deprecated since version 0.25 and will be removed in version 0.27. The plugin infrastructure of `skimage.io` is deprecated. Instead, use `imageio` or other I/O packages directly.\n"}
,{"stream_name":"stdout","time":330.432763589,"data":"  from skimage.io import imread as sk_imread\n"}
,{"stream_name":"stdout","time":330.436863894,"data":"/usr/lib/python3.12/importlib/__init__.py:90: FutureWarning: `reset_plugins` is deprecated since version 0.25 and will be removed in version 0.27. The plugin infrastructure of `skimage.io` is deprecated. Instead, use `imageio` or other I/O packages directly.\n"}
,{"stream_name":"stdout","time":330.438212741,"data":"  return _bootstrap._gcd_import(name[level:], package, level)\n"}
,{"stream_name":"stdout","time":330.488053307,"data":"/usr/local/lib/python3.12/dist-packages/dask/array/image.py:7: FutureWarning: `find_available_plugins` is deprecated since version 0.25 and will be removed in version 0.27. The plugin infrastructure of `skimage.io` is deprecated. Instead, use `imageio` or other I/O packages directly.\n"}
,{"stream_name":"stdout","time":330.489219994,"data":"  from skimage.io import imread as sk_imread\n"}
,{"stream_name":"stdout","time":330.493900807,"data":"/usr/lib/python3.12/importlib/__init__.py:90: FutureWarning: `reset_plugins` is deprecated since version 0.25 and will be removed in version 0.27. The plugin infrastructure of `skimage.io` is deprecated. Instead, use `imageio` or other I/O packages directly.\n"}
,{"stream_name":"stdout","time":330.49532878,"data":"  return _bootstrap._gcd_import(name[level:], package, level)\n"}
,{"stream_name":"stdout","time":331.169524233,"data":"Secondary model: /kaggle/working/secondary_seed_weights/unet_transformer/split_0/edge_predictor_best.pth | edge weight = 0.150 | detection weight = 0.800 | link mode = low_margin_consensus | temperature = 1.000 | low-margin max = 0.350 | edge threshold = 0.480\n"}
,{"stream_name":"stdout","time":331.170481602,"data":"Fold 0: 2 datasets | weights=weights/unet_transformer/split_0/edge_predictor_best.pth | device=cuda | window_size=2 | pool_kernel_um=3.0\n"}
,{"stream_name":"stdout","time":331.171441836,"data":"Secondary model: /kaggle/working/secondary_seed_weights/unet_transformer/split_0/edge_predictor_best.pth | edge weight = 0.150 | detection weight = 0.800 | link mode = low_margin_consensus | temperature = 1.000 | low-margin max = 0.350 | edge threshold = 0.480\n"}
,{"stream_name":"stdout","time":331.172616058,"data":"Fold 0: 2 datasets | weights=weights/unet_transformer/split_0/edge_predictor_best.pth | device=cuda | window_size=2 | pool_kernel_um=3.0\n"}
,{"stream_name":"stdout","time":333.140030728,"data":"EDGE_TTA_ACTIVE views = 8 mean_abs_feat_delta = 0.360585\n"}
,{"stream_name":"stdout","time":333.141263813,"data":"EDGE_TTA_ACTIVE views = 8 mean_abs_feat_delta = 0.323238\n"}
,{"stream_name":"stdout","time":334.004446598,"data":"SECONDARY_EDGE_TTA_ACTIVE views = 8 weight = 0.75 mean_abs_feat_delta = 0.28166\n"}
,{"stream_name":"stdout","time":334.005603912,"data":"SECONDARY_EDGE_TTA_ACTIVE views = 8 weight = 0.75 mean_abs_feat_delta = 0.230737\n"}
,{"stream_name":"stdout","time":334.130276924,"data":"BIOHUB_RETENTION_GUARD {\"blended_candidates\": 387, \"dataset\": \"44b6_0b24845f\", \"frame\": 0, \"minimum_retention\": 0.9, \"primary_candidates\": 465, \"retention\": 0.832258064516129, \"use_primary\": true}\n"}
,{"stream_name":"stdout","time":334.131547229,"data":"BIOHUB_RETENTION_GUARD {\"blended_candidates\": 391, \"dataset\": \"44b6_0b24845f\", \"frame\": 1, \"minimum_retention\": 0.9, \"primary_candidates\": 444, \"retention\": 0.8806306306306306, \"use_primary\": true}\n"}
,{"stream_name":"stdout","time":338.045783912,"data":"EDGE_TTA_ACTIVE views = 8 mean_abs_feat_delta = 0.328294\n"}
,{"stream_name":"stdout","time":338.090637601,"data":"EDGE_TTA_ACTIVE views = 8 mean_abs_feat_delta = 0.361891\n"}
,{"stream_name":"stdout","time":338.906135166,"data":"SECONDARY_EDGE_TTA_ACTIVE views = 8 weight = 0.75 mean_abs_feat_delta = 0.23209\n"}
,{"stream_name":"stdout","time":338.959511507,"data":"SECONDARY_EDGE_TTA_ACTIVE views = 8 weight = 0.75 mean_abs_feat_delta = 0.288809\n"}
,{"stream_name":"stdout","time":338.962899424,"data":"BIOHUB_RETENTION_GUARD {\"blended_candidates\": 333, \"dataset\": \"44b6_0b24845f\", \"frame\": 2, \"minimum_retention\": 0.9, \"primary_candidates\": 390, \"retention\": 0.8538461538461538, \"use_primary\": true}\n"}
,{"stream_name":"stdout","time":339.891945863,"data":"EDGE_TTA_ACTIVE views = 8 mean_abs_feat_delta = 0.326314\n"}
,{"stream_name":"stdout","time":339.985223782,"data":"EDGE_TTA_ACTIVE views = 8 mean_abs_feat_delta = 0.354206\n"}
,{"stream_name":"stdout","time":340.767875876,"data":"SECONDARY_EDGE_TTA_ACTIVE views = 8 weight = 0.75 mean_abs_feat_delta = 0.232786\n"}
,{"stream_name":"stdout","time":340.857280865,"data":"SECONDARY_EDGE_TTA_ACTIVE views = 8 weight = 0.75 mean_abs_feat_delta = 0.287127\n"}
,{"stream_name":"stdout","time":340.860814851,"data":"BIOHUB_RETENTION_GUARD {\"blended_candidates\": 362, \"dataset\": \"44b6_0b24845f\", \"frame\": 3, \"minimum_retention\": 0.9, \"primary_candidates\": 421, \"retention\": 0.8598574821852731, \"use_primary\": true}\n"}
,{"stream_name":"stdout","time":341.731493491,"data":"EDGE_TTA_ACTIVE views = 8 mean_abs_feat_delta = 0.32686\n"}
,{"stream_name":"stdout","time":341.954202654,"data":"EDGE_TTA_ACTIVE views = 8 mean_abs_feat_delta = 0.358867\n"}
,{"stream_name":"stdout","time":342.595967261,"data":"SECONDARY_EDGE_TTA_ACTIVE views = 8 weight = 0.75 mean_abs_feat_delta = 0.232764\n"}
,{"stream_name":"stdout","time":342.832233257,"data":"SECONDARY_EDGE_TTA_ACTIVE views = 8 weight = 0.75 mean_abs_feat_delta = 0.283303\n"}
,{"stream_name":"stdout","time":342.836128639,"data":"BIOHUB_RETENTION_GUARD {\"blended_candidates\": 341, \"dataset\": \"44b6_0b24845f\", \"frame\": 4, \"minimum_retention\": 0.9, \"primary_candidates\": 404, \"retention\": 0.844059405940594, \"use_primary\": true}\n"}
,{"stream_name":"stdout","time":343.637171248,"data":"EDGE_TTA_ACTIVE views = 8 mean_abs_feat_delta = 0.327781\n"}
,{"stream_name":"stdout","time":343.909192805,"data":"EDGE_TTA_ACTIVE views = 8 mean_abs_feat_delta = 0.362463\n"}
,{"stream_name":"stdout","time":344.506703642,"data":"SECONDARY_EDGE_TTA_ACTIVE views = 8 weight = 0.75 mean_abs_feat_delta = 0.236445\n"}
,{"stream_name":"stdout","time":344.790538423,"data":"SECONDARY_EDGE_TTA_ACTIVE views = 8 weight = 0.75 mean_abs_feat_delta = 0.289665\n"}
,{"stream_name":"stdout","time":344.794243299,"data":"BIOHUB_RETENTION_GUARD {\"blended_candidates\": 326, \"dataset\": \"44b6_0b24845f\", \"frame\": 5, \"minimum_retention\": 0.9, \"primary_candidates\": 383, \"retention\": 0.8511749347258486, \"use_primary\": true}\n"}
,{"stream_name":"stdout","time":345.530528163,"data":"EDGE_TTA_ACTIVE views = 8 mean_abs_feat_delta = 0.332086\n"}
,{"stream_name":"stdout","time":345.882457159,"data":"EDGE_TTA_ACTIVE views = 8 mean_abs_feat_delta = 0.363112\n"}
,{"stream_name":"stdout","time":346.401209432,"data":"SECONDARY_EDGE_TTA_ACTIVE views = 8 weight = 0.75 mean_abs_feat_delta = 0.236059\n"}
,{"stream_name":"stdout","time":346.766435523,"data":"SECONDARY_EDGE_TTA_ACTIVE views = 8 weight = 0.75 mean_abs_feat_delta = 0.296162\n"}
,{"stream_name":"stdout","time":346.770014621,"data":"BIOHUB_RETENTION_GUARD {\"blended_candidates\": 333, \"dataset\": \"44b6_0b24845f\", \"frame\": 6, \"minimum_retention\": 0.9, \"primary_candidates\": 403, \"retention\": 0.826302729528536, \"use_primary\": true}\n"}
,{"stream_name":"stdout","time":347.36480395,"data":"EDGE_TTA_ACTIVE views = 8 mean_abs_feat_delta = 0.337311\n"}
,{"stream_name":"stdout","time":347.78911847,"data":"EDGE_TTA_ACTIVE views = 8 mean_abs_feat_delta = 0.363947\n"}
,{"stream_name":"stdout","time":348.237906778,"data":"SECONDARY_EDGE_TTA_ACTIVE views = 8 weight = 0.75 mean_abs_feat_delta = 0.242392\n"}
,{"stream_name":"stdout","time":348.673573771,"data":"SECONDARY_EDGE_TTA_ACTIVE views = 8 weight = 0.75 mean_abs_feat_delta = 0.297976\n"}
,{"stream_name":"stdout","time":348.677214082,"data":"BIOHUB_RETENTION_GUARD {\"blended_candidates\": 309, \"dataset\": \"44b6_0b24845f\", \"frame\": 7, \"minimum_retention\": 0.9, \"primary_candidates\": 390, \"retention\": 0.7923076923076923, \"use_primary\": true}\n"}
,{"stream_name":"stdout","time":349.237759252,"data":"EDGE_TTA_ACTIVE views = 8 mean_abs_feat_delta = 0.336476\n"}
,{"stream_name":"stdout","time":349.723905497,"data":"EDGE_TTA_ACTIVE views = 8 mean_abs_feat_delta = 0.368841\n"}
,{"stream_name":"stdout","time":350.114344518,"data":"SECONDARY_EDGE_TTA_ACTIVE views = 8 weight = 0.75 mean_abs_feat_delta = 0.241164\n"}
,{"stream_name":"stdout","time":350.616120772,"data":"SECONDARY_EDGE_TTA_ACTIVE views = 8 weight = 0.75 mean_abs_feat_delta = 0.292587\n"}
,{"stream_name":"stdout","time":350.619670736,"data":"BIOHUB_RETENTION_GUARD {\"blended_candidates\": 378, \"dataset\": \"44b6_0b24845f\", \"frame\": 8, \"minimum_retention\": 0.9, \"primary_candidates\": 443, \"retention\": 0.8532731376975169, \"use_primary\": true}\n"}
,{"stream_name":"stdout","time":351.112764415,"data":"EDGE_TTA_ACTIVE views = 8 mean_abs_feat_delta = 0.33307\n"}
,{"stream_name":"stdout","time":351.672230922,"data":"EDGE_TTA_ACTIVE views = 8 mean_abs_feat_delta = 0.372442\n"}
,{"stream_name":"stdout","time":351.995335272,"data":"SECONDARY_EDGE_TTA_ACTIVE views = 8 weight = 0.75 mean_abs_feat_delta = 0.240446\n"}
,{"stream_name":"stdout","time":352.567778743,"data":"SECONDARY_EDGE_TTA_ACTIVE views = 8 weight = 0.75 mean_abs_feat_delta = 0.291168\n"}
,{"stream_name":"stdout","time":352.571668303,"data":"BIOHUB_RETENTION_GUARD {\"blended_candidates\": 362, \"dataset\": \"44b6_0b24845f\", \"frame\": 9, \"minimum_retention\": 0.9, \"primary_candidates\": 429, \"retention\": 0.8438228438228438, \"use_primary\": true}\n"}
,{"stream_name":"stdout","time":352.999478474,"data":"EDGE_TTA_ACTIVE views = 8 mean_abs_feat_delta = 0.333216\n"}
,{"stream_name":"stdout","time":353.644311579,"data":"EDGE_TTA_ACTIVE views = 8 mean_abs_feat_delta = 0.36599\n"}
,{"stream_name":"stdout","time":353.87625205,"data":"SECONDARY_EDGE_TTA_ACTIVE views = 8 weight = 0.75 mean_abs_feat_delta = 0.24216\n"}
,{"stream_name":"stdout","time":354.540804265,"data":"SECONDARY_EDGE_TTA_ACTIVE views = 8 weight = 0.75 mean_abs_feat_delta = 0.301242\n"}
,{"stream_name":"stdout","time":354.54477014,"data":"BIOHUB_RETENTION_GUARD {\"blended_candidates\": 331, \"dataset\": \"44b6_0b24845f\", \"frame\": 10, \"minimum_retention\": 0.9, \"primary_candidates\": 419, \"retention\": 0.7899761336515513, \"use_primary\": true}\n"}
,{"stream_name":"stdout","time":354.896043068,"data":"EDGE_TTA_ACTIVE views = 8 mean_abs_feat_delta = 0.341654\n"}
,{"stream_name":"stdout","time":355.578403523,"data":"EDGE_TTA_ACTIVE views = 8 mean_abs_feat_delta = 0.358411\n"}
,{"stream_name":"stdout","time":355.778633428,"data":"SECONDARY_EDGE_TTA_ACTIVE views = 8 weight = 0.75 mean_abs_feat_delta = 0.243727\n"}
,{"stream_name":"stdout","time":356.478545972,"data":"SECONDARY_EDGE_TTA_ACTIVE views = 8 weight = 0.75 mean_abs_feat_delta = 0.289865\n"}
,{"stream_name":"stdout","time":356.482619482,"data":"BIOHUB_RETENTION_GUARD {\"blended_candidates\": 376, \"dataset\": \"44b6_0b24845f\", \"frame\": 11, \"minimum_retention\": 0.9, \"primary_candidates\": 441, \"retention\": 0.8526077097505669, \"use_primary\": true}\n"}
,{"stream_name":"stdout","time":356.78326971,"data":"EDGE_TTA_ACTIVE views = 8 mean_abs_feat_delta = 0.334228\n"}
,{"stream_name":"stdout","time":357.557744314,"data":"EDGE_TTA_ACTIVE views = 8 mean_abs_feat_delta = 0.361758\n"}
,{"stream_name":"stdout","time":357.665472506,"data":"SECONDARY_EDGE_TTA_ACTIVE views = 8 weight = 0.75 mean_abs_feat_delta = 0.241899\n"}
,{"stream_name":"stdout","time":358.462565647,"data":"SECONDARY_EDGE_TTA_ACTIVE views = 8 weight = 0.75 mean_abs_feat_delta = 0.298743\n"}
,{"stream_name":"stdout","time":358.466701764,"data":"BIOHUB_RETENTION_GUARD {\"blended_candidates\": 304, \"dataset\": \"44b6_0b24845f\", \"frame\": 12, \"minimum_retention\": 0.9, \"primary_candidates\": 361, \"retention\": 0.8421052631578947, \"use_primary\": true}\n"}
,{"stream_name":"stdout","time":358.71270886,"data":"EDGE_TTA_ACTIVE views = 8 mean_abs_feat_delta = 0.335161\n"}
,{"stream_name":"stdout","time":359.566168914,"data":"EDGE_TTA_ACTIVE views = 8 mean_abs_feat_delta = 0.368237\n"}
,{"stream_name":"stdout","time":359.598849325,"data":"SECONDARY_EDGE_TTA_ACTIVE views = 8 weight = 0.75 mean_abs_feat_delta = 0.237416\n"}
,{"stream_name":"stdout","time":360.467860394,"data":"SECONDARY_EDGE_TTA_ACTIVE views = 8 weight = 0.75 mean_abs_feat_delta = 0.295579\n"}
,{"stream_name":"stdout","time":360.471682403,"data":"BIOHUB_RETENTION_GUARD {\"blended_candidates\": 314, \"dataset\": \"44b6_0b24845f\", \"frame\": 13, \"minimum_retention\": 0.9, \"primary_candidates\": 382, \"retention\": 0.8219895287958116, \"use_primary\": true}\n"}
,{"stream_name":"stdout","time":360.615730527,"data":"EDGE_TTA_ACTIVE views = 8 mean_abs_feat_delta = 0.330752\n"}
,{"stream_name":"stdout","time":361.505342371,"data":"SECONDARY_EDGE_TTA_ACTIVE views = 8 weight = 0.75 mean_abs_feat_delta = 0.238386\n"}
,{"stream_name":"stdout","time":361.555118323,"data":"EDGE_TTA_ACTIVE views = 8 mean_abs_feat_delta = 0.366311\n"}
,{"stream_name":"stdout","time":362.461009479,"data":"SECONDARY_EDGE_TTA_ACTIVE views = 8 weight = 0.75 mean_abs_feat_delta = 0.29037\n"}
,{"stream_name":"stdout","time":362.464695567,"data":"BIOHUB_RETENTION_GUARD {\"blended_candidates\": 330, \"dataset\": \"44b6_0b24845f\", \"frame\": 14, \"minimum_retention\": 0.9, \"primary_candidates\": 378, \"retention\": 0.873015873015873, \"use_primary\": true}\n"}
,{"stream_name":"stdout","time":362.494102878,"data":"EDGE_TTA_ACTIVE views = 8 mean_abs_feat_delta = 0.32964\n"}
,{"stream_name":"stdout","time":363.387369236,"data":"SECONDARY_EDGE_TTA_ACTIVE views = 8 weight = 0.75 mean_abs_feat_delta = 0.238478\n"}
,{"stream_name":"stdout","time":363.502375587,"data":"EDGE_TTA_ACTIVE views = 8 mean_abs_feat_delta = 0.362666\n"}
,{"stream_name":"stdout","time":364.410749707,"data":"SECONDARY_EDGE_TTA_ACTIVE views = 8 weight = 0.75 mean_abs_feat_delta = 0.286822\n"}
,{"stream_name":"stdout","time":364.416051381,"data":"EDGE_TTA_ACTIVE views = 8 mean_abs_feat_delta = 0.32447\n"}
,{"stream_name":"stdout","time":365.309758913,"data":"SECONDARY_EDGE_TTA_ACTIVE views = 8 weight = 0.75 mean_abs_feat_delta = 0.234529\n"}
,{"stream_name":"stdout","time":365.50728814,"data":"EDGE_TTA_ACTIVE views = 8 mean_abs_feat_delta = 0.368515\n"}
,{"stream_name":"stdout","time":366.340090534,"data":"EDGE_TTA_ACTIVE views = 8 mean_abs_feat_delta = 0.325522\n"}
,{"stream_name":"stdout","time":366.421442258,"data":"SECONDARY_EDGE_TTA_ACTIVE views = 8 weight = 0.75 mean_abs_feat_delta = 0.282972\n"}
,{"stream_name":"stdout","time":367.255300335,"data":"SECONDARY_EDGE_TTA_ACTIVE views = 8 weight = 0.75 mean_abs_feat_delta = 0.238533\n"}
,{"stream_name":"stdout","time":367.52644429,"data":"EDGE_TTA_ACTIVE views = 8 mean_abs_feat_delta = 0.37163\n"}
,{"stream_name":"stdout","time":368.313318303,"data":"EDGE_TTA_ACTIVE views = 8 mean_abs_feat_delta = 0.319866\n"}
,{"stream_name":"stdout","time":368.441764455,"data":"SECONDARY_EDGE_TTA_ACTIVE views = 8 weight = 0.75 mean_abs_feat_delta = 0.284899\n"}
,{"stream_name":"stdout","time":369.214805262,"data":"SECONDARY_EDGE_TTA_ACTIVE views = 8 weight = 0.75 mean_abs_feat_delta = 0.239819\n"}
,{"stream_name":"stdout","time":369.523052275,"data":"EDGE_TTA_ACTIVE views = 8 mean_abs_feat_delta = 0.367306\n"}
,{"stream_name":"stdout","time":370.261489319,"data":"EDGE_TTA_ACTIVE views = 8 mean_abs_feat_delta = 0.323582\n"}
,{"stream_name":"stdout","time":370.441447593,"data":"SECONDARY_EDGE_TTA_ACTIVE views = 8 weight = 0.75 mean_abs_feat_delta = 0.276632\n"}
,{"stream_name":"stdout","time":371.168058112,"data":"SECONDARY_EDGE_TTA_ACTIVE views = 8 weight = 0.75 mean_abs_feat_delta = 0.242037\n"}
,{"stream_name":"stdout","time":371.480099838,"data":"EDGE_TTA_ACTIVE views = 8 mean_abs_feat_delta = 0.356982\n"}
,{"stream_name":"stdout","time":372.207946653,"data":"EDGE_TTA_ACTIVE views = 8 mean_abs_feat_delta = 0.326415\n"}
,{"stream_name":"stdout","time":372.402207792,"data":"SECONDARY_EDGE_TTA_ACTIVE views = 8 weight = 0.75 mean_abs_feat_delta = 0.278285\n"}
,{"stream_name":"stdout","time":373.117820348,"data":"SECONDARY_EDGE_TTA_ACTIVE views = 8 weight = 0.75 mean_abs_feat_delta = 0.241724\n"}
,{"stream_name":"stdout","time":373.440828668,"data":"EDGE_TTA_ACTIVE views = 8 mean_abs_feat_delta = 0.354988\n"}
,{"stream_name":"stdout","time":374.182499383,"data":"EDGE_TTA_ACTIVE views = 8 mean_abs_feat_delta = 0.32326\n"}
,{"stream_name":"stdout","time":374.368045859,"data":"SECONDARY_EDGE_TTA_ACTIVE views = 8 weight = 0.75 mean_abs_feat_delta = 0.280197\n"}
,{"stream_name":"stdout","time":374.372075534,"data":"BIOHUB_RETENTION_GUARD {\"blended_candidates\": 285, \"dataset\": \"44b6_0b24845f\", \"frame\": 20, \"minimum_retention\": 0.9, \"primary_candidates\": 317, \"retention\": 0.8990536277602523, \"use_primary\": true}\n"}
,{"stream_name":"stdout","time":375.093936175,"data":"SECONDARY_EDGE_TTA_ACTIVE views = 8 weight = 0.75 mean_abs_feat_delta = 0.234753\n"}
,{"stream_name":"stdout","time":375.436920268,"data":"EDGE_TTA_ACTIVE views = 8 mean_abs_feat_delta = 0.355885\n"}
,{"stream_name":"stdout","time":376.137539067,"data":"EDGE_TTA_ACTIVE views = 8 mean_abs_feat_delta = 0.324888\n"}
,{"stream_name":"stdout","time":376.369046937,"data":"SECONDARY_EDGE_TTA_ACTIVE views = 8 weight = 0.75 mean_abs_feat_delta = 0.281334\n"}
,{"stream_name":"stdout","time":376.373143511,"data":"BIOHUB_RETENTION_GUARD {\"blended_candidates\": 265, \"dataset\": \"44b6_0b24845f\", \"frame\": 21, \"minimum_retention\": 0.9, \"primary_candidates\": 325, \"retention\": 0.8153846153846154, \"use_primary\": true}\n"}
,{"stream_name":"stdout","time":377.050778213,"data":"SECONDARY_EDGE_TTA_ACTIVE views = 8 weight = 0.75 mean_abs_feat_delta = 0.238746\n"}
,{"stream_name":"stdout","time":377.448651445,"data":"EDGE_TTA_ACTIVE views = 8 mean_abs_feat_delta = 0.357492\n"}
,{"stream_name":"stdout","time":378.150490064,"data":"EDGE_TTA_ACTIVE views = 8 mean_abs_feat_delta = 0.325752\n"}
,{"stream_name":"stdout","time":378.385024828,"data":"SECONDARY_EDGE_TTA_ACTIVE views = 8 weight = 0.75 mean_abs_feat_delta = 0.280031\n"}
,{"stream_name":"stdout","time":378.389161073,"data":"BIOHUB_RETENTION_GUARD {\"blended_candidates\": 286, \"dataset\": \"44b6_0b24845f\", \"frame\": 22, \"minimum_retention\": 0.9, \"primary_candidates\": 326, \"retention\": 0.8773006134969326, \"use_primary\": true}\n"}
,{"stream_name":"stdout","time":379.070000018,"data":"SECONDARY_EDGE_TTA_ACTIVE views = 8 weight = 0.75 mean_abs_feat_delta = 0.238954\n"}
,{"stream_name":"stdout","time":379.538644521,"data":"EDGE_TTA_ACTIVE views = 8 mean_abs_feat_delta = 0.361386\n"}
,{"stream_name":"stdout","time":380.131448044,"data":"EDGE_TTA_ACTIVE views = 8 mean_abs_feat_delta = 0.330364\n"}
,{"stream_name":"stdout","time":380.482574051,"data":"SECONDARY_EDGE_TTA_ACTIVE views = 8 weight = 0.75 mean_abs_feat_delta = 0.277655\n"}
,{"stream_name":"stdout","time":381.054872336,"data":"SECONDARY_EDGE_TTA_ACTIVE views = 8 weight = 0.75 mean_abs_feat_delta = 0.235145\n"}
,{"stream_name":"stdout","time":381.579262752,"data":"EDGE_TTA_ACTIVE views = 8 mean_abs_feat_delta = 0.361052\n"}
,{"stream_name":"stdout","time":382.094579351,"data":"EDGE_TTA_ACTIVE views = 8 mean_abs_feat_delta = 0.329773\n"}
,{"stream_name":"stdout","time":382.527450562,"data":"SECONDARY_EDGE_TTA_ACTIVE views = 8 weight = 0.75 mean_abs_feat_delta = 0.282322\n"}
,{"stream_name":"stdout","time":382.531081538,"data":"BIOHUB_RETENTION_GUARD {\"blended_candidates\": 261, \"dataset\": \"44b6_0b24845f\", \"frame\": 24, \"minimum_retention\": 0.9, \"primary_candidates\": 306, \"retention\": 0.8529411764705882, \"use_primary\": true}\n"}
,{"stream_name":"stdout","time":383.003448195,"data":"SECONDARY_EDGE_TTA_ACTIVE views = 8 weight = 0.75 mean_abs_feat_delta = 0.236219\n"}
,{"stream_name":"stdout","time":383.601397095,"data":"EDGE_TTA_ACTIVE views = 8 mean_abs_feat_delta = 0.36198\n"}
,{"stream_name":"stdout","time":384.05611434,"data":"EDGE_TTA_ACTIVE views = 8 mean_abs_feat_delta = 0.325156\n"}
,{"stream_name":"stdout","time":384.551095866,"data":"SECONDARY_EDGE_TTA_ACTIVE views = 8 weight = 0.75 mean_abs_feat_delta = 0.280181\n"}
,{"stream_name":"stdout","time":384.982871102,"data":"SECONDARY_EDGE_TTA_ACTIVE views = 8 weight = 0.75 mean_abs_feat_delta = 0.234985\n"}
,{"stream_name":"stdout","time":385.614642732,"data":"EDGE_TTA_ACTIVE views = 8 mean_abs_feat_delta = 0.365963\n"}
,{"stream_name":"stdout","time":386.031353137,"data":"EDGE_TTA_ACTIVE views = 8 mean_abs_feat_delta = 0.328005\n"}
,{"stream_name":"stdout","time":386.568464997,"data":"SECONDARY_EDGE_TTA_ACTIVE views = 8 weight = 0.75 mean_abs_feat_delta = 0.284381\n"}
,{"stream_name":"stdout","time":386.572708666,"data":"BIOHUB_RETENTION_GUARD {\"blended_candidates\": 273, \"dataset\": \"44b6_0b24845f\", \"frame\": 26, \"minimum_retention\": 0.9, \"primary_candidates\": 309, \"retention\": 0.883495145631068, \"use_primary\": true}\n"}
,{"stream_name":"stdout","time":386.959168711,"data":"SECONDARY_EDGE_TTA_ACTIVE views = 8 weight = 0.75 mean_abs_feat_delta = 0.230623\n"}
,{"stream_name":"stdout","time":387.66151446,"data":"EDGE_TTA_ACTIVE views = 8 mean_abs_feat_delta = 0.369614\n"}
,{"stream_name":"stdout","time":387.979082036,"data":"EDGE_TTA_ACTIVE views = 8 mean_abs_feat_delta = 0.332057\n"}
,{"stream_name":"stdout","time":388.631179866,"data":"SECONDARY_EDGE_TTA_ACTIVE views = 8 weight = 0.75 mean_abs_feat_delta = 0.289602\n"}
,{"stream_name":"stdout","time":388.635103064,"data":"BIOHUB_RETENTION_GUARD {\"blended_candidates\": 258, \"dataset\": \"44b6_0b24845f\", \"frame\": 27, \"minimum_retention\": 0.9, \"primary_candidates\": 302, \"retention\": 0.8543046357615894, \"use_primary\": true}\n"}
,{"stream_name":"stdout","time":388.907525455,"data":"SECONDARY_EDGE_TTA_ACTIVE views = 8 weight = 0.75 mean_abs_feat_delta = 0.233514\n"}
,{"stream_name":"stdout","time":389.709965845,"data":"EDGE_TTA_ACTIVE views = 8 mean_abs_feat_delta = 0.365619\n"}
,{"stream_name":"stdout","time":389.959417699,"data":"EDGE_TTA_ACTIVE views = 8 mean_abs_feat_delta = 0.327244\n"}
,{"stream_name":"stdout","time":390.679592652,"data":"SECONDARY_EDGE_TTA_ACTIVE views = 8 weight = 0.75 mean_abs_feat_delta = 0.291319\n"}
,{"stream_name":"stdout","time":390.893080568,"data":"SECONDARY_EDGE_TTA_ACTIVE views = 8 weight = 0.75 mean_abs_feat_delta = 0.236419\n"}
,{"stream_name":"stdout","time":391.767378286,"data":"EDGE_TTA_ACTIVE views = 8 mean_abs_feat_delta = 0.366332\n"}
,{"stream_name":"stdout","time":391.950432798,"data":"EDGE_TTA_ACTIVE views = 8 mean_abs_feat_delta = 0.331491\n"}
,{"stream_name":"stdout","time":392.73493553,"data":"SECONDARY_EDGE_TTA_ACTIVE views = 8 weight = 0.75 mean_abs_feat_delta = 0.283865\n"}
,{"stream_name":"stdout","time":392.886102164,"data":"SECONDARY_EDGE_TTA_ACTIVE views = 8 weight = 0.75 mean_abs_feat_delta = 0.240106\n"}
,{"stream_name":"stdout","time":393.885807011,"data":"EDGE_TTA_ACTIVE views = 8 mean_abs_feat_delta = 0.364134\n"}
,{"stream_name":"stdout","time":393.925115216,"data":"EDGE_TTA_ACTIVE views = 8 mean_abs_feat_delta = 0.332767\n"}
,{"stream_name":"stdout","time":394.859890001,"data":"SECONDARY_EDGE_TTA_ACTIVE views = 8 weight = 0.75 mean_abs_feat_delta = 0.282155\n"}
,{"stream_name":"stdout","time":394.86307603,"data":"SECONDARY_EDGE_TTA_ACTIVE views = 8 weight = 0.75 mean_abs_feat_delta = 0.251196\n"}
,{"stream_name":"stdout","time":395.961174377,"data":"EDGE_TTA_ACTIVE views = 8 mean_abs_feat_delta = 0.333532\n"}
,{"stream_name":"stdout","time":395.9656451,"data":"EDGE_TTA_ACTIVE views = 8 mean_abs_feat_delta = 0.359711\n"}
,{"stream_name":"stdout","time":396.900499942,"data":"SECONDARY_EDGE_TTA_ACTIVE views = 8 weight = 0.75 mean_abs_feat_delta = 0.251416\n"}
,{"stream_name":"stdout","time":396.939452314,"data":"SECONDARY_EDGE_TTA_ACTIVE views = 8 weight = 0.75 mean_abs_feat_delta = 0.283753\n"}
,{"stream_name":"stdout","time":397.996739611,"data":"EDGE_TTA_ACTIVE views = 8 mean_abs_feat_delta = 0.339086\n"}
,{"stream_name":"stdout","time":398.141878121,"data":"EDGE_TTA_ACTIVE views = 8 mean_abs_feat_delta = 0.362505\n"}
,{"stream_name":"stdout","time":398.941369436,"data":"SECONDARY_EDGE_TTA_ACTIVE views = 8 weight = 0.75 mean_abs_feat_delta = 0.251129\n"}
,{"stream_name":"stdout","time":399.11301239,"data":"SECONDARY_EDGE_TTA_ACTIVE views = 8 weight = 0.75 mean_abs_feat_delta = 0.282429\n"}
,{"stream_name":"stdout","time":399.117231253,"data":"BIOHUB_RETENTION_GUARD {\"blended_candidates\": 249, \"dataset\": \"44b6_0b24845f\", \"frame\": 32, \"minimum_retention\": 0.9, \"primary_candidates\": 293, \"retention\": 0.8498293515358362, \"use_primary\": true}\n"}
,{"stream_name":"stdout","time":400.064589099,"data":"EDGE_TTA_ACTIVE views = 8 mean_abs_feat_delta = 0.336421\n"}
,{"stream_name":"stdout","time":400.248244444,"data":"EDGE_TTA_ACTIVE views = 8 mean_abs_feat_delta = 0.364903\n"}
,{"stream_name":"stdout","time":401.016929782,"data":"SECONDARY_EDGE_TTA_ACTIVE views = 8 weight = 0.75 mean_abs_feat_delta = 0.248917\n"}
,{"stream_name":"stdout","time":401.223470013,"data":"SECONDARY_EDGE_TTA_ACTIVE views = 8 weight = 0.75 mean_abs_feat_delta = 0.280468\n"}
,{"stream_name":"stdout","time":401.227640109,"data":"BIOHUB_RETENTION_GUARD {\"blended_candidates\": 234, \"dataset\": \"44b6_0b24845f\", \"frame\": 33, \"minimum_retention\": 0.9, \"primary_candidates\": 276, \"retention\": 0.8478260869565217, \"use_primary\": true}\n"}
,{"stream_name":"stdout","time":402.091110496,"data":"EDGE_TTA_ACTIVE views = 8 mean_abs_feat_delta = 0.329875\n"}
,{"stream_name":"stdout","time":402.334250279,"data":"EDGE_TTA_ACTIVE views = 8 mean_abs_feat_delta = 0.364198\n"}
,{"stream_name":"stdout","time":403.034076054,"data":"SECONDARY_EDGE_TTA_ACTIVE views = 8 weight = 0.75 mean_abs_feat_delta = 0.248317\n"}
,{"stream_name":"stdout","time":403.312362734,"data":"SECONDARY_EDGE_TTA_ACTIVE views = 8 weight = 0.75 mean_abs_feat_delta = 0.273313\n"}
,{"stream_name":"stdout","time":404.113876171,"data":"EDGE_TTA_ACTIVE views = 8 mean_abs_feat_delta = 0.328572\n"}
,{"stream_name":"stdout","time":404.467031369,"data":"EDGE_TTA_ACTIVE views = 8 mean_abs_feat_delta = 0.362852\n"}
,{"stream_name":"stdout","time":405.071730058,"data":"SECONDARY_EDGE_TTA_ACTIVE views = 8 weight = 0.75 mean_abs_feat_delta = 0.247468\n"}
,{"stream_name":"stdout","time":405.456689391,"data":"SECONDARY_EDGE_TTA_ACTIVE views = 8 weight = 0.75 mean_abs_feat_delta = 0.27435\n"}
,{"stream_name":"stdout","time":406.156528673,"data":"EDGE_TTA_ACTIVE views = 8 mean_abs_feat_delta = 0.326071\n"}
,{"stream_name":"stdout","time":406.586941685,"data":"EDGE_TTA_ACTIVE views = 8 mean_abs_feat_delta = 0.373852\n"}
,{"stream_name":"stdout","time":407.097015165,"data":"SECONDARY_EDGE_TTA_ACTIVE views = 8 weight = 0.75 mean_abs_feat_delta = 0.246968\n"}
,{"stream_name":"stdout","time":407.580675505,"data":"SECONDARY_EDGE_TTA_ACTIVE views = 8 weight = 0.75 mean_abs_feat_delta = 0.28122\n"}
,{"stream_name":"stdout","time":408.183483322,"data":"EDGE_TTA_ACTIVE views = 8 mean_abs_feat_delta = 0.328178\n"}
,{"stream_name":"stdout","time":408.770784325,"data":"EDGE_TTA_ACTIVE views = 8 mean_abs_feat_delta = 0.368966\n"}
,{"stream_name":"stdout","time":409.143405862,"data":"SECONDARY_EDGE_TTA_ACTIVE views = 8 weight = 0.75 mean_abs_feat_delta = 0.250361\n"}
,{"stream_name":"stdout","time":409.782550515,"data":"SECONDARY_EDGE_TTA_ACTIVE views = 8 weight = 0.75 mean_abs_feat_delta = 0.277064\n"}
,{"stream_name":"stdout","time":410.227099414,"data":"EDGE_TTA_ACTIVE views = 8 mean_abs_feat_delta = 0.331242\n"}
,{"stream_name":"stdout","time":410.964284283,"data":"EDGE_TTA_ACTIVE views = 8 mean_abs_feat_delta = 0.366559\n"}
,{"stream_name":"stdout","time":411.192635458,"data":"SECONDARY_EDGE_TTA_ACTIVE views = 8 weight = 0.75 mean_abs_feat_delta = 0.24375\n"}
,{"stream_name":"stdout","time":411.970507029,"data":"SECONDARY_EDGE_TTA_ACTIVE views = 8 weight = 0.75 mean_abs_feat_delta = 0.274933\n"}
,{"stream_name":"stdout","time":412.344235512,"data":"EDGE_TTA_ACTIVE views = 8 mean_abs_feat_delta = 0.332742\n"}
,{"stream_name":"stdout","time":413.156645881,"data":"EDGE_TTA_ACTIVE views = 8 mean_abs_feat_delta = 0.370597\n"}
,{"stream_name":"stdout","time":413.284237042,"data":"SECONDARY_EDGE_TTA_ACTIVE views = 8 weight = 0.75 mean_abs_feat_delta = 0.239566\n"}
,{"stream_name":"stdout","time":414.166678562,"data":"SECONDARY_EDGE_TTA_ACTIVE views = 8 weight = 0.75 mean_abs_feat_delta = 0.278308\n"}
,{"stream_name":"stdout","time":414.374129478,"data":"EDGE_TTA_ACTIVE views = 8 mean_abs_feat_delta = 0.325998\n"}
,{"stream_name":"stdout","time":415.347943533,"data":"EDGE_TTA_ACTIVE views = 8 mean_abs_feat_delta = 0.372674\n"}
,{"stream_name":"stdout","time":415.350465484,"data":"SECONDARY_EDGE_TTA_ACTIVE views = 8 weight = 0.75 mean_abs_feat_delta = 0.242074\n"}
,{"stream_name":"stdout","time":416.365349424,"data":"SECONDARY_EDGE_TTA_ACTIVE views = 8 weight = 0.75 mean_abs_feat_delta = 0.285352\n"}
,{"stream_name":"stdout","time":416.426077716,"data":"EDGE_TTA_ACTIVE views = 8 mean_abs_feat_delta = 0.326187\n"}
,{"stream_name":"stdout","time":417.401967126,"data":"SECONDARY_EDGE_TTA_ACTIVE views = 8 weight = 0.75 mean_abs_feat_delta = 0.24388\n"}
,{"stream_name":"stdout","time":417.569793497,"data":"EDGE_TTA_ACTIVE views = 8 mean_abs_feat_delta = 0.367938\n"}
,{"stream_name":"stdout","time":418.477299881,"data":"EDGE_TTA_ACTIVE views = 8 mean_abs_feat_delta = 0.329641\n"}
,{"stream_name":"stdout","time":418.606524962,"data":"SECONDARY_EDGE_TTA_ACTIVE views = 8 weight = 0.75 mean_abs_feat_delta = 0.280788\n"}
,{"stream_name":"stdout","time":419.45107478,"data":"SECONDARY_EDGE_TTA_ACTIVE views = 8 weight = 0.75 mean_abs_feat_delta = 0.242396\n"}
,{"stream_name":"stdout","time":419.770533235,"data":"EDGE_TTA_ACTIVE views = 8 mean_abs_feat_delta = 0.364834\n"}
,{"stream_name":"stdout","time":420.565066984,"data":"EDGE_TTA_ACTIVE views = 8 mean_abs_feat_delta = 0.331184\n"}
,{"stream_name":"stdout","time":420.803813615,"data":"SECONDARY_EDGE_TTA_ACTIVE views = 8 weight = 0.75 mean_abs_feat_delta = 0.282166\n"}
,{"stream_name":"stdout","time":421.541613154,"data":"SECONDARY_EDGE_TTA_ACTIVE views = 8 weight = 0.75 mean_abs_feat_delta = 0.24245\n"}
,{"stream_name":"stdout","time":421.9880719,"data":"EDGE_TTA_ACTIVE views = 8 mean_abs_feat_delta = 0.36801\n"}
,{"stream_name":"stdout","time":422.657047837,"data":"EDGE_TTA_ACTIVE views = 8 mean_abs_feat_delta = 0.330506\n"}
,{"stream_name":"stdout","time":423.028240061,"data":"SECONDARY_EDGE_TTA_ACTIVE views = 8 weight = 0.75 mean_abs_feat_delta = 0.283823\n"}
,{"stream_name":"stdout","time":423.631790823,"data":"SECONDARY_EDGE_TTA_ACTIVE views = 8 weight = 0.75 mean_abs_feat_delta = 0.246663\n"}
,{"stream_name":"stdout","time":424.175273667,"data":"EDGE_TTA_ACTIVE views = 8 mean_abs_feat_delta = 0.367877\n"}
,{"stream_name":"stdout","time":424.78399069,"data":"EDGE_TTA_ACTIVE views = 8 mean_abs_feat_delta = 0.326851\n"}
,{"stream_name":"stdout","time":425.222569934,"data":"SECONDARY_EDGE_TTA_ACTIVE views = 8 weight = 0.75 mean_abs_feat_delta = 0.281373\n"}
,{"stream_name":"stdout","time":425.75655262,"data":"SECONDARY_EDGE_TTA_ACTIVE views = 8 weight = 0.75 mean_abs_feat_delta = 0.248161\n"}
,{"stream_name":"stdout","time":426.447113242,"data":"EDGE_TTA_ACTIVE views = 8 mean_abs_feat_delta = 0.368248\n"}
,{"stream_name":"stdout","time":426.860643578,"data":"EDGE_TTA_ACTIVE views = 8 mean_abs_feat_delta = 0.32759\n"}
,{"stream_name":"stdout","time":427.49750303,"data":"SECONDARY_EDGE_TTA_ACTIVE views = 8 weight = 0.75 mean_abs_feat_delta = 0.281151\n"}
,{"stream_name":"stdout","time":427.851632742,"data":"SECONDARY_EDGE_TTA_ACTIVE views = 8 weight = 0.75 mean_abs_feat_delta = 0.244572\n"}
,{"stream_name":"stdout","time":428.754992758,"data":"EDGE_TTA_ACTIVE views = 8 mean_abs_feat_delta = 0.366473\n"}
,{"stream_name":"stdout","time":428.989986105,"data":"EDGE_TTA_ACTIVE views = 8 mean_abs_feat_delta = 0.323605\n"}
,{"stream_name":"stdout","time":429.814411882,"data":"SECONDARY_EDGE_TTA_ACTIVE views = 8 weight = 0.75 mean_abs_feat_delta = 0.288338\n"}
,{"stream_name":"stdout","time":429.974787779,"data":"SECONDARY_EDGE_TTA_ACTIVE views = 8 weight = 0.75 mean_abs_feat_delta = 0.244253\n"}
,{"stream_name":"stdout","time":431.021839738,"data":"EDGE_TTA_ACTIVE views = 8 mean_abs_feat_delta = 0.369227\n"}
,{"stream_name":"stdout","time":431.112707576,"data":"EDGE_TTA_ACTIVE views = 8 mean_abs_feat_delta = 0.332571\n"}
,{"stream_name":"stdout","time":432.086689725,"data":"SECONDARY_EDGE_TTA_ACTIVE views = 8 weight = 0.75 mean_abs_feat_delta = 0.292434\n"}
,{"stream_name":"stdout","time":432.090711651,"data":"BIOHUB_RETENTION_GUARD {\"blended_candidates\": 264, \"dataset\": \"44b6_0b24845f\", \"frame\": 47, \"minimum_retention\": 0.9, \"primary_candidates\": 307, \"retention\": 0.8599348534201955, \"use_primary\": true}\n"}
,{"stream_name":"stdout","time":432.10825218,"data":"SECONDARY_EDGE_TTA_ACTIVE views = 8 weight = 0.75 mean_abs_feat_delta = 0.251298\n"}
,{"stream_name":"stdout","time":433.244202982,"data":"EDGE_TTA_ACTIVE views = 8 mean_abs_feat_delta = 0.328319\n"}
,{"stream_name":"stdout","time":433.30234044,"data":"EDGE_TTA_ACTIVE views = 8 mean_abs_feat_delta = 0.376915\n"}
,{"stream_name":"stdout","time":434.253879487,"data":"SECONDARY_EDGE_TTA_ACTIVE views = 8 weight = 0.75 mean_abs_feat_delta = 0.241945\n"}
,{"stream_name":"stdout","time":434.375263592,"data":"SECONDARY_EDGE_TTA_ACTIVE views = 8 weight = 0.75 mean_abs_feat_delta = 0.288129\n"}
,{"stream_name":"stdout","time":435.375668494,"data":"EDGE_TTA_ACTIVE views = 8 mean_abs_feat_delta = 0.327289\n"}
,{"stream_name":"stdout","time":435.650979309,"data":"EDGE_TTA_ACTIVE views = 8 mean_abs_feat_delta = 0.373149\n"}
,{"stream_name":"stdout","time":436.385845064,"data":"SECONDARY_EDGE_TTA_ACTIVE views = 8 weight = 0.75 mean_abs_feat_delta = 0.241039\n"}
,{"stream_name":"stdout","time":436.73328443,"data":"SECONDARY_EDGE_TTA_ACTIVE views = 8 weight = 0.75 mean_abs_feat_delta = 0.299885\n"}
,{"stream_name":"stdout","time":437.567838659,"data":"EDGE_TTA_ACTIVE views = 8 mean_abs_feat_delta = 0.337614\n"}
,{"stream_name":"stdout","time":438.02442569,"data":"EDGE_TTA_ACTIVE views = 8 mean_abs_feat_delta = 0.373289\n"}
,{"stream_name":"stdout","time":438.581097491,"data":"SECONDARY_EDGE_TTA_ACTIVE views = 8 weight = 0.75 mean_abs_feat_delta = 0.250851\n"}
,{"stream_name":"stdout","time":439.113994473,"data":"SECONDARY_EDGE_TTA_ACTIVE views = 8 weight = 0.75 mean_abs_feat_delta = 0.305548\n"}
,{"stream_name":"stdout","time":439.118156645,"data":"BIOHUB_RETENTION_GUARD {\"blended_candidates\": 253, \"dataset\": \"44b6_0b24845f\", \"frame\": 50, \"minimum_retention\": 0.9, \"primary_candidates\": 285, \"retention\": 0.887719298245614, \"use_primary\": true}\n"}
,{"stream_name":"stdout","time":439.756032658,"data":"EDGE_TTA_ACTIVE views = 8 mean_abs_feat_delta = 0.338693\n"}
,{"stream_name":"stdout","time":440.314536644,"data":"EDGE_TTA_ACTIVE views = 8 mean_abs_feat_delta = 0.372374\n"}
,{"stream_name":"stdout","time":440.774979978,"data":"SECONDARY_EDGE_TTA_ACTIVE views = 8 weight = 0.75 mean_abs_feat_delta = 0.253217\n"}
,{"stream_name":"stdout","time":441.411144357,"data":"SECONDARY_EDGE_TTA_ACTIVE views = 8 weight = 0.75 mean_abs_feat_delta = 0.296505\n"}
,{"stream_name":"stdout","time":441.415216447,"data":"BIOHUB_RETENTION_GUARD {\"blended_candidates\": 321, \"dataset\": \"44b6_0b24845f\", \"frame\": 51, \"minimum_retention\": 0.9, \"primary_candidates\": 361, \"retention\": 0.889196675900277, \"use_primary\": true}\n"}
,{"stream_name":"stdout","time":441.953910405,"data":"EDGE_TTA_ACTIVE views = 8 mean_abs_feat_delta = 0.338257\n"}
,{"stream_name":"stdout","time":442.685813566,"data":"EDGE_TTA_ACTIVE views = 8 mean_abs_feat_delta = 0.36791\n"}
,{"stream_name":"stdout","time":442.971904011,"data":"SECONDARY_EDGE_TTA_ACTIVE views = 8 weight = 0.75 mean_abs_feat_delta = 0.261342\n"}
,{"stream_name":"stdout","time":443.7604226,"data":"SECONDARY_EDGE_TTA_ACTIVE views = 8 weight = 0.75 mean_abs_feat_delta = 0.295986\n"}
,{"stream_name":"stdout","time":444.125212958,"data":"EDGE_TTA_ACTIVE views = 8 mean_abs_feat_delta = 0.33887\n"}
,{"stream_name":"stdout","time":445.033956663,"data":"EDGE_TTA_ACTIVE views = 8 mean_abs_feat_delta = 0.370709\n"}
,{"stream_name":"stdout","time":445.147752253,"data":"SECONDARY_EDGE_TTA_ACTIVE views = 8 weight = 0.75 mean_abs_feat_delta = 0.263655\n"}
,{"stream_name":"stdout","time":446.145627245,"data":"SECONDARY_EDGE_TTA_ACTIVE views = 8 weight = 0.75 mean_abs_feat_delta = 0.30285\n"}
,{"stream_name":"stdout","time":446.150240321,"data":"BIOHUB_RETENTION_GUARD {\"blended_candidates\": 305, \"dataset\": \"44b6_0b24845f\", \"frame\": 53, \"minimum_retention\": 0.9, \"primary_candidates\": 342, \"retention\": 0.8918128654970761, \"use_primary\": true}\n"}
,{"stream_name":"stdout","time":446.319255228,"data":"EDGE_TTA_ACTIVE views = 8 mean_abs_feat_delta = 0.339106\n"}
,{"stream_name":"stdout","time":447.342276036,"data":"SECONDARY_EDGE_TTA_ACTIVE views = 8 weight = 0.75 mean_abs_feat_delta = 0.264049\n"}
,{"stream_name":"stdout","time":447.378497036,"data":"EDGE_TTA_ACTIVE views = 8 mean_abs_feat_delta = 0.369503\n"}
,{"stream_name":"stdout","time":448.464586887,"data":"EDGE_TTA_ACTIVE views = 8 mean_abs_feat_delta = 0.341611\n"}
,{"stream_name":"stdout","time":448.488198199,"data":"SECONDARY_EDGE_TTA_ACTIVE views = 8 weight = 0.75 mean_abs_feat_delta = 0.30254\n"}
,{"stream_name":"stdout","time":448.492473547,"data":"BIOHUB_RETENTION_GUARD {\"blended_candidates\": 321, \"dataset\": \"44b6_0b24845f\", \"frame\": 54, \"minimum_retention\": 0.9, \"primary_candidates\": 362, \"retention\": 0.8867403314917127, \"use_primary\": true}\n"}
,{"stream_name":"stdout","time":449.491823188,"data":"SECONDARY_EDGE_TTA_ACTIVE views = 8 weight = 0.75 mean_abs_feat_delta = 0.262185\n"}
,{"stream_name":"stdout","time":449.719027195,"data":"EDGE_TTA_ACTIVE views = 8 mean_abs_feat_delta = 0.3697\n"}
,{"stream_name":"stdout","time":450.646280523,"data":"EDGE_TTA_ACTIVE views = 8 mean_abs_feat_delta = 0.346143\n"}
,{"stream_name":"stdout","time":450.82614864,"data":"SECONDARY_EDGE_TTA_ACTIVE views = 8 weight = 0.75 mean_abs_feat_delta = 0.304896\n"}
,{"stream_name":"stdout","time":451.66646028,"data":"SECONDARY_EDGE_TTA_ACTIVE views = 8 weight = 0.75 mean_abs_feat_delta = 0.257653\n"}
,{"stream_name":"stdout","time":452.087509394,"data":"EDGE_TTA_ACTIVE views = 8 mean_abs_feat_delta = 0.37301\n"}
,{"stream_name":"stdout","time":452.812904283,"data":"EDGE_TTA_ACTIVE views = 8 mean_abs_feat_delta = 0.340083\n"}
,{"stream_name":"stdout","time":453.186981062,"data":"SECONDARY_EDGE_TTA_ACTIVE views = 8 weight = 0.75 mean_abs_feat_delta = 0.308335\n"}
,{"stream_name":"stdout","time":453.829705211,"data":"SECONDARY_EDGE_TTA_ACTIVE views = 8 weight = 0.75 mean_abs_feat_delta = 0.252778\n"}
,{"stream_name":"stdout","time":454.449878474,"data":"EDGE_TTA_ACTIVE views = 8 mean_abs_feat_delta = 0.367347\n"}
,{"stream_name":"stdout","time":454.999611233,"data":"EDGE_TTA_ACTIVE views = 8 mean_abs_feat_delta = 0.339203\n"}
,{"stream_name":"stdout","time":455.542174261,"data":"SECONDARY_EDGE_TTA_ACTIVE views = 8 weight = 0.75 mean_abs_feat_delta = 0.3079\n"}
,{"stream_name":"stdout","time":456.012330862,"data":"SECONDARY_EDGE_TTA_ACTIVE views = 8 weight = 0.75 mean_abs_feat_delta = 0.255196\n"}
,{"stream_name":"stdout","time":456.812362215,"data":"EDGE_TTA_ACTIVE views = 8 mean_abs_feat_delta = 0.36398\n"}
,{"stream_name":"stdout","time":457.170389207,"data":"EDGE_TTA_ACTIVE views = 8 mean_abs_feat_delta = 0.336994\n"}
,{"stream_name":"stdout","time":457.891724064,"data":"SECONDARY_EDGE_TTA_ACTIVE views = 8 weight = 0.75 mean_abs_feat_delta = 0.304751\n"}
,{"stream_name":"stdout","time":457.895557873,"data":"BIOHUB_RETENTION_GUARD {\"blended_candidates\": 263, \"dataset\": \"44b6_0b24845f\", \"frame\": 58, \"minimum_retention\": 0.9, \"primary_candidates\": 312, \"retention\": 0.842948717948718, \"use_primary\": true}\n"}
,{"stream_name":"stdout","time":458.174412313,"data":"SECONDARY_EDGE_TTA_ACTIVE views = 8 weight = 0.75 mean_abs_feat_delta = 0.255652\n"}
,{"stream_name":"stdout","time":459.145887798,"data":"EDGE_TTA_ACTIVE views = 8 mean_abs_feat_delta = 0.366206\n"}
,{"stream_name":"stdout","time":459.413139471,"data":"EDGE_TTA_ACTIVE views = 8 mean_abs_feat_delta = 0.342499\n"}
,{"stream_name":"stdout","time":460.217428428,"data":"SECONDARY_EDGE_TTA_ACTIVE views = 8 weight = 0.75 mean_abs_feat_delta = 0.300835\n"}
,{"stream_name":"stdout","time":460.221661128,"data":"BIOHUB_RETENTION_GUARD {\"blended_candidates\": 303, \"dataset\": \"44b6_0b24845f\", \"frame\": 59, \"minimum_retention\": 0.9, \"primary_candidates\": 346, \"retention\": 0.8757225433526011, \"use_primary\": true}\n"}
,{"stream_name":"stdout","time":460.410999938,"data":"SECONDARY_EDGE_TTA_ACTIVE views = 8 weight = 0.75 mean_abs_feat_delta = 0.256616\n"}
,{"stream_name":"stdout","time":461.452191296,"data":"EDGE_TTA_ACTIVE views = 8 mean_abs_feat_delta = 0.36887\n"}
,{"stream_name":"stdout","time":461.534224996,"data":"EDGE_TTA_ACTIVE views = 8 mean_abs_feat_delta = 0.346059\n"}
,{"stream_name":"stdout","time":462.515539447,"data":"SECONDARY_EDGE_TTA_ACTIVE views = 8 weight = 0.75 mean_abs_feat_delta = 0.300158\n"}
,{"stream_name":"stdout","time":462.520090636,"data":"BIOHUB_RETENTION_GUARD {\"blended_candidates\": 335, \"dataset\": \"44b6_0b24845f\", \"frame\": 60, \"minimum_retention\": 0.9, \"primary_candidates\": 393, \"retention\": 0.8524173027989822, \"use_primary\": true}\n"}
,{"stream_name":"stdout","time":462.532736751,"data":"SECONDARY_EDGE_TTA_ACTIVE views = 8 weight = 0.75 mean_abs_feat_delta = 0.257121\n"}
,{"stream_name":"stdout","time":463.679969487,"data":"EDGE_TTA_ACTIVE views = 8 mean_abs_feat_delta = 0.346159\n"}
,{"stream_name":"stdout","time":463.740544476,"data":"EDGE_TTA_ACTIVE views = 8 mean_abs_feat_delta = 0.365386\n"}
,{"stream_name":"stdout","time":464.673751384,"data":"SECONDARY_EDGE_TTA_ACTIVE views = 8 weight = 0.75 mean_abs_feat_delta = 0.257896\n"}
,{"stream_name":"stdout","time":464.799837688,"data":"SECONDARY_EDGE_TTA_ACTIVE views = 8 weight = 0.75 mean_abs_feat_delta = 0.300168\n"}
,{"stream_name":"stdout","time":464.804555729,"data":"BIOHUB_RETENTION_GUARD {\"blended_candidates\": 275, \"dataset\": \"44b6_0b24845f\", \"frame\": 61, \"minimum_retention\": 0.9, \"primary_candidates\": 333, \"retention\": 0.8258258258258259, \"use_primary\": true}\n"}
,{"stream_name":"stdout","time":465.768207324,"data":"EDGE_TTA_ACTIVE views = 8 mean_abs_feat_delta = 0.345426\n"}
,{"stream_name":"stdout","time":466.016467557,"data":"EDGE_TTA_ACTIVE views = 8 mean_abs_feat_delta = 0.366621\n"}
,{"stream_name":"stdout","time":466.757327517,"data":"SECONDARY_EDGE_TTA_ACTIVE views = 8 weight = 0.75 mean_abs_feat_delta = 0.259858\n"}
,{"stream_name":"stdout","time":467.067310543,"data":"SECONDARY_EDGE_TTA_ACTIVE views = 8 weight = 0.75 mean_abs_feat_delta = 0.300845\n"}
,{"stream_name":"stdout","time":467.071390293,"data":"BIOHUB_RETENTION_GUARD {\"blended_candidates\": 298, \"dataset\": \"44b6_0b24845f\", \"frame\": 62, \"minimum_retention\": 0.9, \"primary_candidates\": 345, \"retention\": 0.863768115942029, \"use_primary\": true}\n"}
,{"stream_name":"stdout","time":467.874391664,"data":"EDGE_TTA_ACTIVE views = 8 mean_abs_feat_delta = 0.344989\n"}
,{"stream_name":"stdout","time":468.299905748,"data":"EDGE_TTA_ACTIVE views = 8 mean_abs_feat_delta = 0.373908\n"}
,{"stream_name":"stdout","time":468.863668632,"data":"SECONDARY_EDGE_TTA_ACTIVE views = 8 weight = 0.75 mean_abs_feat_delta = 0.25507\n"}
,{"stream_name":"stdout","time":469.343343636,"data":"SECONDARY_EDGE_TTA_ACTIVE views = 8 weight = 0.75 mean_abs_feat_delta = 0.303221\n"}
,{"stream_name":"stdout","time":469.980072214,"data":"EDGE_TTA_ACTIVE views = 8 mean_abs_feat_delta = 0.343404\n"}
,{"stream_name":"stdout","time":470.600869049,"data":"EDGE_TTA_ACTIVE views = 8 mean_abs_feat_delta = 0.368494\n"}
,{"stream_name":"stdout","time":470.958919139,"data":"SECONDARY_EDGE_TTA_ACTIVE views = 8 weight = 0.75 mean_abs_feat_delta = 0.262098\n"}
,{"stream_name":"stdout","time":471.644407042,"data":"SECONDARY_EDGE_TTA_ACTIVE views = 8 weight = 0.75 mean_abs_feat_delta = 0.299317\n"}
,{"stream_name":"stdout","time":471.648181304,"data":"BIOHUB_RETENTION_GUARD {\"blended_candidates\": 295, \"dataset\": \"44b6_0b24845f\", \"frame\": 64, \"minimum_retention\": 0.9, \"primary_candidates\": 344, \"retention\": 0.8575581395348837, \"use_primary\": true}\n"}
,{"stream_name":"stdout","time":472.167945639,"data":"EDGE_TTA_ACTIVE views = 8 mean_abs_feat_delta = 0.341221\n"}
,{"stream_name":"stdout","time":472.861303904,"data":"EDGE_TTA_ACTIVE views = 8 mean_abs_feat_delta = 0.370026\n"}
,{"stream_name":"stdout","time":473.14034911,"data":"SECONDARY_EDGE_TTA_ACTIVE views = 8 weight = 0.75 mean_abs_feat_delta = 0.262847\n"}
,{"stream_name":"stdout","time":473.872347416,"data":"SECONDARY_EDGE_TTA_ACTIVE views = 8 weight = 0.75 mean_abs_feat_delta = 0.299955\n"}
,{"stream_name":"stdout","time":473.87652963,"data":"BIOHUB_RETENTION_GUARD {\"blended_candidates\": 335, \"dataset\": \"44b6_0b24845f\", \"frame\": 65, \"minimum_retention\": 0.9, \"primary_candidates\": 378, \"retention\": 0.8862433862433863, \"use_primary\": true}\n"}
,{"stream_name":"stdout","time":474.272590793,"data":"EDGE_TTA_ACTIVE views = 8 mean_abs_feat_delta = 0.343003\n"}
,{"stream_name":"stdout","time":475.070405533,"data":"EDGE_TTA_ACTIVE views = 8 mean_abs_feat_delta = 0.369253\n"}
,{"stream_name":"stdout","time":475.246714931,"data":"SECONDARY_EDGE_TTA_ACTIVE views = 8 weight = 0.75 mean_abs_feat_delta = 0.261047\n"}
,{"stream_name":"stdout","time":476.102393524,"data":"SECONDARY_EDGE_TTA_ACTIVE views = 8 weight = 0.75 mean_abs_feat_delta = 0.296912\n"}
,{"stream_name":"stdout","time":476.106631428,"data":"BIOHUB_RETENTION_GUARD {\"blended_candidates\": 324, \"dataset\": \"44b6_0b24845f\", \"frame\": 66, \"minimum_retention\": 0.9, \"primary_candidates\": 375, \"retention\": 0.864, \"use_primary\": true}\n"}
,{"stream_name":"stdout","time":476.380420879,"data":"EDGE_TTA_ACTIVE views = 8 mean_abs_feat_delta = 0.343125\n"}
,{"stream_name":"stdout","time":477.305788588,"data":"EDGE_TTA_ACTIVE views = 8 mean_abs_feat_delta = 0.365768\n"}
,{"stream_name":"stdout","time":477.356299134,"data":"SECONDARY_EDGE_TTA_ACTIVE views = 8 weight = 0.75 mean_abs_feat_delta = 0.257455\n"}
,{"stream_name":"stdout","time":478.338060672,"data":"SECONDARY_EDGE_TTA_ACTIVE views = 8 weight = 0.75 mean_abs_feat_delta = 0.291366\n"}
,{"stream_name":"stdout","time":478.468018409,"data":"EDGE_TTA_ACTIVE views = 8 mean_abs_feat_delta = 0.337095\n"}
,{"stream_name":"stdout","time":479.442713819,"data":"SECONDARY_EDGE_TTA_ACTIVE views = 8 weight = 0.75 mean_abs_feat_delta = 0.254838\n"}
,{"stream_name":"stdout","time":479.571359494,"data":"EDGE_TTA_ACTIVE views = 8 mean_abs_feat_delta = 0.365075\n"}
,{"stream_name":"stdout","time":480.59910598,"data":"SECONDARY_EDGE_TTA_ACTIVE views = 8 weight = 0.75 mean_abs_feat_delta = 0.293296\n"}
,{"stream_name":"stdout","time":480.616728773,"data":"EDGE_TTA_ACTIVE views = 8 mean_abs_feat_delta = 0.337123\n"}
,{"stream_name":"stdout","time":481.591984427,"data":"SECONDARY_EDGE_TTA_ACTIVE views = 8 weight = 0.75 mean_abs_feat_delta = 0.260524\n"}
,{"stream_name":"stdout","time":481.750299907,"data":"EDGE_TTA_ACTIVE views = 8 mean_abs_feat_delta = 0.366016\n"}
,{"stream_name":"stdout","time":482.744527411,"data":"EDGE_TTA_ACTIVE views = 8 mean_abs_feat_delta = 0.338112\n"}
,{"stream_name":"stdout","time":482.779246532,"data":"SECONDARY_EDGE_TTA_ACTIVE views = 8 weight = 0.75 mean_abs_feat_delta = 0.301719\n"}
,{"stream_name":"stdout","time":483.716717789,"data":"SECONDARY_EDGE_TTA_ACTIVE views = 8 weight = 0.75 mean_abs_feat_delta = 0.262847\n"}
,{"stream_name":"stdout","time":483.988647243,"data":"EDGE_TTA_ACTIVE views = 8 mean_abs_feat_delta = 0.365231\n"}
,{"stream_name":"stdout","time":484.851856053,"data":"EDGE_TTA_ACTIVE views = 8 mean_abs_feat_delta = 0.338704\n"}
,{"stream_name":"stdout","time":485.015432906,"data":"SECONDARY_EDGE_TTA_ACTIVE views = 8 weight = 0.75 mean_abs_feat_delta = 0.301488\n"}
,{"stream_name":"stdout","time":485.019669003,"data":"BIOHUB_RETENTION_GUARD {\"blended_candidates\": 260, \"dataset\": \"44b6_0b24845f\", \"frame\": 70, \"minimum_retention\": 0.9, \"primary_candidates\": 305, \"retention\": 0.8524590163934426, \"use_primary\": true}\n"}
,{"stream_name":"stdout","time":485.826024719,"data":"SECONDARY_EDGE_TTA_ACTIVE views = 8 weight = 0.75 mean_abs_feat_delta = 0.260131\n"}
,{"stream_name":"stdout","time":486.18457013,"data":"EDGE_TTA_ACTIVE views = 8 mean_abs_feat_delta = 0.36009\n"}
,{"stream_name":"stdout","time":486.938038114,"data":"EDGE_TTA_ACTIVE views = 8 mean_abs_feat_delta = 0.340176\n"}
,{"stream_name":"stdout","time":487.211338163,"data":"SECONDARY_EDGE_TTA_ACTIVE views = 8 weight = 0.75 mean_abs_feat_delta = 0.299423\n"}
,{"stream_name":"stdout","time":487.912032672,"data":"SECONDARY_EDGE_TTA_ACTIVE views = 8 weight = 0.75 mean_abs_feat_delta = 0.256523\n"}
,{"stream_name":"stdout","time":488.392934173,"data":"EDGE_TTA_ACTIVE views = 8 mean_abs_feat_delta = 0.360462\n"}
,{"stream_name":"stdout","time":489.106022514,"data":"EDGE_TTA_ACTIVE views = 8 mean_abs_feat_delta = 0.346094\n"}
,{"stream_name":"stdout","time":489.419770106,"data":"SECONDARY_EDGE_TTA_ACTIVE views = 8 weight = 0.75 mean_abs_feat_delta = 0.301712\n"}
,{"stream_name":"stdout","time":490.079423693,"data":"SECONDARY_EDGE_TTA_ACTIVE views = 8 weight = 0.75 mean_abs_feat_delta = 0.265074\n"}
,{"stream_name":"stdout","time":490.68992624,"data":"EDGE_TTA_ACTIVE views = 8 mean_abs_feat_delta = 0.359757\n"}
,{"stream_name":"stdout","time":491.252148804,"data":"EDGE_TTA_ACTIVE views = 8 mean_abs_feat_delta = 0.348292\n"}
,{"stream_name":"stdout","time":491.71320232,"data":"SECONDARY_EDGE_TTA_ACTIVE views = 8 weight = 0.75 mean_abs_feat_delta = 0.305584\n"}
,{"stream_name":"stdout","time":491.717083142,"data":"BIOHUB_RETENTION_GUARD {\"blended_candidates\": 197, \"dataset\": \"44b6_0b24845f\", \"frame\": 73, \"minimum_retention\": 0.9, \"primary_candidates\": 262, \"retention\": 0.7519083969465649, \"use_primary\": true}\n"}
,{"stream_name":"stdout","time":492.226430307,"data":"SECONDARY_EDGE_TTA_ACTIVE views = 8 weight = 0.75 mean_abs_feat_delta = 0.26712\n"}
,{"stream_name":"stdout","time":492.873851813,"data":"EDGE_TTA_ACTIVE views = 8 mean_abs_feat_delta = 0.368022\n"}
,{"stream_name":"stdout","time":493.309456878,"data":"EDGE_TTA_ACTIVE views = 8 mean_abs_feat_delta = 0.344312\n"}
,{"stream_name":"stdout","time":493.899368077,"data":"SECONDARY_EDGE_TTA_ACTIVE views = 8 weight = 0.75 mean_abs_feat_delta = 0.304789\n"}
,{"stream_name":"stdout","time":493.903112528,"data":"BIOHUB_RETENTION_GUARD {\"blended_candidates\": 224, \"dataset\": \"44b6_0b24845f\", \"frame\": 74, \"minimum_retention\": 0.9, \"primary_candidates\": 291, \"retention\": 0.7697594501718213, \"use_primary\": true}\n"}
,{"stream_name":"stdout","time":494.290885614,"data":"SECONDARY_EDGE_TTA_ACTIVE views = 8 weight = 0.75 mean_abs_feat_delta = 0.263739\n"}
,{"stream_name":"stdout","time":495.061525673,"data":"EDGE_TTA_ACTIVE views = 8 mean_abs_feat_delta = 0.358754\n"}
,{"stream_name":"stdout","time":495.389016033,"data":"EDGE_TTA_ACTIVE views = 8 mean_abs_feat_delta = 0.341477\n"}
,{"stream_name":"stdout","time":496.087096708,"data":"SECONDARY_EDGE_TTA_ACTIVE views = 8 weight = 0.75 mean_abs_feat_delta = 0.299735\n"}
,{"stream_name":"stdout","time":496.091140952,"data":"BIOHUB_RETENTION_GUARD {\"blended_candidates\": 325, \"dataset\": \"44b6_0b24845f\", \"frame\": 75, \"minimum_retention\": 0.9, \"primary_candidates\": 374, \"retention\": 0.8689839572192514, \"use_primary\": true}\n"}
,{"stream_name":"stdout","time":496.361023391,"data":"SECONDARY_EDGE_TTA_ACTIVE views = 8 weight = 0.75 mean_abs_feat_delta = 0.262727\n"}
,{"stream_name":"stdout","time":497.271285835,"data":"EDGE_TTA_ACTIVE views = 8 mean_abs_feat_delta = 0.358919\n"}
,{"stream_name":"stdout","time":497.453780122,"data":"EDGE_TTA_ACTIVE views = 8 mean_abs_feat_delta = 0.34091\n"}
,{"stream_name":"stdout","time":498.302437675,"data":"SECONDARY_EDGE_TTA_ACTIVE views = 8 weight = 0.75 mean_abs_feat_delta = 0.295727\n"}
,{"stream_name":"stdout","time":498.307101584,"data":"BIOHUB_RETENTION_GUARD {\"blended_candidates\": 321, \"dataset\": \"44b6_0b24845f\", \"frame\": 76, \"minimum_retention\": 0.9, \"primary_candidates\": 379, \"retention\": 0.8469656992084432, \"use_primary\": true}\n"}
,{"stream_name":"stdout","time":498.427414594,"data":"SECONDARY_EDGE_TTA_ACTIVE views = 8 weight = 0.75 mean_abs_feat_delta = 0.256411\n"}
,{"stream_name":"stdout","time":499.524464088,"data":"EDGE_TTA_ACTIVE views = 8 mean_abs_feat_delta = 0.361097\n"}
,{"stream_name":"stdout","time":499.579646691,"data":"EDGE_TTA_ACTIVE views = 8 mean_abs_feat_delta = 0.337156\n"}
,{"stream_name":"stdout","time":500.553091544,"data":"SECONDARY_EDGE_TTA_ACTIVE views = 8 weight = 0.75 mean_abs_feat_delta = 0.301815\n"}
,{"stream_name":"stdout","time":500.554047567,"data":"SECONDARY_EDGE_TTA_ACTIVE views = 8 weight = 0.75 mean_abs_feat_delta = 0.260031\n"}
,{"stream_name":"stdout","time":500.557315847,"data":"BIOHUB_RETENTION_GUARD {\"blended_candidates\": 243, \"dataset\": \"44b6_0b24845f\", \"frame\": 77, \"minimum_retention\": 0.9, \"primary_candidates\": 331, \"retention\": 0.7341389728096677, \"use_primary\": true}\n"}
,{"stream_name":"stdout","time":501.772924716,"data":"EDGE_TTA_ACTIVE views = 8 mean_abs_feat_delta = 0.36529\n"}
,{"stream_name":"stdout","time":501.785584926,"data":"EDGE_TTA_ACTIVE views = 8 mean_abs_feat_delta = 0.339841\n"}
,{"stream_name":"stdout","time":502.760386019,"data":"SECONDARY_EDGE_TTA_ACTIVE views = 8 weight = 0.75 mean_abs_feat_delta = 0.262153\n"}
,{"stream_name":"stdout","time":502.801920699,"data":"SECONDARY_EDGE_TTA_ACTIVE views = 8 weight = 0.75 mean_abs_feat_delta = 0.305391\n"}
,{"stream_name":"stdout","time":502.80617522,"data":"BIOHUB_RETENTION_GUARD {\"blended_candidates\": 284, \"dataset\": \"44b6_0b24845f\", \"frame\": 78, \"minimum_retention\": 0.9, \"primary_candidates\": 392, \"retention\": 0.7244897959183674, \"use_primary\": true}\n"}
,{"stream_name":"stdout","time":503.911923371,"data":"EDGE_TTA_ACTIVE views = 8 mean_abs_feat_delta = 0.34054\n"}
,{"stream_name":"stdout","time":504.058452499,"data":"EDGE_TTA_ACTIVE views = 8 mean_abs_feat_delta = 0.365892\n"}
,{"stream_name":"stdout","time":504.848367543,"data":"SECONDARY_EDGE_TTA_ACTIVE views = 8 weight = 0.75 mean_abs_feat_delta = 0.258925\n"}
,{"stream_name":"stdout","time":505.093656284,"data":"SECONDARY_EDGE_TTA_ACTIVE views = 8 weight = 0.75 mean_abs_feat_delta = 0.302826\n"}
,{"stream_name":"stdout","time":505.097635791,"data":"BIOHUB_RETENTION_GUARD {\"blended_candidates\": 298, \"dataset\": \"44b6_0b24845f\", \"frame\": 79, \"minimum_retention\": 0.9, \"primary_candidates\": 424, \"retention\": 0.7028301886792453, \"use_primary\": true}\n"}
,{"stream_name":"stdout","time":505.961157629,"data":"EDGE_TTA_ACTIVE views = 8 mean_abs_feat_delta = 0.345761\n"}
,{"stream_name":"stdout","time":506.343397937,"data":"EDGE_TTA_ACTIVE views = 8 mean_abs_feat_delta = 0.365633\n"}
,{"stream_name":"stdout","time":506.935005316,"data":"SECONDARY_EDGE_TTA_ACTIVE views = 8 weight = 0.75 mean_abs_feat_delta = 0.260799\n"}
,{"stream_name":"stdout","time":507.380191113,"data":"SECONDARY_EDGE_TTA_ACTIVE views = 8 weight = 0.75 mean_abs_feat_delta = 0.303473\n"}
,{"stream_name":"stdout","time":507.384153192,"data":"BIOHUB_RETENTION_GUARD {\"blended_candidates\": 291, \"dataset\": \"44b6_0b24845f\", \"frame\": 80, \"minimum_retention\": 0.9, \"primary_candidates\": 388, \"retention\": 0.75, \"use_primary\": true}\n"}
,{"stream_name":"stdout","time":508.027227887,"data":"EDGE_TTA_ACTIVE views = 8 mean_abs_feat_delta = 0.34535\n"}
,{"stream_name":"stdout","time":508.656078585,"data":"EDGE_TTA_ACTIVE views = 8 mean_abs_feat_delta = 0.369442\n"}
,{"stream_name":"stdout","time":509.001370707,"data":"SECONDARY_EDGE_TTA_ACTIVE views = 8 weight = 0.75 mean_abs_feat_delta = 0.261693\n"}
,{"stream_name":"stdout","time":509.698468608,"data":"SECONDARY_EDGE_TTA_ACTIVE views = 8 weight = 0.75 mean_abs_feat_delta = 0.308215\n"}
,{"stream_name":"stdout","time":509.703011055,"data":"BIOHUB_RETENTION_GUARD {\"blended_candidates\": 294, \"dataset\": \"44b6_0b24845f\", \"frame\": 81, \"minimum_retention\": 0.9, \"primary_candidates\": 382, \"retention\": 0.7696335078534031, \"use_primary\": true}\n"}
,{"stream_name":"stdout","time":510.132202114,"data":"EDGE_TTA_ACTIVE views = 8 mean_abs_feat_delta = 0.345018\n"}
,{"stream_name":"stdout","time":510.92055282,"data":"EDGE_TTA_ACTIVE views = 8 mean_abs_feat_delta = 0.373979\n"}
,{"stream_name":"stdout","time":511.110160927,"data":"SECONDARY_EDGE_TTA_ACTIVE views = 8 weight = 0.75 mean_abs_feat_delta = 0.264586\n"}
,{"stream_name":"stdout","time":511.968119285,"data":"SECONDARY_EDGE_TTA_ACTIVE views = 8 weight = 0.75 mean_abs_feat_delta = 0.312577\n"}
,{"stream_name":"stdout","time":511.974161892,"data":"BIOHUB_RETENTION_GUARD {\"blended_candidates\": 277, \"dataset\": \"44b6_0b24845f\", \"frame\": 82, \"minimum_retention\": 0.9, \"primary_candidates\": 385, \"retention\": 0.7194805194805195, \"use_primary\": true}\n"}
,{"stream_name":"stdout","time":512.240813425,"data":"EDGE_TTA_ACTIVE views = 8 mean_abs_feat_delta = 0.339492\n"}
,{"stream_name":"stdout","time":513.213810246,"data":"EDGE_TTA_ACTIVE views = 8 mean_abs_feat_delta = 0.365009\n"}
,{"stream_name":"stdout","time":513.227171903,"data":"SECONDARY_EDGE_TTA_ACTIVE views = 8 weight = 0.75 mean_abs_feat_delta = 0.262994\n"}
,{"stream_name":"stdout","time":514.262582912,"data":"SECONDARY_EDGE_TTA_ACTIVE views = 8 weight = 0.75 mean_abs_feat_delta = 0.311063\n"}
,{"stream_name":"stdout","time":514.266425995,"data":"BIOHUB_RETENTION_GUARD {\"blended_candidates\": 268, \"dataset\": \"44b6_0b24845f\", \"frame\": 83, \"minimum_retention\": 0.9, \"primary_candidates\": 379, \"retention\": 0.7071240105540897, \"use_primary\": true}\n"}
,{"stream_name":"stdout","time":514.309669586,"data":"EDGE_TTA_ACTIVE views = 8 mean_abs_feat_delta = 0.333718\n"}
,{"stream_name":"stdout","time":515.300792437,"data":"SECONDARY_EDGE_TTA_ACTIVE views = 8 weight = 0.75 mean_abs_feat_delta = 0.257147\n"}
,{"stream_name":"stdout","time":515.443359117,"data":"EDGE_TTA_ACTIVE views = 8 mean_abs_feat_delta = 0.36654\n"}
,{"stream_name":"stdout","time":516.414421618,"data":"EDGE_TTA_ACTIVE views = 8 mean_abs_feat_delta = 0.334199\n"}
,{"stream_name":"stdout","time":516.496294264,"data":"SECONDARY_EDGE_TTA_ACTIVE views = 8 weight = 0.75 mean_abs_feat_delta = 0.311139\n"}
,{"stream_name":"stdout","time":516.500233222,"data":"BIOHUB_RETENTION_GUARD {\"blended_candidates\": 287, \"dataset\": \"44b6_0b24845f\", \"frame\": 84, \"minimum_retention\": 0.9, \"primary_candidates\": 361, \"retention\": 0.7950138504155124, \"use_primary\": true}\n"}
,{"stream_name":"stdout","time":517.406637834,"data":"SECONDARY_EDGE_TTA_ACTIVE views = 8 weight = 0.75 mean_abs_feat_delta = 0.259374\n"}
,{"stream_name":"stdout","time":517.748890947,"data":"EDGE_TTA_ACTIVE views = 8 mean_abs_feat_delta = 0.364996\n"}
,{"stream_name":"stdout","time":518.553312305,"data":"EDGE_TTA_ACTIVE views = 8 mean_abs_feat_delta = 0.338008\n"}
,{"stream_name":"stdout","time":518.804324839,"data":"SECONDARY_EDGE_TTA_ACTIVE views = 8 weight = 0.75 mean_abs_feat_delta = 0.312248\n"}
,{"stream_name":"stdout","time":518.808586592,"data":"BIOHUB_RETENTION_GUARD {\"blended_candidates\": 198, \"dataset\": \"44b6_0b24845f\", \"frame\": 85, \"minimum_retention\": 0.9, \"primary_candidates\": 294, \"retention\": 0.673469387755102, \"use_primary\": true}\n"}
,{"stream_name":"stdout","time":519.545863065,"data":"SECONDARY_EDGE_TTA_ACTIVE views = 8 weight = 0.75 mean_abs_feat_delta = 0.257413\n"}
,{"stream_name":"stdout","time":520.005344437,"data":"EDGE_TTA_ACTIVE views = 8 mean_abs_feat_delta = 0.364819\n"}
,{"stream_name":"stdout","time":520.693916198,"data":"EDGE_TTA_ACTIVE views = 8 mean_abs_feat_delta = 0.338144\n"}
,{"stream_name":"stdout","time":521.062621739,"data":"SECONDARY_EDGE_TTA_ACTIVE views = 8 weight = 0.75 mean_abs_feat_delta = 0.317294\n"}
,{"stream_name":"stdout","time":521.066423235,"data":"BIOHUB_RETENTION_GUARD {\"blended_candidates\": 169, \"dataset\": \"44b6_0b24845f\", \"frame\": 86, \"minimum_retention\": 0.9, \"primary_candidates\": 282, \"retention\": 0.599290780141844, \"use_primary\": true}\n"}
,{"stream_name":"stdout","time":521.687155832,"data":"SECONDARY_EDGE_TTA_ACTIVE views = 8 weight = 0.75 mean_abs_feat_delta = 0.257555\n"}
,{"stream_name":"stdout","time":522.28048974,"data":"EDGE_TTA_ACTIVE views = 8 mean_abs_feat_delta = 0.360555\n"}
,{"stream_name":"stdout","time":522.842270373,"data":"EDGE_TTA_ACTIVE views = 8 mean_abs_feat_delta = 0.336404\n"}
,{"stream_name":"stdout","time":523.339535572,"data":"SECONDARY_EDGE_TTA_ACTIVE views = 8 weight = 0.75 mean_abs_feat_delta = 0.318325\n"}
,{"stream_name":"stdout","time":523.343387173,"data":"BIOHUB_RETENTION_GUARD {\"blended_candidates\": 232, \"dataset\": \"44b6_0b24845f\", \"frame\": 87, \"minimum_retention\": 0.9, \"primary_candidates\": 323, \"retention\": 0.718266253869969, \"use_primary\": true}\n"}
,{"stream_name":"stdout","time":523.837686645,"data":"SECONDARY_EDGE_TTA_ACTIVE views = 8 weight = 0.75 mean_abs_feat_delta = 0.253368\n"}
,{"stream_name":"stdout","time":524.545092558,"data":"EDGE_TTA_ACTIVE views = 8 mean_abs_feat_delta = 0.367991\n"}
,{"stream_name":"stdout","time":524.93093163,"data":"EDGE_TTA_ACTIVE views = 8 mean_abs_feat_delta = 0.336923\n"}
,{"stream_name":"stdout","time":525.606017087,"data":"SECONDARY_EDGE_TTA_ACTIVE views = 8 weight = 0.75 mean_abs_feat_delta = 0.319785\n"}
,{"stream_name":"stdout","time":525.609865682,"data":"BIOHUB_RETENTION_GUARD {\"blended_candidates\": 287, \"dataset\": \"44b6_0b24845f\", \"frame\": 88, \"minimum_retention\": 0.9, \"primary_candidates\": 363, \"retention\": 0.790633608815427, \"use_primary\": true}\n"}
,{"stream_name":"stdout","time":525.922710614,"data":"SECONDARY_EDGE_TTA_ACTIVE views = 8 weight = 0.75 mean_abs_feat_delta = 0.253968\n"}
,{"stream_name":"stdout","time":526.850714718,"data":"EDGE_TTA_ACTIVE views = 8 mean_abs_feat_delta = 0.374613\n"}
,{"stream_name":"stdout","time":527.028287338,"data":"EDGE_TTA_ACTIVE views = 8 mean_abs_feat_delta = 0.340204\n"}
,{"stream_name":"stdout","time":527.914373754,"data":"SECONDARY_EDGE_TTA_ACTIVE views = 8 weight = 0.75 mean_abs_feat_delta = 0.325312\n"}
,{"stream_name":"stdout","time":527.918677632,"data":"BIOHUB_RETENTION_GUARD {\"blended_candidates\": 219, \"dataset\": \"44b6_0b24845f\", \"frame\": 89, \"minimum_retention\": 0.9, \"primary_candidates\": 322, \"retention\": 0.6801242236024845, \"use_primary\": true}\n"}
,{"stream_name":"stdout","time":528.022725293,"data":"SECONDARY_EDGE_TTA_ACTIVE views = 8 weight = 0.75 mean_abs_feat_delta = 0.25869\n"}
,{"stream_name":"stdout","time":529.142028256,"data":"EDGE_TTA_ACTIVE views = 8 mean_abs_feat_delta = 0.343273\n"}
,{"stream_name":"stdout","time":529.156191999,"data":"EDGE_TTA_ACTIVE views = 8 mean_abs_feat_delta = 0.362102\n"}
,{"stream_name":"stdout","time":530.139755932,"data":"SECONDARY_EDGE_TTA_ACTIVE views = 8 weight = 0.75 mean_abs_feat_delta = 0.249107\n"}
,{"stream_name":"stdout","time":530.221890987,"data":"SECONDARY_EDGE_TTA_ACTIVE views = 8 weight = 0.75 mean_abs_feat_delta = 0.321967\n"}
,{"stream_name":"stdout","time":530.226555256,"data":"BIOHUB_RETENTION_GUARD {\"blended_candidates\": 175, \"dataset\": \"44b6_0b24845f\", \"frame\": 90, \"minimum_retention\": 0.9, \"primary_candidates\": 269, \"retention\": 0.6505576208178439, \"use_primary\": true}\n"}
,{"stream_name":"stdout","time":531.257930125,"data":"EDGE_TTA_ACTIVE views = 8 mean_abs_feat_delta = 0.340039\n"}
,{"stream_name":"stdout","time":531.424912298,"data":"EDGE_TTA_ACTIVE views = 8 mean_abs_feat_delta = 0.362535\n"}
,{"stream_name":"stdout","time":532.254928496,"data":"SECONDARY_EDGE_TTA_ACTIVE views = 8 weight = 0.75 mean_abs_feat_delta = 0.250998\n"}
,{"stream_name":"stdout","time":532.48175723,"data":"SECONDARY_EDGE_TTA_ACTIVE views = 8 weight = 0.75 mean_abs_feat_delta = 0.320952\n"}
,{"stream_name":"stdout","time":532.485709642,"data":"BIOHUB_RETENTION_GUARD {\"blended_candidates\": 136, \"dataset\": \"44b6_0b24845f\", \"frame\": 91, \"minimum_retention\": 0.9, \"primary_candidates\": 237, \"retention\": 0.5738396624472574, \"use_primary\": true}\n"}
,{"stream_name":"stdout","time":533.371007159,"data":"EDGE_TTA_ACTIVE views = 8 mean_abs_feat_delta = 0.338922\n"}
,{"stream_name":"stdout","time":533.707857139,"data":"EDGE_TTA_ACTIVE views = 8 mean_abs_feat_delta = 0.36442\n"}
,{"stream_name":"stdout","time":534.403669911,"data":"SECONDARY_EDGE_TTA_ACTIVE views = 8 weight = 0.75 mean_abs_feat_delta = 0.249091\n"}
,{"stream_name":"stdout","time":534.768534812,"data":"SECONDARY_EDGE_TTA_ACTIVE views = 8 weight = 0.75 mean_abs_feat_delta = 0.322162\n"}
,{"stream_name":"stdout","time":534.772144655,"data":"BIOHUB_RETENTION_GUARD {\"blended_candidates\": 151, \"dataset\": \"44b6_0b24845f\", \"frame\": 92, \"minimum_retention\": 0.9, \"primary_candidates\": 286, \"retention\": 0.527972027972028, \"use_primary\": true}\n"}
,{"stream_name":"stdout","time":535.557579875,"data":"EDGE_TTA_ACTIVE views = 8 mean_abs_feat_delta = 0.342488\n"}
,{"stream_name":"stdout","time":535.946433974,"data":"EDGE_TTA_ACTIVE views = 8 mean_abs_feat_delta = 0.357811\n"}
,{"stream_name":"stdout","time":536.551834841,"data":"SECONDARY_EDGE_TTA_ACTIVE views = 8 weight = 0.75 mean_abs_feat_delta = 0.25058\n"}
,{"stream_name":"stdout","time":537.004396884,"data":"SECONDARY_EDGE_TTA_ACTIVE views = 8 weight = 0.75 mean_abs_feat_delta = 0.314236\n"}
,{"stream_name":"stdout","time":537.008240717,"data":"BIOHUB_RETENTION_GUARD {\"blended_candidates\": 133, \"dataset\": \"44b6_0b24845f\", \"frame\": 93, \"minimum_retention\": 0.9, \"primary_candidates\": 253, \"retention\": 0.525691699604743, \"use_primary\": true}\n"}
,{"stream_name":"stdout","time":537.649184619,"data":"EDGE_TTA_ACTIVE views = 8 mean_abs_feat_delta = 0.341683\n"}
,{"stream_name":"stdout","time":538.242785063,"data":"EDGE_TTA_ACTIVE views = 8 mean_abs_feat_delta = 0.3551\n"}
,{"stream_name":"stdout","time":538.646552712,"data":"SECONDARY_EDGE_TTA_ACTIVE views = 8 weight = 0.75 mean_abs_feat_delta = 0.25428\n"}
,{"stream_name":"stdout","time":539.301359915,"data":"SECONDARY_EDGE_TTA_ACTIVE views = 8 weight = 0.75 mean_abs_feat_delta = 0.314665\n"}
,{"stream_name":"stdout","time":539.305450072,"data":"BIOHUB_RETENTION_GUARD {\"blended_candidates\": 168, \"dataset\": \"44b6_0b24845f\", \"frame\": 94, \"minimum_retention\": 0.9, \"primary_candidates\": 290, \"retention\": 0.5793103448275863, \"use_primary\": true}\n"}
,{"stream_name":"stdout","time":540.525566403,"data":"EDGE_TTA_ACTIVE views = 8 mean_abs_feat_delta = 0.362482\n"}
,{"stream_name":"stdout","time":541.578707929,"data":"SECONDARY_EDGE_TTA_ACTIVE views = 8 weight = 0.75 mean_abs_feat_delta = 0.321701\n"}
,{"stream_name":"stdout","time":541.581331437,"data":"BIOHUB_RETENTION_GUARD {\"blended_candidates\": 140, \"dataset\": \"44b6_0b24845f\", \"frame\": 95, \"minimum_retention\": 0.9, \"primary_candidates\": 309, \"retention\": 0.45307443365695793, \"use_primary\": true}\n"}
,{"stream_name":"stdout","time":542.87753288,"data":"EDGE_TTA_ACTIVE views = 8 mean_abs_feat_delta = 0.358614\n"}
,{"stream_name":"stdout","time":543.932386286,"data":"SECONDARY_EDGE_TTA_ACTIVE views = 8 weight = 0.75 mean_abs_feat_delta = 0.325788\n"}
,{"stream_name":"stdout","time":543.937469284,"data":"BIOHUB_RETENTION_GUARD {\"blended_candidates\": 124, \"dataset\": \"44b6_0b24845f\", \"frame\": 96, \"minimum_retention\": 0.9, \"primary_candidates\": 273, \"retention\": 0.4542124542124542, \"use_primary\": true}\n"}
,{"stream_name":"stdout","time":545.232131727,"data":"EDGE_TTA_ACTIVE views = 8 mean_abs_feat_delta = 0.354717\n"}
,{"stream_name":"stdout","time":546.284436808,"data":"SECONDARY_EDGE_TTA_ACTIVE views = 8 weight = 0.75 mean_abs_feat_delta = 0.328691\n"}
,{"stream_name":"stdout","time":546.288691238,"data":"BIOHUB_RETENTION_GUARD {\"blended_candidates\": 181, \"dataset\": \"44b6_0b24845f\", \"frame\": 97, \"minimum_retention\": 0.9, \"primary_candidates\": 328, \"retention\": 0.551829268292683, \"use_primary\": true}\n"}
,{"stream_name":"stdout","time":547.50408288,"data":"EDGE_TTA_ACTIVE views = 8 mean_abs_feat_delta = 0.362901\n"}
,{"stream_name":"stdout","time":548.55186998,"data":"SECONDARY_EDGE_TTA_ACTIVE views = 8 weight = 0.75 mean_abs_feat_delta = 0.327921\n"}
,{"stream_name":"stdout","time":548.555798236,"data":"BIOHUB_RETENTION_GUARD {\"blended_candidates\": 153, \"dataset\": \"44b6_0b24845f\", \"frame\": 98, \"minimum_retention\": 0.9, \"primary_candidates\": 295, \"retention\": 0.5186440677966102, \"use_primary\": true}\n"}
,{"stream_name":"stdout","time":549.714533374,"data":"EDGE_TTA_ACTIVE views = 8 mean_abs_feat_delta = 0.362405\n"}
,{"stream_name":"stdout","time":550.763048806,"data":"SECONDARY_EDGE_TTA_ACTIVE views = 8 weight = 0.75 mean_abs_feat_delta = 0.328126\n"}
,{"stream_name":"stdout","time":550.767285765,"data":"BIOHUB_RETENTION_GUARD {\"blended_candidates\": 111, \"dataset\": \"44b6_0b24845f\", \"frame\": 99, \"minimum_retention\": 0.9, \"primary_candidates\": 224, \"retention\": 0.4955357142857143, \"use_primary\": true}\n"}
,{"stream_name":"stdout","time":567.169762487,"data":"EDGE_TTA_ACTIVE views = 8 mean_abs_feat_delta = 0.353265\n"}
,{"stream_name":"stdout","time":568.078886418,"data":"SECONDARY_EDGE_TTA_ACTIVE views = 8 weight = 0.75 mean_abs_feat_delta = 0.229197\n"}
,{"stream_name":"stdout","time":569.168943009,"data":"EDGE_TTA_ACTIVE views = 8 mean_abs_feat_delta = 0.356556\n"}
,{"stream_name":"stdout","time":570.127562673,"data":"SECONDARY_EDGE_TTA_ACTIVE views = 8 weight = 0.75 mean_abs_feat_delta = 0.228531\n"}
,{"stream_name":"stdout","time":571.187992238,"data":"EDGE_TTA_ACTIVE views = 8 mean_abs_feat_delta = 0.359353\n"}
,{"stream_name":"stdout","time":571.847264558,"data":"EDGE_TTA_ACTIVE views = 8 mean_abs_feat_delta = 0.336457\n"}
,{"stream_name":"stdout","time":572.149810619,"data":"SECONDARY_EDGE_TTA_ACTIVE views = 8 weight = 0.75 mean_abs_feat_delta = 0.232233\n"}
,{"stream_name":"stdout","time":572.85583602,"data":"SECONDARY_EDGE_TTA_ACTIVE views = 8 weight = 0.75 mean_abs_feat_delta = 0.229228\n"}
,{"stream_name":"stdout","time":573.217539598,"data":"EDGE_TTA_ACTIVE views = 8 mean_abs_feat_delta = 0.361838\n"}
,{"stream_name":"stdout","time":574.175834496,"data":"SECONDARY_EDGE_TTA_ACTIVE views = 8 weight = 0.75 mean_abs_feat_delta = 0.231136\n"}
,{"stream_name":"stdout","time":574.223976074,"data":"EDGE_TTA_ACTIVE views = 8 mean_abs_feat_delta = 0.33652\n"}
,{"stream_name":"stdout","time":575.243921324,"data":"SECONDARY_EDGE_TTA_ACTIVE views = 8 weight = 0.75 mean_abs_feat_delta = 0.231364\n"}
,{"stream_name":"stdout","time":575.311919036,"data":"EDGE_TTA_ACTIVE views = 8 mean_abs_feat_delta = 0.349332\n"}
,{"stream_name":"stdout","time":576.275520949,"data":"SECONDARY_EDGE_TTA_ACTIVE views = 8 weight = 0.75 mean_abs_feat_delta = 0.237962\n"}
,{"stream_name":"stdout","time":576.642002371,"data":"EDGE_TTA_ACTIVE views = 8 mean_abs_feat_delta = 0.334504\n"}
,{"stream_name":"stdout","time":577.361930933,"data":"EDGE_TTA_ACTIVE views = 8 mean_abs_feat_delta = 0.36765\n"}
,{"stream_name":"stdout","time":577.675575748,"data":"SECONDARY_EDGE_TTA_ACTIVE views = 8 weight = 0.75 mean_abs_feat_delta = 0.231505\n"}
,{"stream_name":"stdout","time":578.335038869,"data":"SECONDARY_EDGE_TTA_ACTIVE views = 8 weight = 0.75 mean_abs_feat_delta = 0.23324\n"}
,{"stream_name":"stdout","time":579.090064679,"data":"EDGE_TTA_ACTIVE views = 8 mean_abs_feat_delta = 0.331503\n"}
,{"stream_name":"stdout","time":579.433546727,"data":"EDGE_TTA_ACTIVE views = 8 mean_abs_feat_delta = 0.37095\n"}
,{"stream_name":"stdout","time":580.129925893,"data":"SECONDARY_EDGE_TTA_ACTIVE views = 8 weight = 0.75 mean_abs_feat_delta = 0.233103\n"}
,{"stream_name":"stdout","time":580.407032097,"data":"SECONDARY_EDGE_TTA_ACTIVE views = 8 weight = 0.75 mean_abs_feat_delta = 0.233703\n"}
,{"stream_name":"stdout","time":581.519440462,"data":"EDGE_TTA_ACTIVE views = 8 mean_abs_feat_delta = 0.362298\n"}
,{"stream_name":"stdout","time":581.608799184,"data":"EDGE_TTA_ACTIVE views = 8 mean_abs_feat_delta = 0.334571\n"}
,{"stream_name":"stdout","time":582.494153733,"data":"SECONDARY_EDGE_TTA_ACTIVE views = 8 weight = 0.75 mean_abs_feat_delta = 0.23047\n"}
,{"stream_name":"stdout","time":582.659994466,"data":"SECONDARY_EDGE_TTA_ACTIVE views = 8 weight = 0.75 mean_abs_feat_delta = 0.230713\n"}
,{"stream_name":"stdout","time":583.588798476,"data":"EDGE_TTA_ACTIVE views = 8 mean_abs_feat_delta = 0.357762\n"}
,{"stream_name":"stdout","time":584.132421859,"data":"EDGE_TTA_ACTIVE views = 8 mean_abs_feat_delta = 0.333844\n"}
,{"stream_name":"stdout","time":584.578008894,"data":"SECONDARY_EDGE_TTA_ACTIVE views = 8 weight = 0.75 mean_abs_feat_delta = 0.222866\n"}
,{"stream_name":"stdout","time":585.193564511,"data":"SECONDARY_EDGE_TTA_ACTIVE views = 8 weight = 0.75 mean_abs_feat_delta = 0.228063\n"}
,{"stream_name":"stdout","time":585.634189441,"data":"EDGE_TTA_ACTIVE views = 8 mean_abs_feat_delta = 0.360193\n"}
,{"stream_name":"stdout","time":586.628261422,"data":"SECONDARY_EDGE_TTA_ACTIVE views = 8 weight = 0.75 mean_abs_feat_delta = 0.223297\n"}
,{"stream_name":"stdout","time":586.65487084,"data":"EDGE_TTA_ACTIVE views = 8 mean_abs_feat_delta = 0.333957\n"}
,{"stream_name":"stdout","time":587.729668835,"data":"SECONDARY_EDGE_TTA_ACTIVE views = 8 weight = 0.75 mean_abs_feat_delta = 0.23148\n"}
,{"stream_name":"stdout","time":587.741530204,"data":"EDGE_TTA_ACTIVE views = 8 mean_abs_feat_delta = 0.35856\n"}
,{"stream_name":"stdout","time":588.734877387,"data":"SECONDARY_EDGE_TTA_ACTIVE views = 8 weight = 0.75 mean_abs_feat_delta = 0.226482\n"}
,{"stream_name":"stdout","time":589.175583716,"data":"EDGE_TTA_ACTIVE views = 8 mean_abs_feat_delta = 0.333005\n"}
,{"stream_name":"stdout","time":589.871763676,"data":"EDGE_TTA_ACTIVE views = 8 mean_abs_feat_delta = 0.365065\n"}
,{"stream_name":"stdout","time":590.257423909,"data":"SECONDARY_EDGE_TTA_ACTIVE views = 8 weight = 0.75 mean_abs_feat_delta = 0.226861\n"}
,{"stream_name":"stdout","time":590.869707127,"data":"SECONDARY_EDGE_TTA_ACTIVE views = 8 weight = 0.75 mean_abs_feat_delta = 0.229453\n"}
,{"stream_name":"stdout","time":591.726909792,"data":"EDGE_TTA_ACTIVE views = 8 mean_abs_feat_delta = 0.335609\n"}
,{"stream_name":"stdout","time":592.029679945,"data":"EDGE_TTA_ACTIVE views = 8 mean_abs_feat_delta = 0.353373\n"}
,{"stream_name":"stdout","time":592.817891139,"data":"SECONDARY_EDGE_TTA_ACTIVE views = 8 weight = 0.75 mean_abs_feat_delta = 0.226753\n"}
,{"stream_name":"stdout","time":593.033021549,"data":"SECONDARY_EDGE_TTA_ACTIVE views = 8 weight = 0.75 mean_abs_feat_delta = 0.233899\n"}
,{"stream_name":"stdout","time":594.114306488,"data":"EDGE_TTA_ACTIVE views = 8 mean_abs_feat_delta = 0.366767\n"}
,{"stream_name":"stdout","time":594.362139721,"data":"EDGE_TTA_ACTIVE views = 8 mean_abs_feat_delta = 0.338411\n"}
,{"stream_name":"stdout","time":595.124650869,"data":"SECONDARY_EDGE_TTA_ACTIVE views = 8 weight = 0.75 mean_abs_feat_delta = 0.228562\n"}
,{"stream_name":"stdout","time":595.465994764,"data":"SECONDARY_EDGE_TTA_ACTIVE views = 8 weight = 0.75 mean_abs_feat_delta = 0.229067\n"}
,{"stream_name":"stdout","time":596.265915006,"data":"EDGE_TTA_ACTIVE views = 8 mean_abs_feat_delta = 0.360859\n"}
,{"stream_name":"stdout","time":596.996348556,"data":"EDGE_TTA_ACTIVE views = 8 mean_abs_feat_delta = 0.33357\n"}
,{"stream_name":"stdout","time":597.321386967,"data":"SECONDARY_EDGE_TTA_ACTIVE views = 8 weight = 0.75 mean_abs_feat_delta = 0.229373\n"}
,{"stream_name":"stdout","time":598.107411263,"data":"SECONDARY_EDGE_TTA_ACTIVE views = 8 weight = 0.75 mean_abs_feat_delta = 0.224805\n"}
,{"stream_name":"stdout","time":598.398638069,"data":"EDGE_TTA_ACTIVE views = 8 mean_abs_feat_delta = 0.358711\n"}
,{"stream_name":"stdout","time":599.418711012,"data":"SECONDARY_EDGE_TTA_ACTIVE views = 8 weight = 0.75 mean_abs_feat_delta = 0.228983\n"}
,{"stream_name":"stdout","time":599.694839797,"data":"EDGE_TTA_ACTIVE views = 8 mean_abs_feat_delta = 0.328392\n"}
,{"stream_name":"stdout","time":600.547928587,"data":"EDGE_TTA_ACTIVE views = 8 mean_abs_feat_delta = 0.357908\n"}
,{"stream_name":"stdout","time":600.817410021,"data":"SECONDARY_EDGE_TTA_ACTIVE views = 8 weight = 0.75 mean_abs_feat_delta = 0.22475\n"}
,{"stream_name":"stdout","time":601.569562452,"data":"SECONDARY_EDGE_TTA_ACTIVE views = 8 weight = 0.75 mean_abs_feat_delta = 0.22723\n"}
,{"stream_name":"stdout","time":602.378288251,"data":"EDGE_TTA_ACTIVE views = 8 mean_abs_feat_delta = 0.329088\n"}
,{"stream_name":"stdout","time":602.718381513,"data":"EDGE_TTA_ACTIVE views = 8 mean_abs_feat_delta = 0.36076\n"}
,{"stream_name":"stdout","time":603.512206487,"data":"SECONDARY_EDGE_TTA_ACTIVE views = 8 weight = 0.75 mean_abs_feat_delta = 0.223629\n"}
,{"stream_name":"stdout","time":603.737693818,"data":"SECONDARY_EDGE_TTA_ACTIVE views = 8 weight = 0.75 mean_abs_feat_delta = 0.227184\n"}
,{"stream_name":"stdout","time":604.880699895,"data":"EDGE_TTA_ACTIVE views = 8 mean_abs_feat_delta = 0.363026\n"}
,{"stream_name":"stdout","time":605.015352127,"data":"EDGE_TTA_ACTIVE views = 8 mean_abs_feat_delta = 0.331454\n"}
,{"stream_name":"stdout","time":605.904873785,"data":"SECONDARY_EDGE_TTA_ACTIVE views = 8 weight = 0.75 mean_abs_feat_delta = 0.228674\n"}
,{"stream_name":"stdout","time":606.151921984,"data":"SECONDARY_EDGE_TTA_ACTIVE views = 8 weight = 0.75 mean_abs_feat_delta = 0.221381\n"}
,{"stream_name":"stdout","time":607.037100595,"data":"EDGE_TTA_ACTIVE views = 8 mean_abs_feat_delta = 0.36528\n"}
,{"stream_name":"stdout","time":607.685055426,"data":"EDGE_TTA_ACTIVE views = 8 mean_abs_feat_delta = 0.332081\n"}
,{"stream_name":"stdout","time":608.053843181,"data":"SECONDARY_EDGE_TTA_ACTIVE views = 8 weight = 0.75 mean_abs_feat_delta = 0.22969\n"}
,{"stream_name":"stdout","time":608.806725209,"data":"SECONDARY_EDGE_TTA_ACTIVE views = 8 weight = 0.75 mean_abs_feat_delta = 0.220825\n"}
,{"stream_name":"stdout","time":609.142883799,"data":"EDGE_TTA_ACTIVE views = 8 mean_abs_feat_delta = 0.365255\n"}
,{"stream_name":"stdout","time":610.153384906,"data":"SECONDARY_EDGE_TTA_ACTIVE views = 8 weight = 0.75 mean_abs_feat_delta = 0.227887\n"}
,{"stream_name":"stdout","time":610.284298861,"data":"EDGE_TTA_ACTIVE views = 8 mean_abs_feat_delta = 0.331331\n"}
,{"stream_name":"stdout","time":611.237991589,"data":"EDGE_TTA_ACTIVE views = 8 mean_abs_feat_delta = 0.364292\n"}
,{"stream_name":"stdout","time":611.394051326,"data":"SECONDARY_EDGE_TTA_ACTIVE views = 8 weight = 0.75 mean_abs_feat_delta = 0.220942\n"}
,{"stream_name":"stdout","time":612.247000083,"data":"SECONDARY_EDGE_TTA_ACTIVE views = 8 weight = 0.75 mean_abs_feat_delta = 0.229597\n"}
,{"stream_name":"stdout","time":612.860774185,"data":"EDGE_TTA_ACTIVE views = 8 mean_abs_feat_delta = 0.331316\n"}
,{"stream_name":"stdout","time":613.382121918,"data":"EDGE_TTA_ACTIVE views = 8 mean_abs_feat_delta = 0.369457\n"}
,{"stream_name":"stdout","time":613.952544878,"data":"SECONDARY_EDGE_TTA_ACTIVE views = 8 weight = 0.75 mean_abs_feat_delta = 0.220064\n"}
,{"stream_name":"stdout","time":614.381205992,"data":"SECONDARY_EDGE_TTA_ACTIVE views = 8 weight = 0.75 mean_abs_feat_delta = 0.229355\n"}
,{"stream_name":"stdout","time":615.425467497,"data":"EDGE_TTA_ACTIVE views = 8 mean_abs_feat_delta = 0.331281\n"}
,{"stream_name":"stdout","time":615.473111906,"data":"EDGE_TTA_ACTIVE views = 8 mean_abs_feat_delta = 0.366989\n"}
,{"stream_name":"stdout","time":616.471286282,"data":"SECONDARY_EDGE_TTA_ACTIVE views = 8 weight = 0.75 mean_abs_feat_delta = 0.228164\n"}
,{"stream_name":"stdout","time":616.50347793,"data":"SECONDARY_EDGE_TTA_ACTIVE views = 8 weight = 0.75 mean_abs_feat_delta = 0.219385\n"}
,{"stream_name":"stdout","time":617.543095798,"data":"EDGE_TTA_ACTIVE views = 8 mean_abs_feat_delta = 0.364738\n"}
,{"stream_name":"stdout","time":618.054406282,"data":"EDGE_TTA_ACTIVE views = 8 mean_abs_feat_delta = 0.332495\n"}
,{"stream_name":"stdout","time":618.531944757,"data":"SECONDARY_EDGE_TTA_ACTIVE views = 8 weight = 0.75 mean_abs_feat_delta = 0.230204\n"}
,{"stream_name":"stdout","time":619.124026961,"data":"SECONDARY_EDGE_TTA_ACTIVE views = 8 weight = 0.75 mean_abs_feat_delta = 0.221891\n"}
,{"stream_name":"stdout","time":619.596546053,"data":"EDGE_TTA_ACTIVE views = 8 mean_abs_feat_delta = 0.368159\n"}
,{"stream_name":"stdout","time":620.579240545,"data":"EDGE_TTA_ACTIVE views = 8 mean_abs_feat_delta = 0.326164\n"}
,{"stream_name":"stdout","time":620.586138443,"data":"SECONDARY_EDGE_TTA_ACTIVE views = 8 weight = 0.75 mean_abs_feat_delta = 0.229792\n"}
,{"stream_name":"stdout","time":621.636020873,"data":"SECONDARY_EDGE_TTA_ACTIVE views = 8 weight = 0.75 mean_abs_feat_delta = 0.22287\n"}
,{"stream_name":"stdout","time":621.724419858,"data":"EDGE_TTA_ACTIVE views = 8 mean_abs_feat_delta = 0.370711\n"}
,{"stream_name":"stdout","time":622.697722124,"data":"SECONDARY_EDGE_TTA_ACTIVE views = 8 weight = 0.75 mean_abs_feat_delta = 0.231598\n"}
,{"stream_name":"stdout","time":623.075376567,"data":"EDGE_TTA_ACTIVE views = 8 mean_abs_feat_delta = 0.3318\n"}
,{"stream_name":"stdout","time":623.83109596,"data":"EDGE_TTA_ACTIVE views = 8 mean_abs_feat_delta = 0.360618\n"}
,{"stream_name":"stdout","time":624.119149203,"data":"SECONDARY_EDGE_TTA_ACTIVE views = 8 weight = 0.75 mean_abs_feat_delta = 0.226905\n"}
,{"stream_name":"stdout","time":624.80426776,"data":"SECONDARY_EDGE_TTA_ACTIVE views = 8 weight = 0.75 mean_abs_feat_delta = 0.237748\n"}
,{"stream_name":"stdout","time":625.538893491,"data":"EDGE_TTA_ACTIVE views = 8 mean_abs_feat_delta = 0.332454\n"}
,{"stream_name":"stdout","time":625.858655216,"data":"EDGE_TTA_ACTIVE views = 8 mean_abs_feat_delta = 0.372812\n"}
,{"stream_name":"stdout","time":626.57988434,"data":"SECONDARY_EDGE_TTA_ACTIVE views = 8 weight = 0.75 mean_abs_feat_delta = 0.227329\n"}
,{"stream_name":"stdout","time":626.830225059,"data":"SECONDARY_EDGE_TTA_ACTIVE views = 8 weight = 0.75 mean_abs_feat_delta = 0.229174\n"}
,{"stream_name":"stdout","time":627.948060084,"data":"EDGE_TTA_ACTIVE views = 8 mean_abs_feat_delta = 0.374406\n"}
,{"stream_name":"stdout","time":627.984647953,"data":"EDGE_TTA_ACTIVE views = 8 mean_abs_feat_delta = 0.329795\n"}
,{"stream_name":"stdout","time":628.878910834,"data":"SECONDARY_EDGE_TTA_ACTIVE views = 8 weight = 0.75 mean_abs_feat_delta = 0.23239\n"}
,{"stream_name":"stdout","time":629.021422568,"data":"SECONDARY_EDGE_TTA_ACTIVE views = 8 weight = 0.75 mean_abs_feat_delta = 0.227094\n"}
,{"stream_name":"stdout","time":629.929837995,"data":"EDGE_TTA_ACTIVE views = 8 mean_abs_feat_delta = 0.3777\n"}
,{"stream_name":"stdout","time":630.477277868,"data":"EDGE_TTA_ACTIVE views = 8 mean_abs_feat_delta = 0.330008\n"}
,{"stream_name":"stdout","time":630.90256433,"data":"SECONDARY_EDGE_TTA_ACTIVE views = 8 weight = 0.75 mean_abs_feat_delta = 0.233543\n"}
,{"stream_name":"stdout","time":631.506238831,"data":"SECONDARY_EDGE_TTA_ACTIVE views = 8 weight = 0.75 mean_abs_feat_delta = 0.228038\n"}
,{"stream_name":"stdout","time":631.975208329,"data":"EDGE_TTA_ACTIVE views = 8 mean_abs_feat_delta = 0.376339\n"}
,{"stream_name":"stdout","time":632.946881747,"data":"SECONDARY_EDGE_TTA_ACTIVE views = 8 weight = 0.75 mean_abs_feat_delta = 0.230711\n"}
,{"stream_name":"stdout","time":632.987859222,"data":"EDGE_TTA_ACTIVE views = 8 mean_abs_feat_delta = 0.327924\n"}
,{"stream_name":"stdout","time":634.012981763,"data":"SECONDARY_EDGE_TTA_ACTIVE views = 8 weight = 0.75 mean_abs_feat_delta = 0.226869\n"}
,{"stream_name":"stdout","time":634.016543903,"data":"EDGE_TTA_ACTIVE views = 8 mean_abs_feat_delta = 0.369146\n"}
,{"stream_name":"stdout","time":634.99142947,"data":"SECONDARY_EDGE_TTA_ACTIVE views = 8 weight = 0.75 mean_abs_feat_delta = 0.230076\n"}
,{"stream_name":"stdout","time":635.427988228,"data":"EDGE_TTA_ACTIVE views = 8 mean_abs_feat_delta = 0.324294\n"}
,{"stream_name":"stdout","time":636.043302609,"data":"EDGE_TTA_ACTIVE views = 8 mean_abs_feat_delta = 0.367025\n"}
,{"stream_name":"stdout","time":636.451193706,"data":"SECONDARY_EDGE_TTA_ACTIVE views = 8 weight = 0.75 mean_abs_feat_delta = 0.219975\n"}
,{"stream_name":"stdout","time":637.015445528,"data":"SECONDARY_EDGE_TTA_ACTIVE views = 8 weight = 0.75 mean_abs_feat_delta = 0.23\n"}
,{"stream_name":"stdout","time":637.920611196,"data":"EDGE_TTA_ACTIVE views = 8 mean_abs_feat_delta = 0.329966\n"}
,{"stream_name":"stdout","time":638.086058886,"data":"EDGE_TTA_ACTIVE views = 8 mean_abs_feat_delta = 0.371094\n"}
,{"stream_name":"stdout","time":638.941219291,"data":"SECONDARY_EDGE_TTA_ACTIVE views = 8 weight = 0.75 mean_abs_feat_delta = 0.22725\n"}
,{"stream_name":"stdout","time":639.05988905,"data":"SECONDARY_EDGE_TTA_ACTIVE views = 8 weight = 0.75 mean_abs_feat_delta = 0.231427\n"}
,{"stream_name":"stdout","time":640.107014024,"data":"EDGE_TTA_ACTIVE views = 8 mean_abs_feat_delta = 0.375255\n"}
,{"stream_name":"stdout","time":640.363831923,"data":"EDGE_TTA_ACTIVE views = 8 mean_abs_feat_delta = 0.322964\n"}
,{"stream_name":"stdout","time":641.074903319,"data":"SECONDARY_EDGE_TTA_ACTIVE views = 8 weight = 0.75 mean_abs_feat_delta = 0.229981\n"}
,{"stream_name":"stdout","time":641.38245592,"data":"SECONDARY_EDGE_TTA_ACTIVE views = 8 weight = 0.75 mean_abs_feat_delta = 0.225732\n"}
,{"stream_name":"stdout","time":642.120080733,"data":"EDGE_TTA_ACTIVE views = 8 mean_abs_feat_delta = 0.373994\n"}
,{"stream_name":"stdout","time":642.853990817,"data":"EDGE_TTA_ACTIVE views = 8 mean_abs_feat_delta = 0.329623\n"}
,{"stream_name":"stdout","time":643.090275568,"data":"SECONDARY_EDGE_TTA_ACTIVE views = 8 weight = 0.75 mean_abs_feat_delta = 0.229437\n"}
,{"stream_name":"stdout","time":643.872913174,"data":"SECONDARY_EDGE_TTA_ACTIVE views = 8 weight = 0.75 mean_abs_feat_delta = 0.229625\n"}
,{"stream_name":"stdout","time":644.199724176,"data":"EDGE_TTA_ACTIVE views = 8 mean_abs_feat_delta = 0.366011\n"}
,{"stream_name":"stdout","time":645.171348684,"data":"SECONDARY_EDGE_TTA_ACTIVE views = 8 weight = 0.75 mean_abs_feat_delta = 0.229485\n"}
,{"stream_name":"stdout","time":645.309474768,"data":"EDGE_TTA_ACTIVE views = 8 mean_abs_feat_delta = 0.33189\n"}
,{"stream_name":"stdout","time":646.309696572,"data":"EDGE_TTA_ACTIVE views = 8 mean_abs_feat_delta = 0.364698\n"}
,{"stream_name":"stdout","time":646.325480169,"data":"SECONDARY_EDGE_TTA_ACTIVE views = 8 weight = 0.75 mean_abs_feat_delta = 0.229021\n"}
,{"stream_name":"stdout","time":647.2831005,"data":"SECONDARY_EDGE_TTA_ACTIVE views = 8 weight = 0.75 mean_abs_feat_delta = 0.234306\n"}
,{"stream_name":"stdout","time":647.73379381,"data":"EDGE_TTA_ACTIVE views = 8 mean_abs_feat_delta = 0.328077\n"}
,{"stream_name":"stdout","time":648.335786517,"data":"EDGE_TTA_ACTIVE views = 8 mean_abs_feat_delta = 0.366732\n"}
,{"stream_name":"stdout","time":648.75152944,"data":"SECONDARY_EDGE_TTA_ACTIVE views = 8 weight = 0.75 mean_abs_feat_delta = 0.229917\n"}
,{"stream_name":"stdout","time":649.306300873,"data":"SECONDARY_EDGE_TTA_ACTIVE views = 8 weight = 0.75 mean_abs_feat_delta = 0.235733\n"}
,{"stream_name":"stdout","time":650.196726394,"data":"EDGE_TTA_ACTIVE views = 8 mean_abs_feat_delta = 0.330658\n"}
,{"stream_name":"stdout","time":650.350931223,"data":"EDGE_TTA_ACTIVE views = 8 mean_abs_feat_delta = 0.370041\n"}
,{"stream_name":"stdout","time":651.218841373,"data":"SECONDARY_EDGE_TTA_ACTIVE views = 8 weight = 0.75 mean_abs_feat_delta = 0.232737\n"}
,{"stream_name":"stdout","time":651.317397496,"data":"SECONDARY_EDGE_TTA_ACTIVE views = 8 weight = 0.75 mean_abs_feat_delta = 0.231775\n"}
,{"stream_name":"stdout","time":652.365000106,"data":"EDGE_TTA_ACTIVE views = 8 mean_abs_feat_delta = 0.367914\n"}
,{"stream_name":"stdout","time":652.681697495,"data":"EDGE_TTA_ACTIVE views = 8 mean_abs_feat_delta = 0.330195\n"}
,{"stream_name":"stdout","time":653.337465248,"data":"SECONDARY_EDGE_TTA_ACTIVE views = 8 weight = 0.75 mean_abs_feat_delta = 0.227854\n"}
,{"stream_name":"stdout","time":653.700381961,"data":"SECONDARY_EDGE_TTA_ACTIVE views = 8 weight = 0.75 mean_abs_feat_delta = 0.227525\n"}
,{"stream_name":"stdout","time":654.429824627,"data":"EDGE_TTA_ACTIVE views = 8 mean_abs_feat_delta = 0.352519\n"}
,{"stream_name":"stdout","time":655.147166908,"data":"EDGE_TTA_ACTIVE views = 8 mean_abs_feat_delta = 0.332086\n"}
,{"stream_name":"stdout","time":655.402278225,"data":"SECONDARY_EDGE_TTA_ACTIVE views = 8 weight = 0.75 mean_abs_feat_delta = 0.232249\n"}
,{"stream_name":"stdout","time":655.406206295,"data":"BIOHUB_RETENTION_GUARD {\"blended_candidates\": 66, \"dataset\": \"6bba_05b6850b\", \"frame\": 43, \"minimum_retention\": 0.9, \"primary_candidates\": 74, \"retention\": 0.8918918918918919, \"use_primary\": true}\n"}
,{"stream_name":"stdout","time":656.166965652,"data":"SECONDARY_EDGE_TTA_ACTIVE views = 8 weight = 0.75 mean_abs_feat_delta = 0.228923\n"}
,{"stream_name":"stdout","time":656.473644052,"data":"EDGE_TTA_ACTIVE views = 8 mean_abs_feat_delta = 0.36891\n"}
,{"stream_name":"stdout","time":657.445639392,"data":"SECONDARY_EDGE_TTA_ACTIVE views = 8 weight = 0.75 mean_abs_feat_delta = 0.226463\n"}
,{"stream_name":"stdout","time":657.604304463,"data":"EDGE_TTA_ACTIVE views = 8 mean_abs_feat_delta = 0.334902\n"}
,{"stream_name":"stdout","time":658.585397336,"data":"EDGE_TTA_ACTIVE views = 8 mean_abs_feat_delta = 0.372785\n"}
,{"stream_name":"stdout","time":658.631667037,"data":"SECONDARY_EDGE_TTA_ACTIVE views = 8 weight = 0.75 mean_abs_feat_delta = 0.234703\n"}
,{"stream_name":"stdout","time":659.510978953,"data":"SECONDARY_EDGE_TTA_ACTIVE views = 8 weight = 0.75 mean_abs_feat_delta = 0.232529\n"}
,{"stream_name":"stdout","time":660.034069522,"data":"EDGE_TTA_ACTIVE views = 8 mean_abs_feat_delta = 0.331026\n"}
,{"stream_name":"stdout","time":660.602363106,"data":"EDGE_TTA_ACTIVE views = 8 mean_abs_feat_delta = 0.372432\n"}
,{"stream_name":"stdout","time":661.062460624,"data":"SECONDARY_EDGE_TTA_ACTIVE views = 8 weight = 0.75 mean_abs_feat_delta = 0.228868\n"}
,{"stream_name":"stdout","time":661.57624271,"data":"SECONDARY_EDGE_TTA_ACTIVE views = 8 weight = 0.75 mean_abs_feat_delta = 0.234792\n"}
,{"stream_name":"stdout","time":662.480170347,"data":"EDGE_TTA_ACTIVE views = 8 mean_abs_feat_delta = 0.33352\n"}
,{"stream_name":"stdout","time":662.669431661,"data":"EDGE_TTA_ACTIVE views = 8 mean_abs_feat_delta = 0.371331\n"}
,{"stream_name":"stdout","time":663.514988421,"data":"SECONDARY_EDGE_TTA_ACTIVE views = 8 weight = 0.75 mean_abs_feat_delta = 0.229406\n"}
,{"stream_name":"stdout","time":663.643680784,"data":"SECONDARY_EDGE_TTA_ACTIVE views = 8 weight = 0.75 mean_abs_feat_delta = 0.233309\n"}
,{"stream_name":"stdout","time":664.73313513,"data":"EDGE_TTA_ACTIVE views = 8 mean_abs_feat_delta = 0.369641\n"}
,{"stream_name":"stdout","time":664.932557405,"data":"EDGE_TTA_ACTIVE views = 8 mean_abs_feat_delta = 0.333668\n"}
,{"stream_name":"stdout","time":665.708262979,"data":"SECONDARY_EDGE_TTA_ACTIVE views = 8 weight = 0.75 mean_abs_feat_delta = 0.231091\n"}
,{"stream_name":"stdout","time":665.970324777,"data":"SECONDARY_EDGE_TTA_ACTIVE views = 8 weight = 0.75 mean_abs_feat_delta = 0.228734\n"}
,{"stream_name":"stdout","time":666.821679542,"data":"EDGE_TTA_ACTIVE views = 8 mean_abs_feat_delta = 0.371647\n"}
,{"stream_name":"stdout","time":667.388415236,"data":"EDGE_TTA_ACTIVE views = 8 mean_abs_feat_delta = 0.326117\n"}
,{"stream_name":"stdout","time":667.799194387,"data":"SECONDARY_EDGE_TTA_ACTIVE views = 8 weight = 0.75 mean_abs_feat_delta = 0.231415\n"}
,{"stream_name":"stdout","time":668.433505431,"data":"SECONDARY_EDGE_TTA_ACTIVE views = 8 weight = 0.75 mean_abs_feat_delta = 0.227258\n"}
,{"stream_name":"stdout","time":668.869262376,"data":"EDGE_TTA_ACTIVE views = 8 mean_abs_feat_delta = 0.368025\n"}
,{"stream_name":"stdout","time":669.860464489,"data":"SECONDARY_EDGE_TTA_ACTIVE views = 8 weight = 0.75 mean_abs_feat_delta = 0.232042\n"}
,{"stream_name":"stdout","time":669.960979782,"data":"EDGE_TTA_ACTIVE views = 8 mean_abs_feat_delta = 0.327201\n"}
,{"stream_name":"stdout","time":670.977334831,"data":"EDGE_TTA_ACTIVE views = 8 mean_abs_feat_delta = 0.362922\n"}
,{"stream_name":"stdout","time":671.011426626,"data":"SECONDARY_EDGE_TTA_ACTIVE views = 8 weight = 0.75 mean_abs_feat_delta = 0.232919\n"}
,{"stream_name":"stdout","time":671.967720018,"data":"SECONDARY_EDGE_TTA_ACTIVE views = 8 weight = 0.75 mean_abs_feat_delta = 0.232766\n"}
,{"stream_name":"stdout","time":672.45148578,"data":"EDGE_TTA_ACTIVE views = 8 mean_abs_feat_delta = 0.330095\n"}
,{"stream_name":"stdout","time":673.022886636,"data":"EDGE_TTA_ACTIVE views = 8 mean_abs_feat_delta = 0.352705\n"}
,{"stream_name":"stdout","time":673.509553438,"data":"SECONDARY_EDGE_TTA_ACTIVE views = 8 weight = 0.75 mean_abs_feat_delta = 0.237762\n"}
,{"stream_name":"stdout","time":674.014880614,"data":"SECONDARY_EDGE_TTA_ACTIVE views = 8 weight = 0.75 mean_abs_feat_delta = 0.235979\n"}
,{"stream_name":"stdout","time":674.933799171,"data":"EDGE_TTA_ACTIVE views = 8 mean_abs_feat_delta = 0.333419\n"}
,{"stream_name":"stdout","time":675.083005434,"data":"EDGE_TTA_ACTIVE views = 8 mean_abs_feat_delta = 0.336896\n"}
,{"stream_name":"stdout","time":675.994104501,"data":"SECONDARY_EDGE_TTA_ACTIVE views = 8 weight = 0.75 mean_abs_feat_delta = 0.238631\n"}
,{"stream_name":"stdout","time":676.075375219,"data":"SECONDARY_EDGE_TTA_ACTIVE views = 8 weight = 0.75 mean_abs_feat_delta = 0.241376\n"}
,{"stream_name":"stdout","time":677.193537116,"data":"EDGE_TTA_ACTIVE views = 8 mean_abs_feat_delta = 0.34476\n"}
,{"stream_name":"stdout","time":677.427607425,"data":"EDGE_TTA_ACTIVE views = 8 mean_abs_feat_delta = 0.338616\n"}
,{"stream_name":"stdout","time":678.187842251,"data":"SECONDARY_EDGE_TTA_ACTIVE views = 8 weight = 0.75 mean_abs_feat_delta = 0.233304\n"}
,{"stream_name":"stdout","time":678.490822723,"data":"SECONDARY_EDGE_TTA_ACTIVE views = 8 weight = 0.75 mean_abs_feat_delta = 0.236776\n"}
,{"stream_name":"stdout","time":679.257752117,"data":"EDGE_TTA_ACTIVE views = 8 mean_abs_feat_delta = 0.351291\n"}
,{"stream_name":"stdout","time":679.925434121,"data":"EDGE_TTA_ACTIVE views = 8 mean_abs_feat_delta = 0.335349\n"}
,{"stream_name":"stdout","time":680.256390938,"data":"SECONDARY_EDGE_TTA_ACTIVE views = 8 weight = 0.75 mean_abs_feat_delta = 0.237349\n"}
,{"stream_name":"stdout","time":680.989355919,"data":"SECONDARY_EDGE_TTA_ACTIVE views = 8 weight = 0.75 mean_abs_feat_delta = 0.233805\n"}
,{"stream_name":"stdout","time":681.385610533,"data":"EDGE_TTA_ACTIVE views = 8 mean_abs_feat_delta = 0.350787\n"}
,{"stream_name":"stdout","time":682.38757209,"data":"SECONDARY_EDGE_TTA_ACTIVE views = 8 weight = 0.75 mean_abs_feat_delta = 0.237192\n"}
,{"stream_name":"stdout","time":682.483029063,"data":"EDGE_TTA_ACTIVE views = 8 mean_abs_feat_delta = 0.337635\n"}
,{"stream_name":"stdout","time":683.465064937,"data":"EDGE_TTA_ACTIVE views = 8 mean_abs_feat_delta = 0.352459\n"}
,{"stream_name":"stdout","time":683.552656876,"data":"SECONDARY_EDGE_TTA_ACTIVE views = 8 weight = 0.75 mean_abs_feat_delta = 0.2393\n"}
,{"stream_name":"stdout","time":684.461132731,"data":"SECONDARY_EDGE_TTA_ACTIVE views = 8 weight = 0.75 mean_abs_feat_delta = 0.23579\n"}
,{"stream_name":"stdout","time":684.999940316,"data":"EDGE_TTA_ACTIVE views = 8 mean_abs_feat_delta = 0.336677\n"}
,{"stream_name":"stdout","time":685.554775966,"data":"EDGE_TTA_ACTIVE views = 8 mean_abs_feat_delta = 0.343926\n"}
,{"stream_name":"stdout","time":686.073537854,"data":"SECONDARY_EDGE_TTA_ACTIVE views = 8 weight = 0.75 mean_abs_feat_delta = 0.241418\n"}
,{"stream_name":"stdout","time":686.552541234,"data":"SECONDARY_EDGE_TTA_ACTIVE views = 8 weight = 0.75 mean_abs_feat_delta = 0.245733\n"}
,{"stream_name":"stdout","time":687.504041689,"data":"EDGE_TTA_ACTIVE views = 8 mean_abs_feat_delta = 0.334169\n"}
,{"stream_name":"stdout","time":687.649176179,"data":"EDGE_TTA_ACTIVE views = 8 mean_abs_feat_delta = 0.361961\n"}
,{"stream_name":"stdout","time":688.572835362,"data":"SECONDARY_EDGE_TTA_ACTIVE views = 8 weight = 0.75 mean_abs_feat_delta = 0.240548\n"}
,{"stream_name":"stdout","time":688.704756982,"data":"SECONDARY_EDGE_TTA_ACTIVE views = 8 weight = 0.75 mean_abs_feat_delta = 0.237609\n"}
,{"stream_name":"stdout","time":689.774284731,"data":"EDGE_TTA_ACTIVE views = 8 mean_abs_feat_delta = 0.359198\n"}
,{"stream_name":"stdout","time":690.008666224,"data":"EDGE_TTA_ACTIVE views = 8 mean_abs_feat_delta = 0.334586\n"}
,{"stream_name":"stdout","time":690.772552269,"data":"SECONDARY_EDGE_TTA_ACTIVE views = 8 weight = 0.75 mean_abs_feat_delta = 0.24975\n"}
,{"stream_name":"stdout","time":691.07670687,"data":"SECONDARY_EDGE_TTA_ACTIVE views = 8 weight = 0.75 mean_abs_feat_delta = 0.239217\n"}
,{"stream_name":"stdout","time":691.895978388,"data":"EDGE_TTA_ACTIVE views = 8 mean_abs_feat_delta = 0.364122\n"}
,{"stream_name":"stdout","time":692.574452517,"data":"EDGE_TTA_ACTIVE views = 8 mean_abs_feat_delta = 0.333591\n"}
,{"stream_name":"stdout","time":692.895905625,"data":"SECONDARY_EDGE_TTA_ACTIVE views = 8 weight = 0.75 mean_abs_feat_delta = 0.23735\n"}
,{"stream_name":"stdout","time":693.6395963,"data":"SECONDARY_EDGE_TTA_ACTIVE views = 8 weight = 0.75 mean_abs_feat_delta = 0.238117\n"}
,{"stream_name":"stdout","time":693.967039403,"data":"EDGE_TTA_ACTIVE views = 8 mean_abs_feat_delta = 0.357428\n"}
,{"stream_name":"stdout","time":694.963071398,"data":"SECONDARY_EDGE_TTA_ACTIVE views = 8 weight = 0.75 mean_abs_feat_delta = 0.239857\n"}
,{"stream_name":"stdout","time":695.054845852,"data":"EDGE_TTA_ACTIVE views = 8 mean_abs_feat_delta = 0.333424\n"}
,{"stream_name":"stdout","time":696.026729034,"data":"EDGE_TTA_ACTIVE views = 8 mean_abs_feat_delta = 0.343652\n"}
,{"stream_name":"stdout","time":696.121598158,"data":"SECONDARY_EDGE_TTA_ACTIVE views = 8 weight = 0.75 mean_abs_feat_delta = 0.241111\n"}
,{"stream_name":"stdout","time":697.027282477,"data":"SECONDARY_EDGE_TTA_ACTIVE views = 8 weight = 0.75 mean_abs_feat_delta = 0.246472\n"}
,{"stream_name":"stdout","time":697.605649244,"data":"EDGE_TTA_ACTIVE views = 8 mean_abs_feat_delta = 0.329672\n"}
,{"stream_name":"stdout","time":698.115866762,"data":"EDGE_TTA_ACTIVE views = 8 mean_abs_feat_delta = 0.355033\n"}
,{"stream_name":"stdout","time":698.667304411,"data":"SECONDARY_EDGE_TTA_ACTIVE views = 8 weight = 0.75 mean_abs_feat_delta = 0.233408\n"}
,{"stream_name":"stdout","time":699.112412264,"data":"SECONDARY_EDGE_TTA_ACTIVE views = 8 weight = 0.75 mean_abs_feat_delta = 0.23837\n"}
,{"stream_name":"stdout","time":700.119586044,"data":"EDGE_TTA_ACTIVE views = 8 mean_abs_feat_delta = 0.330847\n"}
,{"stream_name":"stdout","time":700.190885133,"data":"EDGE_TTA_ACTIVE views = 8 mean_abs_feat_delta = 0.351347\n"}
,{"stream_name":"stdout","time":701.178744487,"data":"SECONDARY_EDGE_TTA_ACTIVE views = 8 weight = 0.75 mean_abs_feat_delta = 0.236893\n"}
,{"stream_name":"stdout","time":701.18435718,"data":"SECONDARY_EDGE_TTA_ACTIVE views = 8 weight = 0.75 mean_abs_feat_delta = 0.23794\n"}
,{"stream_name":"stdout","time":702.300490964,"data":"EDGE_TTA_ACTIVE views = 8 mean_abs_feat_delta = 0.353252\n"}
,{"stream_name":"stdout","time":702.597614308,"data":"EDGE_TTA_ACTIVE views = 8 mean_abs_feat_delta = 0.332545\n"}
,{"stream_name":"stdout","time":703.285239115,"data":"SECONDARY_EDGE_TTA_ACTIVE views = 8 weight = 0.75 mean_abs_feat_delta = 0.237401\n"}
,{"stream_name":"stdout","time":703.653703865,"data":"SECONDARY_EDGE_TTA_ACTIVE views = 8 weight = 0.75 mean_abs_feat_delta = 0.244446\n"}
,{"stream_name":"stdout","time":704.380480495,"data":"EDGE_TTA_ACTIVE views = 8 mean_abs_feat_delta = 0.33905\n"}
,{"stream_name":"stdout","time":705.024390039,"data":"EDGE_TTA_ACTIVE views = 8 mean_abs_feat_delta = 0.333406\n"}
,{"stream_name":"stdout","time":705.37301872,"data":"SECONDARY_EDGE_TTA_ACTIVE views = 8 weight = 0.75 mean_abs_feat_delta = 0.245673\n"}
,{"stream_name":"stdout","time":706.077919243,"data":"SECONDARY_EDGE_TTA_ACTIVE views = 8 weight = 0.75 mean_abs_feat_delta = 0.249633\n"}
,{"stream_name":"stdout","time":706.51338216,"data":"EDGE_TTA_ACTIVE views = 8 mean_abs_feat_delta = 0.354422\n"}
,{"stream_name":"stdout","time":707.462405207,"data":"EDGE_TTA_ACTIVE views = 8 mean_abs_feat_delta = 0.33416\n"}
,{"stream_name":"stdout","time":707.502626919,"data":"SECONDARY_EDGE_TTA_ACTIVE views = 8 weight = 0.75 mean_abs_feat_delta = 0.235875\n"}
,{"stream_name":"stdout","time":708.515360184,"data":"SECONDARY_EDGE_TTA_ACTIVE views = 8 weight = 0.75 mean_abs_feat_delta = 0.246702\n"}
,{"stream_name":"stdout","time":708.563564087,"data":"EDGE_TTA_ACTIVE views = 8 mean_abs_feat_delta = 0.359708\n"}
,{"stream_name":"stdout","time":709.547166888,"data":"SECONDARY_EDGE_TTA_ACTIVE views = 8 weight = 0.75 mean_abs_feat_delta = 0.241531\n"}
,{"stream_name":"stdout","time":709.866352435,"data":"EDGE_TTA_ACTIVE views = 8 mean_abs_feat_delta = 0.335015\n"}
,{"stream_name":"stdout","time":710.618370843,"data":"EDGE_TTA_ACTIVE views = 8 mean_abs_feat_delta = 0.359515\n"}
,{"stream_name":"stdout","time":710.913604149,"data":"SECONDARY_EDGE_TTA_ACTIVE views = 8 weight = 0.75 mean_abs_feat_delta = 0.239557\n"}
,{"stream_name":"stdout","time":711.607694449,"data":"SECONDARY_EDGE_TTA_ACTIVE views = 8 weight = 0.75 mean_abs_feat_delta = 0.238654\n"}
,{"stream_name":"stdout","time":712.296366235,"data":"EDGE_TTA_ACTIVE views = 8 mean_abs_feat_delta = 0.342511\n"}
,{"stream_name":"stdout","time":712.662343578,"data":"EDGE_TTA_ACTIVE views = 8 mean_abs_feat_delta = 0.356987\n"}
,{"stream_name":"stdout","time":713.345512392,"data":"SECONDARY_EDGE_TTA_ACTIVE views = 8 weight = 0.75 mean_abs_feat_delta = 0.238104\n"}
,{"stream_name":"stdout","time":713.651223474,"data":"SECONDARY_EDGE_TTA_ACTIVE views = 8 weight = 0.75 mean_abs_feat_delta = 0.235897\n"}
,{"stream_name":"stdout","time":714.692388192,"data":"EDGE_TTA_ACTIVE views = 8 mean_abs_feat_delta = 0.342159\n"}
,{"stream_name":"stdout","time":714.747653386,"data":"EDGE_TTA_ACTIVE views = 8 mean_abs_feat_delta = 0.358806\n"}
,{"stream_name":"stdout","time":715.736433618,"data":"SECONDARY_EDGE_TTA_ACTIVE views = 8 weight = 0.75 mean_abs_feat_delta = 0.232787\n"}
,{"stream_name":"stdout","time":715.739397496,"data":"SECONDARY_EDGE_TTA_ACTIVE views = 8 weight = 0.75 mean_abs_feat_delta = 0.239919\n"}
,{"stream_name":"stdout","time":716.874121309,"data":"EDGE_TTA_ACTIVE views = 8 mean_abs_feat_delta = 0.360605\n"}
,{"stream_name":"stdout","time":717.078936958,"data":"EDGE_TTA_ACTIVE views = 8 mean_abs_feat_delta = 0.340811\n"}
,{"stream_name":"stdout","time":717.863795998,"data":"SECONDARY_EDGE_TTA_ACTIVE views = 8 weight = 0.75 mean_abs_feat_delta = 0.235419\n"}
,{"stream_name":"stdout","time":718.124395508,"data":"SECONDARY_EDGE_TTA_ACTIVE views = 8 weight = 0.75 mean_abs_feat_delta = 0.238456\n"}
,{"stream_name":"stdout","time":719.035255863,"data":"EDGE_TTA_ACTIVE views = 8 mean_abs_feat_delta = 0.35888\n"}
,{"stream_name":"stdout","time":719.485385577,"data":"EDGE_TTA_ACTIVE views = 8 mean_abs_feat_delta = 0.349582\n"}
,{"stream_name":"stdout","time":719.954036727,"data":"SECONDARY_EDGE_TTA_ACTIVE views = 8 weight = 0.75 mean_abs_feat_delta = 0.232021\n"}
,{"stream_name":"stdout","time":720.524431427,"data":"SECONDARY_EDGE_TTA_ACTIVE views = 8 weight = 0.75 mean_abs_feat_delta = 0.237938\n"}
,{"stream_name":"stdout","time":721.046419067,"data":"EDGE_TTA_ACTIVE views = 8 mean_abs_feat_delta = 0.364525\n"}
,{"stream_name":"stdout","time":722.013995261,"data":"EDGE_TTA_ACTIVE views = 8 mean_abs_feat_delta = 0.350508\n"}
,{"stream_name":"stdout","time":722.020429079,"data":"SECONDARY_EDGE_TTA_ACTIVE views = 8 weight = 0.75 mean_abs_feat_delta = 0.235438\n"}
,{"stream_name":"stdout","time":723.055458073,"data":"SECONDARY_EDGE_TTA_ACTIVE views = 8 weight = 0.75 mean_abs_feat_delta = 0.242027\n"}
,{"stream_name":"stdout","time":723.111627763,"data":"EDGE_TTA_ACTIVE views = 8 mean_abs_feat_delta = 0.367055\n"}
,{"stream_name":"stdout","time":724.089807168,"data":"SECONDARY_EDGE_TTA_ACTIVE views = 8 weight = 0.75 mean_abs_feat_delta = 0.238512\n"}
,{"stream_name":"stdout","time":724.452679772,"data":"EDGE_TTA_ACTIVE views = 8 mean_abs_feat_delta = 0.347721\n"}
,{"stream_name":"stdout","time":725.199439993,"data":"EDGE_TTA_ACTIVE views = 8 mean_abs_feat_delta = 0.351417\n"}
,{"stream_name":"stdout","time":725.495227711,"data":"SECONDARY_EDGE_TTA_ACTIVE views = 8 weight = 0.75 mean_abs_feat_delta = 0.244117\n"}
,{"stream_name":"stdout","time":726.174180336,"data":"SECONDARY_EDGE_TTA_ACTIVE views = 8 weight = 0.75 mean_abs_feat_delta = 0.246384\n"}
,{"stream_name":"stdout","time":726.913583863,"data":"EDGE_TTA_ACTIVE views = 8 mean_abs_feat_delta = 0.347752\n"}
,{"stream_name":"stdout","time":727.225927439,"data":"EDGE_TTA_ACTIVE views = 8 mean_abs_feat_delta = 0.363487\n"}
,{"stream_name":"stdout","time":727.954611162,"data":"SECONDARY_EDGE_TTA_ACTIVE views = 8 weight = 0.75 mean_abs_feat_delta = 0.243325\n"}
,{"stream_name":"stdout","time":728.20180583,"data":"SECONDARY_EDGE_TTA_ACTIVE views = 8 weight = 0.75 mean_abs_feat_delta = 0.234938\n"}
,{"stream_name":"stdout","time":729.269751731,"data":"EDGE_TTA_ACTIVE views = 8 mean_abs_feat_delta = 0.361591\n"}
,{"stream_name":"stdout","time":729.348004514,"data":"EDGE_TTA_ACTIVE views = 8 mean_abs_feat_delta = 0.347648\n"}
,{"stream_name":"stdout","time":730.246033721,"data":"SECONDARY_EDGE_TTA_ACTIVE views = 8 weight = 0.75 mean_abs_feat_delta = 0.237752\n"}
,{"stream_name":"stdout","time":730.388784688,"data":"SECONDARY_EDGE_TTA_ACTIVE views = 8 weight = 0.75 mean_abs_feat_delta = 0.244042\n"}
,{"stream_name":"stdout","time":731.356581504,"data":"EDGE_TTA_ACTIVE views = 8 mean_abs_feat_delta = 0.35878\n"}
,{"stream_name":"stdout","time":731.7307256,"data":"EDGE_TTA_ACTIVE views = 8 mean_abs_feat_delta = 0.350568\n"}
,{"stream_name":"stdout","time":732.33158494,"data":"SECONDARY_EDGE_TTA_ACTIVE views = 8 weight = 0.75 mean_abs_feat_delta = 0.23573\n"}
,{"stream_name":"stdout","time":732.773169352,"data":"SECONDARY_EDGE_TTA_ACTIVE views = 8 weight = 0.75 mean_abs_feat_delta = 0.24973\n"}
,{"stream_name":"stdout","time":733.42351483,"data":"EDGE_TTA_ACTIVE views = 8 mean_abs_feat_delta = 0.361252\n"}
,{"stream_name":"stdout","time":734.164400955,"data":"EDGE_TTA_ACTIVE views = 8 mean_abs_feat_delta = 0.339277\n"}
,{"stream_name":"stdout","time":734.398348598,"data":"SECONDARY_EDGE_TTA_ACTIVE views = 8 weight = 0.75 mean_abs_feat_delta = 0.235636\n"}
,{"stream_name":"stdout","time":735.2068045,"data":"SECONDARY_EDGE_TTA_ACTIVE views = 8 weight = 0.75 mean_abs_feat_delta = 0.239339\n"}
,{"stream_name":"stdout","time":735.472500422,"data":"EDGE_TTA_ACTIVE views = 8 mean_abs_feat_delta = 0.357825\n"}
,{"stream_name":"stdout","time":736.461783913,"data":"SECONDARY_EDGE_TTA_ACTIVE views = 8 weight = 0.75 mean_abs_feat_delta = 0.23299\n"}
,{"stream_name":"stdout","time":736.621572928,"data":"EDGE_TTA_ACTIVE views = 8 mean_abs_feat_delta = 0.341866\n"}
,{"stream_name":"stdout","time":737.599651504,"data":"EDGE_TTA_ACTIVE views = 8 mean_abs_feat_delta = 0.356818\n"}
,{"stream_name":"stdout","time":737.660586579,"data":"SECONDARY_EDGE_TTA_ACTIVE views = 8 weight = 0.75 mean_abs_feat_delta = 0.244666\n"}
,{"stream_name":"stdout","time":738.586914445,"data":"SECONDARY_EDGE_TTA_ACTIVE views = 8 weight = 0.75 mean_abs_feat_delta = 0.232458\n"}
,{"stream_name":"stdout","time":739.086416552,"data":"EDGE_TTA_ACTIVE views = 8 mean_abs_feat_delta = 0.344401\n"}
,{"stream_name":"stdout","time":739.664264633,"data":"EDGE_TTA_ACTIVE views = 8 mean_abs_feat_delta = 0.358323\n"}
,{"stream_name":"stdout","time":740.126645369,"data":"SECONDARY_EDGE_TTA_ACTIVE views = 8 weight = 0.75 mean_abs_feat_delta = 0.244039\n"}
,{"stream_name":"stdout","time":740.645067426,"data":"SECONDARY_EDGE_TTA_ACTIVE views = 8 weight = 0.75 mean_abs_feat_delta = 0.232166\n"}
,{"stream_name":"stdout","time":741.477226271,"data":"EDGE_TTA_ACTIVE views = 8 mean_abs_feat_delta = 0.341738\n"}
,{"stream_name":"stdout","time":741.753178946,"data":"EDGE_TTA_ACTIVE views = 8 mean_abs_feat_delta = 0.352135\n"}
,{"stream_name":"stdout","time":742.517878073,"data":"SECONDARY_EDGE_TTA_ACTIVE views = 8 weight = 0.75 mean_abs_feat_delta = 0.245322\n"}
,{"stream_name":"stdout","time":742.729025854,"data":"SECONDARY_EDGE_TTA_ACTIVE views = 8 weight = 0.75 mean_abs_feat_delta = 0.232609\n"}
,{"stream_name":"stdout","time":743.784860183,"data":"EDGE_TTA_ACTIVE views = 8 mean_abs_feat_delta = 0.351911\n"}
,{"stream_name":"stdout","time":743.869407931,"data":"EDGE_TTA_ACTIVE views = 8 mean_abs_feat_delta = 0.339738\n"}
,{"stream_name":"stdout","time":744.774403831,"data":"SECONDARY_EDGE_TTA_ACTIVE views = 8 weight = 0.75 mean_abs_feat_delta = 0.232939\n"}
,{"stream_name":"stdout","time":744.911300281,"data":"SECONDARY_EDGE_TTA_ACTIVE views = 8 weight = 0.75 mean_abs_feat_delta = 0.2464\n"}
,{"stream_name":"stdout","time":745.82742929,"data":"EDGE_TTA_ACTIVE views = 8 mean_abs_feat_delta = 0.356519\n"}
,{"stream_name":"stdout","time":746.286315288,"data":"EDGE_TTA_ACTIVE views = 8 mean_abs_feat_delta = 0.336334\n"}
,{"stream_name":"stdout","time":746.805364364,"data":"SECONDARY_EDGE_TTA_ACTIVE views = 8 weight = 0.75 mean_abs_feat_delta = 0.231872\n"}
,{"stream_name":"stdout","time":747.329609732,"data":"SECONDARY_EDGE_TTA_ACTIVE views = 8 weight = 0.75 mean_abs_feat_delta = 0.244837\n"}
,{"stream_name":"stdout","time":747.939670942,"data":"EDGE_TTA_ACTIVE views = 8 mean_abs_feat_delta = 0.353385\n"}
,{"stream_name":"stdout","time":748.760758204,"data":"EDGE_TTA_ACTIVE views = 8 mean_abs_feat_delta = 0.336552\n"}
,{"stream_name":"stdout","time":748.930595146,"data":"SECONDARY_EDGE_TTA_ACTIVE views = 8 weight = 0.75 mean_abs_feat_delta = 0.232685\n"}
,{"stream_name":"stdout","time":749.863031156,"data":"SECONDARY_EDGE_TTA_ACTIVE views = 8 weight = 0.75 mean_abs_feat_delta = 0.249715\n"}
,{"stream_name":"stdout","time":750.026269861,"data":"EDGE_TTA_ACTIVE views = 8 mean_abs_feat_delta = 0.351229\n"}
,{"stream_name":"stdout","time":751.010799751,"data":"SECONDARY_EDGE_TTA_ACTIVE views = 8 weight = 0.75 mean_abs_feat_delta = 0.233018\n"}
,{"stream_name":"stdout","time":751.131689659,"data":"EDGE_TTA_ACTIVE views = 8 mean_abs_feat_delta = 0.336751\n"}
,{"stream_name":"stdout","time":752.102469397,"data":"EDGE_TTA_ACTIVE views = 8 mean_abs_feat_delta = 0.350705\n"}
,{"stream_name":"stdout","time":752.175677558,"data":"SECONDARY_EDGE_TTA_ACTIVE views = 8 weight = 0.75 mean_abs_feat_delta = 0.246366\n"}
,{"stream_name":"stdout","time":753.091593028,"data":"SECONDARY_EDGE_TTA_ACTIVE views = 8 weight = 0.75 mean_abs_feat_delta = 0.234885\n"}
,{"stream_name":"stdout","time":753.530183955,"data":"EDGE_TTA_ACTIVE views = 8 mean_abs_feat_delta = 0.342229\n"}
,{"stream_name":"stdout","time":754.175267231,"data":"EDGE_TTA_ACTIVE views = 8 mean_abs_feat_delta = 0.353278\n"}
,{"stream_name":"stdout","time":754.58007261,"data":"SECONDARY_EDGE_TTA_ACTIVE views = 8 weight = 0.75 mean_abs_feat_delta = 0.250553\n"}
,{"stream_name":"stdout","time":755.163578743,"data":"SECONDARY_EDGE_TTA_ACTIVE views = 8 weight = 0.75 mean_abs_feat_delta = 0.232744\n"}
,{"stream_name":"stdout","time":755.927150427,"data":"EDGE_TTA_ACTIVE views = 8 mean_abs_feat_delta = 0.34433\n"}
,{"stream_name":"stdout","time":756.21553929,"data":"EDGE_TTA_ACTIVE views = 8 mean_abs_feat_delta = 0.358064\n"}
,{"stream_name":"stdout","time":756.977573993,"data":"SECONDARY_EDGE_TTA_ACTIVE views = 8 weight = 0.75 mean_abs_feat_delta = 0.253052\n"}
,{"stream_name":"stdout","time":757.208425475,"data":"SECONDARY_EDGE_TTA_ACTIVE views = 8 weight = 0.75 mean_abs_feat_delta = 0.229484\n"}
,{"stream_name":"stdout","time":758.297828328,"data":"EDGE_TTA_ACTIVE views = 8 mean_abs_feat_delta = 0.338919\n"}
,{"stream_name":"stdout","time":758.326149948,"data":"EDGE_TTA_ACTIVE views = 8 mean_abs_feat_delta = 0.35946\n"}
,{"stream_name":"stdout","time":759.31960113,"data":"SECONDARY_EDGE_TTA_ACTIVE views = 8 weight = 0.75 mean_abs_feat_delta = 0.231302\n"}
,{"stream_name":"stdout","time":759.35103369,"data":"SECONDARY_EDGE_TTA_ACTIVE views = 8 weight = 0.75 mean_abs_feat_delta = 0.249056\n"}
,{"stream_name":"stdout","time":760.375132111,"data":"EDGE_TTA_ACTIVE views = 8 mean_abs_feat_delta = 0.357537\n"}
,{"stream_name":"stdout","time":760.729906472,"data":"EDGE_TTA_ACTIVE views = 8 mean_abs_feat_delta = 0.334467\n"}
,{"stream_name":"stdout","time":761.368646684,"data":"SECONDARY_EDGE_TTA_ACTIVE views = 8 weight = 0.75 mean_abs_feat_delta = 0.233885\n"}
,{"stream_name":"stdout","time":761.782987583,"data":"SECONDARY_EDGE_TTA_ACTIVE views = 8 weight = 0.75 mean_abs_feat_delta = 0.249429\n"}
,{"stream_name":"stdout","time":762.428836214,"data":"EDGE_TTA_ACTIVE views = 8 mean_abs_feat_delta = 0.357561\n"}
,{"stream_name":"stdout","time":763.143553923,"data":"EDGE_TTA_ACTIVE views = 8 mean_abs_feat_delta = 0.334048\n"}
,{"stream_name":"stdout","time":763.422090422,"data":"SECONDARY_EDGE_TTA_ACTIVE views = 8 weight = 0.75 mean_abs_feat_delta = 0.235923\n"}
,{"stream_name":"stdout","time":764.19738661,"data":"SECONDARY_EDGE_TTA_ACTIVE views = 8 weight = 0.75 mean_abs_feat_delta = 0.246018\n"}
,{"stream_name":"stdout","time":764.5603211,"data":"EDGE_TTA_ACTIVE views = 8 mean_abs_feat_delta = 0.356691\n"}
,{"stream_name":"stdout","time":765.556927881,"data":"SECONDARY_EDGE_TTA_ACTIVE views = 8 weight = 0.75 mean_abs_feat_delta = 0.236514\n"}
,{"stream_name":"stdout","time":765.608289163,"data":"EDGE_TTA_ACTIVE views = 8 mean_abs_feat_delta = 0.334845\n"}
,{"stream_name":"stdout","time":766.663657763,"data":"SECONDARY_EDGE_TTA_ACTIVE views = 8 weight = 0.75 mean_abs_feat_delta = 0.244333\n"}
,{"stream_name":"stdout","time":766.673594657,"data":"EDGE_TTA_ACTIVE views = 8 mean_abs_feat_delta = 0.360713\n"}
,{"stream_name":"stdout","time":767.667553606,"data":"SECONDARY_EDGE_TTA_ACTIVE views = 8 weight = 0.75 mean_abs_feat_delta = 0.236886\n"}
,{"stream_name":"stdout","time":768.012892315,"data":"EDGE_TTA_ACTIVE views = 8 mean_abs_feat_delta = 0.334767\n"}
,{"stream_name":"stdout","time":768.754510433,"data":"EDGE_TTA_ACTIVE views = 8 mean_abs_feat_delta = 0.361191\n"}
,{"stream_name":"stdout","time":769.071307736,"data":"SECONDARY_EDGE_TTA_ACTIVE views = 8 weight = 0.75 mean_abs_feat_delta = 0.248241\n"}
,{"stream_name":"stdout","time":769.748811928,"data":"SECONDARY_EDGE_TTA_ACTIVE views = 8 weight = 0.75 mean_abs_feat_delta = 0.236659\n"}
,{"stream_name":"stdout","time":770.507307183,"data":"EDGE_TTA_ACTIVE views = 8 mean_abs_feat_delta = 0.330452\n"}
,{"stream_name":"stdout","time":770.807289623,"data":"EDGE_TTA_ACTIVE views = 8 mean_abs_feat_delta = 0.363957\n"}
,{"stream_name":"stdout","time":771.563382397,"data":"SECONDARY_EDGE_TTA_ACTIVE views = 8 weight = 0.75 mean_abs_feat_delta = 0.239474\n"}
,{"stream_name":"stdout","time":771.798975952,"data":"SECONDARY_EDGE_TTA_ACTIVE views = 8 weight = 0.75 mean_abs_feat_delta = 0.238038\n"}
,{"stream_name":"stdout","time":772.933047657,"data":"EDGE_TTA_ACTIVE views = 8 mean_abs_feat_delta = 0.33197\n"}
,{"stream_name":"stdout","time":773.987913,"data":"SECONDARY_EDGE_TTA_ACTIVE views = 8 weight = 0.75 mean_abs_feat_delta = 0.247447\n"}
,{"stream_name":"stdout","time":775.401279392,"data":"EDGE_TTA_ACTIVE views = 8 mean_abs_feat_delta = 0.33369\n"}
,{"stream_name":"stdout","time":776.456269139,"data":"SECONDARY_EDGE_TTA_ACTIVE views = 8 weight = 0.75 mean_abs_feat_delta = 0.242876\n"}
,{"stream_name":"stdout","time":776.577006495,"data":"Saved 2 predictions to /kaggle/working/tracking_repo/predictions/unknown/unet_transformer_gpu0/split_0\n"}
,{"stream_name":"stdout","time":777.839905672,"data":"EDGE_TTA_ACTIVE views = 8 mean_abs_feat_delta = 0.335249\n"}
,{"stream_name":"stdout","time":778.897209039,"data":"SECONDARY_EDGE_TTA_ACTIVE views = 8 weight = 0.75 mean_abs_feat_delta = 0.249719\n"}
,{"stream_name":"stdout","time":780.39194064,"data":"EDGE_TTA_ACTIVE views = 8 mean_abs_feat_delta = 0.33665\n"}
,{"stream_name":"stdout","time":781.412724301,"data":"SECONDARY_EDGE_TTA_ACTIVE views = 8 weight = 0.75 mean_abs_feat_delta = 0.250474\n"}
,{"stream_name":"stdout","time":782.753360992,"data":"EDGE_TTA_ACTIVE views = 8 mean_abs_feat_delta = 0.338336\n"}
,{"stream_name":"stdout","time":783.806088142,"data":"SECONDARY_EDGE_TTA_ACTIVE views = 8 weight = 0.75 mean_abs_feat_delta = 0.243806\n"}
,{"stream_name":"stdout","time":785.157357915,"data":"EDGE_TTA_ACTIVE views = 8 mean_abs_feat_delta = 0.337788\n"}
,{"stream_name":"stdout","time":786.212087712,"data":"SECONDARY_EDGE_TTA_ACTIVE views = 8 weight = 0.75 mean_abs_feat_delta = 0.245508\n"}
,{"stream_name":"stdout","time":787.561538951,"data":"EDGE_TTA_ACTIVE views = 8 mean_abs_feat_delta = 0.325091\n"}
,{"stream_name":"stdout","time":788.614062798,"data":"SECONDARY_EDGE_TTA_ACTIVE views = 8 weight = 0.75 mean_abs_feat_delta = 0.241957\n"}
,{"stream_name":"stdout","time":790.03264646,"data":"EDGE_TTA_ACTIVE views = 8 mean_abs_feat_delta = 0.32712\n"}
,{"stream_name":"stdout","time":791.084473293,"data":"SECONDARY_EDGE_TTA_ACTIVE views = 8 weight = 0.75 mean_abs_feat_delta = 0.252361\n"}
,{"stream_name":"stdout","time":792.471428741,"data":"EDGE_TTA_ACTIVE views = 8 mean_abs_feat_delta = 0.323213\n"}
,{"stream_name":"stdout","time":793.518291474,"data":"SECONDARY_EDGE_TTA_ACTIVE views = 8 weight = 0.75 mean_abs_feat_delta = 0.245152\n"}
,{"stream_name":"stdout","time":794.911250738,"data":"EDGE_TTA_ACTIVE views = 8 mean_abs_feat_delta = 0.321976\n"}
,{"stream_name":"stdout","time":795.962647187,"data":"SECONDARY_EDGE_TTA_ACTIVE views = 8 weight = 0.75 mean_abs_feat_delta = 0.249767\n"}
,{"stream_name":"stdout","time":797.272559647,"data":"EDGE_TTA_ACTIVE views = 8 mean_abs_feat_delta = 0.323768\n"}
,{"stream_name":"stdout","time":798.321358945,"data":"SECONDARY_EDGE_TTA_ACTIVE views = 8 weight = 0.75 mean_abs_feat_delta = 0.251085\n"}
,{"stream_name":"stdout","time":799.662995583,"data":"EDGE_TTA_ACTIVE views = 8 mean_abs_feat_delta = 0.324838\n"}
,{"stream_name":"stdout","time":800.708241936,"data":"SECONDARY_EDGE_TTA_ACTIVE views = 8 weight = 0.75 mean_abs_feat_delta = 0.239244\n"}
,{"stream_name":"stdout","time":802.05283014,"data":"EDGE_TTA_ACTIVE views = 8 mean_abs_feat_delta = 0.323094\n"}
,{"stream_name":"stdout","time":803.095408074,"data":"SECONDARY_EDGE_TTA_ACTIVE views = 8 weight = 0.75 mean_abs_feat_delta = 0.247015\n"}
,{"stream_name":"stdout","time":804.428332563,"data":"EDGE_TTA_ACTIVE views = 8 mean_abs_feat_delta = 0.322603\n"}
,{"stream_name":"stdout","time":805.47933933,"data":"SECONDARY_EDGE_TTA_ACTIVE views = 8 weight = 0.75 mean_abs_feat_delta = 0.251849\n"}
,{"stream_name":"stdout","time":806.854359853,"data":"EDGE_TTA_ACTIVE views = 8 mean_abs_feat_delta = 0.325152\n"}
,{"stream_name":"stdout","time":807.897807245,"data":"SECONDARY_EDGE_TTA_ACTIVE views = 8 weight = 0.75 mean_abs_feat_delta = 0.251093\n"}
,{"stream_name":"stdout","time":809.283898276,"data":"EDGE_TTA_ACTIVE views = 8 mean_abs_feat_delta = 0.328347\n"}
,{"stream_name":"stdout","time":810.327555457,"data":"SECONDARY_EDGE_TTA_ACTIVE views = 8 weight = 0.75 mean_abs_feat_delta = 0.244661\n"}
,{"stream_name":"stdout","time":811.721454866,"data":"EDGE_TTA_ACTIVE views = 8 mean_abs_feat_delta = 0.328262\n"}
,{"stream_name":"stdout","time":812.722569064,"data":"SECONDARY_EDGE_TTA_ACTIVE views = 8 weight = 0.75 mean_abs_feat_delta = 0.243635\n"}
,{"stream_name":"stdout","time":814.055490087,"data":"EDGE_TTA_ACTIVE views = 8 mean_abs_feat_delta = 0.327618\n"}
,{"stream_name":"stdout","time":815.101145833,"data":"SECONDARY_EDGE_TTA_ACTIVE views = 8 weight = 0.75 mean_abs_feat_delta = 0.248058\n"}
,{"stream_name":"stdout","time":901.528023846,"data":"Saved 2 predictions to /kaggle/working/tracking_repo/predictions/unknown/unet_transformer_gpu1/split_0\n"}
,{"stream_name":"stdout","time":904.385891977,"data":"Merged 4 prediction graphs into /kaggle/working/tracking_repo/predictions/unknown/unet_transformer/split_0\n"}
,{"stream_name":"stdout","time":904.385937004,"data":"Prediction completed in 9.65 minutes\n"}
,{"stream_name":"stdout","time":1226.05489732,"data":"Trying DeepCenter add-only gate checkpoint: /kaggle/input/datasets/pilkwang/biohub-deepcenter-unet3d-center-prior-v1/weights/full_frame_center/best.pt\n"}
,{"stream_name":"stdout","time":1226.357316814,"data":"Loaded DeepCenter add-only gate checkpoint: /kaggle/input/datasets/pilkwang/biohub-deepcenter-unet3d-center-prior-v1/weights/full_frame_center/best.pt\n"}
,{"stream_name":"stdout","time":1226.357352249,"data":"DeepCenter checkpoint epoch: 2 best_score: -0.04500306242456039\n"}
,{"stream_name":"stdout","time":1226.357357786,"data":"Found 4 prediction graphs\n"}
,{"stream_name":"stdout","time":1226.764472039,"data":"[44b6_0113de3b] after edge-filter+motion-relink: 25822 nodes, 24996 edges\n"}
,{"stream_name":"stdout","time":1227.997123178,"data":"DEEPCENTER_TTA_ACTIVE views = 8 mean_abs_logit_delta = 0.128065\n"}
,{"stream_name":"stdout","time":1254.431266171,"data":"[44b6_0113de3b] after safe-division repair: 25867 nodes, 25135 edges (geometric_candidates = 171, deepcenter_rejected = 117, post_veto_candidates = 54, added = 49, cap_skipped = 0, mutual_nn_rejected = 63, divergence_rejected = 486)\n"}
,{"stream_name":"stdout","time":1254.83230664,"data":"[44b6_0113de3b] after gap-closing (single-frame + gap2): 25885 nodes, 25162 edges\n"}
,{"stream_name":"stdout","time":1254.832345387,"data":"[44b6_0113de3b] after division-geometry-filter+prune-isolated: 25883 nodes, 25162 edges\n"}
,{"stream_name":"stdout","time":1254.832353341,"data":"[44b6_0113de3b] after short-track filtering: 25648 nodes, 24979 edges (components_removed = 52)\n"}
,{"stream_name":"stdout","time":1260.075680239,"data":"[44b6_0113de3b] FINAL: 25648 nodes, 24979 edges\n"}
,{"stream_name":"stdout","time":1260.657620689,"data":"[44b6_0b24845f] after edge-filter+motion-relink: 22491 nodes, 20143 edges\n"}
,{"stream_name":"stdout","time":1302.566543834,"data":"[44b6_0b24845f] after safe-division repair: 22770 nodes, 20731 edges (geometric_candidates = 261, deepcenter_rejected = 225, post_veto_candidates = 36, added = 30, cap_skipped = 0, mutual_nn_rejected = 70, divergence_rejected = 1069)\n"}
,{"stream_name":"stdout","time":1305.054309346,"data":"[44b6_0b24845f] after gap-closing (single-frame + gap2): 22920 nodes, 20956 edges\n"}
,{"stream_name":"stdout","time":1305.054345234,"data":"[44b6_0b24845f] after division-geometry-filter+prune-isolated: 22920 nodes, 20956 edges\n"}
,{"stream_name":"stdout","time":1305.054352078,"data":"[44b6_0b24845f] after short-track filtering: 20499 nodes, 19078 edges (components_removed = 543)\n"}
,{"stream_name":"stdout","time":1309.172850029,"data":"[44b6_0b24845f] FINAL: 20499 nodes, 19078 edges\n"}
,{"stream_name":"stdout","time":1309.572736359,"data":"[6bba_05b6850b] after edge-filter+motion-relink: 6305 nodes, 6012 edges\n"}
,{"stream_name":"stdout","time":1316.739527268,"data":"[6bba_05b6850b] after safe-division repair: 6326 nodes, 6064 edges (geometric_candidates = 22, deepcenter_rejected = 12, post_veto_candidates = 10, added = 10, cap_skipped = 0, mutual_nn_rejected = 5, divergence_rejected = 94)\n"}
,{"stream_name":"stdout","time":1316.989380704,"data":"[6bba_05b6850b] after gap-closing (single-frame + gap2): 6338 nodes, 6082 edges\n"}
,{"stream_name":"stdout","time":1316.989439623,"data":"[6bba_05b6850b] after division-geometry-filter+prune-isolated: 6337 nodes, 6082 edges\n"}
,{"stream_name":"stdout","time":1316.989444376,"data":"[6bba_05b6850b] after short-track filtering: 6106 nodes, 5902 edges (components_removed = 51)\n"}
,{"stream_name":"stdout","time":1318.24806696,"data":"[6bba_05b6850b] FINAL: 6106 nodes, 5902 edges\n"}
,{"stream_name":"stdout","time":1319.171972105,"data":"[6bba_05db0fb1] after edge-filter+motion-relink: 70687 nodes, 67238 edges\n"}
,{"stream_name":"stdout","time":1363.929509219,"data":"[6bba_05db0fb1] after safe-division repair: 71104 nodes, 68120 edges (geometric_candidates = 407, deepcenter_rejected = 358, post_veto_candidates = 49, added = 48, cap_skipped = 0, mutual_nn_rejected = 634, divergence_rejected = 3239)\n"}
,{"stream_name":"stdout","time":1366.309159408,"data":"[6bba_05db0fb1] after gap-closing (single-frame + gap2): 71222 nodes, 68297 edges\n"}
,{"stream_name":"stdout","time":1366.30920324,"data":"[6bba_05db0fb1] after division-geometry-filter+prune-isolated: 71221 nodes, 68297 edges\n"}
,{"stream_name":"stdout","time":1366.657796593,"data":"[6bba_05db0fb1] after short-track filtering: 69750 nodes, 67145 edges (components_removed = 319)\n"}
,{"stream_name":"stdout","time":1380.095382285,"data":"[6bba_05db0fb1] FINAL: 69750 nodes, 67145 edges\n"}
,{"stream_name":"stdout","time":1380.633248521,"data":"Wrote /kaggle/working/submission.csv with 239,107 rows\n"}
,{"stream_name":"stdout","time":1380.633274541,"data":"Node rows: 122,003 | edge rows: 117,104\n"}
,{"stream_name":"stdout","time":1380.633281186,"data":"Wrote /kaggle/working/run_stats.csv\n"}
,{"stream_name":"stdout","time":1424.127306125,"data":"/usr/local/lib/python3.12/dist-packages/dask/array/image.py:7: FutureWarning: `find_available_plugins` is deprecated since version 0.25 and will be removed in version 0.27. The plugin infrastructure of `skimage.io` is deprecated. Instead, use `imageio` or other I/O packages directly.\n"}
,{"stream_name":"stdout","time":1424.128244402,"data":"  from skimage.io import imread as sk_imread\n"}
,{"stream_name":"stdout","time":1424.129230247,"data":"/usr/lib/python3.12/importlib/__init__.py:90: FutureWarning: `reset_plugins` is deprecated since version 0.25 and will be removed in version 0.27. The plugin infrastructure of `skimage.io` is deprecated. Instead, use `imageio` or other I/O packages directly.\n"}
,{"stream_name":"stdout","time":1424.130067445,"data":"  return _bootstrap._gcd_import(name[level:], package, level)\n"}
,{"stream_name":"stdout","time":1424.174008865,"data":"/usr/local/lib/python3.12/dist-packages/dask/array/image.py:7: FutureWarning: `find_available_plugins` is deprecated since version 0.25 and will be removed in version 0.27. The plugin infrastructure of `skimage.io` is deprecated. Instead, use `imageio` or other I/O packages directly.\n"}
,{"stream_name":"stdout","time":1424.17504359,"data":"  from skimage.io import imread as sk_imread\n"}
,{"stream_name":"stdout","time":1424.179217972,"data":"/usr/lib/python3.12/importlib/__init__.py:90: FutureWarning: `reset_plugins` is deprecated since version 0.25 and will be removed in version 0.27. The plugin infrastructure of `skimage.io` is deprecated. Instead, use `imageio` or other I/O packages directly.\n"}
,{"stream_name":"stdout","time":1424.179856541,"data":"  return _bootstrap._gcd_import(name[level:], package, level)\n"}
,{"stream_name":"stdout","time":1424.646901734,"data":"Secondary model: /kaggle/working/secondary_seed_weights/unet_transformer/split_0/edge_predictor_best.pth | edge weight = 0.150 | detection weight = 0.800 | link mode = low_margin_consensus | temperature = 1.000 | low-margin max = 0.350 | edge threshold = 0.480\n"}
,{"stream_name":"stdout","time":1424.648556324,"data":"Fold 0: 4 datasets | weights=weights/unet_transformer/split_0/edge_predictor_best.pth | device=cuda | window_size=2 | pool_kernel_um=3.0\n"}
,{"stream_name":"stdout","time":1424.725566217,"data":"Secondary model: /kaggle/working/secondary_seed_weights/unet_transformer/split_0/edge_predictor_best.pth | edge weight = 0.150 | detection weight = 0.800 | link mode = low_margin_consensus | temperature = 1.000 | low-margin max = 0.350 | edge threshold = 0.480\n"}
,{"stream_name":"stdout","time":1424.727287539,"data":"Fold 0: 4 datasets | weights=weights/unet_transformer/split_0/edge_predictor_best.pth | device=cuda | window_size=2 | pool_kernel_um=3.0\n"}
,{"stream_name":"stdout","time":1426.062283152,"data":"EDGE_TTA_ACTIVE views = 8 mean_abs_feat_delta = 0.392767\n"}
,{"stream_name":"stdout","time":1426.182411117,"data":"EDGE_TTA_ACTIVE views = 8 mean_abs_feat_delta = 0.34981\n"}
,{"stream_name":"stdout","time":1426.929800094,"data":"SECONDARY_EDGE_TTA_ACTIVE views = 8 weight = 0.75 mean_abs_feat_delta = 0.25325\n"}
,{"stream_name":"stdout","time":1427.183699279,"data":"SECONDARY_EDGE_TTA_ACTIVE views = 8 weight = 0.75 mean_abs_feat_delta = 0.248181\n"}
,{"stream_name":"stdout","time":1428.519038102,"data":"EDGE_TTA_ACTIVE views = 8 mean_abs_feat_delta = 0.399438\n"}
,{"stream_name":"stdout","time":1428.987997361,"data":"EDGE_TTA_ACTIVE views = 8 mean_abs_feat_delta = 0.348323\n"}
,{"stream_name":"stdout","time":1429.394238532,"data":"SECONDARY_EDGE_TTA_ACTIVE views = 8 weight = 0.75 mean_abs_feat_delta = 0.251396\n"}
,{"stream_name":"stdout","time":1429.994000915,"data":"SECONDARY_EDGE_TTA_ACTIVE views = 8 weight = 0.75 mean_abs_feat_delta = 0.247023\n"}
,{"stream_name":"stdout","time":1430.382462528,"data":"EDGE_TTA_ACTIVE views = 8 mean_abs_feat_delta = 0.403568\n"}
,{"stream_name":"stdout","time":1431.196662826,"data":"EDGE_TTA_ACTIVE views = 8 mean_abs_feat_delta = 0.347872\n"}
,{"stream_name":"stdout","time":1431.256846236,"data":"SECONDARY_EDGE_TTA_ACTIVE views = 8 weight = 0.75 mean_abs_feat_delta = 0.261829\n"}
,{"stream_name":"stdout","time":1432.213527762,"data":"SECONDARY_EDGE_TTA_ACTIVE views = 8 weight = 0.75 mean_abs_feat_delta = 0.246602\n"}
,{"stream_name":"stdout","time":1432.229081552,"data":"EDGE_TTA_ACTIVE views = 8 mean_abs_feat_delta = 0.396848\n"}
,{"stream_name":"stdout","time":1433.105203866,"data":"SECONDARY_EDGE_TTA_ACTIVE views = 8 weight = 0.75 mean_abs_feat_delta = 0.263394\n"}
,{"stream_name":"stdout","time":1433.48419193,"data":"EDGE_TTA_ACTIVE views = 8 mean_abs_feat_delta = 0.351487\n"}
,{"stream_name":"stdout","time":1434.079256758,"data":"EDGE_TTA_ACTIVE views = 8 mean_abs_feat_delta = 0.405804\n"}
,{"stream_name":"stdout","time":1434.502141117,"data":"SECONDARY_EDGE_TTA_ACTIVE views = 8 weight = 0.75 mean_abs_feat_delta = 0.246793\n"}
,{"stream_name":"stdout","time":1434.957128268,"data":"SECONDARY_EDGE_TTA_ACTIVE views = 8 weight = 0.75 mean_abs_feat_delta = 0.265155\n"}
,{"stream_name":"stdout","time":1435.766360431,"data":"EDGE_TTA_ACTIVE views = 8 mean_abs_feat_delta = 0.349843\n"}
,{"stream_name":"stdout","time":1435.98166288,"data":"EDGE_TTA_ACTIVE views = 8 mean_abs_feat_delta = 0.406637\n"}
,{"stream_name":"stdout","time":1436.793001551,"data":"SECONDARY_EDGE_TTA_ACTIVE views = 8 weight = 0.75 mean_abs_feat_delta = 0.248773\n"}
,{"stream_name":"stdout","time":1436.864561998,"data":"SECONDARY_EDGE_TTA_ACTIVE views = 8 weight = 0.75 mean_abs_feat_delta = 0.26828\n"}
,{"stream_name":"stdout","time":1437.879074965,"data":"EDGE_TTA_ACTIVE views = 8 mean_abs_feat_delta = 0.406976\n"}
,{"stream_name":"stdout","time":1437.969862095,"data":"EDGE_TTA_ACTIVE views = 8 mean_abs_feat_delta = 0.348101\n"}
,{"stream_name":"stdout","time":1438.764074553,"data":"SECONDARY_EDGE_TTA_ACTIVE views = 8 weight = 0.75 mean_abs_feat_delta = 0.266278\n"}
,{"stream_name":"stdout","time":1439.005994985,"data":"SECONDARY_EDGE_TTA_ACTIVE views = 8 weight = 0.75 mean_abs_feat_delta = 0.251248\n"}
,{"stream_name":"stdout","time":1439.765362534,"data":"EDGE_TTA_ACTIVE views = 8 mean_abs_feat_delta = 0.402713\n"}
,{"stream_name":"stdout","time":1440.186476124,"data":"EDGE_TTA_ACTIVE views = 8 mean_abs_feat_delta = 0.351882\n"}
,{"stream_name":"stdout","time":1440.65063376,"data":"SECONDARY_EDGE_TTA_ACTIVE views = 8 weight = 0.75 mean_abs_feat_delta = 0.265313\n"}
,{"stream_name":"stdout","time":1441.229775295,"data":"SECONDARY_EDGE_TTA_ACTIVE views = 8 weight = 0.75 mean_abs_feat_delta = 0.248045\n"}
,{"stream_name":"stdout","time":1441.684922075,"data":"EDGE_TTA_ACTIVE views = 8 mean_abs_feat_delta = 0.409078\n"}
,{"stream_name":"stdout","time":1442.423896599,"data":"EDGE_TTA_ACTIVE views = 8 mean_abs_feat_delta = 0.352461\n"}
,{"stream_name":"stdout","time":1442.576076815,"data":"SECONDARY_EDGE_TTA_ACTIVE views = 8 weight = 0.75 mean_abs_feat_delta = 0.269693\n"}
,{"stream_name":"stdout","time":1443.471858162,"data":"SECONDARY_EDGE_TTA_ACTIVE views = 8 weight = 0.75 mean_abs_feat_delta = 0.24889\n"}
,{"stream_name":"stdout","time":1443.583066817,"data":"EDGE_TTA_ACTIVE views = 8 mean_abs_feat_delta = 0.408625\n"}
,{"stream_name":"stdout","time":1444.474589769,"data":"SECONDARY_EDGE_TTA_ACTIVE views = 8 weight = 0.75 mean_abs_feat_delta = 0.268201\n"}
,{"stream_name":"stdout","time":1444.718280217,"data":"EDGE_TTA_ACTIVE views = 8 mean_abs_feat_delta = 0.352873\n"}
,{"stream_name":"stdout","time":1445.527133714,"data":"EDGE_TTA_ACTIVE views = 8 mean_abs_feat_delta = 0.39904\n"}
,{"stream_name":"stdout","time":1445.76445331,"data":"SECONDARY_EDGE_TTA_ACTIVE views = 8 weight = 0.75 mean_abs_feat_delta = 0.252126\n"}
,{"stream_name":"stdout","time":1446.423220704,"data":"SECONDARY_EDGE_TTA_ACTIVE views = 8 weight = 0.75 mean_abs_feat_delta = 0.270173\n"}
,{"stream_name":"stdout","time":1447.021284612,"data":"EDGE_TTA_ACTIVE views = 8 mean_abs_feat_delta = 0.354101\n"}
,{"stream_name":"stdout","time":1447.496784054,"data":"EDGE_TTA_ACTIVE views = 8 mean_abs_feat_delta = 0.400016\n"}
,{"stream_name":"stdout","time":1448.08076782,"data":"SECONDARY_EDGE_TTA_ACTIVE views = 8 weight = 0.75 mean_abs_feat_delta = 0.254643\n"}
,{"stream_name":"stdout","time":1448.396257978,"data":"SECONDARY_EDGE_TTA_ACTIVE views = 8 weight = 0.75 mean_abs_feat_delta = 0.274836\n"}
,{"stream_name":"stdout","time":1449.300992553,"data":"EDGE_TTA_ACTIVE views = 8 mean_abs_feat_delta = 0.353493\n"}
,{"stream_name":"stdout","time":1449.478428937,"data":"EDGE_TTA_ACTIVE views = 8 mean_abs_feat_delta = 0.392897\n"}
,{"stream_name":"stdout","time":1450.370066664,"data":"SECONDARY_EDGE_TTA_ACTIVE views = 8 weight = 0.75 mean_abs_feat_delta = 0.252923\n"}
,{"stream_name":"stdout","time":1450.38092087,"data":"SECONDARY_EDGE_TTA_ACTIVE views = 8 weight = 0.75 mean_abs_feat_delta = 0.275465\n"}
,{"stream_name":"stdout","time":1451.407819948,"data":"EDGE_TTA_ACTIVE views = 8 mean_abs_feat_delta = 0.386155\n"}
,{"stream_name":"stdout","time":1451.61534351,"data":"EDGE_TTA_ACTIVE views = 8 mean_abs_feat_delta = 0.351325\n"}
,{"stream_name":"stdout","time":1452.317565918,"data":"SECONDARY_EDGE_TTA_ACTIVE views = 8 weight = 0.75 mean_abs_feat_delta = 0.276966\n"}
,{"stream_name":"stdout","time":1452.685700713,"data":"SECONDARY_EDGE_TTA_ACTIVE views = 8 weight = 0.75 mean_abs_feat_delta = 0.254734\n"}
,{"stream_name":"stdout","time":1453.336967632,"data":"EDGE_TTA_ACTIVE views = 8 mean_abs_feat_delta = 0.384551\n"}
,{"stream_name":"stdout","time":1454.001308278,"data":"EDGE_TTA_ACTIVE views = 8 mean_abs_feat_delta = 0.348177\n"}
,{"stream_name":"stdout","time":1454.308978177,"data":"SECONDARY_EDGE_TTA_ACTIVE views = 8 weight = 0.75 mean_abs_feat_delta = 0.281272\n"}
,{"stream_name":"stdout","time":1455.075254715,"data":"SECONDARY_EDGE_TTA_ACTIVE views = 8 weight = 0.75 mean_abs_feat_delta = 0.253579\n"}
,{"stream_name":"stdout","time":1455.273049487,"data":"EDGE_TTA_ACTIVE views = 8 mean_abs_feat_delta = 0.380346\n"}
,{"stream_name":"stdout","time":1456.182565999,"data":"SECONDARY_EDGE_TTA_ACTIVE views = 8 weight = 0.75 mean_abs_feat_delta = 0.285887\n"}
,{"stream_name":"stdout","time":1456.364772345,"data":"EDGE_TTA_ACTIVE views = 8 mean_abs_feat_delta = 0.350577\n"}
,{"stream_name":"stdout","time":1457.247927931,"data":"EDGE_TTA_ACTIVE views = 8 mean_abs_feat_delta = 0.37911\n"}
,{"stream_name":"stdout","time":1457.441228664,"data":"SECONDARY_EDGE_TTA_ACTIVE views = 8 weight = 0.75 mean_abs_feat_delta = 0.25103\n"}
,{"stream_name":"stdout","time":1458.16092166,"data":"SECONDARY_EDGE_TTA_ACTIVE views = 8 weight = 0.75 mean_abs_feat_delta = 0.286323\n"}
,{"stream_name":"stdout","time":1458.712879224,"data":"EDGE_TTA_ACTIVE views = 8 mean_abs_feat_delta = 0.351302\n"}
,{"stream_name":"stdout","time":1459.197473286,"data":"EDGE_TTA_ACTIVE views = 8 mean_abs_feat_delta = 0.388444\n"}
,{"stream_name":"stdout","time":1459.790068416,"data":"SECONDARY_EDGE_TTA_ACTIVE views = 8 weight = 0.75 mean_abs_feat_delta = 0.25233\n"}
,{"stream_name":"stdout","time":1460.112975679,"data":"SECONDARY_EDGE_TTA_ACTIVE views = 8 weight = 0.75 mean_abs_feat_delta = 0.289269\n"}
,{"stream_name":"stdout","time":1461.081934947,"data":"EDGE_TTA_ACTIVE views = 8 mean_abs_feat_delta = 0.349328\n"}
,{"stream_name":"stdout","time":1461.17762195,"data":"EDGE_TTA_ACTIVE views = 8 mean_abs_feat_delta = 0.38137\n"}
,{"stream_name":"stdout","time":1462.094011657,"data":"SECONDARY_EDGE_TTA_ACTIVE views = 8 weight = 0.75 mean_abs_feat_delta = 0.293139\n"}
,{"stream_name":"stdout","time":1462.146279044,"data":"SECONDARY_EDGE_TTA_ACTIVE views = 8 weight = 0.75 mean_abs_feat_delta = 0.251184\n"}
,{"stream_name":"stdout","time":1463.163314553,"data":"EDGE_TTA_ACTIVE views = 8 mean_abs_feat_delta = 0.380845\n"}
,{"stream_name":"stdout","time":1463.433105006,"data":"EDGE_TTA_ACTIVE views = 8 mean_abs_feat_delta = 0.347529\n"}
,{"stream_name":"stdout","time":1464.079944205,"data":"SECONDARY_EDGE_TTA_ACTIVE views = 8 weight = 0.75 mean_abs_feat_delta = 0.293928\n"}
,{"stream_name":"stdout","time":1464.488364978,"data":"SECONDARY_EDGE_TTA_ACTIVE views = 8 weight = 0.75 mean_abs_feat_delta = 0.24962\n"}
,{"stream_name":"stdout","time":1465.205605258,"data":"EDGE_TTA_ACTIVE views = 8 mean_abs_feat_delta = 0.378817\n"}
,{"stream_name":"stdout","time":1465.715147249,"data":"EDGE_TTA_ACTIVE views = 8 mean_abs_feat_delta = 0.34733\n"}
,{"stream_name":"stdout","time":1466.122552782,"data":"SECONDARY_EDGE_TTA_ACTIVE views = 8 weight = 0.75 mean_abs_feat_delta = 0.297484\n"}
,{"stream_name":"stdout","time":1466.763768191,"data":"SECONDARY_EDGE_TTA_ACTIVE views = 8 weight = 0.75 mean_abs_feat_delta = 0.253407\n"}
,{"stream_name":"stdout","time":1467.228674563,"data":"EDGE_TTA_ACTIVE views = 8 mean_abs_feat_delta = 0.370246\n"}
,{"stream_name":"stdout","time":1468.007921078,"data":"EDGE_TTA_ACTIVE views = 8 mean_abs_feat_delta = 0.346983\n"}
,{"stream_name":"stdout","time":1468.141818135,"data":"SECONDARY_EDGE_TTA_ACTIVE views = 8 weight = 0.75 mean_abs_feat_delta = 0.295002\n"}
,{"stream_name":"stdout","time":1469.048497311,"data":"SECONDARY_EDGE_TTA_ACTIVE views = 8 weight = 0.75 mean_abs_feat_delta = 0.2512\n"}
,{"stream_name":"stdout","time":1469.216577749,"data":"EDGE_TTA_ACTIVE views = 8 mean_abs_feat_delta = 0.364454\n"}
,{"stream_name":"stdout","time":1470.134760577,"data":"SECONDARY_EDGE_TTA_ACTIVE views = 8 weight = 0.75 mean_abs_feat_delta = 0.297522\n"}
,{"stream_name":"stdout","time":1470.33977685,"data":"EDGE_TTA_ACTIVE views = 8 mean_abs_feat_delta = 0.343153\n"}
,{"stream_name":"stdout","time":1471.152387775,"data":"EDGE_TTA_ACTIVE views = 8 mean_abs_feat_delta = 0.372022\n"}
,{"stream_name":"stdout","time":1471.374324845,"data":"SECONDARY_EDGE_TTA_ACTIVE views = 8 weight = 0.75 mean_abs_feat_delta = 0.24607\n"}
,{"stream_name":"stdout","time":1472.068077736,"data":"SECONDARY_EDGE_TTA_ACTIVE views = 8 weight = 0.75 mean_abs_feat_delta = 0.294151\n"}
,{"stream_name":"stdout","time":1472.62837686,"data":"EDGE_TTA_ACTIVE views = 8 mean_abs_feat_delta = 0.343379\n"}
,{"stream_name":"stdout","time":1473.086744218,"data":"EDGE_TTA_ACTIVE views = 8 mean_abs_feat_delta = 0.367153\n"}
,{"stream_name":"stdout","time":1473.654088274,"data":"SECONDARY_EDGE_TTA_ACTIVE views = 8 weight = 0.75 mean_abs_feat_delta = 0.246416\n"}
,{"stream_name":"stdout","time":1474.005261847,"data":"SECONDARY_EDGE_TTA_ACTIVE views = 8 weight = 0.75 mean_abs_feat_delta = 0.291229\n"}
,{"stream_name":"stdout","time":1474.848709747,"data":"EDGE_TTA_ACTIVE views = 8 mean_abs_feat_delta = 0.345181\n"}
,{"stream_name":"stdout","time":1475.075556227,"data":"EDGE_TTA_ACTIVE views = 8 mean_abs_feat_delta = 0.366124\n"}
,{"stream_name":"stdout","time":1475.873813713,"data":"SECONDARY_EDGE_TTA_ACTIVE views = 8 weight = 0.75 mean_abs_feat_delta = 0.248144\n"}
,{"stream_name":"stdout","time":1475.87804672,"data":"BIOHUB_RETENTION_GUARD {\"blended_candidates\": 431, \"dataset\": \"44b6_12dfb391\", \"frame\": 22, \"minimum_retention\": 0.9, \"primary_candidates\": 484, \"retention\": 0.890495867768595, \"use_primary\": true}\n"}
,{"stream_name":"stdout","time":1475.994333271,"data":"SECONDARY_EDGE_TTA_ACTIVE views = 8 weight = 0.75 mean_abs_feat_delta = 0.288452\n"}
,{"stream_name":"stdout","time":1477.019987121,"data":"EDGE_TTA_ACTIVE views = 8 mean_abs_feat_delta = 0.36912\n"}
,{"stream_name":"stdout","time":1477.074172938,"data":"EDGE_TTA_ACTIVE views = 8 mean_abs_feat_delta = 0.343644\n"}
,{"stream_name":"stdout","time":1477.938286476,"data":"SECONDARY_EDGE_TTA_ACTIVE views = 8 weight = 0.75 mean_abs_feat_delta = 0.291278\n"}
,{"stream_name":"stdout","time":1478.099091313,"data":"SECONDARY_EDGE_TTA_ACTIVE views = 8 weight = 0.75 mean_abs_feat_delta = 0.251758\n"}
,{"stream_name":"stdout","time":1478.101289357,"data":"BIOHUB_RETENTION_GUARD {\"blended_candidates\": 433, \"dataset\": \"44b6_12dfb391\", \"frame\": 23, \"minimum_retention\": 0.9, \"primary_candidates\": 484, \"retention\": 0.8946280991735537, \"use_primary\": true}\n"}
,{"stream_name":"stdout","time":1479.000545014,"data":"EDGE_TTA_ACTIVE views = 8 mean_abs_feat_delta = 0.364666\n"}
,{"stream_name":"stdout","time":1479.303791345,"data":"EDGE_TTA_ACTIVE views = 8 mean_abs_feat_delta = 0.346576\n"}
,{"stream_name":"stdout","time":1479.920625031,"data":"SECONDARY_EDGE_TTA_ACTIVE views = 8 weight = 0.75 mean_abs_feat_delta = 0.28858\n"}
,{"stream_name":"stdout","time":1480.319712556,"data":"SECONDARY_EDGE_TTA_ACTIVE views = 8 weight = 0.75 mean_abs_feat_delta = 0.255124\n"}
,{"stream_name":"stdout","time":1480.976164171,"data":"EDGE_TTA_ACTIVE views = 8 mean_abs_feat_delta = 0.35307\n"}
,{"stream_name":"stdout","time":1481.592074271,"data":"EDGE_TTA_ACTIVE views = 8 mean_abs_feat_delta = 0.351385\n"}
,{"stream_name":"stdout","time":1481.897222565,"data":"SECONDARY_EDGE_TTA_ACTIVE views = 8 weight = 0.75 mean_abs_feat_delta = 0.279262\n"}
,{"stream_name":"stdout","time":1482.606895278,"data":"SECONDARY_EDGE_TTA_ACTIVE views = 8 weight = 0.75 mean_abs_feat_delta = 0.253738\n"}
,{"stream_name":"stdout","time":1483.012448474,"data":"EDGE_TTA_ACTIVE views = 8 mean_abs_feat_delta = 0.342104\n"}
,{"stream_name":"stdout","time":1483.841073134,"data":"EDGE_TTA_ACTIVE views = 8 mean_abs_feat_delta = 0.352556\n"}
,{"stream_name":"stdout","time":1483.935690742,"data":"SECONDARY_EDGE_TTA_ACTIVE views = 8 weight = 0.75 mean_abs_feat_delta = 0.277317\n"}
,{"stream_name":"stdout","time":1484.917905509,"data":"SECONDARY_EDGE_TTA_ACTIVE views = 8 weight = 0.75 mean_abs_feat_delta = 0.254963\n"}
,{"stream_name":"stdout","time":1485.033470053,"data":"EDGE_TTA_ACTIVE views = 8 mean_abs_feat_delta = 0.340484\n"}
,{"stream_name":"stdout","time":1485.960064157,"data":"SECONDARY_EDGE_TTA_ACTIVE views = 8 weight = 0.75 mean_abs_feat_delta = 0.289551\n"}
,{"stream_name":"stdout","time":1486.045253925,"data":"EDGE_TTA_ACTIVE views = 8 mean_abs_feat_delta = 0.350435\n"}
,{"stream_name":"stdout","time":1487.019485042,"data":"EDGE_TTA_ACTIVE views = 8 mean_abs_feat_delta = 0.356776\n"}
,{"stream_name":"stdout","time":1487.05248726,"data":"SECONDARY_EDGE_TTA_ACTIVE views = 8 weight = 0.75 mean_abs_feat_delta = 0.253821\n"}
,{"stream_name":"stdout","time":1487.056936805,"data":"BIOHUB_RETENTION_GUARD {\"blended_candidates\": 451, \"dataset\": \"44b6_12dfb391\", \"frame\": 27, \"minimum_retention\": 0.9, \"primary_candidates\": 504, \"retention\": 0.8948412698412699, \"use_primary\": true}\n"}
,{"stream_name":"stdout","time":1487.948258289,"data":"SECONDARY_EDGE_TTA_ACTIVE views = 8 weight = 0.75 mean_abs_feat_delta = 0.298782\n"}
,{"stream_name":"stdout","time":1488.273845855,"data":"EDGE_TTA_ACTIVE views = 8 mean_abs_feat_delta = 0.351638\n"}
,{"stream_name":"stdout","time":1489.007938333,"data":"EDGE_TTA_ACTIVE views = 8 mean_abs_feat_delta = 0.355165\n"}
,{"stream_name":"stdout","time":1489.27364821,"data":"SECONDARY_EDGE_TTA_ACTIVE views = 8 weight = 0.75 mean_abs_feat_delta = 0.252121\n"}
,{"stream_name":"stdout","time":1489.936573605,"data":"SECONDARY_EDGE_TTA_ACTIVE views = 8 weight = 0.75 mean_abs_feat_delta = 0.295177\n"}
,{"stream_name":"stdout","time":1490.428064045,"data":"EDGE_TTA_ACTIVE views = 8 mean_abs_feat_delta = 0.3532\n"}
,{"stream_name":"stdout","time":1491.005222136,"data":"EDGE_TTA_ACTIVE views = 8 mean_abs_feat_delta = 0.355677\n"}
,{"stream_name":"stdout","time":1491.426998421,"data":"SECONDARY_EDGE_TTA_ACTIVE views = 8 weight = 0.75 mean_abs_feat_delta = 0.254307\n"}
,{"stream_name":"stdout","time":1491.93203422,"data":"SECONDARY_EDGE_TTA_ACTIVE views = 8 weight = 0.75 mean_abs_feat_delta = 0.303441\n"}
,{"stream_name":"stdout","time":1492.593117827,"data":"EDGE_TTA_ACTIVE views = 8 mean_abs_feat_delta = 0.350487\n"}
,{"stream_name":"stdout","time":1493.026080944,"data":"EDGE_TTA_ACTIVE views = 8 mean_abs_feat_delta = 0.358773\n"}
,{"stream_name":"stdout","time":1493.594477021,"data":"SECONDARY_EDGE_TTA_ACTIVE views = 8 weight = 0.75 mean_abs_feat_delta = 0.254731\n"}
,{"stream_name":"stdout","time":1493.95756805,"data":"SECONDARY_EDGE_TTA_ACTIVE views = 8 weight = 0.75 mean_abs_feat_delta = 0.292043\n"}
,{"stream_name":"stdout","time":1494.804054355,"data":"EDGE_TTA_ACTIVE views = 8 mean_abs_feat_delta = 0.348036\n"}
,{"stream_name":"stdout","time":1495.019281037,"data":"EDGE_TTA_ACTIVE views = 8 mean_abs_feat_delta = 0.357316\n"}
,{"stream_name":"stdout","time":1495.805238653,"data":"SECONDARY_EDGE_TTA_ACTIVE views = 8 weight = 0.75 mean_abs_feat_delta = 0.251975\n"}
,{"stream_name":"stdout","time":1495.950757307,"data":"SECONDARY_EDGE_TTA_ACTIVE views = 8 weight = 0.75 mean_abs_feat_delta = 0.28185\n"}
,{"stream_name":"stdout","time":1497.007481761,"data":"EDGE_TTA_ACTIVE views = 8 mean_abs_feat_delta = 0.346153\n"}
,{"stream_name":"stdout","time":1497.044697766,"data":"EDGE_TTA_ACTIVE views = 8 mean_abs_feat_delta = 0.358984\n"}
,{"stream_name":"stdout","time":1497.980151165,"data":"SECONDARY_EDGE_TTA_ACTIVE views = 8 weight = 0.75 mean_abs_feat_delta = 0.283606\n"}
,{"stream_name":"stdout","time":1498.011105976,"data":"SECONDARY_EDGE_TTA_ACTIVE views = 8 weight = 0.75 mean_abs_feat_delta = 0.2518\n"}
,{"stream_name":"stdout","time":1499.034695519,"data":"EDGE_TTA_ACTIVE views = 8 mean_abs_feat_delta = 0.372369\n"}
,{"stream_name":"stdout","time":1499.296709189,"data":"EDGE_TTA_ACTIVE views = 8 mean_abs_feat_delta = 0.343208\n"}
,{"stream_name":"stdout","time":1499.969528543,"data":"SECONDARY_EDGE_TTA_ACTIVE views = 8 weight = 0.75 mean_abs_feat_delta = 0.287079\n"}
,{"stream_name":"stdout","time":1500.300109804,"data":"SECONDARY_EDGE_TTA_ACTIVE views = 8 weight = 0.75 mean_abs_feat_delta = 0.253283\n"}
,{"stream_name":"stdout","time":1501.11273074,"data":"EDGE_TTA_ACTIVE views = 8 mean_abs_feat_delta = 0.382121\n"}
,{"stream_name":"stdout","time":1501.536664253,"data":"EDGE_TTA_ACTIVE views = 8 mean_abs_feat_delta = 0.345655\n"}
,{"stream_name":"stdout","time":1502.041725732,"data":"SECONDARY_EDGE_TTA_ACTIVE views = 8 weight = 0.75 mean_abs_feat_delta = 0.288642\n"}
,{"stream_name":"stdout","time":1502.535728075,"data":"SECONDARY_EDGE_TTA_ACTIVE views = 8 weight = 0.75 mean_abs_feat_delta = 0.249597\n"}
,{"stream_name":"stdout","time":1503.116902182,"data":"EDGE_TTA_ACTIVE views = 8 mean_abs_feat_delta = 0.389142\n"}
,{"stream_name":"stdout","time":1503.7290268,"data":"EDGE_TTA_ACTIVE views = 8 mean_abs_feat_delta = 0.348487\n"}
,{"stream_name":"stdout","time":1504.056342883,"data":"SECONDARY_EDGE_TTA_ACTIVE views = 8 weight = 0.75 mean_abs_feat_delta = 0.300535\n"}
,{"stream_name":"stdout","time":1504.732930854,"data":"SECONDARY_EDGE_TTA_ACTIVE views = 8 weight = 0.75 mean_abs_feat_delta = 0.249809\n"}
,{"stream_name":"stdout","time":1504.736558845,"data":"BIOHUB_RETENTION_GUARD {\"blended_candidates\": 449, \"dataset\": \"44b6_12dfb391\", \"frame\": 35, \"minimum_retention\": 0.9, \"primary_candidates\": 506, \"retention\": 0.8873517786561265, \"use_primary\": true}\n"}
,{"stream_name":"stdout","time":1505.143614695,"data":"EDGE_TTA_ACTIVE views = 8 mean_abs_feat_delta = 0.415695\n"}
,{"stream_name":"stdout","time":1506.010884505,"data":"EDGE_TTA_ACTIVE views = 8 mean_abs_feat_delta = 0.348239\n"}
,{"stream_name":"stdout","time":1506.083652753,"data":"SECONDARY_EDGE_TTA_ACTIVE views = 8 weight = 0.75 mean_abs_feat_delta = 0.294357\n"}
,{"stream_name":"stdout","time":1507.013201797,"data":"SECONDARY_EDGE_TTA_ACTIVE views = 8 weight = 0.75 mean_abs_feat_delta = 0.253116\n"}
,{"stream_name":"stdout","time":1507.016737716,"data":"BIOHUB_RETENTION_GUARD {\"blended_candidates\": 452, \"dataset\": \"44b6_12dfb391\", \"frame\": 36, \"minimum_retention\": 0.9, \"primary_candidates\": 510, \"retention\": 0.8862745098039215, \"use_primary\": true}\n"}
,{"stream_name":"stdout","time":1507.194712107,"data":"EDGE_TTA_ACTIVE views = 8 mean_abs_feat_delta = 0.401917\n"}
,{"stream_name":"stdout","time":1508.142598613,"data":"SECONDARY_EDGE_TTA_ACTIVE views = 8 weight = 0.75 mean_abs_feat_delta = 0.293557\n"}
,{"stream_name":"stdout","time":1508.267850856,"data":"EDGE_TTA_ACTIVE views = 8 mean_abs_feat_delta = 0.347637\n"}
,{"stream_name":"stdout","time":1509.225542617,"data":"EDGE_TTA_ACTIVE views = 8 mean_abs_feat_delta = 0.408829\n"}
,{"stream_name":"stdout","time":1509.277947353,"data":"SECONDARY_EDGE_TTA_ACTIVE views = 8 weight = 0.75 mean_abs_feat_delta = 0.255726\n"}
,{"stream_name":"stdout","time":1509.282003415,"data":"BIOHUB_RETENTION_GUARD {\"blended_candidates\": 459, \"dataset\": \"44b6_12dfb391\", \"frame\": 37, \"minimum_retention\": 0.9, \"primary_candidates\": 517, \"retention\": 0.8878143133462283, \"use_primary\": true}\n"}
,{"stream_name":"stdout","time":1510.174553622,"data":"SECONDARY_EDGE_TTA_ACTIVE views = 8 weight = 0.75 mean_abs_feat_delta = 0.30141\n"}
,{"stream_name":"stdout","time":1510.455807692,"data":"EDGE_TTA_ACTIVE views = 8 mean_abs_feat_delta = 0.347183\n"}
,{"stream_name":"stdout","time":1511.229533025,"data":"EDGE_TTA_ACTIVE views = 8 mean_abs_feat_delta = 0.405254\n"}
,{"stream_name":"stdout","time":1511.465699544,"data":"SECONDARY_EDGE_TTA_ACTIVE views = 8 weight = 0.75 mean_abs_feat_delta = 0.255591\n"}
,{"stream_name":"stdout","time":1512.1801334,"data":"SECONDARY_EDGE_TTA_ACTIVE views = 8 weight = 0.75 mean_abs_feat_delta = 0.297647\n"}
,{"stream_name":"stdout","time":1512.645104656,"data":"EDGE_TTA_ACTIVE views = 8 mean_abs_feat_delta = 0.347762\n"}
,{"stream_name":"stdout","time":1513.288587781,"data":"EDGE_TTA_ACTIVE views = 8 mean_abs_feat_delta = 0.414187\n"}
,{"stream_name":"stdout","time":1513.657425905,"data":"SECONDARY_EDGE_TTA_ACTIVE views = 8 weight = 0.75 mean_abs_feat_delta = 0.252775\n"}
,{"stream_name":"stdout","time":1514.243089383,"data":"SECONDARY_EDGE_TTA_ACTIVE views = 8 weight = 0.75 mean_abs_feat_delta = 0.296096\n"}
,{"stream_name":"stdout","time":1514.87144995,"data":"EDGE_TTA_ACTIVE views = 8 mean_abs_feat_delta = 0.349684\n"}
,{"stream_name":"stdout","time":1515.375733416,"data":"EDGE_TTA_ACTIVE views = 8 mean_abs_feat_delta = 0.407156\n"}
,{"stream_name":"stdout","time":1515.887592704,"data":"SECONDARY_EDGE_TTA_ACTIVE views = 8 weight = 0.75 mean_abs_feat_delta = 0.252485\n"}
,{"stream_name":"stdout","time":1516.265947457,"data":"SECONDARY_EDGE_TTA_ACTIVE views = 8 weight = 0.75 mean_abs_feat_delta = 0.296439\n"}
,{"stream_name":"stdout","time":1517.135916075,"data":"EDGE_TTA_ACTIVE views = 8 mean_abs_feat_delta = 0.352443\n"}
,{"stream_name":"stdout","time":1517.34875513,"data":"EDGE_TTA_ACTIVE views = 8 mean_abs_feat_delta = 0.390532\n"}
,{"stream_name":"stdout","time":1518.154372413,"data":"SECONDARY_EDGE_TTA_ACTIVE views = 8 weight = 0.75 mean_abs_feat_delta = 0.248666\n"}
,{"stream_name":"stdout","time":1518.310507537,"data":"SECONDARY_EDGE_TTA_ACTIVE views = 8 weight = 0.75 mean_abs_feat_delta = 0.27503\n"}
,{"stream_name":"stdout","time":1519.397989088,"data":"EDGE_TTA_ACTIVE views = 8 mean_abs_feat_delta = 0.375064\n"}
,{"stream_name":"stdout","time":1519.407028854,"data":"EDGE_TTA_ACTIVE views = 8 mean_abs_feat_delta = 0.352904\n"}
,{"stream_name":"stdout","time":1520.365387427,"data":"SECONDARY_EDGE_TTA_ACTIVE views = 8 weight = 0.75 mean_abs_feat_delta = 0.274185\n"}
,{"stream_name":"stdout","time":1520.431006379,"data":"SECONDARY_EDGE_TTA_ACTIVE views = 8 weight = 0.75 mean_abs_feat_delta = 0.248396\n"}
,{"stream_name":"stdout","time":1521.497873645,"data":"EDGE_TTA_ACTIVE views = 8 mean_abs_feat_delta = 0.357722\n"}
,{"stream_name":"stdout","time":1521.721815025,"data":"EDGE_TTA_ACTIVE views = 8 mean_abs_feat_delta = 0.355994\n"}
,{"stream_name":"stdout","time":1522.472433544,"data":"SECONDARY_EDGE_TTA_ACTIVE views = 8 weight = 0.75 mean_abs_feat_delta = 0.285894\n"}
,{"stream_name":"stdout","time":1522.750985945,"data":"SECONDARY_EDGE_TTA_ACTIVE views = 8 weight = 0.75 mean_abs_feat_delta = 0.252977\n"}
,{"stream_name":"stdout","time":1523.588322962,"data":"EDGE_TTA_ACTIVE views = 8 mean_abs_feat_delta = 0.377175\n"}
,{"stream_name":"stdout","time":1523.98223145,"data":"EDGE_TTA_ACTIVE views = 8 mean_abs_feat_delta = 0.362223\n"}
,{"stream_name":"stdout","time":1524.563321085,"data":"SECONDARY_EDGE_TTA_ACTIVE views = 8 weight = 0.75 mean_abs_feat_delta = 0.29469\n"}
,{"stream_name":"stdout","time":1525.012177146,"data":"SECONDARY_EDGE_TTA_ACTIVE views = 8 weight = 0.75 mean_abs_feat_delta = 0.253495\n"}
,{"stream_name":"stdout","time":1525.696191034,"data":"EDGE_TTA_ACTIVE views = 8 mean_abs_feat_delta = 0.370458\n"}
,{"stream_name":"stdout","time":1526.262365133,"data":"EDGE_TTA_ACTIVE views = 8 mean_abs_feat_delta = 0.364163\n"}
,{"stream_name":"stdout","time":1526.66909167,"data":"SECONDARY_EDGE_TTA_ACTIVE views = 8 weight = 0.75 mean_abs_feat_delta = 0.297902\n"}
,{"stream_name":"stdout","time":1527.293087598,"data":"SECONDARY_EDGE_TTA_ACTIVE views = 8 weight = 0.75 mean_abs_feat_delta = 0.253609\n"}
,{"stream_name":"stdout","time":1527.821912355,"data":"EDGE_TTA_ACTIVE views = 8 mean_abs_feat_delta = 0.358848\n"}
,{"stream_name":"stdout","time":1528.550343131,"data":"EDGE_TTA_ACTIVE views = 8 mean_abs_feat_delta = 0.360264\n"}
,{"stream_name":"stdout","time":1528.796036312,"data":"SECONDARY_EDGE_TTA_ACTIVE views = 8 weight = 0.75 mean_abs_feat_delta = 0.292079\n"}
,{"stream_name":"stdout","time":1529.583972309,"data":"SECONDARY_EDGE_TTA_ACTIVE views = 8 weight = 0.75 mean_abs_feat_delta = 0.251736\n"}
,{"stream_name":"stdout","time":1529.928698938,"data":"EDGE_TTA_ACTIVE views = 8 mean_abs_feat_delta = 0.382742\n"}
,{"stream_name":"stdout","time":1530.834092077,"data":"EDGE_TTA_ACTIVE views = 8 mean_abs_feat_delta = 0.356608\n"}
,{"stream_name":"stdout","time":1530.91157203,"data":"SECONDARY_EDGE_TTA_ACTIVE views = 8 weight = 0.75 mean_abs_feat_delta = 0.305102\n"}
,{"stream_name":"stdout","time":1531.869672225,"data":"SECONDARY_EDGE_TTA_ACTIVE views = 8 weight = 0.75 mean_abs_feat_delta = 0.252387\n"}
,{"stream_name":"stdout","time":1532.058970208,"data":"EDGE_TTA_ACTIVE views = 8 mean_abs_feat_delta = 0.415987\n"}
,{"stream_name":"stdout","time":1533.032384167,"data":"SECONDARY_EDGE_TTA_ACTIVE views = 8 weight = 0.75 mean_abs_feat_delta = 0.311069\n"}
,{"stream_name":"stdout","time":1533.059509903,"data":"EDGE_TTA_ACTIVE views = 8 mean_abs_feat_delta = 0.354367\n"}
,{"stream_name":"stdout","time":1534.097192051,"data":"SECONDARY_EDGE_TTA_ACTIVE views = 8 weight = 0.75 mean_abs_feat_delta = 0.254964\n"}
,{"stream_name":"stdout","time":1534.144071898,"data":"EDGE_TTA_ACTIVE views = 8 mean_abs_feat_delta = 0.378636\n"}
,{"stream_name":"stdout","time":1535.119863791,"data":"SECONDARY_EDGE_TTA_ACTIVE views = 8 weight = 0.75 mean_abs_feat_delta = 0.306551\n"}
,{"stream_name":"stdout","time":1535.29680191,"data":"EDGE_TTA_ACTIVE views = 8 mean_abs_feat_delta = 0.354144\n"}
,{"stream_name":"stdout","time":1536.193617061,"data":"EDGE_TTA_ACTIVE views = 8 mean_abs_feat_delta = 0.374978\n"}
,{"stream_name":"stdout","time":1536.331643938,"data":"SECONDARY_EDGE_TTA_ACTIVE views = 8 weight = 0.75 mean_abs_feat_delta = 0.255942\n"}
,{"stream_name":"stdout","time":1537.168268003,"data":"SECONDARY_EDGE_TTA_ACTIVE views = 8 weight = 0.75 mean_abs_feat_delta = 0.306449\n"}
,{"stream_name":"stdout","time":1537.611043182,"data":"EDGE_TTA_ACTIVE views = 8 mean_abs_feat_delta = 0.352179\n"}
,{"stream_name":"stdout","time":1538.344671638,"data":"EDGE_TTA_ACTIVE views = 8 mean_abs_feat_delta = 0.383634\n"}
,{"stream_name":"stdout","time":1538.651835654,"data":"SECONDARY_EDGE_TTA_ACTIVE views = 8 weight = 0.75 mean_abs_feat_delta = 0.258443\n"}
,{"stream_name":"stdout","time":1539.317336835,"data":"SECONDARY_EDGE_TTA_ACTIVE views = 8 weight = 0.75 mean_abs_feat_delta = 0.308174\n"}
,{"stream_name":"stdout","time":1539.902089486,"data":"EDGE_TTA_ACTIVE views = 8 mean_abs_feat_delta = 0.354896\n"}
,{"stream_name":"stdout","time":1540.430547337,"data":"EDGE_TTA_ACTIVE views = 8 mean_abs_feat_delta = 0.382868\n"}
,{"stream_name":"stdout","time":1540.942232798,"data":"SECONDARY_EDGE_TTA_ACTIVE views = 8 weight = 0.75 mean_abs_feat_delta = 0.262635\n"}
,{"stream_name":"stdout","time":1541.403209387,"data":"SECONDARY_EDGE_TTA_ACTIVE views = 8 weight = 0.75 mean_abs_feat_delta = 0.31087\n"}
,{"stream_name":"stdout","time":1542.183988284,"data":"EDGE_TTA_ACTIVE views = 8 mean_abs_feat_delta = 0.350365\n"}
,{"stream_name":"stdout","time":1542.478089519,"data":"EDGE_TTA_ACTIVE views = 8 mean_abs_feat_delta = 0.371306\n"}
,{"stream_name":"stdout","time":1543.216486354,"data":"SECONDARY_EDGE_TTA_ACTIVE views = 8 weight = 0.75 mean_abs_feat_delta = 0.258198\n"}
,{"stream_name":"stdout","time":1543.45787922,"data":"SECONDARY_EDGE_TTA_ACTIVE views = 8 weight = 0.75 mean_abs_feat_delta = 0.30185\n"}
,{"stream_name":"stdout","time":1544.449779751,"data":"EDGE_TTA_ACTIVE views = 8 mean_abs_feat_delta = 0.347874\n"}
,{"stream_name":"stdout","time":1544.566996891,"data":"EDGE_TTA_ACTIVE views = 8 mean_abs_feat_delta = 0.370302\n"}
,{"stream_name":"stdout","time":1545.562060152,"data":"SECONDARY_EDGE_TTA_ACTIVE views = 8 weight = 0.75 mean_abs_feat_delta = 0.253125\n"}
,{"stream_name":"stdout","time":1545.563000252,"data":"SECONDARY_EDGE_TTA_ACTIVE views = 8 weight = 0.75 mean_abs_feat_delta = 0.299542\n"}
,{"stream_name":"stdout","time":1546.67503998,"data":"EDGE_TTA_ACTIVE views = 8 mean_abs_feat_delta = 0.37583\n"}
,{"stream_name":"stdout","time":1546.812766159,"data":"EDGE_TTA_ACTIVE views = 8 mean_abs_feat_delta = 0.349339\n"}
,{"stream_name":"stdout","time":1547.649769578,"data":"SECONDARY_EDGE_TTA_ACTIVE views = 8 weight = 0.75 mean_abs_feat_delta = 0.303905\n"}
,{"stream_name":"stdout","time":1547.845704942,"data":"SECONDARY_EDGE_TTA_ACTIVE views = 8 weight = 0.75 mean_abs_feat_delta = 0.252199\n"}
,{"stream_name":"stdout","time":1548.76359906,"data":"EDGE_TTA_ACTIVE views = 8 mean_abs_feat_delta = 0.368756\n"}
,{"stream_name":"stdout","time":1549.072906651,"data":"EDGE_TTA_ACTIVE views = 8 mean_abs_feat_delta = 0.350442\n"}
,{"stream_name":"stdout","time":1549.746782819,"data":"SECONDARY_EDGE_TTA_ACTIVE views = 8 weight = 0.75 mean_abs_feat_delta = 0.306369\n"}
,{"stream_name":"stdout","time":1550.105824374,"data":"SECONDARY_EDGE_TTA_ACTIVE views = 8 weight = 0.75 mean_abs_feat_delta = 0.255465\n"}
,{"stream_name":"stdout","time":1550.109780364,"data":"BIOHUB_RETENTION_GUARD {\"blended_candidates\": 471, \"dataset\": \"44b6_12dfb391\", \"frame\": 55, \"minimum_retention\": 0.9, \"primary_candidates\": 525, \"retention\": 0.8971428571428571, \"use_primary\": true}\n"}
,{"stream_name":"stdout","time":1550.893685021,"data":"EDGE_TTA_ACTIVE views = 8 mean_abs_feat_delta = 0.352766\n"}
,{"stream_name":"stdout","time":1551.344023755,"data":"EDGE_TTA_ACTIVE views = 8 mean_abs_feat_delta = 0.350606\n"}
,{"stream_name":"stdout","time":1551.882154505,"data":"SECONDARY_EDGE_TTA_ACTIVE views = 8 weight = 0.75 mean_abs_feat_delta = 0.308458\n"}
,{"stream_name":"stdout","time":1552.372451189,"data":"SECONDARY_EDGE_TTA_ACTIVE views = 8 weight = 0.75 mean_abs_feat_delta = 0.258276\n"}
,{"stream_name":"stdout","time":1552.376257603,"data":"BIOHUB_RETENTION_GUARD {\"blended_candidates\": 466, \"dataset\": \"44b6_12dfb391\", \"frame\": 56, \"minimum_retention\": 0.9, \"primary_candidates\": 529, \"retention\": 0.8809073724007561, \"use_primary\": true}\n"}
,{"stream_name":"stdout","time":1552.999486464,"data":"EDGE_TTA_ACTIVE views = 8 mean_abs_feat_delta = 0.366005\n"}
,{"stream_name":"stdout","time":1553.610095322,"data":"EDGE_TTA_ACTIVE views = 8 mean_abs_feat_delta = 0.351002\n"}
,{"stream_name":"stdout","time":1553.979677887,"data":"SECONDARY_EDGE_TTA_ACTIVE views = 8 weight = 0.75 mean_abs_feat_delta = 0.30506\n"}
,{"stream_name":"stdout","time":1554.632844808,"data":"SECONDARY_EDGE_TTA_ACTIVE views = 8 weight = 0.75 mean_abs_feat_delta = 0.259739\n"}
,{"stream_name":"stdout","time":1554.637275542,"data":"BIOHUB_RETENTION_GUARD {\"blended_candidates\": 463, \"dataset\": \"44b6_12dfb391\", \"frame\": 57, \"minimum_retention\": 0.9, \"primary_candidates\": 525, \"retention\": 0.8819047619047619, \"use_primary\": true}\n"}
,{"stream_name":"stdout","time":1555.055554245,"data":"EDGE_TTA_ACTIVE views = 8 mean_abs_feat_delta = 0.365954\n"}
,{"stream_name":"stdout","time":1555.858432617,"data":"EDGE_TTA_ACTIVE views = 8 mean_abs_feat_delta = 0.351435\n"}
,{"stream_name":"stdout","time":1556.037936894,"data":"SECONDARY_EDGE_TTA_ACTIVE views = 8 weight = 0.75 mean_abs_feat_delta = 0.301287\n"}
,{"stream_name":"stdout","time":1556.880282014,"data":"SECONDARY_EDGE_TTA_ACTIVE views = 8 weight = 0.75 mean_abs_feat_delta = 0.258261\n"}
,{"stream_name":"stdout","time":1556.884081537,"data":"BIOHUB_RETENTION_GUARD {\"blended_candidates\": 462, \"dataset\": \"44b6_12dfb391\", \"frame\": 58, \"minimum_retention\": 0.9, \"primary_candidates\": 524, \"retention\": 0.8816793893129771, \"use_primary\": true}\n"}
,{"stream_name":"stdout","time":1557.173222213,"data":"EDGE_TTA_ACTIVE views = 8 mean_abs_feat_delta = 0.362198\n"}
,{"stream_name":"stdout","time":1558.105514472,"data":"EDGE_TTA_ACTIVE views = 8 mean_abs_feat_delta = 0.350102\n"}
,{"stream_name":"stdout","time":1558.159612132,"data":"SECONDARY_EDGE_TTA_ACTIVE views = 8 weight = 0.75 mean_abs_feat_delta = 0.294341\n"}
,{"stream_name":"stdout","time":1559.126563339,"data":"SECONDARY_EDGE_TTA_ACTIVE views = 8 weight = 0.75 mean_abs_feat_delta = 0.257837\n"}
,{"stream_name":"stdout","time":1559.130368106,"data":"BIOHUB_RETENTION_GUARD {\"blended_candidates\": 458, \"dataset\": \"44b6_12dfb391\", \"frame\": 59, \"minimum_retention\": 0.9, \"primary_candidates\": 532, \"retention\": 0.8609022556390977, \"use_primary\": true}\n"}
,{"stream_name":"stdout","time":1559.254812177,"data":"EDGE_TTA_ACTIVE views = 8 mean_abs_feat_delta = 0.35614\n"}
,{"stream_name":"stdout","time":1560.242899,"data":"SECONDARY_EDGE_TTA_ACTIVE views = 8 weight = 0.75 mean_abs_feat_delta = 0.294633\n"}
,{"stream_name":"stdout","time":1560.370473692,"data":"EDGE_TTA_ACTIVE views = 8 mean_abs_feat_delta = 0.347603\n"}
,{"stream_name":"stdout","time":1561.346684018,"data":"EDGE_TTA_ACTIVE views = 8 mean_abs_feat_delta = 0.360441\n"}
,{"stream_name":"stdout","time":1561.386504397,"data":"SECONDARY_EDGE_TTA_ACTIVE views = 8 weight = 0.75 mean_abs_feat_delta = 0.256754\n"}
,{"stream_name":"stdout","time":1562.337342128,"data":"SECONDARY_EDGE_TTA_ACTIVE views = 8 weight = 0.75 mean_abs_feat_delta = 0.298228\n"}
,{"stream_name":"stdout","time":1562.602582577,"data":"EDGE_TTA_ACTIVE views = 8 mean_abs_feat_delta = 0.347903\n"}
,{"stream_name":"stdout","time":1563.476194315,"data":"EDGE_TTA_ACTIVE views = 8 mean_abs_feat_delta = 0.346937\n"}
,{"stream_name":"stdout","time":1563.616923549,"data":"SECONDARY_EDGE_TTA_ACTIVE views = 8 weight = 0.75 mean_abs_feat_delta = 0.257976\n"}
,{"stream_name":"stdout","time":1563.621445371,"data":"BIOHUB_RETENTION_GUARD {\"blended_candidates\": 462, \"dataset\": \"44b6_12dfb391\", \"frame\": 61, \"minimum_retention\": 0.9, \"primary_candidates\": 543, \"retention\": 0.850828729281768, \"use_primary\": true}\n"}
,{"stream_name":"stdout","time":1564.467202679,"data":"SECONDARY_EDGE_TTA_ACTIVE views = 8 weight = 0.75 mean_abs_feat_delta = 0.293231\n"}
,{"stream_name":"stdout","time":1564.842495506,"data":"EDGE_TTA_ACTIVE views = 8 mean_abs_feat_delta = 0.346794\n"}
,{"stream_name":"stdout","time":1565.545005139,"data":"EDGE_TTA_ACTIVE views = 8 mean_abs_feat_delta = 0.351835\n"}
,{"stream_name":"stdout","time":1565.860055426,"data":"SECONDARY_EDGE_TTA_ACTIVE views = 8 weight = 0.75 mean_abs_feat_delta = 0.26024\n"}
,{"stream_name":"stdout","time":1566.536612949,"data":"SECONDARY_EDGE_TTA_ACTIVE views = 8 weight = 0.75 mean_abs_feat_delta = 0.292217\n"}
,{"stream_name":"stdout","time":1567.05294816,"data":"EDGE_TTA_ACTIVE views = 8 mean_abs_feat_delta = 0.347265\n"}
,{"stream_name":"stdout","time":1567.664831538,"data":"EDGE_TTA_ACTIVE views = 8 mean_abs_feat_delta = 0.354093\n"}
,{"stream_name":"stdout","time":1568.069550382,"data":"SECONDARY_EDGE_TTA_ACTIVE views = 8 weight = 0.75 mean_abs_feat_delta = 0.260445\n"}
,{"stream_name":"stdout","time":1568.073314861,"data":"BIOHUB_RETENTION_GUARD {\"blended_candidates\": 491, \"dataset\": \"44b6_12dfb391\", \"frame\": 63, \"minimum_retention\": 0.9, \"primary_candidates\": 548, \"retention\": 0.8959854014598541, \"use_primary\": true}\n"}
,{"stream_name":"stdout","time":1568.650821464,"data":"SECONDARY_EDGE_TTA_ACTIVE views = 8 weight = 0.75 mean_abs_feat_delta = 0.278595\n"}
,{"stream_name":"stdout","time":1569.315810648,"data":"EDGE_TTA_ACTIVE views = 8 mean_abs_feat_delta = 0.354895\n"}
,{"stream_name":"stdout","time":1569.782945882,"data":"EDGE_TTA_ACTIVE views = 8 mean_abs_feat_delta = 0.359817\n"}
,{"stream_name":"stdout","time":1570.336097305,"data":"SECONDARY_EDGE_TTA_ACTIVE views = 8 weight = 0.75 mean_abs_feat_delta = 0.262205\n"}
,{"stream_name":"stdout","time":1570.768835609,"data":"SECONDARY_EDGE_TTA_ACTIVE views = 8 weight = 0.75 mean_abs_feat_delta = 0.264409\n"}
,{"stream_name":"stdout","time":1571.605130977,"data":"EDGE_TTA_ACTIVE views = 8 mean_abs_feat_delta = 0.354989\n"}
,{"stream_name":"stdout","time":1571.896235336,"data":"EDGE_TTA_ACTIVE views = 8 mean_abs_feat_delta = 0.357588\n"}
,{"stream_name":"stdout","time":1572.617727484,"data":"SECONDARY_EDGE_TTA_ACTIVE views = 8 weight = 0.75 mean_abs_feat_delta = 0.266095\n"}
,{"stream_name":"stdout","time":1572.886573542,"data":"SECONDARY_EDGE_TTA_ACTIVE views = 8 weight = 0.75 mean_abs_feat_delta = 0.267459\n"}
,{"stream_name":"stdout","time":1573.819799205,"data":"EDGE_TTA_ACTIVE views = 8 mean_abs_feat_delta = 0.351351\n"}
,{"stream_name":"stdout","time":1573.958971923,"data":"EDGE_TTA_ACTIVE views = 8 mean_abs_feat_delta = 0.349183\n"}
,{"stream_name":"stdout","time":1574.83027316,"data":"SECONDARY_EDGE_TTA_ACTIVE views = 8 weight = 0.75 mean_abs_feat_delta = 0.263703\n"}
,{"stream_name":"stdout","time":1574.951749249,"data":"SECONDARY_EDGE_TTA_ACTIVE views = 8 weight = 0.75 mean_abs_feat_delta = 0.266307\n"}
,{"stream_name":"stdout","time":1576.123540672,"data":"EDGE_TTA_ACTIVE views = 8 mean_abs_feat_delta = 0.35502\n"}
,{"stream_name":"stdout","time":1576.124358894,"data":"EDGE_TTA_ACTIVE views = 8 mean_abs_feat_delta = 0.36472\n"}
,{"stream_name":"stdout","time":1577.055630886,"data":"SECONDARY_EDGE_TTA_ACTIVE views = 8 weight = 0.75 mean_abs_feat_delta = 0.26367\n"}
,{"stream_name":"stdout","time":1577.066186835,"data":"SECONDARY_EDGE_TTA_ACTIVE views = 8 weight = 0.75 mean_abs_feat_delta = 0.277175\n"}
,{"stream_name":"stdout","time":1578.1680005,"data":"EDGE_TTA_ACTIVE views = 8 mean_abs_feat_delta = 0.367291\n"}
,{"stream_name":"stdout","time":1578.292940596,"data":"EDGE_TTA_ACTIVE views = 8 mean_abs_feat_delta = 0.359205\n"}
,{"stream_name":"stdout","time":1579.162273029,"data":"SECONDARY_EDGE_TTA_ACTIVE views = 8 weight = 0.75 mean_abs_feat_delta = 0.279843\n"}
,{"stream_name":"stdout","time":1579.308613313,"data":"SECONDARY_EDGE_TTA_ACTIVE views = 8 weight = 0.75 mean_abs_feat_delta = 0.258506\n"}
,{"stream_name":"stdout","time":1579.312309603,"data":"BIOHUB_RETENTION_GUARD {\"blended_candidates\": 500, \"dataset\": \"44b6_12dfb391\", \"frame\": 68, \"minimum_retention\": 0.9, \"primary_candidates\": 560, \"retention\": 0.8928571428571429, \"use_primary\": true}\n"}
,{"stream_name":"stdout","time":1580.240113034,"data":"EDGE_TTA_ACTIVE views = 8 mean_abs_feat_delta = 0.353095\n"}
,{"stream_name":"stdout","time":1580.495000076,"data":"EDGE_TTA_ACTIVE views = 8 mean_abs_feat_delta = 0.360613\n"}
,{"stream_name":"stdout","time":1581.232268403,"data":"SECONDARY_EDGE_TTA_ACTIVE views = 8 weight = 0.75 mean_abs_feat_delta = 0.274385\n"}
,{"stream_name":"stdout","time":1581.509223158,"data":"SECONDARY_EDGE_TTA_ACTIVE views = 8 weight = 0.75 mean_abs_feat_delta = 0.259032\n"}
,{"stream_name":"stdout","time":1581.513075401,"data":"BIOHUB_RETENTION_GUARD {\"blended_candidates\": 482, \"dataset\": \"44b6_12dfb391\", \"frame\": 69, \"minimum_retention\": 0.9, \"primary_candidates\": 570, \"retention\": 0.8456140350877193, \"use_primary\": true}\n"}
,{"stream_name":"stdout","time":1582.39059835,"data":"EDGE_TTA_ACTIVE views = 8 mean_abs_feat_delta = 0.338254\n"}
,{"stream_name":"stdout","time":1582.775742083,"data":"EDGE_TTA_ACTIVE views = 8 mean_abs_feat_delta = 0.361421\n"}
,{"stream_name":"stdout","time":1583.384662961,"data":"SECONDARY_EDGE_TTA_ACTIVE views = 8 weight = 0.75 mean_abs_feat_delta = 0.269188\n"}
,{"stream_name":"stdout","time":1583.789108761,"data":"SECONDARY_EDGE_TTA_ACTIVE views = 8 weight = 0.75 mean_abs_feat_delta = 0.262899\n"}
,{"stream_name":"stdout","time":1583.792752669,"data":"BIOHUB_RETENTION_GUARD {\"blended_candidates\": 471, \"dataset\": \"44b6_12dfb391\", \"frame\": 70, \"minimum_retention\": 0.9, \"primary_candidates\": 545, \"retention\": 0.8642201834862385, \"use_primary\": true}\n"}
,{"stream_name":"stdout","time":1584.475208557,"data":"EDGE_TTA_ACTIVE views = 8 mean_abs_feat_delta = 0.335377\n"}
,{"stream_name":"stdout","time":1585.000426902,"data":"EDGE_TTA_ACTIVE views = 8 mean_abs_feat_delta = 0.357184\n"}
,{"stream_name":"stdout","time":1585.473378717,"data":"SECONDARY_EDGE_TTA_ACTIVE views = 8 weight = 0.75 mean_abs_feat_delta = 0.281449\n"}
,{"stream_name":"stdout","time":1586.015422662,"data":"SECONDARY_EDGE_TTA_ACTIVE views = 8 weight = 0.75 mean_abs_feat_delta = 0.262505\n"}
,{"stream_name":"stdout","time":1586.019224751,"data":"BIOHUB_RETENTION_GUARD {\"blended_candidates\": 488, \"dataset\": \"44b6_12dfb391\", \"frame\": 71, \"minimum_retention\": 0.9, \"primary_candidates\": 555, \"retention\": 0.8792792792792793, \"use_primary\": true}\n"}
,{"stream_name":"stdout","time":1586.561921254,"data":"EDGE_TTA_ACTIVE views = 8 mean_abs_feat_delta = 0.332103\n"}
,{"stream_name":"stdout","time":1587.217455861,"data":"EDGE_TTA_ACTIVE views = 8 mean_abs_feat_delta = 0.360613\n"}
,{"stream_name":"stdout","time":1587.562080896,"data":"SECONDARY_EDGE_TTA_ACTIVE views = 8 weight = 0.75 mean_abs_feat_delta = 0.283078\n"}
,{"stream_name":"stdout","time":1588.235583202,"data":"SECONDARY_EDGE_TTA_ACTIVE views = 8 weight = 0.75 mean_abs_feat_delta = 0.260539\n"}
,{"stream_name":"stdout","time":1588.239662238,"data":"BIOHUB_RETENTION_GUARD {\"blended_candidates\": 487, \"dataset\": \"44b6_12dfb391\", \"frame\": 72, \"minimum_retention\": 0.9, \"primary_candidates\": 555, \"retention\": 0.8774774774774775, \"use_primary\": true}\n"}
,{"stream_name":"stdout","time":1588.700100076,"data":"EDGE_TTA_ACTIVE views = 8 mean_abs_feat_delta = 0.336056\n"}
,{"stream_name":"stdout","time":1589.470187313,"data":"EDGE_TTA_ACTIVE views = 8 mean_abs_feat_delta = 0.361988\n"}
,{"stream_name":"stdout","time":1589.709409596,"data":"SECONDARY_EDGE_TTA_ACTIVE views = 8 weight = 0.75 mean_abs_feat_delta = 0.269824\n"}
,{"stream_name":"stdout","time":1590.488443922,"data":"SECONDARY_EDGE_TTA_ACTIVE views = 8 weight = 0.75 mean_abs_feat_delta = 0.259945\n"}
,{"stream_name":"stdout","time":1590.832271918,"data":"EDGE_TTA_ACTIVE views = 8 mean_abs_feat_delta = 0.338817\n"}
,{"stream_name":"stdout","time":1591.781882172,"data":"EDGE_TTA_ACTIVE views = 8 mean_abs_feat_delta = 0.361343\n"}
,{"stream_name":"stdout","time":1591.842568168,"data":"SECONDARY_EDGE_TTA_ACTIVE views = 8 weight = 0.75 mean_abs_feat_delta = 0.276964\n"}
,{"stream_name":"stdout","time":1592.805367604,"data":"SECONDARY_EDGE_TTA_ACTIVE views = 8 weight = 0.75 mean_abs_feat_delta = 0.259606\n"}
,{"stream_name":"stdout","time":1592.809360873,"data":"BIOHUB_RETENTION_GUARD {\"blended_candidates\": 504, \"dataset\": \"44b6_12dfb391\", \"frame\": 74, \"minimum_retention\": 0.9, \"primary_candidates\": 564, \"retention\": 0.8936170212765957, \"use_primary\": true}\n"}
,{"stream_name":"stdout","time":1592.969770688,"data":"EDGE_TTA_ACTIVE views = 8 mean_abs_feat_delta = 0.334961\n"}
,{"stream_name":"stdout","time":1593.984883465,"data":"SECONDARY_EDGE_TTA_ACTIVE views = 8 weight = 0.75 mean_abs_feat_delta = 0.266526\n"}
,{"stream_name":"stdout","time":1594.010070292,"data":"EDGE_TTA_ACTIVE views = 8 mean_abs_feat_delta = 0.364735\n"}
,{"stream_name":"stdout","time":1595.029487932,"data":"SECONDARY_EDGE_TTA_ACTIVE views = 8 weight = 0.75 mean_abs_feat_delta = 0.262319\n"}
,{"stream_name":"stdout","time":1595.034547936,"data":"BIOHUB_RETENTION_GUARD {\"blended_candidates\": 468, \"dataset\": \"44b6_12dfb391\", \"frame\": 75, \"minimum_retention\": 0.9, \"primary_candidates\": 565, \"retention\": 0.8283185840707965, \"use_primary\": true}\n"}
,{"stream_name":"stdout","time":1595.09159527,"data":"EDGE_TTA_ACTIVE views = 8 mean_abs_feat_delta = 0.344979\n"}
,{"stream_name":"stdout","time":1596.108849518,"data":"SECONDARY_EDGE_TTA_ACTIVE views = 8 weight = 0.75 mean_abs_feat_delta = 0.270012\n"}
,{"stream_name":"stdout","time":1596.337476311,"data":"EDGE_TTA_ACTIVE views = 8 mean_abs_feat_delta = 0.359082\n"}
,{"stream_name":"stdout","time":1597.209094096,"data":"EDGE_TTA_ACTIVE views = 8 mean_abs_feat_delta = 0.347989\n"}
,{"stream_name":"stdout","time":1597.356990882,"data":"SECONDARY_EDGE_TTA_ACTIVE views = 8 weight = 0.75 mean_abs_feat_delta = 0.263571\n"}
,{"stream_name":"stdout","time":1597.360943214,"data":"BIOHUB_RETENTION_GUARD {\"blended_candidates\": 507, \"dataset\": \"44b6_12dfb391\", \"frame\": 76, \"minimum_retention\": 0.9, \"primary_candidates\": 579, \"retention\": 0.8756476683937824, \"use_primary\": true}\n"}
,{"stream_name":"stdout","time":1598.224869004,"data":"SECONDARY_EDGE_TTA_ACTIVE views = 8 weight = 0.75 mean_abs_feat_delta = 0.271069\n"}
,{"stream_name":"stdout","time":1598.651485438,"data":"EDGE_TTA_ACTIVE views = 8 mean_abs_feat_delta = 0.356314\n"}
,{"stream_name":"stdout","time":1599.329204537,"data":"EDGE_TTA_ACTIVE views = 8 mean_abs_feat_delta = 0.350829\n"}
,{"stream_name":"stdout","time":1599.674649443,"data":"SECONDARY_EDGE_TTA_ACTIVE views = 8 weight = 0.75 mean_abs_feat_delta = 0.264168\n"}
,{"stream_name":"stdout","time":1599.678546467,"data":"BIOHUB_RETENTION_GUARD {\"blended_candidates\": 503, \"dataset\": \"44b6_12dfb391\", \"frame\": 77, \"minimum_retention\": 0.9, \"primary_candidates\": 582, \"retention\": 0.8642611683848798, \"use_primary\": true}\n"}
,{"stream_name":"stdout","time":1600.348761436,"data":"SECONDARY_EDGE_TTA_ACTIVE views = 8 weight = 0.75 mean_abs_feat_delta = 0.275012\n"}
,{"stream_name":"stdout","time":1600.901078969,"data":"EDGE_TTA_ACTIVE views = 8 mean_abs_feat_delta = 0.35617\n"}
,{"stream_name":"stdout","time":1601.451248905,"data":"EDGE_TTA_ACTIVE views = 8 mean_abs_feat_delta = 0.344987\n"}
,{"stream_name":"stdout","time":1601.926757946,"data":"SECONDARY_EDGE_TTA_ACTIVE views = 8 weight = 0.75 mean_abs_feat_delta = 0.26695\n"}
,{"stream_name":"stdout","time":1601.930635412,"data":"BIOHUB_RETENTION_GUARD {\"blended_candidates\": 519, \"dataset\": \"44b6_12dfb391\", \"frame\": 78, \"minimum_retention\": 0.9, \"primary_candidates\": 585, \"retention\": 0.8871794871794871, \"use_primary\": true}\n"}
,{"stream_name":"stdout","time":1602.474755933,"data":"SECONDARY_EDGE_TTA_ACTIVE views = 8 weight = 0.75 mean_abs_feat_delta = 0.273804\n"}
,{"stream_name":"stdout","time":1603.271572424,"data":"EDGE_TTA_ACTIVE views = 8 mean_abs_feat_delta = 0.351982\n"}
,{"stream_name":"stdout","time":1603.66758432,"data":"EDGE_TTA_ACTIVE views = 8 mean_abs_feat_delta = 0.329788\n"}
,{"stream_name":"stdout","time":1604.299011153,"data":"SECONDARY_EDGE_TTA_ACTIVE views = 8 weight = 0.75 mean_abs_feat_delta = 0.263744\n"}
,{"stream_name":"stdout","time":1604.693454404,"data":"SECONDARY_EDGE_TTA_ACTIVE views = 8 weight = 0.75 mean_abs_feat_delta = 0.278785\n"}
,{"stream_name":"stdout","time":1605.582075634,"data":"EDGE_TTA_ACTIVE views = 8 mean_abs_feat_delta = 0.35395\n"}
,{"stream_name":"stdout","time":1605.830247333,"data":"EDGE_TTA_ACTIVE views = 8 mean_abs_feat_delta = 0.329665\n"}
,{"stream_name":"stdout","time":1606.691131929,"data":"SECONDARY_EDGE_TTA_ACTIVE views = 8 weight = 0.75 mean_abs_feat_delta = 0.262774\n"}
,{"stream_name":"stdout","time":1606.861834842,"data":"SECONDARY_EDGE_TTA_ACTIVE views = 8 weight = 0.75 mean_abs_feat_delta = 0.270084\n"}
,{"stream_name":"stdout","time":1607.868148348,"data":"EDGE_TTA_ACTIVE views = 8 mean_abs_feat_delta = 0.35797\n"}
,{"stream_name":"stdout","time":1608.047972188,"data":"EDGE_TTA_ACTIVE views = 8 mean_abs_feat_delta = 0.325406\n"}
,{"stream_name":"stdout","time":1608.89947137,"data":"SECONDARY_EDGE_TTA_ACTIVE views = 8 weight = 0.75 mean_abs_feat_delta = 0.263553\n"}
,{"stream_name":"stdout","time":1609.080191636,"data":"SECONDARY_EDGE_TTA_ACTIVE views = 8 weight = 0.75 mean_abs_feat_delta = 0.271662\n"}
,{"stream_name":"stdout","time":1610.140784927,"data":"EDGE_TTA_ACTIVE views = 8 mean_abs_feat_delta = 0.358939\n"}
,{"stream_name":"stdout","time":1610.187364803,"data":"EDGE_TTA_ACTIVE views = 8 mean_abs_feat_delta = 0.337377\n"}
,{"stream_name":"stdout","time":1611.171789895,"data":"SECONDARY_EDGE_TTA_ACTIVE views = 8 weight = 0.75 mean_abs_feat_delta = 0.264177\n"}
,{"stream_name":"stdout","time":1611.220119345,"data":"SECONDARY_EDGE_TTA_ACTIVE views = 8 weight = 0.75 mean_abs_feat_delta = 0.269101\n"}
,{"stream_name":"stdout","time":1612.36336062,"data":"EDGE_TTA_ACTIVE views = 8 mean_abs_feat_delta = 0.336612\n"}
,{"stream_name":"stdout","time":1612.446994123,"data":"EDGE_TTA_ACTIVE views = 8 mean_abs_feat_delta = 0.362662\n"}
,{"stream_name":"stdout","time":1613.398670923,"data":"SECONDARY_EDGE_TTA_ACTIVE views = 8 weight = 0.75 mean_abs_feat_delta = 0.273421\n"}
,{"stream_name":"stdout","time":1613.479647398,"data":"SECONDARY_EDGE_TTA_ACTIVE views = 8 weight = 0.75 mean_abs_feat_delta = 0.267502\n"}
,{"stream_name":"stdout","time":1613.48412186,"data":"BIOHUB_RETENTION_GUARD {\"blended_candidates\": 478, \"dataset\": \"44b6_12dfb391\", \"frame\": 83, \"minimum_retention\": 0.9, \"primary_candidates\": 555, \"retention\": 0.8612612612612612, \"use_primary\": true}\n"}
,{"stream_name":"stdout","time":1614.574077366,"data":"EDGE_TTA_ACTIVE views = 8 mean_abs_feat_delta = 0.340573\n"}
,{"stream_name":"stdout","time":1614.729116624,"data":"EDGE_TTA_ACTIVE views = 8 mean_abs_feat_delta = 0.363086\n"}
,{"stream_name":"stdout","time":1615.612330068,"data":"SECONDARY_EDGE_TTA_ACTIVE views = 8 weight = 0.75 mean_abs_feat_delta = 0.271772\n"}
,{"stream_name":"stdout","time":1615.756490786,"data":"SECONDARY_EDGE_TTA_ACTIVE views = 8 weight = 0.75 mean_abs_feat_delta = 0.268865\n"}
,{"stream_name":"stdout","time":1615.760346416,"data":"BIOHUB_RETENTION_GUARD {\"blended_candidates\": 501, \"dataset\": \"44b6_12dfb391\", \"frame\": 84, \"minimum_retention\": 0.9, \"primary_candidates\": 566, \"retention\": 0.8851590106007067, \"use_primary\": true}\n"}
,{"stream_name":"stdout","time":1616.789176122,"data":"EDGE_TTA_ACTIVE views = 8 mean_abs_feat_delta = 0.34851\n"}
,{"stream_name":"stdout","time":1617.050699517,"data":"EDGE_TTA_ACTIVE views = 8 mean_abs_feat_delta = 0.364785\n"}
,{"stream_name":"stdout","time":1617.828020638,"data":"SECONDARY_EDGE_TTA_ACTIVE views = 8 weight = 0.75 mean_abs_feat_delta = 0.268085\n"}
,{"stream_name":"stdout","time":1618.080656845,"data":"SECONDARY_EDGE_TTA_ACTIVE views = 8 weight = 0.75 mean_abs_feat_delta = 0.27301\n"}
,{"stream_name":"stdout","time":1619.010175075,"data":"EDGE_TTA_ACTIVE views = 8 mean_abs_feat_delta = 0.344922\n"}
,{"stream_name":"stdout","time":1619.396700549,"data":"EDGE_TTA_ACTIVE views = 8 mean_abs_feat_delta = 0.363892\n"}
,{"stream_name":"stdout","time":1620.048696872,"data":"SECONDARY_EDGE_TTA_ACTIVE views = 8 weight = 0.75 mean_abs_feat_delta = 0.263722\n"}
,{"stream_name":"stdout","time":1620.419837607,"data":"SECONDARY_EDGE_TTA_ACTIVE views = 8 weight = 0.75 mean_abs_feat_delta = 0.2723\n"}
,{"stream_name":"stdout","time":1621.194084835,"data":"EDGE_TTA_ACTIVE views = 8 mean_abs_feat_delta = 0.345806\n"}
,{"stream_name":"stdout","time":1621.653579561,"data":"EDGE_TTA_ACTIVE views = 8 mean_abs_feat_delta = 0.362041\n"}
,{"stream_name":"stdout","time":1622.234269483,"data":"SECONDARY_EDGE_TTA_ACTIVE views = 8 weight = 0.75 mean_abs_feat_delta = 0.263509\n"}
,{"stream_name":"stdout","time":1622.675226196,"data":"SECONDARY_EDGE_TTA_ACTIVE views = 8 weight = 0.75 mean_abs_feat_delta = 0.26849\n"}
,{"stream_name":"stdout","time":1623.398932838,"data":"EDGE_TTA_ACTIVE views = 8 mean_abs_feat_delta = 0.333012\n"}
,{"stream_name":"stdout","time":1623.943523003,"data":"EDGE_TTA_ACTIVE views = 8 mean_abs_feat_delta = 0.364393\n"}
,{"stream_name":"stdout","time":1624.440189026,"data":"SECONDARY_EDGE_TTA_ACTIVE views = 8 weight = 0.75 mean_abs_feat_delta = 0.270685\n"}
,{"stream_name":"stdout","time":1624.968426205,"data":"SECONDARY_EDGE_TTA_ACTIVE views = 8 weight = 0.75 mean_abs_feat_delta = 0.26742\n"}
,{"stream_name":"stdout","time":1625.627643523,"data":"EDGE_TTA_ACTIVE views = 8 mean_abs_feat_delta = 0.332183\n"}
,{"stream_name":"stdout","time":1626.240678213,"data":"EDGE_TTA_ACTIVE views = 8 mean_abs_feat_delta = 0.36832\n"}
,{"stream_name":"stdout","time":1626.668551138,"data":"SECONDARY_EDGE_TTA_ACTIVE views = 8 weight = 0.75 mean_abs_feat_delta = 0.253224\n"}
,{"stream_name":"stdout","time":1627.266687908,"data":"SECONDARY_EDGE_TTA_ACTIVE views = 8 weight = 0.75 mean_abs_feat_delta = 0.266839\n"}
,{"stream_name":"stdout","time":1627.271014034,"data":"BIOHUB_RETENTION_GUARD {\"blended_candidates\": 539, \"dataset\": \"44b6_12dfb391\", \"frame\": 89, \"minimum_retention\": 0.9, \"primary_candidates\": 618, \"retention\": 0.872168284789644, \"use_primary\": true}\n"}
,{"stream_name":"stdout","time":1627.7805448,"data":"EDGE_TTA_ACTIVE views = 8 mean_abs_feat_delta = 0.322487\n"}
,{"stream_name":"stdout","time":1628.536919744,"data":"EDGE_TTA_ACTIVE views = 8 mean_abs_feat_delta = 0.372337\n"}
,{"stream_name":"stdout","time":1628.8217695,"data":"SECONDARY_EDGE_TTA_ACTIVE views = 8 weight = 0.75 mean_abs_feat_delta = 0.262155\n"}
,{"stream_name":"stdout","time":1629.56498292,"data":"SECONDARY_EDGE_TTA_ACTIVE views = 8 weight = 0.75 mean_abs_feat_delta = 0.26897\n"}
,{"stream_name":"stdout","time":1629.569029651,"data":"BIOHUB_RETENTION_GUARD {\"blended_candidates\": 532, \"dataset\": \"44b6_12dfb391\", \"frame\": 90, \"minimum_retention\": 0.9, \"primary_candidates\": 595, \"retention\": 0.8941176470588236, \"use_primary\": true}\n"}
,{"stream_name":"stdout","time":1630.840265033,"data":"EDGE_TTA_ACTIVE views = 8 mean_abs_feat_delta = 0.372351\n"}
,{"stream_name":"stdout","time":1631.862079739,"data":"SECONDARY_EDGE_TTA_ACTIVE views = 8 weight = 0.75 mean_abs_feat_delta = 0.269254\n"}
,{"stream_name":"stdout","time":1633.290535746,"data":"EDGE_TTA_ACTIVE views = 8 mean_abs_feat_delta = 0.376977\n"}
,{"stream_name":"stdout","time":1634.312487954,"data":"SECONDARY_EDGE_TTA_ACTIVE views = 8 weight = 0.75 mean_abs_feat_delta = 0.273908\n"}
,{"stream_name":"stdout","time":1635.706748535,"data":"EDGE_TTA_ACTIVE views = 8 mean_abs_feat_delta = 0.379308\n"}
,{"stream_name":"stdout","time":1636.825402734,"data":"SECONDARY_EDGE_TTA_ACTIVE views = 8 weight = 0.75 mean_abs_feat_delta = 0.28036\n"}
,{"stream_name":"stdout","time":1638.008912389,"data":"EDGE_TTA_ACTIVE views = 8 mean_abs_feat_delta = 0.375447\n"}
,{"stream_name":"stdout","time":1639.030857791,"data":"SECONDARY_EDGE_TTA_ACTIVE views = 8 weight = 0.75 mean_abs_feat_delta = 0.279645\n"}
,{"stream_name":"stdout","time":1639.035454833,"data":"BIOHUB_RETENTION_GUARD {\"blended_candidates\": 520, \"dataset\": \"44b6_12dfb391\", \"frame\": 94, \"minimum_retention\": 0.9, \"primary_candidates\": 583, \"retention\": 0.8919382504288165, \"use_primary\": true}\n"}
,{"stream_name":"stdout","time":1640.303273794,"data":"EDGE_TTA_ACTIVE views = 8 mean_abs_feat_delta = 0.369974\n"}
,{"stream_name":"stdout","time":1641.322406364,"data":"SECONDARY_EDGE_TTA_ACTIVE views = 8 weight = 0.75 mean_abs_feat_delta = 0.279886\n"}
,{"stream_name":"stdout","time":1642.57224954,"data":"EDGE_TTA_ACTIVE views = 8 mean_abs_feat_delta = 0.373122\n"}
,{"stream_name":"stdout","time":1643.589761327,"data":"SECONDARY_EDGE_TTA_ACTIVE views = 8 weight = 0.75 mean_abs_feat_delta = 0.279253\n"}
,{"stream_name":"stdout","time":1644.791657143,"data":"EDGE_TTA_ACTIVE views = 8 mean_abs_feat_delta = 0.371747\n"}
,{"stream_name":"stdout","time":1645.813522641,"data":"SECONDARY_EDGE_TTA_ACTIVE views = 8 weight = 0.75 mean_abs_feat_delta = 0.27536\n"}
,{"stream_name":"stdout","time":1647.067689879,"data":"EDGE_TTA_ACTIVE views = 8 mean_abs_feat_delta = 0.369424\n"}
,{"stream_name":"stdout","time":1647.572706409,"data":"EDGE_TTA_ACTIVE views = 8 mean_abs_feat_delta = 0.311164\n"}
,{"stream_name":"stdout","time":1648.086920717,"data":"SECONDARY_EDGE_TTA_ACTIVE views = 8 weight = 0.75 mean_abs_feat_delta = 0.271751\n"}
,{"stream_name":"stdout","time":1648.56506843,"data":"SECONDARY_EDGE_TTA_ACTIVE views = 8 weight = 0.75 mean_abs_feat_delta = 0.261033\n"}
,{"stream_name":"stdout","time":1649.282417552,"data":"EDGE_TTA_ACTIVE views = 8 mean_abs_feat_delta = 0.372871\n"}
,{"stream_name":"stdout","time":1649.650659254,"data":"EDGE_TTA_ACTIVE views = 8 mean_abs_feat_delta = 0.314772\n"}
,{"stream_name":"stdout","time":1650.299518936,"data":"SECONDARY_EDGE_TTA_ACTIVE views = 8 weight = 0.75 mean_abs_feat_delta = 0.271724\n"}
,{"stream_name":"stdout","time":1650.646973398,"data":"SECONDARY_EDGE_TTA_ACTIVE views = 8 weight = 0.75 mean_abs_feat_delta = 0.260558\n"}
,{"stream_name":"stdout","time":1651.722211091,"data":"EDGE_TTA_ACTIVE views = 8 mean_abs_feat_delta = 0.32\n"}
,{"stream_name":"stdout","time":1652.722665216,"data":"SECONDARY_EDGE_TTA_ACTIVE views = 8 weight = 0.75 mean_abs_feat_delta = 0.261329\n"}
,{"stream_name":"stdout","time":1653.845306275,"data":"EDGE_TTA_ACTIVE views = 8 mean_abs_feat_delta = 0.316482\n"}
,{"stream_name":"stdout","time":1654.848081778,"data":"SECONDARY_EDGE_TTA_ACTIVE views = 8 weight = 0.75 mean_abs_feat_delta = 0.267255\n"}
,{"stream_name":"stdout","time":1656.000608102,"data":"EDGE_TTA_ACTIVE views = 8 mean_abs_feat_delta = 0.312516\n"}
,{"stream_name":"stdout","time":1657.008198332,"data":"SECONDARY_EDGE_TTA_ACTIVE views = 8 weight = 0.75 mean_abs_feat_delta = 0.269103\n"}
,{"stream_name":"stdout","time":1658.153392647,"data":"EDGE_TTA_ACTIVE views = 8 mean_abs_feat_delta = 0.310284\n"}
,{"stream_name":"stdout","time":1659.16314644,"data":"SECONDARY_EDGE_TTA_ACTIVE views = 8 weight = 0.75 mean_abs_feat_delta = 0.270231\n"}
,{"stream_name":"stdout","time":1660.28871398,"data":"EDGE_TTA_ACTIVE views = 8 mean_abs_feat_delta = 0.315039\n"}
,{"stream_name":"stdout","time":1661.305307689,"data":"SECONDARY_EDGE_TTA_ACTIVE views = 8 weight = 0.75 mean_abs_feat_delta = 0.27087\n"}
,{"stream_name":"stdout","time":1662.465879413,"data":"EDGE_TTA_ACTIVE views = 8 mean_abs_feat_delta = 0.322123\n"}
,{"stream_name":"stdout","time":1663.482398099,"data":"SECONDARY_EDGE_TTA_ACTIVE views = 8 weight = 0.75 mean_abs_feat_delta = 0.268311\n"}
,{"stream_name":"stdout","time":1664.709233875,"data":"EDGE_TTA_ACTIVE views = 8 mean_abs_feat_delta = 0.315226\n"}
,{"stream_name":"stdout","time":1665.728573571,"data":"SECONDARY_EDGE_TTA_ACTIVE views = 8 weight = 0.75 mean_abs_feat_delta = 0.262145\n"}
,{"stream_name":"stdout","time":1667.014764584,"data":"EDGE_TTA_ACTIVE views = 8 mean_abs_feat_delta = 0.313017\n"}
,{"stream_name":"stdout","time":1667.956899125,"data":"SECONDARY_EDGE_TTA_ACTIVE views = 8 weight = 0.75 mean_abs_feat_delta = 0.258401\n"}
,{"stream_name":"stdout","time":1669.068846058,"data":"EDGE_TTA_ACTIVE views = 8 mean_abs_feat_delta = 0.312427\n"}
,{"stream_name":"stdout","time":1670.105451662,"data":"SECONDARY_EDGE_TTA_ACTIVE views = 8 weight = 0.75 mean_abs_feat_delta = 0.259952\n"}
,{"stream_name":"stdout","time":1671.215361647,"data":"EDGE_TTA_ACTIVE views = 8 mean_abs_feat_delta = 0.312244\n"}
,{"stream_name":"stdout","time":1672.261060862,"data":"SECONDARY_EDGE_TTA_ACTIVE views = 8 weight = 0.75 mean_abs_feat_delta = 0.251585\n"}
,{"stream_name":"stdout","time":1673.383801675,"data":"EDGE_TTA_ACTIVE views = 8 mean_abs_feat_delta = 0.312161\n"}
,{"stream_name":"stdout","time":1674.438527753,"data":"SECONDARY_EDGE_TTA_ACTIVE views = 8 weight = 0.75 mean_abs_feat_delta = 0.254847\n"}
,{"stream_name":"stdout","time":1675.563523536,"data":"EDGE_TTA_ACTIVE views = 8 mean_abs_feat_delta = 0.311033\n"}
,{"stream_name":"stdout","time":1676.627920878,"data":"SECONDARY_EDGE_TTA_ACTIVE views = 8 weight = 0.75 mean_abs_feat_delta = 0.254101\n"}
,{"stream_name":"stdout","time":1677.79550246,"data":"EDGE_TTA_ACTIVE views = 8 mean_abs_feat_delta = 0.322725\n"}
,{"stream_name":"stdout","time":1678.867015694,"data":"SECONDARY_EDGE_TTA_ACTIVE views = 8 weight = 0.75 mean_abs_feat_delta = 0.254681\n"}
,{"stream_name":"stdout","time":1680.06703871,"data":"EDGE_TTA_ACTIVE views = 8 mean_abs_feat_delta = 0.325293\n"}
,{"stream_name":"stdout","time":1681.162850667,"data":"SECONDARY_EDGE_TTA_ACTIVE views = 8 weight = 0.75 mean_abs_feat_delta = 0.264267\n"}
,{"stream_name":"stdout","time":1682.379298771,"data":"EDGE_TTA_ACTIVE views = 8 mean_abs_feat_delta = 0.323346\n"}
,{"stream_name":"stdout","time":1683.476548356,"data":"SECONDARY_EDGE_TTA_ACTIVE views = 8 weight = 0.75 mean_abs_feat_delta = 0.263395\n"}
,{"stream_name":"stdout","time":1684.680087878,"data":"EDGE_TTA_ACTIVE views = 8 mean_abs_feat_delta = 0.325491\n"}
,{"stream_name":"stdout","time":1685.777759236,"data":"SECONDARY_EDGE_TTA_ACTIVE views = 8 weight = 0.75 mean_abs_feat_delta = 0.261321\n"}
,{"stream_name":"stdout","time":1686.956108621,"data":"EDGE_TTA_ACTIVE views = 8 mean_abs_feat_delta = 0.330746\n"}
,{"stream_name":"stdout","time":1688.060867601,"data":"SECONDARY_EDGE_TTA_ACTIVE views = 8 weight = 0.75 mean_abs_feat_delta = 0.265991\n"}
,{"stream_name":"stdout","time":1689.269784733,"data":"EDGE_TTA_ACTIVE views = 8 mean_abs_feat_delta = 0.322777\n"}
,{"stream_name":"stdout","time":1690.373624087,"data":"SECONDARY_EDGE_TTA_ACTIVE views = 8 weight = 0.75 mean_abs_feat_delta = 0.269935\n"}
,{"stream_name":"stdout","time":1691.580066597,"data":"EDGE_TTA_ACTIVE views = 8 mean_abs_feat_delta = 0.325178\n"}
,{"stream_name":"stdout","time":1692.680894626,"data":"SECONDARY_EDGE_TTA_ACTIVE views = 8 weight = 0.75 mean_abs_feat_delta = 0.267969\n"}
,{"stream_name":"stdout","time":1693.934097585,"data":"EDGE_TTA_ACTIVE views = 8 mean_abs_feat_delta = 0.329767\n"}
,{"stream_name":"stdout","time":1695.027019752,"data":"SECONDARY_EDGE_TTA_ACTIVE views = 8 weight = 0.75 mean_abs_feat_delta = 0.266969\n"}
,{"stream_name":"stdout","time":1696.178511243,"data":"EDGE_TTA_ACTIVE views = 8 mean_abs_feat_delta = 0.326202\n"}
,{"stream_name":"stdout","time":1697.339171797,"data":"SECONDARY_EDGE_TTA_ACTIVE views = 8 weight = 0.75 mean_abs_feat_delta = 0.26568\n"}
,{"stream_name":"stdout","time":1697.339998411,"data":"EDGE_TTA_ACTIVE views = 8 mean_abs_feat_delta = 0.354264\n"}
,{"stream_name":"stdout","time":1698.279519721,"data":"SECONDARY_EDGE_TTA_ACTIVE views = 8 weight = 0.75 mean_abs_feat_delta = 0.316074\n"}
,{"stream_name":"stdout","time":1698.28208081,"data":"BIOHUB_RETENTION_GUARD {\"blended_candidates\": 460, \"dataset\": \"44b6_2a2eff9f\", \"frame\": 0, \"minimum_retention\": 0.9, \"primary_candidates\": 559, \"retention\": 0.8228980322003577, \"use_primary\": true}\n"}
,{"stream_name":"stdout","time":1698.28373799,"data":"BIOHUB_RETENTION_GUARD {\"blended_candidates\": 460, \"dataset\": \"44b6_2a2eff9f\", \"frame\": 1, \"minimum_retention\": 0.9, \"primary_candidates\": 536, \"retention\": 0.8582089552238806, \"use_primary\": true}\n"}
,{"stream_name":"stdout","time":1698.432726462,"data":"EDGE_TTA_ACTIVE views = 8 mean_abs_feat_delta = 0.317502\n"}
,{"stream_name":"stdout","time":1699.511728194,"data":"SECONDARY_EDGE_TTA_ACTIVE views = 8 weight = 0.75 mean_abs_feat_delta = 0.259521\n"}
,{"stream_name":"stdout","time":1699.538847978,"data":"EDGE_TTA_ACTIVE views = 8 mean_abs_feat_delta = 0.353629\n"}
,{"stream_name":"stdout","time":1700.502533209,"data":"SECONDARY_EDGE_TTA_ACTIVE views = 8 weight = 0.75 mean_abs_feat_delta = 0.31712\n"}
,{"stream_name":"stdout","time":1700.50641825,"data":"BIOHUB_RETENTION_GUARD {\"blended_candidates\": 448, \"dataset\": \"44b6_2a2eff9f\", \"frame\": 2, \"minimum_retention\": 0.9, \"primary_candidates\": 529, \"retention\": 0.8468809073724007, \"use_primary\": true}\n"}
,{"stream_name":"stdout","time":1700.700470549,"data":"EDGE_TTA_ACTIVE views = 8 mean_abs_feat_delta = 0.323159\n"}
,{"stream_name":"stdout","time":1701.724001719,"data":"EDGE_TTA_ACTIVE views = 8 mean_abs_feat_delta = 0.354199\n"}
,{"stream_name":"stdout","time":1701.774536161,"data":"SECONDARY_EDGE_TTA_ACTIVE views = 8 weight = 0.75 mean_abs_feat_delta = 0.261188\n"}
,{"stream_name":"stdout","time":1702.682046011,"data":"SECONDARY_EDGE_TTA_ACTIVE views = 8 weight = 0.75 mean_abs_feat_delta = 0.31716\n"}
,{"stream_name":"stdout","time":1702.685795615,"data":"BIOHUB_RETENTION_GUARD {\"blended_candidates\": 428, \"dataset\": \"44b6_2a2eff9f\", \"frame\": 3, \"minimum_retention\": 0.9, \"primary_candidates\": 515, \"retention\": 0.8310679611650486, \"use_primary\": true}\n"}
,{"stream_name":"stdout","time":1702.970092455,"data":"EDGE_TTA_ACTIVE views = 8 mean_abs_feat_delta = 0.330965\n"}
,{"stream_name":"stdout","time":1703.903113987,"data":"EDGE_TTA_ACTIVE views = 8 mean_abs_feat_delta = 0.351342\n"}
,{"stream_name":"stdout","time":1704.036439893,"data":"SECONDARY_EDGE_TTA_ACTIVE views = 8 weight = 0.75 mean_abs_feat_delta = 0.263495\n"}
,{"stream_name":"stdout","time":1704.868484342,"data":"SECONDARY_EDGE_TTA_ACTIVE views = 8 weight = 0.75 mean_abs_feat_delta = 0.31653\n"}
,{"stream_name":"stdout","time":1704.872778781,"data":"BIOHUB_RETENTION_GUARD {\"blended_candidates\": 456, \"dataset\": \"44b6_2a2eff9f\", \"frame\": 4, \"minimum_retention\": 0.9, \"primary_candidates\": 542, \"retention\": 0.8413284132841329, \"use_primary\": true}\n"}
,{"stream_name":"stdout","time":1705.182802693,"data":"EDGE_TTA_ACTIVE views = 8 mean_abs_feat_delta = 0.32822\n"}
,{"stream_name":"stdout","time":1706.065716018,"data":"EDGE_TTA_ACTIVE views = 8 mean_abs_feat_delta = 0.353535\n"}
,{"stream_name":"stdout","time":1706.246486953,"data":"SECONDARY_EDGE_TTA_ACTIVE views = 8 weight = 0.75 mean_abs_feat_delta = 0.261978\n"}
,{"stream_name":"stdout","time":1706.250699982,"data":"BIOHUB_RETENTION_GUARD {\"blended_candidates\": 93, \"dataset\": \"44b6_341df25f\", \"frame\": 27, \"minimum_retention\": 0.9, \"primary_candidates\": 104, \"retention\": 0.8942307692307693, \"use_primary\": true}\n"}
,{"stream_name":"stdout","time":1707.027855347,"data":"SECONDARY_EDGE_TTA_ACTIVE views = 8 weight = 0.75 mean_abs_feat_delta = 0.316364\n"}
,{"stream_name":"stdout","time":1707.031930436,"data":"BIOHUB_RETENTION_GUARD {\"blended_candidates\": 451, \"dataset\": \"44b6_2a2eff9f\", \"frame\": 5, \"minimum_retention\": 0.9, \"primary_candidates\": 542, \"retention\": 0.8321033210332104, \"use_primary\": true}\n"}
,{"stream_name":"stdout","time":1707.416375953,"data":"EDGE_TTA_ACTIVE views = 8 mean_abs_feat_delta = 0.333586\n"}
,{"stream_name":"stdout","time":1708.265817222,"data":"EDGE_TTA_ACTIVE views = 8 mean_abs_feat_delta = 0.355109\n"}
,{"stream_name":"stdout","time":1708.476846372,"data":"SECONDARY_EDGE_TTA_ACTIVE views = 8 weight = 0.75 mean_abs_feat_delta = 0.264674\n"}
,{"stream_name":"stdout","time":1709.226055158,"data":"SECONDARY_EDGE_TTA_ACTIVE views = 8 weight = 0.75 mean_abs_feat_delta = 0.317147\n"}
,{"stream_name":"stdout","time":1709.230144766,"data":"BIOHUB_RETENTION_GUARD {\"blended_candidates\": 449, \"dataset\": \"44b6_2a2eff9f\", \"frame\": 6, \"minimum_retention\": 0.9, \"primary_candidates\": 544, \"retention\": 0.8253676470588235, \"use_primary\": true}\n"}
,{"stream_name":"stdout","time":1709.627806383,"data":"EDGE_TTA_ACTIVE views = 8 mean_abs_feat_delta = 0.335857\n"}
,{"stream_name":"stdout","time":1710.508331389,"data":"EDGE_TTA_ACTIVE views = 8 mean_abs_feat_delta = 0.359732\n"}
,{"stream_name":"stdout","time":1710.684313224,"data":"SECONDARY_EDGE_TTA_ACTIVE views = 8 weight = 0.75 mean_abs_feat_delta = 0.266123\n"}
,{"stream_name":"stdout","time":1711.470633284,"data":"SECONDARY_EDGE_TTA_ACTIVE views = 8 weight = 0.75 mean_abs_feat_delta = 0.314941\n"}
,{"stream_name":"stdout","time":1711.474657511,"data":"BIOHUB_RETENTION_GUARD {\"blended_candidates\": 419, \"dataset\": \"44b6_2a2eff9f\", \"frame\": 7, \"minimum_retention\": 0.9, \"primary_candidates\": 531, \"retention\": 0.7890772128060264, \"use_primary\": true}\n"}
,{"stream_name":"stdout","time":1711.905208781,"data":"EDGE_TTA_ACTIVE views = 8 mean_abs_feat_delta = 0.332258\n"}
,{"stream_name":"stdout","time":1712.671716241,"data":"EDGE_TTA_ACTIVE views = 8 mean_abs_feat_delta = 0.367188\n"}
,{"stream_name":"stdout","time":1712.957378791,"data":"SECONDARY_EDGE_TTA_ACTIVE views = 8 weight = 0.75 mean_abs_feat_delta = 0.26614\n"}
,{"stream_name":"stdout","time":1713.628781001,"data":"SECONDARY_EDGE_TTA_ACTIVE views = 8 weight = 0.75 mean_abs_feat_delta = 0.315928\n"}
,{"stream_name":"stdout","time":1713.632905521,"data":"BIOHUB_RETENTION_GUARD {\"blended_candidates\": 426, \"dataset\": \"44b6_2a2eff9f\", \"frame\": 8, \"minimum_retention\": 0.9, \"primary_candidates\": 524, \"retention\": 0.8129770992366412, \"use_primary\": true}\n"}
,{"stream_name":"stdout","time":1714.104020857,"data":"EDGE_TTA_ACTIVE views = 8 mean_abs_feat_delta = 0.331192\n"}
,{"stream_name":"stdout","time":1714.823609167,"data":"EDGE_TTA_ACTIVE views = 8 mean_abs_feat_delta = 0.367144\n"}
,{"stream_name":"stdout","time":1715.152360937,"data":"SECONDARY_EDGE_TTA_ACTIVE views = 8 weight = 0.75 mean_abs_feat_delta = 0.263399\n"}
,{"stream_name":"stdout","time":1715.787401221,"data":"SECONDARY_EDGE_TTA_ACTIVE views = 8 weight = 0.75 mean_abs_feat_delta = 0.318801\n"}
,{"stream_name":"stdout","time":1715.79143105,"data":"BIOHUB_RETENTION_GUARD {\"blended_candidates\": 432, \"dataset\": \"44b6_2a2eff9f\", \"frame\": 9, \"minimum_retention\": 0.9, \"primary_candidates\": 530, \"retention\": 0.8150943396226416, \"use_primary\": true}\n"}
,{"stream_name":"stdout","time":1716.294450836,"data":"EDGE_TTA_ACTIVE views = 8 mean_abs_feat_delta = 0.331813\n"}
,{"stream_name":"stdout","time":1716.913544983,"data":"EDGE_TTA_ACTIVE views = 8 mean_abs_feat_delta = 0.36704\n"}
,{"stream_name":"stdout","time":1717.3396188,"data":"SECONDARY_EDGE_TTA_ACTIVE views = 8 weight = 0.75 mean_abs_feat_delta = 0.258884\n"}
,{"stream_name":"stdout","time":1717.877275731,"data":"SECONDARY_EDGE_TTA_ACTIVE views = 8 weight = 0.75 mean_abs_feat_delta = 0.315955\n"}
,{"stream_name":"stdout","time":1717.881250246,"data":"BIOHUB_RETENTION_GUARD {\"blended_candidates\": 412, \"dataset\": \"44b6_2a2eff9f\", \"frame\": 10, \"minimum_retention\": 0.9, \"primary_candidates\": 516, \"retention\": 0.7984496124031008, \"use_primary\": true}\n"}
,{"stream_name":"stdout","time":1718.511242978,"data":"EDGE_TTA_ACTIVE views = 8 mean_abs_feat_delta = 0.327911\n"}
,{"stream_name":"stdout","time":1719.079233297,"data":"EDGE_TTA_ACTIVE views = 8 mean_abs_feat_delta = 0.361712\n"}
,{"stream_name":"stdout","time":1719.555588795,"data":"SECONDARY_EDGE_TTA_ACTIVE views = 8 weight = 0.75 mean_abs_feat_delta = 0.259992\n"}
,{"stream_name":"stdout","time":1720.040068789,"data":"SECONDARY_EDGE_TTA_ACTIVE views = 8 weight = 0.75 mean_abs_feat_delta = 0.314358\n"}
,{"stream_name":"stdout","time":1720.044188544,"data":"BIOHUB_RETENTION_GUARD {\"blended_candidates\": 456, \"dataset\": \"44b6_2a2eff9f\", \"frame\": 11, \"minimum_retention\": 0.9, \"primary_candidates\": 534, \"retention\": 0.8539325842696629, \"use_primary\": true}\n"}
,{"stream_name":"stdout","time":1720.70324016,"data":"EDGE_TTA_ACTIVE views = 8 mean_abs_feat_delta = 0.330714\n"}
,{"stream_name":"stdout","time":1721.203548154,"data":"EDGE_TTA_ACTIVE views = 8 mean_abs_feat_delta = 0.36232\n"}
,{"stream_name":"stdout","time":1721.742791751,"data":"SECONDARY_EDGE_TTA_ACTIVE views = 8 weight = 0.75 mean_abs_feat_delta = 0.261061\n"}
,{"stream_name":"stdout","time":1722.163615692,"data":"SECONDARY_EDGE_TTA_ACTIVE views = 8 weight = 0.75 mean_abs_feat_delta = 0.319932\n"}
,{"stream_name":"stdout","time":1722.16776398,"data":"BIOHUB_RETENTION_GUARD {\"blended_candidates\": 425, \"dataset\": \"44b6_2a2eff9f\", \"frame\": 12, \"minimum_retention\": 0.9, \"primary_candidates\": 508, \"retention\": 0.8366141732283464, \"use_primary\": true}\n"}
,{"stream_name":"stdout","time":1722.885810787,"data":"EDGE_TTA_ACTIVE views = 8 mean_abs_feat_delta = 0.32934\n"}
,{"stream_name":"stdout","time":1723.318774401,"data":"EDGE_TTA_ACTIVE views = 8 mean_abs_feat_delta = 0.361858\n"}
,{"stream_name":"stdout","time":1723.921253907,"data":"SECONDARY_EDGE_TTA_ACTIVE views = 8 weight = 0.75 mean_abs_feat_delta = 0.260977\n"}
,{"stream_name":"stdout","time":1724.276997531,"data":"SECONDARY_EDGE_TTA_ACTIVE views = 8 weight = 0.75 mean_abs_feat_delta = 0.31824\n"}
,{"stream_name":"stdout","time":1724.281525,"data":"BIOHUB_RETENTION_GUARD {\"blended_candidates\": 407, \"dataset\": \"44b6_2a2eff9f\", \"frame\": 13, \"minimum_retention\": 0.9, \"primary_candidates\": 504, \"retention\": 0.8075396825396826, \"use_primary\": true}\n"}
,{"stream_name":"stdout","time":1725.113018618,"data":"EDGE_TTA_ACTIVE views = 8 mean_abs_feat_delta = 0.333566\n"}
,{"stream_name":"stdout","time":1725.459541406,"data":"EDGE_TTA_ACTIVE views = 8 mean_abs_feat_delta = 0.358521\n"}
,{"stream_name":"stdout","time":1726.15041424,"data":"SECONDARY_EDGE_TTA_ACTIVE views = 8 weight = 0.75 mean_abs_feat_delta = 0.25823\n"}
,{"stream_name":"stdout","time":1726.419500412,"data":"SECONDARY_EDGE_TTA_ACTIVE views = 8 weight = 0.75 mean_abs_feat_delta = 0.320361\n"}
,{"stream_name":"stdout","time":1726.423723522,"data":"BIOHUB_RETENTION_GUARD {\"blended_candidates\": 403, \"dataset\": \"44b6_2a2eff9f\", \"frame\": 14, \"minimum_retention\": 0.9, \"primary_candidates\": 499, \"retention\": 0.8076152304609219, \"use_primary\": true}\n"}
,{"stream_name":"stdout","time":1727.313176962,"data":"EDGE_TTA_ACTIVE views = 8 mean_abs_feat_delta = 0.336507\n"}
,{"stream_name":"stdout","time":1727.671350211,"data":"EDGE_TTA_ACTIVE views = 8 mean_abs_feat_delta = 0.360482\n"}
,{"stream_name":"stdout","time":1728.346080172,"data":"SECONDARY_EDGE_TTA_ACTIVE views = 8 weight = 0.75 mean_abs_feat_delta = 0.25435\n"}
,{"stream_name":"stdout","time":1728.531751088,"data":"SECONDARY_EDGE_TTA_ACTIVE views = 8 weight = 0.75 mean_abs_feat_delta = 0.322986\n"}
,{"stream_name":"stdout","time":1728.535272767,"data":"BIOHUB_RETENTION_GUARD {\"blended_candidates\": 388, \"dataset\": \"44b6_2a2eff9f\", \"frame\": 15, \"minimum_retention\": 0.9, \"primary_candidates\": 479, \"retention\": 0.8100208768267223, \"use_primary\": true}\n"}
,{"stream_name":"stdout","time":1729.479427933,"data":"EDGE_TTA_ACTIVE views = 8 mean_abs_feat_delta = 0.3358\n"}
,{"stream_name":"stdout","time":1729.682886937,"data":"EDGE_TTA_ACTIVE views = 8 mean_abs_feat_delta = 0.362679\n"}
,{"stream_name":"stdout","time":1730.513484195,"data":"SECONDARY_EDGE_TTA_ACTIVE views = 8 weight = 0.75 mean_abs_feat_delta = 0.256804\n"}
,{"stream_name":"stdout","time":1730.644401088,"data":"SECONDARY_EDGE_TTA_ACTIVE views = 8 weight = 0.75 mean_abs_feat_delta = 0.323504\n"}
,{"stream_name":"stdout","time":1730.647157154,"data":"BIOHUB_RETENTION_GUARD {\"blended_candidates\": 357, \"dataset\": \"44b6_2a2eff9f\", \"frame\": 16, \"minimum_retention\": 0.9, \"primary_candidates\": 478, \"retention\": 0.7468619246861925, \"use_primary\": true}\n"}
,{"stream_name":"stdout","time":1731.619337962,"data":"EDGE_TTA_ACTIVE views = 8 mean_abs_feat_delta = 0.32024\n"}
,{"stream_name":"stdout","time":1731.789042483,"data":"EDGE_TTA_ACTIVE views = 8 mean_abs_feat_delta = 0.361583\n"}
,{"stream_name":"stdout","time":1732.652460663,"data":"SECONDARY_EDGE_TTA_ACTIVE views = 8 weight = 0.75 mean_abs_feat_delta = 0.264014\n"}
,{"stream_name":"stdout","time":1732.749736829,"data":"SECONDARY_EDGE_TTA_ACTIVE views = 8 weight = 0.75 mean_abs_feat_delta = 0.321225\n"}
,{"stream_name":"stdout","time":1732.754423616,"data":"BIOHUB_RETENTION_GUARD {\"blended_candidates\": 328, \"dataset\": \"44b6_2a2eff9f\", \"frame\": 17, \"minimum_retention\": 0.9, \"primary_candidates\": 458, \"retention\": 0.7161572052401747, \"use_primary\": true}\n"}
,{"stream_name":"stdout","time":1733.785151986,"data":"EDGE_TTA_ACTIVE views = 8 mean_abs_feat_delta = 0.325944\n"}
,{"stream_name":"stdout","time":1733.949419241,"data":"EDGE_TTA_ACTIVE views = 8 mean_abs_feat_delta = 0.359303\n"}
,{"stream_name":"stdout","time":1734.818416059,"data":"SECONDARY_EDGE_TTA_ACTIVE views = 8 weight = 0.75 mean_abs_feat_delta = 0.261728\n"}
,{"stream_name":"stdout","time":1734.914319828,"data":"SECONDARY_EDGE_TTA_ACTIVE views = 8 weight = 0.75 mean_abs_feat_delta = 0.322611\n"}
,{"stream_name":"stdout","time":1734.918189605,"data":"BIOHUB_RETENTION_GUARD {\"blended_candidates\": 408, \"dataset\": \"44b6_2a2eff9f\", \"frame\": 18, \"minimum_retention\": 0.9, \"primary_candidates\": 486, \"retention\": 0.8395061728395061, \"use_primary\": true}\n"}
,{"stream_name":"stdout","time":1735.952998444,"data":"EDGE_TTA_ACTIVE views = 8 mean_abs_feat_delta = 0.328686\n"}
,{"stream_name":"stdout","time":1736.057230532,"data":"EDGE_TTA_ACTIVE views = 8 mean_abs_feat_delta = 0.357931\n"}
,{"stream_name":"stdout","time":1736.987083273,"data":"SECONDARY_EDGE_TTA_ACTIVE views = 8 weight = 0.75 mean_abs_feat_delta = 0.257823\n"}
,{"stream_name":"stdout","time":1737.021896046,"data":"SECONDARY_EDGE_TTA_ACTIVE views = 8 weight = 0.75 mean_abs_feat_delta = 0.327667\n"}
,{"stream_name":"stdout","time":1737.026173352,"data":"BIOHUB_RETENTION_GUARD {\"blended_candidates\": 382, \"dataset\": \"44b6_2a2eff9f\", \"frame\": 19, \"minimum_retention\": 0.9, \"primary_candidates\": 474, \"retention\": 0.8059071729957806, \"use_primary\": true}\n"}
,{"stream_name":"stdout","time":1738.099864172,"data":"EDGE_TTA_ACTIVE views = 8 mean_abs_feat_delta = 0.327204\n"}
,{"stream_name":"stdout","time":1738.146241688,"data":"EDGE_TTA_ACTIVE views = 8 mean_abs_feat_delta = 0.35399\n"}
,{"stream_name":"stdout","time":1739.110726377,"data":"SECONDARY_EDGE_TTA_ACTIVE views = 8 weight = 0.75 mean_abs_feat_delta = 0.323004\n"}
,{"stream_name":"stdout","time":1739.114675081,"data":"BIOHUB_RETENTION_GUARD {\"blended_candidates\": 404, \"dataset\": \"44b6_2a2eff9f\", \"frame\": 20, \"minimum_retention\": 0.9, \"primary_candidates\": 504, \"retention\": 0.8015873015873016, \"use_primary\": true}\n"}
,{"stream_name":"stdout","time":1739.132823867,"data":"SECONDARY_EDGE_TTA_ACTIVE views = 8 weight = 0.75 mean_abs_feat_delta = 0.260305\n"}
,{"stream_name":"stdout","time":1740.231909288,"data":"EDGE_TTA_ACTIVE views = 8 mean_abs_feat_delta = 0.333242\n"}
,{"stream_name":"stdout","time":1740.236120952,"data":"EDGE_TTA_ACTIVE views = 8 mean_abs_feat_delta = 0.354644\n"}
,{"stream_name":"stdout","time":1741.198306876,"data":"SECONDARY_EDGE_TTA_ACTIVE views = 8 weight = 0.75 mean_abs_feat_delta = 0.323896\n"}
,{"stream_name":"stdout","time":1741.202094794,"data":"BIOHUB_RETENTION_GUARD {\"blended_candidates\": 413, \"dataset\": \"44b6_2a2eff9f\", \"frame\": 21, \"minimum_retention\": 0.9, \"primary_candidates\": 491, \"retention\": 0.8411405295315683, \"use_primary\": true}\n"}
,{"stream_name":"stdout","time":1741.266456613,"data":"SECONDARY_EDGE_TTA_ACTIVE views = 8 weight = 0.75 mean_abs_feat_delta = 0.258707\n"}
,{"stream_name":"stdout","time":1742.33785249,"data":"EDGE_TTA_ACTIVE views = 8 mean_abs_feat_delta = 0.354923\n"}
,{"stream_name":"stdout","time":1742.37725728,"data":"EDGE_TTA_ACTIVE views = 8 mean_abs_feat_delta = 0.335356\n"}
,{"stream_name":"stdout","time":1743.303116596,"data":"SECONDARY_EDGE_TTA_ACTIVE views = 8 weight = 0.75 mean_abs_feat_delta = 0.316583\n"}
,{"stream_name":"stdout","time":1743.307129636,"data":"BIOHUB_RETENTION_GUARD {\"blended_candidates\": 362, \"dataset\": \"44b6_2a2eff9f\", \"frame\": 22, \"minimum_retention\": 0.9, \"primary_candidates\": 470, \"retention\": 0.7702127659574468, \"use_primary\": true}\n"}
,{"stream_name":"stdout","time":1743.411583679,"data":"SECONDARY_EDGE_TTA_ACTIVE views = 8 weight = 0.75 mean_abs_feat_delta = 0.258868\n"}
,{"stream_name":"stdout","time":1744.431493043,"data":"EDGE_TTA_ACTIVE views = 8 mean_abs_feat_delta = 0.354804\n"}
,{"stream_name":"stdout","time":1744.521521966,"data":"EDGE_TTA_ACTIVE views = 8 mean_abs_feat_delta = 0.333142\n"}
,{"stream_name":"stdout","time":1745.394380875,"data":"SECONDARY_EDGE_TTA_ACTIVE views = 8 weight = 0.75 mean_abs_feat_delta = 0.316862\n"}
,{"stream_name":"stdout","time":1745.398919517,"data":"BIOHUB_RETENTION_GUARD {\"blended_candidates\": 377, \"dataset\": \"44b6_2a2eff9f\", \"frame\": 23, \"minimum_retention\": 0.9, \"primary_candidates\": 467, \"retention\": 0.8072805139186295, \"use_primary\": true}\n"}
,{"stream_name":"stdout","time":1745.559095522,"data":"SECONDARY_EDGE_TTA_ACTIVE views = 8 weight = 0.75 mean_abs_feat_delta = 0.257552\n"}
,{"stream_name":"stdout","time":1746.516400256,"data":"EDGE_TTA_ACTIVE views = 8 mean_abs_feat_delta = 0.354254\n"}
,{"stream_name":"stdout","time":1746.678597484,"data":"EDGE_TTA_ACTIVE views = 8 mean_abs_feat_delta = 0.328461\n"}
,{"stream_name":"stdout","time":1747.481062986,"data":"SECONDARY_EDGE_TTA_ACTIVE views = 8 weight = 0.75 mean_abs_feat_delta = 0.326296\n"}
,{"stream_name":"stdout","time":1747.4854417,"data":"BIOHUB_RETENTION_GUARD {\"blended_candidates\": 378, \"dataset\": \"44b6_2a2eff9f\", \"frame\": 24, \"minimum_retention\": 0.9, \"primary_candidates\": 467, \"retention\": 0.8094218415417559, \"use_primary\": true}\n"}
,{"stream_name":"stdout","time":1747.719914117,"data":"SECONDARY_EDGE_TTA_ACTIVE views = 8 weight = 0.75 mean_abs_feat_delta = 0.260048\n"}
,{"stream_name":"stdout","time":1748.606780689,"data":"EDGE_TTA_ACTIVE views = 8 mean_abs_feat_delta = 0.361493\n"}
,{"stream_name":"stdout","time":1748.82439778,"data":"EDGE_TTA_ACTIVE views = 8 mean_abs_feat_delta = 0.328834\n"}
,{"stream_name":"stdout","time":1749.568987944,"data":"SECONDARY_EDGE_TTA_ACTIVE views = 8 weight = 0.75 mean_abs_feat_delta = 0.325891\n"}
,{"stream_name":"stdout","time":1749.573096306,"data":"BIOHUB_RETENTION_GUARD {\"blended_candidates\": 363, \"dataset\": \"44b6_2a2eff9f\", \"frame\": 25, \"minimum_retention\": 0.9, \"primary_candidates\": 449, \"retention\": 0.8084632516703786, \"use_primary\": true}\n"}
,{"stream_name":"stdout","time":1749.864222048,"data":"SECONDARY_EDGE_TTA_ACTIVE views = 8 weight = 0.75 mean_abs_feat_delta = 0.25594\n"}
,{"stream_name":"stdout","time":1750.700122852,"data":"EDGE_TTA_ACTIVE views = 8 mean_abs_feat_delta = 0.367501\n"}
,{"stream_name":"stdout","time":1750.993672567,"data":"EDGE_TTA_ACTIVE views = 8 mean_abs_feat_delta = 0.33524\n"}
,{"stream_name":"stdout","time":1751.669174914,"data":"SECONDARY_EDGE_TTA_ACTIVE views = 8 weight = 0.75 mean_abs_feat_delta = 0.322369\n"}
,{"stream_name":"stdout","time":1751.676095396,"data":"BIOHUB_RETENTION_GUARD {\"blended_candidates\": 348, \"dataset\": \"44b6_2a2eff9f\", \"frame\": 26, \"minimum_retention\": 0.9, \"primary_candidates\": 438, \"retention\": 0.7945205479452054, \"use_primary\": true}\n"}
,{"stream_name":"stdout","time":1752.03363042,"data":"SECONDARY_EDGE_TTA_ACTIVE views = 8 weight = 0.75 mean_abs_feat_delta = 0.255182\n"}
,{"stream_name":"stdout","time":1752.777082372,"data":"EDGE_TTA_ACTIVE views = 8 mean_abs_feat_delta = 0.364694\n"}
,{"stream_name":"stdout","time":1753.14443171,"data":"EDGE_TTA_ACTIVE views = 8 mean_abs_feat_delta = 0.330644\n"}
,{"stream_name":"stdout","time":1753.748725715,"data":"SECONDARY_EDGE_TTA_ACTIVE views = 8 weight = 0.75 mean_abs_feat_delta = 0.322571\n"}
,{"stream_name":"stdout","time":1753.75265371,"data":"BIOHUB_RETENTION_GUARD {\"blended_candidates\": 357, \"dataset\": \"44b6_2a2eff9f\", \"frame\": 27, \"minimum_retention\": 0.9, \"primary_candidates\": 475, \"retention\": 0.751578947368421, \"use_primary\": true}\n"}
,{"stream_name":"stdout","time":1754.188779162,"data":"SECONDARY_EDGE_TTA_ACTIVE views = 8 weight = 0.75 mean_abs_feat_delta = 0.255678\n"}
,{"stream_name":"stdout","time":1754.880991614,"data":"EDGE_TTA_ACTIVE views = 8 mean_abs_feat_delta = 0.36466\n"}
,{"stream_name":"stdout","time":1755.298300919,"data":"EDGE_TTA_ACTIVE views = 8 mean_abs_feat_delta = 0.329724\n"}
,{"stream_name":"stdout","time":1755.855434909,"data":"SECONDARY_EDGE_TTA_ACTIVE views = 8 weight = 0.75 mean_abs_feat_delta = 0.321971\n"}
,{"stream_name":"stdout","time":1755.85959565,"data":"BIOHUB_RETENTION_GUARD {\"blended_candidates\": 349, \"dataset\": \"44b6_2a2eff9f\", \"frame\": 28, \"minimum_retention\": 0.9, \"primary_candidates\": 461, \"retention\": 0.7570498915401301, \"use_primary\": true}\n"}
,{"stream_name":"stdout","time":1756.345723781,"data":"SECONDARY_EDGE_TTA_ACTIVE views = 8 weight = 0.75 mean_abs_feat_delta = 0.25659\n"}
,{"stream_name":"stdout","time":1756.991882201,"data":"EDGE_TTA_ACTIVE views = 8 mean_abs_feat_delta = 0.364232\n"}
,{"stream_name":"stdout","time":1757.465283053,"data":"EDGE_TTA_ACTIVE views = 8 mean_abs_feat_delta = 0.328509\n"}
,{"stream_name":"stdout","time":1758.063490897,"data":"SECONDARY_EDGE_TTA_ACTIVE views = 8 weight = 0.75 mean_abs_feat_delta = 0.323261\n"}
,{"stream_name":"stdout","time":1758.064599488,"data":"BIOHUB_RETENTION_GUARD {\"blended_candidates\": 352, \"dataset\": \"44b6_2a2eff9f\", \"frame\": 29, \"minimum_retention\": 0.9, \"primary_candidates\": 467, \"retention\": 0.7537473233404711, \"use_primary\": true}\n"}
,{"stream_name":"stdout","time":1758.516084173,"data":"SECONDARY_EDGE_TTA_ACTIVE views = 8 weight = 0.75 mean_abs_feat_delta = 0.261519\n"}
,{"stream_name":"stdout","time":1759.09619749,"data":"EDGE_TTA_ACTIVE views = 8 mean_abs_feat_delta = 0.369005\n"}
,{"stream_name":"stdout","time":1759.631229862,"data":"EDGE_TTA_ACTIVE views = 8 mean_abs_feat_delta = 0.328824\n"}
,{"stream_name":"stdout","time":1760.076601362,"data":"SECONDARY_EDGE_TTA_ACTIVE views = 8 weight = 0.75 mean_abs_feat_delta = 0.325997\n"}
,{"stream_name":"stdout","time":1760.080685712,"data":"BIOHUB_RETENTION_GUARD {\"blended_candidates\": 342, \"dataset\": \"44b6_2a2eff9f\", \"frame\": 30, \"minimum_retention\": 0.9, \"primary_candidates\": 460, \"retention\": 0.7434782608695653, \"use_primary\": true}\n"}
,{"stream_name":"stdout","time":1760.684325907,"data":"SECONDARY_EDGE_TTA_ACTIVE views = 8 weight = 0.75 mean_abs_feat_delta = 0.261581\n"}
,{"stream_name":"stdout","time":1761.210028378,"data":"EDGE_TTA_ACTIVE views = 8 mean_abs_feat_delta = 0.371568\n"}
,{"stream_name":"stdout","time":1761.81888052,"data":"EDGE_TTA_ACTIVE views = 8 mean_abs_feat_delta = 0.333453\n"}
,{"stream_name":"stdout","time":1762.184298939,"data":"SECONDARY_EDGE_TTA_ACTIVE views = 8 weight = 0.75 mean_abs_feat_delta = 0.322858\n"}
,{"stream_name":"stdout","time":1762.18873603,"data":"BIOHUB_RETENTION_GUARD {\"blended_candidates\": 360, \"dataset\": \"44b6_2a2eff9f\", \"frame\": 31, \"minimum_retention\": 0.9, \"primary_candidates\": 457, \"retention\": 0.787746170678337, \"use_primary\": true}\n"}
,{"stream_name":"stdout","time":1762.872691139,"data":"SECONDARY_EDGE_TTA_ACTIVE views = 8 weight = 0.75 mean_abs_feat_delta = 0.257374\n"}
,{"stream_name":"stdout","time":1763.320279034,"data":"EDGE_TTA_ACTIVE views = 8 mean_abs_feat_delta = 0.373964\n"}
,{"stream_name":"stdout","time":1764.017808839,"data":"EDGE_TTA_ACTIVE views = 8 mean_abs_feat_delta = 0.33049\n"}
,{"stream_name":"stdout","time":1764.294492543,"data":"SECONDARY_EDGE_TTA_ACTIVE views = 8 weight = 0.75 mean_abs_feat_delta = 0.322245\n"}
,{"stream_name":"stdout","time":1764.298350888,"data":"BIOHUB_RETENTION_GUARD {\"blended_candidates\": 361, \"dataset\": \"44b6_2a2eff9f\", \"frame\": 32, \"minimum_retention\": 0.9, \"primary_candidates\": 461, \"retention\": 0.7830802603036876, \"use_primary\": true}\n"}
,{"stream_name":"stdout","time":1765.075061715,"data":"SECONDARY_EDGE_TTA_ACTIVE views = 8 weight = 0.75 mean_abs_feat_delta = 0.256553\n"}
,{"stream_name":"stdout","time":1765.426007919,"data":"EDGE_TTA_ACTIVE views = 8 mean_abs_feat_delta = 0.375985\n"}
,{"stream_name":"stdout","time":1766.224944995,"data":"EDGE_TTA_ACTIVE views = 8 mean_abs_feat_delta = 0.330532\n"}
,{"stream_name":"stdout","time":1766.402340396,"data":"SECONDARY_EDGE_TTA_ACTIVE views = 8 weight = 0.75 mean_abs_feat_delta = 0.323643\n"}
,{"stream_name":"stdout","time":1766.406324496,"data":"BIOHUB_RETENTION_GUARD {\"blended_candidates\": 336, \"dataset\": \"44b6_2a2eff9f\", \"frame\": 33, \"minimum_retention\": 0.9, \"primary_candidates\": 455, \"retention\": 0.7384615384615385, \"use_primary\": true}\n"}
,{"stream_name":"stdout","time":1767.284780568,"data":"SECONDARY_EDGE_TTA_ACTIVE views = 8 weight = 0.75 mean_abs_feat_delta = 0.254743\n"}
,{"stream_name":"stdout","time":1767.578976149,"data":"EDGE_TTA_ACTIVE views = 8 mean_abs_feat_delta = 0.370885\n"}
,{"stream_name":"stdout","time":1768.498135216,"data":"EDGE_TTA_ACTIVE views = 8 mean_abs_feat_delta = 0.336898\n"}
,{"stream_name":"stdout","time":1768.552916033,"data":"SECONDARY_EDGE_TTA_ACTIVE views = 8 weight = 0.75 mean_abs_feat_delta = 0.325514\n"}
,{"stream_name":"stdout","time":1768.557034416,"data":"BIOHUB_RETENTION_GUARD {\"blended_candidates\": 344, \"dataset\": \"44b6_2a2eff9f\", \"frame\": 34, \"minimum_retention\": 0.9, \"primary_candidates\": 470, \"retention\": 0.7319148936170212, \"use_primary\": true}\n"}
,{"stream_name":"stdout","time":1769.560773239,"data":"SECONDARY_EDGE_TTA_ACTIVE views = 8 weight = 0.75 mean_abs_feat_delta = 0.25812\n"}
,{"stream_name":"stdout","time":1769.68827052,"data":"EDGE_TTA_ACTIVE views = 8 mean_abs_feat_delta = 0.36672\n"}
,{"stream_name":"stdout","time":1770.662662694,"data":"SECONDARY_EDGE_TTA_ACTIVE views = 8 weight = 0.75 mean_abs_feat_delta = 0.32951\n"}
,{"stream_name":"stdout","time":1770.666698558,"data":"BIOHUB_RETENTION_GUARD {\"blended_candidates\": 339, \"dataset\": \"44b6_2a2eff9f\", \"frame\": 35, \"minimum_retention\": 0.9, \"primary_candidates\": 461, \"retention\": 0.735357917570499, \"use_primary\": true}\n"}
,{"stream_name":"stdout","time":1770.696385523,"data":"EDGE_TTA_ACTIVE views = 8 mean_abs_feat_delta = 0.339093\n"}
,{"stream_name":"stdout","time":1771.761032462,"data":"SECONDARY_EDGE_TTA_ACTIVE views = 8 weight = 0.75 mean_abs_feat_delta = 0.258084\n"}
,{"stream_name":"stdout","time":1771.836488243,"data":"EDGE_TTA_ACTIVE views = 8 mean_abs_feat_delta = 0.364845\n"}
,{"stream_name":"stdout","time":1772.81221078,"data":"SECONDARY_EDGE_TTA_ACTIVE views = 8 weight = 0.75 mean_abs_feat_delta = 0.33226\n"}
,{"stream_name":"stdout","time":1772.816325023,"data":"BIOHUB_RETENTION_GUARD {\"blended_candidates\": 344, \"dataset\": \"44b6_2a2eff9f\", \"frame\": 36, \"minimum_retention\": 0.9, \"primary_candidates\": 451, \"retention\": 0.7627494456762749, \"use_primary\": true}\n"}
,{"stream_name":"stdout","time":1772.889585396,"data":"EDGE_TTA_ACTIVE views = 8 mean_abs_feat_delta = 0.334928\n"}
,{"stream_name":"stdout","time":1773.952238444,"data":"SECONDARY_EDGE_TTA_ACTIVE views = 8 weight = 0.75 mean_abs_feat_delta = 0.253733\n"}
,{"stream_name":"stdout","time":1773.955522994,"data":"EDGE_TTA_ACTIVE views = 8 mean_abs_feat_delta = 0.365471\n"}
,{"stream_name":"stdout","time":1774.936848187,"data":"SECONDARY_EDGE_TTA_ACTIVE views = 8 weight = 0.75 mean_abs_feat_delta = 0.334845\n"}
,{"stream_name":"stdout","time":1774.940981645,"data":"BIOHUB_RETENTION_GUARD {\"blended_candidates\": 329, \"dataset\": \"44b6_2a2eff9f\", \"frame\": 37, \"minimum_retention\": 0.9, \"primary_candidates\": 430, \"retention\": 0.7651162790697674, \"use_primary\": true}\n"}
,{"stream_name":"stdout","time":1775.082298408,"data":"EDGE_TTA_ACTIVE views = 8 mean_abs_feat_delta = 0.334762\n"}
,{"stream_name":"stdout","time":1776.068737207,"data":"EDGE_TTA_ACTIVE views = 8 mean_abs_feat_delta = 0.367895\n"}
,{"stream_name":"stdout","time":1776.144429463,"data":"SECONDARY_EDGE_TTA_ACTIVE views = 8 weight = 0.75 mean_abs_feat_delta = 0.257496\n"}
,{"stream_name":"stdout","time":1777.043031984,"data":"SECONDARY_EDGE_TTA_ACTIVE views = 8 weight = 0.75 mean_abs_feat_delta = 0.338455\n"}
,{"stream_name":"stdout","time":1777.046976437,"data":"BIOHUB_RETENTION_GUARD {\"blended_candidates\": 321, \"dataset\": \"44b6_2a2eff9f\", \"frame\": 38, \"minimum_retention\": 0.9, \"primary_candidates\": 432, \"retention\": 0.7430555555555556, \"use_primary\": true}\n"}
,{"stream_name":"stdout","time":1777.2865745,"data":"EDGE_TTA_ACTIVE views = 8 mean_abs_feat_delta = 0.343229\n"}
,{"stream_name":"stdout","time":1778.154770963,"data":"EDGE_TTA_ACTIVE views = 8 mean_abs_feat_delta = 0.369509\n"}
,{"stream_name":"stdout","time":1778.349286519,"data":"SECONDARY_EDGE_TTA_ACTIVE views = 8 weight = 0.75 mean_abs_feat_delta = 0.258866\n"}
,{"stream_name":"stdout","time":1779.12881303,"data":"SECONDARY_EDGE_TTA_ACTIVE views = 8 weight = 0.75 mean_abs_feat_delta = 0.343458\n"}
,{"stream_name":"stdout","time":1779.132552048,"data":"BIOHUB_RETENTION_GUARD {\"blended_candidates\": 347, \"dataset\": \"44b6_2a2eff9f\", \"frame\": 39, \"minimum_retention\": 0.9, \"primary_candidates\": 430, \"retention\": 0.8069767441860465, \"use_primary\": true}\n"}
,{"stream_name":"stdout","time":1779.51672571,"data":"EDGE_TTA_ACTIVE views = 8 mean_abs_feat_delta = 0.34071\n"}
,{"stream_name":"stdout","time":1780.241696517,"data":"EDGE_TTA_ACTIVE views = 8 mean_abs_feat_delta = 0.369407\n"}
,{"stream_name":"stdout","time":1780.5776321,"data":"SECONDARY_EDGE_TTA_ACTIVE views = 8 weight = 0.75 mean_abs_feat_delta = 0.256585\n"}
,{"stream_name":"stdout","time":1781.214823528,"data":"SECONDARY_EDGE_TTA_ACTIVE views = 8 weight = 0.75 mean_abs_feat_delta = 0.339895\n"}
,{"stream_name":"stdout","time":1781.218611515,"data":"BIOHUB_RETENTION_GUARD {\"blended_candidates\": 338, \"dataset\": \"44b6_2a2eff9f\", \"frame\": 40, \"minimum_retention\": 0.9, \"primary_candidates\": 423, \"retention\": 0.7990543735224587, \"use_primary\": true}\n"}
,{"stream_name":"stdout","time":1781.736085179,"data":"EDGE_TTA_ACTIVE views = 8 mean_abs_feat_delta = 0.337284\n"}
,{"stream_name":"stdout","time":1782.345120473,"data":"EDGE_TTA_ACTIVE views = 8 mean_abs_feat_delta = 0.366559\n"}
,{"stream_name":"stdout","time":1782.797507738,"data":"SECONDARY_EDGE_TTA_ACTIVE views = 8 weight = 0.75 mean_abs_feat_delta = 0.255835\n"}
,{"stream_name":"stdout","time":1783.320564392,"data":"SECONDARY_EDGE_TTA_ACTIVE views = 8 weight = 0.75 mean_abs_feat_delta = 0.336794\n"}
,{"stream_name":"stdout","time":1783.324375269,"data":"BIOHUB_RETENTION_GUARD {\"blended_candidates\": 356, \"dataset\": \"44b6_2a2eff9f\", \"frame\": 41, \"minimum_retention\": 0.9, \"primary_candidates\": 439, \"retention\": 0.8109339407744874, \"use_primary\": true}\n"}
,{"stream_name":"stdout","time":1783.931034791,"data":"EDGE_TTA_ACTIVE views = 8 mean_abs_feat_delta = 0.340637\n"}
,{"stream_name":"stdout","time":1784.450555001,"data":"EDGE_TTA_ACTIVE views = 8 mean_abs_feat_delta = 0.365076\n"}
,{"stream_name":"stdout","time":1784.991940171,"data":"SECONDARY_EDGE_TTA_ACTIVE views = 8 weight = 0.75 mean_abs_feat_delta = 0.251669\n"}
,{"stream_name":"stdout","time":1785.426185351,"data":"SECONDARY_EDGE_TTA_ACTIVE views = 8 weight = 0.75 mean_abs_feat_delta = 0.337964\n"}
,{"stream_name":"stdout","time":1785.43004021,"data":"BIOHUB_RETENTION_GUARD {\"blended_candidates\": 348, \"dataset\": \"44b6_2a2eff9f\", \"frame\": 42, \"minimum_retention\": 0.9, \"primary_candidates\": 424, \"retention\": 0.8207547169811321, \"use_primary\": true}\n"}
,{"stream_name":"stdout","time":1786.121378773,"data":"EDGE_TTA_ACTIVE views = 8 mean_abs_feat_delta = 0.338061\n"}
,{"stream_name":"stdout","time":1786.556183825,"data":"EDGE_TTA_ACTIVE views = 8 mean_abs_feat_delta = 0.363489\n"}
,{"stream_name":"stdout","time":1787.176482411,"data":"SECONDARY_EDGE_TTA_ACTIVE views = 8 weight = 0.75 mean_abs_feat_delta = 0.249524\n"}
,{"stream_name":"stdout","time":1787.530909321,"data":"SECONDARY_EDGE_TTA_ACTIVE views = 8 weight = 0.75 mean_abs_feat_delta = 0.335927\n"}
,{"stream_name":"stdout","time":1787.53465799,"data":"BIOHUB_RETENTION_GUARD {\"blended_candidates\": 325, \"dataset\": \"44b6_2a2eff9f\", \"frame\": 43, \"minimum_retention\": 0.9, \"primary_candidates\": 418, \"retention\": 0.777511961722488, \"use_primary\": true}\n"}
,{"stream_name":"stdout","time":1788.402726378,"data":"EDGE_TTA_ACTIVE views = 8 mean_abs_feat_delta = 0.345326\n"}
,{"stream_name":"stdout","time":1788.658518079,"data":"EDGE_TTA_ACTIVE views = 8 mean_abs_feat_delta = 0.365601\n"}
,{"stream_name":"stdout","time":1789.350721571,"data":"SECONDARY_EDGE_TTA_ACTIVE views = 8 weight = 0.75 mean_abs_feat_delta = 0.249871\n"}
,{"stream_name":"stdout","time":1789.635091991,"data":"SECONDARY_EDGE_TTA_ACTIVE views = 8 weight = 0.75 mean_abs_feat_delta = 0.333679\n"}
,{"stream_name":"stdout","time":1789.638812646,"data":"BIOHUB_RETENTION_GUARD {\"blended_candidates\": 329, \"dataset\": \"44b6_2a2eff9f\", \"frame\": 44, \"minimum_retention\": 0.9, \"primary_candidates\": 441, \"retention\": 0.746031746031746, \"use_primary\": true}\n"}
,{"stream_name":"stdout","time":1790.472928533,"data":"EDGE_TTA_ACTIVE views = 8 mean_abs_feat_delta = 0.349698\n"}
,{"stream_name":"stdout","time":1790.765856414,"data":"EDGE_TTA_ACTIVE views = 8 mean_abs_feat_delta = 0.366265\n"}
,{"stream_name":"stdout","time":1791.525999641,"data":"SECONDARY_EDGE_TTA_ACTIVE views = 8 weight = 0.75 mean_abs_feat_delta = 0.257627\n"}
,{"stream_name":"stdout","time":1791.740256206,"data":"SECONDARY_EDGE_TTA_ACTIVE views = 8 weight = 0.75 mean_abs_feat_delta = 0.336494\n"}
,{"stream_name":"stdout","time":1791.744265743,"data":"BIOHUB_RETENTION_GUARD {\"blended_candidates\": 318, \"dataset\": \"44b6_2a2eff9f\", \"frame\": 45, \"minimum_retention\": 0.9, \"primary_candidates\": 424, \"retention\": 0.75, \"use_primary\": true}\n"}
,{"stream_name":"stdout","time":1792.673300353,"data":"EDGE_TTA_ACTIVE views = 8 mean_abs_feat_delta = 0.349809\n"}
,{"stream_name":"stdout","time":1792.851108823,"data":"EDGE_TTA_ACTIVE views = 8 mean_abs_feat_delta = 0.362606\n"}
,{"stream_name":"stdout","time":1793.7271584,"data":"SECONDARY_EDGE_TTA_ACTIVE views = 8 weight = 0.75 mean_abs_feat_delta = 0.255032\n"}
,{"stream_name":"stdout","time":1793.826489772,"data":"SECONDARY_EDGE_TTA_ACTIVE views = 8 weight = 0.75 mean_abs_feat_delta = 0.332437\n"}
,{"stream_name":"stdout","time":1793.82936506,"data":"BIOHUB_RETENTION_GUARD {\"blended_candidates\": 329, \"dataset\": \"44b6_2a2eff9f\", \"frame\": 46, \"minimum_retention\": 0.9, \"primary_candidates\": 435, \"retention\": 0.7563218390804598, \"use_primary\": true}\n"}
,{"stream_name":"stdout","time":1794.87281846,"data":"EDGE_TTA_ACTIVE views = 8 mean_abs_feat_delta = 0.338556\n"}
,{"stream_name":"stdout","time":1794.976143785,"data":"EDGE_TTA_ACTIVE views = 8 mean_abs_feat_delta = 0.353238\n"}
,{"stream_name":"stdout","time":1795.921311521,"data":"SECONDARY_EDGE_TTA_ACTIVE views = 8 weight = 0.75 mean_abs_feat_delta = 0.253313\n"}
,{"stream_name":"stdout","time":1795.950087811,"data":"SECONDARY_EDGE_TTA_ACTIVE views = 8 weight = 0.75 mean_abs_feat_delta = 0.319389\n"}
,{"stream_name":"stdout","time":1795.954284919,"data":"BIOHUB_RETENTION_GUARD {\"blended_candidates\": 410, \"dataset\": \"44b6_2a2eff9f\", \"frame\": 47, \"minimum_retention\": 0.9, \"primary_candidates\": 487, \"retention\": 0.8418891170431212, \"use_primary\": true}\n"}
,{"stream_name":"stdout","time":1797.035975289,"data":"EDGE_TTA_ACTIVE views = 8 mean_abs_feat_delta = 0.340267\n"}
,{"stream_name":"stdout","time":1797.082488496,"data":"EDGE_TTA_ACTIVE views = 8 mean_abs_feat_delta = 0.360268\n"}
,{"stream_name":"stdout","time":1798.055697793,"data":"SECONDARY_EDGE_TTA_ACTIVE views = 8 weight = 0.75 mean_abs_feat_delta = 0.328147\n"}
,{"stream_name":"stdout","time":1798.05942914,"data":"BIOHUB_RETENTION_GUARD {\"blended_candidates\": 294, \"dataset\": \"44b6_2a2eff9f\", \"frame\": 48, \"minimum_retention\": 0.9, \"primary_candidates\": 419, \"retention\": 0.7016706443914081, \"use_primary\": true}\n"}
,{"stream_name":"stdout","time":1798.086131675,"data":"SECONDARY_EDGE_TTA_ACTIVE views = 8 weight = 0.75 mean_abs_feat_delta = 0.253223\n"}
,{"stream_name":"stdout","time":1799.201987064,"data":"EDGE_TTA_ACTIVE views = 8 mean_abs_feat_delta = 0.344133\n"}
,{"stream_name":"stdout","time":1799.207384681,"data":"EDGE_TTA_ACTIVE views = 8 mean_abs_feat_delta = 0.366748\n"}
,{"stream_name":"stdout","time":1800.182605436,"data":"SECONDARY_EDGE_TTA_ACTIVE views = 8 weight = 0.75 mean_abs_feat_delta = 0.329076\n"}
,{"stream_name":"stdout","time":1800.186664013,"data":"BIOHUB_RETENTION_GUARD {\"blended_candidates\": 266, \"dataset\": \"44b6_2a2eff9f\", \"frame\": 49, \"minimum_retention\": 0.9, \"primary_candidates\": 410, \"retention\": 0.6487804878048781, \"use_primary\": true}\n"}
,{"stream_name":"stdout","time":1800.248793599,"data":"SECONDARY_EDGE_TTA_ACTIVE views = 8 weight = 0.75 mean_abs_feat_delta = 0.251983\n"}
,{"stream_name":"stdout","time":1801.29798061,"data":"EDGE_TTA_ACTIVE views = 8 mean_abs_feat_delta = 0.370945\n"}
,{"stream_name":"stdout","time":1801.413747933,"data":"EDGE_TTA_ACTIVE views = 8 mean_abs_feat_delta = 0.337296\n"}
,{"stream_name":"stdout","time":1802.269002572,"data":"SECONDARY_EDGE_TTA_ACTIVE views = 8 weight = 0.75 mean_abs_feat_delta = 0.334363\n"}
,{"stream_name":"stdout","time":1802.273118117,"data":"BIOHUB_RETENTION_GUARD {\"blended_candidates\": 264, \"dataset\": \"44b6_2a2eff9f\", \"frame\": 50, \"minimum_retention\": 0.9, \"primary_candidates\": 409, \"retention\": 0.6454767726161369, \"use_primary\": true}\n"}
,{"stream_name":"stdout","time":1802.458774094,"data":"SECONDARY_EDGE_TTA_ACTIVE views = 8 weight = 0.75 mean_abs_feat_delta = 0.251603\n"}
,{"stream_name":"stdout","time":1803.379653038,"data":"EDGE_TTA_ACTIVE views = 8 mean_abs_feat_delta = 0.366217\n"}
,{"stream_name":"stdout","time":1803.600123031,"data":"EDGE_TTA_ACTIVE views = 8 mean_abs_feat_delta = 0.340359\n"}
,{"stream_name":"stdout","time":1804.353327984,"data":"SECONDARY_EDGE_TTA_ACTIVE views = 8 weight = 0.75 mean_abs_feat_delta = 0.33668\n"}
,{"stream_name":"stdout","time":1804.357258313,"data":"BIOHUB_RETENTION_GUARD {\"blended_candidates\": 284, \"dataset\": \"44b6_2a2eff9f\", \"frame\": 51, \"minimum_retention\": 0.9, \"primary_candidates\": 407, \"retention\": 0.6977886977886978, \"use_primary\": true}\n"}
,{"stream_name":"stdout","time":1804.650062454,"data":"SECONDARY_EDGE_TTA_ACTIVE views = 8 weight = 0.75 mean_abs_feat_delta = 0.252902\n"}
,{"stream_name":"stdout","time":1805.465564474,"data":"EDGE_TTA_ACTIVE views = 8 mean_abs_feat_delta = 0.362563\n"}
,{"stream_name":"stdout","time":1805.788442386,"data":"EDGE_TTA_ACTIVE views = 8 mean_abs_feat_delta = 0.328718\n"}
,{"stream_name":"stdout","time":1806.439575753,"data":"SECONDARY_EDGE_TTA_ACTIVE views = 8 weight = 0.75 mean_abs_feat_delta = 0.331129\n"}
,{"stream_name":"stdout","time":1806.443582244,"data":"BIOHUB_RETENTION_GUARD {\"blended_candidates\": 269, \"dataset\": \"44b6_2a2eff9f\", \"frame\": 52, \"minimum_retention\": 0.9, \"primary_candidates\": 406, \"retention\": 0.6625615763546798, \"use_primary\": true}\n"}
,{"stream_name":"stdout","time":1806.835004485,"data":"SECONDARY_EDGE_TTA_ACTIVE views = 8 weight = 0.75 mean_abs_feat_delta = 0.251763\n"}
,{"stream_name":"stdout","time":1807.551258279,"data":"EDGE_TTA_ACTIVE views = 8 mean_abs_feat_delta = 0.366037\n"}
,{"stream_name":"stdout","time":1807.980022003,"data":"EDGE_TTA_ACTIVE views = 8 mean_abs_feat_delta = 0.332662\n"}
,{"stream_name":"stdout","time":1808.522698702,"data":"SECONDARY_EDGE_TTA_ACTIVE views = 8 weight = 0.75 mean_abs_feat_delta = 0.333002\n"}
,{"stream_name":"stdout","time":1808.526462099,"data":"BIOHUB_RETENTION_GUARD {\"blended_candidates\": 288, \"dataset\": \"44b6_2a2eff9f\", \"frame\": 53, \"minimum_retention\": 0.9, \"primary_candidates\": 418, \"retention\": 0.6889952153110048, \"use_primary\": true}\n"}
,{"stream_name":"stdout","time":1809.027985831,"data":"SECONDARY_EDGE_TTA_ACTIVE views = 8 weight = 0.75 mean_abs_feat_delta = 0.252662\n"}
,{"stream_name":"stdout","time":1809.652553713,"data":"EDGE_TTA_ACTIVE views = 8 mean_abs_feat_delta = 0.364649\n"}
,{"stream_name":"stdout","time":1810.144804871,"data":"EDGE_TTA_ACTIVE views = 8 mean_abs_feat_delta = 0.336965\n"}
,{"stream_name":"stdout","time":1810.630333472,"data":"SECONDARY_EDGE_TTA_ACTIVE views = 8 weight = 0.75 mean_abs_feat_delta = 0.335485\n"}
,{"stream_name":"stdout","time":1810.634747876,"data":"BIOHUB_RETENTION_GUARD {\"blended_candidates\": 243, \"dataset\": \"44b6_2a2eff9f\", \"frame\": 54, \"minimum_retention\": 0.9, \"primary_candidates\": 392, \"retention\": 0.6198979591836735, \"use_primary\": true}\n"}
,{"stream_name":"stdout","time":1811.19241934,"data":"SECONDARY_EDGE_TTA_ACTIVE views = 8 weight = 0.75 mean_abs_feat_delta = 0.25307\n"}
,{"stream_name":"stdout","time":1811.76155712,"data":"EDGE_TTA_ACTIVE views = 8 mean_abs_feat_delta = 0.361135\n"}
,{"stream_name":"stdout","time":1812.314313314,"data":"EDGE_TTA_ACTIVE views = 8 mean_abs_feat_delta = 0.33779\n"}
,{"stream_name":"stdout","time":1812.735350762,"data":"SECONDARY_EDGE_TTA_ACTIVE views = 8 weight = 0.75 mean_abs_feat_delta = 0.330638\n"}
,{"stream_name":"stdout","time":1812.739222651,"data":"BIOHUB_RETENTION_GUARD {\"blended_candidates\": 255, \"dataset\": \"44b6_2a2eff9f\", \"frame\": 55, \"minimum_retention\": 0.9, \"primary_candidates\": 409, \"retention\": 0.6234718826405868, \"use_primary\": true}\n"}
,{"stream_name":"stdout","time":1813.362069608,"data":"SECONDARY_EDGE_TTA_ACTIVE views = 8 weight = 0.75 mean_abs_feat_delta = 0.253586\n"}
,{"stream_name":"stdout","time":1813.926612157,"data":"EDGE_TTA_ACTIVE views = 8 mean_abs_feat_delta = 0.359041\n"}
,{"stream_name":"stdout","time":1814.46666475,"data":"EDGE_TTA_ACTIVE views = 8 mean_abs_feat_delta = 0.342767\n"}
,{"stream_name":"stdout","time":1814.898717461,"data":"SECONDARY_EDGE_TTA_ACTIVE views = 8 weight = 0.75 mean_abs_feat_delta = 0.327924\n"}
,{"stream_name":"stdout","time":1814.903358081,"data":"BIOHUB_RETENTION_GUARD {\"blended_candidates\": 271, \"dataset\": \"44b6_2a2eff9f\", \"frame\": 56, \"minimum_retention\": 0.9, \"primary_candidates\": 424, \"retention\": 0.6391509433962265, \"use_primary\": true}\n"}
,{"stream_name":"stdout","time":1815.512874395,"data":"SECONDARY_EDGE_TTA_ACTIVE views = 8 weight = 0.75 mean_abs_feat_delta = 0.254472\n"}
,{"stream_name":"stdout","time":1816.012076378,"data":"EDGE_TTA_ACTIVE views = 8 mean_abs_feat_delta = 0.360113\n"}
,{"stream_name":"stdout","time":1816.653925066,"data":"EDGE_TTA_ACTIVE views = 8 mean_abs_feat_delta = 0.341057\n"}
,{"stream_name":"stdout","time":1816.984596589,"data":"SECONDARY_EDGE_TTA_ACTIVE views = 8 weight = 0.75 mean_abs_feat_delta = 0.327605\n"}
,{"stream_name":"stdout","time":1816.988776873,"data":"BIOHUB_RETENTION_GUARD {\"blended_candidates\": 282, \"dataset\": \"44b6_2a2eff9f\", \"frame\": 57, \"minimum_retention\": 0.9, \"primary_candidates\": 451, \"retention\": 0.6252771618625277, \"use_primary\": true}\n"}
,{"stream_name":"stdout","time":1817.696985949,"data":"SECONDARY_EDGE_TTA_ACTIVE views = 8 weight = 0.75 mean_abs_feat_delta = 0.251768\n"}
,{"stream_name":"stdout","time":1818.118578588,"data":"EDGE_TTA_ACTIVE views = 8 mean_abs_feat_delta = 0.365191\n"}
,{"stream_name":"stdout","time":1818.916213545,"data":"EDGE_TTA_ACTIVE views = 8 mean_abs_feat_delta = 0.336331\n"}
,{"stream_name":"stdout","time":1819.093851316,"data":"SECONDARY_EDGE_TTA_ACTIVE views = 8 weight = 0.75 mean_abs_feat_delta = 0.329719\n"}
,{"stream_name":"stdout","time":1819.097845596,"data":"BIOHUB_RETENTION_GUARD {\"blended_candidates\": 270, \"dataset\": \"44b6_2a2eff9f\", \"frame\": 58, \"minimum_retention\": 0.9, \"primary_candidates\": 429, \"retention\": 0.6293706293706294, \"use_primary\": true}\n"}
,{"stream_name":"stdout","time":1819.852628366,"data":"SECONDARY_EDGE_TTA_ACTIVE views = 8 weight = 0.75 mean_abs_feat_delta = 0.249247\n"}
,{"stream_name":"stdout","time":1820.243879221,"data":"EDGE_TTA_ACTIVE views = 8 mean_abs_feat_delta = 0.369054\n"}
,{"stream_name":"stdout","time":1820.975721641,"data":"EDGE_TTA_ACTIVE views = 8 mean_abs_feat_delta = 0.334957\n"}
,{"stream_name":"stdout","time":1821.221618841,"data":"SECONDARY_EDGE_TTA_ACTIVE views = 8 weight = 0.75 mean_abs_feat_delta = 0.330811\n"}
,{"stream_name":"stdout","time":1821.225444317,"data":"BIOHUB_RETENTION_GUARD {\"blended_candidates\": 335, \"dataset\": \"44b6_2a2eff9f\", \"frame\": 59, \"minimum_retention\": 0.9, \"primary_candidates\": 469, \"retention\": 0.7142857142857143, \"use_primary\": true}\n"}
,{"stream_name":"stdout","time":1822.016633351,"data":"SECONDARY_EDGE_TTA_ACTIVE views = 8 weight = 0.75 mean_abs_feat_delta = 0.249987\n"}
,{"stream_name":"stdout","time":1822.345039281,"data":"EDGE_TTA_ACTIVE views = 8 mean_abs_feat_delta = 0.371614\n"}
,{"stream_name":"stdout","time":1823.127861002,"data":"EDGE_TTA_ACTIVE views = 8 mean_abs_feat_delta = 0.341619\n"}
,{"stream_name":"stdout","time":1823.315014353,"data":"SECONDARY_EDGE_TTA_ACTIVE views = 8 weight = 0.75 mean_abs_feat_delta = 0.331977\n"}
,{"stream_name":"stdout","time":1823.318911742,"data":"BIOHUB_RETENTION_GUARD {\"blended_candidates\": 284, \"dataset\": \"44b6_2a2eff9f\", \"frame\": 60, \"minimum_retention\": 0.9, \"primary_candidates\": 436, \"retention\": 0.6513761467889908, \"use_primary\": true}\n"}
,{"stream_name":"stdout","time":1824.174086609,"data":"SECONDARY_EDGE_TTA_ACTIVE views = 8 weight = 0.75 mean_abs_feat_delta = 0.250903\n"}
,{"stream_name":"stdout","time":1824.446758964,"data":"EDGE_TTA_ACTIVE views = 8 mean_abs_feat_delta = 0.368199\n"}
,{"stream_name":"stdout","time":1825.282540214,"data":"EDGE_TTA_ACTIVE views = 8 mean_abs_feat_delta = 0.337701\n"}
,{"stream_name":"stdout","time":1825.419261994,"data":"SECONDARY_EDGE_TTA_ACTIVE views = 8 weight = 0.75 mean_abs_feat_delta = 0.326439\n"}
,{"stream_name":"stdout","time":1825.423467694,"data":"BIOHUB_RETENTION_GUARD {\"blended_candidates\": 321, \"dataset\": \"44b6_2a2eff9f\", \"frame\": 61, \"minimum_retention\": 0.9, \"primary_candidates\": 451, \"retention\": 0.7117516629711752, \"use_primary\": true}\n"}
,{"stream_name":"stdout","time":1826.328726492,"data":"SECONDARY_EDGE_TTA_ACTIVE views = 8 weight = 0.75 mean_abs_feat_delta = 0.251856\n"}
,{"stream_name":"stdout","time":1826.5536366,"data":"EDGE_TTA_ACTIVE views = 8 mean_abs_feat_delta = 0.36467\n"}
,{"stream_name":"stdout","time":1827.494255477,"data":"EDGE_TTA_ACTIVE views = 8 mean_abs_feat_delta = 0.333193\n"}
,{"stream_name":"stdout","time":1827.528281835,"data":"SECONDARY_EDGE_TTA_ACTIVE views = 8 weight = 0.75 mean_abs_feat_delta = 0.326516\n"}
,{"stream_name":"stdout","time":1827.532149574,"data":"BIOHUB_RETENTION_GUARD {\"blended_candidates\": 420, \"dataset\": \"44b6_2a2eff9f\", \"frame\": 62, \"minimum_retention\": 0.9, \"primary_candidates\": 490, \"retention\": 0.8571428571428571, \"use_primary\": true}\n"}
,{"stream_name":"stdout","time":1828.540446288,"data":"SECONDARY_EDGE_TTA_ACTIVE views = 8 weight = 0.75 mean_abs_feat_delta = 0.252863\n"}
,{"stream_name":"stdout","time":1828.678249223,"data":"EDGE_TTA_ACTIVE views = 8 mean_abs_feat_delta = 0.365175\n"}
,{"stream_name":"stdout","time":1829.656528749,"data":"SECONDARY_EDGE_TTA_ACTIVE views = 8 weight = 0.75 mean_abs_feat_delta = 0.335461\n"}
,{"stream_name":"stdout","time":1829.658242517,"data":"EDGE_TTA_ACTIVE views = 8 mean_abs_feat_delta = 0.336337\n"}
,{"stream_name":"stdout","time":1829.660599011,"data":"BIOHUB_RETENTION_GUARD {\"blended_candidates\": 337, \"dataset\": \"44b6_2a2eff9f\", \"frame\": 63, \"minimum_retention\": 0.9, \"primary_candidates\": 473, \"retention\": 0.7124735729386892, \"use_primary\": true}\n"}
,{"stream_name":"stdout","time":1830.705022186,"data":"SECONDARY_EDGE_TTA_ACTIVE views = 8 weight = 0.75 mean_abs_feat_delta = 0.248811\n"}
,{"stream_name":"stdout","time":1830.787979879,"data":"EDGE_TTA_ACTIVE views = 8 mean_abs_feat_delta = 0.363902\n"}
,{"stream_name":"stdout","time":1831.762771135,"data":"SECONDARY_EDGE_TTA_ACTIVE views = 8 weight = 0.75 mean_abs_feat_delta = 0.330483\n"}
,{"stream_name":"stdout","time":1831.766593559,"data":"BIOHUB_RETENTION_GUARD {\"blended_candidates\": 333, \"dataset\": \"44b6_2a2eff9f\", \"frame\": 64, \"minimum_retention\": 0.9, \"primary_candidates\": 464, \"retention\": 0.7176724137931034, \"use_primary\": true}\n"}
,{"stream_name":"stdout","time":1831.882419367,"data":"EDGE_TTA_ACTIVE views = 8 mean_abs_feat_delta = 0.340775\n"}
,{"stream_name":"stdout","time":1832.897008499,"data":"EDGE_TTA_ACTIVE views = 8 mean_abs_feat_delta = 0.365061\n"}
,{"stream_name":"stdout","time":1832.930369725,"data":"SECONDARY_EDGE_TTA_ACTIVE views = 8 weight = 0.75 mean_abs_feat_delta = 0.245586\n"}
,{"stream_name":"stdout","time":1833.873756854,"data":"SECONDARY_EDGE_TTA_ACTIVE views = 8 weight = 0.75 mean_abs_feat_delta = 0.325601\n"}
,{"stream_name":"stdout","time":1833.877597325,"data":"BIOHUB_RETENTION_GUARD {\"blended_candidates\": 363, \"dataset\": \"44b6_2a2eff9f\", \"frame\": 65, \"minimum_retention\": 0.9, \"primary_candidates\": 495, \"retention\": 0.7333333333333333, \"use_primary\": true}\n"}
,{"stream_name":"stdout","time":1834.041659841,"data":"EDGE_TTA_ACTIVE views = 8 mean_abs_feat_delta = 0.340687\n"}
,{"stream_name":"stdout","time":1835.0665748,"data":"EDGE_TTA_ACTIVE views = 8 mean_abs_feat_delta = 0.365762\n"}
,{"stream_name":"stdout","time":1835.097179001,"data":"SECONDARY_EDGE_TTA_ACTIVE views = 8 weight = 0.75 mean_abs_feat_delta = 0.249088\n"}
,{"stream_name":"stdout","time":1836.040111524,"data":"SECONDARY_EDGE_TTA_ACTIVE views = 8 weight = 0.75 mean_abs_feat_delta = 0.323744\n"}
,{"stream_name":"stdout","time":1836.043759777,"data":"BIOHUB_RETENTION_GUARD {\"blended_candidates\": 341, \"dataset\": \"44b6_2a2eff9f\", \"frame\": 66, \"minimum_retention\": 0.9, \"primary_candidates\": 457, \"retention\": 0.7461706783369803, \"use_primary\": true}\n"}
,{"stream_name":"stdout","time":1836.254013891,"data":"EDGE_TTA_ACTIVE views = 8 mean_abs_feat_delta = 0.335059\n"}
,{"stream_name":"stdout","time":1837.174807039,"data":"EDGE_TTA_ACTIVE views = 8 mean_abs_feat_delta = 0.367265\n"}
,{"stream_name":"stdout","time":1837.303572899,"data":"SECONDARY_EDGE_TTA_ACTIVE views = 8 weight = 0.75 mean_abs_feat_delta = 0.248363\n"}
,{"stream_name":"stdout","time":1838.149860103,"data":"SECONDARY_EDGE_TTA_ACTIVE views = 8 weight = 0.75 mean_abs_feat_delta = 0.323117\n"}
,{"stream_name":"stdout","time":1838.154013355,"data":"BIOHUB_RETENTION_GUARD {\"blended_candidates\": 360, \"dataset\": \"44b6_2a2eff9f\", \"frame\": 67, \"minimum_retention\": 0.9, \"primary_candidates\": 460, \"retention\": 0.782608695652174, \"use_primary\": true}\n"}
,{"stream_name":"stdout","time":1838.449824496,"data":"EDGE_TTA_ACTIVE views = 8 mean_abs_feat_delta = 0.332462\n"}
,{"stream_name":"stdout","time":1839.322501345,"data":"EDGE_TTA_ACTIVE views = 8 mean_abs_feat_delta = 0.368968\n"}
,{"stream_name":"stdout","time":1839.499410647,"data":"SECONDARY_EDGE_TTA_ACTIVE views = 8 weight = 0.75 mean_abs_feat_delta = 0.249044\n"}
,{"stream_name":"stdout","time":1840.29687499,"data":"SECONDARY_EDGE_TTA_ACTIVE views = 8 weight = 0.75 mean_abs_feat_delta = 0.325646\n"}
,{"stream_name":"stdout","time":1840.301006976,"data":"BIOHUB_RETENTION_GUARD {\"blended_candidates\": 333, \"dataset\": \"44b6_2a2eff9f\", \"frame\": 68, \"minimum_retention\": 0.9, \"primary_candidates\": 457, \"retention\": 0.7286652078774617, \"use_primary\": true}\n"}
,{"stream_name":"stdout","time":1840.619419612,"data":"EDGE_TTA_ACTIVE views = 8 mean_abs_feat_delta = 0.330292\n"}
,{"stream_name":"stdout","time":1841.462497906,"data":"EDGE_TTA_ACTIVE views = 8 mean_abs_feat_delta = 0.371411\n"}
,{"stream_name":"stdout","time":1841.671735637,"data":"SECONDARY_EDGE_TTA_ACTIVE views = 8 weight = 0.75 mean_abs_feat_delta = 0.247402\n"}
,{"stream_name":"stdout","time":1842.443802533,"data":"SECONDARY_EDGE_TTA_ACTIVE views = 8 weight = 0.75 mean_abs_feat_delta = 0.321799\n"}
,{"stream_name":"stdout","time":1842.447635493,"data":"BIOHUB_RETENTION_GUARD {\"blended_candidates\": 343, \"dataset\": \"44b6_2a2eff9f\", \"frame\": 69, \"minimum_retention\": 0.9, \"primary_candidates\": 458, \"retention\": 0.7489082969432315, \"use_primary\": true}\n"}
,{"stream_name":"stdout","time":1842.850409696,"data":"EDGE_TTA_ACTIVE views = 8 mean_abs_feat_delta = 0.330247\n"}
,{"stream_name":"stdout","time":1843.636863923,"data":"EDGE_TTA_ACTIVE views = 8 mean_abs_feat_delta = 0.367712\n"}
,{"stream_name":"stdout","time":1843.901620815,"data":"SECONDARY_EDGE_TTA_ACTIVE views = 8 weight = 0.75 mean_abs_feat_delta = 0.246196\n"}
,{"stream_name":"stdout","time":1844.611732674,"data":"SECONDARY_EDGE_TTA_ACTIVE views = 8 weight = 0.75 mean_abs_feat_delta = 0.319894\n"}
,{"stream_name":"stdout","time":1844.61574569,"data":"BIOHUB_RETENTION_GUARD {\"blended_candidates\": 392, \"dataset\": \"44b6_2a2eff9f\", \"frame\": 70, \"minimum_retention\": 0.9, \"primary_candidates\": 501, \"retention\": 0.782435129740519, \"use_primary\": true}\n"}
,{"stream_name":"stdout","time":1845.085587255,"data":"EDGE_TTA_ACTIVE views = 8 mean_abs_feat_delta = 0.330898\n"}
,{"stream_name":"stdout","time":1845.783814897,"data":"EDGE_TTA_ACTIVE views = 8 mean_abs_feat_delta = 0.369529\n"}
,{"stream_name":"stdout","time":1846.140692855,"data":"SECONDARY_EDGE_TTA_ACTIVE views = 8 weight = 0.75 mean_abs_feat_delta = 0.246797\n"}
,{"stream_name":"stdout","time":1846.758251874,"data":"SECONDARY_EDGE_TTA_ACTIVE views = 8 weight = 0.75 mean_abs_feat_delta = 0.326641\n"}
,{"stream_name":"stdout","time":1846.762292904,"data":"BIOHUB_RETENTION_GUARD {\"blended_candidates\": 325, \"dataset\": \"44b6_2a2eff9f\", \"frame\": 71, \"minimum_retention\": 0.9, \"primary_candidates\": 454, \"retention\": 0.7158590308370044, \"use_primary\": true}\n"}
,{"stream_name":"stdout","time":1847.317718614,"data":"EDGE_TTA_ACTIVE views = 8 mean_abs_feat_delta = 0.328729\n"}
,{"stream_name":"stdout","time":1847.903737925,"data":"EDGE_TTA_ACTIVE views = 8 mean_abs_feat_delta = 0.372852\n"}
,{"stream_name":"stdout","time":1848.374124623,"data":"SECONDARY_EDGE_TTA_ACTIVE views = 8 weight = 0.75 mean_abs_feat_delta = 0.247817\n"}
,{"stream_name":"stdout","time":1848.884656529,"data":"SECONDARY_EDGE_TTA_ACTIVE views = 8 weight = 0.75 mean_abs_feat_delta = 0.331958\n"}
,{"stream_name":"stdout","time":1848.888471327,"data":"BIOHUB_RETENTION_GUARD {\"blended_candidates\": 319, \"dataset\": \"44b6_2a2eff9f\", \"frame\": 72, \"minimum_retention\": 0.9, \"primary_candidates\": 479, \"retention\": 0.6659707724425887, \"use_primary\": true}\n"}
,{"stream_name":"stdout","time":1849.628826219,"data":"EDGE_TTA_ACTIVE views = 8 mean_abs_feat_delta = 0.332801\n"}
,{"stream_name":"stdout","time":1850.016270339,"data":"EDGE_TTA_ACTIVE views = 8 mean_abs_feat_delta = 0.372623\n"}
,{"stream_name":"stdout","time":1850.573269898,"data":"SECONDARY_EDGE_TTA_ACTIVE views = 8 weight = 0.75 mean_abs_feat_delta = 0.246115\n"}
,{"stream_name":"stdout","time":1850.99478272,"data":"SECONDARY_EDGE_TTA_ACTIVE views = 8 weight = 0.75 mean_abs_feat_delta = 0.336114\n"}
,{"stream_name":"stdout","time":1851.000001035,"data":"BIOHUB_RETENTION_GUARD {\"blended_candidates\": 267, \"dataset\": \"44b6_2a2eff9f\", \"frame\": 73, \"minimum_retention\": 0.9, \"primary_candidates\": 429, \"retention\": 0.6223776223776224, \"use_primary\": true}\n"}
,{"stream_name":"stdout","time":1851.704390113,"data":"EDGE_TTA_ACTIVE views = 8 mean_abs_feat_delta = 0.336225\n"}
,{"stream_name":"stdout","time":1852.161832978,"data":"EDGE_TTA_ACTIVE views = 8 mean_abs_feat_delta = 0.372378\n"}
,{"stream_name":"stdout","time":1852.760689822,"data":"SECONDARY_EDGE_TTA_ACTIVE views = 8 weight = 0.75 mean_abs_feat_delta = 0.246368\n"}
,{"stream_name":"stdout","time":1853.142293933,"data":"SECONDARY_EDGE_TTA_ACTIVE views = 8 weight = 0.75 mean_abs_feat_delta = 0.336279\n"}
,{"stream_name":"stdout","time":1853.146426682,"data":"BIOHUB_RETENTION_GUARD {\"blended_candidates\": 299, \"dataset\": \"44b6_2a2eff9f\", \"frame\": 74, \"minimum_retention\": 0.9, \"primary_candidates\": 451, \"retention\": 0.6629711751662971, \"use_primary\": true}\n"}
,{"stream_name":"stdout","time":1853.876622194,"data":"EDGE_TTA_ACTIVE views = 8 mean_abs_feat_delta = 0.333529\n"}
,{"stream_name":"stdout","time":1854.331862909,"data":"EDGE_TTA_ACTIVE views = 8 mean_abs_feat_delta = 0.373635\n"}
,{"stream_name":"stdout","time":1854.931154048,"data":"SECONDARY_EDGE_TTA_ACTIVE views = 8 weight = 0.75 mean_abs_feat_delta = 0.248276\n"}
,{"stream_name":"stdout","time":1855.307690897,"data":"SECONDARY_EDGE_TTA_ACTIVE views = 8 weight = 0.75 mean_abs_feat_delta = 0.342354\n"}
,{"stream_name":"stdout","time":1855.311355459,"data":"BIOHUB_RETENTION_GUARD {\"blended_candidates\": 272, \"dataset\": \"44b6_2a2eff9f\", \"frame\": 75, \"minimum_retention\": 0.9, \"primary_candidates\": 452, \"retention\": 0.6017699115044248, \"use_primary\": true}\n"}
,{"stream_name":"stdout","time":1856.053829581,"data":"EDGE_TTA_ACTIVE views = 8 mean_abs_feat_delta = 0.334563\n"}
,{"stream_name":"stdout","time":1856.438786375,"data":"EDGE_TTA_ACTIVE views = 8 mean_abs_feat_delta = 0.373002\n"}
,{"stream_name":"stdout","time":1857.110440167,"data":"SECONDARY_EDGE_TTA_ACTIVE views = 8 weight = 0.75 mean_abs_feat_delta = 0.246163\n"}
,{"stream_name":"stdout","time":1857.413001628,"data":"SECONDARY_EDGE_TTA_ACTIVE views = 8 weight = 0.75 mean_abs_feat_delta = 0.344323\n"}
,{"stream_name":"stdout","time":1857.41693892,"data":"BIOHUB_RETENTION_GUARD {\"blended_candidates\": 249, \"dataset\": \"44b6_2a2eff9f\", \"frame\": 76, \"minimum_retention\": 0.9, \"primary_candidates\": 455, \"retention\": 0.5472527472527473, \"use_primary\": true}\n"}
,{"stream_name":"stdout","time":1858.229348105,"data":"EDGE_TTA_ACTIVE views = 8 mean_abs_feat_delta = 0.333359\n"}
,{"stream_name":"stdout","time":1858.58687399,"data":"EDGE_TTA_ACTIVE views = 8 mean_abs_feat_delta = 0.37058\n"}
,{"stream_name":"stdout","time":1859.286343913,"data":"SECONDARY_EDGE_TTA_ACTIVE views = 8 weight = 0.75 mean_abs_feat_delta = 0.245654\n"}
,{"stream_name":"stdout","time":1859.571333769,"data":"SECONDARY_EDGE_TTA_ACTIVE views = 8 weight = 0.75 mean_abs_feat_delta = 0.341175\n"}
,{"stream_name":"stdout","time":1859.575518354,"data":"BIOHUB_RETENTION_GUARD {\"blended_candidates\": 268, \"dataset\": \"44b6_2a2eff9f\", \"frame\": 77, \"minimum_retention\": 0.9, \"primary_candidates\": 447, \"retention\": 0.5995525727069351, \"use_primary\": true}\n"}
,{"stream_name":"stdout","time":1860.410848783,"data":"EDGE_TTA_ACTIVE views = 8 mean_abs_feat_delta = 0.329517\n"}
,{"stream_name":"stdout","time":1860.752877963,"data":"EDGE_TTA_ACTIVE views = 8 mean_abs_feat_delta = 0.364196\n"}
,{"stream_name":"stdout","time":1861.467324599,"data":"SECONDARY_EDGE_TTA_ACTIVE views = 8 weight = 0.75 mean_abs_feat_delta = 0.249452\n"}
,{"stream_name":"stdout","time":1861.727095882,"data":"SECONDARY_EDGE_TTA_ACTIVE views = 8 weight = 0.75 mean_abs_feat_delta = 0.343476\n"}
,{"stream_name":"stdout","time":1861.730723366,"data":"BIOHUB_RETENTION_GUARD {\"blended_candidates\": 363, \"dataset\": \"44b6_2a2eff9f\", \"frame\": 78, \"minimum_retention\": 0.9, \"primary_candidates\": 496, \"retention\": 0.7318548387096774, \"use_primary\": true}\n"}
,{"stream_name":"stdout","time":1862.583432702,"data":"EDGE_TTA_ACTIVE views = 8 mean_abs_feat_delta = 0.327674\n"}
,{"stream_name":"stdout","time":1862.87651925,"data":"EDGE_TTA_ACTIVE views = 8 mean_abs_feat_delta = 0.362629\n"}
,{"stream_name":"stdout","time":1863.639874229,"data":"SECONDARY_EDGE_TTA_ACTIVE views = 8 weight = 0.75 mean_abs_feat_delta = 0.247601\n"}
,{"stream_name":"stdout","time":1863.853492186,"data":"SECONDARY_EDGE_TTA_ACTIVE views = 8 weight = 0.75 mean_abs_feat_delta = 0.34125\n"}
,{"stream_name":"stdout","time":1863.85738116,"data":"BIOHUB_RETENTION_GUARD {\"blended_candidates\": 380, \"dataset\": \"44b6_2a2eff9f\", \"frame\": 79, \"minimum_retention\": 0.9, \"primary_candidates\": 504, \"retention\": 0.753968253968254, \"use_primary\": true}\n"}
,{"stream_name":"stdout","time":1865.185871323,"data":"EDGE_TTA_ACTIVE views = 8 mean_abs_feat_delta = 0.368271\n"}
,{"stream_name":"stdout","time":1866.163167991,"data":"SECONDARY_EDGE_TTA_ACTIVE views = 8 weight = 0.75 mean_abs_feat_delta = 0.342222\n"}
,{"stream_name":"stdout","time":1866.166596488,"data":"BIOHUB_RETENTION_GUARD {\"blended_candidates\": 305, \"dataset\": \"44b6_2a2eff9f\", \"frame\": 80, \"minimum_retention\": 0.9, \"primary_candidates\": 469, \"retention\": 0.650319829424307, \"use_primary\": true}\n"}
,{"stream_name":"stdout","time":1867.372954917,"data":"EDGE_TTA_ACTIVE views = 8 mean_abs_feat_delta = 0.364769\n"}
,{"stream_name":"stdout","time":1868.347613059,"data":"SECONDARY_EDGE_TTA_ACTIVE views = 8 weight = 0.75 mean_abs_feat_delta = 0.336419\n"}
,{"stream_name":"stdout","time":1868.351449855,"data":"BIOHUB_RETENTION_GUARD {\"blended_candidates\": 316, \"dataset\": \"44b6_2a2eff9f\", \"frame\": 81, \"minimum_retention\": 0.9, \"primary_candidates\": 463, \"retention\": 0.6825053995680346, \"use_primary\": true}\n"}
,{"stream_name":"stdout","time":1869.516832348,"data":"EDGE_TTA_ACTIVE views = 8 mean_abs_feat_delta = 0.365921\n"}
,{"stream_name":"stdout","time":1870.495180162,"data":"SECONDARY_EDGE_TTA_ACTIVE views = 8 weight = 0.75 mean_abs_feat_delta = 0.332057\n"}
,{"stream_name":"stdout","time":1870.499100937,"data":"BIOHUB_RETENTION_GUARD {\"blended_candidates\": 303, \"dataset\": \"44b6_2a2eff9f\", \"frame\": 82, \"minimum_retention\": 0.9, \"primary_candidates\": 462, \"retention\": 0.6558441558441559, \"use_primary\": true}\n"}
,{"stream_name":"stdout","time":1871.336984211,"data":"EDGE_TTA_ACTIVE views = 8 mean_abs_feat_delta = 0.354392\n"}
,{"stream_name":"stdout","time":1871.706398741,"data":"EDGE_TTA_ACTIVE views = 8 mean_abs_feat_delta = 0.368883\n"}
,{"stream_name":"stdout","time":1872.365066592,"data":"SECONDARY_EDGE_TTA_ACTIVE views = 8 weight = 0.75 mean_abs_feat_delta = 0.268187\n"}
,{"stream_name":"stdout","time":1872.682654355,"data":"SECONDARY_EDGE_TTA_ACTIVE views = 8 weight = 0.75 mean_abs_feat_delta = 0.32949\n"}
,{"stream_name":"stdout","time":1872.686610314,"data":"BIOHUB_RETENTION_GUARD {\"blended_candidates\": 264, \"dataset\": \"44b6_2a2eff9f\", \"frame\": 83, \"minimum_retention\": 0.9, \"primary_candidates\": 434, \"retention\": 0.6082949308755761, \"use_primary\": true}\n"}
,{"stream_name":"stdout","time":1873.528893787,"data":"EDGE_TTA_ACTIVE views = 8 mean_abs_feat_delta = 0.354989\n"}
,{"stream_name":"stdout","time":1873.894765201,"data":"EDGE_TTA_ACTIVE views = 8 mean_abs_feat_delta = 0.368343\n"}
,{"stream_name":"stdout","time":1874.562020182,"data":"SECONDARY_EDGE_TTA_ACTIVE views = 8 weight = 0.75 mean_abs_feat_delta = 0.270508\n"}
,{"stream_name":"stdout","time":1874.880199819,"data":"SECONDARY_EDGE_TTA_ACTIVE views = 8 weight = 0.75 mean_abs_feat_delta = 0.326369\n"}
,{"stream_name":"stdout","time":1874.884282118,"data":"BIOHUB_RETENTION_GUARD {\"blended_candidates\": 290, \"dataset\": \"44b6_2a2eff9f\", \"frame\": 84, \"minimum_retention\": 0.9, \"primary_candidates\": 458, \"retention\": 0.6331877729257642, \"use_primary\": true}\n"}
,{"stream_name":"stdout","time":1875.739611241,"data":"EDGE_TTA_ACTIVE views = 8 mean_abs_feat_delta = 0.348797\n"}
,{"stream_name":"stdout","time":1876.004673931,"data":"EDGE_TTA_ACTIVE views = 8 mean_abs_feat_delta = 0.365564\n"}
,{"stream_name":"stdout","time":1876.780284307,"data":"SECONDARY_EDGE_TTA_ACTIVE views = 8 weight = 0.75 mean_abs_feat_delta = 0.266832\n"}
,{"stream_name":"stdout","time":1876.994790452,"data":"SECONDARY_EDGE_TTA_ACTIVE views = 8 weight = 0.75 mean_abs_feat_delta = 0.325046\n"}
,{"stream_name":"stdout","time":1876.999112491,"data":"BIOHUB_RETENTION_GUARD {\"blended_candidates\": 328, \"dataset\": \"44b6_2a2eff9f\", \"frame\": 85, \"minimum_retention\": 0.9, \"primary_candidates\": 478, \"retention\": 0.6861924686192469, \"use_primary\": true}\n"}
,{"stream_name":"stdout","time":1878.0258049,"data":"EDGE_TTA_ACTIVE views = 8 mean_abs_feat_delta = 0.344096\n"}
,{"stream_name":"stdout","time":1878.135258669,"data":"EDGE_TTA_ACTIVE views = 8 mean_abs_feat_delta = 0.362074\n"}
,{"stream_name":"stdout","time":1879.070529242,"data":"SECONDARY_EDGE_TTA_ACTIVE views = 8 weight = 0.75 mean_abs_feat_delta = 0.264193\n"}
,{"stream_name":"stdout","time":1879.127559057,"data":"SECONDARY_EDGE_TTA_ACTIVE views = 8 weight = 0.75 mean_abs_feat_delta = 0.327764\n"}
,{"stream_name":"stdout","time":1879.131256366,"data":"BIOHUB_RETENTION_GUARD {\"blended_candidates\": 362, \"dataset\": \"44b6_2a2eff9f\", \"frame\": 86, \"minimum_retention\": 0.9, \"primary_candidates\": 489, \"retention\": 0.7402862985685071, \"use_primary\": true}\n"}
,{"stream_name":"stdout","time":1880.380793542,"data":"EDGE_TTA_ACTIVE views = 8 mean_abs_feat_delta = 0.343236\n"}
,{"stream_name":"stdout","time":1880.38081982,"data":"EDGE_TTA_ACTIVE views = 8 mean_abs_feat_delta = 0.362517\n"}
,{"stream_name":"stdout","time":1881.279650446,"data":"SECONDARY_EDGE_TTA_ACTIVE views = 8 weight = 0.75 mean_abs_feat_delta = 0.33329\n"}
,{"stream_name":"stdout","time":1881.283531928,"data":"BIOHUB_RETENTION_GUARD {\"blended_candidates\": 343, \"dataset\": \"44b6_2a2eff9f\", \"frame\": 87, \"minimum_retention\": 0.9, \"primary_candidates\": 480, \"retention\": 0.7145833333333333, \"use_primary\": true}\n"}
,{"stream_name":"stdout","time":1881.315993674,"data":"SECONDARY_EDGE_TTA_ACTIVE views = 8 weight = 0.75 mean_abs_feat_delta = 0.2659\n"}
,{"stream_name":"stdout","time":1882.469485579,"data":"EDGE_TTA_ACTIVE views = 8 mean_abs_feat_delta = 0.359453\n"}
,{"stream_name":"stdout","time":1882.531645346,"data":"EDGE_TTA_ACTIVE views = 8 mean_abs_feat_delta = 0.346139\n"}
,{"stream_name":"stdout","time":1883.469701124,"data":"SECONDARY_EDGE_TTA_ACTIVE views = 8 weight = 0.75 mean_abs_feat_delta = 0.336504\n"}
,{"stream_name":"stdout","time":1883.473747415,"data":"BIOHUB_RETENTION_GUARD {\"blended_candidates\": 254, \"dataset\": \"44b6_2a2eff9f\", \"frame\": 88, \"minimum_retention\": 0.9, \"primary_candidates\": 444, \"retention\": 0.5720720720720721, \"use_primary\": true}\n"}
,{"stream_name":"stdout","time":1883.591196656,"data":"SECONDARY_EDGE_TTA_ACTIVE views = 8 weight = 0.75 mean_abs_feat_delta = 0.268655\n"}
,{"stream_name":"stdout","time":1884.674264274,"data":"EDGE_TTA_ACTIVE views = 8 mean_abs_feat_delta = 0.360125\n"}
,{"stream_name":"stdout","time":1884.800156762,"data":"EDGE_TTA_ACTIVE views = 8 mean_abs_feat_delta = 0.345393\n"}
,{"stream_name":"stdout","time":1885.676680214,"data":"SECONDARY_EDGE_TTA_ACTIVE views = 8 weight = 0.75 mean_abs_feat_delta = 0.333294\n"}
,{"stream_name":"stdout","time":1885.681108812,"data":"BIOHUB_RETENTION_GUARD {\"blended_candidates\": 285, \"dataset\": \"44b6_2a2eff9f\", \"frame\": 89, \"minimum_retention\": 0.9, \"primary_candidates\": 472, \"retention\": 0.6038135593220338, \"use_primary\": true}\n"}
,{"stream_name":"stdout","time":1885.880250061,"data":"SECONDARY_EDGE_TTA_ACTIVE views = 8 weight = 0.75 mean_abs_feat_delta = 0.274098\n"}
,{"stream_name":"stdout","time":1886.845374807,"data":"EDGE_TTA_ACTIVE views = 8 mean_abs_feat_delta = 0.35614\n"}
,{"stream_name":"stdout","time":1887.109202133,"data":"EDGE_TTA_ACTIVE views = 8 mean_abs_feat_delta = 0.343626\n"}
,{"stream_name":"stdout","time":1887.853978686,"data":"SECONDARY_EDGE_TTA_ACTIVE views = 8 weight = 0.75 mean_abs_feat_delta = 0.331259\n"}
,{"stream_name":"stdout","time":1887.858320955,"data":"BIOHUB_RETENTION_GUARD {\"blended_candidates\": 340, \"dataset\": \"44b6_2a2eff9f\", \"frame\": 90, \"minimum_retention\": 0.9, \"primary_candidates\": 473, \"retention\": 0.718816067653277, \"use_primary\": true}\n"}
,{"stream_name":"stdout","time":1888.18255083,"data":"SECONDARY_EDGE_TTA_ACTIVE views = 8 weight = 0.75 mean_abs_feat_delta = 0.270171\n"}
,{"stream_name":"stdout","time":1889.057099925,"data":"EDGE_TTA_ACTIVE views = 8 mean_abs_feat_delta = 0.356719\n"}
,{"stream_name":"stdout","time":1889.428453942,"data":"EDGE_TTA_ACTIVE views = 8 mean_abs_feat_delta = 0.347614\n"}
,{"stream_name":"stdout","time":1890.068628372,"data":"SECONDARY_EDGE_TTA_ACTIVE views = 8 weight = 0.75 mean_abs_feat_delta = 0.334726\n"}
,{"stream_name":"stdout","time":1890.07243137,"data":"BIOHUB_RETENTION_GUARD {\"blended_candidates\": 348, \"dataset\": \"44b6_2a2eff9f\", \"frame\": 91, \"minimum_retention\": 0.9, \"primary_candidates\": 476, \"retention\": 0.7310924369747899, \"use_primary\": true}\n"}
,{"stream_name":"stdout","time":1890.517382788,"data":"SECONDARY_EDGE_TTA_ACTIVE views = 8 weight = 0.75 mean_abs_feat_delta = 0.269192\n"}
,{"stream_name":"stdout","time":1891.262724725,"data":"EDGE_TTA_ACTIVE views = 8 mean_abs_feat_delta = 0.359241\n"}
,{"stream_name":"stdout","time":1891.742659219,"data":"EDGE_TTA_ACTIVE views = 8 mean_abs_feat_delta = 0.350892\n"}
,{"stream_name":"stdout","time":1892.278175554,"data":"SECONDARY_EDGE_TTA_ACTIVE views = 8 weight = 0.75 mean_abs_feat_delta = 0.334156\n"}
,{"stream_name":"stdout","time":1892.282011142,"data":"BIOHUB_RETENTION_GUARD {\"blended_candidates\": 340, \"dataset\": \"44b6_2a2eff9f\", \"frame\": 92, \"minimum_retention\": 0.9, \"primary_candidates\": 467, \"retention\": 0.728051391862955, \"use_primary\": true}\n"}
,{"stream_name":"stdout","time":1892.837155468,"data":"SECONDARY_EDGE_TTA_ACTIVE views = 8 weight = 0.75 mean_abs_feat_delta = 0.272914\n"}
,{"stream_name":"stdout","time":1893.523989407,"data":"EDGE_TTA_ACTIVE views = 8 mean_abs_feat_delta = 0.357767\n"}
,{"stream_name":"stdout","time":1894.061110893,"data":"EDGE_TTA_ACTIVE views = 8 mean_abs_feat_delta = 0.351945\n"}
,{"stream_name":"stdout","time":1894.540103297,"data":"SECONDARY_EDGE_TTA_ACTIVE views = 8 weight = 0.75 mean_abs_feat_delta = 0.328842\n"}
,{"stream_name":"stdout","time":1894.543730053,"data":"BIOHUB_RETENTION_GUARD {\"blended_candidates\": 344, \"dataset\": \"44b6_2a2eff9f\", \"frame\": 93, \"minimum_retention\": 0.9, \"primary_candidates\": 489, \"retention\": 0.7034764826175869, \"use_primary\": true}\n"}
,{"stream_name":"stdout","time":1895.155695465,"data":"SECONDARY_EDGE_TTA_ACTIVE views = 8 weight = 0.75 mean_abs_feat_delta = 0.273035\n"}
,{"stream_name":"stdout","time":1895.722406014,"data":"EDGE_TTA_ACTIVE views = 8 mean_abs_feat_delta = 0.358418\n"}
,{"stream_name":"stdout","time":1896.38505794,"data":"EDGE_TTA_ACTIVE views = 8 mean_abs_feat_delta = 0.349374\n"}
,{"stream_name":"stdout","time":1896.7357358,"data":"SECONDARY_EDGE_TTA_ACTIVE views = 8 weight = 0.75 mean_abs_feat_delta = 0.327008\n"}
,{"stream_name":"stdout","time":1896.739856307,"data":"BIOHUB_RETENTION_GUARD {\"blended_candidates\": 360, \"dataset\": \"44b6_2a2eff9f\", \"frame\": 94, \"minimum_retention\": 0.9, \"primary_candidates\": 495, \"retention\": 0.7272727272727273, \"use_primary\": true}\n"}
,{"stream_name":"stdout","time":1897.474758983,"data":"SECONDARY_EDGE_TTA_ACTIVE views = 8 weight = 0.75 mean_abs_feat_delta = 0.271935\n"}
,{"stream_name":"stdout","time":1897.92192127,"data":"EDGE_TTA_ACTIVE views = 8 mean_abs_feat_delta = 0.359717\n"}
,{"stream_name":"stdout","time":1898.728317536,"data":"EDGE_TTA_ACTIVE views = 8 mean_abs_feat_delta = 0.351376\n"}
,{"stream_name":"stdout","time":1898.93196661,"data":"SECONDARY_EDGE_TTA_ACTIVE views = 8 weight = 0.75 mean_abs_feat_delta = 0.330388\n"}
,{"stream_name":"stdout","time":1898.935828789,"data":"BIOHUB_RETENTION_GUARD {\"blended_candidates\": 351, \"dataset\": \"44b6_2a2eff9f\", \"frame\": 95, \"minimum_retention\": 0.9, \"primary_candidates\": 480, \"retention\": 0.73125, \"use_primary\": true}\n"}
,{"stream_name":"stdout","time":1899.811338525,"data":"SECONDARY_EDGE_TTA_ACTIVE views = 8 weight = 0.75 mean_abs_feat_delta = 0.26942\n"}
,{"stream_name":"stdout","time":1900.104460803,"data":"EDGE_TTA_ACTIVE views = 8 mean_abs_feat_delta = 0.362555\n"}
,{"stream_name":"stdout","time":1901.084050508,"data":"EDGE_TTA_ACTIVE views = 8 mean_abs_feat_delta = 0.35564\n"}
,{"stream_name":"stdout","time":1901.11126801,"data":"SECONDARY_EDGE_TTA_ACTIVE views = 8 weight = 0.75 mean_abs_feat_delta = 0.336283\n"}
,{"stream_name":"stdout","time":1901.115253981,"data":"BIOHUB_RETENTION_GUARD {\"blended_candidates\": 323, \"dataset\": \"44b6_2a2eff9f\", \"frame\": 96, \"minimum_retention\": 0.9, \"primary_candidates\": 467, \"retention\": 0.6916488222698073, \"use_primary\": true}\n"}
,{"stream_name":"stdout","time":1902.161777711,"data":"SECONDARY_EDGE_TTA_ACTIVE views = 8 weight = 0.75 mean_abs_feat_delta = 0.267667\n"}
,{"stream_name":"stdout","time":1902.304343725,"data":"EDGE_TTA_ACTIVE views = 8 mean_abs_feat_delta = 0.361436\n"}
,{"stream_name":"stdout","time":1903.300580453,"data":"SECONDARY_EDGE_TTA_ACTIVE views = 8 weight = 0.75 mean_abs_feat_delta = 0.336744\n"}
,{"stream_name":"stdout","time":1903.304543273,"data":"BIOHUB_RETENTION_GUARD {\"blended_candidates\": 285, \"dataset\": \"44b6_2a2eff9f\", \"frame\": 97, \"minimum_retention\": 0.9, \"primary_candidates\": 446, \"retention\": 0.6390134529147982, \"use_primary\": true}\n"}
,{"stream_name":"stdout","time":1903.358027059,"data":"EDGE_TTA_ACTIVE views = 8 mean_abs_feat_delta = 0.352377\n"}
,{"stream_name":"stdout","time":1904.428265232,"data":"SECONDARY_EDGE_TTA_ACTIVE views = 8 weight = 0.75 mean_abs_feat_delta = 0.272442\n"}
,{"stream_name":"stdout","time":1904.505989473,"data":"EDGE_TTA_ACTIVE views = 8 mean_abs_feat_delta = 0.35858\n"}
,{"stream_name":"stdout","time":1905.504711605,"data":"SECONDARY_EDGE_TTA_ACTIVE views = 8 weight = 0.75 mean_abs_feat_delta = 0.328176\n"}
,{"stream_name":"stdout","time":1905.508621831,"data":"BIOHUB_RETENTION_GUARD {\"blended_candidates\": 333, \"dataset\": \"44b6_2a2eff9f\", \"frame\": 98, \"minimum_retention\": 0.9, \"primary_candidates\": 495, \"retention\": 0.6727272727272727, \"use_primary\": true}\n"}
,{"stream_name":"stdout","time":1905.688600553,"data":"EDGE_TTA_ACTIVE views = 8 mean_abs_feat_delta = 0.352809\n"}
,{"stream_name":"stdout","time":1906.702540968,"data":"EDGE_TTA_ACTIVE views = 8 mean_abs_feat_delta = 0.354435\n"}
,{"stream_name":"stdout","time":1906.749675041,"data":"SECONDARY_EDGE_TTA_ACTIVE views = 8 weight = 0.75 mean_abs_feat_delta = 0.274668\n"}
,{"stream_name":"stdout","time":1907.693634205,"data":"SECONDARY_EDGE_TTA_ACTIVE views = 8 weight = 0.75 mean_abs_feat_delta = 0.329228\n"}
,{"stream_name":"stdout","time":1907.697211109,"data":"BIOHUB_RETENTION_GUARD {\"blended_candidates\": 268, \"dataset\": \"44b6_2a2eff9f\", \"frame\": 99, \"minimum_retention\": 0.9, \"primary_candidates\": 455, \"retention\": 0.589010989010989, \"use_primary\": true}\n"}
,{"stream_name":"stdout","time":1907.973549261,"data":"EDGE_TTA_ACTIVE views = 8 mean_abs_feat_delta = 0.347118\n"}
,{"stream_name":"stdout","time":1909.033127031,"data":"SECONDARY_EDGE_TTA_ACTIVE views = 8 weight = 0.75 mean_abs_feat_delta = 0.278564\n"}
,{"stream_name":"stdout","time":1910.298532922,"data":"EDGE_TTA_ACTIVE views = 8 mean_abs_feat_delta = 0.353642\n"}
,{"stream_name":"stdout","time":1911.614710549,"data":"SECONDARY_EDGE_TTA_ACTIVE views = 8 weight = 0.75 mean_abs_feat_delta = 0.276498\n"}
,{"stream_name":"stdout","time":1912.610479404,"data":"EDGE_TTA_ACTIVE views = 8 mean_abs_feat_delta = 0.351185\n"}
,{"stream_name":"stdout","time":1913.665348592,"data":"SECONDARY_EDGE_TTA_ACTIVE views = 8 weight = 0.75 mean_abs_feat_delta = 0.279183\n"}
,{"stream_name":"stdout","time":1914.991705859,"data":"EDGE_TTA_ACTIVE views = 8 mean_abs_feat_delta = 0.348389\n"}
,{"stream_name":"stdout","time":1916.038617838,"data":"SECONDARY_EDGE_TTA_ACTIVE views = 8 weight = 0.75 mean_abs_feat_delta = 0.278205\n"}
,{"stream_name":"stdout","time":1917.304570369,"data":"EDGE_TTA_ACTIVE views = 8 mean_abs_feat_delta = 0.351443\n"}
,{"stream_name":"stdout","time":1918.350617082,"data":"SECONDARY_EDGE_TTA_ACTIVE views = 8 weight = 0.75 mean_abs_feat_delta = 0.274986\n"}
,{"stream_name":"stdout","time":1919.601885959,"data":"EDGE_TTA_ACTIVE views = 8 mean_abs_feat_delta = 0.355512\n"}
,{"stream_name":"stdout","time":1920.642479897,"data":"SECONDARY_EDGE_TTA_ACTIVE views = 8 weight = 0.75 mean_abs_feat_delta = 0.274203\n"}
,{"stream_name":"stdout","time":1921.834242065,"data":"EDGE_TTA_ACTIVE views = 8 mean_abs_feat_delta = 0.348668\n"}
,{"stream_name":"stdout","time":1922.871630149,"data":"SECONDARY_EDGE_TTA_ACTIVE views = 8 weight = 0.75 mean_abs_feat_delta = 0.273582\n"}
,{"stream_name":"stdout","time":1924.052540137,"data":"EDGE_TTA_ACTIVE views = 8 mean_abs_feat_delta = 0.346939\n"}
,{"stream_name":"stdout","time":1925.089744383,"data":"SECONDARY_EDGE_TTA_ACTIVE views = 8 weight = 0.75 mean_abs_feat_delta = 0.274097\n"}
,{"stream_name":"stdout","time":1926.251348104,"data":"EDGE_TTA_ACTIVE views = 8 mean_abs_feat_delta = 0.342592\n"}
,{"stream_name":"stdout","time":1927.28971844,"data":"SECONDARY_EDGE_TTA_ACTIVE views = 8 weight = 0.75 mean_abs_feat_delta = 0.277442\n"}
,{"stream_name":"stdout","time":1928.459351624,"data":"EDGE_TTA_ACTIVE views = 8 mean_abs_feat_delta = 0.347841\n"}
,{"stream_name":"stdout","time":1929.494669441,"data":"SECONDARY_EDGE_TTA_ACTIVE views = 8 weight = 0.75 mean_abs_feat_delta = 0.271551\n"}
,{"stream_name":"stdout","time":1930.64739624,"data":"EDGE_TTA_ACTIVE views = 8 mean_abs_feat_delta = 0.345072\n"}
,{"stream_name":"stdout","time":1931.682500161,"data":"SECONDARY_EDGE_TTA_ACTIVE views = 8 weight = 0.75 mean_abs_feat_delta = 0.268445\n"}
,{"stream_name":"stdout","time":1932.846788365,"data":"EDGE_TTA_ACTIVE views = 8 mean_abs_feat_delta = 0.344896\n"}
,{"stream_name":"stdout","time":1933.880549291,"data":"SECONDARY_EDGE_TTA_ACTIVE views = 8 weight = 0.75 mean_abs_feat_delta = 0.270607\n"}
,{"stream_name":"stdout","time":1935.047539226,"data":"EDGE_TTA_ACTIVE views = 8 mean_abs_feat_delta = 0.348324\n"}
,{"stream_name":"stdout","time":1936.083050955,"data":"SECONDARY_EDGE_TTA_ACTIVE views = 8 weight = 0.75 mean_abs_feat_delta = 0.275814\n"}
,{"stream_name":"stdout","time":1937.25510271,"data":"EDGE_TTA_ACTIVE views = 8 mean_abs_feat_delta = 0.346953\n"}
,{"stream_name":"stdout","time":1938.288695495,"data":"SECONDARY_EDGE_TTA_ACTIVE views = 8 weight = 0.75 mean_abs_feat_delta = 0.273692\n"}
,{"stream_name":"stdout","time":1939.445929713,"data":"EDGE_TTA_ACTIVE views = 8 mean_abs_feat_delta = 0.344214\n"}
,{"stream_name":"stdout","time":1940.485038053,"data":"SECONDARY_EDGE_TTA_ACTIVE views = 8 weight = 0.75 mean_abs_feat_delta = 0.270608\n"}
,{"stream_name":"stdout","time":1941.605262769,"data":"EDGE_TTA_ACTIVE views = 8 mean_abs_feat_delta = 0.288475\n"}
,{"stream_name":"stdout","time":1941.765923118,"data":"EDGE_TTA_ACTIVE views = 8 mean_abs_feat_delta = 0.345782\n"}
,{"stream_name":"stdout","time":1942.53589618,"data":"SECONDARY_EDGE_TTA_ACTIVE views = 8 weight = 0.75 mean_abs_feat_delta = 0.217553\n"}
,{"stream_name":"stdout","time":1942.68380546,"data":"SECONDARY_EDGE_TTA_ACTIVE views = 8 weight = 0.75 mean_abs_feat_delta = 0.27426\n"}
,{"stream_name":"stdout","time":1942.687609785,"data":"BIOHUB_RETENTION_GUARD {\"blended_candidates\": 342, \"dataset\": \"6bba_07e24132\", \"frame\": 32, \"minimum_retention\": 0.9, \"primary_candidates\": 392, \"retention\": 0.8724489795918368, \"use_primary\": true}\n"}
,{"stream_name":"stdout","time":1943.556478675,"data":"EDGE_TTA_ACTIVE views = 8 mean_abs_feat_delta = 0.287561\n"}
,{"stream_name":"stdout","time":1943.838046313,"data":"EDGE_TTA_ACTIVE views = 8 mean_abs_feat_delta = 0.345884\n"}
,{"stream_name":"stdout","time":1944.491288555,"data":"SECONDARY_EDGE_TTA_ACTIVE views = 8 weight = 0.75 mean_abs_feat_delta = 0.216934\n"}
,{"stream_name":"stdout","time":1944.876505988,"data":"SECONDARY_EDGE_TTA_ACTIVE views = 8 weight = 0.75 mean_abs_feat_delta = 0.271994\n"}
,{"stream_name":"stdout","time":1945.506529361,"data":"EDGE_TTA_ACTIVE views = 8 mean_abs_feat_delta = 0.288963\n"}
,{"stream_name":"stdout","time":1946.062555542,"data":"EDGE_TTA_ACTIVE views = 8 mean_abs_feat_delta = 0.349488\n"}
,{"stream_name":"stdout","time":1946.444032203,"data":"SECONDARY_EDGE_TTA_ACTIVE views = 8 weight = 0.75 mean_abs_feat_delta = 0.213178\n"}
,{"stream_name":"stdout","time":1947.101745176,"data":"SECONDARY_EDGE_TTA_ACTIVE views = 8 weight = 0.75 mean_abs_feat_delta = 0.27163\n"}
,{"stream_name":"stdout","time":1947.476225964,"data":"EDGE_TTA_ACTIVE views = 8 mean_abs_feat_delta = 0.284378\n"}
,{"stream_name":"stdout","time":1948.253251573,"data":"EDGE_TTA_ACTIVE views = 8 mean_abs_feat_delta = 0.344998\n"}
,{"stream_name":"stdout","time":1948.418137675,"data":"SECONDARY_EDGE_TTA_ACTIVE views = 8 weight = 0.75 mean_abs_feat_delta = 0.21734\n"}
,{"stream_name":"stdout","time":1949.291858919,"data":"SECONDARY_EDGE_TTA_ACTIVE views = 8 weight = 0.75 mean_abs_feat_delta = 0.273802\n"}
,{"stream_name":"stdout","time":1949.426844927,"data":"EDGE_TTA_ACTIVE views = 8 mean_abs_feat_delta = 0.287813\n"}
,{"stream_name":"stdout","time":1950.365965254,"data":"SECONDARY_EDGE_TTA_ACTIVE views = 8 weight = 0.75 mean_abs_feat_delta = 0.213892\n"}
,{"stream_name":"stdout","time":1950.457194437,"data":"EDGE_TTA_ACTIVE views = 8 mean_abs_feat_delta = 0.344112\n"}
,{"stream_name":"stdout","time":1951.397895507,"data":"EDGE_TTA_ACTIVE views = 8 mean_abs_feat_delta = 0.287261\n"}
,{"stream_name":"stdout","time":1951.495729705,"data":"SECONDARY_EDGE_TTA_ACTIVE views = 8 weight = 0.75 mean_abs_feat_delta = 0.271976\n"}
,{"stream_name":"stdout","time":1952.343015742,"data":"SECONDARY_EDGE_TTA_ACTIVE views = 8 weight = 0.75 mean_abs_feat_delta = 0.21242\n"}
,{"stream_name":"stdout","time":1952.707729311,"data":"EDGE_TTA_ACTIVE views = 8 mean_abs_feat_delta = 0.344058\n"}
,{"stream_name":"stdout","time":1953.386218211,"data":"EDGE_TTA_ACTIVE views = 8 mean_abs_feat_delta = 0.28741\n"}
,{"stream_name":"stdout","time":1953.748634674,"data":"SECONDARY_EDGE_TTA_ACTIVE views = 8 weight = 0.75 mean_abs_feat_delta = 0.27149\n"}
,{"stream_name":"stdout","time":1954.333078717,"data":"SECONDARY_EDGE_TTA_ACTIVE views = 8 weight = 0.75 mean_abs_feat_delta = 0.213947\n"}
,{"stream_name":"stdout","time":1954.951819133,"data":"EDGE_TTA_ACTIVE views = 8 mean_abs_feat_delta = 0.342413\n"}
,{"stream_name":"stdout","time":1955.349848702,"data":"EDGE_TTA_ACTIVE views = 8 mean_abs_feat_delta = 0.291909\n"}
,{"stream_name":"stdout","time":1955.995226559,"data":"SECONDARY_EDGE_TTA_ACTIVE views = 8 weight = 0.75 mean_abs_feat_delta = 0.268044\n"}
,{"stream_name":"stdout","time":1956.302098189,"data":"SECONDARY_EDGE_TTA_ACTIVE views = 8 weight = 0.75 mean_abs_feat_delta = 0.227253\n"}
,{"stream_name":"stdout","time":1957.16130524,"data":"EDGE_TTA_ACTIVE views = 8 mean_abs_feat_delta = 0.339014\n"}
,{"stream_name":"stdout","time":1957.360714169,"data":"EDGE_TTA_ACTIVE views = 8 mean_abs_feat_delta = 0.291947\n"}
,{"stream_name":"stdout","time":1958.206222029,"data":"SECONDARY_EDGE_TTA_ACTIVE views = 8 weight = 0.75 mean_abs_feat_delta = 0.262923\n"}
,{"stream_name":"stdout","time":1958.309473157,"data":"SECONDARY_EDGE_TTA_ACTIVE views = 8 weight = 0.75 mean_abs_feat_delta = 0.212589\n"}
,{"stream_name":"stdout","time":1959.330135656,"data":"EDGE_TTA_ACTIVE views = 8 mean_abs_feat_delta = 0.291055\n"}
,{"stream_name":"stdout","time":1959.429256486,"data":"EDGE_TTA_ACTIVE views = 8 mean_abs_feat_delta = 0.331895\n"}
,{"stream_name":"stdout","time":1960.285213523,"data":"SECONDARY_EDGE_TTA_ACTIVE views = 8 weight = 0.75 mean_abs_feat_delta = 0.218146\n"}
,{"stream_name":"stdout","time":1960.478936799,"data":"SECONDARY_EDGE_TTA_ACTIVE views = 8 weight = 0.75 mean_abs_feat_delta = 0.264978\n"}
,{"stream_name":"stdout","time":1961.344778343,"data":"EDGE_TTA_ACTIVE views = 8 mean_abs_feat_delta = 0.28982\n"}
,{"stream_name":"stdout","time":1961.702594431,"data":"EDGE_TTA_ACTIVE views = 8 mean_abs_feat_delta = 0.34071\n"}
,{"stream_name":"stdout","time":1962.298428185,"data":"SECONDARY_EDGE_TTA_ACTIVE views = 8 weight = 0.75 mean_abs_feat_delta = 0.214342\n"}
,{"stream_name":"stdout","time":1962.751604135,"data":"SECONDARY_EDGE_TTA_ACTIVE views = 8 weight = 0.75 mean_abs_feat_delta = 0.260415\n"}
,{"stream_name":"stdout","time":1963.329606641,"data":"EDGE_TTA_ACTIVE views = 8 mean_abs_feat_delta = 0.288198\n"}
,{"stream_name":"stdout","time":1963.94766554,"data":"EDGE_TTA_ACTIVE views = 8 mean_abs_feat_delta = 0.344597\n"}
,{"stream_name":"stdout","time":1964.284168725,"data":"SECONDARY_EDGE_TTA_ACTIVE views = 8 weight = 0.75 mean_abs_feat_delta = 0.215677\n"}
,{"stream_name":"stdout","time":1964.996004458,"data":"SECONDARY_EDGE_TTA_ACTIVE views = 8 weight = 0.75 mean_abs_feat_delta = 0.26243\n"}
,{"stream_name":"stdout","time":1965.341606939,"data":"EDGE_TTA_ACTIVE views = 8 mean_abs_feat_delta = 0.280635\n"}
,{"stream_name":"stdout","time":1966.186390373,"data":"EDGE_TTA_ACTIVE views = 8 mean_abs_feat_delta = 0.347949\n"}
,{"stream_name":"stdout","time":1966.301949327,"data":"SECONDARY_EDGE_TTA_ACTIVE views = 8 weight = 0.75 mean_abs_feat_delta = 0.231796\n"}
,{"stream_name":"stdout","time":1967.237391157,"data":"SECONDARY_EDGE_TTA_ACTIVE views = 8 weight = 0.75 mean_abs_feat_delta = 0.263794\n"}
,{"stream_name":"stdout","time":1967.363929792,"data":"EDGE_TTA_ACTIVE views = 8 mean_abs_feat_delta = 0.283807\n"}
,{"stream_name":"stdout","time":1968.326045642,"data":"SECONDARY_EDGE_TTA_ACTIVE views = 8 weight = 0.75 mean_abs_feat_delta = 0.220564\n"}
,{"stream_name":"stdout","time":1968.408929939,"data":"EDGE_TTA_ACTIVE views = 8 mean_abs_feat_delta = 0.343395\n"}
,{"stream_name":"stdout","time":1969.386230632,"data":"EDGE_TTA_ACTIVE views = 8 mean_abs_feat_delta = 0.288234\n"}
,{"stream_name":"stdout","time":1969.462200356,"data":"SECONDARY_EDGE_TTA_ACTIVE views = 8 weight = 0.75 mean_abs_feat_delta = 0.261742\n"}
,{"stream_name":"stdout","time":1970.362142921,"data":"SECONDARY_EDGE_TTA_ACTIVE views = 8 weight = 0.75 mean_abs_feat_delta = 0.221951\n"}
,{"stream_name":"stdout","time":1970.637566613,"data":"EDGE_TTA_ACTIVE views = 8 mean_abs_feat_delta = 0.342938\n"}
,{"stream_name":"stdout","time":1971.401141752,"data":"EDGE_TTA_ACTIVE views = 8 mean_abs_feat_delta = 0.286344\n"}
,{"stream_name":"stdout","time":1971.693452169,"data":"SECONDARY_EDGE_TTA_ACTIVE views = 8 weight = 0.75 mean_abs_feat_delta = 0.262384\n"}
,{"stream_name":"stdout","time":1972.477284146,"data":"SECONDARY_EDGE_TTA_ACTIVE views = 8 weight = 0.75 mean_abs_feat_delta = 0.217021\n"}
,{"stream_name":"stdout","time":1972.887723583,"data":"EDGE_TTA_ACTIVE views = 8 mean_abs_feat_delta = 0.34073\n"}
,{"stream_name":"stdout","time":1973.427090469,"data":"EDGE_TTA_ACTIVE views = 8 mean_abs_feat_delta = 0.281856\n"}
,{"stream_name":"stdout","time":1973.943084739,"data":"SECONDARY_EDGE_TTA_ACTIVE views = 8 weight = 0.75 mean_abs_feat_delta = 0.263048\n"}
,{"stream_name":"stdout","time":1974.388023939,"data":"SECONDARY_EDGE_TTA_ACTIVE views = 8 weight = 0.75 mean_abs_feat_delta = 0.219424\n"}
,{"stream_name":"stdout","time":1975.138356312,"data":"EDGE_TTA_ACTIVE views = 8 mean_abs_feat_delta = 0.337223\n"}
,{"stream_name":"stdout","time":1975.41976757,"data":"EDGE_TTA_ACTIVE views = 8 mean_abs_feat_delta = 0.277556\n"}
,{"stream_name":"stdout","time":1976.199103006,"data":"SECONDARY_EDGE_TTA_ACTIVE views = 8 weight = 0.75 mean_abs_feat_delta = 0.265915\n"}
,{"stream_name":"stdout","time":1976.392047138,"data":"SECONDARY_EDGE_TTA_ACTIVE views = 8 weight = 0.75 mean_abs_feat_delta = 0.225892\n"}
,{"stream_name":"stdout","time":1977.361927151,"data":"EDGE_TTA_ACTIVE views = 8 mean_abs_feat_delta = 0.338214\n"}
,{"stream_name":"stdout","time":1977.403414041,"data":"EDGE_TTA_ACTIVE views = 8 mean_abs_feat_delta = 0.277451\n"}
,{"stream_name":"stdout","time":1978.366348032,"data":"SECONDARY_EDGE_TTA_ACTIVE views = 8 weight = 0.75 mean_abs_feat_delta = 0.227464\n"}
,{"stream_name":"stdout","time":1978.418614086,"data":"SECONDARY_EDGE_TTA_ACTIVE views = 8 weight = 0.75 mean_abs_feat_delta = 0.26675\n"}
,{"stream_name":"stdout","time":1979.395030452,"data":"EDGE_TTA_ACTIVE views = 8 mean_abs_feat_delta = 0.278448\n"}
,{"stream_name":"stdout","time":1979.646424189,"data":"EDGE_TTA_ACTIVE views = 8 mean_abs_feat_delta = 0.343058\n"}
,{"stream_name":"stdout","time":1980.360685123,"data":"SECONDARY_EDGE_TTA_ACTIVE views = 8 weight = 0.75 mean_abs_feat_delta = 0.224003\n"}
,{"stream_name":"stdout","time":1980.708895873,"data":"SECONDARY_EDGE_TTA_ACTIVE views = 8 weight = 0.75 mean_abs_feat_delta = 0.26723\n"}
,{"stream_name":"stdout","time":1981.423295546,"data":"EDGE_TTA_ACTIVE views = 8 mean_abs_feat_delta = 0.279406\n"}
,{"stream_name":"stdout","time":1981.888917142,"data":"EDGE_TTA_ACTIVE views = 8 mean_abs_feat_delta = 0.343211\n"}
,{"stream_name":"stdout","time":1982.388512484,"data":"SECONDARY_EDGE_TTA_ACTIVE views = 8 weight = 0.75 mean_abs_feat_delta = 0.22521\n"}
,{"stream_name":"stdout","time":1982.94776142,"data":"SECONDARY_EDGE_TTA_ACTIVE views = 8 weight = 0.75 mean_abs_feat_delta = 0.262509\n"}
,{"stream_name":"stdout","time":1983.426444718,"data":"EDGE_TTA_ACTIVE views = 8 mean_abs_feat_delta = 0.28314\n"}
,{"stream_name":"stdout","time":1984.113732584,"data":"EDGE_TTA_ACTIVE views = 8 mean_abs_feat_delta = 0.340682\n"}
,{"stream_name":"stdout","time":1984.392627519,"data":"SECONDARY_EDGE_TTA_ACTIVE views = 8 weight = 0.75 mean_abs_feat_delta = 0.223172\n"}
,{"stream_name":"stdout","time":1985.16906329,"data":"SECONDARY_EDGE_TTA_ACTIVE views = 8 weight = 0.75 mean_abs_feat_delta = 0.258469\n"}
,{"stream_name":"stdout","time":1985.449266641,"data":"EDGE_TTA_ACTIVE views = 8 mean_abs_feat_delta = 0.290562\n"}
,{"stream_name":"stdout","time":1986.360082889,"data":"EDGE_TTA_ACTIVE views = 8 mean_abs_feat_delta = 0.338135\n"}
,{"stream_name":"stdout","time":1986.407866056,"data":"SECONDARY_EDGE_TTA_ACTIVE views = 8 weight = 0.75 mean_abs_feat_delta = 0.22398\n"}
,{"stream_name":"stdout","time":1987.418247657,"data":"SECONDARY_EDGE_TTA_ACTIVE views = 8 weight = 0.75 mean_abs_feat_delta = 0.261611\n"}
,{"stream_name":"stdout","time":1987.432794708,"data":"EDGE_TTA_ACTIVE views = 8 mean_abs_feat_delta = 0.288456\n"}
,{"stream_name":"stdout","time":1988.394663826,"data":"SECONDARY_EDGE_TTA_ACTIVE views = 8 weight = 0.75 mean_abs_feat_delta = 0.222267\n"}
,{"stream_name":"stdout","time":1988.601783747,"data":"EDGE_TTA_ACTIVE views = 8 mean_abs_feat_delta = 0.333565\n"}
,{"stream_name":"stdout","time":1989.458714396,"data":"EDGE_TTA_ACTIVE views = 8 mean_abs_feat_delta = 0.286395\n"}
,{"stream_name":"stdout","time":1989.65517583,"data":"SECONDARY_EDGE_TTA_ACTIVE views = 8 weight = 0.75 mean_abs_feat_delta = 0.260486\n"}
,{"stream_name":"stdout","time":1990.421000604,"data":"SECONDARY_EDGE_TTA_ACTIVE views = 8 weight = 0.75 mean_abs_feat_delta = 0.216743\n"}
,{"stream_name":"stdout","time":1990.818922808,"data":"EDGE_TTA_ACTIVE views = 8 mean_abs_feat_delta = 0.337448\n"}
,{"stream_name":"stdout","time":1991.48109181,"data":"EDGE_TTA_ACTIVE views = 8 mean_abs_feat_delta = 0.294338\n"}
,{"stream_name":"stdout","time":1991.873224519,"data":"SECONDARY_EDGE_TTA_ACTIVE views = 8 weight = 0.75 mean_abs_feat_delta = 0.260845\n"}
,{"stream_name":"stdout","time":1992.444732087,"data":"SECONDARY_EDGE_TTA_ACTIVE views = 8 weight = 0.75 mean_abs_feat_delta = 0.215333\n"}
,{"stream_name":"stdout","time":1993.073211038,"data":"EDGE_TTA_ACTIVE views = 8 mean_abs_feat_delta = 0.337377\n"}
,{"stream_name":"stdout","time":1993.533088795,"data":"EDGE_TTA_ACTIVE views = 8 mean_abs_feat_delta = 0.290596\n"}
,{"stream_name":"stdout","time":1994.126415063,"data":"SECONDARY_EDGE_TTA_ACTIVE views = 8 weight = 0.75 mean_abs_feat_delta = 0.265026\n"}
,{"stream_name":"stdout","time":1994.499810226,"data":"SECONDARY_EDGE_TTA_ACTIVE views = 8 weight = 0.75 mean_abs_feat_delta = 0.212684\n"}
,{"stream_name":"stdout","time":1995.325637196,"data":"EDGE_TTA_ACTIVE views = 8 mean_abs_feat_delta = 0.334616\n"}
,{"stream_name":"stdout","time":1995.543919499,"data":"EDGE_TTA_ACTIVE views = 8 mean_abs_feat_delta = 0.288951\n"}
,{"stream_name":"stdout","time":1996.381912285,"data":"SECONDARY_EDGE_TTA_ACTIVE views = 8 weight = 0.75 mean_abs_feat_delta = 0.261566\n"}
,{"stream_name":"stdout","time":1996.511808969,"data":"SECONDARY_EDGE_TTA_ACTIVE views = 8 weight = 0.75 mean_abs_feat_delta = 0.219589\n"}
,{"stream_name":"stdout","time":1997.544982982,"data":"EDGE_TTA_ACTIVE views = 8 mean_abs_feat_delta = 0.333661\n"}
,{"stream_name":"stdout","time":1997.585352377,"data":"EDGE_TTA_ACTIVE views = 8 mean_abs_feat_delta = 0.287622\n"}
,{"stream_name":"stdout","time":1998.551036863,"data":"SECONDARY_EDGE_TTA_ACTIVE views = 8 weight = 0.75 mean_abs_feat_delta = 0.221772\n"}
,{"stream_name":"stdout","time":1998.595657354,"data":"SECONDARY_EDGE_TTA_ACTIVE views = 8 weight = 0.75 mean_abs_feat_delta = 0.260007\n"}
,{"stream_name":"stdout","time":1999.592358835,"data":"EDGE_TTA_ACTIVE views = 8 mean_abs_feat_delta = 0.288395\n"}
,{"stream_name":"stdout","time":1999.789256105,"data":"EDGE_TTA_ACTIVE views = 8 mean_abs_feat_delta = 0.339485\n"}
,{"stream_name":"stdout","time":2000.556061738,"data":"SECONDARY_EDGE_TTA_ACTIVE views = 8 weight = 0.75 mean_abs_feat_delta = 0.228785\n"}
,{"stream_name":"stdout","time":2000.832563756,"data":"SECONDARY_EDGE_TTA_ACTIVE views = 8 weight = 0.75 mean_abs_feat_delta = 0.259371\n"}
,{"stream_name":"stdout","time":2001.616745224,"data":"EDGE_TTA_ACTIVE views = 8 mean_abs_feat_delta = 0.286202\n"}
,{"stream_name":"stdout","time":2002.030278309,"data":"EDGE_TTA_ACTIVE views = 8 mean_abs_feat_delta = 0.337706\n"}
,{"stream_name":"stdout","time":2002.706895348,"data":"SECONDARY_EDGE_TTA_ACTIVE views = 8 weight = 0.75 mean_abs_feat_delta = 0.227519\n"}
,{"stream_name":"stdout","time":2003.078440782,"data":"SECONDARY_EDGE_TTA_ACTIVE views = 8 weight = 0.75 mean_abs_feat_delta = 0.258997\n"}
,{"stream_name":"stdout","time":2003.641456906,"data":"EDGE_TTA_ACTIVE views = 8 mean_abs_feat_delta = 0.287794\n"}
,{"stream_name":"stdout","time":2004.275932244,"data":"EDGE_TTA_ACTIVE views = 8 mean_abs_feat_delta = 0.337246\n"}
,{"stream_name":"stdout","time":2004.602555486,"data":"SECONDARY_EDGE_TTA_ACTIVE views = 8 weight = 0.75 mean_abs_feat_delta = 0.226443\n"}
,{"stream_name":"stdout","time":2005.323213142,"data":"SECONDARY_EDGE_TTA_ACTIVE views = 8 weight = 0.75 mean_abs_feat_delta = 0.258125\n"}
,{"stream_name":"stdout","time":2005.632027529,"data":"EDGE_TTA_ACTIVE views = 8 mean_abs_feat_delta = 0.288107\n"}
,{"stream_name":"stdout","time":2006.493926154,"data":"EDGE_TTA_ACTIVE views = 8 mean_abs_feat_delta = 0.339272\n"}
,{"stream_name":"stdout","time":2006.599935387,"data":"SECONDARY_EDGE_TTA_ACTIVE views = 8 weight = 0.75 mean_abs_feat_delta = 0.223466\n"}
,{"stream_name":"stdout","time":2007.540328994,"data":"SECONDARY_EDGE_TTA_ACTIVE views = 8 weight = 0.75 mean_abs_feat_delta = 0.26158\n"}
,{"stream_name":"stdout","time":2007.658519467,"data":"EDGE_TTA_ACTIVE views = 8 mean_abs_feat_delta = 0.292464\n"}
,{"stream_name":"stdout","time":2008.626644252,"data":"SECONDARY_EDGE_TTA_ACTIVE views = 8 weight = 0.75 mean_abs_feat_delta = 0.228632\n"}
,{"stream_name":"stdout","time":2008.74764847,"data":"EDGE_TTA_ACTIVE views = 8 mean_abs_feat_delta = 0.342159\n"}
,{"stream_name":"stdout","time":2009.665723598,"data":"EDGE_TTA_ACTIVE views = 8 mean_abs_feat_delta = 0.292965\n"}
,{"stream_name":"stdout","time":2009.793943994,"data":"SECONDARY_EDGE_TTA_ACTIVE views = 8 weight = 0.75 mean_abs_feat_delta = 0.265431\n"}
,{"stream_name":"stdout","time":2010.63325573,"data":"SECONDARY_EDGE_TTA_ACTIVE views = 8 weight = 0.75 mean_abs_feat_delta = 0.234289\n"}
,{"stream_name":"stdout","time":2011.003535189,"data":"EDGE_TTA_ACTIVE views = 8 mean_abs_feat_delta = 0.343625\n"}
,{"stream_name":"stdout","time":2011.687824315,"data":"EDGE_TTA_ACTIVE views = 8 mean_abs_feat_delta = 0.287195\n"}
,{"stream_name":"stdout","time":2012.04656468,"data":"SECONDARY_EDGE_TTA_ACTIVE views = 8 weight = 0.75 mean_abs_feat_delta = 0.267836\n"}
,{"stream_name":"stdout","time":2012.653551165,"data":"SECONDARY_EDGE_TTA_ACTIVE views = 8 weight = 0.75 mean_abs_feat_delta = 0.231866\n"}
,{"stream_name":"stdout","time":2013.217033227,"data":"EDGE_TTA_ACTIVE views = 8 mean_abs_feat_delta = 0.343102\n"}
,{"stream_name":"stdout","time":2013.716842916,"data":"EDGE_TTA_ACTIVE views = 8 mean_abs_feat_delta = 0.283498\n"}
,{"stream_name":"stdout","time":2014.261854576,"data":"SECONDARY_EDGE_TTA_ACTIVE views = 8 weight = 0.75 mean_abs_feat_delta = 0.265852\n"}
,{"stream_name":"stdout","time":2014.68319746,"data":"SECONDARY_EDGE_TTA_ACTIVE views = 8 weight = 0.75 mean_abs_feat_delta = 0.248174\n"}
,{"stream_name":"stdout","time":2015.463457614,"data":"EDGE_TTA_ACTIVE views = 8 mean_abs_feat_delta = 0.338878\n"}
,{"stream_name":"stdout","time":2015.718076702,"data":"EDGE_TTA_ACTIVE views = 8 mean_abs_feat_delta = 0.283498\n"}
,{"stream_name":"stdout","time":2016.508524066,"data":"SECONDARY_EDGE_TTA_ACTIVE views = 8 weight = 0.75 mean_abs_feat_delta = 0.26636\n"}
,{"stream_name":"stdout","time":2016.690320917,"data":"SECONDARY_EDGE_TTA_ACTIVE views = 8 weight = 0.75 mean_abs_feat_delta = 0.248174\n"}
,{"stream_name":"stdout","time":2017.683790735,"data":"EDGE_TTA_ACTIVE views = 8 mean_abs_feat_delta = 0.344788\n"}
,{"stream_name":"stdout","time":2017.747208816,"data":"EDGE_TTA_ACTIVE views = 8 mean_abs_feat_delta = 0.283498\n"}
,{"stream_name":"stdout","time":2018.717780952,"data":"SECONDARY_EDGE_TTA_ACTIVE views = 8 weight = 0.75 mean_abs_feat_delta = 0.248174\n"}
,{"stream_name":"stdout","time":2018.72510475,"data":"SECONDARY_EDGE_TTA_ACTIVE views = 8 weight = 0.75 mean_abs_feat_delta = 0.262382\n"}
,{"stream_name":"stdout","time":2019.846714406,"data":"EDGE_TTA_ACTIVE views = 8 mean_abs_feat_delta = 0.315338\n"}
,{"stream_name":"stdout","time":2019.893908906,"data":"EDGE_TTA_ACTIVE views = 8 mean_abs_feat_delta = 0.33784\n"}
,{"stream_name":"stdout","time":2020.811692484,"data":"SECONDARY_EDGE_TTA_ACTIVE views = 8 weight = 0.75 mean_abs_feat_delta = 0.220212\n"}
,{"stream_name":"stdout","time":2020.942518421,"data":"SECONDARY_EDGE_TTA_ACTIVE views = 8 weight = 0.75 mean_abs_feat_delta = 0.260303\n"}
,{"stream_name":"stdout","time":2021.880693769,"data":"EDGE_TTA_ACTIVE views = 8 mean_abs_feat_delta = 0.316057\n"}
,{"stream_name":"stdout","time":2022.118203809,"data":"EDGE_TTA_ACTIVE views = 8 mean_abs_feat_delta = 0.339211\n"}
,{"stream_name":"stdout","time":2022.853705378,"data":"SECONDARY_EDGE_TTA_ACTIVE views = 8 weight = 0.75 mean_abs_feat_delta = 0.218752\n"}
,{"stream_name":"stdout","time":2023.160048766,"data":"SECONDARY_EDGE_TTA_ACTIVE views = 8 weight = 0.75 mean_abs_feat_delta = 0.25763\n"}
,{"stream_name":"stdout","time":2023.917633033,"data":"EDGE_TTA_ACTIVE views = 8 mean_abs_feat_delta = 0.289165\n"}
,{"stream_name":"stdout","time":2024.37626698,"data":"EDGE_TTA_ACTIVE views = 8 mean_abs_feat_delta = 0.339533\n"}
,{"stream_name":"stdout","time":2024.887093785,"data":"SECONDARY_EDGE_TTA_ACTIVE views = 8 weight = 0.75 mean_abs_feat_delta = 0.231963\n"}
,{"stream_name":"stdout","time":2025.418843522,"data":"SECONDARY_EDGE_TTA_ACTIVE views = 8 weight = 0.75 mean_abs_feat_delta = 0.255911\n"}
,{"stream_name":"stdout","time":2025.94717876,"data":"EDGE_TTA_ACTIVE views = 8 mean_abs_feat_delta = 0.28309\n"}
,{"stream_name":"stdout","time":2026.597723783,"data":"EDGE_TTA_ACTIVE views = 8 mean_abs_feat_delta = 0.333552\n"}
,{"stream_name":"stdout","time":2026.918392783,"data":"SECONDARY_EDGE_TTA_ACTIVE views = 8 weight = 0.75 mean_abs_feat_delta = 0.243456\n"}
,{"stream_name":"stdout","time":2027.636993859,"data":"SECONDARY_EDGE_TTA_ACTIVE views = 8 weight = 0.75 mean_abs_feat_delta = 0.253381\n"}
,{"stream_name":"stdout","time":2027.954076963,"data":"EDGE_TTA_ACTIVE views = 8 mean_abs_feat_delta = 0.28861\n"}
,{"stream_name":"stdout","time":2028.84461885,"data":"EDGE_TTA_ACTIVE views = 8 mean_abs_feat_delta = 0.342836\n"}
,{"stream_name":"stdout","time":2028.922659321,"data":"SECONDARY_EDGE_TTA_ACTIVE views = 8 weight = 0.75 mean_abs_feat_delta = 0.227548\n"}
,{"stream_name":"stdout","time":2029.885605287,"data":"SECONDARY_EDGE_TTA_ACTIVE views = 8 weight = 0.75 mean_abs_feat_delta = 0.254871\n"}
,{"stream_name":"stdout","time":2029.961780038,"data":"EDGE_TTA_ACTIVE views = 8 mean_abs_feat_delta = 0.287751\n"}
,{"stream_name":"stdout","time":2030.935448408,"data":"SECONDARY_EDGE_TTA_ACTIVE views = 8 weight = 0.75 mean_abs_feat_delta = 0.231141\n"}
,{"stream_name":"stdout","time":2031.04925323,"data":"EDGE_TTA_ACTIVE views = 8 mean_abs_feat_delta = 0.340752\n"}
,{"stream_name":"stdout","time":2032.006455963,"data":"EDGE_TTA_ACTIVE views = 8 mean_abs_feat_delta = 0.285257\n"}
,{"stream_name":"stdout","time":2032.090444113,"data":"SECONDARY_EDGE_TTA_ACTIVE views = 8 weight = 0.75 mean_abs_feat_delta = 0.258877\n"}
,{"stream_name":"stdout","time":2033.086936596,"data":"SECONDARY_EDGE_TTA_ACTIVE views = 8 weight = 0.75 mean_abs_feat_delta = 0.227609\n"}
,{"stream_name":"stdout","time":2033.303015444,"data":"EDGE_TTA_ACTIVE views = 8 mean_abs_feat_delta = 0.33721\n"}
,{"stream_name":"stdout","time":2034.039284592,"data":"EDGE_TTA_ACTIVE views = 8 mean_abs_feat_delta = 0.288217\n"}
,{"stream_name":"stdout","time":2034.346763863,"data":"SECONDARY_EDGE_TTA_ACTIVE views = 8 weight = 0.75 mean_abs_feat_delta = 0.25536\n"}
,{"stream_name":"stdout","time":2035.01256078,"data":"SECONDARY_EDGE_TTA_ACTIVE views = 8 weight = 0.75 mean_abs_feat_delta = 0.225185\n"}
,{"stream_name":"stdout","time":2035.505294406,"data":"EDGE_TTA_ACTIVE views = 8 mean_abs_feat_delta = 0.331794\n"}
,{"stream_name":"stdout","time":2036.046439965,"data":"EDGE_TTA_ACTIVE views = 8 mean_abs_feat_delta = 0.293359\n"}
,{"stream_name":"stdout","time":2036.550410114,"data":"SECONDARY_EDGE_TTA_ACTIVE views = 8 weight = 0.75 mean_abs_feat_delta = 0.254742\n"}
,{"stream_name":"stdout","time":2037.018687937,"data":"SECONDARY_EDGE_TTA_ACTIVE views = 8 weight = 0.75 mean_abs_feat_delta = 0.231144\n"}
,{"stream_name":"stdout","time":2037.714910023,"data":"EDGE_TTA_ACTIVE views = 8 mean_abs_feat_delta = 0.328009\n"}
,{"stream_name":"stdout","time":2038.092252634,"data":"EDGE_TTA_ACTIVE views = 8 mean_abs_feat_delta = 0.288773\n"}
,{"stream_name":"stdout","time":2038.762821768,"data":"SECONDARY_EDGE_TTA_ACTIVE views = 8 weight = 0.75 mean_abs_feat_delta = 0.254648\n"}
,{"stream_name":"stdout","time":2039.065288686,"data":"SECONDARY_EDGE_TTA_ACTIVE views = 8 weight = 0.75 mean_abs_feat_delta = 0.233017\n"}
,{"stream_name":"stdout","time":2039.958830738,"data":"EDGE_TTA_ACTIVE views = 8 mean_abs_feat_delta = 0.334781\n"}
,{"stream_name":"stdout","time":2040.136674808,"data":"EDGE_TTA_ACTIVE views = 8 mean_abs_feat_delta = 0.2831\n"}
,{"stream_name":"stdout","time":2041.005173831,"data":"SECONDARY_EDGE_TTA_ACTIVE views = 8 weight = 0.75 mean_abs_feat_delta = 0.254139\n"}
,{"stream_name":"stdout","time":2041.115312431,"data":"SECONDARY_EDGE_TTA_ACTIVE views = 8 weight = 0.75 mean_abs_feat_delta = 0.231237\n"}
,{"stream_name":"stdout","time":2042.164255673,"data":"EDGE_TTA_ACTIVE views = 8 mean_abs_feat_delta = 0.28566\n"}
,{"stream_name":"stdout","time":2042.17863743,"data":"EDGE_TTA_ACTIVE views = 8 mean_abs_feat_delta = 0.331889\n"}
,{"stream_name":"stdout","time":2043.14111152,"data":"SECONDARY_EDGE_TTA_ACTIVE views = 8 weight = 0.75 mean_abs_feat_delta = 0.240429\n"}
,{"stream_name":"stdout","time":2043.232024524,"data":"SECONDARY_EDGE_TTA_ACTIVE views = 8 weight = 0.75 mean_abs_feat_delta = 0.253521\n"}
,{"stream_name":"stdout","time":2044.174164073,"data":"EDGE_TTA_ACTIVE views = 8 mean_abs_feat_delta = 0.288947\n"}
,{"stream_name":"stdout","time":2044.444270971,"data":"EDGE_TTA_ACTIVE views = 8 mean_abs_feat_delta = 0.324439\n"}
,{"stream_name":"stdout","time":2045.146622435,"data":"SECONDARY_EDGE_TTA_ACTIVE views = 8 weight = 0.75 mean_abs_feat_delta = 0.229597\n"}
,{"stream_name":"stdout","time":2045.495045803,"data":"SECONDARY_EDGE_TTA_ACTIVE views = 8 weight = 0.75 mean_abs_feat_delta = 0.251163\n"}
,{"stream_name":"stdout","time":2046.177251463,"data":"EDGE_TTA_ACTIVE views = 8 mean_abs_feat_delta = 0.290047\n"}
,{"stream_name":"stdout","time":2046.680620653,"data":"EDGE_TTA_ACTIVE views = 8 mean_abs_feat_delta = 0.320074\n"}
,{"stream_name":"stdout","time":2047.150254461,"data":"SECONDARY_EDGE_TTA_ACTIVE views = 8 weight = 0.75 mean_abs_feat_delta = 0.231285\n"}
,{"stream_name":"stdout","time":2047.730391208,"data":"SECONDARY_EDGE_TTA_ACTIVE views = 8 weight = 0.75 mean_abs_feat_delta = 0.252768\n"}
,{"stream_name":"stdout","time":2048.257700875,"data":"EDGE_TTA_ACTIVE views = 8 mean_abs_feat_delta = 0.293125\n"}
,{"stream_name":"stdout","time":2048.911082036,"data":"EDGE_TTA_ACTIVE views = 8 mean_abs_feat_delta = 0.322734\n"}
,{"stream_name":"stdout","time":2049.233860381,"data":"SECONDARY_EDGE_TTA_ACTIVE views = 8 weight = 0.75 mean_abs_feat_delta = 0.226972\n"}
,{"stream_name":"stdout","time":2049.965005663,"data":"SECONDARY_EDGE_TTA_ACTIVE views = 8 weight = 0.75 mean_abs_feat_delta = 0.25256\n"}
,{"stream_name":"stdout","time":2050.306625957,"data":"EDGE_TTA_ACTIVE views = 8 mean_abs_feat_delta = 0.295461\n"}
,{"stream_name":"stdout","time":2051.142432966,"data":"EDGE_TTA_ACTIVE views = 8 mean_abs_feat_delta = 0.326182\n"}
,{"stream_name":"stdout","time":2051.279335087,"data":"SECONDARY_EDGE_TTA_ACTIVE views = 8 weight = 0.75 mean_abs_feat_delta = 0.235491\n"}
,{"stream_name":"stdout","time":2052.197047797,"data":"SECONDARY_EDGE_TTA_ACTIVE views = 8 weight = 0.75 mean_abs_feat_delta = 0.257037\n"}
,{"stream_name":"stdout","time":2052.329917027,"data":"EDGE_TTA_ACTIVE views = 8 mean_abs_feat_delta = 0.294354\n"}
,{"stream_name":"stdout","time":2053.304895922,"data":"SECONDARY_EDGE_TTA_ACTIVE views = 8 weight = 0.75 mean_abs_feat_delta = 0.22461\n"}
,{"stream_name":"stdout","time":2053.402198213,"data":"EDGE_TTA_ACTIVE views = 8 mean_abs_feat_delta = 0.327903\n"}
,{"stream_name":"stdout","time":2054.335814825,"data":"EDGE_TTA_ACTIVE views = 8 mean_abs_feat_delta = 0.290361\n"}
,{"stream_name":"stdout","time":2054.455874481,"data":"SECONDARY_EDGE_TTA_ACTIVE views = 8 weight = 0.75 mean_abs_feat_delta = 0.259034\n"}
,{"stream_name":"stdout","time":2055.309253445,"data":"SECONDARY_EDGE_TTA_ACTIVE views = 8 weight = 0.75 mean_abs_feat_delta = 0.225307\n"}
,{"stream_name":"stdout","time":2055.681195606,"data":"EDGE_TTA_ACTIVE views = 8 mean_abs_feat_delta = 0.336297\n"}
,{"stream_name":"stdout","time":2056.358117238,"data":"EDGE_TTA_ACTIVE views = 8 mean_abs_feat_delta = 0.290141\n"}
,{"stream_name":"stdout","time":2056.733553124,"data":"SECONDARY_EDGE_TTA_ACTIVE views = 8 weight = 0.75 mean_abs_feat_delta = 0.262107\n"}
,{"stream_name":"stdout","time":2057.332834418,"data":"SECONDARY_EDGE_TTA_ACTIVE views = 8 weight = 0.75 mean_abs_feat_delta = 0.222402\n"}
,{"stream_name":"stdout","time":2057.933435577,"data":"EDGE_TTA_ACTIVE views = 8 mean_abs_feat_delta = 0.339382\n"}
,{"stream_name":"stdout","time":2058.438834285,"data":"EDGE_TTA_ACTIVE views = 8 mean_abs_feat_delta = 0.292561\n"}
,{"stream_name":"stdout","time":2058.991038105,"data":"SECONDARY_EDGE_TTA_ACTIVE views = 8 weight = 0.75 mean_abs_feat_delta = 0.258084\n"}
,{"stream_name":"stdout","time":2059.417026807,"data":"SECONDARY_EDGE_TTA_ACTIVE views = 8 weight = 0.75 mean_abs_feat_delta = 0.223337\n"}
,{"stream_name":"stdout","time":2060.170860966,"data":"EDGE_TTA_ACTIVE views = 8 mean_abs_feat_delta = 0.333216\n"}
,{"stream_name":"stdout","time":2060.450904466,"data":"EDGE_TTA_ACTIVE views = 8 mean_abs_feat_delta = 0.288988\n"}
,{"stream_name":"stdout","time":2061.225127725,"data":"SECONDARY_EDGE_TTA_ACTIVE views = 8 weight = 0.75 mean_abs_feat_delta = 0.256287\n"}
,{"stream_name":"stdout","time":2061.424753001,"data":"SECONDARY_EDGE_TTA_ACTIVE views = 8 weight = 0.75 mean_abs_feat_delta = 0.234632\n"}
,{"stream_name":"stdout","time":2062.42148527,"data":"EDGE_TTA_ACTIVE views = 8 mean_abs_feat_delta = 0.335556\n"}
,{"stream_name":"stdout","time":2062.534836677,"data":"EDGE_TTA_ACTIVE views = 8 mean_abs_feat_delta = 0.294653\n"}
,{"stream_name":"stdout","time":2063.60774041,"data":"SECONDARY_EDGE_TTA_ACTIVE views = 8 weight = 0.75 mean_abs_feat_delta = 0.254402\n"}
,{"stream_name":"stdout","time":2063.608900233,"data":"SECONDARY_EDGE_TTA_ACTIVE views = 8 weight = 0.75 mean_abs_feat_delta = 0.225509\n"}
,{"stream_name":"stdout","time":2064.580676851,"data":"EDGE_TTA_ACTIVE views = 8 mean_abs_feat_delta = 0.296121\n"}
,{"stream_name":"stdout","time":2064.682691465,"data":"EDGE_TTA_ACTIVE views = 8 mean_abs_feat_delta = 0.337468\n"}
,{"stream_name":"stdout","time":2065.55489358,"data":"SECONDARY_EDGE_TTA_ACTIVE views = 8 weight = 0.75 mean_abs_feat_delta = 0.233373\n"}
,{"stream_name":"stdout","time":2065.734815897,"data":"SECONDARY_EDGE_TTA_ACTIVE views = 8 weight = 0.75 mean_abs_feat_delta = 0.255109\n"}
,{"stream_name":"stdout","time":2066.626113461,"data":"EDGE_TTA_ACTIVE views = 8 mean_abs_feat_delta = 0.296872\n"}
,{"stream_name":"stdout","time":2066.928256724,"data":"EDGE_TTA_ACTIVE views = 8 mean_abs_feat_delta = 0.334122\n"}
,{"stream_name":"stdout","time":2067.600794495,"data":"SECONDARY_EDGE_TTA_ACTIVE views = 8 weight = 0.75 mean_abs_feat_delta = 0.237159\n"}
,{"stream_name":"stdout","time":2067.981840548,"data":"SECONDARY_EDGE_TTA_ACTIVE views = 8 weight = 0.75 mean_abs_feat_delta = 0.25132\n"}
,{"stream_name":"stdout","time":2068.634821969,"data":"EDGE_TTA_ACTIVE views = 8 mean_abs_feat_delta = 0.294509\n"}
,{"stream_name":"stdout","time":2069.134833656,"data":"EDGE_TTA_ACTIVE views = 8 mean_abs_feat_delta = 0.328651\n"}
,{"stream_name":"stdout","time":2069.60809625,"data":"SECONDARY_EDGE_TTA_ACTIVE views = 8 weight = 0.75 mean_abs_feat_delta = 0.239483\n"}
,{"stream_name":"stdout","time":2070.189091554,"data":"SECONDARY_EDGE_TTA_ACTIVE views = 8 weight = 0.75 mean_abs_feat_delta = 0.250811\n"}
,{"stream_name":"stdout","time":2070.678212689,"data":"EDGE_TTA_ACTIVE views = 8 mean_abs_feat_delta = 0.288279\n"}
,{"stream_name":"stdout","time":2071.403558627,"data":"EDGE_TTA_ACTIVE views = 8 mean_abs_feat_delta = 0.336868\n"}
,{"stream_name":"stdout","time":2071.652753205,"data":"SECONDARY_EDGE_TTA_ACTIVE views = 8 weight = 0.75 mean_abs_feat_delta = 0.237082\n"}
,{"stream_name":"stdout","time":2072.456284461,"data":"SECONDARY_EDGE_TTA_ACTIVE views = 8 weight = 0.75 mean_abs_feat_delta = 0.252583\n"}
,{"stream_name":"stdout","time":2072.702856489,"data":"EDGE_TTA_ACTIVE views = 8 mean_abs_feat_delta = 0.289803\n"}
,{"stream_name":"stdout","time":2073.656760441,"data":"EDGE_TTA_ACTIVE views = 8 mean_abs_feat_delta = 0.335702\n"}
,{"stream_name":"stdout","time":2073.676225184,"data":"SECONDARY_EDGE_TTA_ACTIVE views = 8 weight = 0.75 mean_abs_feat_delta = 0.234585\n"}
,{"stream_name":"stdout","time":2074.70663456,"data":"SECONDARY_EDGE_TTA_ACTIVE views = 8 weight = 0.75 mean_abs_feat_delta = 0.250294\n"}
,{"stream_name":"stdout","time":2074.708886159,"data":"EDGE_TTA_ACTIVE views = 8 mean_abs_feat_delta = 0.292365\n"}
,{"stream_name":"stdout","time":2075.682764334,"data":"SECONDARY_EDGE_TTA_ACTIVE views = 8 weight = 0.75 mean_abs_feat_delta = 0.240166\n"}
,{"stream_name":"stdout","time":2075.899246114,"data":"EDGE_TTA_ACTIVE views = 8 mean_abs_feat_delta = 0.334886\n"}
,{"stream_name":"stdout","time":2076.715548937,"data":"EDGE_TTA_ACTIVE views = 8 mean_abs_feat_delta = 0.29779\n"}
,{"stream_name":"stdout","time":2076.95054365,"data":"SECONDARY_EDGE_TTA_ACTIVE views = 8 weight = 0.75 mean_abs_feat_delta = 0.247088\n"}
,{"stream_name":"stdout","time":2077.688586455,"data":"SECONDARY_EDGE_TTA_ACTIVE views = 8 weight = 0.75 mean_abs_feat_delta = 0.23071\n"}
,{"stream_name":"stdout","time":2078.152859561,"data":"EDGE_TTA_ACTIVE views = 8 mean_abs_feat_delta = 0.337301\n"}
,{"stream_name":"stdout","time":2078.760939575,"data":"EDGE_TTA_ACTIVE views = 8 mean_abs_feat_delta = 0.294017\n"}
,{"stream_name":"stdout","time":2079.206337643,"data":"SECONDARY_EDGE_TTA_ACTIVE views = 8 weight = 0.75 mean_abs_feat_delta = 0.248444\n"}
,{"stream_name":"stdout","time":2079.73457969,"data":"SECONDARY_EDGE_TTA_ACTIVE views = 8 weight = 0.75 mean_abs_feat_delta = 0.228603\n"}
,{"stream_name":"stdout","time":2080.401286051,"data":"EDGE_TTA_ACTIVE views = 8 mean_abs_feat_delta = 0.342168\n"}
,{"stream_name":"stdout","time":2080.78338819,"data":"EDGE_TTA_ACTIVE views = 8 mean_abs_feat_delta = 0.297003\n"}
,{"stream_name":"stdout","time":2081.450268874,"data":"SECONDARY_EDGE_TTA_ACTIVE views = 8 weight = 0.75 mean_abs_feat_delta = 0.249705\n"}
,{"stream_name":"stdout","time":2081.757902095,"data":"SECONDARY_EDGE_TTA_ACTIVE views = 8 weight = 0.75 mean_abs_feat_delta = 0.227822\n"}
,{"stream_name":"stdout","time":2082.638552493,"data":"EDGE_TTA_ACTIVE views = 8 mean_abs_feat_delta = 0.343137\n"}
,{"stream_name":"stdout","time":2082.868078448,"data":"EDGE_TTA_ACTIVE views = 8 mean_abs_feat_delta = 0.301009\n"}
,{"stream_name":"stdout","time":2083.687919621,"data":"SECONDARY_EDGE_TTA_ACTIVE views = 8 weight = 0.75 mean_abs_feat_delta = 0.249871\n"}
,{"stream_name":"stdout","time":2083.845234697,"data":"SECONDARY_EDGE_TTA_ACTIVE views = 8 weight = 0.75 mean_abs_feat_delta = 0.230826\n"}
,{"stream_name":"stdout","time":2084.850309856,"data":"EDGE_TTA_ACTIVE views = 8 mean_abs_feat_delta = 0.338761\n"}
,{"stream_name":"stdout","time":2084.893648627,"data":"EDGE_TTA_ACTIVE views = 8 mean_abs_feat_delta = 0.301776\n"}
,{"stream_name":"stdout","time":2085.86970543,"data":"SECONDARY_EDGE_TTA_ACTIVE views = 8 weight = 0.75 mean_abs_feat_delta = 0.233825\n"}
,{"stream_name":"stdout","time":2085.899793904,"data":"SECONDARY_EDGE_TTA_ACTIVE views = 8 weight = 0.75 mean_abs_feat_delta = 0.247264\n"}
,{"stream_name":"stdout","time":2086.943199721,"data":"EDGE_TTA_ACTIVE views = 8 mean_abs_feat_delta = 0.299256\n"}
,{"stream_name":"stdout","time":2087.070019106,"data":"EDGE_TTA_ACTIVE views = 8 mean_abs_feat_delta = 0.338145\n"}
,{"stream_name":"stdout","time":2087.916607779,"data":"SECONDARY_EDGE_TTA_ACTIVE views = 8 weight = 0.75 mean_abs_feat_delta = 0.231076\n"}
,{"stream_name":"stdout","time":2087.921020552,"data":"BIOHUB_RETENTION_GUARD {\"blended_candidates\": 59, \"dataset\": \"6bba_062c8d37\", \"frame\": 73, \"minimum_retention\": 0.9, \"primary_candidates\": 68, \"retention\": 0.8676470588235294, \"use_primary\": true}\n"}
,{"stream_name":"stdout","time":2088.120822715,"data":"SECONDARY_EDGE_TTA_ACTIVE views = 8 weight = 0.75 mean_abs_feat_delta = 0.243393\n"}
,{"stream_name":"stdout","time":2088.949173584,"data":"EDGE_TTA_ACTIVE views = 8 mean_abs_feat_delta = 0.298114\n"}
,{"stream_name":"stdout","time":2089.300000275,"data":"EDGE_TTA_ACTIVE views = 8 mean_abs_feat_delta = 0.334551\n"}
,{"stream_name":"stdout","time":2089.923473137,"data":"SECONDARY_EDGE_TTA_ACTIVE views = 8 weight = 0.75 mean_abs_feat_delta = 0.231678\n"}
,{"stream_name":"stdout","time":2089.927420697,"data":"BIOHUB_RETENTION_GUARD {\"blended_candidates\": 62, \"dataset\": \"6bba_062c8d37\", \"frame\": 74, \"minimum_retention\": 0.9, \"primary_candidates\": 69, \"retention\": 0.8985507246376812, \"use_primary\": true}\n"}
,{"stream_name":"stdout","time":2090.350042118,"data":"SECONDARY_EDGE_TTA_ACTIVE views = 8 weight = 0.75 mean_abs_feat_delta = 0.246103\n"}
,{"stream_name":"stdout","time":2090.958509801,"data":"EDGE_TTA_ACTIVE views = 8 mean_abs_feat_delta = 0.292995\n"}
,{"stream_name":"stdout","time":2091.512775624,"data":"EDGE_TTA_ACTIVE views = 8 mean_abs_feat_delta = 0.331854\n"}
,{"stream_name":"stdout","time":2091.932826621,"data":"SECONDARY_EDGE_TTA_ACTIVE views = 8 weight = 0.75 mean_abs_feat_delta = 0.232434\n"}
,{"stream_name":"stdout","time":2092.561259007,"data":"SECONDARY_EDGE_TTA_ACTIVE views = 8 weight = 0.75 mean_abs_feat_delta = 0.246736\n"}
,{"stream_name":"stdout","time":2092.983891254,"data":"EDGE_TTA_ACTIVE views = 8 mean_abs_feat_delta = 0.29277\n"}
,{"stream_name":"stdout","time":2094.101228327,"data":"SECONDARY_EDGE_TTA_ACTIVE views = 8 weight = 0.75 mean_abs_feat_delta = 0.237438\n"}
,{"stream_name":"stdout","time":2095.092933596,"data":"EDGE_TTA_ACTIVE views = 8 mean_abs_feat_delta = 0.293275\n"}
,{"stream_name":"stdout","time":2096.069113237,"data":"SECONDARY_EDGE_TTA_ACTIVE views = 8 weight = 0.75 mean_abs_feat_delta = 0.236157\n"}
,{"stream_name":"stdout","time":2097.178699505,"data":"EDGE_TTA_ACTIVE views = 8 mean_abs_feat_delta = 0.291368\n"}
,{"stream_name":"stdout","time":2098.155773008,"data":"SECONDARY_EDGE_TTA_ACTIVE views = 8 weight = 0.75 mean_abs_feat_delta = 0.235416\n"}
,{"stream_name":"stdout","time":2099.267575598,"data":"EDGE_TTA_ACTIVE views = 8 mean_abs_feat_delta = 0.291014\n"}
,{"stream_name":"stdout","time":2100.244158395,"data":"SECONDARY_EDGE_TTA_ACTIVE views = 8 weight = 0.75 mean_abs_feat_delta = 0.232783\n"}
,{"stream_name":"stdout","time":2101.334270066,"data":"EDGE_TTA_ACTIVE views = 8 mean_abs_feat_delta = 0.295994\n"}
,{"stream_name":"stdout","time":2102.310967997,"data":"SECONDARY_EDGE_TTA_ACTIVE views = 8 weight = 0.75 mean_abs_feat_delta = 0.231063\n"}
,{"stream_name":"stdout","time":2103.361650127,"data":"EDGE_TTA_ACTIVE views = 8 mean_abs_feat_delta = 0.297096\n"}
,{"stream_name":"stdout","time":2104.338037537,"data":"SECONDARY_EDGE_TTA_ACTIVE views = 8 weight = 0.75 mean_abs_feat_delta = 0.234197\n"}
,{"stream_name":"stdout","time":2105.371558623,"data":"EDGE_TTA_ACTIVE views = 8 mean_abs_feat_delta = 0.299033\n"}
,{"stream_name":"stdout","time":2106.361417003,"data":"SECONDARY_EDGE_TTA_ACTIVE views = 8 weight = 0.75 mean_abs_feat_delta = 0.233029\n"}
,{"stream_name":"stdout","time":2107.419280517,"data":"EDGE_TTA_ACTIVE views = 8 mean_abs_feat_delta = 0.297557\n"}
,{"stream_name":"stdout","time":2108.407113436,"data":"SECONDARY_EDGE_TTA_ACTIVE views = 8 weight = 0.75 mean_abs_feat_delta = 0.236935\n"}
,{"stream_name":"stdout","time":2109.487420815,"data":"EDGE_TTA_ACTIVE views = 8 mean_abs_feat_delta = 0.293406\n"}
,{"stream_name":"stdout","time":2110.482339298,"data":"SECONDARY_EDGE_TTA_ACTIVE views = 8 weight = 0.75 mean_abs_feat_delta = 0.234086\n"}
,{"stream_name":"stdout","time":2110.486016367,"data":"BIOHUB_RETENTION_GUARD {\"blended_candidates\": 64, \"dataset\": \"6bba_062c8d37\", \"frame\": 84, \"minimum_retention\": 0.9, \"primary_candidates\": 73, \"retention\": 0.8767123287671232, \"use_primary\": true}\n"}
,{"stream_name":"stdout","time":2111.577594112,"data":"EDGE_TTA_ACTIVE views = 8 mean_abs_feat_delta = 0.295509\n"}
,{"stream_name":"stdout","time":2112.591389055,"data":"SECONDARY_EDGE_TTA_ACTIVE views = 8 weight = 0.75 mean_abs_feat_delta = 0.227107\n"}
,{"stream_name":"stdout","time":2113.689750683,"data":"EDGE_TTA_ACTIVE views = 8 mean_abs_feat_delta = 0.29737\n"}
,{"stream_name":"stdout","time":2114.693821842,"data":"SECONDARY_EDGE_TTA_ACTIVE views = 8 weight = 0.75 mean_abs_feat_delta = 0.229753\n"}
,{"stream_name":"stdout","time":2115.790159617,"data":"EDGE_TTA_ACTIVE views = 8 mean_abs_feat_delta = 0.297734\n"}
,{"stream_name":"stdout","time":2116.799241126,"data":"SECONDARY_EDGE_TTA_ACTIVE views = 8 weight = 0.75 mean_abs_feat_delta = 0.233349\n"}
,{"stream_name":"stdout","time":2117.885569681,"data":"EDGE_TTA_ACTIVE views = 8 mean_abs_feat_delta = 0.297749\n"}
,{"stream_name":"stdout","time":2118.357879941,"data":"EDGE_TTA_ACTIVE views = 8 mean_abs_feat_delta = 0.293417\n"}
,{"stream_name":"stdout","time":2118.901405698,"data":"SECONDARY_EDGE_TTA_ACTIVE views = 8 weight = 0.75 mean_abs_feat_delta = 0.228601\n"}
,{"stream_name":"stdout","time":2119.365616314,"data":"SECONDARY_EDGE_TTA_ACTIVE views = 8 weight = 0.75 mean_abs_feat_delta = 0.204909\n"}
,{"stream_name":"stdout","time":2120.012046548,"data":"EDGE_TTA_ACTIVE views = 8 mean_abs_feat_delta = 0.299556\n"}
,{"stream_name":"stdout","time":2120.495665546,"data":"EDGE_TTA_ACTIVE views = 8 mean_abs_feat_delta = 0.292063\n"}
,{"stream_name":"stdout","time":2121.033888586,"data":"SECONDARY_EDGE_TTA_ACTIVE views = 8 weight = 0.75 mean_abs_feat_delta = 0.229547\n"}
,{"stream_name":"stdout","time":2121.516739422,"data":"SECONDARY_EDGE_TTA_ACTIVE views = 8 weight = 0.75 mean_abs_feat_delta = 0.201895\n"}
,{"stream_name":"stdout","time":2122.154337692,"data":"EDGE_TTA_ACTIVE views = 8 mean_abs_feat_delta = 0.298104\n"}
,{"stream_name":"stdout","time":2122.65174337,"data":"EDGE_TTA_ACTIVE views = 8 mean_abs_feat_delta = 0.290893\n"}
,{"stream_name":"stdout","time":2123.182341156,"data":"SECONDARY_EDGE_TTA_ACTIVE views = 8 weight = 0.75 mean_abs_feat_delta = 0.228595\n"}
,{"stream_name":"stdout","time":2123.684905292,"data":"SECONDARY_EDGE_TTA_ACTIVE views = 8 weight = 0.75 mean_abs_feat_delta = 0.204535\n"}
,{"stream_name":"stdout","time":2124.417692888,"data":"EDGE_TTA_ACTIVE views = 8 mean_abs_feat_delta = 0.296443\n"}
,{"stream_name":"stdout","time":2124.871491874,"data":"EDGE_TTA_ACTIVE views = 8 mean_abs_feat_delta = 0.289035\n"}
,{"stream_name":"stdout","time":2125.310560021,"data":"SECONDARY_EDGE_TTA_ACTIVE views = 8 weight = 0.75 mean_abs_feat_delta = 0.228195\n"}
,{"stream_name":"stdout","time":2125.934480029,"data":"SECONDARY_EDGE_TTA_ACTIVE views = 8 weight = 0.75 mean_abs_feat_delta = 0.203795\n"}
,{"stream_name":"stdout","time":2126.413078312,"data":"EDGE_TTA_ACTIVE views = 8 mean_abs_feat_delta = 0.293984\n"}
,{"stream_name":"stdout","time":2127.13635509,"data":"EDGE_TTA_ACTIVE views = 8 mean_abs_feat_delta = 0.292802\n"}
,{"stream_name":"stdout","time":2127.451435563,"data":"SECONDARY_EDGE_TTA_ACTIVE views = 8 weight = 0.75 mean_abs_feat_delta = 0.229762\n"}
,{"stream_name":"stdout","time":2128.187302772,"data":"SECONDARY_EDGE_TTA_ACTIVE views = 8 weight = 0.75 mean_abs_feat_delta = 0.202797\n"}
,{"stream_name":"stdout","time":2128.586787267,"data":"EDGE_TTA_ACTIVE views = 8 mean_abs_feat_delta = 0.293061\n"}
,{"stream_name":"stdout","time":2129.414683414,"data":"EDGE_TTA_ACTIVE views = 8 mean_abs_feat_delta = 0.289692\n"}
,{"stream_name":"stdout","time":2129.632540595,"data":"SECONDARY_EDGE_TTA_ACTIVE views = 8 weight = 0.75 mean_abs_feat_delta = 0.232584\n"}
,{"stream_name":"stdout","time":2130.491807869,"data":"SECONDARY_EDGE_TTA_ACTIVE views = 8 weight = 0.75 mean_abs_feat_delta = 0.205886\n"}
,{"stream_name":"stdout","time":2130.816081437,"data":"EDGE_TTA_ACTIVE views = 8 mean_abs_feat_delta = 0.297154\n"}
,{"stream_name":"stdout","time":2131.671516963,"data":"EDGE_TTA_ACTIVE views = 8 mean_abs_feat_delta = 0.288981\n"}
,{"stream_name":"stdout","time":2131.865459528,"data":"SECONDARY_EDGE_TTA_ACTIVE views = 8 weight = 0.75 mean_abs_feat_delta = 0.235095\n"}
,{"stream_name":"stdout","time":2132.741415099,"data":"SECONDARY_EDGE_TTA_ACTIVE views = 8 weight = 0.75 mean_abs_feat_delta = 0.205889\n"}
,{"stream_name":"stdout","time":2133.004621277,"data":"EDGE_TTA_ACTIVE views = 8 mean_abs_feat_delta = 0.301446\n"}
,{"stream_name":"stdout","time":2133.936892042,"data":"EDGE_TTA_ACTIVE views = 8 mean_abs_feat_delta = 0.294024\n"}
,{"stream_name":"stdout","time":2134.057794575,"data":"SECONDARY_EDGE_TTA_ACTIVE views = 8 weight = 0.75 mean_abs_feat_delta = 0.235651\n"}
,{"stream_name":"stdout","time":2135.017415393,"data":"SECONDARY_EDGE_TTA_ACTIVE views = 8 weight = 0.75 mean_abs_feat_delta = 0.208457\n"}
,{"stream_name":"stdout","time":2135.208542028,"data":"EDGE_TTA_ACTIVE views = 8 mean_abs_feat_delta = 0.301117\n"}
,{"stream_name":"stdout","time":2136.258898187,"data":"EDGE_TTA_ACTIVE views = 8 mean_abs_feat_delta = 0.291402\n"}
,{"stream_name":"stdout","time":2136.261467483,"data":"SECONDARY_EDGE_TTA_ACTIVE views = 8 weight = 0.75 mean_abs_feat_delta = 0.235513\n"}
,{"stream_name":"stdout","time":2137.348857711,"data":"SECONDARY_EDGE_TTA_ACTIVE views = 8 weight = 0.75 mean_abs_feat_delta = 0.210367\n"}
,{"stream_name":"stdout","time":2137.370235054,"data":"EDGE_TTA_ACTIVE views = 8 mean_abs_feat_delta = 0.301563\n"}
,{"stream_name":"stdout","time":2138.438167163,"data":"SECONDARY_EDGE_TTA_ACTIVE views = 8 weight = 0.75 mean_abs_feat_delta = 0.22943\n"}
,{"stream_name":"stdout","time":2138.585124771,"data":"EDGE_TTA_ACTIVE views = 8 mean_abs_feat_delta = 0.293367\n"}
,{"stream_name":"stdout","time":2139.617529064,"data":"EDGE_TTA_ACTIVE views = 8 mean_abs_feat_delta = 0.298981\n"}
,{"stream_name":"stdout","time":2139.680740454,"data":"SECONDARY_EDGE_TTA_ACTIVE views = 8 weight = 0.75 mean_abs_feat_delta = 0.208181\n"}
,{"stream_name":"stdout","time":2140.68909971,"data":"SECONDARY_EDGE_TTA_ACTIVE views = 8 weight = 0.75 mean_abs_feat_delta = 0.231691\n"}
,{"stream_name":"stdout","time":2140.931825493,"data":"EDGE_TTA_ACTIVE views = 8 mean_abs_feat_delta = 0.286361\n"}
,{"stream_name":"stdout","time":2141.82153659,"data":"EDGE_TTA_ACTIVE views = 8 mean_abs_feat_delta = 0.297101\n"}
,{"stream_name":"stdout","time":2142.036662382,"data":"SECONDARY_EDGE_TTA_ACTIVE views = 8 weight = 0.75 mean_abs_feat_delta = 0.20495\n"}
,{"stream_name":"stdout","time":2142.891543025,"data":"SECONDARY_EDGE_TTA_ACTIVE views = 8 weight = 0.75 mean_abs_feat_delta = 0.23213\n"}
,{"stream_name":"stdout","time":2143.314891986,"data":"EDGE_TTA_ACTIVE views = 8 mean_abs_feat_delta = 0.284801\n"}
,{"stream_name":"stdout","time":2144.423538468,"data":"SECONDARY_EDGE_TTA_ACTIVE views = 8 weight = 0.75 mean_abs_feat_delta = 0.212877\n"}
,{"stream_name":"stdout","time":2145.733738435,"data":"EDGE_TTA_ACTIVE views = 8 mean_abs_feat_delta = 0.287875\n"}
,{"stream_name":"stdout","time":2146.848312432,"data":"SECONDARY_EDGE_TTA_ACTIVE views = 8 weight = 0.75 mean_abs_feat_delta = 0.207897\n"}
,{"stream_name":"stdout","time":2147.860403562,"data":"EDGE_TTA_ACTIVE views = 8 mean_abs_feat_delta = 0.336571\n"}
,{"stream_name":"stdout","time":2148.09439276,"data":"EDGE_TTA_ACTIVE views = 8 mean_abs_feat_delta = 0.285114\n"}
,{"stream_name":"stdout","time":2148.908677697,"data":"SECONDARY_EDGE_TTA_ACTIVE views = 8 weight = 0.75 mean_abs_feat_delta = 0.261628\n"}
,{"stream_name":"stdout","time":2149.204886,"data":"SECONDARY_EDGE_TTA_ACTIVE views = 8 weight = 0.75 mean_abs_feat_delta = 0.205793\n"}
,{"stream_name":"stdout","time":2150.092715853,"data":"EDGE_TTA_ACTIVE views = 8 mean_abs_feat_delta = 0.338746\n"}
,{"stream_name":"stdout","time":2150.470358526,"data":"EDGE_TTA_ACTIVE views = 8 mean_abs_feat_delta = 0.284821\n"}
,{"stream_name":"stdout","time":2151.136921188,"data":"SECONDARY_EDGE_TTA_ACTIVE views = 8 weight = 0.75 mean_abs_feat_delta = 0.259644\n"}
,{"stream_name":"stdout","time":2151.573275226,"data":"SECONDARY_EDGE_TTA_ACTIVE views = 8 weight = 0.75 mean_abs_feat_delta = 0.210728\n"}
,{"stream_name":"stdout","time":2152.26600519,"data":"EDGE_TTA_ACTIVE views = 8 mean_abs_feat_delta = 0.340952\n"}
,{"stream_name":"stdout","time":2152.80506254,"data":"EDGE_TTA_ACTIVE views = 8 mean_abs_feat_delta = 0.287327\n"}
,{"stream_name":"stdout","time":2153.302081616,"data":"SECONDARY_EDGE_TTA_ACTIVE views = 8 weight = 0.75 mean_abs_feat_delta = 0.260273\n"}
,{"stream_name":"stdout","time":2153.896158928,"data":"SECONDARY_EDGE_TTA_ACTIVE views = 8 weight = 0.75 mean_abs_feat_delta = 0.208572\n"}
,{"stream_name":"stdout","time":2154.404886959,"data":"EDGE_TTA_ACTIVE views = 8 mean_abs_feat_delta = 0.342027\n"}
,{"stream_name":"stdout","time":2155.273076372,"data":"EDGE_TTA_ACTIVE views = 8 mean_abs_feat_delta = 0.285857\n"}
,{"stream_name":"stdout","time":2155.433913001,"data":"SECONDARY_EDGE_TTA_ACTIVE views = 8 weight = 0.75 mean_abs_feat_delta = 0.259018\n"}
,{"stream_name":"stdout","time":2156.208423916,"data":"SECONDARY_EDGE_TTA_ACTIVE views = 8 weight = 0.75 mean_abs_feat_delta = 0.20793\n"}
,{"stream_name":"stdout","time":2156.529023855,"data":"EDGE_TTA_ACTIVE views = 8 mean_abs_feat_delta = 0.339705\n"}
,{"stream_name":"stdout","time":2157.425822559,"data":"EDGE_TTA_ACTIVE views = 8 mean_abs_feat_delta = 0.283107\n"}
,{"stream_name":"stdout","time":2157.554905474,"data":"SECONDARY_EDGE_TTA_ACTIVE views = 8 weight = 0.75 mean_abs_feat_delta = 0.260044\n"}
,{"stream_name":"stdout","time":2158.496236825,"data":"SECONDARY_EDGE_TTA_ACTIVE views = 8 weight = 0.75 mean_abs_feat_delta = 0.21153\n"}
,{"stream_name":"stdout","time":2158.654642666,"data":"EDGE_TTA_ACTIVE views = 8 mean_abs_feat_delta = 0.340104\n"}
,{"stream_name":"stdout","time":2159.672908506,"data":"SECONDARY_EDGE_TTA_ACTIVE views = 8 weight = 0.75 mean_abs_feat_delta = 0.260377\n"}
,{"stream_name":"stdout","time":2159.694840009,"data":"EDGE_TTA_ACTIVE views = 8 mean_abs_feat_delta = 0.285156\n"}
,{"stream_name":"stdout","time":2160.764396107,"data":"SECONDARY_EDGE_TTA_ACTIVE views = 8 weight = 0.75 mean_abs_feat_delta = 0.215961\n"}
,{"stream_name":"stdout","time":2160.766851477,"data":"EDGE_TTA_ACTIVE views = 8 mean_abs_feat_delta = 0.339763\n"}
,{"stream_name":"stdout","time":2161.77794585,"data":"SECONDARY_EDGE_TTA_ACTIVE views = 8 weight = 0.75 mean_abs_feat_delta = 0.258496\n"}
,{"stream_name":"stdout","time":2161.959072828,"data":"EDGE_TTA_ACTIVE views = 8 mean_abs_feat_delta = 0.281307\n"}
,{"stream_name":"stdout","time":2162.900061876,"data":"EDGE_TTA_ACTIVE views = 8 mean_abs_feat_delta = 0.333526\n"}
,{"stream_name":"stdout","time":2163.018581622,"data":"SECONDARY_EDGE_TTA_ACTIVE views = 8 weight = 0.75 mean_abs_feat_delta = 0.210734\n"}
,{"stream_name":"stdout","time":2163.9076223,"data":"SECONDARY_EDGE_TTA_ACTIVE views = 8 weight = 0.75 mean_abs_feat_delta = 0.255413\n"}
,{"stream_name":"stdout","time":2164.213175322,"data":"EDGE_TTA_ACTIVE views = 8 mean_abs_feat_delta = 0.283345\n"}
,{"stream_name":"stdout","time":2165.01075138,"data":"EDGE_TTA_ACTIVE views = 8 mean_abs_feat_delta = 0.336952\n"}
,{"stream_name":"stdout","time":2165.266064878,"data":"SECONDARY_EDGE_TTA_ACTIVE views = 8 weight = 0.75 mean_abs_feat_delta = 0.210047\n"}
,{"stream_name":"stdout","time":2166.016706731,"data":"SECONDARY_EDGE_TTA_ACTIVE views = 8 weight = 0.75 mean_abs_feat_delta = 0.252694\n"}
,{"stream_name":"stdout","time":2166.414420569,"data":"EDGE_TTA_ACTIVE views = 8 mean_abs_feat_delta = 0.282739\n"}
,{"stream_name":"stdout","time":2167.126700176,"data":"EDGE_TTA_ACTIVE views = 8 mean_abs_feat_delta = 0.345093\n"}
,{"stream_name":"stdout","time":2167.465884302,"data":"SECONDARY_EDGE_TTA_ACTIVE views = 8 weight = 0.75 mean_abs_feat_delta = 0.208912\n"}
,{"stream_name":"stdout","time":2168.128003698,"data":"SECONDARY_EDGE_TTA_ACTIVE views = 8 weight = 0.75 mean_abs_feat_delta = 0.256998\n"}
,{"stream_name":"stdout","time":2168.628330618,"data":"EDGE_TTA_ACTIVE views = 8 mean_abs_feat_delta = 0.280872\n"}
,{"stream_name":"stdout","time":2169.25280312,"data":"EDGE_TTA_ACTIVE views = 8 mean_abs_feat_delta = 0.34152\n"}
,{"stream_name":"stdout","time":2169.674258323,"data":"SECONDARY_EDGE_TTA_ACTIVE views = 8 weight = 0.75 mean_abs_feat_delta = 0.208993\n"}
,{"stream_name":"stdout","time":2170.248382717,"data":"SECONDARY_EDGE_TTA_ACTIVE views = 8 weight = 0.75 mean_abs_feat_delta = 0.260222\n"}
,{"stream_name":"stdout","time":2170.871050727,"data":"EDGE_TTA_ACTIVE views = 8 mean_abs_feat_delta = 0.281118\n"}
,{"stream_name":"stdout","time":2171.328431421,"data":"EDGE_TTA_ACTIVE views = 8 mean_abs_feat_delta = 0.341151\n"}
,{"stream_name":"stdout","time":2171.912404429,"data":"SECONDARY_EDGE_TTA_ACTIVE views = 8 weight = 0.75 mean_abs_feat_delta = 0.20797\n"}
,{"stream_name":"stdout","time":2172.325627623,"data":"SECONDARY_EDGE_TTA_ACTIVE views = 8 weight = 0.75 mean_abs_feat_delta = 0.264548\n"}
,{"stream_name":"stdout","time":2173.083922853,"data":"EDGE_TTA_ACTIVE views = 8 mean_abs_feat_delta = 0.281355\n"}
,{"stream_name":"stdout","time":2173.46760292,"data":"EDGE_TTA_ACTIVE views = 8 mean_abs_feat_delta = 0.34019\n"}
,{"stream_name":"stdout","time":2174.120060873,"data":"SECONDARY_EDGE_TTA_ACTIVE views = 8 weight = 0.75 mean_abs_feat_delta = 0.209647\n"}
,{"stream_name":"stdout","time":2174.462749657,"data":"SECONDARY_EDGE_TTA_ACTIVE views = 8 weight = 0.75 mean_abs_feat_delta = 0.26289\n"}
,{"stream_name":"stdout","time":2175.283561949,"data":"EDGE_TTA_ACTIVE views = 8 mean_abs_feat_delta = 0.279058\n"}
,{"stream_name":"stdout","time":2175.562272712,"data":"EDGE_TTA_ACTIVE views = 8 mean_abs_feat_delta = 0.344388\n"}
,{"stream_name":"stdout","time":2176.316516383,"data":"SECONDARY_EDGE_TTA_ACTIVE views = 8 weight = 0.75 mean_abs_feat_delta = 0.209978\n"}
,{"stream_name":"stdout","time":2176.554570587,"data":"SECONDARY_EDGE_TTA_ACTIVE views = 8 weight = 0.75 mean_abs_feat_delta = 0.257635\n"}
,{"stream_name":"stdout","time":2177.507570007,"data":"EDGE_TTA_ACTIVE views = 8 mean_abs_feat_delta = 0.271242\n"}
,{"stream_name":"stdout","time":2177.629614149,"data":"EDGE_TTA_ACTIVE views = 8 mean_abs_feat_delta = 0.343422\n"}
,{"stream_name":"stdout","time":2178.541846109,"data":"SECONDARY_EDGE_TTA_ACTIVE views = 8 weight = 0.75 mean_abs_feat_delta = 0.226724\n"}
,{"stream_name":"stdout","time":2178.620267699,"data":"SECONDARY_EDGE_TTA_ACTIVE views = 8 weight = 0.75 mean_abs_feat_delta = 0.25605\n"}
,{"stream_name":"stdout","time":2179.681403203,"data":"EDGE_TTA_ACTIVE views = 8 mean_abs_feat_delta = 0.278583\n"}
,{"stream_name":"stdout","time":2179.694351236,"data":"EDGE_TTA_ACTIVE views = 8 mean_abs_feat_delta = 0.340401\n"}
,{"stream_name":"stdout","time":2180.684680526,"data":"SECONDARY_EDGE_TTA_ACTIVE views = 8 weight = 0.75 mean_abs_feat_delta = 0.261539\n"}
,{"stream_name":"stdout","time":2180.709557402,"data":"SECONDARY_EDGE_TTA_ACTIVE views = 8 weight = 0.75 mean_abs_feat_delta = 0.212438\n"}
,{"stream_name":"stdout","time":2181.760569367,"data":"EDGE_TTA_ACTIVE views = 8 mean_abs_feat_delta = 0.339951\n"}
,{"stream_name":"stdout","time":2181.879257127,"data":"EDGE_TTA_ACTIVE views = 8 mean_abs_feat_delta = 0.280712\n"}
,{"stream_name":"stdout","time":2182.734365279,"data":"SECONDARY_EDGE_TTA_ACTIVE views = 8 weight = 0.75 mean_abs_feat_delta = 0.262505\n"}
,{"stream_name":"stdout","time":2182.903009017,"data":"SECONDARY_EDGE_TTA_ACTIVE views = 8 weight = 0.75 mean_abs_feat_delta = 0.217052\n"}
,{"stream_name":"stdout","time":2183.7861537,"data":"EDGE_TTA_ACTIVE views = 8 mean_abs_feat_delta = 0.34749\n"}
,{"stream_name":"stdout","time":2184.024899148,"data":"EDGE_TTA_ACTIVE views = 8 mean_abs_feat_delta = 0.281412\n"}
,{"stream_name":"stdout","time":2184.774398202,"data":"SECONDARY_EDGE_TTA_ACTIVE views = 8 weight = 0.75 mean_abs_feat_delta = 0.261831\n"}
,{"stream_name":"stdout","time":2185.049026257,"data":"SECONDARY_EDGE_TTA_ACTIVE views = 8 weight = 0.75 mean_abs_feat_delta = 0.214047\n"}
,{"stream_name":"stdout","time":2185.978257467,"data":"EDGE_TTA_ACTIVE views = 8 mean_abs_feat_delta = 0.348728\n"}
,{"stream_name":"stdout","time":2186.203540973,"data":"EDGE_TTA_ACTIVE views = 8 mean_abs_feat_delta = 0.283284\n"}
,{"stream_name":"stdout","time":2186.804624431,"data":"SECONDARY_EDGE_TTA_ACTIVE views = 8 weight = 0.75 mean_abs_feat_delta = 0.264817\n"}
,{"stream_name":"stdout","time":2187.231583198,"data":"SECONDARY_EDGE_TTA_ACTIVE views = 8 weight = 0.75 mean_abs_feat_delta = 0.208668\n"}
,{"stream_name":"stdout","time":2187.896171926,"data":"EDGE_TTA_ACTIVE views = 8 mean_abs_feat_delta = 0.348915\n"}
,{"stream_name":"stdout","time":2188.360932121,"data":"EDGE_TTA_ACTIVE views = 8 mean_abs_feat_delta = 0.285807\n"}
,{"stream_name":"stdout","time":2188.871829167,"data":"SECONDARY_EDGE_TTA_ACTIVE views = 8 weight = 0.75 mean_abs_feat_delta = 0.26002\n"}
,{"stream_name":"stdout","time":2189.383845862,"data":"SECONDARY_EDGE_TTA_ACTIVE views = 8 weight = 0.75 mean_abs_feat_delta = 0.210105\n"}
,{"stream_name":"stdout","time":2189.942755157,"data":"EDGE_TTA_ACTIVE views = 8 mean_abs_feat_delta = 0.34756\n"}
,{"stream_name":"stdout","time":2190.595398696,"data":"EDGE_TTA_ACTIVE views = 8 mean_abs_feat_delta = 0.284166\n"}
,{"stream_name":"stdout","time":2190.917054595,"data":"SECONDARY_EDGE_TTA_ACTIVE views = 8 weight = 0.75 mean_abs_feat_delta = 0.259113\n"}
,{"stream_name":"stdout","time":2191.61548431,"data":"SECONDARY_EDGE_TTA_ACTIVE views = 8 weight = 0.75 mean_abs_feat_delta = 0.213564\n"}
,{"stream_name":"stdout","time":2191.990933632,"data":"EDGE_TTA_ACTIVE views = 8 mean_abs_feat_delta = 0.341564\n"}
,{"stream_name":"stdout","time":2192.739704018,"data":"EDGE_TTA_ACTIVE views = 8 mean_abs_feat_delta = 0.284946\n"}
,{"stream_name":"stdout","time":2192.963331453,"data":"SECONDARY_EDGE_TTA_ACTIVE views = 8 weight = 0.75 mean_abs_feat_delta = 0.257712\n"}
,{"stream_name":"stdout","time":2193.763369033,"data":"SECONDARY_EDGE_TTA_ACTIVE views = 8 weight = 0.75 mean_abs_feat_delta = 0.21043\n"}
,{"stream_name":"stdout","time":2194.074025428,"data":"EDGE_TTA_ACTIVE views = 8 mean_abs_feat_delta = 0.339453\n"}
,{"stream_name":"stdout","time":2194.892775034,"data":"EDGE_TTA_ACTIVE views = 8 mean_abs_feat_delta = 0.277939\n"}
,{"stream_name":"stdout","time":2195.047693693,"data":"SECONDARY_EDGE_TTA_ACTIVE views = 8 weight = 0.75 mean_abs_feat_delta = 0.252306\n"}
,{"stream_name":"stdout","time":2195.920446289,"data":"SECONDARY_EDGE_TTA_ACTIVE views = 8 weight = 0.75 mean_abs_feat_delta = 0.224605\n"}
,{"stream_name":"stdout","time":2196.158389446,"data":"EDGE_TTA_ACTIVE views = 8 mean_abs_feat_delta = 0.34454\n"}
,{"stream_name":"stdout","time":2197.082201259,"data":"EDGE_TTA_ACTIVE views = 8 mean_abs_feat_delta = 0.282273\n"}
,{"stream_name":"stdout","time":2197.132907063,"data":"SECONDARY_EDGE_TTA_ACTIVE views = 8 weight = 0.75 mean_abs_feat_delta = 0.251268\n"}
,{"stream_name":"stdout","time":2198.111896321,"data":"SECONDARY_EDGE_TTA_ACTIVE views = 8 weight = 0.75 mean_abs_feat_delta = 0.210253\n"}
,{"stream_name":"stdout","time":2198.226727774,"data":"EDGE_TTA_ACTIVE views = 8 mean_abs_feat_delta = 0.34235\n"}
,{"stream_name":"stdout","time":2199.202095447,"data":"SECONDARY_EDGE_TTA_ACTIVE views = 8 weight = 0.75 mean_abs_feat_delta = 0.248744\n"}
,{"stream_name":"stdout","time":2199.245745706,"data":"EDGE_TTA_ACTIVE views = 8 mean_abs_feat_delta = 0.284153\n"}
,{"stream_name":"stdout","time":2200.253881798,"data":"EDGE_TTA_ACTIVE views = 8 mean_abs_feat_delta = 0.339835\n"}
,{"stream_name":"stdout","time":2200.27566534,"data":"SECONDARY_EDGE_TTA_ACTIVE views = 8 weight = 0.75 mean_abs_feat_delta = 0.217533\n"}
,{"stream_name":"stdout","time":2201.244136548,"data":"SECONDARY_EDGE_TTA_ACTIVE views = 8 weight = 0.75 mean_abs_feat_delta = 0.250506\n"}
,{"stream_name":"stdout","time":2201.434672478,"data":"EDGE_TTA_ACTIVE views = 8 mean_abs_feat_delta = 0.284297\n"}
,{"stream_name":"stdout","time":2202.302108712,"data":"EDGE_TTA_ACTIVE views = 8 mean_abs_feat_delta = 0.343666\n"}
,{"stream_name":"stdout","time":2202.46402978,"data":"SECONDARY_EDGE_TTA_ACTIVE views = 8 weight = 0.75 mean_abs_feat_delta = 0.215734\n"}
,{"stream_name":"stdout","time":2203.290715484,"data":"SECONDARY_EDGE_TTA_ACTIVE views = 8 weight = 0.75 mean_abs_feat_delta = 0.249242\n"}
,{"stream_name":"stdout","time":2203.649500809,"data":"EDGE_TTA_ACTIVE views = 8 mean_abs_feat_delta = 0.276563\n"}
,{"stream_name":"stdout","time":2204.430609103,"data":"EDGE_TTA_ACTIVE views = 8 mean_abs_feat_delta = 0.345266\n"}
,{"stream_name":"stdout","time":2204.68235508,"data":"SECONDARY_EDGE_TTA_ACTIVE views = 8 weight = 0.75 mean_abs_feat_delta = 0.199979\n"}
,{"stream_name":"stdout","time":2205.420358003,"data":"SECONDARY_EDGE_TTA_ACTIVE views = 8 weight = 0.75 mean_abs_feat_delta = 0.252993\n"}
,{"stream_name":"stdout","time":2205.830511986,"data":"EDGE_TTA_ACTIVE views = 8 mean_abs_feat_delta = 0.277027\n"}
,{"stream_name":"stdout","time":2206.47586707,"data":"EDGE_TTA_ACTIVE views = 8 mean_abs_feat_delta = 0.347232\n"}
,{"stream_name":"stdout","time":2206.864724841,"data":"SECONDARY_EDGE_TTA_ACTIVE views = 8 weight = 0.75 mean_abs_feat_delta = 0.196398\n"}
,{"stream_name":"stdout","time":2207.465652025,"data":"SECONDARY_EDGE_TTA_ACTIVE views = 8 weight = 0.75 mean_abs_feat_delta = 0.255776\n"}
,{"stream_name":"stdout","time":2208.046187736,"data":"EDGE_TTA_ACTIVE views = 8 mean_abs_feat_delta = 0.279545\n"}
,{"stream_name":"stdout","time":2208.540837918,"data":"EDGE_TTA_ACTIVE views = 8 mean_abs_feat_delta = 0.344073\n"}
,{"stream_name":"stdout","time":2209.082873988,"data":"SECONDARY_EDGE_TTA_ACTIVE views = 8 weight = 0.75 mean_abs_feat_delta = 0.207084\n"}
,{"stream_name":"stdout","time":2209.532677676,"data":"SECONDARY_EDGE_TTA_ACTIVE views = 8 weight = 0.75 mean_abs_feat_delta = 0.255242\n"}
,{"stream_name":"stdout","time":2210.251543572,"data":"EDGE_TTA_ACTIVE views = 8 mean_abs_feat_delta = 0.281065\n"}
,{"stream_name":"stdout","time":2210.671780676,"data":"EDGE_TTA_ACTIVE views = 8 mean_abs_feat_delta = 0.342224\n"}
,{"stream_name":"stdout","time":2211.291213119,"data":"SECONDARY_EDGE_TTA_ACTIVE views = 8 weight = 0.75 mean_abs_feat_delta = 0.207082\n"}
,{"stream_name":"stdout","time":2211.667267949,"data":"SECONDARY_EDGE_TTA_ACTIVE views = 8 weight = 0.75 mean_abs_feat_delta = 0.2511\n"}
,{"stream_name":"stdout","time":2212.462081434,"data":"EDGE_TTA_ACTIVE views = 8 mean_abs_feat_delta = 0.285064\n"}
,{"stream_name":"stdout","time":2212.770003569,"data":"EDGE_TTA_ACTIVE views = 8 mean_abs_feat_delta = 0.340766\n"}
,{"stream_name":"stdout","time":2213.509677978,"data":"SECONDARY_EDGE_TTA_ACTIVE views = 8 weight = 0.75 mean_abs_feat_delta = 0.211819\n"}
,{"stream_name":"stdout","time":2213.762771673,"data":"SECONDARY_EDGE_TTA_ACTIVE views = 8 weight = 0.75 mean_abs_feat_delta = 0.249793\n"}
,{"stream_name":"stdout","time":2214.772104638,"data":"EDGE_TTA_ACTIVE views = 8 mean_abs_feat_delta = 0.284192\n"}
,{"stream_name":"stdout","time":2214.822873816,"data":"EDGE_TTA_ACTIVE views = 8 mean_abs_feat_delta = 0.342603\n"}
,{"stream_name":"stdout","time":2215.820216994,"data":"SECONDARY_EDGE_TTA_ACTIVE views = 8 weight = 0.75 mean_abs_feat_delta = 0.252106\n"}
,{"stream_name":"stdout","time":2215.822279364,"data":"SECONDARY_EDGE_TTA_ACTIVE views = 8 weight = 0.75 mean_abs_feat_delta = 0.210743\n"}
,{"stream_name":"stdout","time":2217.118779577,"data":"EDGE_TTA_ACTIVE views = 8 mean_abs_feat_delta = 0.341082\n"}
,{"stream_name":"stdout","time":2217.119865147,"data":"EDGE_TTA_ACTIVE views = 8 mean_abs_feat_delta = 0.28167\n"}
,{"stream_name":"stdout","time":2217.967755028,"data":"SECONDARY_EDGE_TTA_ACTIVE views = 8 weight = 0.75 mean_abs_feat_delta = 0.256297\n"}
,{"stream_name":"stdout","time":2218.053384598,"data":"SECONDARY_EDGE_TTA_ACTIVE views = 8 weight = 0.75 mean_abs_feat_delta = 0.20555\n"}
,{"stream_name":"stdout","time":2219.124648486,"data":"EDGE_TTA_ACTIVE views = 8 mean_abs_feat_delta = 0.342531\n"}
,{"stream_name":"stdout","time":2219.207945833,"data":"EDGE_TTA_ACTIVE views = 8 mean_abs_feat_delta = 0.28237\n"}
,{"stream_name":"stdout","time":2220.124876665,"data":"SECONDARY_EDGE_TTA_ACTIVE views = 8 weight = 0.75 mean_abs_feat_delta = 0.259811\n"}
,{"stream_name":"stdout","time":2220.26381645,"data":"SECONDARY_EDGE_TTA_ACTIVE views = 8 weight = 0.75 mean_abs_feat_delta = 0.204003\n"}
,{"stream_name":"stdout","time":2221.203718804,"data":"EDGE_TTA_ACTIVE views = 8 mean_abs_feat_delta = 0.338261\n"}
,{"stream_name":"stdout","time":2221.472703829,"data":"EDGE_TTA_ACTIVE views = 8 mean_abs_feat_delta = 0.282802\n"}
,{"stream_name":"stdout","time":2222.203869358,"data":"SECONDARY_EDGE_TTA_ACTIVE views = 8 weight = 0.75 mean_abs_feat_delta = 0.255512\n"}
,{"stream_name":"stdout","time":2222.532869792,"data":"SECONDARY_EDGE_TTA_ACTIVE views = 8 weight = 0.75 mean_abs_feat_delta = 0.206577\n"}
,{"stream_name":"stdout","time":2223.272521507,"data":"EDGE_TTA_ACTIVE views = 8 mean_abs_feat_delta = 0.331504\n"}
,{"stream_name":"stdout","time":2223.702343523,"data":"EDGE_TTA_ACTIVE views = 8 mean_abs_feat_delta = 0.285432\n"}
,{"stream_name":"stdout","time":2224.277432511,"data":"SECONDARY_EDGE_TTA_ACTIVE views = 8 weight = 0.75 mean_abs_feat_delta = 0.249417\n"}
,{"stream_name":"stdout","time":2224.760984967,"data":"SECONDARY_EDGE_TTA_ACTIVE views = 8 weight = 0.75 mean_abs_feat_delta = 0.21238\n"}
,{"stream_name":"stdout","time":2225.419029685,"data":"EDGE_TTA_ACTIVE views = 8 mean_abs_feat_delta = 0.331413\n"}
,{"stream_name":"stdout","time":2226.010098876,"data":"EDGE_TTA_ACTIVE views = 8 mean_abs_feat_delta = 0.281029\n"}
,{"stream_name":"stdout","time":2226.418239379,"data":"SECONDARY_EDGE_TTA_ACTIVE views = 8 weight = 0.75 mean_abs_feat_delta = 0.247742\n"}
,{"stream_name":"stdout","time":2227.072886965,"data":"SECONDARY_EDGE_TTA_ACTIVE views = 8 weight = 0.75 mean_abs_feat_delta = 0.217798\n"}
,{"stream_name":"stdout","time":2227.550329844,"data":"EDGE_TTA_ACTIVE views = 8 mean_abs_feat_delta = 0.329218\n"}
,{"stream_name":"stdout","time":2228.267872295,"data":"EDGE_TTA_ACTIVE views = 8 mean_abs_feat_delta = 0.272919\n"}
,{"stream_name":"stdout","time":2228.54812137,"data":"SECONDARY_EDGE_TTA_ACTIVE views = 8 weight = 0.75 mean_abs_feat_delta = 0.242204\n"}
,{"stream_name":"stdout","time":2229.328056937,"data":"SECONDARY_EDGE_TTA_ACTIVE views = 8 weight = 0.75 mean_abs_feat_delta = 0.232881\n"}
,{"stream_name":"stdout","time":2229.653112274,"data":"EDGE_TTA_ACTIVE views = 8 mean_abs_feat_delta = 0.328908\n"}
,{"stream_name":"stdout","time":2230.521230791,"data":"EDGE_TTA_ACTIVE views = 8 mean_abs_feat_delta = 0.279365\n"}
,{"stream_name":"stdout","time":2230.656553385,"data":"SECONDARY_EDGE_TTA_ACTIVE views = 8 weight = 0.75 mean_abs_feat_delta = 0.245859\n"}
,{"stream_name":"stdout","time":2231.583620556,"data":"SECONDARY_EDGE_TTA_ACTIVE views = 8 weight = 0.75 mean_abs_feat_delta = 0.211001\n"}
,{"stream_name":"stdout","time":2231.79016738,"data":"EDGE_TTA_ACTIVE views = 8 mean_abs_feat_delta = 0.327794\n"}
,{"stream_name":"stdout","time":2232.775338477,"data":"EDGE_TTA_ACTIVE views = 8 mean_abs_feat_delta = 0.282084\n"}
,{"stream_name":"stdout","time":2232.793091885,"data":"SECONDARY_EDGE_TTA_ACTIVE views = 8 weight = 0.75 mean_abs_feat_delta = 0.252442\n"}
,{"stream_name":"stdout","time":2233.835355933,"data":"SECONDARY_EDGE_TTA_ACTIVE views = 8 weight = 0.75 mean_abs_feat_delta = 0.212616\n"}
,{"stream_name":"stdout","time":2233.86403888,"data":"EDGE_TTA_ACTIVE views = 8 mean_abs_feat_delta = 0.325619\n"}
,{"stream_name":"stdout","time":2234.869388983,"data":"SECONDARY_EDGE_TTA_ACTIVE views = 8 weight = 0.75 mean_abs_feat_delta = 0.24958\n"}
,{"stream_name":"stdout","time":2234.994422675,"data":"EDGE_TTA_ACTIVE views = 8 mean_abs_feat_delta = 0.283885\n"}
,{"stream_name":"stdout","time":2235.966744568,"data":"EDGE_TTA_ACTIVE views = 8 mean_abs_feat_delta = 0.326224\n"}
,{"stream_name":"stdout","time":2236.057597402,"data":"SECONDARY_EDGE_TTA_ACTIVE views = 8 weight = 0.75 mean_abs_feat_delta = 0.21261\n"}
,{"stream_name":"stdout","time":2236.967217332,"data":"SECONDARY_EDGE_TTA_ACTIVE views = 8 weight = 0.75 mean_abs_feat_delta = 0.247268\n"}
,{"stream_name":"stdout","time":2237.217471951,"data":"EDGE_TTA_ACTIVE views = 8 mean_abs_feat_delta = 0.284012\n"}
,{"stream_name":"stdout","time":2238.094706271,"data":"EDGE_TTA_ACTIVE views = 8 mean_abs_feat_delta = 0.321245\n"}
,{"stream_name":"stdout","time":2238.27401917,"data":"SECONDARY_EDGE_TTA_ACTIVE views = 8 weight = 0.75 mean_abs_feat_delta = 0.212811\n"}
,{"stream_name":"stdout","time":2239.0922015,"data":"SECONDARY_EDGE_TTA_ACTIVE views = 8 weight = 0.75 mean_abs_feat_delta = 0.245553\n"}
,{"stream_name":"stdout","time":2239.490350333,"data":"EDGE_TTA_ACTIVE views = 8 mean_abs_feat_delta = 0.28661\n"}
,{"stream_name":"stdout","time":2240.218967635,"data":"EDGE_TTA_ACTIVE views = 8 mean_abs_feat_delta = 0.319781\n"}
,{"stream_name":"stdout","time":2240.551919658,"data":"SECONDARY_EDGE_TTA_ACTIVE views = 8 weight = 0.75 mean_abs_feat_delta = 0.215936\n"}
,{"stream_name":"stdout","time":2241.220405694,"data":"SECONDARY_EDGE_TTA_ACTIVE views = 8 weight = 0.75 mean_abs_feat_delta = 0.244675\n"}
,{"stream_name":"stdout","time":2241.757236288,"data":"EDGE_TTA_ACTIVE views = 8 mean_abs_feat_delta = 0.287228\n"}
,{"stream_name":"stdout","time":2242.296825205,"data":"EDGE_TTA_ACTIVE views = 8 mean_abs_feat_delta = 0.322829\n"}
,{"stream_name":"stdout","time":2242.81451053,"data":"SECONDARY_EDGE_TTA_ACTIVE views = 8 weight = 0.75 mean_abs_feat_delta = 0.218047\n"}
,{"stream_name":"stdout","time":2243.292744487,"data":"SECONDARY_EDGE_TTA_ACTIVE views = 8 weight = 0.75 mean_abs_feat_delta = 0.246191\n"}
,{"stream_name":"stdout","time":2244.006944031,"data":"EDGE_TTA_ACTIVE views = 8 mean_abs_feat_delta = 0.285405\n"}
,{"stream_name":"stdout","time":2244.414501155,"data":"EDGE_TTA_ACTIVE views = 8 mean_abs_feat_delta = 0.326443\n"}
,{"stream_name":"stdout","time":2245.059983151,"data":"SECONDARY_EDGE_TTA_ACTIVE views = 8 weight = 0.75 mean_abs_feat_delta = 0.215395\n"}
,{"stream_name":"stdout","time":2245.413866006,"data":"SECONDARY_EDGE_TTA_ACTIVE views = 8 weight = 0.75 mean_abs_feat_delta = 0.240071\n"}
,{"stream_name":"stdout","time":2246.222240523,"data":"EDGE_TTA_ACTIVE views = 8 mean_abs_feat_delta = 0.28492\n"}
,{"stream_name":"stdout","time":2246.527834012,"data":"EDGE_TTA_ACTIVE views = 8 mean_abs_feat_delta = 0.326852\n"}
,{"stream_name":"stdout","time":2247.417540702,"data":"SECONDARY_EDGE_TTA_ACTIVE views = 8 weight = 0.75 mean_abs_feat_delta = 0.212795\n"}
,{"stream_name":"stdout","time":2247.522208743,"data":"SECONDARY_EDGE_TTA_ACTIVE views = 8 weight = 0.75 mean_abs_feat_delta = 0.239234\n"}
,{"stream_name":"stdout","time":2248.479606905,"data":"EDGE_TTA_ACTIVE views = 8 mean_abs_feat_delta = 0.283264\n"}
,{"stream_name":"stdout","time":2248.639440584,"data":"EDGE_TTA_ACTIVE views = 8 mean_abs_feat_delta = 0.329914\n"}
,{"stream_name":"stdout","time":2249.532789917,"data":"SECONDARY_EDGE_TTA_ACTIVE views = 8 weight = 0.75 mean_abs_feat_delta = 0.216027\n"}
,{"stream_name":"stdout","time":2249.63316961,"data":"SECONDARY_EDGE_TTA_ACTIVE views = 8 weight = 0.75 mean_abs_feat_delta = 0.23907\n"}
,{"stream_name":"stdout","time":2250.733383045,"data":"EDGE_TTA_ACTIVE views = 8 mean_abs_feat_delta = 0.283715\n"}
,{"stream_name":"stdout","time":2250.760260451,"data":"EDGE_TTA_ACTIVE views = 8 mean_abs_feat_delta = 0.3332\n"}
,{"stream_name":"stdout","time":2251.753162203,"data":"SECONDARY_EDGE_TTA_ACTIVE views = 8 weight = 0.75 mean_abs_feat_delta = 0.240973\n"}
,{"stream_name":"stdout","time":2251.784491152,"data":"SECONDARY_EDGE_TTA_ACTIVE views = 8 weight = 0.75 mean_abs_feat_delta = 0.216681\n"}
,{"stream_name":"stdout","time":2252.902095318,"data":"EDGE_TTA_ACTIVE views = 8 mean_abs_feat_delta = 0.326396\n"}
,{"stream_name":"stdout","time":2253.023944481,"data":"EDGE_TTA_ACTIVE views = 8 mean_abs_feat_delta = 0.283294\n"}
,{"stream_name":"stdout","time":2253.897754719,"data":"SECONDARY_EDGE_TTA_ACTIVE views = 8 weight = 0.75 mean_abs_feat_delta = 0.241149\n"}
,{"stream_name":"stdout","time":2254.072552747,"data":"SECONDARY_EDGE_TTA_ACTIVE views = 8 weight = 0.75 mean_abs_feat_delta = 0.219376\n"}
,{"stream_name":"stdout","time":2254.992383576,"data":"EDGE_TTA_ACTIVE views = 8 mean_abs_feat_delta = 0.327676\n"}
,{"stream_name":"stdout","time":2255.296803522,"data":"EDGE_TTA_ACTIVE views = 8 mean_abs_feat_delta = 0.286449\n"}
,{"stream_name":"stdout","time":2255.983495888,"data":"SECONDARY_EDGE_TTA_ACTIVE views = 8 weight = 0.75 mean_abs_feat_delta = 0.239348\n"}
,{"stream_name":"stdout","time":2256.341488358,"data":"SECONDARY_EDGE_TTA_ACTIVE views = 8 weight = 0.75 mean_abs_feat_delta = 0.218097\n"}
,{"stream_name":"stdout","time":2257.038583223,"data":"EDGE_TTA_ACTIVE views = 8 mean_abs_feat_delta = 0.330541\n"}
,{"stream_name":"stdout","time":2257.550042467,"data":"EDGE_TTA_ACTIVE views = 8 mean_abs_feat_delta = 0.290051\n"}
,{"stream_name":"stdout","time":2258.026080043,"data":"SECONDARY_EDGE_TTA_ACTIVE views = 8 weight = 0.75 mean_abs_feat_delta = 0.242865\n"}
,{"stream_name":"stdout","time":2258.596376096,"data":"SECONDARY_EDGE_TTA_ACTIVE views = 8 weight = 0.75 mean_abs_feat_delta = 0.217645\n"}
,{"stream_name":"stdout","time":2259.112383427,"data":"EDGE_TTA_ACTIVE views = 8 mean_abs_feat_delta = 0.335217\n"}
,{"stream_name":"stdout","time":2259.750633178,"data":"EDGE_TTA_ACTIVE views = 8 mean_abs_feat_delta = 0.289497\n"}
,{"stream_name":"stdout","time":2260.098420503,"data":"SECONDARY_EDGE_TTA_ACTIVE views = 8 weight = 0.75 mean_abs_feat_delta = 0.240063\n"}
,{"stream_name":"stdout","time":2260.798087696,"data":"SECONDARY_EDGE_TTA_ACTIVE views = 8 weight = 0.75 mean_abs_feat_delta = 0.217868\n"}
,{"stream_name":"stdout","time":2261.186155719,"data":"EDGE_TTA_ACTIVE views = 8 mean_abs_feat_delta = 0.33513\n"}
,{"stream_name":"stdout","time":2261.946155826,"data":"EDGE_TTA_ACTIVE views = 8 mean_abs_feat_delta = 0.282987\n"}
,{"stream_name":"stdout","time":2262.178564494,"data":"SECONDARY_EDGE_TTA_ACTIVE views = 8 weight = 0.75 mean_abs_feat_delta = 0.240997\n"}
,{"stream_name":"stdout","time":2262.989154221,"data":"SECONDARY_EDGE_TTA_ACTIVE views = 8 weight = 0.75 mean_abs_feat_delta = 0.23668\n"}
,{"stream_name":"stdout","time":2263.264315083,"data":"EDGE_TTA_ACTIVE views = 8 mean_abs_feat_delta = 0.328111\n"}
,{"stream_name":"stdout","time":2264.164175071,"data":"EDGE_TTA_ACTIVE views = 8 mean_abs_feat_delta = 0.285694\n"}
,{"stream_name":"stdout","time":2264.245291034,"data":"SECONDARY_EDGE_TTA_ACTIVE views = 8 weight = 0.75 mean_abs_feat_delta = 0.238986\n"}
,{"stream_name":"stdout","time":2265.209037793,"data":"SECONDARY_EDGE_TTA_ACTIVE views = 8 weight = 0.75 mean_abs_feat_delta = 0.216736\n"}
,{"stream_name":"stdout","time":2265.32140962,"data":"EDGE_TTA_ACTIVE views = 8 mean_abs_feat_delta = 0.326627\n"}
,{"stream_name":"stdout","time":2266.311039036,"data":"SECONDARY_EDGE_TTA_ACTIVE views = 8 weight = 0.75 mean_abs_feat_delta = 0.235807\n"}
,{"stream_name":"stdout","time":2266.350848644,"data":"EDGE_TTA_ACTIVE views = 8 mean_abs_feat_delta = 0.282414\n"}
,{"stream_name":"stdout","time":2267.398593176,"data":"SECONDARY_EDGE_TTA_ACTIVE views = 8 weight = 0.75 mean_abs_feat_delta = 0.223107\n"}
,{"stream_name":"stdout","time":2267.407329223,"data":"EDGE_TTA_ACTIVE views = 8 mean_abs_feat_delta = 0.329018\n"}
,{"stream_name":"stdout","time":2268.397452365,"data":"SECONDARY_EDGE_TTA_ACTIVE views = 8 weight = 0.75 mean_abs_feat_delta = 0.235973\n"}
,{"stream_name":"stdout","time":2268.627074223,"data":"EDGE_TTA_ACTIVE views = 8 mean_abs_feat_delta = 0.285759\n"}
,{"stream_name":"stdout","time":2269.512917083,"data":"EDGE_TTA_ACTIVE views = 8 mean_abs_feat_delta = 0.333443\n"}
,{"stream_name":"stdout","time":2269.668093374,"data":"SECONDARY_EDGE_TTA_ACTIVE views = 8 weight = 0.75 mean_abs_feat_delta = 0.217137\n"}
,{"stream_name":"stdout","time":2270.50469137,"data":"SECONDARY_EDGE_TTA_ACTIVE views = 8 weight = 0.75 mean_abs_feat_delta = 0.23251\n"}
,{"stream_name":"stdout","time":2270.845543144,"data":"EDGE_TTA_ACTIVE views = 8 mean_abs_feat_delta = 0.283365\n"}
,{"stream_name":"stdout","time":2271.616071062,"data":"EDGE_TTA_ACTIVE views = 8 mean_abs_feat_delta = 0.336707\n"}
,{"stream_name":"stdout","time":2271.887550802,"data":"SECONDARY_EDGE_TTA_ACTIVE views = 8 weight = 0.75 mean_abs_feat_delta = 0.213965\n"}
,{"stream_name":"stdout","time":2272.599263634,"data":"SECONDARY_EDGE_TTA_ACTIVE views = 8 weight = 0.75 mean_abs_feat_delta = 0.23487\n"}
,{"stream_name":"stdout","time":2273.035448293,"data":"EDGE_TTA_ACTIVE views = 8 mean_abs_feat_delta = 0.283423\n"}
,{"stream_name":"stdout","time":2273.708593455,"data":"EDGE_TTA_ACTIVE views = 8 mean_abs_feat_delta = 0.335779\n"}
,{"stream_name":"stdout","time":2274.080033345,"data":"SECONDARY_EDGE_TTA_ACTIVE views = 8 weight = 0.75 mean_abs_feat_delta = 0.217877\n"}
,{"stream_name":"stdout","time":2274.698715632,"data":"SECONDARY_EDGE_TTA_ACTIVE views = 8 weight = 0.75 mean_abs_feat_delta = 0.236062\n"}
,{"stream_name":"stdout","time":2275.28355325,"data":"EDGE_TTA_ACTIVE views = 8 mean_abs_feat_delta = 0.280705\n"}
,{"stream_name":"stdout","time":2275.754536186,"data":"EDGE_TTA_ACTIVE views = 8 mean_abs_feat_delta = 0.328211\n"}
,{"stream_name":"stdout","time":2276.32483369,"data":"SECONDARY_EDGE_TTA_ACTIVE views = 8 weight = 0.75 mean_abs_feat_delta = 0.214735\n"}
,{"stream_name":"stdout","time":2276.745095108,"data":"SECONDARY_EDGE_TTA_ACTIVE views = 8 weight = 0.75 mean_abs_feat_delta = 0.236109\n"}
,{"stream_name":"stdout","time":2277.640291782,"data":"EDGE_TTA_ACTIVE views = 8 mean_abs_feat_delta = 0.284385\n"}
,{"stream_name":"stdout","time":2277.799779752,"data":"EDGE_TTA_ACTIVE views = 8 mean_abs_feat_delta = 0.323615\n"}
,{"stream_name":"stdout","time":2278.524463663,"data":"SECONDARY_EDGE_TTA_ACTIVE views = 8 weight = 0.75 mean_abs_feat_delta = 0.214595\n"}
,{"stream_name":"stdout","time":2278.791195166,"data":"SECONDARY_EDGE_TTA_ACTIVE views = 8 weight = 0.75 mean_abs_feat_delta = 0.237271\n"}
,{"stream_name":"stdout","time":2279.665380845,"data":"EDGE_TTA_ACTIVE views = 8 mean_abs_feat_delta = 0.285391\n"}
,{"stream_name":"stdout","time":2279.885616102,"data":"EDGE_TTA_ACTIVE views = 8 mean_abs_feat_delta = 0.324693\n"}
,{"stream_name":"stdout","time":2280.712300815,"data":"SECONDARY_EDGE_TTA_ACTIVE views = 8 weight = 0.75 mean_abs_feat_delta = 0.214519\n"}
,{"stream_name":"stdout","time":2280.876766342,"data":"SECONDARY_EDGE_TTA_ACTIVE views = 8 weight = 0.75 mean_abs_feat_delta = 0.238368\n"}
,{"stream_name":"stdout","time":2281.856307772,"data":"EDGE_TTA_ACTIVE views = 8 mean_abs_feat_delta = 0.282606\n"}
,{"stream_name":"stdout","time":2281.964557491,"data":"EDGE_TTA_ACTIVE views = 8 mean_abs_feat_delta = 0.32651\n"}
,{"stream_name":"stdout","time":2282.901525579,"data":"SECONDARY_EDGE_TTA_ACTIVE views = 8 weight = 0.75 mean_abs_feat_delta = 0.221862\n"}
,{"stream_name":"stdout","time":2282.947016507,"data":"SECONDARY_EDGE_TTA_ACTIVE views = 8 weight = 0.75 mean_abs_feat_delta = 0.238582\n"}
,{"stream_name":"stdout","time":2284.036798334,"data":"EDGE_TTA_ACTIVE views = 8 mean_abs_feat_delta = 0.328408\n"}
,{"stream_name":"stdout","time":2284.058837908,"data":"EDGE_TTA_ACTIVE views = 8 mean_abs_feat_delta = 0.275618\n"}
,{"stream_name":"stdout","time":2285.024235245,"data":"SECONDARY_EDGE_TTA_ACTIVE views = 8 weight = 0.75 mean_abs_feat_delta = 0.239577\n"}
,{"stream_name":"stdout","time":2285.103726487,"data":"SECONDARY_EDGE_TTA_ACTIVE views = 8 weight = 0.75 mean_abs_feat_delta = 0.241752\n"}
,{"stream_name":"stdout","time":2286.083915167,"data":"EDGE_TTA_ACTIVE views = 8 mean_abs_feat_delta = 0.328975\n"}
,{"stream_name":"stdout","time":2286.285741111,"data":"EDGE_TTA_ACTIVE views = 8 mean_abs_feat_delta = 0.28438\n"}
,{"stream_name":"stdout","time":2287.07500055,"data":"SECONDARY_EDGE_TTA_ACTIVE views = 8 weight = 0.75 mean_abs_feat_delta = 0.236484\n"}
,{"stream_name":"stdout","time":2287.32676885,"data":"SECONDARY_EDGE_TTA_ACTIVE views = 8 weight = 0.75 mean_abs_feat_delta = 0.223141\n"}
,{"stream_name":"stdout","time":2288.130674212,"data":"EDGE_TTA_ACTIVE views = 8 mean_abs_feat_delta = 0.329898\n"}
,{"stream_name":"stdout","time":2288.467620486,"data":"EDGE_TTA_ACTIVE views = 8 mean_abs_feat_delta = 0.289699\n"}
,{"stream_name":"stdout","time":2289.123238288,"data":"SECONDARY_EDGE_TTA_ACTIVE views = 8 weight = 0.75 mean_abs_feat_delta = 0.237993\n"}
,{"stream_name":"stdout","time":2289.513192804,"data":"SECONDARY_EDGE_TTA_ACTIVE views = 8 weight = 0.75 mean_abs_feat_delta = 0.222445\n"}
,{"stream_name":"stdout","time":2290.199535236,"data":"EDGE_TTA_ACTIVE views = 8 mean_abs_feat_delta = 0.327894\n"}
,{"stream_name":"stdout","time":2290.72831384,"data":"EDGE_TTA_ACTIVE views = 8 mean_abs_feat_delta = 0.289712\n"}
,{"stream_name":"stdout","time":2291.191194497,"data":"SECONDARY_EDGE_TTA_ACTIVE views = 8 weight = 0.75 mean_abs_feat_delta = 0.237807\n"}
,{"stream_name":"stdout","time":2291.772215504,"data":"SECONDARY_EDGE_TTA_ACTIVE views = 8 weight = 0.75 mean_abs_feat_delta = 0.221178\n"}
,{"stream_name":"stdout","time":2292.305085416,"data":"EDGE_TTA_ACTIVE views = 8 mean_abs_feat_delta = 0.327075\n"}
,{"stream_name":"stdout","time":2292.943410492,"data":"EDGE_TTA_ACTIVE views = 8 mean_abs_feat_delta = 0.28685\n"}
,{"stream_name":"stdout","time":2293.285277815,"data":"SECONDARY_EDGE_TTA_ACTIVE views = 8 weight = 0.75 mean_abs_feat_delta = 0.23964\n"}
,{"stream_name":"stdout","time":2293.986540161,"data":"SECONDARY_EDGE_TTA_ACTIVE views = 8 weight = 0.75 mean_abs_feat_delta = 0.2276\n"}
,{"stream_name":"stdout","time":2294.380133025,"data":"EDGE_TTA_ACTIVE views = 8 mean_abs_feat_delta = 0.325235\n"}
,{"stream_name":"stdout","time":2295.160471702,"data":"EDGE_TTA_ACTIVE views = 8 mean_abs_feat_delta = 0.276535\n"}
,{"stream_name":"stdout","time":2295.370543163,"data":"SECONDARY_EDGE_TTA_ACTIVE views = 8 weight = 0.75 mean_abs_feat_delta = 0.238017\n"}
,{"stream_name":"stdout","time":2296.203916263,"data":"SECONDARY_EDGE_TTA_ACTIVE views = 8 weight = 0.75 mean_abs_feat_delta = 0.249655\n"}
,{"stream_name":"stdout","time":2296.426763872,"data":"EDGE_TTA_ACTIVE views = 8 mean_abs_feat_delta = 0.322041\n"}
,{"stream_name":"stdout","time":2297.38658145,"data":"EDGE_TTA_ACTIVE views = 8 mean_abs_feat_delta = 0.287692\n"}
,{"stream_name":"stdout","time":2297.419165204,"data":"SECONDARY_EDGE_TTA_ACTIVE views = 8 weight = 0.75 mean_abs_feat_delta = 0.238274\n"}
,{"stream_name":"stdout","time":2298.427868071,"data":"SECONDARY_EDGE_TTA_ACTIVE views = 8 weight = 0.75 mean_abs_feat_delta = 0.222273\n"}
,{"stream_name":"stdout","time":2298.521857983,"data":"EDGE_TTA_ACTIVE views = 8 mean_abs_feat_delta = 0.322646\n"}
,{"stream_name":"stdout","time":2299.513072485,"data":"SECONDARY_EDGE_TTA_ACTIVE views = 8 weight = 0.75 mean_abs_feat_delta = 0.237859\n"}
,{"stream_name":"stdout","time":2299.627432117,"data":"EDGE_TTA_ACTIVE views = 8 mean_abs_feat_delta = 0.280114\n"}
,{"stream_name":"stdout","time":2300.605996232,"data":"EDGE_TTA_ACTIVE views = 8 mean_abs_feat_delta = 0.321154\n"}
,{"stream_name":"stdout","time":2300.672552298,"data":"SECONDARY_EDGE_TTA_ACTIVE views = 8 weight = 0.75 mean_abs_feat_delta = 0.238191\n"}
,{"stream_name":"stdout","time":2301.599077185,"data":"SECONDARY_EDGE_TTA_ACTIVE views = 8 weight = 0.75 mean_abs_feat_delta = 0.240778\n"}
,{"stream_name":"stdout","time":2301.891792725,"data":"EDGE_TTA_ACTIVE views = 8 mean_abs_feat_delta = 0.287119\n"}
,{"stream_name":"stdout","time":2302.682383954,"data":"EDGE_TTA_ACTIVE views = 8 mean_abs_feat_delta = 0.323674\n"}
,{"stream_name":"stdout","time":2302.936371835,"data":"SECONDARY_EDGE_TTA_ACTIVE views = 8 weight = 0.75 mean_abs_feat_delta = 0.222817\n"}
,{"stream_name":"stdout","time":2303.671627428,"data":"SECONDARY_EDGE_TTA_ACTIVE views = 8 weight = 0.75 mean_abs_feat_delta = 0.237089\n"}
,{"stream_name":"stdout","time":2304.106596213,"data":"EDGE_TTA_ACTIVE views = 8 mean_abs_feat_delta = 0.282418\n"}
,{"stream_name":"stdout","time":2304.741999985,"data":"EDGE_TTA_ACTIVE views = 8 mean_abs_feat_delta = 0.323378\n"}
,{"stream_name":"stdout","time":2305.153376927,"data":"SECONDARY_EDGE_TTA_ACTIVE views = 8 weight = 0.75 mean_abs_feat_delta = 0.228649\n"}
,{"stream_name":"stdout","time":2305.734379673,"data":"SECONDARY_EDGE_TTA_ACTIVE views = 8 weight = 0.75 mean_abs_feat_delta = 0.235941\n"}
,{"stream_name":"stdout","time":2306.332550534,"data":"EDGE_TTA_ACTIVE views = 8 mean_abs_feat_delta = 0.275023\n"}
,{"stream_name":"stdout","time":2306.908915941,"data":"EDGE_TTA_ACTIVE views = 8 mean_abs_feat_delta = 0.321629\n"}
,{"stream_name":"stdout","time":2307.379925632,"data":"SECONDARY_EDGE_TTA_ACTIVE views = 8 weight = 0.75 mean_abs_feat_delta = 0.244711\n"}
,{"stream_name":"stdout","time":2308.01181774,"data":"SECONDARY_EDGE_TTA_ACTIVE views = 8 weight = 0.75 mean_abs_feat_delta = 0.235451\n"}
,{"stream_name":"stdout","time":2308.587867205,"data":"EDGE_TTA_ACTIVE views = 8 mean_abs_feat_delta = 0.279236\n"}
,{"stream_name":"stdout","time":2309.023015854,"data":"EDGE_TTA_ACTIVE views = 8 mean_abs_feat_delta = 0.318921\n"}
,{"stream_name":"stdout","time":2309.6372221,"data":"SECONDARY_EDGE_TTA_ACTIVE views = 8 weight = 0.75 mean_abs_feat_delta = 0.224498\n"}
,{"stream_name":"stdout","time":2310.014622696,"data":"SECONDARY_EDGE_TTA_ACTIVE views = 8 weight = 0.75 mean_abs_feat_delta = 0.232827\n"}
,{"stream_name":"stdout","time":2310.842716226,"data":"EDGE_TTA_ACTIVE views = 8 mean_abs_feat_delta = 0.280951\n"}
,{"stream_name":"stdout","time":2311.069336428,"data":"EDGE_TTA_ACTIVE views = 8 mean_abs_feat_delta = 0.320734\n"}
,{"stream_name":"stdout","time":2311.892154587,"data":"SECONDARY_EDGE_TTA_ACTIVE views = 8 weight = 0.75 mean_abs_feat_delta = 0.222975\n"}
,{"stream_name":"stdout","time":2312.056456206,"data":"SECONDARY_EDGE_TTA_ACTIVE views = 8 weight = 0.75 mean_abs_feat_delta = 0.235531\n"}
,{"stream_name":"stdout","time":2313.091125931,"data":"EDGE_TTA_ACTIVE views = 8 mean_abs_feat_delta = 0.282683\n"}
,{"stream_name":"stdout","time":2313.136492623,"data":"EDGE_TTA_ACTIVE views = 8 mean_abs_feat_delta = 0.323839\n"}
,{"stream_name":"stdout","time":2314.12887036,"data":"SECONDARY_EDGE_TTA_ACTIVE views = 8 weight = 0.75 mean_abs_feat_delta = 0.232285\n"}
,{"stream_name":"stdout","time":2314.143677365,"data":"SECONDARY_EDGE_TTA_ACTIVE views = 8 weight = 0.75 mean_abs_feat_delta = 0.216934\n"}
,{"stream_name":"stdout","time":2315.187449365,"data":"EDGE_TTA_ACTIVE views = 8 mean_abs_feat_delta = 0.322788\n"}
,{"stream_name":"stdout","time":2315.351941628,"data":"EDGE_TTA_ACTIVE views = 8 mean_abs_feat_delta = 0.279078\n"}
,{"stream_name":"stdout","time":2316.177700866,"data":"SECONDARY_EDGE_TTA_ACTIVE views = 8 weight = 0.75 mean_abs_feat_delta = 0.230336\n"}
,{"stream_name":"stdout","time":2316.401980562,"data":"SECONDARY_EDGE_TTA_ACTIVE views = 8 weight = 0.75 mean_abs_feat_delta = 0.233215\n"}
,{"stream_name":"stdout","time":2317.238010406,"data":"EDGE_TTA_ACTIVE views = 8 mean_abs_feat_delta = 0.32248\n"}
,{"stream_name":"stdout","time":2317.548846563,"data":"EDGE_TTA_ACTIVE views = 8 mean_abs_feat_delta = 0.283394\n"}
,{"stream_name":"stdout","time":2318.228331325,"data":"SECONDARY_EDGE_TTA_ACTIVE views = 8 weight = 0.75 mean_abs_feat_delta = 0.230028\n"}
,{"stream_name":"stdout","time":2318.601778002,"data":"SECONDARY_EDGE_TTA_ACTIVE views = 8 weight = 0.75 mean_abs_feat_delta = 0.22335\n"}
,{"stream_name":"stdout","time":2319.303204142,"data":"EDGE_TTA_ACTIVE views = 8 mean_abs_feat_delta = 0.319289\n"}
,{"stream_name":"stdout","time":2319.804489058,"data":"EDGE_TTA_ACTIVE views = 8 mean_abs_feat_delta = 0.281801\n"}
,{"stream_name":"stdout","time":2320.295937792,"data":"SECONDARY_EDGE_TTA_ACTIVE views = 8 weight = 0.75 mean_abs_feat_delta = 0.22852\n"}
,{"stream_name":"stdout","time":2320.855526354,"data":"SECONDARY_EDGE_TTA_ACTIVE views = 8 weight = 0.75 mean_abs_feat_delta = 0.223991\n"}
,{"stream_name":"stdout","time":2321.402695395,"data":"EDGE_TTA_ACTIVE views = 8 mean_abs_feat_delta = 0.321281\n"}
,{"stream_name":"stdout","time":2322.015029124,"data":"EDGE_TTA_ACTIVE views = 8 mean_abs_feat_delta = 0.283172\n"}
,{"stream_name":"stdout","time":2322.393425188,"data":"SECONDARY_EDGE_TTA_ACTIVE views = 8 weight = 0.75 mean_abs_feat_delta = 0.229654\n"}
,{"stream_name":"stdout","time":2323.066207154,"data":"SECONDARY_EDGE_TTA_ACTIVE views = 8 weight = 0.75 mean_abs_feat_delta = 0.226702\n"}
,{"stream_name":"stdout","time":2323.455642612,"data":"EDGE_TTA_ACTIVE views = 8 mean_abs_feat_delta = 0.320096\n"}
,{"stream_name":"stdout","time":2324.281467106,"data":"EDGE_TTA_ACTIVE views = 8 mean_abs_feat_delta = 0.281577\n"}
,{"stream_name":"stdout","time":2324.446376945,"data":"SECONDARY_EDGE_TTA_ACTIVE views = 8 weight = 0.75 mean_abs_feat_delta = 0.233875\n"}
,{"stream_name":"stdout","time":2325.330321695,"data":"SECONDARY_EDGE_TTA_ACTIVE views = 8 weight = 0.75 mean_abs_feat_delta = 0.212977\n"}
,{"stream_name":"stdout","time":2325.579686022,"data":"EDGE_TTA_ACTIVE views = 8 mean_abs_feat_delta = 0.322533\n"}
,{"stream_name":"stdout","time":2326.49284283,"data":"EDGE_TTA_ACTIVE views = 8 mean_abs_feat_delta = 0.286587\n"}
,{"stream_name":"stdout","time":2326.576079427,"data":"SECONDARY_EDGE_TTA_ACTIVE views = 8 weight = 0.75 mean_abs_feat_delta = 0.236398\n"}
,{"stream_name":"stdout","time":2327.544430748,"data":"SECONDARY_EDGE_TTA_ACTIVE views = 8 weight = 0.75 mean_abs_feat_delta = 0.21183\n"}
,{"stream_name":"stdout","time":2327.625282317,"data":"EDGE_TTA_ACTIVE views = 8 mean_abs_feat_delta = 0.324871\n"}
,{"stream_name":"stdout","time":2328.617045077,"data":"SECONDARY_EDGE_TTA_ACTIVE views = 8 weight = 0.75 mean_abs_feat_delta = 0.231312\n"}
,{"stream_name":"stdout","time":2328.705021481,"data":"EDGE_TTA_ACTIVE views = 8 mean_abs_feat_delta = 0.290972\n"}
,{"stream_name":"stdout","time":2329.674078112,"data":"EDGE_TTA_ACTIVE views = 8 mean_abs_feat_delta = 0.322556\n"}
,{"stream_name":"stdout","time":2329.752177559,"data":"SECONDARY_EDGE_TTA_ACTIVE views = 8 weight = 0.75 mean_abs_feat_delta = 0.224569\n"}
,{"stream_name":"stdout","time":2330.665186977,"data":"SECONDARY_EDGE_TTA_ACTIVE views = 8 weight = 0.75 mean_abs_feat_delta = 0.231049\n"}
,{"stream_name":"stdout","time":2330.934998813,"data":"EDGE_TTA_ACTIVE views = 8 mean_abs_feat_delta = 0.288332\n"}
,{"stream_name":"stdout","time":2331.787370745,"data":"EDGE_TTA_ACTIVE views = 8 mean_abs_feat_delta = 0.320114\n"}
,{"stream_name":"stdout","time":2331.987279425,"data":"SECONDARY_EDGE_TTA_ACTIVE views = 8 weight = 0.75 mean_abs_feat_delta = 0.225751\n"}
,{"stream_name":"stdout","time":2332.783441136,"data":"SECONDARY_EDGE_TTA_ACTIVE views = 8 weight = 0.75 mean_abs_feat_delta = 0.231387\n"}
,{"stream_name":"stdout","time":2333.168899459,"data":"EDGE_TTA_ACTIVE views = 8 mean_abs_feat_delta = 0.29016\n"}
,{"stream_name":"stdout","time":2333.849302162,"data":"EDGE_TTA_ACTIVE views = 8 mean_abs_feat_delta = 0.318514\n"}
,{"stream_name":"stdout","time":2334.223062863,"data":"SECONDARY_EDGE_TTA_ACTIVE views = 8 weight = 0.75 mean_abs_feat_delta = 0.228961\n"}
,{"stream_name":"stdout","time":2334.839793411,"data":"SECONDARY_EDGE_TTA_ACTIVE views = 8 weight = 0.75 mean_abs_feat_delta = 0.228925\n"}
,{"stream_name":"stdout","time":2335.406337721,"data":"EDGE_TTA_ACTIVE views = 8 mean_abs_feat_delta = 0.292393\n"}
,{"stream_name":"stdout","time":2335.908003632,"data":"EDGE_TTA_ACTIVE views = 8 mean_abs_feat_delta = 0.322403\n"}
,{"stream_name":"stdout","time":2336.459613966,"data":"SECONDARY_EDGE_TTA_ACTIVE views = 8 weight = 0.75 mean_abs_feat_delta = 0.223144\n"}
,{"stream_name":"stdout","time":2336.898293249,"data":"SECONDARY_EDGE_TTA_ACTIVE views = 8 weight = 0.75 mean_abs_feat_delta = 0.233001\n"}
,{"stream_name":"stdout","time":2337.647694515,"data":"EDGE_TTA_ACTIVE views = 8 mean_abs_feat_delta = 0.284525\n"}
,{"stream_name":"stdout","time":2337.977781993,"data":"EDGE_TTA_ACTIVE views = 8 mean_abs_feat_delta = 0.320312\n"}
,{"stream_name":"stdout","time":2338.865070419,"data":"SECONDARY_EDGE_TTA_ACTIVE views = 8 weight = 0.75 mean_abs_feat_delta = 0.24042\n"}
,{"stream_name":"stdout","time":2338.973768964,"data":"SECONDARY_EDGE_TTA_ACTIVE views = 8 weight = 0.75 mean_abs_feat_delta = 0.231556\n"}
,{"stream_name":"stdout","time":2340.060726043,"data":"EDGE_TTA_ACTIVE views = 8 mean_abs_feat_delta = 0.324015\n"}
,{"stream_name":"stdout","time":2341.055565376,"data":"SECONDARY_EDGE_TTA_ACTIVE views = 8 weight = 0.75 mean_abs_feat_delta = 0.231264\n"}
,{"stream_name":"stdout","time":2342.146788446,"data":"EDGE_TTA_ACTIVE views = 8 mean_abs_feat_delta = 0.326506\n"}
,{"stream_name":"stdout","time":2343.141903649,"data":"SECONDARY_EDGE_TTA_ACTIVE views = 8 weight = 0.75 mean_abs_feat_delta = 0.229436\n"}
,{"stream_name":"stdout","time":2344.265453918,"data":"EDGE_TTA_ACTIVE views = 8 mean_abs_feat_delta = 0.326088\n"}
,{"stream_name":"stdout","time":2345.260165141,"data":"SECONDARY_EDGE_TTA_ACTIVE views = 8 weight = 0.75 mean_abs_feat_delta = 0.229138\n"}
,{"stream_name":"stdout","time":2346.384113864,"data":"EDGE_TTA_ACTIVE views = 8 mean_abs_feat_delta = 0.325667\n"}
,{"stream_name":"stdout","time":2347.377808749,"data":"SECONDARY_EDGE_TTA_ACTIVE views = 8 weight = 0.75 mean_abs_feat_delta = 0.22983\n"}
,{"stream_name":"stdout","time":2348.469905253,"data":"EDGE_TTA_ACTIVE views = 8 mean_abs_feat_delta = 0.328685\n"}
,{"stream_name":"stdout","time":2349.463873433,"data":"SECONDARY_EDGE_TTA_ACTIVE views = 8 weight = 0.75 mean_abs_feat_delta = 0.230204\n"}
,{"stream_name":"stdout","time":2350.564136726,"data":"EDGE_TTA_ACTIVE views = 8 mean_abs_feat_delta = 0.327838\n"}
,{"stream_name":"stdout","time":2351.562772948,"data":"SECONDARY_EDGE_TTA_ACTIVE views = 8 weight = 0.75 mean_abs_feat_delta = 0.230942\n"}
,{"stream_name":"stdout","time":2352.681856463,"data":"EDGE_TTA_ACTIVE views = 8 mean_abs_feat_delta = 0.330718\n"}
,{"stream_name":"stdout","time":2353.677784294,"data":"SECONDARY_EDGE_TTA_ACTIVE views = 8 weight = 0.75 mean_abs_feat_delta = 0.226047\n"}
,{"stream_name":"stdout","time":2359.788606445,"data":"Saved 4 predictions to /kaggle/working/tracking_repo/predictions/unknown/unet_transformer_val_gpu0/split_0\n"}
,{"stream_name":"stdout","time":2368.053609013,"data":"Saved 4 predictions to /kaggle/working/tracking_repo/predictions/unknown/unet_transformer_val_gpu1/split_0\n"}
,{"stream_name":"stdout","time":2370.726902196,"data":"VALIDATOR prediction minutes: 15.85\n"}
,{"stream_name":"stdout","time":2375.146853744,"data":"[44b6_12dfb391] after edge-filter+motion-relink: 45351 nodes, 42870 edges\n"}
,{"stream_name":"stdout","time":2414.656188127,"data":"[44b6_12dfb391] after safe-division repair: 45918 nodes, 44038 edges (geometric_candidates = 186, deepcenter_rejected = 152, post_veto_candidates = 34, added = 34, cap_skipped = 0, mutual_nn_rejected = 69, divergence_rejected = 1764)\n"}
,{"stream_name":"stdout","time":2416.778084795,"data":"[44b6_12dfb391] after gap-closing (single-frame + gap2): 46068 nodes, 44263 edges\n"}
,{"stream_name":"stdout","time":2416.778119107,"data":"[44b6_12dfb391] after division-geometry-filter+prune-isolated: 46068 nodes, 44263 edges\n"}
,{"stream_name":"stdout","time":2416.778126467,"data":"[44b6_12dfb391] after short-track filtering: 44819 nodes, 43295 edges (components_removed = 281)\n"}
,{"stream_name":"stdout","time":2425.134462478,"data":"[44b6_12dfb391] FINAL: 44819 nodes, 43295 edges\n"}
,{"stream_name":"stdout","time":2425.437221513,"data":"[44b6_267148e4] after edge-filter+motion-relink: 22829 nodes, 21426 edges\n"}
,{"stream_name":"stdout","time":2464.312245702,"data":"[44b6_267148e4] after safe-division repair: 23000 nodes, 21799 edges (geometric_candidates = 231, deepcenter_rejected = 188, post_veto_candidates = 43, added = 31, cap_skipped = 0, mutual_nn_rejected = 131, divergence_rejected = 1098)\n"}
,{"stream_name":"stdout","time":2465.814870251,"data":"[44b6_267148e4] after gap-closing (single-frame + gap2): 23104 nodes, 21955 edges\n"}
,{"stream_name":"stdout","time":2465.814916867,"data":"[44b6_267148e4] after division-geometry-filter+prune-isolated: 23103 nodes, 21955 edges\n"}
,{"stream_name":"stdout","time":2465.814924973,"data":"[44b6_267148e4] after short-track filtering: 22307 nodes, 21336 edges (components_removed = 177)\n"}
,{"stream_name":"stdout","time":2469.957194336,"data":"[44b6_267148e4] FINAL: 22307 nodes, 21336 edges\n"}
,{"stream_name":"stdout","time":2470.326020163,"data":"[44b6_2a2eff9f] after edge-filter+motion-relink: 40928 nodes, 38160 edges\n"}
,{"stream_name":"stdout","time":2515.086932384,"data":"[44b6_2a2eff9f] after safe-division repair: 41387 nodes, 39123 edges (geometric_candidates = 355, deepcenter_rejected = 310, post_veto_candidates = 45, added = 45, cap_skipped = 0, mutual_nn_rejected = 90, divergence_rejected = 1931)\n"}
,{"stream_name":"stdout","time":2517.284255664,"data":"[44b6_2a2eff9f] after gap-closing (single-frame + gap2): 41547 nodes, 39363 edges\n"}
,{"stream_name":"stdout","time":2517.284295026,"data":"[44b6_2a2eff9f] after division-geometry-filter+prune-isolated: 41547 nodes, 39363 edges\n"}
,{"stream_name":"stdout","time":2517.284299456,"data":"[44b6_2a2eff9f] after short-track filtering: 39951 nodes, 38123 edges (components_removed = 356)\n"}
,{"stream_name":"stdout","time":2524.801446408,"data":"[44b6_2a2eff9f] FINAL: 39951 nodes, 38123 edges\n"}
,{"stream_name":"stdout","time":2525.101302136,"data":"[44b6_341df25f] after edge-filter+motion-relink: 8523 nodes, 8186 edges\n"}
,{"stream_name":"stdout","time":2537.776905078,"data":"[44b6_341df25f] after safe-division repair: 8546 nodes, 8244 edges (geometric_candidates = 40, deepcenter_rejected = 27, post_veto_candidates = 13, added = 12, cap_skipped = 0, mutual_nn_rejected = 5, divergence_rejected = 166)\n"}
,{"stream_name":"stdout","time":2538.336526306,"data":"[44b6_341df25f] after gap-closing (single-frame + gap2): 8576 nodes, 8289 edges\n"}
,{"stream_name":"stdout","time":2538.336562689,"data":"[44b6_341df25f] after division-geometry-filter+prune-isolated: 8576 nodes, 8289 edges\n"}
,{"stream_name":"stdout","time":2538.336566249,"data":"[44b6_341df25f] after short-track filtering: 8382 nodes, 8138 edges (components_removed = 43)\n"}
,{"stream_name":"stdout","time":2539.832178582,"data":"[44b6_341df25f] FINAL: 8382 nodes, 8138 edges\n"}
,{"stream_name":"stdout","time":2539.832207995,"data":"[6bba_062c8d37] after edge-filter+motion-relink: 5997 nodes, 5657 edges\n"}
,{"stream_name":"stdout","time":2545.599654051,"data":"[6bba_062c8d37] after safe-division repair: 6034 nodes, 5737 edges (geometric_candidates = 19, deepcenter_rejected = 12, post_veto_candidates = 7, added = 6, cap_skipped = 0, mutual_nn_rejected = 2, divergence_rejected = 54)\n"}
,{"stream_name":"stdout","time":2545.803502174,"data":"[6bba_062c8d37] after gap-closing (single-frame + gap2): 6050 nodes, 5761 edges\n"}
,{"stream_name":"stdout","time":2545.803533742,"data":"[6bba_062c8d37] after division-geometry-filter+prune-isolated: 6029 nodes, 5761 edges\n"}
,{"stream_name":"stdout","time":2545.803540208,"data":"[6bba_062c8d37] after short-track filtering: 5901 nodes, 5663 edges (components_removed = 30)\n"}
,{"stream_name":"stdout","time":2546.898535061,"data":"[6bba_062c8d37] FINAL: 5901 nodes, 5663 edges\n"}
,{"stream_name":"stdout","time":2547.111035898,"data":"[6bba_07e24132] after edge-filter+motion-relink: 29751 nodes, 27967 edges\n"}
,{"stream_name":"stdout","time":2582.159277008,"data":"[6bba_07e24132] after safe-division repair: 30024 nodes, 28523 edges (geometric_candidates = 135, deepcenter_rejected = 125, post_veto_candidates = 10, added = 10, cap_skipped = 0, mutual_nn_rejected = 106, divergence_rejected = 1262)\n"}
,{"stream_name":"stdout","time":2584.068440927,"data":"[6bba_07e24132] after gap-closing (single-frame + gap2): 30150 nodes, 28712 edges\n"}
,{"stream_name":"stdout","time":2584.068481943,"data":"[6bba_07e24132] after division-geometry-filter+prune-isolated: 30150 nodes, 28712 edges\n"}
,{"stream_name":"stdout","time":2584.06848636,"data":"[6bba_07e24132] after short-track filtering: 29061 nodes, 27866 edges (components_removed = 243)\n"}
,{"stream_name":"stdout","time":2589.670059248,"data":"[6bba_07e24132] FINAL: 29061 nodes, 27866 edges\n"}
,{"stream_name":"stdout","time":2589.670102722,"data":"[6bba_085bf656] after edge-filter+motion-relink: 8417 nodes, 8082 edges\n"}
,{"stream_name":"stdout","time":2596.630607695,"data":"[6bba_085bf656] after safe-division repair: 8431 nodes, 8114 edges (geometric_candidates = 22, deepcenter_rejected = 18, post_veto_candidates = 4, added = 4, cap_skipped = 0, mutual_nn_rejected = 4, divergence_rejected = 108)\n"}
,{"stream_name":"stdout","time":2596.630658368,"data":"[6bba_085bf656] after gap-closing (single-frame + gap2): 8437 nodes, 8123 edges\n"}
,{"stream_name":"stdout","time":2596.630662993,"data":"[6bba_085bf656] after division-geometry-filter+prune-isolated: 8434 nodes, 8123 edges\n"}
,{"stream_name":"stdout","time":2596.63066645,"data":"[6bba_085bf656] after short-track filtering: 8271 nodes, 7995 edges (components_removed = 35)\n"}
,{"stream_name":"stdout","time":2598.326176121,"data":"[6bba_085bf656] FINAL: 8271 nodes, 7995 edges\n"}
,{"stream_name":"stdout","time":2598.555964679,"data":"[6bba_09961292] after edge-filter+motion-relink: 29955 nodes, 28653 edges\n"}
,{"stream_name":"stdout","time":2624.446556623,"data":"[6bba_09961292] after safe-division repair: 30139 nodes, 29051 edges (geometric_candidates = 128, deepcenter_rejected = 92, post_veto_candidates = 36, added = 30, cap_skipped = 0, mutual_nn_rejected = 99, divergence_rejected = 1179)\n"}
,{"stream_name":"stdout","time":2625.956486299,"data":"[6bba_09961292] after gap-closing (single-frame + gap2): 30229 nodes, 29186 edges\n"}
,{"stream_name":"stdout","time":2625.956523699,"data":"[6bba_09961292] after division-geometry-filter+prune-isolated: 30229 nodes, 29186 edges\n"}
,{"stream_name":"stdout","time":2625.956529561,"data":"[6bba_09961292] after short-track filtering: 29659 nodes, 28746 edges (components_removed = 130)\n"}
,{"stream_name":"stdout","time":2631.496550553,"data":"[6bba_09961292] FINAL: 29659 nodes, 28746 edges\n"}
,{"stream_name":"stdout","time":2631.496589562,"data":"VALIDATOR base proxy: 0.979536\n"}
,{"stream_name":"stdout","time":2631.496595693,"data":"VALIDATOR base adjusted edge: 0.941074\n"}
,{"stream_name":"stdout","time":2631.941634642,"data":"[44b6_12dfb391] after edge-filter+motion-relink: 45351 nodes, 42870 edges\n"}
,{"stream_name":"stdout","time":2667.331825452,"data":"[44b6_12dfb391] after safe-division repair: 45909 nodes, 44020 edges (geometric_candidates = 187, deepcenter_rejected = 153, post_veto_candidates = 34, added = 34, cap_skipped = 0, mutual_nn_rejected = 70, divergence_rejected = 1777)\n"}
,{"stream_name":"stdout","time":2669.50448604,"data":"[44b6_12dfb391] after gap-closing (single-frame + gap2): 46059 nodes, 44245 edges\n"}
,{"stream_name":"stdout","time":2669.504520419,"data":"[44b6_12dfb391] after division-geometry-filter+prune-isolated: 46059 nodes, 44245 edges\n"}
,{"stream_name":"stdout","time":2669.504526445,"data":"[44b6_12dfb391] after short-track filtering: 44796 nodes, 43266 edges (components_removed = 284)\n"}
,{"stream_name":"stdout","time":2677.853336435,"data":"[44b6_12dfb391] FINAL: 44796 nodes, 43266 edges\n"}
,{"stream_name":"stdout","time":2678.176854076,"data":"[44b6_267148e4] after edge-filter+motion-relink: 22829 nodes, 21426 edges\n"}
,{"stream_name":"stdout","time":2710.440903393,"data":"[44b6_267148e4] after safe-division repair: 22991 nodes, 21780 edges (geometric_candidates = 228, deepcenter_rejected = 187, post_veto_candidates = 41, added = 30, cap_skipped = 0, mutual_nn_rejected = 133, divergence_rejected = 1109)\n"}
,{"stream_name":"stdout","time":2711.965594973,"data":"[44b6_267148e4] after gap-closing (single-frame + gap2): 23097 nodes, 21939 edges\n"}
,{"stream_name":"stdout","time":2711.965634622,"data":"[44b6_267148e4] after division-geometry-filter+prune-isolated: 23096 nodes, 21939 edges\n"}
,{"stream_name":"stdout","time":2711.965642064,"data":"[44b6_267148e4] after short-track filtering: 22287 nodes, 21310 edges (components_removed = 180)\n"}
,{"stream_name":"stdout","time":2716.197546046,"data":"[44b6_267148e4] FINAL: 22287 nodes, 21310 edges\n"}
,{"stream_name":"stdout","time":2716.727669514,"data":"[44b6_2a2eff9f] after edge-filter+motion-relink: 40928 nodes, 38160 edges\n"}
,{"stream_name":"stdout","time":2756.051551392,"data":"[44b6_2a2eff9f] after safe-division repair: 41374 nodes, 39097 edges (geometric_candidates = 357, deepcenter_rejected = 312, post_veto_candidates = 45, added = 45, cap_skipped = 0, mutual_nn_rejected = 90, divergence_rejected = 1949)\n"}
,{"stream_name":"stdout","time":2758.22387575,"data":"[44b6_2a2eff9f] after gap-closing (single-frame + gap2): 41534 nodes, 39337 edges\n"}
,{"stream_name":"stdout","time":2758.223938318,"data":"[44b6_2a2eff9f] after division-geometry-filter+prune-isolated: 41534 nodes, 39337 edges\n"}
,{"stream_name":"stdout","time":2758.223946063,"data":"[44b6_2a2eff9f] after short-track filtering: 39909 nodes, 38075 edges (components_removed = 363)\n"}
,{"stream_name":"stdout","time":2765.724230346,"data":"[44b6_2a2eff9f] FINAL: 39909 nodes, 38075 edges\n"}
,{"stream_name":"stdout","time":2765.724288479,"data":"[44b6_341df25f] after edge-filter+motion-relink: 8523 nodes, 8186 edges\n"}
,{"stream_name":"stdout","time":2777.8954749,"data":"[44b6_341df25f] after safe-division repair: 8545 nodes, 8242 edges (geometric_candidates = 40, deepcenter_rejected = 27, post_veto_candidates = 13, added = 12, cap_skipped = 0, mutual_nn_rejected = 5, divergence_rejected = 167)\n"}
,{"stream_name":"stdout","time":2778.435022555,"data":"[44b6_341df25f] after gap-closing (single-frame + gap2): 8575 nodes, 8287 edges\n"}
,{"stream_name":"stdout","time":2778.435056421,"data":"[44b6_341df25f] after division-geometry-filter+prune-isolated: 8575 nodes, 8287 edges\n"}
,{"stream_name":"stdout","time":2778.435063162,"data":"[44b6_341df25f] after short-track filtering: 8378 nodes, 8134 edges (components_removed = 44)\n"}
,{"stream_name":"stdout","time":2779.935855055,"data":"[44b6_341df25f] FINAL: 8378 nodes, 8134 edges\n"}
,{"stream_name":"stdout","time":2779.93590396,"data":"[6bba_062c8d37] after edge-filter+motion-relink: 5997 nodes, 5657 edges\n"}
,{"stream_name":"stdout","time":2785.638492669,"data":"[6bba_062c8d37] after safe-division repair: 6034 nodes, 5737 edges (geometric_candidates = 19, deepcenter_rejected = 12, post_veto_candidates = 7, added = 6, cap_skipped = 0, mutual_nn_rejected = 2, divergence_rejected = 54)\n"}
,{"stream_name":"stdout","time":2785.960678274,"data":"[6bba_062c8d37] after gap-closing (single-frame + gap2): 6050 nodes, 5761 edges\n"}
,{"stream_name":"stdout","time":2785.960720959,"data":"[6bba_062c8d37] after division-geometry-filter+prune-isolated: 6029 nodes, 5761 edges\n"}
,{"stream_name":"stdout","time":2785.960725466,"data":"[6bba_062c8d37] after short-track filtering: 5901 nodes, 5663 edges (components_removed = 30)\n"}
,{"stream_name":"stdout","time":2787.134505878,"data":"[6bba_062c8d37] FINAL: 5901 nodes, 5663 edges\n"}
,{"stream_name":"stdout","time":2787.251628982,"data":"[6bba_07e24132] after edge-filter+motion-relink: 29751 nodes, 27967 edges\n"}
,{"stream_name":"stdout","time":2816.229351061,"data":"[6bba_07e24132] after safe-division repair: 30025 nodes, 28526 edges (geometric_candidates = 136, deepcenter_rejected = 124, post_veto_candidates = 12, added = 11, cap_skipped = 0, mutual_nn_rejected = 104, divergence_rejected = 1261)\n"}
,{"stream_name":"stdout","time":2818.429372945,"data":"[6bba_07e24132] after gap-closing (single-frame + gap2): 30151 nodes, 28715 edges\n"}
,{"stream_name":"stdout","time":2818.429407689,"data":"[6bba_07e24132] after division-geometry-filter+prune-isolated: 30151 nodes, 28715 edges\n"}
,{"stream_name":"stdout","time":2818.429414035,"data":"[6bba_07e24132] after short-track filtering: 29062 nodes, 27869 edges (components_removed = 243)\n"}
,{"stream_name":"stdout","time":2823.830697485,"data":"[6bba_07e24132] FINAL: 29062 nodes, 27869 edges\n"}
,{"stream_name":"stdout","time":2823.830748574,"data":"[6bba_085bf656] after edge-filter+motion-relink: 8417 nodes, 8082 edges\n"}
,{"stream_name":"stdout","time":2830.652278296,"data":"[6bba_085bf656] after safe-division repair: 8431 nodes, 8114 edges (geometric_candidates = 22, deepcenter_rejected = 18, post_veto_candidates = 4, added = 4, cap_skipped = 0, mutual_nn_rejected = 4, divergence_rejected = 108)\n"}
,{"stream_name":"stdout","time":2830.652322769,"data":"[6bba_085bf656] after gap-closing (single-frame + gap2): 8437 nodes, 8123 edges\n"}
,{"stream_name":"stdout","time":2830.652327084,"data":"[6bba_085bf656] after division-geometry-filter+prune-isolated: 8434 nodes, 8123 edges\n"}
,{"stream_name":"stdout","time":2830.652331179,"data":"[6bba_085bf656] after short-track filtering: 8271 nodes, 7995 edges (components_removed = 35)\n"}
,{"stream_name":"stdout","time":2832.40372097,"data":"[6bba_085bf656] FINAL: 8271 nodes, 7995 edges\n"}
,{"stream_name":"stdout","time":2832.638927587,"data":"[6bba_09961292] after edge-filter+motion-relink: 29955 nodes, 28653 edges\n"}
,{"stream_name":"stdout","time":2852.389305161,"data":"[6bba_09961292] after safe-division repair: 30133 nodes, 29039 edges (geometric_candidates = 130, deepcenter_rejected = 93, post_veto_candidates = 37, added = 30, cap_skipped = 0, mutual_nn_rejected = 100, divergence_rejected = 1189)\n"}
,{"stream_name":"stdout","time":2853.729221612,"data":"[6bba_09961292] after gap-closing (single-frame + gap2): 30225 nodes, 29177 edges\n"}
,{"stream_name":"stdout","time":2853.72925931,"data":"[6bba_09961292] after division-geometry-filter+prune-isolated: 30225 nodes, 29177 edges\n"}
,{"stream_name":"stdout","time":2853.729267108,"data":"[6bba_09961292] after short-track filtering: 29655 nodes, 28737 edges (components_removed = 130)\n"}
,{"stream_name":"stdout","time":2859.476831168,"data":"[6bba_09961292] FINAL: 29655 nodes, 28737 edges\n"}
,{"stream_name":"stdout","time":2859.743246769,"data":"VALIDATOR candidate: gap45 proxy = 0.979546 adjusted edge = 0.941084\n"}
,{"stream_name":"stdout","time":2860.043684782,"data":"[44b6_12dfb391] after edge-filter+motion-relink: 45351 nodes, 42870 edges\n"}
,{"stream_name":"stdout","time":2899.515023882,"data":"[44b6_12dfb391] after safe-division repair: 45918 nodes, 44038 edges (geometric_candidates = 186, deepcenter_rejected = 152, post_veto_candidates = 34, added = 34, cap_skipped = 0, mutual_nn_rejected = 69, divergence_rejected = 1764)\n"}
,{"stream_name":"stdout","time":2901.755339167,"data":"[44b6_12dfb391] after gap-closing (single-frame + gap2): 46068 nodes, 44263 edges\n"}
,{"stream_name":"stdout","time":2901.755374729,"data":"[44b6_12dfb391] after division-geometry-filter+prune-isolated: 46068 nodes, 44263 edges\n"}
,{"stream_name":"stdout","time":2901.755379209,"data":"[44b6_12dfb391] after short-track filtering: 44819 nodes, 43295 edges (components_removed = 281)\n"}
,{"stream_name":"stdout","time":2910.272899264,"data":"[44b6_12dfb391] FINAL: 44819 nodes, 43295 edges\n"}
,{"stream_name":"stdout","time":2910.574311292,"data":"[44b6_267148e4] after edge-filter+motion-relink: 22829 nodes, 21426 edges\n"}
,{"stream_name":"stdout","time":2949.595737043,"data":"[44b6_267148e4] after safe-division repair: 23000 nodes, 21799 edges (geometric_candidates = 231, deepcenter_rejected = 188, post_veto_candidates = 43, added = 31, cap_skipped = 0, mutual_nn_rejected = 131, divergence_rejected = 1098)\n"}
,{"stream_name":"stdout","time":2951.290803621,"data":"[44b6_267148e4] after gap-closing (single-frame + gap2): 23104 nodes, 21955 edges\n"}
,{"stream_name":"stdout","time":2951.29084392,"data":"[44b6_267148e4] after division-geometry-filter+prune-isolated: 23103 nodes, 21955 edges\n"}
,{"stream_name":"stdout","time":2951.290848844,"data":"[44b6_267148e4] after short-track filtering: 22307 nodes, 21336 edges (components_removed = 177)\n"}
,{"stream_name":"stdout","time":2955.44954815,"data":"[44b6_267148e4] FINAL: 22307 nodes, 21336 edges\n"}
,{"stream_name":"stdout","time":2955.805253568,"data":"[44b6_2a2eff9f] after edge-filter+motion-relink: 40928 nodes, 38160 edges\n"}
,{"stream_name":"stdout","time":3000.388071565,"data":"[44b6_2a2eff9f] after safe-division repair: 41387 nodes, 39123 edges (geometric_candidates = 355, deepcenter_rejected = 310, post_veto_candidates = 45, added = 45, cap_skipped = 0, mutual_nn_rejected = 90, divergence_rejected = 1931)\n"}
,{"stream_name":"stdout","time":3002.662864803,"data":"[44b6_2a2eff9f] after gap-closing (single-frame + gap2): 41547 nodes, 39363 edges\n"}
,{"stream_name":"stdout","time":3002.662908262,"data":"[44b6_2a2eff9f] after division-geometry-filter+prune-isolated: 41547 nodes, 39363 edges\n"}
,{"stream_name":"stdout","time":3002.662943569,"data":"[44b6_2a2eff9f] after short-track filtering: 39951 nodes, 38123 edges (components_removed = 356)\n"}
,{"stream_name":"stdout","time":3010.205631851,"data":"[44b6_2a2eff9f] FINAL: 39951 nodes, 38123 edges\n"}
,{"stream_name":"stdout","time":3010.493447969,"data":"[44b6_341df25f] after edge-filter+motion-relink: 8523 nodes, 8186 edges\n"}
,{"stream_name":"stdout","time":3023.185854195,"data":"[44b6_341df25f] after safe-division repair: 8546 nodes, 8244 edges (geometric_candidates = 40, deepcenter_rejected = 27, post_veto_candidates = 13, added = 12, cap_skipped = 0, mutual_nn_rejected = 5, divergence_rejected = 166)\n"}
,{"stream_name":"stdout","time":3023.672822851,"data":"[44b6_341df25f] after gap-closing (single-frame + gap2): 8576 nodes, 8289 edges\n"}
,{"stream_name":"stdout","time":3023.672859474,"data":"[44b6_341df25f] after division-geometry-filter+prune-isolated: 8576 nodes, 8289 edges\n"}
,{"stream_name":"stdout","time":3023.672867208,"data":"[44b6_341df25f] after short-track filtering: 8382 nodes, 8138 edges (components_removed = 43)\n"}
,{"stream_name":"stdout","time":3025.198440752,"data":"[44b6_341df25f] FINAL: 8382 nodes, 8138 edges\n"}
,{"stream_name":"stdout","time":3025.198474665,"data":"[6bba_062c8d37] after edge-filter+motion-relink: 5997 nodes, 5657 edges\n"}
,{"stream_name":"stdout","time":3031.13627847,"data":"[6bba_062c8d37] after safe-division repair: 6034 nodes, 5737 edges (geometric_candidates = 19, deepcenter_rejected = 12, post_veto_candidates = 7, added = 6, cap_skipped = 0, mutual_nn_rejected = 2, divergence_rejected = 54)\n"}
,{"stream_name":"stdout","time":3031.395566831,"data":"[6bba_062c8d37] after gap-closing (single-frame + gap2): 6050 nodes, 5761 edges\n"}
,{"stream_name":"stdout","time":3031.395605875,"data":"[6bba_062c8d37] after division-geometry-filter+prune-isolated: 6029 nodes, 5761 edges\n"}
,{"stream_name":"stdout","time":3031.395612488,"data":"[6bba_062c8d37] after short-track filtering: 5901 nodes, 5663 edges (components_removed = 30)\n"}
,{"stream_name":"stdout","time":3032.476115275,"data":"[6bba_062c8d37] FINAL: 5901 nodes, 5663 edges\n"}
,{"stream_name":"stdout","time":3032.700054362,"data":"[6bba_07e24132] after edge-filter+motion-relink: 29751 nodes, 27967 edges\n"}
,{"stream_name":"stdout","time":3067.921815568,"data":"[6bba_07e24132] after safe-division repair: 30024 nodes, 28523 edges (geometric_candidates = 135, deepcenter_rejected = 125, post_veto_candidates = 10, added = 10, cap_skipped = 0, mutual_nn_rejected = 106, divergence_rejected = 1262)\n"}
,{"stream_name":"stdout","time":3069.859949313,"data":"[6bba_07e24132] after gap-closing (single-frame + gap2): 30150 nodes, 28712 edges\n"}
,{"stream_name":"stdout","time":3069.859999649,"data":"[6bba_07e24132] after division-geometry-filter+prune-isolated: 30150 nodes, 28712 edges\n"}
,{"stream_name":"stdout","time":3069.860007494,"data":"[6bba_07e24132] after short-track filtering: 29061 nodes, 27866 edges (components_removed = 243)\n"}
,{"stream_name":"stdout","time":3075.27206503,"data":"[6bba_07e24132] FINAL: 29061 nodes, 27866 edges\n"}
,{"stream_name":"stdout","time":3075.272106617,"data":"[6bba_085bf656] after edge-filter+motion-relink: 8417 nodes, 8082 edges\n"}
,{"stream_name":"stdout","time":3082.187781245,"data":"[6bba_085bf656] after safe-division repair: 8431 nodes, 8114 edges (geometric_candidates = 22, deepcenter_rejected = 18, post_veto_candidates = 4, added = 4, cap_skipped = 0, mutual_nn_rejected = 4, divergence_rejected = 108)\n"}
,{"stream_name":"stdout","time":3082.187829087,"data":"[6bba_085bf656] after gap-closing (single-frame + gap2): 8437 nodes, 8123 edges\n"}
,{"stream_name":"stdout","time":3082.187833959,"data":"[6bba_085bf656] after division-geometry-filter+prune-isolated: 8434 nodes, 8123 edges\n"}
,{"stream_name":"stdout","time":3082.187849427,"data":"[6bba_085bf656] after short-track filtering: 8271 nodes, 7995 edges (components_removed = 35)\n"}
,{"stream_name":"stdout","time":3084.022038987,"data":"[6bba_085bf656] FINAL: 8271 nodes, 7995 edges\n"}
,{"stream_name":"stdout","time":3084.253649353,"data":"[6bba_09961292] after edge-filter+motion-relink: 29955 nodes, 28653 edges\n"}
,{"stream_name":"stdout","time":3110.242286514,"data":"[6bba_09961292] after safe-division repair: 30139 nodes, 29051 edges (geometric_candidates = 128, deepcenter_rejected = 92, post_veto_candidates = 36, added = 30, cap_skipped = 0, mutual_nn_rejected = 99, divergence_rejected = 1179)\n"}
,{"stream_name":"stdout","time":3111.748706645,"data":"[6bba_09961292] after gap-closing (single-frame + gap2): 30229 nodes, 29186 edges\n"}
,{"stream_name":"stdout","time":3111.74876453,"data":"[6bba_09961292] after division-geometry-filter+prune-isolated: 30229 nodes, 29186 edges\n"}
,{"stream_name":"stdout","time":3111.748771005,"data":"[6bba_09961292] after short-track filtering: 29659 nodes, 28746 edges (components_removed = 130)\n"}
,{"stream_name":"stdout","time":3117.356880922,"data":"[6bba_09961292] FINAL: 29659 nodes, 28746 edges\n"}
,{"stream_name":"stdout","time":3117.356923749,"data":"VALIDATOR candidate: tight55 proxy = 0.979536 adjusted edge = 0.941074\n"}
,{"stream_name":"stdout","time":3117.800902085,"data":"[44b6_12dfb391] after edge-filter+motion-relink: 45351 nodes, 42870 edges\n"}
,{"stream_name":"stdout","time":3157.49139139,"data":"[44b6_12dfb391] after safe-division repair: 45918 nodes, 44038 edges (geometric_candidates = 186, deepcenter_rejected = 152, post_veto_candidates = 34, added = 34, cap_skipped = 0, mutual_nn_rejected = 69, divergence_rejected = 1764)\n"}
,{"stream_name":"stdout","time":3159.672062071,"data":"[44b6_12dfb391] after gap-closing (single-frame + gap2): 46068 nodes, 44263 edges\n"}
,{"stream_name":"stdout","time":3159.6721017,"data":"[44b6_12dfb391] after division-geometry-filter+prune-isolated: 46068 nodes, 44263 edges\n"}
,{"stream_name":"stdout","time":3159.672108523,"data":"[44b6_12dfb391] after short-track filtering: 44819 nodes, 43295 edges (components_removed = 281)\n"}
,{"stream_name":"stdout","time":3168.118630345,"data":"[44b6_12dfb391] FINAL: 44819 nodes, 43295 edges\n"}
,{"stream_name":"stdout","time":3168.52979961,"data":"[44b6_267148e4] after edge-filter+motion-relink: 22829 nodes, 21426 edges\n"}
,{"stream_name":"stdout","time":3207.401111232,"data":"[44b6_267148e4] after safe-division repair: 23000 nodes, 21799 edges (geometric_candidates = 231, deepcenter_rejected = 188, post_veto_candidates = 43, added = 31, cap_skipped = 0, mutual_nn_rejected = 131, divergence_rejected = 1098)\n"}
,{"stream_name":"stdout","time":3208.895981782,"data":"[44b6_267148e4] after gap-closing (single-frame + gap2): 23104 nodes, 21955 edges\n"}
,{"stream_name":"stdout","time":3208.896034202,"data":"[44b6_267148e4] after division-geometry-filter+prune-isolated: 23103 nodes, 21955 edges\n"}
,{"stream_name":"stdout","time":3208.896041976,"data":"[44b6_267148e4] after short-track filtering: 22307 nodes, 21336 edges (components_removed = 177)\n"}
,{"stream_name":"stdout","time":3213.054405243,"data":"[44b6_267148e4] FINAL: 22307 nodes, 21336 edges\n"}
,{"stream_name":"stdout","time":3213.423809668,"data":"[44b6_2a2eff9f] after edge-filter+motion-relink: 40928 nodes, 38160 edges\n"}
,{"stream_name":"stdout","time":3258.011402677,"data":"[44b6_2a2eff9f] after safe-division repair: 41387 nodes, 39123 edges (geometric_candidates = 355, deepcenter_rejected = 310, post_veto_candidates = 45, added = 45, cap_skipped = 0, mutual_nn_rejected = 90, divergence_rejected = 1931)\n"}
,{"stream_name":"stdout","time":3260.224471414,"data":"[44b6_2a2eff9f] after gap-closing (single-frame + gap2): 41547 nodes, 39363 edges\n"}
,{"stream_name":"stdout","time":3260.224524373,"data":"[44b6_2a2eff9f] after division-geometry-filter+prune-isolated: 41547 nodes, 39363 edges\n"}
,{"stream_name":"stdout","time":3260.224529207,"data":"[44b6_2a2eff9f] after short-track filtering: 39951 nodes, 38123 edges (components_removed = 356)\n"}
,{"stream_name":"stdout","time":3267.721374472,"data":"[44b6_2a2eff9f] FINAL: 39951 nodes, 38123 edges\n"}
,{"stream_name":"stdout","time":3267.721419584,"data":"[44b6_341df25f] after edge-filter+motion-relink: 8523 nodes, 8186 edges\n"}
,{"stream_name":"stdout","time":3280.597577193,"data":"[44b6_341df25f] after safe-division repair: 8546 nodes, 8244 edges (geometric_candidates = 40, deepcenter_rejected = 27, post_veto_candidates = 13, added = 12, cap_skipped = 0, mutual_nn_rejected = 5, divergence_rejected = 166)\n"}
,{"stream_name":"stdout","time":3281.132552343,"data":"[44b6_341df25f] after gap-closing (single-frame + gap2): 8576 nodes, 8289 edges\n"}
,{"stream_name":"stdout","time":3281.132585166,"data":"[44b6_341df25f] after division-geometry-filter+prune-isolated: 8576 nodes, 8289 edges\n"}
,{"stream_name":"stdout","time":3281.132594898,"data":"[44b6_341df25f] after short-track filtering: 8382 nodes, 8138 edges (components_removed = 43)\n"}
,{"stream_name":"stdout","time":3282.67572773,"data":"[44b6_341df25f] FINAL: 8382 nodes, 8138 edges\n"}
,{"stream_name":"stdout","time":3282.675764225,"data":"[6bba_062c8d37] after edge-filter+motion-relink: 5997 nodes, 5657 edges\n"}
,{"stream_name":"stdout","time":3288.433889249,"data":"[6bba_062c8d37] after safe-division repair: 6034 nodes, 5737 edges (geometric_candidates = 19, deepcenter_rejected = 12, post_veto_candidates = 7, added = 6, cap_skipped = 0, mutual_nn_rejected = 2, divergence_rejected = 54)\n"}
,{"stream_name":"stdout","time":3288.65691294,"data":"[6bba_062c8d37] after gap-closing (single-frame + gap2): 6050 nodes, 5761 edges\n"}
,{"stream_name":"stdout","time":3288.656947223,"data":"[6bba_062c8d37] after division-geometry-filter+prune-isolated: 6029 nodes, 5761 edges\n"}
,{"stream_name":"stdout","time":3288.656973562,"data":"[6bba_062c8d37] after short-track filtering: 5901 nodes, 5663 edges (components_removed = 30)\n"}
,{"stream_name":"stdout","time":3289.732738945,"data":"[6bba_062c8d37] FINAL: 5901 nodes, 5663 edges\n"}
,{"stream_name":"stdout","time":3289.941676329,"data":"[6bba_07e24132] after edge-filter+motion-relink: 29751 nodes, 27967 edges\n"}
,{"stream_name":"stdout","time":3324.872744057,"data":"[6bba_07e24132] after safe-division repair: 30024 nodes, 28523 edges (geometric_candidates = 135, deepcenter_rejected = 125, post_veto_candidates = 10, added = 10, cap_skipped = 0, mutual_nn_rejected = 106, divergence_rejected = 1262)\n"}
,{"stream_name":"stdout","time":3326.774612147,"data":"[6bba_07e24132] after gap-closing (single-frame + gap2): 30150 nodes, 28712 edges\n"}
,{"stream_name":"stdout","time":3326.774674172,"data":"[6bba_07e24132] after division-geometry-filter+prune-isolated: 30150 nodes, 28712 edges\n"}
,{"stream_name":"stdout","time":3326.774683785,"data":"[6bba_07e24132] after short-track filtering: 29061 nodes, 27866 edges (components_removed = 243)\n"}
,{"stream_name":"stdout","time":3332.070811359,"data":"[6bba_07e24132] FINAL: 29061 nodes, 27866 edges\n"}
,{"stream_name":"stdout","time":3332.070859643,"data":"[6bba_085bf656] after edge-filter+motion-relink: 8417 nodes, 8082 edges\n"}
,{"stream_name":"stdout","time":3339.0104885,"data":"[6bba_085bf656] after safe-division repair: 8431 nodes, 8114 edges (geometric_candidates = 22, deepcenter_rejected = 18, post_veto_candidates = 4, added = 4, cap_skipped = 0, mutual_nn_rejected = 4, divergence_rejected = 108)\n"}
,{"stream_name":"stdout","time":3339.010533282,"data":"[6bba_085bf656] after gap-closing (single-frame + gap2): 8437 nodes, 8123 edges\n"}
,{"stream_name":"stdout","time":3339.010557997,"data":"[6bba_085bf656] after division-geometry-filter+prune-isolated: 8434 nodes, 8123 edges\n"}
,{"stream_name":"stdout","time":3339.010563398,"data":"[6bba_085bf656] after short-track filtering: 8271 nodes, 7995 edges (components_removed = 35)\n"}
,{"stream_name":"stdout","time":3340.638979519,"data":"[6bba_085bf656] FINAL: 8271 nodes, 7995 edges\n"}
,{"stream_name":"stdout","time":3340.885543547,"data":"[6bba_09961292] after edge-filter+motion-relink: 29955 nodes, 28653 edges\n"}
,{"stream_name":"stdout","time":3366.996566766,"data":"[6bba_09961292] after safe-division repair: 30139 nodes, 29051 edges (geometric_candidates = 128, deepcenter_rejected = 92, post_veto_candidates = 36, added = 30, cap_skipped = 0, mutual_nn_rejected = 99, divergence_rejected = 1179)\n"}
,{"stream_name":"stdout","time":3368.317100291,"data":"[6bba_09961292] after gap-closing (single-frame + gap2): 30229 nodes, 29186 edges\n"}
,{"stream_name":"stdout","time":3368.317141718,"data":"[6bba_09961292] after division-geometry-filter+prune-isolated: 30229 nodes, 29186 edges\n"}
,{"stream_name":"stdout","time":3368.31714668,"data":"[6bba_09961292] after short-track filtering: 29659 nodes, 28746 edges (components_removed = 130)\n"}
,{"stream_name":"stdout","time":3373.862708875,"data":"[6bba_09961292] FINAL: 29659 nodes, 28746 edges\n"}
,{"stream_name":"stdout","time":3373.862750055,"data":"VALIDATOR candidate: relaxed9 proxy = 0.979536 adjusted edge = 0.941074\n"}
,{"stream_name":"stdout","time":3374.320214953,"data":"[44b6_12dfb391] after edge-filter+motion-relink: 45351 nodes, 42870 edges\n"}
,{"stream_name":"stdout","time":3413.801171443,"data":"[44b6_12dfb391] after safe-division repair: 45918 nodes, 44038 edges (geometric_candidates = 186, deepcenter_rejected = 152, post_veto_candidates = 34, added = 34, cap_skipped = 0, mutual_nn_rejected = 69, divergence_rejected = 1764)\n"}
,{"stream_name":"stdout","time":3415.934790628,"data":"[44b6_12dfb391] after gap-closing (single-frame + gap2): 46068 nodes, 44263 edges\n"}
,{"stream_name":"stdout","time":3415.934829634,"data":"[44b6_12dfb391] after division-geometry-filter+prune-isolated: 46068 nodes, 44263 edges\n"}
,{"stream_name":"stdout","time":3415.934835316,"data":"[44b6_12dfb391] after short-track filtering: 44819 nodes, 43295 edges (components_removed = 281)\n"}
,{"stream_name":"stdout","time":3424.496343273,"data":"[44b6_12dfb391] FINAL: 44819 nodes, 43295 edges\n"}
,{"stream_name":"stdout","time":3424.801932378,"data":"[44b6_267148e4] after edge-filter+motion-relink: 22829 nodes, 21426 edges\n"}
,{"stream_name":"stdout","time":3463.830754531,"data":"[44b6_267148e4] after safe-division repair: 23000 nodes, 21799 edges (geometric_candidates = 231, deepcenter_rejected = 188, post_veto_candidates = 43, added = 31, cap_skipped = 0, mutual_nn_rejected = 131, divergence_rejected = 1098)\n"}
,{"stream_name":"stdout","time":3465.43803128,"data":"[44b6_267148e4] after gap-closing (single-frame + gap2): 23104 nodes, 21955 edges\n"}
,{"stream_name":"stdout","time":3465.438070413,"data":"[44b6_267148e4] after division-geometry-filter+prune-isolated: 23103 nodes, 21955 edges\n"}
,{"stream_name":"stdout","time":3465.438077898,"data":"[44b6_267148e4] after short-track filtering: 22307 nodes, 21336 edges (components_removed = 177)\n"}
,{"stream_name":"stdout","time":3469.731555092,"data":"[44b6_267148e4] FINAL: 22307 nodes, 21336 edges\n"}
,{"stream_name":"stdout","time":3470.116742966,"data":"[44b6_2a2eff9f] after edge-filter+motion-relink: 40928 nodes, 38160 edges\n"}
,{"stream_name":"stdout","time":3514.621650821,"data":"[44b6_2a2eff9f] after safe-division repair: 41387 nodes, 39123 edges (geometric_candidates = 355, deepcenter_rejected = 310, post_veto_candidates = 45, added = 45, cap_skipped = 0, mutual_nn_rejected = 90, divergence_rejected = 1931)\n"}
,{"stream_name":"stdout","time":3516.746573291,"data":"[44b6_2a2eff9f] after gap-closing (single-frame + gap2): 41547 nodes, 39363 edges\n"}
,{"stream_name":"stdout","time":3516.746607952,"data":"[44b6_2a2eff9f] after division-geometry-filter+prune-isolated: 41547 nodes, 39363 edges\n"}
,{"stream_name":"stdout","time":3517.03231863,"data":"[44b6_2a2eff9f] after short-track filtering: 39951 nodes, 38123 edges (components_removed = 356)\n"}
,{"stream_name":"stdout","time":3524.375409227,"data":"[44b6_2a2eff9f] FINAL: 39951 nodes, 38123 edges\n"}
,{"stream_name":"stdout","time":3524.37545553,"data":"[44b6_341df25f] after edge-filter+motion-relink: 8523 nodes, 8186 edges\n"}
,{"stream_name":"stdout","time":3537.205179435,"data":"[44b6_341df25f] after safe-division repair: 8546 nodes, 8244 edges (geometric_candidates = 40, deepcenter_rejected = 27, post_veto_candidates = 13, added = 12, cap_skipped = 0, mutual_nn_rejected = 5, divergence_rejected = 166)\n"}
,{"stream_name":"stdout","time":3537.753373165,"data":"[44b6_341df25f] after gap-closing (single-frame + gap2): 8576 nodes, 8289 edges\n"}
,{"stream_name":"stdout","time":3537.753410503,"data":"[44b6_341df25f] after division-geometry-filter+prune-isolated: 8576 nodes, 8289 edges\n"}
,{"stream_name":"stdout","time":3537.753420243,"data":"[44b6_341df25f] after short-track filtering: 8382 nodes, 8138 edges (components_removed = 43)\n"}
,{"stream_name":"stdout","time":3539.327424859,"data":"[44b6_341df25f] FINAL: 8382 nodes, 8138 edges\n"}
,{"stream_name":"stdout","time":3539.552002698,"data":"[6bba_062c8d37] after edge-filter+motion-relink: 5997 nodes, 5657 edges\n"}
,{"stream_name":"stdout","time":3545.270061719,"data":"[6bba_062c8d37] after safe-division repair: 6034 nodes, 5737 edges (geometric_candidates = 19, deepcenter_rejected = 12, post_veto_candidates = 7, added = 6, cap_skipped = 0, mutual_nn_rejected = 2, divergence_rejected = 54)\n"}
,{"stream_name":"stdout","time":3545.445297289,"data":"[6bba_062c8d37] after gap-closing (single-frame + gap2): 6050 nodes, 5761 edges\n"}
,{"stream_name":"stdout","time":3545.445324769,"data":"[6bba_062c8d37] after division-geometry-filter+prune-isolated: 6029 nodes, 5761 edges\n"}
,{"stream_name":"stdout","time":3545.445336541,"data":"[6bba_062c8d37] after short-track filtering: 5901 nodes, 5663 edges (components_removed = 30)\n"}
,{"stream_name":"stdout","time":3546.529921257,"data":"[6bba_062c8d37] FINAL: 5901 nodes, 5663 edges\n"}
,{"stream_name":"stdout","time":3546.733403682,"data":"[6bba_07e24132] after edge-filter+motion-relink: 29751 nodes, 27967 edges\n"}
,{"stream_name":"stdout","time":3581.605042278,"data":"[6bba_07e24132] after safe-division repair: 30024 nodes, 28523 edges (geometric_candidates = 135, deepcenter_rejected = 125, post_veto_candidates = 10, added = 10, cap_skipped = 0, mutual_nn_rejected = 106, divergence_rejected = 1262)\n"}
,{"stream_name":"stdout","time":3583.364431209,"data":"[6bba_07e24132] after gap-closing (single-frame + gap2): 30150 nodes, 28712 edges\n"}
,{"stream_name":"stdout","time":3583.364468588,"data":"[6bba_07e24132] after division-geometry-filter+prune-isolated: 30150 nodes, 28712 edges\n"}
,{"stream_name":"stdout","time":3583.364476132,"data":"[6bba_07e24132] after short-track filtering: 29061 nodes, 27866 edges (components_removed = 243)\n"}
,{"stream_name":"stdout","time":3588.819367442,"data":"[6bba_07e24132] FINAL: 29061 nodes, 27866 edges\n"}
,{"stream_name":"stdout","time":3589.102359555,"data":"[6bba_085bf656] after edge-filter+motion-relink: 8417 nodes, 8082 edges\n"}
,{"stream_name":"stdout","time":3595.872834034,"data":"[6bba_085bf656] after safe-division repair: 8431 nodes, 8114 edges (geometric_candidates = 22, deepcenter_rejected = 18, post_veto_candidates = 4, added = 4, cap_skipped = 0, mutual_nn_rejected = 4, divergence_rejected = 108)\n"}
,{"stream_name":"stdout","time":3595.872894758,"data":"[6bba_085bf656] after gap-closing (single-frame + gap2): 8437 nodes, 8123 edges\n"}
,{"stream_name":"stdout","time":3595.872902161,"data":"[6bba_085bf656] after division-geometry-filter+prune-isolated: 8434 nodes, 8123 edges\n"}
,{"stream_name":"stdout","time":3595.872906954,"data":"[6bba_085bf656] after short-track filtering: 8271 nodes, 7995 edges (components_removed = 35)\n"}
,{"stream_name":"stdout","time":3597.528680929,"data":"[6bba_085bf656] FINAL: 8271 nodes, 7995 edges\n"}
,{"stream_name":"stdout","time":3597.773799559,"data":"[6bba_09961292] after edge-filter+motion-relink: 29955 nodes, 28653 edges\n"}
,{"stream_name":"stdout","time":3623.639879413,"data":"[6bba_09961292] after safe-division repair: 30139 nodes, 29051 edges (geometric_candidates = 128, deepcenter_rejected = 92, post_veto_candidates = 36, added = 30, cap_skipped = 0, mutual_nn_rejected = 99, divergence_rejected = 1179)\n"}
,{"stream_name":"stdout","time":3625.069116272,"data":"[6bba_09961292] after gap-closing (single-frame + gap2): 30229 nodes, 29186 edges\n"}
,{"stream_name":"stdout","time":3625.069163572,"data":"[6bba_09961292] after division-geometry-filter+prune-isolated: 30229 nodes, 29186 edges\n"}
,{"stream_name":"stdout","time":3625.069170072,"data":"[6bba_09961292] after short-track filtering: 29659 nodes, 28746 edges (components_removed = 130)\n"}
,{"stream_name":"stdout","time":3630.854667298,"data":"[6bba_09961292] FINAL: 29659 nodes, 28746 edges\n"}
,{"stream_name":"stdout","time":3630.854707642,"data":"VALIDATOR candidate: bonus125 proxy = 0.979536 adjusted edge = 0.941074\n"}
,{"stream_name":"stdout","time":3631.347747201,"data":"[44b6_12dfb391] after edge-filter+motion-relink: 45351 nodes, 42870 edges\n"}
,{"stream_name":"stdout","time":3670.436681202,"data":"[44b6_12dfb391] after safe-division repair: 45918 nodes, 44038 edges (geometric_candidates = 186, deepcenter_rejected = 152, post_veto_candidates = 34, added = 34, cap_skipped = 0, mutual_nn_rejected = 69, divergence_rejected = 1764)\n"}
,{"stream_name":"stdout","time":3672.546779271,"data":"[44b6_12dfb391] after gap-closing (single-frame + gap2): 46068 nodes, 44263 edges\n"}
,{"stream_name":"stdout","time":3672.546819431,"data":"[44b6_12dfb391] after division-geometry-filter+prune-isolated: 46068 nodes, 44263 edges\n"}
,{"stream_name":"stdout","time":3672.546824206,"data":"[44b6_12dfb391] after short-track filtering: 44819 nodes, 43295 edges (components_removed = 281)\n"}
,{"stream_name":"stdout","time":3680.826011893,"data":"[44b6_12dfb391] FINAL: 44819 nodes, 43295 edges\n"}
,{"stream_name":"stdout","time":3681.269375341,"data":"[44b6_267148e4] after edge-filter+motion-relink: 22829 nodes, 21426 edges\n"}
,{"stream_name":"stdout","time":3720.093088341,"data":"[44b6_267148e4] after safe-division repair: 23000 nodes, 21799 edges (geometric_candidates = 231, deepcenter_rejected = 188, post_veto_candidates = 43, added = 31, cap_skipped = 0, mutual_nn_rejected = 131, divergence_rejected = 1098)\n"}
,{"stream_name":"stdout","time":3721.632106276,"data":"[44b6_267148e4] after gap-closing (single-frame + gap2): 23104 nodes, 21955 edges\n"}
,{"stream_name":"stdout","time":3721.632142855,"data":"[44b6_267148e4] after division-geometry-filter+prune-isolated: 23103 nodes, 21955 edges\n"}
,{"stream_name":"stdout","time":3721.632161403,"data":"[44b6_267148e4] after short-track filtering: 22307 nodes, 21336 edges (components_removed = 177)\n"}
,{"stream_name":"stdout","time":3725.751732749,"data":"[44b6_267148e4] FINAL: 22307 nodes, 21336 edges\n"}
,{"stream_name":"stdout","time":3726.102772718,"data":"[44b6_2a2eff9f] after edge-filter+motion-relink: 40928 nodes, 38160 edges\n"}
,{"stream_name":"stdout","time":3770.752233415,"data":"[44b6_2a2eff9f] after safe-division repair: 41387 nodes, 39123 edges (geometric_candidates = 355, deepcenter_rejected = 310, post_veto_candidates = 45, added = 45, cap_skipped = 0, mutual_nn_rejected = 90, divergence_rejected = 1931)\n"}
,{"stream_name":"stdout","time":3773.015646991,"data":"[44b6_2a2eff9f] after gap-closing (single-frame + gap2): 41547 nodes, 39363 edges\n"}
,{"stream_name":"stdout","time":3773.0156859,"data":"[44b6_2a2eff9f] after division-geometry-filter+prune-isolated: 41547 nodes, 39363 edges\n"}
,{"stream_name":"stdout","time":3773.015690453,"data":"[44b6_2a2eff9f] after short-track filtering: 39951 nodes, 38123 edges (components_removed = 356)\n"}
,{"stream_name":"stdout","time":3780.374517362,"data":"[44b6_2a2eff9f] FINAL: 39951 nodes, 38123 edges\n"}
,{"stream_name":"stdout","time":3780.374573633,"data":"[44b6_341df25f] after edge-filter+motion-relink: 8523 nodes, 8186 edges\n"}
,{"stream_name":"stdout","time":3793.224075285,"data":"[44b6_341df25f] after safe-division repair: 8546 nodes, 8244 edges (geometric_candidates = 40, deepcenter_rejected = 27, post_veto_candidates = 13, added = 12, cap_skipped = 0, mutual_nn_rejected = 5, divergence_rejected = 166)\n"}
,{"stream_name":"stdout","time":3793.719784754,"data":"[44b6_341df25f] after gap-closing (single-frame + gap2): 8576 nodes, 8289 edges\n"}
,{"stream_name":"stdout","time":3793.719826667,"data":"[44b6_341df25f] after division-geometry-filter+prune-isolated: 8576 nodes, 8289 edges\n"}
,{"stream_name":"stdout","time":3793.719831735,"data":"[44b6_341df25f] after short-track filtering: 8382 nodes, 8138 edges (components_removed = 43)\n"}
,{"stream_name":"stdout","time":3795.245452029,"data":"[44b6_341df25f] FINAL: 8382 nodes, 8138 edges\n"}
,{"stream_name":"stdout","time":3795.245487569,"data":"[6bba_062c8d37] after edge-filter+motion-relink: 5997 nodes, 5657 edges\n"}
,{"stream_name":"stdout","time":3801.047418078,"data":"[6bba_062c8d37] after safe-division repair: 6034 nodes, 5737 edges (geometric_candidates = 19, deepcenter_rejected = 12, post_veto_candidates = 7, added = 6, cap_skipped = 0, mutual_nn_rejected = 2, divergence_rejected = 54)\n"}
,{"stream_name":"stdout","time":3801.204119662,"data":"[6bba_062c8d37] after gap-closing (single-frame + gap2): 6050 nodes, 5761 edges\n"}
,{"stream_name":"stdout","time":3801.204145695,"data":"[6bba_062c8d37] after division-geometry-filter+prune-isolated: 6029 nodes, 5761 edges\n"}
,{"stream_name":"stdout","time":3801.204152337,"data":"[6bba_062c8d37] after short-track filtering: 5901 nodes, 5663 edges (components_removed = 30)\n"}
,{"stream_name":"stdout","time":3802.322228404,"data":"[6bba_062c8d37] FINAL: 5901 nodes, 5663 edges\n"}
,{"stream_name":"stdout","time":3802.541123976,"data":"[6bba_07e24132] after edge-filter+motion-relink: 29751 nodes, 27967 edges\n"}
,{"stream_name":"stdout","time":3837.747216616,"data":"[6bba_07e24132] after safe-division repair: 30024 nodes, 28523 edges (geometric_candidates = 135, deepcenter_rejected = 125, post_veto_candidates = 10, added = 10, cap_skipped = 0, mutual_nn_rejected = 106, divergence_rejected = 1262)\n"}
,{"stream_name":"stdout","time":3839.610594424,"data":"[6bba_07e24132] after gap-closing (single-frame + gap2): 30150 nodes, 28712 edges\n"}
,{"stream_name":"stdout","time":3839.610633047,"data":"[6bba_07e24132] after division-geometry-filter+prune-isolated: 30150 nodes, 28712 edges\n"}
,{"stream_name":"stdout","time":3839.610637115,"data":"[6bba_07e24132] after short-track filtering: 29061 nodes, 27866 edges (components_removed = 243)\n"}
,{"stream_name":"stdout","time":3845.087173948,"data":"[6bba_07e24132] FINAL: 29061 nodes, 27866 edges\n"}
,{"stream_name":"stdout","time":3845.087246083,"data":"[6bba_085bf656] after edge-filter+motion-relink: 8417 nodes, 8082 edges\n"}
,{"stream_name":"stdout","time":3851.978773256,"data":"[6bba_085bf656] after safe-division repair: 8431 nodes, 8114 edges (geometric_candidates = 22, deepcenter_rejected = 18, post_veto_candidates = 4, added = 4, cap_skipped = 0, mutual_nn_rejected = 4, divergence_rejected = 108)\n"}
,{"stream_name":"stdout","time":3851.978812991,"data":"[6bba_085bf656] after gap-closing (single-frame + gap2): 8437 nodes, 8123 edges\n"}
,{"stream_name":"stdout","time":3851.978816712,"data":"[6bba_085bf656] after division-geometry-filter+prune-isolated: 8434 nodes, 8123 edges\n"}
,{"stream_name":"stdout","time":3851.978819467,"data":"[6bba_085bf656] after short-track filtering: 8271 nodes, 7995 edges (components_removed = 35)\n"}
,{"stream_name":"stdout","time":3853.585768328,"data":"[6bba_085bf656] FINAL: 8271 nodes, 7995 edges\n"}
,{"stream_name":"stdout","time":3853.818313682,"data":"[6bba_09961292] after edge-filter+motion-relink: 29955 nodes, 28653 edges\n"}
,{"stream_name":"stdout","time":3879.484720434,"data":"[6bba_09961292] after safe-division repair: 30139 nodes, 29051 edges (geometric_candidates = 128, deepcenter_rejected = 92, post_veto_candidates = 36, added = 30, cap_skipped = 0, mutual_nn_rejected = 99, divergence_rejected = 1179)\n"}
,{"stream_name":"stdout","time":3880.974288202,"data":"[6bba_09961292] after gap-closing (single-frame + gap2): 30229 nodes, 29186 edges\n"}
,{"stream_name":"stdout","time":3880.974315042,"data":"[6bba_09961292] after division-geometry-filter+prune-isolated: 30229 nodes, 29186 edges\n"}
,{"stream_name":"stdout","time":3880.974321627,"data":"[6bba_09961292] after short-track filtering: 29659 nodes, 28746 edges (components_removed = 130)\n"}
,{"stream_name":"stdout","time":3886.386341586,"data":"[6bba_09961292] FINAL: 29659 nodes, 28746 edges\n"}
,{"stream_name":"stdout","time":3886.386384729,"data":"VALIDATOR candidate: gap2step40 proxy = 0.979536 adjusted edge = 0.941074\n"}
,{"stream_name":"stdout","time":3886.831875413,"data":"[44b6_12dfb391] after edge-filter+motion-relink: 45351 nodes, 42870 edges\n"}
,{"stream_name":"stdout","time":3926.271930115,"data":"[44b6_12dfb391] after safe-division repair: 45918 nodes, 44038 edges (geometric_candidates = 186, deepcenter_rejected = 152, post_veto_candidates = 34, added = 34, cap_skipped = 0, mutual_nn_rejected = 69, divergence_rejected = 1764)\n"}
,{"stream_name":"stdout","time":3928.491790737,"data":"[44b6_12dfb391] after gap-closing (single-frame + gap2): 46068 nodes, 44263 edges\n"}
,{"stream_name":"stdout","time":3928.491829265,"data":"[44b6_12dfb391] after division-geometry-filter+prune-isolated: 46068 nodes, 44263 edges\n"}
,{"stream_name":"stdout","time":3928.491835164,"data":"[44b6_12dfb391] after short-track filtering: 44819 nodes, 43295 edges (components_removed = 281)\n"}
,{"stream_name":"stdout","time":3936.669333777,"data":"[44b6_12dfb391] FINAL: 44819 nodes, 43295 edges\n"}
,{"stream_name":"stdout","time":3936.965088685,"data":"[44b6_267148e4] after edge-filter+motion-relink: 22829 nodes, 21426 edges\n"}
,{"stream_name":"stdout","time":3975.824442576,"data":"[44b6_267148e4] after safe-division repair: 23000 nodes, 21799 edges (geometric_candidates = 231, deepcenter_rejected = 188, post_veto_candidates = 43, added = 31, cap_skipped = 0, mutual_nn_rejected = 131, divergence_rejected = 1098)\n"}
,{"stream_name":"stdout","time":3977.284167602,"data":"[44b6_267148e4] after gap-closing (single-frame + gap2): 23104 nodes, 21955 edges\n"}
,{"stream_name":"stdout","time":3977.284206769,"data":"[44b6_267148e4] after division-geometry-filter+prune-isolated: 23103 nodes, 21955 edges\n"}
,{"stream_name":"stdout","time":3977.284212788,"data":"[44b6_267148e4] after short-track filtering: 22307 nodes, 21336 edges (components_removed = 177)\n"}
,{"stream_name":"stdout","time":3981.389438923,"data":"[44b6_267148e4] FINAL: 22307 nodes, 21336 edges\n"}
,{"stream_name":"stdout","time":3981.775452622,"data":"[44b6_2a2eff9f] after edge-filter+motion-relink: 40928 nodes, 38160 edges\n"}
,{"stream_name":"stdout","time":4026.467482828,"data":"[44b6_2a2eff9f] after safe-division repair: 41387 nodes, 39123 edges (geometric_candidates = 355, deepcenter_rejected = 310, post_veto_candidates = 45, added = 45, cap_skipped = 0, mutual_nn_rejected = 90, divergence_rejected = 1931)\n"}
,{"stream_name":"stdout","time":4028.657028707,"data":"[44b6_2a2eff9f] after gap-closing (single-frame + gap2): 41547 nodes, 39363 edges\n"}
,{"stream_name":"stdout","time":4028.657063834,"data":"[44b6_2a2eff9f] after division-geometry-filter+prune-isolated: 41547 nodes, 39363 edges\n"}
,{"stream_name":"stdout","time":4028.657069587,"data":"[44b6_2a2eff9f] after short-track filtering: 39951 nodes, 38123 edges (components_removed = 356)\n"}
,{"stream_name":"stdout","time":4036.001926615,"data":"[44b6_2a2eff9f] FINAL: 39951 nodes, 38123 edges\n"}
,{"stream_name":"stdout","time":4036.001986413,"data":"[44b6_341df25f] after edge-filter+motion-relink: 8523 nodes, 8186 edges\n"}
,{"stream_name":"stdout","time":4048.821494346,"data":"[44b6_341df25f] after safe-division repair: 8546 nodes, 8244 edges (geometric_candidates = 40, deepcenter_rejected = 27, post_veto_candidates = 13, added = 12, cap_skipped = 0, mutual_nn_rejected = 5, divergence_rejected = 166)\n"}
,{"stream_name":"stdout","time":4049.356860741,"data":"[44b6_341df25f] after gap-closing (single-frame + gap2): 8576 nodes, 8289 edges\n"}
,{"stream_name":"stdout","time":4049.35689401,"data":"[44b6_341df25f] after division-geometry-filter+prune-isolated: 8576 nodes, 8289 edges\n"}
,{"stream_name":"stdout","time":4049.356900048,"data":"[44b6_341df25f] after short-track filtering: 8382 nodes, 8138 edges (components_removed = 43)\n"}
,{"stream_name":"stdout","time":4050.845714606,"data":"[44b6_341df25f] FINAL: 8382 nodes, 8138 edges\n"}
,{"stream_name":"stdout","time":4050.845746513,"data":"[6bba_062c8d37] after edge-filter+motion-relink: 5997 nodes, 5657 edges\n"}
,{"stream_name":"stdout","time":4056.685651009,"data":"[6bba_062c8d37] after safe-division repair: 6034 nodes, 5737 edges (geometric_candidates = 19, deepcenter_rejected = 12, post_veto_candidates = 7, added = 6, cap_skipped = 0, mutual_nn_rejected = 2, divergence_rejected = 54)\n"}
,{"stream_name":"stdout","time":4056.801727382,"data":"[6bba_062c8d37] after gap-closing (single-frame + gap2): 6050 nodes, 5761 edges\n"}
,{"stream_name":"stdout","time":4056.801778382,"data":"[6bba_062c8d37] after division-geometry-filter+prune-isolated: 6029 nodes, 5761 edges\n"}
,{"stream_name":"stdout","time":4056.801785697,"data":"[6bba_062c8d37] after short-track filtering: 5901 nodes, 5663 edges (components_removed = 30)\n"}
,{"stream_name":"stdout","time":4057.88690885,"data":"[6bba_062c8d37] FINAL: 5901 nodes, 5663 edges\n"}
,{"stream_name":"stdout","time":4058.095214205,"data":"[6bba_07e24132] after edge-filter+motion-relink: 29751 nodes, 27967 edges\n"}
,{"stream_name":"stdout","time":4093.175850714,"data":"[6bba_07e24132] after safe-division repair: 30024 nodes, 28523 edges (geometric_candidates = 135, deepcenter_rejected = 125, post_veto_candidates = 10, added = 10, cap_skipped = 0, mutual_nn_rejected = 106, divergence_rejected = 1262)\n"}
,{"stream_name":"stdout","time":4095.120825904,"data":"[6bba_07e24132] after gap-closing (single-frame + gap2): 30150 nodes, 28712 edges\n"}
,{"stream_name":"stdout","time":4095.120867102,"data":"[6bba_07e24132] after division-geometry-filter+prune-isolated: 30150 nodes, 28712 edges\n"}
,{"stream_name":"stdout","time":4095.120872252,"data":"[6bba_07e24132] after short-track filtering: 29061 nodes, 27866 edges (components_removed = 243)\n"}
,{"stream_name":"stdout","time":4100.514139873,"data":"[6bba_07e24132] FINAL: 29061 nodes, 27866 edges\n"}
,{"stream_name":"stdout","time":4100.514175219,"data":"[6bba_085bf656] after edge-filter+motion-relink: 8417 nodes, 8082 edges\n"}
,{"stream_name":"stdout","time":4107.462305168,"data":"[6bba_085bf656] after safe-division repair: 8431 nodes, 8114 edges (geometric_candidates = 22, deepcenter_rejected = 18, post_veto_candidates = 4, added = 4, cap_skipped = 0, mutual_nn_rejected = 4, divergence_rejected = 108)\n"}
,{"stream_name":"stdout","time":4107.462347214,"data":"[6bba_085bf656] after gap-closing (single-frame + gap2): 8437 nodes, 8123 edges\n"}
,{"stream_name":"stdout","time":4107.462352363,"data":"[6bba_085bf656] after division-geometry-filter+prune-isolated: 8434 nodes, 8123 edges\n"}
,{"stream_name":"stdout","time":4107.462356143,"data":"[6bba_085bf656] after short-track filtering: 8271 nodes, 7995 edges (components_removed = 35)\n"}
,{"stream_name":"stdout","time":4109.112352091,"data":"[6bba_085bf656] FINAL: 8271 nodes, 7995 edges\n"}
,{"stream_name":"stdout","time":4109.338709667,"data":"[6bba_09961292] after edge-filter+motion-relink: 29955 nodes, 28653 edges\n"}
,{"stream_name":"stdout","time":4135.279898399,"data":"[6bba_09961292] after safe-division repair: 30139 nodes, 29051 edges (geometric_candidates = 128, deepcenter_rejected = 92, post_veto_candidates = 36, added = 30, cap_skipped = 0, mutual_nn_rejected = 99, divergence_rejected = 1179)\n"}
,{"stream_name":"stdout","time":4136.616974506,"data":"[6bba_09961292] after gap-closing (single-frame + gap2): 30229 nodes, 29186 edges\n"}
,{"stream_name":"stdout","time":4136.617009028,"data":"[6bba_09961292] after division-geometry-filter+prune-isolated: 30229 nodes, 29186 edges\n"}
,{"stream_name":"stdout","time":4136.617019297,"data":"[6bba_09961292] after short-track filtering: 29659 nodes, 28746 edges (components_removed = 130)\n"}
,{"stream_name":"stdout","time":4142.833435648,"data":"[6bba_09961292] FINAL: 29659 nodes, 28746 edges\n"}
,{"stream_name":"stdout","time":4142.833483746,"data":"VALIDATOR candidate: reuse28 proxy = 0.979536 adjusted edge = 0.941074\n"}
,{"stream_name":"stdout","time":4143.329118021,"data":"[44b6_12dfb391] after edge-filter+motion-relink: 45351 nodes, 42870 edges\n"}
,{"stream_name":"stdout","time":4183.237354543,"data":"[44b6_12dfb391] after safe-division repair: 45904 nodes, 44010 edges (geometric_candidates = 187, deepcenter_rejected = 153, post_veto_candidates = 34, added = 34, cap_skipped = 0, mutual_nn_rejected = 70, divergence_rejected = 1776)\n"}
,{"stream_name":"stdout","time":4185.650849058,"data":"[44b6_12dfb391] after gap-closing (single-frame + gap2): 46054 nodes, 44235 edges\n"}
,{"stream_name":"stdout","time":4185.650890996,"data":"[44b6_12dfb391] after division-geometry-filter+prune-isolated: 46054 nodes, 44235 edges\n"}
,{"stream_name":"stdout","time":4185.650897678,"data":"[44b6_12dfb391] after short-track filtering: 44787 nodes, 43253 edges (components_removed = 285)\n"}
,{"stream_name":"stdout","time":4194.969451027,"data":"[44b6_12dfb391] FINAL: 44787 nodes, 43253 edges\n"}
,{"stream_name":"stdout","time":4195.355026422,"data":"[44b6_267148e4] after edge-filter+motion-relink: 22829 nodes, 21426 edges\n"}
,{"stream_name":"stdout","time":4234.941997046,"data":"[44b6_267148e4] after safe-division repair: 22988 nodes, 21774 edges (geometric_candidates = 225, deepcenter_rejected = 188, post_veto_candidates = 37, added = 30, cap_skipped = 0, mutual_nn_rejected = 133, divergence_rejected = 1111)\n"}
,{"stream_name":"stdout","time":4236.689539339,"data":"[44b6_267148e4] after gap-closing (single-frame + gap2): 23094 nodes, 21933 edges\n"}
,{"stream_name":"stdout","time":4236.689577157,"data":"[44b6_267148e4] after division-geometry-filter+prune-isolated: 23093 nodes, 21933 edges\n"}
,{"stream_name":"stdout","time":4236.689602747,"data":"[44b6_267148e4] after short-track filtering: 22289 nodes, 21308 edges (components_removed = 179)\n"}
,{"stream_name":"stdout","time":4241.476704698,"data":"[44b6_267148e4] FINAL: 22289 nodes, 21308 edges\n"}
,{"stream_name":"stdout","time":4241.901772381,"data":"[44b6_2a2eff9f] after edge-filter+motion-relink: 40928 nodes, 38160 edges\n"}
,{"stream_name":"stdout","time":4287.375470012,"data":"[44b6_2a2eff9f] after safe-division repair: 41369 nodes, 39087 edges (geometric_candidates = 358, deepcenter_rejected = 313, post_veto_candidates = 45, added = 45, cap_skipped = 0, mutual_nn_rejected = 90, divergence_rejected = 1954)\n"}
,{"stream_name":"stdout","time":4289.691360237,"data":"[44b6_2a2eff9f] after gap-closing (single-frame + gap2): 41529 nodes, 39327 edges\n"}
,{"stream_name":"stdout","time":4289.691404294,"data":"[44b6_2a2eff9f] after division-geometry-filter+prune-isolated: 41529 nodes, 39327 edges\n"}
,{"stream_name":"stdout","time":4289.691431999,"data":"[44b6_2a2eff9f] after short-track filtering: 39898 nodes, 38060 edges (components_removed = 364)\n"}
,{"stream_name":"stdout","time":4297.550647646,"data":"[44b6_2a2eff9f] FINAL: 39898 nodes, 38060 edges\n"}
,{"stream_name":"stdout","time":4297.550701723,"data":"[44b6_341df25f] after edge-filter+motion-relink: 8523 nodes, 8186 edges\n"}
,{"stream_name":"stdout","time":4310.550781009,"data":"[44b6_341df25f] after safe-division repair: 8546 nodes, 8244 edges (geometric_candidates = 40, deepcenter_rejected = 27, post_veto_candidates = 13, added = 12, cap_skipped = 0, mutual_nn_rejected = 5, divergence_rejected = 166)\n"}
,{"stream_name":"stdout","time":4311.146486227,"data":"[44b6_341df25f] after gap-closing (single-frame + gap2): 8576 nodes, 8289 edges\n"}
,{"stream_name":"stdout","time":4311.146522278,"data":"[44b6_341df25f] after division-geometry-filter+prune-isolated: 8576 nodes, 8289 edges\n"}
,{"stream_name":"stdout","time":4311.146526427,"data":"[44b6_341df25f] after short-track filtering: 8382 nodes, 8138 edges (components_removed = 43)\n"}
,{"stream_name":"stdout","time":4312.967373887,"data":"[44b6_341df25f] FINAL: 8382 nodes, 8138 edges\n"}
,{"stream_name":"stdout","time":4312.967423519,"data":"[6bba_062c8d37] after edge-filter+motion-relink: 5997 nodes, 5657 edges\n"}
,{"stream_name":"stdout","time":4318.800928663,"data":"[6bba_062c8d37] after safe-division repair: 6034 nodes, 5737 edges (geometric_candidates = 19, deepcenter_rejected = 12, post_veto_candidates = 7, added = 6, cap_skipped = 0, mutual_nn_rejected = 2, divergence_rejected = 54)\n"}
,{"stream_name":"stdout","time":4319.00246403,"data":"[6bba_062c8d37] after gap-closing (single-frame + gap2): 6050 nodes, 5761 edges\n"}
,{"stream_name":"stdout","time":4319.002502339,"data":"[6bba_062c8d37] after division-geometry-filter+prune-isolated: 6029 nodes, 5761 edges\n"}
,{"stream_name":"stdout","time":4319.002509741,"data":"[6bba_062c8d37] after short-track filtering: 5901 nodes, 5663 edges (components_removed = 30)\n"}
,{"stream_name":"stdout","time":4320.1630514,"data":"[6bba_062c8d37] FINAL: 5901 nodes, 5663 edges\n"}
,{"stream_name":"stdout","time":4320.43636286,"data":"[6bba_07e24132] after edge-filter+motion-relink: 29751 nodes, 27967 edges\n"}
,{"stream_name":"stdout","time":4355.937386674,"data":"[6bba_07e24132] after safe-division repair: 30022 nodes, 28519 edges (geometric_candidates = 135, deepcenter_rejected = 125, post_veto_candidates = 10, added = 10, cap_skipped = 0, mutual_nn_rejected = 106, divergence_rejected = 1265)\n"}
,{"stream_name":"stdout","time":4357.966542915,"data":"[6bba_07e24132] after gap-closing (single-frame + gap2): 30148 nodes, 28708 edges\n"}
,{"stream_name":"stdout","time":4357.966599482,"data":"[6bba_07e24132] after division-geometry-filter+prune-isolated: 30148 nodes, 28708 edges\n"}
,{"stream_name":"stdout","time":4357.966606705,"data":"[6bba_07e24132] after short-track filtering: 29049 nodes, 27854 edges (components_removed = 245)\n"}
,{"stream_name":"stdout","time":4363.700586198,"data":"[6bba_07e24132] FINAL: 29049 nodes, 27854 edges\n"}
,{"stream_name":"stdout","time":4363.70062648,"data":"[6bba_085bf656] after edge-filter+motion-relink: 8417 nodes, 8082 edges\n"}
,{"stream_name":"stdout","time":4370.656644596,"data":"[6bba_085bf656] after safe-division repair: 8431 nodes, 8114 edges (geometric_candidates = 22, deepcenter_rejected = 18, post_veto_candidates = 4, added = 4, cap_skipped = 0, mutual_nn_rejected = 4, divergence_rejected = 108)\n"}
,{"stream_name":"stdout","time":4370.656699664,"data":"[6bba_085bf656] after gap-closing (single-frame + gap2): 8437 nodes, 8123 edges\n"}
,{"stream_name":"stdout","time":4370.656707152,"data":"[6bba_085bf656] after division-geometry-filter+prune-isolated: 8434 nodes, 8123 edges\n"}
,{"stream_name":"stdout","time":4370.656712968,"data":"[6bba_085bf656] after short-track filtering: 8271 nodes, 7995 edges (components_removed = 35)\n"}
,{"stream_name":"stdout","time":4372.387189171,"data":"[6bba_085bf656] FINAL: 8271 nodes, 7995 edges\n"}
,{"stream_name":"stdout","time":4372.64687631,"data":"[6bba_09961292] after edge-filter+motion-relink: 29955 nodes, 28653 edges\n"}
,{"stream_name":"stdout","time":4398.612642406,"data":"[6bba_09961292] after safe-division repair: 30134 nodes, 29040 edges (geometric_candidates = 126, deepcenter_rejected = 91, post_veto_candidates = 35, added = 29, cap_skipped = 0, mutual_nn_rejected = 100, divergence_rejected = 1189)\n"}
,{"stream_name":"stdout","time":4400.163093501,"data":"[6bba_09961292] after gap-closing (single-frame + gap2): 30226 nodes, 29178 edges\n"}
,{"stream_name":"stdout","time":4400.1631419,"data":"[6bba_09961292] after division-geometry-filter+prune-isolated: 30226 nodes, 29178 edges\n"}
,{"stream_name":"stdout","time":4400.163146875,"data":"[6bba_09961292] after short-track filtering: 29654 nodes, 28737 edges (components_removed = 131)\n"}
,{"stream_name":"stdout","time":4406.079096571,"data":"[6bba_09961292] FINAL: 29654 nodes, 28737 edges\n"}
,{"stream_name":"stdout","time":4406.079137131,"data":"VALIDATOR candidate: dcgap035 proxy = 0.97955 adjusted edge = 0.941089\n"}
,{"stream_name":"stdout","time":4406.079143528,"data":"VALIDATOR selected config: base {}\n"}
,{"stream_name":"stdout","time":4406.542323657,"data":"VALIDATOR final submission rows: 239107\n"}
,{"stream_name":"stdout","time":4406.542358868,"data":"VALIDATOR final config: base\n"}
,{"stream_name":"stdout","time":4407.133806615,"data":"{\n"}
,{"stream_name":"stdout","time":4407.133840307,"data":"  \"configuration\": {\n"}
,{"stream_name":"stdout","time":4407.133851314,"data":"    \"bidirectional_primary_weight\": 0.15,\n"}
,{"stream_name":"stdout","time":4407.133856512,"data":"    \"deepcenter_gap_confirm_min_span_um\": 8.5,\n"}
,{"stream_name":"stdout","time":4407.133861501,"data":"    \"deepcenter_gap_threshold\": 0.25,\n"}
,{"stream_name":"stdout","time":4407.133866364,"data":"    \"deepcenter_safe_div_threshold\": 0.2,\n"}
,{"stream_name":"stdout","time":4407.133871838,"data":"    \"deepcenter_tta\": true,\n"}
,{"stream_name":"stdout","time":4407.133876228,"data":"    \"detector_threshold\": 0.965,\n"}
,{"stream_name":"stdout","time":4407.133880463,"data":"    \"edge_candidate_threshold\": 0.48,\n"}
,{"stream_name":"stdout","time":4407.13388471,"data":"    \"fallback_scope\": \"individual_frame\",\n"}
,{"stream_name":"stdout","time":4407.13390203,"data":"    \"gap_close_um\": 5.0,\n"}
,{"stream_name":"stdout","time":4407.133921185,"data":"    \"ilp_appearance_weight\": 0.0,\n"}
,{"stream_name":"stdout","time":4407.13392616,"data":"    \"ilp_disappearance_weight\": 2.0,\n"}
,{"stream_name":"stdout","time":4407.133929525,"data":"    \"minimum_candidate_retention\": 0.9,\n"}
,{"stream_name":"stdout","time":4407.133933154,"data":"    \"safe_div_max_um\": 9.0,\n"}
,{"stream_name":"stdout","time":4407.133936397,"data":"    \"safe_div_sister_max_um\": 14.0,\n"}
,{"stream_name":"stdout","time":4407.13393984,"data":"    \"safe_div_sister_symmetry_tau\": 0.6,\n"}
,{"stream_name":"stdout","time":4407.13394436,"data":"    \"secondary_detection_weight\": 0.8,\n"}
,{"stream_name":"stdout","time":4407.133948039,"data":"    \"secondary_edge_feature_tta\": true,\n"}
,{"stream_name":"stdout","time":4407.133966332,"data":"    \"secondary_edge_feature_tta_weight\": 0.75,\n"}
,{"stream_name":"stdout","time":4407.133970128,"data":"    \"secondary_edge_weight\": 0.15,\n"}
,{"stream_name":"stdout","time":4407.13397342,"data":"    \"secondary_link_mode\": \"low_margin_consensus\",\n"}
,{"stream_name":"stdout","time":4407.133976818,"data":"    \"secondary_low_margin_max\": 0.35\n"}
,{"stream_name":"stdout","time":4407.133980148,"data":"  },\n"}
,{"stream_name":"stdout","time":4407.13398318,"data":"  \"diagnostics\": {\n"}
,{"stream_name":"stdout","time":4407.133986487,"data":"    \"by_movie\": {\n"}
,{"stream_name":"stdout","time":4407.133990083,"data":"      \"44b6_0113de3b\": {\n"}
,{"stream_name":"stdout","time":4407.13399328,"data":"        \"fallback_frames\": 0,\n"}
,{"stream_name":"stdout","time":4407.13399707,"data":"        \"frames\": 100,\n"}
,{"stream_name":"stdout","time":4407.134001057,"data":"        \"median_retention\": 1.0118578927634045,\n"}
,{"stream_name":"stdout","time":4407.134004568,"data":"        \"minimum_retention\": 0.9926739926739927\n"}
,{"stream_name":"stdout","time":4407.134008041,"data":"      },\n"}
,{"stream_name":"stdout","time":4407.134011043,"data":"      \"44b6_0b24845f\": {\n"}
,{"stream_name":"stdout","time":4407.134014601,"data":"        \"fallback_frames\": 64,\n"}
,{"stream_name":"stdout","time":4407.134018173,"data":"        \"frames\": 100,\n"}
,{"stream_name":"stdout","time":4407.134021727,"data":"        \"median_retention\": 0.8618514846811123,\n"}
,{"stream_name":"stdout","time":4407.13402516,"data":"        \"minimum_retention\": 0.45307443365695793\n"}
,{"stream_name":"stdout","time":4407.134028693,"data":"      },\n"}
,{"stream_name":"stdout","time":4407.134031945,"data":"      \"6bba_05b6850b\": {\n"}
,{"stream_name":"stdout","time":4407.134036237,"data":"        \"fallback_frames\": 1,\n"}
,{"stream_name":"stdout","time":4407.13403985,"data":"        \"frames\": 100,\n"}
,{"stream_name":"stdout","time":4407.134043115,"data":"        \"median_retention\": 1.0137012012012012,\n"}
,{"stream_name":"stdout","time":4407.134046527,"data":"        \"minimum_retention\": 0.8918918918918919\n"}
,{"stream_name":"stdout","time":4407.134049848,"data":"      },\n"}
,{"stream_name":"stdout","time":4407.134052878,"data":"      \"6bba_05db0fb1\": {\n"}
,{"stream_name":"stdout","time":4407.134056253,"data":"        \"fallback_frames\": 0,\n"}
,{"stream_name":"stdout","time":4407.134059521,"data":"        \"frames\": 100,\n"}
,{"stream_name":"stdout","time":4407.134063877,"data":"        \"median_retention\": 1.0110725229826354,\n"}
,{"stream_name":"stdout","time":4407.134068062,"data":"        \"minimum_retention\": 0.9715142428785607\n"}
,{"stream_name":"stdout","time":4407.13407149,"data":"      }\n"}
,{"stream_name":"stdout","time":4407.134074605,"data":"    },\n"}
,{"stream_name":"stdout","time":4407.13408545,"data":"    \"fallback_frames\": 65,\n"}
,{"stream_name":"stdout","time":4407.134089367,"data":"    \"rows\": 400\n"}
,{"stream_name":"stdout","time":4407.13409311,"data":"  },\n"}
,{"stream_name":"stdout","time":4407.1340969,"data":"  \"experiment\": \"secondary_deepcenter_tta_0947_v1\",\n"}
,{"stream_name":"stdout","time":4407.134100606,"data":"  \"hardware\": {\n"}
,{"stream_name":"stdout","time":4407.13410402,"data":"    \"visible_gpu_count\": 2\n"}
,{"stream_name":"stdout","time":4407.134107458,"data":"  },\n"}
,{"stream_name":"stdout","time":4407.134110733,"data":"  \"leaderboard_feedback_used_for_configuration\": true,\n"}
,{"stream_name":"stdout","time":4407.134121263,"data":"  \"method_attribution\": \"0.933 fixed-90 dual-seed baseline -\u003e 0.934 harmonic mutual-support fusion -\u003e 0.939 wider divisions and calmer fusion -\u003e 0.941 repair-threshold adaptation -\u003e 0.946 primary edge-feature TTA + held-out post-process selection -\u003e 0.947 secondary feature TTA + DeepCenter TTA\",\n"}
,{"stream_name":"stdout","time":4407.134127701,"data":"  \"metric_hack_used\": false,\n"}
,{"stream_name":"stdout","time":4407.13413136,"data":"  \"organizer_labels_used_for_configuration\": false,\n"}
,{"stream_name":"stdout","time":4407.134134923,"data":"  \"parent_experiment\": \"edge_feature_tta_0946_v1\",\n"}
,{"stream_name":"stdout","time":4407.134138389,"data":"  \"public_output_used\": false,\n"}
,{"stream_name":"stdout","time":4407.134141681,"data":"  \"quality_promotion\": {\n"}
,{"stream_name":"stdout","time":4407.134145172,"data":"    \"required_condition\": \"none\",\n"}
,{"stream_name":"stdout","time":4407.134148956,"data":"    \"status\": \"verified_public_lb_0947\",\n"}
,{"stream_name":"stdout","time":4407.134153379,"data":"    \"validated_receipt_sha256\": null\n"}
,{"stream_name":"stdout","time":4407.134157113,"data":"  },\n"}
,{"stream_name":"stdout","time":4407.134160736,"data":"  \"source_kernel\": \"raykkretzschmar/biohub-bidirectional-primary-union13-diagnostic-v1\",\n"}
,{"stream_name":"stdout","time":4407.134164775,"data":"  \"source_notebook_sha256\": \"3e65ca691941949196bf417030ea84fccafe16baaec174b2a63540451bb937e8\",\n"}
,{"stream_name":"stdout","time":4407.134168538,"data":"  \"status\": \"verified_public_lb_0947\",\n"}
,{"stream_name":"stdout","time":4407.134173025,"data":"  \"submission\": {\n"}
,{"stream_name":"stdout","time":4407.134177198,"data":"    \"datasets\": [\n"}
,{"stream_name":"stdout","time":4407.134180588,"data":"      \"44b6_0113de3b\",\n"}
,{"stream_name":"stdout","time":4407.134183963,"data":"      \"44b6_0b24845f\",\n"}
,{"stream_name":"stdout","time":4407.134187368,"data":"      \"6bba_05b6850b\",\n"}
,{"stream_name":"stdout","time":4407.134190653,"data":"      \"6bba_05db0fb1\"\n"}
,{"stream_name":"stdout","time":4407.134195613,"data":"    ],\n"}
,{"stream_name":"stdout","time":4407.134202528,"data":"    \"rows\": 239107,\n"}
,{"stream_name":"stdout","time":4407.134204929,"data":"    \"sha256\": \"ed10542ec66a68151fd959a1d71b09b1834fc530ac5e36787714ebb322b22697\"\n"}
,{"stream_name":"stdout","time":4407.134207513,"data":"  },\n"}
,{"stream_name":"stdout","time":4407.134209737,"data":"  \"topology\": {\n"}
,{"stream_name":"stdout","time":4407.134211955,"data":"    \"44b6_0113de3b\": {\n"}
,{"stream_name":"stdout","time":4407.13421417,"data":"      \"division_parents\": 49,\n"}
,{"stream_name":"stdout","time":4407.134216396,"data":"      \"edges\": 24979,\n"}
,{"stream_name":"stdout","time":4407.134218723,"data":"      \"max_indegree\": 1,\n"}
,{"stream_name":"stdout","time":4407.134220951,"data":"      \"max_outdegree\": 2,\n"}
,{"stream_name":"stdout","time":4407.134227501,"data":"      \"nodes\": 25648\n"}
,{"stream_name":"stdout","time":4407.134229842,"data":"    },\n"}
,{"stream_name":"stdout","time":4407.134232008,"data":"    \"44b6_0b24845f\": {\n"}
,{"stream_name":"stdout","time":4407.13423426,"data":"      \"division_parents\": 30,\n"}
,{"stream_name":"stdout","time":4407.134236938,"data":"      \"edges\": 19078,\n"}
,{"stream_name":"stdout","time":4407.13423916,"data":"      \"max_indegree\": 1,\n"}
,{"stream_name":"stdout","time":4407.134241417,"data":"      \"max_outdegree\": 2,\n"}
,{"stream_name":"stdout","time":4407.134243747,"data":"      \"nodes\": 20499\n"}
,{"stream_name":"stdout","time":4407.134245963,"data":"    },\n"}
,{"stream_name":"stdout","time":4407.134248103,"data":"    \"6bba_05b6850b\": {\n"}
,{"stream_name":"stdout","time":4407.13425032,"data":"      \"division_parents\": 10,\n"}
,{"stream_name":"stdout","time":4407.134252571,"data":"      \"edges\": 5902,\n"}
,{"stream_name":"stdout","time":4407.134254765,"data":"      \"max_indegree\": 1,\n"}
,{"stream_name":"stdout","time":4407.134256989,"data":"      \"max_outdegree\": 2,\n"}
,{"stream_name":"stdout","time":4407.134259259,"data":"      \"nodes\": 6106\n"}
,{"stream_name":"stdout","time":4407.134261488,"data":"    },\n"}
,{"stream_name":"stdout","time":4407.134263713,"data":"    \"6bba_05db0fb1\": {\n"}
,{"stream_name":"stdout","time":4407.134265939,"data":"      \"division_parents\": 48,\n"}
,{"stream_name":"stdout","time":4407.134268184,"data":"      \"edges\": 67145,\n"}
,{"stream_name":"stdout","time":4407.134273362,"data":"      \"max_indegree\": 1,\n"}
,{"stream_name":"stdout","time":4407.134275681,"data":"      \"max_outdegree\": 2,\n"}
,{"stream_name":"stdout","time":4407.134277903,"data":"      \"nodes\": 69750\n"}
,{"stream_name":"stdout","time":4407.134280173,"data":"    }\n"}
,{"stream_name":"stdout","time":4407.134282317,"data":"  }\n"}
,{"stream_name":"stdout","time":4407.134284471,"data":"}\n"}
,{"stream_name":"stdout","time":4407.13428666,"data":"PRODUCTION SUBMISSION PIPELINE: COMPLETE\n"}
,{"stream_name":"stdout","time":4407.134288959,"data":"Submission path: /kaggle/working/submission.csv\n"}
,{"stream_name":"stdout","time":4407.1342914,"data":"Verified progression preserved: 0.933 -\u003e 0.934 -\u003e 0.939 -\u003e 0.941 -\u003e 0.946 -\u003e 0.947\n"}
,{"stream_name":"stderr","time":4413.133381611,"data":"/usr/local/lib/python3.12/dist-packages/mistune.py:435: SyntaxWarning: invalid escape sequence '\\|'\n"}
,{"stream_name":"stderr","time":4413.133416433,"data":"  cells[i][c] = re.sub('\\\\\\\\\\|', '|', cell)\n"}
,{"stream_name":"stderr","time":4413.268629937,"data":"/usr/local/lib/python3.12/dist-packages/nbconvert/filters/filter_links.py:36: SyntaxWarning: invalid escape sequence '\\_'\n"}
,{"stream_name":"stderr","time":4413.26865939,"data":"  text = re.sub(r'_', '\\_', text) # Escape underscores in display text\n"}
,{"stream_name":"stderr","time":4413.969079937,"data":"[NbConvertApp] Converting notebook __notebook__.ipynb to notebook\n"}
,{"stream_name":"stderr","time":4414.608449419,"data":"[NbConvertApp] Writing 580666 bytes to __notebook__.ipynb\n"}
,{"stream_name":"stderr","time":4417.116504421,"data":"[NbConvertApp] Converting notebook __notebook__.ipynb to html\n"}
,{"stream_name":"stderr","time":4418.714665684,"data":"[NbConvertApp] Writing 1514055 bytes to __results__.html\n"}
]